feature,feature_name,max_abs_weight_score
F5344,feature_5344,0.17907895147800446
F788,feature_788,0.17827185988426208
F6336,feature_6336,0.17825965583324432
F6176,feature_6176,0.17553669214248657
F3785,feature_3785,0.17393028736114502
F787,feature_787,0.1738823801279068
F867,feature_867,0.1724720299243927
F4881,feature_4881,0.17204342782497406
F6255,feature_6255,0.1674766093492508
F6256,feature_6256,0.16730602085590363
F6337,feature_6337,0.16688130795955658
F4961,feature_4961,0.16655831038951874
F1055,feature_1055,0.16608816385269165
F1534,feature_1534,0.16546328365802765
F5131,feature_5131,0.16522277891635895
F2806,feature_2806,0.1648833453655243
F5505,feature_5505,0.1638437956571579
F6089,feature_6089,0.16381481289863586
F6173,feature_6173,0.16373229026794434
F5761,feature_5761,0.16075368225574493
F5681,feature_5681,0.16059443354606628
F700,feature_700,0.16042616963386536
F2090,feature_2090,0.1602175384759903
F5051,feature_5051,0.15967176854610443
F710,feature_710,0.15951329469680786
F5411,feature_5411,0.15869808197021484
F5061,feature_5061,0.15824639797210693
F6335,feature_6335,0.158201202750206
F1533,feature_1533,0.15786419808864594
F5133,feature_5133,0.15786321461200714
F6084,feature_6084,0.15712791681289673
F6177,feature_6177,0.1569673717021942
F550,feature_550,0.15637482702732086
F1693,feature_1693,0.15625372529029846
F1613,feature_1613,0.15624676644802094
F785,feature_785,0.15536248683929443
F2727,feature_2727,0.1547081470489502
F6091,feature_6091,0.15444642305374146
F6244,feature_6244,0.154266357421875
F2290,feature_2290,0.15376201272010803
F472,feature_472,0.1536392718553543
F6174,feature_6174,0.1535126268863678
F5765,feature_5765,0.15348787605762482
F5762,feature_5762,0.15347345173358917
F927,feature_927,0.153278186917305
F6241,feature_6241,0.15289345383644104
F2807,feature_2807,0.15275736153125763
F5845,feature_5845,0.1525363177061081
F2726,feature_2726,0.1522516906261444
F549,feature_549,0.15201514959335327
F868,feature_868,0.15168601274490356
F5763,feature_5763,0.15096226334571838
F929,feature_929,0.15065370500087738
F6094,feature_6094,0.1502477079629898
F6332,feature_6332,0.14994339644908905
F1860,feature_1860,0.14978446066379547
F2326,feature_2326,0.14972548186779022
F5744,feature_5744,0.14963430166244507
F5582,feature_5582,0.14959916472434998
F552,feature_552,0.14930157363414764
F5777,feature_5777,0.14927291870117188
F5663,feature_5663,0.1491871029138565
F5924,feature_5924,0.1489802449941635
F554,feature_554,0.14868633449077606
F6338,feature_6338,0.14865835011005402
F2900,feature_2900,0.14847944676876068
F6250,feature_6250,0.14834783971309662
F378,feature_378,0.14831246435642242
F5844,feature_5844,0.14826038479804993
F2012,feature_2012,0.14811861515045166
F6253,feature_6253,0.14809492230415344
F5921,feature_5921,0.14786215126514435
F2567,feature_2567,0.14771699905395508
F5058,feature_5058,0.14771273732185364
F541,feature_541,0.14760933816432953
F2649,feature_2649,0.1475805789232254
F534,feature_534,0.1475631296634674
F3636,feature_3636,0.1475086808204651
F3361,feature_3361,0.1474459022283554
F2729,feature_2729,0.14740526676177979
F6331,feature_6331,0.14716607332229614
F5682,feature_5682,0.14707253873348236
F6341,feature_6341,0.147018700838089
F6175,feature_6175,0.14701738953590393
F6085,feature_6085,0.1468682736158371
F702,feature_702,0.14665426313877106
F5856,feature_5856,0.14641988277435303
F220,feature_220,0.14636313915252686
F6166,feature_6166,0.1463618129491806
F6339,feature_6339,0.14594122767448425
F6323,feature_6323,0.14593400061130524
F2087,feature_2087,0.14554792642593384
F5923,feature_5923,0.14550097286701202
F5471,feature_5471,0.14545363187789917
F5304,feature_5304,0.14535827934741974
F553,feature_553,0.1452600508928299
F536,feature_536,0.1451055407524109
F6334,feature_6334,0.14486323297023773
F865,feature_865,0.14484760165214539
F709,feature_709,0.144828662276268
F3871,feature_3871,0.14452320337295532
F5935,feature_5935,0.14450152218341827
F6081,feature_6081,0.14440256357192993
F2246,feature_2246,0.1443934589624405
F6169,feature_6169,0.14430099725723267
F5213,feature_5213,0.14425189793109894
F5293,feature_5293,0.14423084259033203
F3866,feature_3866,0.14420980215072632
F1930,feature_1930,0.14415746927261353
F6257,feature_6257,0.14410991966724396
F1149,feature_1149,0.14387886226177216
F616,feature_616,0.14385952055454254
F5706,feature_5706,0.14381776750087738
F304,feature_304,0.1438090056180954
F628,feature_628,0.14356401562690735
F6096,feature_6096,0.14351700246334076
F6009,feature_6009,0.14339551329612732
F5301,feature_5301,0.14335915446281433
F6242,feature_6242,0.14323115348815918
F5043,feature_5043,0.14283984899520874
F5221,feature_5221,0.14280132949352264
F6393,feature_6393,0.142717182636261
F873,feature_873,0.14266498386859894
F6243,feature_6243,0.14264601469039917
F5139,feature_5139,0.1425797939300537
F872,feature_872,0.14253920316696167
F2901,feature_2901,0.14252111315727234
F2291,feature_2291,0.1423242688179016
F5266,feature_5266,0.1422819346189499
F6020,feature_6020,0.1421985924243927
F6251,feature_6251,0.14217837154865265
F2330,feature_2330,0.1420373171567917
F4398,feature_4398,0.1419382095336914
F6083,feature_6083,0.14193804562091827
F2289,feature_2289,0.14192940294742584
F6340,feature_6340,0.14186033606529236
F5300,feature_5300,0.1417807936668396
F5327,feature_5327,0.1416255533695221
F786,feature_786,0.14148057997226715
F795,feature_795,0.14145362377166748
F3706,feature_3706,0.14140814542770386
F945,feature_945,0.1413942128419876
F6093,feature_6093,0.14138635993003845
F6399,feature_6399,0.14130517840385437
F6018,feature_6018,0.14122626185417175
F2646,feature_2646,0.1412055790424347
F5852,feature_5852,0.14111244678497314
F547,feature_547,0.14109641313552856
F6330,feature_6330,0.14106501638889313
F3441,feature_3441,0.1410636305809021
F4095,feature_4095,0.14077924191951752
F874,feature_874,0.14075078070163727
F6019,feature_6019,0.14050523936748505
F6001,feature_6001,0.14020541310310364
F2805,feature_2805,0.14020255208015442
F6167,feature_6167,0.1399172842502594
F6095,feature_6095,0.1399112343788147
F2648,feature_2648,0.13979622721672058
F1134,feature_1134,0.13966389000415802
F5211,feature_5211,0.1396573930978775
F3620,feature_3620,0.13961461186408997
F711,feature_711,0.13961096107959747
F1012,feature_1012,0.13959932327270508
F6162,feature_6162,0.13956284523010254
F6172,feature_6172,0.13951367139816284
F5220,feature_5220,0.13940733671188354
F3949,feature_3949,0.1393643617630005
F5181,feature_5181,0.13936050236225128
F3784,feature_3784,0.1393199861049652
F6321,feature_6321,0.13929934799671173
F6014,feature_6014,0.13928626477718353
F875,feature_875,0.1392003744840622
F2660,feature_2660,0.13910846412181854
F4208,feature_4208,0.13909994065761566
F5743,feature_5743,0.13904041051864624
F1692,feature_1692,0.13903877139091492
F1528,feature_1528,0.13899198174476624
F6215,feature_6215,0.13883845508098602
F6092,feature_6092,0.13880980014801025
F3870,feature_3870,0.1387965977191925
F5410,feature_5410,0.13876552879810333
F5739,feature_5739,0.13874274492263794
F6023,feature_6023,0.1386903077363968
F3786,feature_3786,0.13859504461288452
F320,feature_320,0.1385027915239334
F319,feature_319,0.13812761008739471
F1011,feature_1011,0.13811327517032623
F5504,feature_5504,0.13808317482471466
F6342,feature_6342,0.13805660605430603
F477,feature_477,0.13805440068244934
F5498,feature_5498,0.13805101811885834
F4000,feature_4000,0.1380356103181839
F5030,feature_5030,0.1380244493484497
F377,feature_377,0.13799020648002625
F558,feature_558,0.13794291019439697
F6163,feature_6163,0.13777920603752136
F240,feature_240,0.13775146007537842
F5934,feature_5934,0.1377304494380951
F209,feature_209,0.1375950276851654
F1013,feature_1013,0.13752122223377228
F4630,feature_4630,0.137406587600708
F1139,feature_1139,0.1373990923166275
F3016,feature_3016,0.13738444447517395
F5710,feature_5710,0.1373680830001831
F2967,feature_2967,0.13735809922218323
F239,feature_239,0.13731122016906738
F863,feature_863,0.13730305433273315
F3621,feature_3621,0.1372387856245041
F5922,feature_5922,0.13721367716789246
F3094,feature_3094,0.13713857531547546
F4319,feature_4319,0.13711073994636536
F219,feature_219,0.1370871365070343
F5580,feature_5580,0.13708510994911194
F2014,feature_2014,0.1370440125465393
F6165,feature_6165,0.1368604451417923
F5424,feature_5424,0.1368265151977539
F460,feature_460,0.13679839670658112
F4320,feature_4320,0.13678812980651855
F6005,feature_6005,0.13665306568145752
F1142,feature_1142,0.13663792610168457
F555,feature_555,0.1365594118833542
F2808,feature_2808,0.13645750284194946
F930,feature_930,0.136372372508049
F793,feature_793,0.13637006282806396
F6161,feature_6161,0.1362411081790924
F5585,feature_5585,0.1362377405166626
F3015,feature_3015,0.1361950933933258
F380,feature_380,0.1361769586801529
F6100,feature_6100,0.13615670800209045
F1780,feature_1780,0.13606837391853333
F399,feature_399,0.13604731857776642
F1062,feature_1062,0.1359308362007141
F5503,feature_5503,0.13589254021644592
F1773,feature_1773,0.1358848512172699
F1608,feature_1608,0.13575297594070435
F537,feature_537,0.13569611310958862
F5222,feature_5222,0.1356717348098755
F6164,feature_6164,0.13561120629310608
F454,feature_454,0.1356070190668106
F6082,feature_6082,0.13555637001991272
F5790,feature_5790,0.13542301952838898
F6258,feature_6258,0.13542282581329346
F5901,feature_5901,0.13536740839481354
F5601,feature_5601,0.13526836037635803
F701,feature_701,0.13523875176906586
F5419,feature_5419,0.13514889776706696
F222,feature_222,0.13505256175994873
F1153,feature_1153,0.13502942025661469
F480,feature_480,0.1346876323223114
F5251,feature_5251,0.1344689577817917
F2647,feature_2647,0.13441860675811768
F6183,feature_6183,0.13437116146087646
F5664,feature_5664,0.13427403569221497
F6259,feature_6259,0.13425861299037933
F400,feature_400,0.13424384593963623
F6254,feature_6254,0.13409286737442017
F706,feature_706,0.1339688003063202
F870,feature_870,0.13395647704601288
F5641,feature_5641,0.13385680317878723
F4874,feature_4874,0.1338542252779007
F946,feature_946,0.13385410606861115
F3680,feature_3680,0.13381525874137878
F6017,feature_6017,0.13376440107822418
F1618,feature_1618,0.13376279175281525
F6322,feature_6322,0.13368824124336243
F5125,feature_5125,0.13366645574569702
F3712,feature_3712,0.13363149762153625
F5584,feature_5584,0.13358169794082642
F631,feature_631,0.13349993526935577
F6260,feature_6260,0.13347727060317993
F2566,feature_2566,0.13345228135585785
F3704,feature_3704,0.1334293931722641
F2823,feature_2823,0.13342773914337158
F6246,feature_6246,0.13335396349430084
F458,feature_458,0.1333310753107071
F1932,feature_1932,0.13327555358409882
F5747,feature_5747,0.13326720893383026
F3951,feature_3951,0.1332544982433319
F3920,feature_3920,0.13314023613929749
F5801,feature_5801,0.13306908309459686
F6394,feature_6394,0.13304314017295837
F5640,feature_5640,0.13295169174671173
F629,feature_629,0.13293874263763428
F5662,feature_5662,0.13293254375457764
F544,feature_544,0.1329231858253479
F3236,feature_3236,0.13288386166095734
F923,feature_923,0.1328715682029724
F6016,feature_6016,0.1327848881483078
F6329,feature_6329,0.13271954655647278
F2010,feature_2010,0.1327187567949295
F393,feature_393,0.13271485269069672
F4963,feature_4963,0.13265928626060486
F4951,feature_4951,0.1325804591178894
F6327,feature_6327,0.13249661028385162
F4631,feature_4631,0.13246479630470276
F3707,feature_3707,0.1324598789215088
F4950,feature_4950,0.13240675628185272
F3718,feature_3718,0.1323380172252655
F973,feature_973,0.13230282068252563
F970,feature_970,0.1323000192642212
F740,feature_740,0.13221149146556854
F4964,feature_4964,0.1321941763162613
F789,feature_789,0.1321610063314438
F66,feature_66,0.13215984404087067
F5645,feature_5645,0.13215026259422302
F2654,feature_2654,0.1321173459291458
F1770,feature_1770,0.1319560408592224
F381,feature_381,0.13194477558135986
F5329,feature_5329,0.13193780183792114
F3791,feature_3791,0.1318960189819336
F5059,feature_5059,0.1318863332271576
F2207,feature_2207,0.1318771094083786
F1614,feature_1614,0.13187436759471893
F4400,feature_4400,0.13187403976917267
F221,feature_221,0.13178914785385132
F5463,feature_5463,0.13175247609615326
F5714,feature_5714,0.13174256682395935
F2370,feature_2370,0.1317361742258072
F626,feature_626,0.13171415030956268
F2516,feature_2516,0.13170838356018066
F535,feature_535,0.13169077038764954
F1607,feature_1607,0.13167373836040497
F6245,feature_6245,0.13163864612579346
F5423,feature_5423,0.13159872591495514
F290,feature_290,0.13157401978969574
F5347,feature_5347,0.13156722486019135
F5665,feature_5665,0.13155871629714966
F5843,feature_5843,0.13146772980690002
F6343,feature_6343,0.13145536184310913
F1213,feature_1213,0.1314171552658081
F5570,feature_5570,0.1313675045967102
F6021,feature_6021,0.13136442005634308
F5249,feature_5249,0.13134944438934326
F5818,feature_5818,0.13132427632808685
F1229,feature_1229,0.13130873441696167
F6307,feature_6307,0.13118568062782288
F1072,feature_1072,0.13113923370838165
F3948,feature_3948,0.13109131157398224
F694,feature_694,0.1309853047132492
F3705,feature_3705,0.13093292713165283
F5782,feature_5782,0.1308978796005249
F1010,feature_1010,0.13086658716201782
F1050,feature_1050,0.13083294034004211
F5379,feature_5379,0.13074317574501038
F4097,feature_4097,0.13073067367076874
F1135,feature_1135,0.13070277869701385
F707,feature_707,0.13070069253444672
F6003,feature_6003,0.13059988617897034
F5792,feature_5792,0.13057070970535278
F6101,feature_6101,0.13055329024791718
F6314,feature_6314,0.13054399192333221
F5741,feature_5741,0.13054083287715912
F2407,feature_2407,0.13044895231723785
F556,feature_556,0.1304437667131424
F1527,feature_1527,0.1304207742214203
F1027,feature_1027,0.130377858877182
F3836,feature_3836,0.13037508726119995
F443,feature_443,0.1303376853466034
F1454,feature_1454,0.13027866184711456
F3783,feature_3783,0.13014641404151917
F871,feature_871,0.13013304769992828
F6010,feature_6010,0.1299746334552765
F3165,feature_3165,0.12995940446853638
F446,feature_446,0.12992294132709503
F627,feature_627,0.1299123466014862
F1014,feature_1014,0.12988534569740295
F3125,feature_3125,0.1298837512731552
F2935,feature_2935,0.12986409664154053
F1531,feature_1531,0.12985815107822418
F2569,feature_2569,0.12978971004486084
F2170,feature_2170,0.12976409494876862
F5124,feature_5124,0.12971745431423187
F5414,feature_5414,0.12970826029777527
F1209,feature_1209,0.12968546152114868
F1054,feature_1054,0.12967459857463837
F5579,feature_5579,0.12959618866443634
F5900,feature_5900,0.12957358360290527
F5780,feature_5780,0.12955795228481293
F459,feature_459,0.12951825559139252
F5500,feature_5500,0.12950173020362854
F3865,feature_3865,0.12949202954769135
F6098,feature_6098,0.12948277592658997
F2812,feature_2812,0.1294514238834381
F5345,feature_5345,0.12944823503494263
F741,feature_741,0.12943339347839355
F5490,feature_5490,0.12941832840442657
F5722,feature_5722,0.1294107288122177
F4882,feature_4882,0.12939102947711945
F6261,feature_6261,0.12930446863174438
F5348,feature_5348,0.1293039619922638
F2210,feature_2210,0.12928175926208496
F6022,feature_6022,0.12916259467601776
F51,feature_51,0.12913885712623596
F5686,feature_5686,0.1291324943304062
F5643,feature_5643,0.12907759845256805
F4290,feature_4290,0.12906910479068756
F5506,feature_5506,0.1290028989315033
F3703,feature_3703,0.1289985477924347
F6328,feature_6328,0.12897883355617523
F3635,feature_3635,0.12895697355270386
F5930,feature_5930,0.12894417345523834
F4551,feature_4551,0.12890079617500305
F6180,feature_6180,0.1288626492023468
F551,feature_551,0.1288512945175171
F5633,feature_5633,0.12884823977947235
F5281,feature_5281,0.12881118059158325
F1138,feature_1138,0.12880365550518036
F4637,feature_4637,0.1287931352853775
F5638,feature_5638,0.12879034876823425
F6389,feature_6389,0.1287723332643509
F5041,feature_5041,0.12867623567581177
F6170,feature_6170,0.12862904369831085
F4971,feature_4971,0.12861840426921844
F1001,feature_1001,0.12858271598815918
F289,feature_289,0.1285713016986847
F3717,feature_3717,0.12850254774093628
F1448,feature_1448,0.12848742306232452
F5477,feature_5477,0.12848301231861115
F548,feature_548,0.12846575677394867
F992,feature_992,0.12843209505081177
F866,feature_866,0.12837940454483032
F2245,feature_2245,0.1283065676689148
F613,feature_613,0.1283007115125656
F1753,feature_1753,0.12828783690929413
F784,feature_784,0.12828359007835388
F1008,feature_1008,0.12826067209243774
F5620,feature_5620,0.12818236649036407
F2888,feature_2888,0.1281314343214035
F6148,feature_6148,0.12812539935112
F5412,feature_5412,0.12806685268878937
F6178,feature_6178,0.128012016415596
F5472,feature_5472,0.12798842787742615
F3537,feature_3537,0.12797114253044128
F6325,feature_6325,0.12795233726501465
F5683,feature_5683,0.1279483437538147
F5142,feature_5142,0.12792181968688965
F4078,feature_4078,0.12784364819526672
F926,feature_926,0.12780292332172394
F6015,feature_6015,0.1277543008327484
F476,feature_476,0.12775234878063202
F638,feature_638,0.12774546444416046
F390,feature_390,0.12771089375019073
F736,feature_736,0.12767712771892548
F5264,feature_5264,0.12760549783706665
F4980,feature_4980,0.12760281562805176
F3755,feature_3755,0.12758687138557434
F4480,feature_4480,0.12754638493061066
F5632,feature_5632,0.12753137946128845
F5044,feature_5044,0.1275026947259903
F4075,feature_4075,0.1274704486131668
F2287,feature_2287,0.12744693458080292
F4962,feature_4962,0.1273958832025528
F5507,feature_5507,0.1273854523897171
F947,feature_947,0.12733547389507294
F3092,feature_3092,0.12727196514606476
F5766,feature_5766,0.12724341452121735
F1851,feature_1851,0.12715189158916473
F3810,feature_3810,0.1271485984325409
F3548,feature_3548,0.1271332949399948
F134,feature_134,0.1270889788866043
F306,feature_306,0.12705481052398682
F4790,feature_4790,0.12701700627803802
F2676,feature_2676,0.1270057111978531
F634,feature_634,0.12700079381465912
F5659,feature_5659,0.12697552144527435
F2088,feature_2088,0.1269545555114746
F3797,feature_3797,0.12683860957622528
F6333,feature_6333,0.12682783603668213
F4641,feature_4641,0.1267942190170288
F5289,feature_5289,0.1267128735780716
F955,feature_955,0.12668396532535553
F3619,feature_3619,0.12663212418556213
F5794,feature_5794,0.12660269439220428
F6002,feature_6002,0.12659074366092682
F636,feature_636,0.126501202583313
F3203,feature_3203,0.12649354338645935
F1073,feature_1073,0.12648949027061462
F2487,feature_2487,0.12638923525810242
F932,feature_932,0.12631180882453918
F2371,feature_2371,0.1263117790222168
F405,feature_405,0.12622055411338806
F790,feature_790,0.12619927525520325
F213,feature_213,0.12613409757614136
F714,feature_714,0.12612472474575043
F6296,feature_6296,0.12610386312007904
F3536,feature_3536,0.12609487771987915
F5568,feature_5568,0.1260852813720703
F4988,feature_4988,0.1260708123445511
F2732,feature_2732,0.12592865526676178
F622,feature_622,0.125796839594841
F2506,feature_2506,0.1257866770029068
F5771,feature_5771,0.1257353276014328
F815,feature_815,0.12571677565574646
F1061,feature_1061,0.12569579482078552
F236,feature_236,0.12565676867961884
F4719,feature_4719,0.12548105418682098
F1078,feature_1078,0.1254548579454422
F3573,feature_3573,0.12544593214988708
F4552,feature_4552,0.12541410326957703
F5925,feature_5925,0.12539342045783997
F2693,feature_2693,0.12538547813892365
F6252,feature_6252,0.1253688633441925
F5308,feature_5308,0.12529556453227997
F1455,feature_1455,0.12525837123394012
F5841,feature_5841,0.12523774802684784
F5257,feature_5257,0.1252201795578003
F5502,feature_5502,0.1251569539308548
F6099,feature_6099,0.12514343857765198
F3318,feature_3318,0.12508143484592438
F5685,feature_5685,0.1250695437192917
F2730,feature_2730,0.12505173683166504
F5565,feature_5565,0.12504592537879944
F5427,feature_5427,0.12501873075962067
F3867,feature_3867,0.12500138580799103
F5573,feature_5573,0.12499983608722687
F1000,feature_1000,0.12498267740011215
F1007,feature_1007,0.12496352940797806
F2507,feature_2507,0.12494409829378128
F1369,feature_1369,0.12493524700403214
F5848,feature_5848,0.1248963251709938
F6007,feature_6007,0.12488788366317749
F3254,feature_3254,0.12487290799617767
F3697,feature_3697,0.12486319988965988
F5548,feature_5548,0.12480080127716064
F5186,feature_5186,0.1247967928647995
F5786,feature_5786,0.1247592568397522
F5936,feature_5936,0.12475594133138657
F6179,feature_6179,0.12473538517951965
F1063,feature_1063,0.12473084032535553
F5939,feature_5939,0.12471894174814224
F5842,feature_5842,0.12471098452806473
F2413,feature_2413,0.1247049942612648
F1468,feature_1468,0.12464813143014908
F5903,feature_5903,0.12461862713098526
F216,feature_216,0.12458714097738266
F2093,feature_2093,0.12456710636615753
F3468,feature_3468,0.12455683201551437
F6247,feature_6247,0.12451314926147461
F2288,feature_2288,0.12445064634084702
F925,feature_925,0.12444031238555908
F5824,feature_5824,0.12443847954273224
F869,feature_869,0.1244351863861084
F3345,feature_3345,0.12443003058433533
F1850,feature_1850,0.1244213730096817
F455,feature_455,0.12441276758909225
F5821,feature_5821,0.1244124248623848
F1006,feature_1006,0.12439093738794327
F5184,feature_5184,0.1243634819984436
F708,feature_708,0.12434335798025131
F5586,feature_5586,0.12421594560146332
F1538,feature_1538,0.1241021379828453
F1040,feature_1040,0.12409404665231705
F1093,feature_1093,0.1240701973438263
F3782,feature_3782,0.12404008209705353
F312,feature_312,0.12403268367052078
F4395,feature_4395,0.12402167916297913
F210,feature_210,0.1240168884396553
F2533,feature_2533,0.12399982661008835
F691,feature_691,0.12399615347385406
F4315,feature_4315,0.12389401346445084
F2572,feature_2572,0.12388653308153152
F1069,feature_1069,0.12387534230947495
F4409,feature_4409,0.12385332584381104
F6228,feature_6228,0.12384846061468124
F6097,feature_6097,0.1238459125161171
F5208,feature_5208,0.12381169199943542
F696,feature_696,0.12379869818687439
F1379,feature_1379,0.12376981973648071
F1293,feature_1293,0.12375934422016144
F3754,feature_3754,0.12372087687253952
F5715,feature_5715,0.12372040003538132
F5639,feature_5639,0.12371113896369934
F475,feature_475,0.12371014058589935
F5937,feature_5937,0.12368062138557434
F2814,feature_2814,0.12368042021989822
F1025,feature_1025,0.12366713583469391
F298,feature_298,0.12366138398647308
F5462,feature_5462,0.12363708019256592
F4829,feature_4829,0.123629130423069
F5875,feature_5875,0.12355561554431915
F630,feature_630,0.12352610379457474
F388,feature_388,0.12351876497268677
F4318,feature_4318,0.12344870716333389
F4217,feature_4217,0.12342500686645508
F3457,feature_3457,0.12341263890266418
F2853,feature_2853,0.12336381524801254
F5793,feature_5793,0.1233353316783905
F4718,feature_4718,0.12328504025936127
F1934,feature_1934,0.12324144691228867
F5902,feature_5902,0.1232260912656784
F3282,feature_3282,0.12322410196065903
F5647,feature_5647,0.12319392710924149
F6171,feature_6171,0.12319029867649078
F5253,feature_5253,0.12317777425050735
F4643,feature_4643,0.12312236428260803
F4117,feature_4117,0.12309782952070236
F1079,feature_1079,0.12309037894010544
F5247,feature_5247,0.12302662432193756
F5214,feature_5214,0.12302026897668839
F2486,feature_2486,0.12299521267414093
F527,feature_527,0.12290970236063004
F5855,feature_5855,0.12290910631418228
F4133,feature_4133,0.12290818989276886
F1452,feature_1452,0.12290281802415848
F6263,feature_6263,0.12286582589149475
F2930,feature_2930,0.12283126264810562
F5060,feature_5060,0.12281975895166397
F6326,feature_6326,0.12280629575252533
F4786,feature_4786,0.12280159443616867
F517,feature_517,0.12278914451599121
F5138,feature_5138,0.12275686115026474
F3638,feature_3638,0.12273113429546356
F996,feature_996,0.12268141657114029
F1111,feature_1111,0.12265986949205399
F5388,feature_5388,0.12265297770500183
F6217,feature_6217,0.12263327836990356
F5660,feature_5660,0.12259477376937866
F2613,feature_2613,0.12258467823266983
F5337,feature_5337,0.12258381396532059
F4796,feature_4796,0.12257390469312668
F5263,feature_5263,0.12257266044616699
F2824,feature_2824,0.12253179401159286
F5789,feature_5789,0.12247229367494583
F316,feature_316,0.12245649844408035
F1071,feature_1071,0.12244309484958649
F6391,feature_6391,0.12243114411830902
F1140,feature_1140,0.1223793551325798
F6004,feature_6004,0.12237487733364105
F5269,feature_5269,0.1223367303609848
F1611,feature_1611,0.12233637273311615
F5909,feature_5909,0.1223287433385849
F398,feature_398,0.1223193109035492
F1004,feature_1004,0.12231151014566422
F928,feature_928,0.12231049686670303
F931,feature_931,0.12230485677719116
F3675,feature_3675,0.12229445576667786
F5385,feature_5385,0.12229297310113907
F5474,feature_5474,0.12228601425886154
F3174,feature_3174,0.12227486073970795
F6216,feature_6216,0.12226070463657379
F132,feature_132,0.12225691974163055
F5767,feature_5767,0.12221253663301468
F2168,feature_2168,0.12217959761619568
F5330,feature_5330,0.12216347455978394
F2815,feature_2815,0.12216009944677353
F68,feature_68,0.12215369939804077
F5420,feature_5420,0.12214736640453339
F997,feature_997,0.12214717268943787
F5050,feature_5050,0.12209007889032364
F5562,feature_5562,0.12207507342100143
F6168,feature_6168,0.12205062806606293
F318,feature_318,0.12194753438234329
F5326,feature_5326,0.12192234396934509
F309,feature_309,0.12190410494804382
F2450,feature_2450,0.12189381569623947
F526,feature_526,0.12188832461833954
F5716,feature_5716,0.12185817956924438
F5038,feature_5038,0.1218213438987732
F4550,feature_4550,0.12175456434488297
F297,feature_297,0.12174678593873978
F3462,feature_3462,0.12171977758407593
F6011,feature_6011,0.12170372903347015
F6182,feature_6182,0.12170205265283585
F2670,feature_2670,0.12169467657804489
F924,feature_924,0.12168612331151962
F3124,feature_3124,0.12164203822612762
F3390,feature_3390,0.12161827832460403
F4477,feature_4477,0.12159138172864914
F6262,feature_6262,0.12158861011266708
F3091,feature_3091,0.12158549576997757
F4340,feature_4340,0.12156862020492554
F4239,feature_4239,0.12153138965368271
F442,feature_442,0.12152989208698273
F3245,feature_3245,0.12152814865112305
F5870,feature_5870,0.12149711698293686
F5501,feature_5501,0.12148638069629669
F2489,feature_2489,0.12147961556911469
F5384,feature_5384,0.12146206200122833
F5799,feature_5799,0.1214551329612732
F2410,feature_2410,0.12141269445419312
F217,feature_217,0.12134727090597153
F453,feature_453,0.1213466003537178
F2013,feature_2013,0.12132268399000168
F5740,feature_5740,0.12129783630371094
F1859,feature_1859,0.12128948420286179
F302,feature_302,0.12124723941087723
F6222,feature_6222,0.1212359219789505
F2211,feature_2211,0.12121064960956573
F1212,feature_1212,0.12120380997657776
F2742,feature_2742,0.12120126187801361
F6344,feature_6344,0.12119979411363602
F5550,feature_5550,0.12119123339653015
F5951,feature_5951,0.1211770623922348
F2598,feature_2598,0.12116923183202744
F2243,feature_2243,0.12116000801324844
F153,feature_153,0.1211513876914978
F3834,feature_3834,0.12109983712434769
F5268,feature_5268,0.12108149379491806
F6024,feature_6024,0.12107308208942413
F2372,feature_2372,0.12100302428007126
F3977,feature_3977,0.12099546194076538
F5926,feature_5926,0.1209811195731163
F4731,feature_4731,0.12096964567899704
F959,feature_959,0.12095959484577179
F954,feature_954,0.12095402926206589
F1610,feature_1610,0.12089961022138596
F525,feature_525,0.12088644504547119
F5905,feature_5905,0.1208636686205864
F6181,feature_6181,0.1208144873380661
F5309,feature_5309,0.1207878366112709
F5140,feature_5140,0.12077683210372925
F5657,feature_5657,0.1207529753446579
F3237,feature_3237,0.12071842700242996
F2129,feature_2129,0.1207171306014061
F3173,feature_3173,0.12070965766906738
F6248,feature_6248,0.12069682776927948
F3151,feature_3151,0.12067285925149918
F2665,feature_2665,0.12067244201898575
F1548,feature_1548,0.12066646665334702
F4207,feature_4207,0.12060803174972534
F3157,feature_3157,0.1206071749329567
F3036,feature_3036,0.12058437615633011
F70,feature_70,0.12055987864732742
F3093,feature_3093,0.12054115533828735
F2822,feature_2822,0.1205228790640831
F5431,feature_5431,0.12050212919712067
F135,feature_135,0.12048888206481934
F5587,feature_5587,0.1204744353890419
F5543,feature_5543,0.12046988308429718
F1606,feature_1606,0.12043643742799759
F5646,feature_5646,0.1204306110739708
F4058,feature_4058,0.12042535096406937
F4240,feature_4240,0.12040982395410538
F3088,feature_3088,0.12040473520755768
F4397,feature_4397,0.12039512395858765
F6102,feature_6102,0.1203358843922615
F3397,feature_3397,0.12031582742929459
F2972,feature_2972,0.12031538784503937
F5724,feature_5724,0.12031038105487823
F4717,feature_4717,0.12030497938394547
F4978,feature_4978,0.12029054760932922
F2966,feature_2966,0.12028584629297256
F5491,feature_5491,0.12027997523546219
F5712,feature_5712,0.1202780157327652
F4676,feature_4676,0.1202668696641922
F895,feature_895,0.12025874108076096
F5628,feature_5628,0.1202525943517685
F5522,feature_5522,0.12019002437591553
F57,feature_57,0.12017413228750229
F474,feature_474,0.12014704942703247
F4791,feature_4791,0.12008652091026306
F1587,feature_1587,0.12008395045995712
F891,feature_891,0.12008275836706161
F5933,feature_5933,0.12008216232061386
F2728,feature_2728,0.12005060166120529
F444,feature_444,0.12001824378967285
F3204,feature_3204,0.11996666342020035
F1271,feature_1271,0.11993314325809479
F2833,feature_2833,0.11990378797054291
F311,feature_311,0.11989761143922806
F5629,feature_5629,0.11989331245422363
F4015,feature_4015,0.11984044313430786
F4561,feature_4561,0.11983512341976166
F3978,feature_3978,0.11978401988744736
F5669,feature_5669,0.11978211253881454
F372,feature_372,0.11977682262659073
F1161,feature_1161,0.11976800113916397
F5746,feature_5746,0.11973139643669128
F6249,feature_6249,0.11971370875835419
F5961,feature_5961,0.11969530582427979
F2987,feature_2987,0.1196906715631485
F50,feature_50,0.11968763172626495
F2758,feature_2758,0.1195700541138649
F5323,feature_5323,0.11956173181533813
F397,feature_397,0.1195453405380249
F2405,feature_2405,0.11954270303249359
F2906,feature_2906,0.11953749507665634
F4030,feature_4030,0.1195252314209938
F3231,feature_3231,0.11951833218336105
F2498,feature_2498,0.11949063837528229
F3374,feature_3374,0.1194545105099678
F958,feature_958,0.11940880119800568
F238,feature_238,0.11939368396997452
F3538,feature_3538,0.1193917989730835
F5938,feature_5938,0.11935868114233017
F457,feature_457,0.11934372037649155
F5904,feature_5904,0.11928313970565796
F1053,feature_1053,0.11927945911884308
F5370,feature_5370,0.11926716566085815
F1162,feature_1162,0.11925596743822098
F6147,feature_6147,0.1192484125494957
F697,feature_697,0.1192350760102272
F2568,feature_2568,0.11923248320817947
F5826,feature_5826,0.11921464651823044
F473,feature_473,0.11919841170310974
F5408,feature_5408,0.11919805407524109
F3539,feature_3539,0.11918994784355164
F3839,feature_3839,0.11917871236801147
F1218,feature_1218,0.11914724856615067
F5182,feature_5182,0.11913353204727173
F685,feature_685,0.11911109834909439
F703,feature_703,0.11910387128591537
F3478,feature_3478,0.11909742653369904
F5666,feature_5666,0.11908571422100067
F1156,feature_1156,0.11907421052455902
F1096,feature_1096,0.11906235665082932
F5062,feature_5062,0.11902909725904465
F5906,feature_5906,0.11901296675205231
F5941,feature_5941,0.11897624284029007
F5932,feature_5932,0.11896949261426926
F6136,feature_6136,0.11896417289972305
F391,feature_391,0.11896006017923355
F5035,feature_5035,0.11895351856946945
F2887,feature_2887,0.1189141497015953
F934,feature_934,0.1189127266407013
F4810,feature_4810,0.11888224631547928
F2244,feature_2244,0.11887098848819733
F5745,feature_5745,0.11886842548847198
F5195,feature_5195,0.1188613623380661
F5229,feature_5229,0.11884687840938568
F484,feature_484,0.1188412457704544
F625,feature_625,0.11883392184972763
F3519,feature_3519,0.11882885545492172
F5432,feature_5432,0.11881890892982483
F218,feature_218,0.1188126727938652
F4556,feature_4556,0.1188085749745369
F223,feature_223,0.1187872439622879
F1672,feature_1672,0.11878117173910141
F3566,feature_3566,0.11874622851610184
F1131,feature_1131,0.1187208890914917
F862,feature_862,0.11871782690286636
F3316,feature_3316,0.11869680881500244
F5265,feature_5265,0.11868298798799515
F1935,feature_1935,0.11864110082387924
F614,feature_614,0.11862323433160782
F4737,feature_4737,0.11861605942249298
F6265,feature_6265,0.11861569434404373
F5492,feature_5492,0.11860828846693039
F1075,feature_1075,0.11857687681913376
F4396,feature_4396,0.11857252568006516
F5259,feature_5259,0.11857035756111145
F5749,feature_5749,0.11855509877204895
F686,feature_686,0.11851368844509125
F540,feature_540,0.11850153654813766
F4711,feature_4711,0.11849141865968704
F5405,feature_5405,0.11846210807561874
F5141,feature_5141,0.1184496283531189
F389,feature_389,0.11842405050992966
F6025,feature_6025,0.11842354387044907
F782,feature_782,0.1184137761592865
F315,feature_315,0.1184055283665657
F6395,feature_6395,0.1184006929397583
F5350,feature_5350,0.11836542934179306
F394,feature_394,0.11836306750774384
F2327,feature_2327,0.1183057576417923
F1087,feature_1087,0.11829288303852081
F2928,feature_2928,0.1182793378829956
F4633,feature_4633,0.11827364563941956
F1154,feature_1154,0.11825349926948547
F836,feature_836,0.11822010576725006
F5428,feature_5428,0.11821107566356659
F160,feature_160,0.11820990592241287
F2838,feature_2838,0.11820323020219803
F52,feature_52,0.1181957796216011
F5728,feature_5728,0.11818979680538177
F718,feature_718,0.11818844825029373
F5720,feature_5720,0.11817492544651031
F12,feature_12,0.1181604340672493
F1143,feature_1143,0.11815505474805832
F5953,feature_5953,0.11812889575958252
F1210,feature_1210,0.11810534447431564
F6058,feature_6058,0.11807265877723694
F6364,feature_6364,0.11807174980640411
F5564,feature_5564,0.11807084083557129
F3265,feature_3265,0.11803647875785828
F5850,feature_5850,0.11801737546920776
F3095,feature_3095,0.1179894432425499
F4128,feature_4128,0.11798714846372604
F2931,feature_2931,0.11797778308391571
F3824,feature_3824,0.11791679263114929
F3317,feature_3317,0.11790528893470764
F3488,feature_3488,0.11790016293525696
F5773,feature_5773,0.11789195984601974
F880,feature_880,0.11788853257894516
F4074,feature_4074,0.1178647130727768
F305,feature_305,0.11783657222986221
F698,feature_698,0.1178150326013565
F942,feature_942,0.11781176179647446
F3758,feature_3758,0.11778855323791504
F5010,feature_5010,0.11777596920728683
F4331,feature_4331,0.11773896217346191
F4153,feature_4153,0.1177324429154396
F6026,feature_6026,0.11772336065769196
F2671,feature_2671,0.11770159751176834
F2167,feature_2167,0.11768950521945953
F3456,feature_3456,0.11768914759159088
F6214,feature_6214,0.11768412590026855
F5529,feature_5529,0.1176627054810524
F791,feature_791,0.11766158789396286
F943,feature_943,0.11763961613178253
F5796,feature_5796,0.11763349175453186
F6008,feature_6008,0.11763257533311844
F2578,feature_2578,0.11762212216854095
F2499,feature_2499,0.11761083453893661
F5642,feature_5642,0.11759092658758163
F4789,feature_4789,0.11758493632078171
F3075,feature_3075,0.11755991727113724
F5806,feature_5806,0.11755305528640747
F5945,feature_5945,0.11753760278224945
F4218,feature_4218,0.11753366887569427
F2591,feature_2591,0.1175326481461525
F5578,feature_5578,0.1175321638584137
F5465,feature_5465,0.11749362200498581
F6,feature_6,0.11748030036687851
F4314,feature_4314,0.11745311319828033
F4828,feature_4828,0.11744998395442963
F6396,feature_6396,0.1174212172627449
F4787,feature_4787,0.11742023378610611
F49,feature_49,0.11739233881235123
F918,feature_918,0.1173669621348381
F5750,feature_5750,0.11735515296459198
F2107,feature_2107,0.11733902990818024
F4478,feature_4478,0.11731676012277603
F5426,feature_5426,0.11731382459402084
F6218,feature_6218,0.11728214472532272
F5045,feature_5045,0.11724857985973358
F2984,feature_2984,0.11723484098911285
F4393,feature_4393,0.11721883714199066
F521,feature_521,0.11721276491880417
F5736,feature_5736,0.11720959097146988
F6324,feature_6324,0.11719867587089539
F2496,feature_2496,0.117197185754776
F5929,feature_5929,0.11719566583633423
F5649,feature_5649,0.11718731373548508
F5381,feature_5381,0.1171647384762764
F1856,feature_1856,0.11715782433748245
F1772,feature_1772,0.11710471659898758
F680,feature_680,0.11709695309400558
F6157,feature_6157,0.11709244549274445
F88,feature_88,0.11709174513816833
F2739,feature_2739,0.11707448959350586
F6032,feature_6032,0.11704666167497635
F5874,feature_5874,0.11698517203330994
F1689,feature_1689,0.11693420261144638
F692,feature_692,0.1169300526380539
F4237,feature_4237,0.1168738529086113
F1132,feature_1132,0.11687193065881729
F5063,feature_5063,0.1168622076511383
F4316,feature_4316,0.11684535443782806
F1164,feature_1164,0.11684476584196091
F5602,feature_5602,0.11681908369064331
F2899,feature_2899,0.11681215465068817
F2060,feature_2060,0.11678239703178406
F5302,feature_5302,0.116775743663311
F3356,feature_3356,0.11677136272192001
F3044,feature_3044,0.11675257235765457
F637,feature_637,0.11673872917890549
F1700,feature_1700,0.11669029295444489
F2809,feature_2809,0.11667779088020325
F2406,feature_2406,0.11665894836187363
F6149,feature_6149,0.11663946509361267
F478,feature_478,0.11660952121019363
F6309,feature_6309,0.11654752492904663
F1771,feature_1771,0.11653902381658554
F379,feature_379,0.11653704941272736
F3329,feature_3329,0.11653633415699005
F6297,feature_6297,0.11652988195419312
F5603,feature_5603,0.11652079224586487
F1152,feature_1152,0.11647619307041168
F3796,feature_3796,0.11646641790866852
F999,feature_999,0.11643878370523453
F3380,feature_3380,0.11643799394369125
F3315,feature_3315,0.1164122149348259
F5795,feature_5795,0.11639847606420517
F3363,feature_3363,0.1163976639509201
F4553,feature_4553,0.11639294028282166
F916,feature_916,0.11637803167104721
F2208,feature_2208,0.11637154221534729
F2820,feature_2820,0.11635824292898178
F3459,feature_3459,0.11635781079530716
F953,feature_953,0.11634987592697144
F1148,feature_1148,0.11633682250976562
F4867,feature_4867,0.11633376032114029
F4891,feature_4891,0.11632560193538666
F5823,feature_5823,0.11630678176879883
F1201,feature_1201,0.11627866327762604
F6311,feature_6311,0.11623630672693253
F5422,feature_5422,0.11620048433542252
F5489,feature_5489,0.11619269847869873
F2973,feature_2973,0.11611246317625046
F783,feature_783,0.11610787361860275
F5438,feature_5438,0.11609721183776855
F679,feature_679,0.11609479784965515
F864,feature_864,0.11609106510877609
F1133,feature_1133,0.11604512482881546
F2614,feature_2614,0.11603713780641556
F5668,feature_5668,0.11603639274835587
F3171,feature_3171,0.11603578180074692
F6184,feature_6184,0.116019606590271
F5401,feature_5401,0.11601705849170685
F3625,feature_3625,0.11601340025663376
F6110,feature_6110,0.11601170152425766
F1002,feature_1002,0.11599846184253693
F3232,feature_3232,0.11598382890224457
F5551,feature_5551,0.11598366498947144
F5764,feature_5764,0.11597566306591034
F3266,feature_3266,0.1159706562757492
F3186,feature_3186,0.11596540361642838
F3540,feature_3540,0.11595675349235535
F2889,feature_2889,0.11595407873392105
F618,feature_618,0.11594542860984802
F3899,feature_3899,0.1159292459487915
F4890,feature_4890,0.11589497327804565
F4634,feature_4634,0.11587332934141159
F538,feature_538,0.1158648431301117
F4792,feature_4792,0.11584018170833588
F1686,feature_1686,0.11583627760410309
F752,feature_752,0.11581826210021973
F2585,feature_2585,0.1157853901386261
F5417,feature_5417,0.11574596166610718
F4655,feature_4655,0.11573979258537292
F5928,feature_5928,0.11571204662322998
F3381,feature_3381,0.11570855975151062
F1269,feature_1269,0.1156872883439064
F3051,feature_3051,0.11568278819322586
F4313,feature_4313,0.11568212509155273
F1151,feature_1151,0.11567908525466919
F950,feature_950,0.11567789316177368
F5846,feature_5846,0.11564600467681885
F1375,feature_1375,0.11564311385154724
F5230,feature_5230,0.11557574570178986
F3310,feature_3310,0.11556412279605865
F5980,feature_5980,0.11555583029985428
F2351,feature_2351,0.11555207520723343
F5521,feature_5521,0.11553805321455002
F5566,feature_5566,0.11553265899419785
F363,feature_363,0.11552814394235611
F2011,feature_2011,0.11551305651664734
F3281,feature_3281,0.11550367623567581
F5711,feature_5711,0.11548390239477158
F225,feature_225,0.11547935009002686
F295,feature_295,0.11547787487506866
F3194,feature_3194,0.11547433584928513
F683,feature_683,0.1154545247554779
F2161,feature_2161,0.11545313149690628
F678,feature_678,0.11545014381408691
F5383,feature_5383,0.11541896313428879
F4173,feature_4173,0.1153719425201416
F5954,feature_5954,0.11536771804094315
F4870,feature_4870,0.11534707993268967
F3862,feature_3862,0.11530216038227081
F1769,feature_1769,0.11528073251247406
F5111,feature_5111,0.11526232957839966
F2166,feature_2166,0.11525887995958328
F716,feature_716,0.11525507271289825
F3014,feature_3014,0.11523560434579849
F4871,feature_4871,0.11523312330245972
F4728,feature_4728,0.11519563943147659
F3918,feature_3918,0.11515654623508453
F462,feature_462,0.1151474267244339
F1080,feature_1080,0.115146704018116
F3601,feature_3601,0.11510889232158661
F2346,feature_2346,0.11509721726179123
F4406,feature_4406,0.11507315188646317
F3544,feature_3544,0.11507048457860947
F5752,feature_5752,0.11505934596061707
F2659,feature_2659,0.11503729224205017
F909,feature_909,0.11501564085483551
F2574,feature_2574,0.11500883102416992
F2854,feature_2854,0.11500004678964615
F5825,feature_5825,0.11498945951461792
F5512,feature_5512,0.1149798035621643
F1077,feature_1077,0.11496912688016891
F3792,feature_3792,0.114954873919487
F2267,feature_2267,0.11493246257305145
F5526,feature_5526,0.11493013054132462
F1231,feature_1231,0.11491985619068146
F3997,feature_3997,0.11488760262727737
F3377,feature_3377,0.1148853451013565
F1542,feature_1542,0.11484954506158829
F5373,feature_5373,0.11484494805335999
F5967,feature_5967,0.11484237015247345
F546,feature_546,0.11481966823339462
F6310,feature_6310,0.11481162160634995
F5581,feature_5581,0.11478598415851593
F327,feature_327,0.11478316783905029
F6088,feature_6088,0.1147766187787056
F5942,feature_5942,0.11477044969797134
F4399,feature_4399,0.11474483460187912
F1160,feature_1160,0.11473051458597183
F5805,feature_5805,0.1147284209728241
F87,feature_87,0.11472488194704056
F3114,feature_3114,0.11471626162528992
F4029,feature_4029,0.11469495296478271
F1948,feature_1948,0.11469073593616486
F5493,feature_5493,0.11467186361551285
F3134,feature_3134,0.1146533191204071
F211,feature_211,0.11464348435401917
F4632,feature_4632,0.11461494117975235
F2980,feature_2980,0.11460646241903305
F440,feature_440,0.11458205431699753
F3716,feature_3716,0.11455885320901871
F310,feature_310,0.11455193907022476
F832,feature_832,0.11453576385974884
F5907,feature_5907,0.11452464759349823
F6104,feature_6104,0.114511638879776
F1243,feature_1243,0.11448953300714493
F3835,feature_3835,0.11446031928062439
F3999,feature_3999,0.11445321887731552
F128,feature_128,0.11444047838449478
F3375,feature_3375,0.11441533267498016
F5804,feature_5804,0.11439789086580276
F5129,feature_5129,0.1143917441368103
F2667,feature_2667,0.11438512802124023
F838,feature_838,0.1143827810883522
F6221,feature_6221,0.11437879502773285
F1214,feature_1214,0.11436169594526291
F451,feature_451,0.11435750126838684
F5546,feature_5546,0.11435588449239731
F4250,feature_4250,0.11434763669967651
F4968,feature_4968,0.11434341222047806
F4721,feature_4721,0.11434236168861389
F5854,feature_5854,0.11431621015071869
F2576,feature_2576,0.11429591476917267
F5494,feature_5494,0.11423064768314362
F5479,feature_5479,0.11419598013162613
F280,feature_280,0.11418098211288452
F1617,feature_1617,0.11417823284864426
F1453,feature_1453,0.11414056271314621
F1074,feature_1074,0.11412625014781952
F5611,feature_5611,0.11412031203508377
F3304,feature_3304,0.11410924047231674
F5475,feature_5475,0.11409942060709
F2747,feature_2747,0.11408916860818863
F779,feature_779,0.1140800192952156
F9,feature_9,0.11406261473894119
F3168,feature_3168,0.11404454708099365
F3229,feature_3229,0.11403041332960129
F5378,feature_5378,0.11401817947626114
F5338,feature_5338,0.11399548500776291
F143,feature_143,0.11399459093809128
F2741,feature_2741,0.11397887766361237
F4909,feature_4909,0.1139698475599289
F2130,feature_2130,0.11391449719667435
F2590,feature_2590,0.11391326040029526
F4713,feature_4713,0.11391095072031021
F705,feature_705,0.11390946805477142
F361,feature_361,0.11390157788991928
F2802,feature_2802,0.11388589441776276
F687,feature_687,0.11388416588306427
F157,feature_157,0.11387693881988525
F775,feature_775,0.11386418342590332
F1081,feature_1081,0.11384359747171402
F5851,feature_5851,0.11382033675909042
F2929,feature_2929,0.11381798982620239
F2905,feature_2905,0.11381367594003677
F5549,feature_5549,0.1137852817773819
F1112,feature_1112,0.11376147717237473
F5684,feature_5684,0.11373088508844376
F1853,feature_1853,0.11371608823537827
F695,feature_695,0.11368764191865921
F3855,feature_3855,0.11367495357990265
F3085,feature_3085,0.11367306858301163
F1039,feature_1039,0.11366958171129227
F5648,feature_5648,0.11366265267133713
F4795,feature_4795,0.11363570392131805
F4473,feature_4473,0.11356870830059052
F944,feature_944,0.11353223025798798
F3714,feature_3714,0.1135217621922493
F450,feature_450,0.11351609230041504
F376,feature_376,0.1135048195719719
F2754,feature_2754,0.11349491775035858
F3787,feature_3787,0.11349153518676758
F5958,feature_5958,0.11348648369312286
F6086,feature_6086,0.11348216980695724
F5723,feature_5723,0.11348118633031845
F4132,feature_4132,0.11347180604934692
F3726,feature_3726,0.11346150189638138
F3674,feature_3674,0.11345236748456955
F3045,feature_3045,0.11343879252672195
F524,feature_524,0.11339905112981796
F5927,feature_5927,0.11339682340621948
F5068,feature_5068,0.11338163167238235
F5785,feature_5785,0.11338059604167938
F3131,feature_3131,0.11337854713201523
F4475,feature_4475,0.11337577551603317
F4330,feature_4330,0.11337520182132721
F4636,feature_4636,0.11335668712854385
F1003,feature_1003,0.11335600912570953
F4125,feature_4125,0.11334265768527985
F2735,feature_2735,0.11333934962749481
F2354,feature_2354,0.11330761015415192
F5947,feature_5947,0.11330437660217285
F4993,feature_4993,0.11329394578933716
F5497,feature_5497,0.11328969895839691
F4275,feature_4275,0.11328793317079544
F1159,feature_1159,0.11327346414327621
F2426,feature_2426,0.11327195912599564
F6087,feature_6087,0.1132664605975151
F79,feature_79,0.11323638260364532
F3702,feature_3702,0.11322063207626343
F293,feature_293,0.11321298032999039
F2561,feature_2561,0.11315663903951645
F1137,feature_1137,0.11315441876649857
F523,feature_523,0.11314653605222702
F5717,feature_5717,0.11313460022211075
F2369,feature_2369,0.11311953514814377
F543,feature_543,0.11311832070350647
F6192,feature_6192,0.11311778426170349
F5341,feature_5341,0.11308617144823074
F3825,feature_3825,0.11308006197214127
F615,feature_615,0.11307063698768616
F1165,feature_1165,0.11306899040937424
F906,feature_906,0.11305171996355057
F4864,feature_4864,0.11298679560422897
F5864,feature_5864,0.11293219774961472
F632,feature_632,0.11292415857315063
F1136,feature_1136,0.11289659887552261
F299,feature_299,0.11288661509752274
F471,feature_471,0.11287755519151688
F5986,feature_5986,0.11287496238946915
F3212,feature_3212,0.11286994814872742
F957,feature_957,0.11284355074167252
F2085,feature_2085,0.1128423660993576
F3132,feature_3132,0.11282932013273239
F3246,feature_3246,0.11278780549764633
F3596,feature_3596,0.11278107762336731
F5067,feature_5067,0.11277015507221222
F5576,feature_5576,0.11275719106197357
F799,feature_799,0.11275637894868851
F3013,feature_3013,0.11275374889373779
F5748,feature_5748,0.11273416876792908
F214,feature_214,0.11272190511226654
F3283,feature_3283,0.11268571764230728
F1374,feature_1374,0.11267778277397156
F4869,feature_4869,0.11266804486513138
F1852,feature_1852,0.11266440898180008
F2663,feature_2663,0.11265812814235687
F5404,feature_5404,0.11265737563371658
F6121,feature_6121,0.11264067143201828
F6105,feature_6105,0.11263536661863327
F3362,feature_3362,0.11261877417564392
F456,feature_456,0.11260633170604706
F545,feature_545,0.11259890347719193
F5983,feature_5983,0.11259806901216507
F2437,feature_2437,0.1125856414437294
F151,feature_151,0.11257103085517883
F1702,feature_1702,0.11256852746009827
F4472,feature_4472,0.1125670000910759
F3230,feature_3230,0.11255956441164017
F366,feature_366,0.11253587901592255
F6090,feature_6090,0.11252927780151367
F1924,feature_1924,0.1124865710735321
F5772,feature_5772,0.11246038973331451
F5802,feature_5802,0.11245962232351303
F3545,feature_3545,0.1124369278550148
F3251,feature_3251,0.11242219805717468
F2438,feature_2438,0.11241969466209412
F4686,feature_4686,0.11240425705909729
F130,feature_130,0.1123962253332138
F300,feature_300,0.11237692832946777
F1097,feature_1097,0.11235731840133667
F4685,feature_4685,0.11234389245510101
F2825,feature_2825,0.11234215646982193
F3205,feature_3205,0.11233989149332047
F2818,feature_2818,0.11232708394527435
F6034,feature_6034,0.1123131513595581
F3840,feature_3840,0.1122945174574852
F3890,feature_3890,0.11228707432746887
F4709,feature_4709,0.11225280165672302
F1281,feature_1281,0.11221851408481598
F131,feature_131,0.11219286918640137
F620,feature_620,0.11218062788248062
F2247,feature_2247,0.11217920482158661
F235,feature_235,0.1121671050786972
F5655,feature_5655,0.11213722825050354
F358,feature_358,0.11213681846857071
F6013,feature_6013,0.11213339120149612
F1535,feature_1535,0.11213140934705734
F2508,feature_2508,0.11212693899869919
F6349,feature_6349,0.11210285872220993
F138,feature_138,0.1121012270450592
F5708,feature_5708,0.11209386587142944
F1017,feature_1017,0.11209158599376678
F704,feature_704,0.11208412051200867
F2482,feature_2482,0.11207081377506256
F5768,feature_5768,0.11205878108739853
F5982,feature_5982,0.11205730587244034
F5528,feature_5528,0.1120540201663971
F5303,feature_5303,0.11204078793525696
F2491,feature_2491,0.11203339695930481
F2597,feature_2597,0.11201761662960052
F5261,feature_5261,0.11201253533363342
F2430,feature_2430,0.11199892312288284
F5322,feature_5322,0.11198917776346207
F483,feature_483,0.11198582500219345
F1294,feature_1294,0.11196280270814896
F5042,feature_5042,0.11195780336856842
F3594,feature_3594,0.111953966319561
F5339,feature_5339,0.11195079982280731
F4418,feature_4418,0.11194977164268494
F991,feature_991,0.11194587498903275
F89,feature_89,0.11193883419036865
F5542,feature_5542,0.11193371564149857
F2517,feature_2517,0.11191292107105255
F4376,feature_4376,0.1119060143828392
F5658,feature_5658,0.11189523339271545
F995,feature_995,0.11187776923179626
F5130,feature_5130,0.11187586933374405
F5965,feature_5965,0.11184724420309067
F977,feature_977,0.1118452176451683
F4127,feature_4127,0.11184156686067581
F1057,feature_1057,0.11182618141174316
F619,feature_619,0.11182145029306412
F1120,feature_1120,0.11182060837745667
F3757,feature_3757,0.11181916296482086
F5324,feature_5324,0.11180534213781357
F4788,feature_4788,0.11179730296134949
F1680,feature_1680,0.11179487407207489
F5425,feature_5425,0.11176891624927521
F5631,feature_5631,0.11176817864179611
F6103,feature_6103,0.11176010966300964
F4175,feature_4175,0.11173215508460999
F5853,feature_5853,0.111700639128685
F375,feature_375,0.11169973015785217
F3213,feature_3213,0.11167527735233307
F3725,feature_3725,0.11167404800653458
F5949,feature_5949,0.11165094375610352
F1060,feature_1060,0.11163818836212158
F3863,feature_3863,0.11160685122013092
F1091,feature_1091,0.1116013154387474
F5733,feature_5733,0.11158935725688934
F364,feature_364,0.11158595234155655
F530,feature_530,0.11158375442028046
F667,feature_667,0.11157150566577911
F53,feature_53,0.11157011240720749
F4391,feature_4391,0.11156969517469406
F5206,feature_5206,0.11156916618347168
F3628,feature_3628,0.11156895011663437
F3278,feature_3278,0.11156626790761948
F3133,feature_3133,0.11155316978693008
F1928,feature_1928,0.11155036836862564
F2801,feature_2801,0.11154375225305557
F2851,feature_2851,0.1115274503827095
F1628,feature_1628,0.11151453107595444
F3295,feature_3295,0.11147821694612503
F922,feature_922,0.1114749163389206
F5978,feature_5978,0.11147097498178482
F6289,feature_6289,0.11145640164613724
F2126,feature_2126,0.11145514249801636
F949,feature_949,0.11144953966140747
F136,feature_136,0.11144272238016129
F6145,feature_6145,0.11143266409635544
F771,feature_771,0.11141305416822433
F6274,feature_6274,0.11140817403793335
F4474,feature_4474,0.11140508204698563
F2884,feature_2884,0.11139771342277527
F2094,feature_2094,0.1113966777920723
F974,feature_974,0.11137634515762329
F2562,feature_2562,0.11136607080698013
F920,feature_920,0.1113639622926712
F3202,feature_3202,0.11135765165090561
F1163,feature_1163,0.11132987588644028
F3252,feature_3252,0.11132808029651642
F1539,feature_1539,0.11130647361278534
F780,feature_780,0.1113041490316391
F5485,feature_5485,0.11129342764616013
F1612,feature_1612,0.11129064857959747
F717,feature_717,0.11128851026296616
F5267,feature_5267,0.11127892881631851
F1155,feature_1155,0.11126077175140381
F4574,feature_4574,0.1112520769238472
F4970,feature_4970,0.11124978959560394
F4916,feature_4916,0.11124560236930847
F3461,feature_3461,0.11123690009117126
F5029,feature_5029,0.11122483015060425
F3185,feature_3185,0.1112213283777237
F5784,feature_5784,0.11121300607919693
F796,feature_796,0.11120928823947906
F5738,feature_5738,0.11119523644447327
F4080,feature_4080,0.11118802428245544
F384,feature_384,0.11115308851003647
F1024,feature_1024,0.11113524436950684
F55,feature_55,0.11111882328987122
F5667,feature_5667,0.1111142486333847
F6387,feature_6387,0.11110920459032059
F2985,feature_2985,0.11110086739063263
F516,feature_516,0.11109266430139542
F3868,feature_3868,0.11107954382896423
F2897,feature_2897,0.11106252670288086
F2644,feature_2644,0.11106112599372864
F5513,feature_5513,0.11106028407812119
F1503,feature_1503,0.11105585098266602
F609,feature_609,0.1110498234629631
F5656,feature_5656,0.11104477941989899
F359,feature_359,0.11104075610637665
F5334,feature_5334,0.11100538074970245
F5811,feature_5811,0.11099161207675934
F5553,feature_5553,0.11098502576351166
F3633,feature_3633,0.11095893383026123
F6012,feature_6012,0.11094501614570618
F4734,feature_4734,0.11094412952661514
F3370,feature_3370,0.11093711853027344
F5174,feature_5174,0.11092118173837662
F720,feature_720,0.11091308295726776
F5721,feature_5721,0.11090125143527985
F2086,feature_2086,0.11090103536844254
F5552,feature_5552,0.11087505519390106
F712,feature_712,0.11086393147706985
F6378,feature_6378,0.11084059625864029
F3442,feature_3442,0.11081479489803314
F3631,feature_3631,0.11081240326166153
F664,feature_664,0.11077333241701126
F145,feature_145,0.11076916754245758
F2409,feature_2409,0.11076715588569641
F3486,feature_3486,0.11076024919748306
F659,feature_659,0.1107570007443428
F3808,feature_3808,0.11075323820114136
F5990,feature_5990,0.11075214296579361
F781,feature_781,0.1107410416007042
F4764,feature_4764,0.11072369664907455
F4232,feature_4232,0.1107197105884552
F5495,feature_5495,0.11071377992630005
F4394,feature_4394,0.11071047186851501
F6037,feature_6037,0.1106875017285347
F4048,feature_4048,0.1106841117143631
F2688,feature_2688,0.11064908653497696
F3935,feature_3935,0.11064346134662628
F5950,feature_5950,0.11062826216220856
F1425,feature_1425,0.11062096059322357
F515,feature_515,0.11059947311878204
F1361,feature_1361,0.11057252436876297
F370,feature_370,0.11055891215801239
F2848,feature_2848,0.11053279042243958
F689,feature_689,0.11053188145160675
F6392,feature_6392,0.11052603274583817
F4898,feature_4898,0.11052443087100983
F5791,feature_5791,0.1105131283402443
F5520,feature_5520,0.11050846427679062
F839,feature_839,0.11049526184797287
F2745,feature_2745,0.11049430817365646
F3760,feature_3760,0.11049337685108185
F2626,feature_2626,0.11048031598329544
F5908,feature_5908,0.11048009246587753
F5729,feature_5729,0.11047852039337158
F3294,feature_3294,0.11047758162021637
F5227,feature_5227,0.11047665774822235
F861,feature_861,0.11046263575553894
F5571,feature_5571,0.11046168953180313
F3469,feature_3469,0.11046154797077179
F144,feature_144,0.11045660078525543
F401,feature_401,0.11045217514038086
F693,feature_693,0.11044152826070786
F5496,feature_5496,0.11038051545619965
F5450,feature_5450,0.11037139594554901
F3560,feature_3560,0.11036032438278198
F368,feature_368,0.11035682260990143
F3090,feature_3090,0.11034707725048065
F2484,feature_2484,0.1103394627571106
F993,feature_993,0.11033477634191513
F2546,feature_2546,0.11032859236001968
F6071,feature_6071,0.11032067984342575
F5170,feature_5170,0.11031326651573181
F797,feature_797,0.11030841618776321
F85,feature_85,0.11028110980987549
F3284,feature_3284,0.11023624241352081
F6276,feature_6276,0.11022602021694183
F3551,feature_3551,0.11022406816482544
F5480,feature_5480,0.11021150648593903
F4558,feature_4558,0.1101761981844902
F3357,feature_3357,0.11017309129238129
F4287,feature_4287,0.110162653028965
F6193,feature_6193,0.11015874147415161
F392,feature_392,0.11013898998498917
F5877,feature_5877,0.11011578887701035
F3467,feature_3467,0.11011369526386261
F5343,feature_5343,0.11010172218084335
F5589,feature_5589,0.11008720099925995
F6377,feature_6377,0.11008229851722717
F5650,feature_5650,0.11008200794458389
F5595,feature_5595,0.11008157581090927
F5048,feature_5048,0.11005257815122604
F3710,feature_3710,0.11004381626844406
F2694,feature_2694,0.11001237481832504
F5382,feature_5382,0.11000166088342667
F3011,feature_3011,0.10995098203420639
F579,feature_579,0.10993920266628265
F2898,feature_2898,0.10992888361215591
F226,feature_226,0.10989954322576523
F914,feature_914,0.10989044606685638
F4758,feature_4758,0.1098875105381012
F1076,feature_1076,0.10988734662532806
F990,feature_990,0.10985418409109116
F2645,feature_2645,0.109853096306324
F4236,feature_4236,0.10984794795513153
F2495,feature_2495,0.10984247177839279
F2673,feature_2673,0.10983941704034805
F6186,feature_6186,0.10983505845069885
F2337,feature_2337,0.10981457680463791
F1117,feature_1117,0.10981283336877823
F365,feature_365,0.1098056510090828
F395,feature_395,0.1098029762506485
F76,feature_76,0.10980014503002167
F2734,feature_2734,0.10979890823364258
F4057,feature_4057,0.10977829992771149
F2200,feature_2200,0.1097722053527832
F522,feature_522,0.10976941883563995
F2249,feature_2249,0.1097661554813385
F3542,feature_3542,0.10973755270242691
F5362,feature_5362,0.10973256826400757
F1026,feature_1026,0.10972581058740616
F1844,feature_1844,0.10972324758768082
F6187,feature_6187,0.10971836000680923
F3947,feature_3947,0.1097128838300705
F5630,feature_5630,0.10969579219818115
F528,feature_528,0.10969250649213791
F2768,feature_2768,0.10968761146068573
F448,feature_448,0.10968681424856186
F3515,feature_3515,0.10967283695936203
F4312,feature_4312,0.10962826758623123
F5296,feature_5296,0.1096121296286583
F2916,feature_2916,0.10958833247423172
F3715,feature_3715,0.10958635807037354
F6390,feature_6390,0.10958550870418549
F3391,feature_3391,0.10957347601652145
F449,feature_449,0.10957101732492447
F2250,feature_2250,0.10953642427921295
F1198,feature_1198,0.10953488200902939
F4639,feature_4639,0.10953208059072495
F2881,feature_2881,0.10952890664339066
F3893,feature_3893,0.10948437452316284
F1931,feature_1931,0.10948018729686737
F833,feature_833,0.10945884883403778
F4661,feature_4661,0.10945586115121841
F5272,feature_5272,0.10945320874452591
F2565,feature_2565,0.10944006592035294
F5847,feature_5847,0.10943328589200974
F2587,feature_2587,0.1094311997294426
F1109,feature_1109,0.10939235985279083
F4813,feature_4813,0.10938793420791626
F3627,feature_3627,0.10935702919960022
F4151,feature_4151,0.10935351252555847
F2108,feature_2108,0.10934822261333466
F808,feature_808,0.10933376103639603
F1854,feature_1854,0.10932818800210953
F194,feature_194,0.1093074157834053
F2827,feature_2827,0.10928894579410553
F6269,feature_6269,0.10928753018379211
F5559,feature_5559,0.10925888270139694
F6283,feature_6283,0.1092519611120224
F3813,feature_3813,0.1092488169670105
F2092,feature_2092,0.10924582183361053
F3532,feature_3532,0.10924297571182251
F5180,feature_5180,0.10924082249403
F3756,feature_3756,0.10923434048891068
F5363,feature_5363,0.10923143476247787
F4640,feature_4640,0.109211765229702
F1261,feature_1261,0.1092032864689827
F80,feature_80,0.10920228064060211
F2655,feature_2655,0.10918492078781128
F5868,feature_5868,0.1091780737042427
F1029,feature_1029,0.10915347188711166
F4749,feature_4749,0.10914316028356552
F3858,feature_3858,0.10913977771997452
F2180,feature_2180,0.10910544544458389
F5725,feature_5725,0.10909093916416168
F2991,feature_2991,0.10906947404146194
F3470,feature_3470,0.1090564876794815
F3248,feature_3248,0.10905449092388153
F777,feature_777,0.10904982686042786
F3559,feature_3559,0.10903649032115936
F356,feature_356,0.10901365429162979
F3946,feature_3946,0.10901184380054474
F4608,feature_4608,0.1090003028512001
F2575,feature_2575,0.10899730771780014
F5299,feature_5299,0.1089782863855362
F633,feature_633,0.10897579789161682
F4958,feature_4958,0.10896845161914825
F4450,feature_4450,0.10896722227334976
F2416,feature_2416,0.10894221812486649
F520,feature_520,0.10889742523431778
F383,feature_383,0.10889440029859543
F971,feature_971,0.10888868570327759
F2737,feature_2737,0.1088748648762703
F387,feature_387,0.10887395590543747
F4888,feature_4888,0.10886689275503159
F1128,feature_1128,0.10881666839122772
F842,feature_842,0.1088143140077591
F5572,feature_5572,0.10881080478429794
F1887,feature_1887,0.1088055968284607
F2492,feature_2492,0.10880277305841446
F754,feature_754,0.10879390686750412
F155,feature_155,0.10878633707761765
F5732,feature_5732,0.10878132283687592
F5291,feature_5291,0.1087806448340416
F4326,feature_4326,0.10874605178833008
F2353,feature_2353,0.10871460288763046
F1037,feature_1037,0.10870293527841568
F3958,feature_3958,0.10868726670742035
F3071,feature_3071,0.10868723690509796
F919,feature_919,0.10867594182491302
F301,feature_301,0.10865727812051773
F1532,feature_1532,0.10863455384969711
F1372,feature_1372,0.10863351821899414
F4979,feature_4979,0.1086227297782898
F6116,feature_6116,0.10862144082784653
F1451,feature_1451,0.10861707478761673
F624,feature_624,0.10861684381961823
F1157,feature_1157,0.10861355811357498
F74,feature_74,0.10860594362020493
F2882,feature_2882,0.10860232263803482
F5849,feature_5849,0.10858601331710815
F452,feature_452,0.10858054459095001
F2885,feature_2885,0.10856658220291138
F5538,feature_5538,0.10855182260274887
F59,feature_59,0.10855121910572052
F951,feature_951,0.1085430458188057
F2081,feature_2081,0.10853332281112671
F5325,feature_5325,0.10853058844804764
F2913,feature_2913,0.10852976143360138
F5545,feature_5545,0.10849204659461975
F3711,feature_3711,0.10847025364637375
F3214,feature_3214,0.1084456667304039
F495,feature_495,0.10841675847768784
F2481,feature_2481,0.10840509086847305
F3516,feature_3516,0.10839857161045074
F539,feature_539,0.10838905721902847
F4158,feature_4158,0.10838675498962402
F3096,feature_3096,0.10837485641241074
F4528,feature_4528,0.1083689033985138
F4557,feature_4557,0.10836068540811539
F5407,feature_5407,0.10834576934576035
F3995,feature_3995,0.10833237320184708
F1197,feature_1197,0.1083282008767128
F2852,feature_2852,0.10830394178628922
F2408,feature_2408,0.10829633474349976
F2666,feature_2666,0.10827236622571945
F5872,feature_5872,0.10825689136981964
F3555,feature_3555,0.10822469741106033
F3384,feature_3384,0.10822419077157974
F5608,feature_5608,0.10821916908025742
F2839,feature_2839,0.10819686949253082
F307,feature_307,0.10815747082233429
F759,feature_759,0.10814612358808517
F2964,feature_2964,0.10812732577323914
F5727,feature_5727,0.10811927914619446
F5359,feature_5359,0.10809895396232605
F3169,feature_3169,0.10808813571929932
F2886,feature_2886,0.10808301717042923
F464,feature_464,0.10807815939188004
F4481,feature_4481,0.108073890209198
F5488,feature_5488,0.10806704312562943
F5484,feature_5484,0.10805300623178482
F3319,feature_3319,0.10805131494998932
F1460,feature_1460,0.1080377995967865
F5635,feature_5635,0.10803201794624329
F6068,feature_6068,0.10801706463098526
F4079,feature_4079,0.10801590979099274
F3640,feature_3640,0.10801540315151215
F5788,feature_5788,0.1080116257071495
F1433,feature_1433,0.10799391567707062
F3809,feature_3809,0.10798056423664093
F5499,feature_5499,0.10796063393354416
F5102,feature_5102,0.10794556885957718
F612,feature_612,0.1079452782869339
F5831,feature_5831,0.10794292390346527
F64,feature_64,0.10793028026819229
F406,feature_406,0.10790159553289413
F2173,feature_2173,0.1078944057226181
F5985,feature_5985,0.10783354192972183
F2226,feature_2226,0.10781931132078171
F3155,feature_3155,0.10781656950712204
F6270,feature_6270,0.10780695080757141
F3901,feature_3901,0.10775598138570786
F232,feature_232,0.10775132477283478
F1094,feature_1094,0.1077495887875557
F5402,feature_5402,0.10774487257003784
F56,feature_56,0.10773644596338272
F5713,feature_5713,0.10772515088319778
F4720,feature_4720,0.10771480947732925
F5418,feature_5418,0.10769330710172653
F447,feature_447,0.10768672078847885
F2027,feature_2027,0.10766279697418213
F5798,feature_5798,0.10764098167419434
F4238,feature_4238,0.10762091726064682
F1947,feature_1947,0.10762052237987518
F275,feature_275,0.10760530829429626
F1305,feature_1305,0.10759598761796951
F5770,feature_5770,0.10757144540548325
F757,feature_757,0.10756026208400726
F445,feature_445,0.10755994915962219
F860,feature_860,0.10755681991577148
F2401,feature_2401,0.10752887278795242
F4893,feature_4893,0.10752467811107635
F5700,feature_5700,0.10752280056476593
F2658,feature_2658,0.10752230137586594
F2453,feature_2453,0.10752188414335251
F4235,feature_4235,0.10751880705356598
F1150,feature_1150,0.10751078277826309
F896,feature_896,0.10751013457775116
F2472,feature_2472,0.10750339925289154
F5464,feature_5464,0.1074916273355484
F461,feature_461,0.10747484117746353
F763,feature_763,0.10746648162603378
F2534,feature_2534,0.10744117945432663
F1178,feature_1178,0.10743232071399689
F1383,feature_1383,0.10742899775505066
F5115,feature_5115,0.1074252501130104
F201,feature_201,0.10741585493087769
F1296,feature_1296,0.10741009563207626
F4811,feature_4811,0.10740607231855392
F296,feature_296,0.10738654434680939
F3312,feature_3312,0.1073864996433258
F3597,feature_3597,0.10737534612417221
F1106,feature_1106,0.10737164318561554
F3008,feature_3008,0.10737071931362152
F5335,feature_5335,0.10737071186304092
F3778,feature_3778,0.10736707597970963
F1774,feature_1774,0.1073542907834053
F1295,feature_1295,0.10735123604536057
F5415,feature_5415,0.10734599828720093
F1380,feature_1380,0.10731539130210876
F3547,feature_3547,0.10731060057878494
F2926,feature_2926,0.10729667544364929
F5039,feature_5039,0.1072966456413269
F5219,feature_5219,0.10728392750024796
F4355,feature_4355,0.1072748526930809
F3130,feature_3130,0.10726474225521088
F4902,feature_4902,0.10725834220647812
F6234,feature_6234,0.10725781321525574
F4662,feature_4662,0.10724745690822601
F2819,feature_2819,0.1072445958852768
F5255,feature_5255,0.10723946243524551
F6033,feature_6033,0.10723894089460373
F1130,feature_1130,0.10723771154880524
F4803,feature_4803,0.10723621398210526
F63,feature_63,0.10722270607948303
F4038,feature_4038,0.10722045600414276
F1236,feature_1236,0.10721170902252197
F3632,feature_3632,0.10720250755548477
F4294,feature_4294,0.10719898343086243
F2434,feature_2434,0.10719223320484161
F314,feature_314,0.10718750953674316
F2774,feature_2774,0.10717836022377014
F690,feature_690,0.10715214163064957
F2350,feature_2350,0.10712933540344238
F603,feature_603,0.10712725669145584
F5459,feature_5459,0.10710179805755615
F6191,feature_6191,0.10709387063980103
F4234,feature_4234,0.10709384828805923
F4031,feature_4031,0.10708379745483398
F5577,feature_5577,0.10707777738571167
F6137,feature_6137,0.10707777738571167
F129,feature_129,0.10707210004329681
F2352,feature_2352,0.10705655813217163
F3558,feature_3558,0.10705418139696121
F3789,feature_3789,0.10705394297838211
F4107,feature_4107,0.10703964531421661
F5885,feature_5885,0.10701947659254074
F4833,feature_4833,0.10700440406799316
F3728,feature_3728,0.10700397193431854
F5449,feature_5449,0.1070018857717514
F5707,feature_5707,0.1069839745759964
F4034,feature_4034,0.10698020458221436
F6109,feature_6109,0.106979139149189
F1052,feature_1052,0.10697543621063232
F4960,feature_4960,0.10695037245750427
F65,feature_65,0.10693769156932831
F3398,feature_3398,0.10692744702100754
F3788,feature_3788,0.10689406841993332
F5245,feature_5245,0.10689068585634232
F137,feature_137,0.10688357800245285
F3434,feature_3434,0.10687488317489624
F5672,feature_5672,0.10687322914600372
F5470,feature_5470,0.10685661435127258
F994,feature_994,0.10685643553733826
F4635,feature_4635,0.10685419291257858
F2733,feature_2733,0.1068461462855339
F4954,feature_4954,0.10683324187994003
F2756,feature_2756,0.10683289170265198
F4716,feature_4716,0.1068231388926506
F3679,feature_3679,0.10681495815515518
F4930,feature_4930,0.10677118599414825
F1605,feature_1605,0.10676928609609604
F5342,feature_5342,0.1067623719573021
F3550,feature_3550,0.10676123201847076
F877,feature_877,0.10675962269306183
F3554,feature_3554,0.10673937946557999
F531,feature_531,0.10673141479492188
F3066,feature_3066,0.10673141479492188
F623,feature_623,0.10671447217464447
F6135,feature_6135,0.10670428723096848
F3626,feature_3626,0.1066763699054718
F3634,feature_3634,0.10663057118654251
F4949,feature_4949,0.106625497341156
F3053,feature_3053,0.10660950839519501
F2759,feature_2759,0.10660770535469055
F3344,feature_3344,0.10660102218389511
F5451,feature_5451,0.10657580196857452
F5054,feature_5054,0.10655360668897629
F3184,feature_3184,0.10655145347118378
F373,feature_373,0.10654763132333755
F915,feature_915,0.10654598474502563
F3719,feature_3719,0.10654186457395554
F1764,feature_1764,0.1065332293510437
F4765,feature_4765,0.10652077943086624
F139,feature_139,0.10651858150959015
F827,feature_827,0.10650404542684555
F133,feature_133,0.10650385171175003
F2934,feature_2934,0.1064956784248352
F3105,feature_3105,0.10648004710674286
F879,feature_879,0.10647806525230408
F54,feature_54,0.10647433251142502
F5569,feature_5569,0.1064656600356102
F1005,feature_1005,0.10646125674247742
F1292,feature_1292,0.10643098503351212
F5943,feature_5943,0.10642726719379425
F3179,feature_3179,0.10641692578792572
F5072,feature_5072,0.10640700161457062
F2971,feature_2971,0.10639730840921402
F5014,feature_5014,0.1063971072435379
F3618,feature_3618,0.10638628154993057
F3485,feature_3485,0.10638583451509476
F3652,feature_3652,0.1063680574297905
F4562,feature_4562,0.10635809600353241
F5959,feature_5959,0.10635388642549515
F5523,feature_5523,0.10633829981088638
F6151,feature_6151,0.10633791238069534
F2028,feature_2028,0.10633688420057297
F69,feature_69,0.10633149743080139
F3336,feature_3336,0.10632293671369553
F325,feature_325,0.10632085800170898
F371,feature_371,0.10630723088979721
F4098,feature_4098,0.10630591958761215
F635,feature_635,0.10629760473966599
F3475,feature_3475,0.10627459734678268
F6190,feature_6190,0.10627225041389465
F3477,feature_3477,0.10627071559429169
F3006,feature_3006,0.10625097900629044
F5957,feature_5957,0.10624770820140839
F987,feature_987,0.10623141378164291
F279,feature_279,0.10623087733983994
F1362,feature_1362,0.10618864744901657
F849,feature_849,0.10617922991514206
F3235,feature_3235,0.10617315024137497
F4028,feature_4028,0.10616843402385712
F1301,feature_1301,0.10614922642707825
F533,feature_533,0.10614917427301407
F5873,feature_5873,0.10614502429962158
F4156,feature_4156,0.1061229333281517
F3396,feature_3396,0.10611552745103836
F4554,feature_4554,0.1061118096113205
F5776,feature_5776,0.10609876364469528
F2978,feature_2978,0.10609480738639832
F5360,feature_5360,0.10607744753360748
F3425,feature_3425,0.10606420785188675
F5600,feature_5600,0.10606277734041214
F5554,feature_5554,0.10605438798666
F560,feature_560,0.10601092875003815
F1308,feature_1308,0.10598500818014145
F2423,feature_2423,0.10598180443048477
F1862,feature_1862,0.10598166286945343
F1691,feature_1691,0.10598132759332657
F2969,feature_2969,0.10594916343688965
F2661,feature_2661,0.10593325644731522
F961,feature_961,0.10591838508844376
F1752,feature_1752,0.10591538995504379
F4767,feature_4767,0.10591460764408112
F960,feature_960,0.10590028017759323
F4946,feature_4946,0.10588807612657547
F72,feature_72,0.1058877557516098
F3617,feature_3617,0.1058790385723114
F4338,feature_4338,0.10587271302938461
F470,feature_470,0.1058722659945488
F351,feature_351,0.10585971921682358
F3520,feature_3520,0.10584410279989243
F1858,feature_1858,0.1058429405093193
F5960,feature_5960,0.10582097619771957
F5769,feature_5769,0.10581815242767334
F5531,feature_5531,0.10579288005828857
F639,feature_639,0.10577164590358734
F738,feature_738,0.10574755817651749
F3556,feature_3556,0.10574565082788467
F215,feature_215,0.10574045777320862
F5254,feature_5254,0.1057375892996788
F2769,feature_2769,0.1057332381606102
F665,feature_665,0.10572753101587296
F4982,feature_4982,0.10571035742759705
F1352,feature_1352,0.10568012297153473
F3466,feature_3466,0.10567846149206161
F5073,feature_5073,0.10567181557416916
F5105,feature_5105,0.10565889626741409
F403,feature_403,0.10564589500427246
F6375,feature_6375,0.10563728958368301
F6264,feature_6264,0.10563687235116959
F3167,feature_3167,0.10561792552471161
F1462,feature_1462,0.10561085492372513
F5800,feature_5800,0.10559786856174469
F4952,feature_4952,0.10558832436800003
F90,feature_90,0.10558637976646423
F5833,feature_5833,0.10558325052261353
F1082,feature_1082,0.10556510835886002
F5827,feature_5827,0.10556251555681229
F4210,feature_4210,0.10556110739707947
F3957,feature_3957,0.10554701089859009
F5814,feature_5814,0.10554588586091995
F4295,feature_4295,0.10553497076034546
F1015,feature_1015,0.10552017390727997
F3521,feature_3521,0.10551026463508606
F1933,feature_1933,0.1055072471499443
F2128,feature_2128,0.10550453513860703
F5910,feature_5910,0.10549522191286087
F4830,feature_4830,0.10548833757638931
F5560,feature_5560,0.10548827797174454
F2433,feature_2433,0.10548737645149231
F2100,feature_2100,0.10546249896287918
F1353,feature_1353,0.10545829683542252
F4802,feature_4802,0.10545732825994492
F5400,feature_5400,0.10544873028993607
F4470,feature_4470,0.10541391372680664
F5120,feature_5120,0.10541276633739471
F6006,feature_6006,0.10540992021560669
F1833,feature_1833,0.10538934916257858
F2738,feature_2738,0.10537703335285187
F4375,feature_4375,0.10535690933465958
F6272,feature_6272,0.10535081475973129
F2589,feature_2589,0.10534501075744629
F2674,feature_2674,0.10534340888261795
F5201,feature_5201,0.10534221678972244
F2573,feature_2573,0.10533422976732254
F5774,feature_5774,0.10530918836593628
F1529,feature_1529,0.1053081527352333
F5726,feature_5726,0.105302594602108
F1586,feature_1586,0.10528893768787384
F4420,feature_4420,0.10527336597442627
F2962,feature_2962,0.1052660420536995
F2260,feature_2260,0.10526423901319504
F5466,feature_5466,0.10526184737682343
F2451,feature_2451,0.10525837540626526
F2821,feature_2821,0.1052502989768982
F2417,feature_2417,0.10524655878543854
F396,feature_396,0.1052386686205864
F1068,feature_1068,0.10523751378059387
F2050,feature_2050,0.10522539913654327
F4995,feature_4995,0.1052253320813179
F2917,feature_2917,0.10520662367343903
F5207,feature_5207,0.10518794506788254
F4001,feature_4001,0.10518688708543777
F1104,feature_1104,0.10515208542346954
F5946,feature_5946,0.10514204204082489
F2902,feature_2902,0.10513360053300858
F3052,feature_3052,0.1051107868552208
F6312,feature_6312,0.10509252548217773
F4094,feature_4094,0.10509151965379715
F491,feature_491,0.10509088635444641
F4797,feature_4797,0.10508359968662262
F6268,feature_6268,0.10508157312870026
F3623,feature_3623,0.10507957637310028
F5444,feature_5444,0.10507427901029587
F1095,feature_1095,0.10506301373243332
F6223,feature_6223,0.10505940020084381
F557,feature_557,0.10505779832601547
F4072,feature_4072,0.10503541678190231
F2432,feature_2432,0.10503389686346054
F1995,feature_1995,0.10502968728542328
F1810,feature_1810,0.10498369485139847
F602,feature_602,0.10498114675283432
F4154,feature_4154,0.10496480017900467
F3630,feature_3630,0.10496293753385544
F3872,feature_3872,0.10495111346244812
F4715,feature_4715,0.10493908822536469
F4566,feature_4566,0.10492800921201706
F2894,feature_2894,0.10492794960737228
F308,feature_308,0.1049250140786171
F404,feature_404,0.10489773750305176
F10,feature_10,0.10488078743219376
F1530,feature_1530,0.10487795621156693
F2203,feature_2203,0.10487617552280426
F4704,feature_4704,0.10487590730190277
F5530,feature_5530,0.10485825687646866
F3492,feature_3492,0.10484708845615387
F5336,feature_5336,0.10484367609024048
F4668,feature_4668,0.104840949177742
F3037,feature_3037,0.10483962297439575
F1373,feature_1373,0.1048385351896286
F1085,feature_1085,0.1048053428530693
F362,feature_362,0.10478872805833817
F2656,feature_2656,0.1047758087515831
F5380,feature_5380,0.1047743409872055
F1381,feature_1381,0.104772187769413
F2826,feature_2826,0.10476984828710556
F1215,feature_1215,0.10476356744766235
F4451,feature_4451,0.10476234555244446
F542,feature_542,0.10476106405258179
F6185,feature_6185,0.10474634915590286
F5984,feature_5984,0.10473928600549698
F981,feature_981,0.10470568388700485
F529,feature_529,0.10470288246870041
F6203,feature_6203,0.10469678044319153
F6365,feature_6365,0.10469678044319153
F140,feature_140,0.10469315201044083
F1228,feature_1228,0.10469263046979904
F2896,feature_2896,0.1046869233250618
F58,feature_58,0.10468004643917084
F233,feature_233,0.10467341542243958
F1814,feature_1814,0.10466531664133072
F2773,feature_2773,0.10466330498456955
F4231,feature_4231,0.10465967655181885
F2006,feature_2006,0.10465355962514877
F2518,feature_2518,0.10464367270469666
F5865,feature_5865,0.10464230179786682
F4469,feature_4469,0.10462518036365509
F6114,feature_6114,0.1046249121427536
F2509,feature_2509,0.10462053120136261
F2662,feature_2662,0.10461599379777908
F1203,feature_1203,0.10459870100021362
F5737,feature_5737,0.10457829385995865
F2986,feature_2986,0.10457310825586319
F640,feature_640,0.10453048348426819
F846,feature_846,0.10450942069292068
F611,feature_611,0.1044977456331253
F3382,feature_3382,0.10449155420064926
F3297,feature_3297,0.1044861376285553
F731,feature_731,0.10446707159280777
F3595,feature_3595,0.10444172471761703
F5409,feature_5409,0.1044410839676857
F4388,feature_4388,0.10444016009569168
F2425,feature_2425,0.1044391393661499
F5486,feature_5486,0.10443558543920517
F4269,feature_4269,0.10443318635225296
F417,feature_417,0.10442916303873062
F6070,feature_6070,0.10441314429044724
F4723,feature_4723,0.10439934581518173
F6318,feature_6318,0.10439077764749527
F1105,feature_1105,0.10438980907201767
F844,feature_844,0.10438339412212372
F2669,feature_2669,0.10437960177659988
F2817,feature_2817,0.10437709838151932
F67,feature_67,0.10437651723623276
F142,feature_142,0.10437619686126709
F5866,feature_5866,0.10437531024217606
F1967,feature_1967,0.10436984151601791
F5882,feature_5882,0.10435289889574051
F2273,feature_2273,0.10432490706443787
F1940,feature_1940,0.10427603870630264
F2837,feature_2837,0.10427559167146683
F4482,feature_4482,0.10427528619766235
F5583,feature_5583,0.1042746901512146
F2324,feature_2324,0.104273721575737
F5735,feature_5735,0.10426580905914307
F756,feature_756,0.10423614829778671
F230,feature_230,0.10421581566333771
F4023,feature_4023,0.10420448333024979
F3273,feature_3273,0.1042041927576065
F385,feature_385,0.10419618338346481
F5797,feature_5797,0.10418836027383804
F5891,feature_5891,0.1041855737566948
F969,feature_969,0.1041516363620758
F4159,feature_4159,0.10413951426744461
F2328,feature_2328,0.10413429141044617
F86,feature_86,0.10410291701555252
F3267,feature_3267,0.10410171002149582
F227,feature_227,0.10407304018735886
F5123,feature_5123,0.10406698286533356
F4105,feature_4105,0.10406558960676193
F1616,feature_1616,0.10406345129013062
F2583,feature_2583,0.10406289994716644
F165,feature_165,0.10403718054294586
F3413,feature_3413,0.10402978956699371
F688,feature_688,0.10402031242847443
F2746,feature_2746,0.10400751978158951
F1707,feature_1707,0.10399609059095383
F1103,feature_1103,0.1039801612496376
F3395,feature_3395,0.10396523773670197
F563,feature_563,0.10396461188793182
F284,feature_284,0.10396363586187363
F1855,feature_1855,0.10396216064691544
F3471,feature_3471,0.10395396500825882
F2456,feature_2456,0.10394208133220673
F5178,feature_5178,0.10392525047063828
F1787,feature_1787,0.1039198487997055
F1842,feature_1842,0.10389985144138336
F1238,feature_1238,0.10389984399080276
F5952,feature_5952,0.1038990318775177
F1089,feature_1089,0.10389823466539383
F804,feature_804,0.10389722883701324
F2840,feature_2840,0.1038752868771553
F4246,feature_4246,0.10384903103113174
F4947,feature_4947,0.10384806245565414
F5461,feature_5461,0.10384782403707504
F5651,feature_5651,0.10384508967399597
F5871,feature_5871,0.10383008420467377
F3494,feature_3494,0.103809654712677
F6232,feature_6232,0.10379330068826675
F6139,feature_6139,0.10377851128578186
F3220,feature_3220,0.10377120226621628
F3224,feature_3224,0.1037590354681015
F803,feature_803,0.10375045239925385
F5290,feature_5290,0.10374225676059723
F6074,feature_6074,0.10374189913272858
F3170,feature_3170,0.10374175012111664
F1244,feature_1244,0.10373653471469879
F998,feature_998,0.10373622924089432
F2536,feature_2536,0.10372783988714218
F814,feature_814,0.10371684283018112
F5634,feature_5634,0.10371394455432892
F952,feature_952,0.10366597771644592
F4093,feature_4093,0.10366009175777435
F5052,feature_5052,0.10364513844251633
F1181,feature_1181,0.10364307463169098
F2619,feature_2619,0.10364152491092682
F2721,feature_2721,0.1036379337310791
F436,feature_436,0.10362795740365982
F1888,feature_1888,0.1036188155412674
F4793,feature_4793,0.10361308604478836
F776,feature_776,0.10360486060380936
F5369,feature_5369,0.10358190536499023
F5217,feature_5217,0.10356645286083221
F2740,feature_2740,0.10355217754840851
F4332,feature_4332,0.1035458967089653
F4910,feature_4910,0.10354328900575638
F3701,feature_3701,0.10353955626487732
F532,feature_532,0.10353320091962814
F481,feature_481,0.10351306200027466
F2162,feature_2162,0.10350805521011353
F5447,feature_5447,0.10350476205348969
F5687,feature_5687,0.1034960001707077
F800,feature_800,0.10349294543266296
F4548,feature_4548,0.1034766435623169
F6266,feature_6266,0.10346157103776932
F75,feature_75,0.10346097499132156
F3341,feature_3341,0.1034606322646141
F4027,feature_4027,0.10345788300037384
F5829,feature_5829,0.10345732420682907
F6302,feature_6302,0.10344746708869934
F469,feature_469,0.10344066470861435
F4485,feature_4485,0.10343987494707108
F3812,feature_3812,0.10343930125236511
F3172,feature_3172,0.10342226177453995
F5223,feature_5223,0.1034216582775116
F821,feature_821,0.10342063754796982
F278,feature_278,0.10341575741767883
F4580,feature_4580,0.10340726375579834
F4739,feature_4739,0.10340487957000732
F2435,feature_2435,0.10339271277189255
F4839,feature_4839,0.10337282717227936
F6346,feature_6346,0.10335595160722733
F4297,feature_4297,0.10333899408578873
F13,feature_13,0.1033288836479187
F4076,feature_4076,0.1033235713839531
F2641,feature_2641,0.10331661254167557
F2323,feature_2323,0.1033129021525383
F48,feature_48,0.10330568999052048
F6267,feature_6267,0.10330037772655487
F1937,feature_1937,0.10328987240791321
F2356,feature_2356,0.10328017920255661
F2469,feature_2469,0.10327936708927155
F369,feature_369,0.1032615527510643
F2564,feature_2564,0.10325447469949722
F3713,feature_3713,0.1032472476363182
F4157,feature_4157,0.10323391109704971
F1694,feature_1694,0.10323069244623184
F2961,feature_2961,0.10322974622249603
F890,feature_890,0.10322511196136475
F2657,feature_2657,0.1032060757279396
F2652,feature_2652,0.10319604724645615
F902,feature_902,0.10318153351545334
F4675,feature_4675,0.10317938029766083
F1158,feature_1158,0.10316550731658936
F5822,feature_5822,0.10315828025341034
F876,feature_876,0.10315293818712234
F1596,feature_1596,0.10314145684242249
F6153,feature_6153,0.10312416404485703
F152,feature_152,0.10310302674770355
F1447,feature_1447,0.10310117155313492
F5981,feature_5981,0.1030857190489769
F2791,feature_2791,0.10307837277650833
F4609,feature_4609,0.10307414084672928
F4252,feature_4252,0.10307281464338303
F798,feature_798,0.10306831449270248
F2811,feature_2811,0.1030641496181488
F5396,feature_5396,0.10305701941251755
F3897,feature_3897,0.10303910821676254
F2497,feature_2497,0.10303109884262085
F1687,feature_1687,0.10301988571882248
F6352,feature_6352,0.10300163924694061
F5816,feature_5816,0.1029958575963974
F1667,feature_1667,0.10298995673656464
F3454,feature_3454,0.10298942029476166
F1449,feature_1449,0.10298839956521988
F441,feature_441,0.10298534482717514
F3309,feature_3309,0.10298154503107071
F4913,feature_4913,0.10297922044992447
F4956,feature_4956,0.1029740422964096
F1237,feature_1237,0.1029687449336052
F2292,feature_2292,0.10296142101287842
F5149,feature_5149,0.10295901447534561
F913,feature_913,0.10295800119638443
F4808,feature_4808,0.10295278578996658
F326,feature_326,0.10294435918331146
F4022,feature_4022,0.10292966663837433
F4529,feature_4529,0.10291958600282669
F4486,feature_4486,0.10291880369186401
F463,feature_463,0.10290578752756119
F2975,feature_2975,0.10289698094129562
F3437,feature_3437,0.10289505124092102
F4577,feature_4577,0.10288718342781067
F246,feature_246,0.1028602346777916
F2348,feature_2348,0.10285799950361252
F4926,feature_4926,0.10285545140504837
F1115,feature_1115,0.10285328328609467
F360,feature_360,0.1028444692492485
F4016,feature_4016,0.1028442531824112
F2535,feature_2535,0.10284058004617691
F195,feature_195,0.10283967107534409
F4590,feature_4590,0.10283922404050827
F3541,feature_3541,0.10280793160200119
F2970,feature_2970,0.10279373079538345
F3731,feature_3731,0.10278867930173874
F1915,feature_1915,0.10277672857046127
F2927,feature_2927,0.10277006030082703
F2091,feature_2091,0.10276908427476883
F5031,feature_5031,0.1027461364865303
F6196,feature_6196,0.10274405777454376
F739,feature_739,0.10274261981248856
F3733,feature_3733,0.10273921489715576
F3651,feature_3651,0.10273417085409164
F5292,feature_5292,0.10272299498319626
F5340,feature_5340,0.10270760953426361
F2490,feature_2490,0.10269811004400253
F1009,feature_1009,0.10268717259168625
F3798,feature_3798,0.1026793122291565
F769,feature_769,0.1026768609881401
F5004,feature_5004,0.10266770422458649
F1190,feature_1190,0.10266144573688507
F5605,feature_5605,0.10265298932790756
F4919,feature_4919,0.1026451587677002
F1194,feature_1194,0.10263991355895996
F606,feature_606,0.10263483226299286
F3393,feature_3393,0.10262732952833176
F1766,feature_1766,0.10262380540370941
F2689,feature_2689,0.10262015461921692
F62,feature_62,0.10261794924736023
F912,feature_912,0.10261283069849014
F601,feature_601,0.102602519094944
F713,feature_713,0.1025768369436264
F3857,feature_3857,0.10257497429847717
F2209,feature_2209,0.10257264226675034
F1321,feature_1321,0.10257149487733841
F4845,feature_4845,0.10256578028202057
F2404,feature_2404,0.10256197303533554
F5955,feature_5955,0.10252950340509415
F2581,feature_2581,0.10252945870161057
F5084,feature_5084,0.10251534730195999
F3753,feature_3753,0.10250511765480042
F2893,feature_2893,0.10249440371990204
F5397,feature_5397,0.1024748831987381
F4878,feature_4878,0.10245871543884277
F2493,feature_2493,0.10245486348867416
F5944,feature_5944,0.10244614630937576
F3264,feature_3264,0.10244092345237732
F5005,feature_5005,0.10243937373161316
F980,feature_980,0.10243538022041321
F837,feature_837,0.10243034362792969
F3078,feature_3078,0.10242225229740143
F4035,feature_4035,0.10242163389921188
F852,feature_852,0.10241852700710297
F3355,feature_3355,0.10240823030471802
F2532,feature_2532,0.10240016132593155
F4579,feature_4579,0.10239742696285248
F5228,feature_5228,0.10239101946353912
F4073,feature_4073,0.1023852676153183
F4213,feature_4213,0.10238346457481384
F2810,feature_2810,0.10237611085176468
F6275,feature_6275,0.10237378627061844
F3616,feature_3616,0.10236921161413193
F2831,feature_2831,0.10236453264951706
F5653,feature_5653,0.10235769301652908
F6397,feature_6397,0.10234951972961426
F1221,feature_1221,0.10234773904085159
F6294,feature_6294,0.102345772087574
F755,feature_755,0.10234471410512924
F5108,feature_5108,0.10233323276042938
F479,feature_479,0.10232364386320114
F1927,feature_1927,0.10231807827949524
F878,feature_878,0.10230724513530731
F4106,feature_4106,0.10230480134487152
F5231,feature_5231,0.10230370610952377
F1287,feature_1287,0.10228753834962845
F2447,feature_2447,0.10228365659713745
F6064,feature_6064,0.1022784635424614
F2373,feature_2373,0.10226990282535553
F2002,feature_2002,0.10226234048604965
F3376,feature_3376,0.1022363156080246
F1378,feature_1378,0.10222367942333221
F2483,feature_2483,0.10222242772579193
F3458,feature_3458,0.1022198423743248
F92,feature_92,0.10221665352582932
F5278,feature_5278,0.10221073031425476
F292,feature_292,0.10218855738639832
F2504,feature_2504,0.10218547284603119
F1690,feature_1690,0.10218515992164612
F2753,feature_2753,0.10217713564634323
F4894,feature_4894,0.10217210650444031
F518,feature_518,0.10217150300741196
F3815,feature_3815,0.10217012465000153
F3992,feature_3992,0.1021636500954628
F3389,feature_3389,0.10216110199689865
F2322,feature_2322,0.10214506089687347
F3033,feature_3033,0.10214346647262573
F3546,feature_3546,0.10213465988636017
F1032,feature_1032,0.10212908685207367
F3926,feature_3926,0.10210588574409485
F4292,feature_4292,0.10208463668823242
F1042,feature_1042,0.10207755863666534
F5018,feature_5018,0.1020742878317833
F3996,feature_3996,0.10205230116844177
F4741,feature_4741,0.10205195099115372
F277,feature_277,0.10204949229955673
F5742,feature_5742,0.10204596817493439
F855,feature_855,0.10204211622476578
F2933,feature_2933,0.10202670842409134
F5718,feature_5718,0.10201440006494522
F159,feature_159,0.10200036317110062
F4889,feature_4889,0.10199517011642456
F3388,feature_3388,0.10198987275362015
F5734,feature_5734,0.10198472440242767
F4750,feature_4750,0.10198252648115158
F2752,feature_2752,0.10197830200195312
F1278,feature_1278,0.10196340829133987
F2462,feature_2462,0.10196099430322647
F4226,feature_4226,0.10195396095514297
F1865,feature_1865,0.10194091498851776
F5867,feature_5867,0.10193723440170288
F1119,feature_1119,0.10193481296300888
F5899,feature_5899,0.10192451626062393
F2106,feature_2106,0.1019095629453659
F5654,feature_5654,0.10188628733158112
F1048,feature_1048,0.10187886655330658
F3708,feature_3708,0.10186882317066193
F5948,feature_5948,0.10186824202537537
F2387,feature_2387,0.10186045616865158
F5730,feature_5730,0.10185322910547256
F6285,feature_6285,0.10185012966394424
F1597,feature_1597,0.10184881091117859
F5119,feature_5119,0.1018354594707489
F39,feature_39,0.10181385278701782
F3049,feature_3049,0.10180980712175369
F5964,feature_5964,0.10180779546499252
F5349,feature_5349,0.1017938032746315
F2272,feature_2272,0.10179100185632706
F5467,feature_5467,0.10179018974304199
F355,feature_355,0.10178687423467636
F2131,feature_2131,0.10178171098232269
F4296,feature_4296,0.10177019983530045
F4657,feature_4657,0.10176650434732437
F3622,feature_3622,0.10176559537649155
F3334,feature_3334,0.10175149887800217
F2418,feature_2418,0.10174696147441864
F6298,feature_6298,0.10173916816711426
F1179,feature_1179,0.10173435509204865
F3050,feature_3050,0.10172571241855621
F936,feature_936,0.1017221212387085
F2743,feature_2743,0.10171427577733994
F956,feature_956,0.10170252621173859
F413,feature_413,0.10169272869825363
F2772,feature_2772,0.10169040411710739
F5636,feature_5636,0.10168114304542542
F5692,feature_5692,0.10167766362428665
F645,feature_645,0.1016768217086792
F283,feature_283,0.10166461020708084
F5966,feature_5966,0.10164917260408401
F1204,feature_1204,0.1016443595290184
F164,feature_164,0.10164213925600052
F1666,feature_1666,0.10163599997758865
F1289,feature_1289,0.10161080956459045
F3,feature_3,0.10161026567220688
F4896,feature_4896,0.10160444676876068
F2702,feature_2702,0.10159821063280106
F856,feature_856,0.10157779604196548
F2912,feature_2912,0.10156139731407166
F1186,feature_1186,0.10155703127384186
F247,feature_247,0.10154847800731659
F2903,feature_2903,0.10154474526643753
F1023,feature_1023,0.10153811424970627
F810,feature_810,0.10153800249099731
F4147,feature_4147,0.10153453052043915
F747,feature_747,0.10153444111347198
F2855,feature_2855,0.10153398662805557
F1926,feature_1926,0.10153193026781082
F4817,feature_4817,0.10152177512645721
F3463,feature_3463,0.10151500999927521
F3744,feature_3744,0.10150215774774551
F3209,feature_3209,0.1014707162976265
F4595,feature_4595,0.1014469712972641
F2184,feature_2184,0.10144079476594925
F4943,feature_4943,0.10143058747053146
F1679,feature_1679,0.10141738504171371
F2329,feature_2329,0.10141734033823013
F5046,feature_5046,0.10141164809465408
F6345,feature_6345,0.10140245407819748
F6301,feature_6301,0.10139849036931992
F1845,feature_1845,0.10139366239309311
F5246,feature_5246,0.10139128565788269
F5691,feature_5691,0.10137823969125748
F3166,feature_3166,0.10137419402599335
F3921,feature_3921,0.10136980563402176
F1083,feature_1083,0.10136432200670242
F4054,feature_4054,0.10135422646999359
F4152,feature_4152,0.10135151445865631
F6277,feature_6277,0.10133950412273407
F5481,feature_5481,0.10132715851068497
F1241,feature_1241,0.10132305324077606
F3777,feature_3777,0.10132003575563431
F5016,feature_5016,0.10131742060184479
F5815,feature_5815,0.10131622105836868
F5027,feature_5027,0.10130423307418823
F841,feature_841,0.10128095746040344
F5128,feature_5128,0.10127691179513931
F4981,feature_4981,0.10126250982284546
F4339,feature_4339,0.10126037150621414
F3653,feature_3653,0.10125904530286789
F4611,feature_4611,0.10124601423740387
F3409,feature_3409,0.10124175995588303
F1785,feature_1785,0.10123081505298615
F46,feature_46,0.10122472792863846
F4710,feature_4710,0.10122048854827881
F433,feature_433,0.1012178584933281
F5616,feature_5616,0.10120463371276855
F5034,feature_5034,0.10119161009788513
F5547,feature_5547,0.10117771476507187
F3624,feature_3624,0.10117129236459732
F5808,feature_5808,0.10115817934274673
F4059,feature_4059,0.1011534184217453
F6313,feature_6313,0.10115080326795578
F3864,feature_3864,0.10114249587059021
F3197,feature_3197,0.10113750398159027
F5563,feature_5563,0.1011243388056755
F986,feature_986,0.10112317651510239
F4512,feature_4512,0.10111145675182343
F4045,feature_4045,0.10111062228679657
F802,feature_802,0.10110771656036377
F4883,feature_4883,0.10110609978437424
F2892,feature_2892,0.10109231621026993
F1368,feature_1368,0.10109159350395203
F5091,feature_5091,0.10108762234449387
F3408,feature_3408,0.10108371824026108
F3387,feature_3387,0.10107677429914474
F2625,feature_2625,0.10107491165399551
F6295,feature_6295,0.10107363015413284
F340,feature_340,0.10106527805328369
F5441,feature_5441,0.10104840993881226
F4816,feature_4816,0.10104769468307495
F5604,feature_5604,0.10104557126760483
F3256,feature_3256,0.10104445368051529
F5244,feature_5244,0.1010369136929512
F4530,feature_4530,0.1010323241353035
F3838,feature_3838,0.10102658718824387
F154,feature_154,0.10102162510156631
F1193,feature_1193,0.10101506859064102
F2847,feature_2847,0.10100401937961578
F4293,feature_4293,0.10099417716264725
F1141,feature_1141,0.10099299997091293
F2171,feature_2171,0.10098785907030106
F2650,feature_2650,0.10098356008529663
F1189,feature_1189,0.1009797751903534
F4687,feature_4687,0.10096798092126846
F979,feature_979,0.10094349831342697
F967,feature_967,0.10094060003757477
F4259,feature_4259,0.10091539472341537
F4785,feature_4785,0.10089737176895142
F5143,feature_5143,0.10089702159166336
F2163,feature_2163,0.10089653730392456
F5940,feature_5940,0.10089091956615448
F2124,feature_2124,0.10088084638118744
F3250,feature_3250,0.10087043046951294
F6060,feature_6060,0.10086678713560104
F4431,feature_4431,0.10086334496736526
F2608,feature_2608,0.1008317843079567
F1609,feature_1609,0.10078214108943939
F6220,feature_6220,0.10076920688152313
F4498,feature_4498,0.10076264292001724
F3877,feature_3877,0.10075202584266663
F1041,feature_1041,0.10075012594461441
F5621,feature_5621,0.10074923187494278
F5887,feature_5887,0.10072821378707886
F4625,feature_4625,0.10072299093008041
F5476,feature_5476,0.10071268677711487
F4471,feature_4471,0.10070676356554031
F60,feature_60,0.10069843381643295
F2186,feature_2186,0.10069061815738678
F4254,feature_4254,0.10068058967590332
F1945,feature_1945,0.10067849606275558
F2621,feature_2621,0.1006733775138855
F2390,feature_2390,0.10066929459571838
F2064,feature_2064,0.10066913813352585
F1070,feature_1070,0.10066104680299759
F4645,feature_4645,0.10065476596355438
F2454,feature_2454,0.1006501093506813
F2510,feature_2510,0.10064840316772461
F6229,feature_6229,0.10060898214578629
F150,feature_150,0.10060224682092667
F1936,feature_1936,0.100586898624897
F972,feature_972,0.10057856142520905
F3480,feature_3480,0.10055191069841385
F2963,feature_2963,0.10054584592580795
F5557,feature_5557,0.10053631663322449
F3154,feature_3154,0.10052899271249771
F2530,feature_2530,0.10052425414323807
F1038,feature_1038,0.10052135586738586
F4722,feature_4722,0.1005159243941307
F4508,feature_4508,0.10051514953374863
F3460,feature_3460,0.10050196200609207
F4820,feature_4820,0.10050006955862045
F4501,feature_4501,0.10049006342887878
F5,feature_5,0.10048740357160568
F4216,feature_4216,0.10048520565032959
F1681,feature_1681,0.1004779264330864
F382,feature_382,0.1004725843667984
F5209,feature_5209,0.10047128796577454
F1325,feature_1325,0.1004614606499672
F4724,feature_4724,0.10045267641544342
F4568,feature_4568,0.10044975578784943
F4233,feature_4233,0.10043416917324066
F2485,feature_2485,0.1004059761762619
F6363,feature_6363,0.10040567815303802
F5803,feature_5803,0.1004050225019455
F4977,feature_4977,0.1004033163189888
F3313,feature_3313,0.10040106624364853
F964,feature_964,0.10039148479700089
F5567,feature_5567,0.1003890335559845
F199,feature_199,0.1003749668598175
F4576,feature_4576,0.1003636047244072
F6287,feature_6287,0.10036273300647736
F5095,feature_5095,0.10036178678274155
F2020,feature_2020,0.10036000609397888
F567,feature_567,0.10034901648759842
F170,feature_170,0.10031626373529434
F3426,feature_3426,0.1003042459487915
F5107,feature_5107,0.10029548406600952
F2279,feature_2279,0.10028697550296783
F5626,feature_5626,0.10027862340211868
F5440,feature_5440,0.10026682168245316
F1288,feature_1288,0.1002417802810669
F5069,feature_5069,0.10024116933345795
F1311,feature_1311,0.10023385286331177
F4219,feature_4219,0.10022521764039993
F6194,feature_6194,0.10022337734699249
F604,feature_604,0.10020337998867035
F1045,feature_1045,0.10020315647125244
F4138,feature_4138,0.10019280016422272
F367,feature_367,0.10018374025821686
F5558,feature_5558,0.10018060356378555
F5286,feature_5286,0.10017997026443481
F5175,feature_5175,0.10017777979373932
F917,feature_917,0.10017035901546478
F5183,feature_5183,0.10016712546348572
F6115,feature_6115,0.1001514419913292
F5812,feature_5812,0.10013768076896667
F948,feature_948,0.10012990981340408
F4114,feature_4114,0.10012128949165344
F1537,feature_1537,0.10010088235139847
F1627,feature_1627,0.10009988397359848
F6305,feature_6305,0.10009942948818207
F5088,feature_5088,0.10009771585464478
F4149,feature_4149,0.10007975995540619
F5627,feature_5627,0.10005592554807663
F237,feature_237,0.10004427284002304
F4509,feature_4509,0.10004154592752457
F1310,feature_1310,0.10003810375928879
F4243,feature_4243,0.10003169625997543
F5399,feature_5399,0.10002563148736954
F2138,feature_2138,0.09999904781579971
F774,feature_774,0.09999848902225494
F4652,feature_4652,0.09998657554388046
F2691,feature_2691,0.09996417164802551
F5832,feature_5832,0.09995460510253906
F3699,feature_3699,0.09994623064994812
F6112,feature_6112,0.09994375705718994
F1430,feature_1430,0.09990108013153076
F2724,feature_2724,0.0999004915356636
F3514,feature_3514,0.0998973548412323
F3263,feature_3263,0.09987948834896088
F559,feature_559,0.09986937046051025
F5049,feature_5049,0.09986833482980728
F4139,feature_4139,0.0998677983880043
F6107,feature_6107,0.09986396878957748
F3411,feature_3411,0.09986230731010437
F1653,feature_1653,0.09985986351966858
F5114,feature_5114,0.0998537614941597
F908,feature_908,0.09985269606113434
F4371,feature_4371,0.09981483966112137
F3984,feature_3984,0.0998004749417305
F565,feature_565,0.09979911148548126
F5460,feature_5460,0.09979809075593948
F167,feature_167,0.09979130327701569
F3876,feature_3876,0.09978283941745758
F156,feature_156,0.09977925568819046
F5168,feature_5168,0.09977323561906815
F3115,feature_3115,0.09976145625114441
F5028,feature_5028,0.09975694119930267
F1968,feature_1968,0.09974820166826248
F2678,feature_2678,0.0997474193572998
F4581,feature_4581,0.09974458068609238
F1328,feature_1328,0.09973747283220291
F811,feature_811,0.09973252564668655
F5625,feature_5625,0.0997319445014
F3177,feature_3177,0.0997273176908493
F3353,feature_3353,0.09972237050533295
F4712,feature_4712,0.09971935302019119
F6065,feature_6065,0.09971504658460617
F3953,feature_3953,0.0997091755270958
F2431,feature_2431,0.09970707446336746
F2419,feature_2419,0.09970515221357346
F2503,feature_2503,0.09970512986183167
F719,feature_719,0.09970324486494064
F3917,feature_3917,0.09970061480998993
F4479,feature_4479,0.09968508034944534
F2571,feature_2571,0.09966854006052017
F4838,feature_4838,0.09966224431991577
F1543,feature_1543,0.09966066479682922
F4822,feature_4822,0.09965792298316956
F3473,feature_3473,0.09965615719556808
F5886,feature_5886,0.09965579956769943
F5321,feature_5321,0.09963850677013397
F4077,feature_4077,0.09963637590408325
F5880,feature_5880,0.09962783008813858
F2227,feature_2227,0.09962182492017746
F2488,feature_2488,0.09961330890655518
F794,feature_794,0.09958399832248688
F3041,feature_3041,0.09957756102085114
F1016,feature_1016,0.09957723319530487
F3152,feature_3152,0.09956184029579163
F3533,feature_3533,0.09955217689275742
F2586,feature_2586,0.09954769164323807
F2206,feature_2206,0.09954441338777542
F3372,feature_3372,0.09953062236309052
F2643,feature_2643,0.09952633827924728
F5828,feature_5828,0.09949254989624023
F1546,feature_1546,0.09949162602424622
F5413,feature_5413,0.09948252886533737
F4518,feature_4518,0.09947600215673447
F748,feature_748,0.09946131706237793
F2169,feature_2169,0.09946019947528839
F4476,feature_4476,0.0994594544172287
F3648,feature_3648,0.09945105761289597
F4194,feature_4194,0.09944932162761688
F1129,feature_1129,0.09943129867315292
F2965,feature_2965,0.09942872077226639
F2570,feature_2570,0.09941858798265457
F3720,feature_3720,0.09941355884075165
F200,feature_200,0.09939659386873245
F801,feature_801,0.09937714040279388
F2205,feature_2205,0.09936873614788055
F6146,feature_6146,0.099360890686512
F5917,feature_5917,0.09935451298952103
F2736,feature_2736,0.09934338182210922
F4484,feature_4484,0.09934084117412567
F3479,feature_3479,0.09933605790138245
F6219,feature_6219,0.09932279586791992
F5270,feature_5270,0.09930862486362457
F4555,feature_4555,0.09930606931447983
F4589,feature_4589,0.09930448234081268
F5056,feature_5056,0.09928826242685318
F1458,feature_1458,0.09928607195615768
F4026,feature_4026,0.0992823913693428
F3732,feature_3732,0.09927978366613388
F5003,feature_5003,0.09927646070718765
F966,feature_966,0.09927147626876831
F3373,feature_3373,0.09926342964172363
F735,feature_735,0.09925674647092819
F5106,feature_5106,0.09925318509340286
F5127,feature_5127,0.09922212362289429
F4914,feature_4914,0.09921131283044815
F5006,feature_5006,0.09920890629291534
F853,feature_853,0.0991974025964737
F4669,feature_4669,0.0991649478673935
F4047,feature_4047,0.09915284067392349
F6227,feature_6227,0.0991508886218071
F1982,feature_1982,0.09915009140968323
F5588,feature_5588,0.09914292395114899
F2374,feature_2374,0.09912851452827454
F5448,feature_5448,0.09912342578172684
F3790,feature_3790,0.09909684211015701
F1030,feature_1030,0.09909366816282272
F5916,feature_5916,0.09908735752105713
F2891,feature_2891,0.09908470511436462
F4134,feature_4134,0.09907523542642593
F5508,feature_5508,0.09906846284866333
F1969,feature_1969,0.09906800836324692
F1371,feature_1371,0.0990506261587143
F2672,feature_2672,0.0990503653883934
F149,feature_149,0.09904859215021133
F4174,feature_4174,0.09903580695390701
F5989,feature_5989,0.09902527928352356
F3969,feature_3969,0.09901776164770126
F202,feature_202,0.09897752106189728
F4648,feature_4648,0.09897259622812271
F2048,feature_2048,0.09896665811538696
F335,feature_335,0.09896626323461533
F5858,feature_5858,0.09896434098482132
F2846,feature_2846,0.09894046932458878
F2229,feature_2229,0.09894001483917236
F5171,feature_5171,0.0989399254322052
F11,feature_11,0.0989394411444664
F3326,feature_3326,0.09893414378166199
F4908,feature_4908,0.09892812371253967
F6118,feature_6118,0.0989198386669159
F2968,feature_2968,0.09891612082719803
F1409,feature_1409,0.09890423715114594
F1127,feature_1127,0.09890196472406387
F715,feature_715,0.09889857470989227
F854,feature_854,0.09889255464076996
F2197,feature_2197,0.09888216853141785
F3939,feature_3939,0.09887386858463287
F4103,feature_4103,0.09887370467185974
F5287,feature_5287,0.0988648310303688
F2595,feature_2595,0.09885890036821365
F4288,feature_4288,0.09885433316230774
F3972,feature_3972,0.09884200245141983
F4268,feature_4268,0.09883894771337509
F4212,feature_4212,0.09882954508066177
F2428,feature_2428,0.09879232197999954
F1202,feature_1202,0.09877753257751465
F1309,feature_1309,0.0987645760178566
F294,feature_294,0.0987616777420044
F3225,feature_3225,0.0987597405910492
F3074,feature_3074,0.09875263273715973
F3464,feature_3464,0.09874625504016876
F3219,feature_3219,0.09874124079942703
F2623,feature_2623,0.09873869270086288
F4866,feature_4866,0.09871990233659744
F1410,feature_1410,0.09871987253427505
F5778,feature_5778,0.09871659427881241
F2681,feature_2681,0.09871483594179153
F4969,feature_4969,0.09870781749486923
F5453,feature_5453,0.09868702292442322
F5869,feature_5869,0.09868571907281876
F3327,feature_3327,0.09868085384368896
F5026,feature_5026,0.09866908192634583
F2751,feature_2751,0.09866651892662048
F245,feature_245,0.09865172207355499
F5433,feature_5433,0.09864193946123123
F3332,feature_3332,0.09864150732755661
F1370,feature_1370,0.09863772988319397
F2544,feature_2544,0.09860295057296753
F910,feature_910,0.09859365969896317
F416,feature_416,0.09858730435371399
F1459,feature_1459,0.09858319163322449
F3956,feature_3956,0.09858313947916031
F5652,feature_5652,0.09858206659555435
F5053,feature_5053,0.09857530891895294
F1167,feature_1167,0.09857453405857086
F2142,feature_2142,0.09855714440345764
F5169,feature_5169,0.09855549037456512
F6382,feature_6382,0.0985550731420517
F4575,feature_4575,0.09855356067419052
F3150,feature_3150,0.09855351597070694
F3700,feature_3700,0.09855290502309799
F5487,feature_5487,0.09855138510465622
F4150,feature_4150,0.09852133691310883
F4129,feature_4129,0.09851852804422379
F3730,feature_3730,0.0985180139541626
F6376,feature_6376,0.09851444512605667
F3774,feature_3774,0.09849848598241806
F1735,feature_1735,0.09848983585834503
F5328,feature_5328,0.09848519414663315
F5876,feature_5876,0.09847524762153625
F514,feature_514,0.09847146272659302
F6273,feature_6273,0.09847023338079453
F4401,feature_4401,0.09846054017543793
F2765,feature_2765,0.09845243394374847
F778,feature_778,0.09842848777770996
F5510,feature_5510,0.09841078519821167
F6066,feature_6066,0.0984092429280281
F7,feature_7,0.09840559214353561
F660,feature_660,0.0983901098370552
F6030,feature_6030,0.09838308393955231
F770,feature_770,0.09836669266223907
F3042,feature_3042,0.09835850447416306
F1088,feature_1088,0.09835658222436905
F5609,feature_5609,0.09835445135831833
F2411,feature_2411,0.0983542874455452
F1426,feature_1426,0.09832735359668732
F2386,feature_2386,0.09831949323415756
F1428,feature_1428,0.09831755608320236
F1843,feature_1843,0.09831486642360687
F2786,feature_2786,0.09830725193023682
F5670,feature_5670,0.0982939824461937
F989,feature_989,0.0982908383011818
F699,feature_699,0.09827707707881927
F3993,feature_3993,0.0982685461640358
F3010,feature_3010,0.0982666164636612
F4594,feature_4594,0.0982656180858612
F3944,feature_3944,0.098262719810009
F4872,feature_4872,0.09825950860977173
F1326,feature_1326,0.09825816750526428
F5305,feature_5305,0.09823591262102127
F6057,feature_6057,0.09823361039161682
F2347,feature_2347,0.09823068231344223
F3612,feature_3612,0.09823048859834671
F3422,feature_3422,0.09822068363428116
F2309,feature_2309,0.09821659326553345
F562,feature_562,0.09816401451826096
F3794,feature_3794,0.0981636643409729
F4800,feature_4800,0.09816329926252365
F6198,feature_6198,0.09815877676010132
F4953,feature_4953,0.09815461933612823
F117,feature_117,0.09815438836812973
F4325,feature_4325,0.0981387346982956
F5888,feature_5888,0.0981377363204956
F3678,feature_3678,0.09813625365495682
F4730,feature_4730,0.09813582897186279
F4324,feature_4324,0.09813060611486435
F3054,feature_3054,0.09812220931053162
F3048,feature_3048,0.09811995178461075
F4390,feature_4390,0.098116435110569
F1754,feature_1754,0.09811582416296005
F610,feature_610,0.09810957312583923
F4567,feature_4567,0.09810931980609894
F47,feature_47,0.0981077328324318
F4018,feature_4018,0.09809492528438568
F5037,feature_5037,0.09808497875928879
F682,feature_682,0.09807904064655304
F3735,feature_3735,0.09807893633842468
F2594,feature_2594,0.09807198494672775
F2607,feature_2607,0.09807182848453522
F5561,feature_5561,0.09807033836841583
F4835,feature_4835,0.09806478023529053
F4291,feature_4291,0.09804219752550125
F2331,feature_2331,0.09804082661867142
F574,feature_574,0.09803973138332367
F2775,feature_2775,0.09803738445043564
F1615,feature_1615,0.0980362519621849
F2582,feature_2582,0.09803403168916702
F303,feature_303,0.09802822768688202
F5386,feature_5386,0.09802471846342087
F2708,feature_2708,0.09801564365625381
F4317,feature_4317,0.09801153838634491
F6049,feature_6049,0.09800423681735992
F2580,feature_2580,0.09798305481672287
F5036,feature_5036,0.09797738492488861
F3973,feature_3973,0.09797167032957077
F5544,feature_5544,0.09796648472547531
F3386,feature_3386,0.09795933961868286
F3399,feature_3399,0.09795360267162323
F3898,feature_3898,0.09795107692480087
F5282,feature_5282,0.09794609248638153
F274,feature_274,0.09794172644615173
F313,feature_313,0.09793476015329361
F3694,feature_3694,0.09793190658092499
F3342,feature_3342,0.09792588651180267
F5697,feature_5697,0.09792178869247437
F4901,feature_4901,0.09790994971990585
F3156,feature_3156,0.09790780395269394
F5153,feature_5153,0.0978851243853569
F882,feature_882,0.09787960350513458
F1929,feature_1929,0.09787751734256744
F5260,feature_5260,0.09787124395370483
F3490,feature_3490,0.09787073731422424
F3311,feature_3311,0.09785418957471848
F2325,feature_2325,0.09784723073244095
F77,feature_77,0.09784380346536636
F5148,feature_5148,0.09782204777002335
F5361,feature_5361,0.09780195355415344
F2707,feature_2707,0.0977879986166954
F5189,feature_5189,0.0977867990732193
F5416,feature_5416,0.09778568148612976
F3303,feature_3303,0.09776241332292557
F3950,feature_3950,0.09775712341070175
F1922,feature_1922,0.09775467962026596
F6271,feature_6271,0.09772041440010071
F1300,feature_1300,0.09771831333637238
F4071,feature_4071,0.09771369397640228
F1914,feature_1914,0.09770921617746353
F1923,feature_1923,0.09770860522985458
F5931,feature_5931,0.09770353883504868
F772,feature_772,0.09769751131534576
F6379,feature_6379,0.09769332408905029
F1511,feature_1511,0.09768863767385483
F5258,feature_5258,0.0976814329624176
F287,feature_287,0.09767958521842957
F1223,feature_1223,0.09767770022153854
F3453,feature_3453,0.09767743200063705
F2228,feature_2228,0.0976736918091774
F4607,feature_4607,0.09767235815525055
F1166,feature_1166,0.0976712703704834
F5013,feature_5013,0.09767001122236252
F809,feature_809,0.097666434943676
F3392,feature_3392,0.09765560179948807
F3099,feature_3099,0.0976518914103508
F1980,feature_1980,0.09764557331800461
F84,feature_84,0.09763459861278534
F4407,feature_4407,0.09763305634260178
F123,feature_123,0.09762215614318848
F3567,feature_3567,0.09760090708732605
F2127,feature_2127,0.09759695082902908
F2599,feature_2599,0.09759687632322311
F2883,feature_2883,0.09759528189897537
F4323,feature_4323,0.0975719690322876
F5879,feature_5879,0.09756767004728317
F2388,feature_2388,0.0975584089756012
F166,feature_166,0.09753598272800446
F2001,feature_2001,0.09753044694662094
F5193,feature_5193,0.09752427041530609
F2265,feature_2265,0.09752235561609268
F6303,feature_6303,0.09752076119184494
F1523,feature_1523,0.09751836955547333
F3414,feature_3414,0.09751642495393753
F6195,feature_6195,0.09751618653535843
F5988,feature_5988,0.09750943630933762
F1216,feature_1216,0.09750872850418091
F3275,feature_3275,0.09750872850418091
F2436,feature_2436,0.09749376028776169
F5860,feature_5860,0.09748459607362747
F1245,feature_1245,0.09747936576604843
F605,feature_605,0.09747222810983658
F5979,feature_5979,0.09747117757797241
F4160,feature_4160,0.09746677428483963
F724,feature_724,0.09745603799819946
F4162,feature_4162,0.09745325148105621
F2045,feature_2045,0.09745102375745773
F982,feature_982,0.09744371473789215
F510,feature_510,0.09743677079677582
F3123,feature_3123,0.09742045402526855
F4531,feature_4531,0.09742018580436707
F3175,feature_3175,0.0974193587899208
F658,feature_658,0.09741874039173126
F3367,feature_3367,0.0974181517958641
F4624,feature_4624,0.09741764515638351
F147,feature_147,0.09741733968257904
F2378,feature_2378,0.09740529209375381
F168,feature_168,0.0974000096321106
F212,feature_212,0.09739570319652557
F5097,feature_5097,0.09739386290311813
F1446,feature_1446,0.0973915383219719
F5619,feature_5619,0.09738736599683762
F1233,feature_1233,0.09736863523721695
F1992,feature_1992,0.09735950082540512
F2379,feature_2379,0.09735558182001114
F2526,feature_2526,0.09735510498285294
F3637,feature_3637,0.09735359251499176
F2140,feature_2140,0.09735243022441864
F3974,feature_3974,0.09735046327114105
F5283,feature_5283,0.0973498672246933
F1765,feature_1765,0.09734969586133957
F3888,feature_3888,0.09734532982110977
F1260,feature_1260,0.09733767062425613
F921,feature_921,0.09732998162508011
F196,feature_196,0.09732701629400253
F5098,feature_5098,0.09730616211891174
F1329,feature_1329,0.0973002091050148
F4165,feature_4165,0.09729629009962082
F1731,feature_1731,0.09729254245758057
F3938,feature_3938,0.09728899598121643
F437,feature_437,0.09727887064218521
F41,feature_41,0.09727845340967178
F2949,feature_2949,0.09725998342037201
F3763,feature_3763,0.09725970774888992
F840,feature_840,0.09725848585367203
F1341,feature_1341,0.09722424298524857
F6350,feature_6350,0.09722144156694412
F4351,feature_4351,0.09721462428569794
F1594,feature_1594,0.09721391648054123
F1811,feature_1811,0.09720374643802643
F285,feature_285,0.09720296412706375
F5218,feature_5218,0.09719523787498474
F5092,feature_5092,0.0971892848610878
F5297,feature_5297,0.09718789160251617
F2403,feature_2403,0.09718479961156845
F4876,feature_4876,0.0971829742193222
F6207,feature_6207,0.09717094898223877
F5575,feature_5575,0.09717057645320892
F4496,feature_4496,0.0971638634800911
F1599,feature_1599,0.09716125577688217
F4483,feature_4483,0.09715370088815689
F2731,feature_2731,0.09714652597904205
F4875,feature_4875,0.09714358299970627
F6044,feature_6044,0.09713953733444214
F3805,feature_3805,0.09713912755250931
F1387,feature_1387,0.09712280333042145
F3793,feature_3793,0.0971207544207573
F3795,feature_3795,0.09711770713329315
F4989,feature_4989,0.09711316972970963
F5623,feature_5623,0.09710896760225296
F733,feature_733,0.09710373729467392
F2007,feature_2007,0.09710246324539185
F4517,feature_4517,0.09709785878658295
F2501,feature_2501,0.09709558635950089
F2771,feature_2771,0.09707936644554138
F1515,feature_1515,0.09707915782928467
F1022,feature_1022,0.09705889225006104
F1812,feature_1812,0.09705110639333725
F1187,feature_1187,0.0970279723405838
F816,feature_816,0.09702782332897186
F2366,feature_2366,0.09701570123434067
F850,feature_850,0.09701075404882431
F3923,feature_3923,0.09700863063335419
F607,feature_607,0.09700705856084824
F1092,feature_1092,0.09700632095336914
F2402,feature_2402,0.09700483828783035
F4037,feature_4037,0.09697117656469345
F1307,feature_1307,0.09696722030639648
F5089,feature_5089,0.09696532040834427
F4068,feature_4068,0.09696036577224731
F4740,feature_4740,0.09694935381412506
F4900,feature_4900,0.09694155305624008
F4392,feature_4392,0.0969216451048851
F2680,feature_2680,0.09692095220088959
F3302,feature_3302,0.09689756482839584
F2977,feature_2977,0.09689582884311676
F2415,feature_2415,0.09687765687704086
F3975,feature_3975,0.0968707799911499
F1457,feature_1457,0.09686436504125595
F3534,feature_3534,0.0968628078699112
F3916,feature_3916,0.0968596562743187
F3800,feature_3800,0.0968574732542038
F5478,feature_5478,0.09685366600751877
F3106,feature_3106,0.09682420641183853
F5884,feature_5884,0.09678224474191666
F439,feature_439,0.0967814102768898
F5008,feature_5008,0.09676945954561234
F4276,feature_4276,0.09676461666822433
F4495,feature_4495,0.09676411747932434
F4108,feature_4108,0.09675659239292145
F5527,feature_5527,0.09673946350812912
F2043,feature_2043,0.09672839194536209
F2706,feature_2706,0.09672395884990692
F600,feature_600,0.09671839326620102
F2301,feature_2301,0.09669984132051468
F4884,feature_4884,0.09669752418994904
F4757,feature_4757,0.09664779156446457
F1584,feature_1584,0.09664002060890198
F1892,feature_1892,0.09663484245538712
F6224,feature_6224,0.09663465619087219
F6144,feature_6144,0.09660372883081436
F2936,feature_2936,0.09659738093614578
F4684,feature_4684,0.09659627825021744
F655,feature_655,0.0965922623872757
F2251,feature_2251,0.09658887982368469
F5446,feature_5446,0.09658659994602203
F5333,feature_5333,0.0965704470872879
F5134,feature_5134,0.09657030552625656
F3005,feature_3005,0.0965658575296402
F2041,feature_2041,0.09656426310539246
F2522,feature_2522,0.0965520367026329
F727,feature_727,0.09655153006315231
F1670,feature_1670,0.09654895961284637
F73,feature_73,0.0965457335114479
F281,feature_281,0.09654035419225693
F1211,feature_1211,0.09653321653604507
F2789,feature_2789,0.09653160721063614
F2653,feature_2653,0.09653091430664062
F4492,feature_4492,0.09651527553796768
F5210,feature_5210,0.09651434421539307
F4101,feature_4101,0.09650194644927979
F6230,feature_6230,0.09649669378995895
F3046,feature_3046,0.09649661928415298
F3484,feature_3484,0.09649322926998138
F6047,feature_6047,0.09648963063955307
F6380,feature_6380,0.09647674113512039
F3905,feature_3905,0.09647061675786972
F2164,feature_2164,0.09646765887737274
F6384,feature_6384,0.09646622091531754
F4032,feature_4032,0.09646523743867874
F3116,feature_3116,0.0964650958776474
F898,feature_898,0.09645147621631622
F286,feature_286,0.09643463790416718
F1086,feature_1086,0.09643204510211945
F831,feature_831,0.09641969203948975
F1762,feature_1762,0.09641752392053604
F5963,feature_5963,0.09641111642122269
F204,feature_204,0.09640032798051834
F1901,feature_1901,0.09638990461826324
F3998,feature_3998,0.09638845175504684
F2165,feature_2165,0.09638042747974396
F5406,feature_5406,0.09637939184904099
F3891,feature_3891,0.09637430310249329
F5688,feature_5688,0.09636908024549484
F2212,feature_2212,0.09636566787958145
F224,feature_224,0.09636536985635757
F5809,feature_5809,0.09635031223297119
F5861,feature_5861,0.09634115546941757
F2679,feature_2679,0.09632690995931625
F6210,feature_6210,0.09632641822099686
F1248,feature_1248,0.0963193029165268
F467,feature_467,0.09631038457155228
F3571,feature_3571,0.09630844742059708
F2744,feature_2744,0.09630336612462997
F5857,feature_5857,0.09629373997449875
F6048,feature_6048,0.09628979116678238
F5661,feature_5661,0.09627608209848404
F1981,feature_1981,0.09626949578523636
F3325,feature_3325,0.09626831114292145
F374,feature_374,0.0962630957365036
F4738,feature_4738,0.09625348448753357
F2909,feature_2909,0.09624157845973969
F5365,feature_5365,0.09623274952173233
F5346,feature_5346,0.09622937440872192
F766,feature_766,0.09622510522603989
F3072,feature_3072,0.09622164070606232
F2834,feature_2834,0.09621970355510712
F3869,feature_3869,0.09621893614530563
F3772,feature_3772,0.09620396047830582
F2942,feature_2942,0.09620382636785507
F5644,feature_5644,0.09620252996683121
F5881,feature_5881,0.0961722731590271
F807,feature_807,0.09616725891828537
F5897,feature_5897,0.09615367650985718
F3879,feature_3879,0.09613155573606491
F835,feature_835,0.09611210972070694
F5911,feature_5911,0.09610660374164581
F2332,feature_2332,0.09610040485858917
F5403,feature_5403,0.09609821438789368
F1505,feature_1505,0.09608189016580582
F1711,feature_1711,0.09608165174722672
F1191,feature_1191,0.09607516974210739
F5377,feature_5377,0.09604831039905548
F1331,feature_1331,0.09604556858539581
F3383,feature_3383,0.09604283422231674
F2750,feature_2750,0.09604178369045258
F5993,feature_5993,0.09604113548994064
F5452,feature_5452,0.09603974223136902
F1290,feature_1290,0.096036896109581
F1123,feature_1123,0.09603393822908401
F1036,feature_1036,0.09602656960487366
F148,feature_148,0.09601546823978424
F1344,feature_1344,0.09599818289279938
F2302,feature_2302,0.09599187225103378
F4897,feature_4897,0.09598876535892487
F3025,feature_3025,0.09598840028047562
F2174,feature_2174,0.09597968310117722
F1938,feature_1938,0.09597950428724289
F4753,feature_4753,0.09597832709550858
F3259,feature_3259,0.09596160799264908
F2025,feature_2025,0.09595730155706406
F4415,feature_4415,0.09594118595123291
F5248,feature_5248,0.09593801200389862
F496,feature_496,0.09593487530946732
F3089,feature_3089,0.0959237590432167
F4918,feature_4918,0.09592361748218536
F4306,feature_4306,0.0959111899137497
F434,feature_434,0.09590188413858414
F1849,feature_1849,0.09589911997318268
F3068,feature_3068,0.09589582681655884
F1110,feature_1110,0.0958922952413559
F5033,feature_5033,0.09587640315294266
F5612,feature_5612,0.09586621820926666
F792,feature_792,0.09586027264595032
F95,feature_95,0.09585589170455933
F1685,feature_1685,0.09585142880678177
F4347,feature_4347,0.09584346413612366
F6040,feature_6040,0.09582572430372238
F5288,feature_5288,0.09582539647817612
F1319,feature_1319,0.09582258015871048
F5176,feature_5176,0.09580166637897491
F4120,feature_4120,0.09580107033252716
F4861,feature_4861,0.09580070525407791
F4759,feature_4759,0.09579295665025711
F2341,feature_2341,0.09578421711921692
F5057,feature_5057,0.09577679634094238
F1108,feature_1108,0.09577390551567078
F1116,feature_1116,0.09577331691980362
F5250,feature_5250,0.09575838595628738
F1456,feature_1456,0.0957583636045456
F2981,feature_2981,0.09575430303812027
F883,feature_883,0.09574200958013535
F116,feature_116,0.09573762863874435
F4705,feature_4705,0.09573125839233398
F1124,feature_1124,0.09572719037532806
F1064,feature_1064,0.09572406858205795
F1432,feature_1432,0.09572351723909378
F6155,feature_6155,0.09571782499551773
F4372,feature_4372,0.09571651369333267
F1808,feature_1808,0.09571338444948196
F3305,feature_3305,0.09569987654685974
F2139,feature_2139,0.09569648653268814
F6039,feature_6039,0.09569490700960159
F2471,feature_2471,0.09569238126277924
F6189,feature_6189,0.09568939357995987
F2542,feature_2542,0.09568581730127335
F2052,feature_2052,0.09567666798830032
F2225,feature_2225,0.09567556530237198
F4644,feature_4644,0.09566862136125565
F2959,feature_2959,0.09566377848386765
F2849,feature_2849,0.09565149247646332
F4271,feature_4271,0.09564239531755447
F834,feature_834,0.09563551843166351
F2448,feature_2448,0.09562846273183823
F4461,feature_4461,0.09561613202095032
F5524,feature_5524,0.09561409801244736
F1367,feature_1367,0.09560849517583847
F3436,feature_3436,0.09560559689998627
F5473,feature_5473,0.0955897718667984
F4638,feature_4638,0.09558817744255066
F6388,feature_6388,0.09557443857192993
F2596,feature_2596,0.09555575251579285
F4258,feature_4258,0.09555089473724365
F3854,feature_3854,0.09554848074913025
F1240,feature_1240,0.09553751349449158
F4410,feature_4410,0.09553539007902145
F590,feature_590,0.09553532302379608
F3455,feature_3455,0.0954742580652237
F2452,feature_2452,0.09546607732772827
F1525,feature_1525,0.0954650342464447
F1284,feature_1284,0.09546036273241043
F4972,feature_4972,0.09545420855283737
F8,feature_8,0.09544127434492111
F3253,feature_3253,0.09543896466493607
F806,feature_806,0.09543853998184204
F1650,feature_1650,0.09543414413928986
F4877,feature_4877,0.09543222934007645
F5614,feature_5614,0.09542817622423172
F2344,feature_2344,0.09542621672153473
F767,feature_767,0.09541650861501694
F317,feature_317,0.09540580958127975
F1603,feature_1603,0.09540051221847534
F1508,feature_1508,0.09540019929409027
F1896,feature_1896,0.09539767354726791
F6069,feature_6069,0.09539063274860382
F2755,feature_2755,0.09538765996694565
F6347,feature_6347,0.09537570178508759
F2993,feature_2993,0.09537429362535477
F2836,feature_2836,0.09537218511104584
F1776,feature_1776,0.09536029398441315
F4606,feature_4606,0.0953596755862236
F5387,feature_5387,0.09534240514039993
F4752,feature_4752,0.09534168988466263
F206,feature_206,0.0953369066119194
F3188,feature_3188,0.09531980007886887
F2125,feature_2125,0.09530452638864517
F3913,feature_3913,0.09529993683099747
F1651,feature_1651,0.09529683738946915
F2275,feature_2275,0.09529545903205872
F963,feature_963,0.09528536349534988
F4490,feature_4490,0.09527826309204102
F4670,feature_4670,0.09527736157178879
F4592,feature_4592,0.09526737034320831
F4225,feature_4225,0.09526084363460541
F3340,feature_3340,0.0952451303601265
F5306,feature_5306,0.09524017572402954
F1600,feature_1600,0.09523289650678635
F4801,feature_4801,0.09520711749792099
F2300,feature_2300,0.09519907087087631
F3076,feature_3076,0.09519896656274796
F14,feature_14,0.09519211202859879
F229,feature_229,0.09518635272979736
F1492,feature_1492,0.09517529606819153
F5439,feature_5439,0.0951632410287857
F3649,feature_3649,0.0951567068696022
F857,feature_857,0.09515585005283356
F3522,feature_3522,0.09514728933572769
F2258,feature_2258,0.09513889998197556
F4452,feature_4452,0.0951356589794159
F5262,feature_5262,0.095125213265419
F6111,feature_6111,0.09512386471033096
F4365,feature_4365,0.09508315473794937
F3007,feature_3007,0.09508290886878967
F2424,feature_2424,0.0950544998049736
F5468,feature_5468,0.09503290802240372
F668,feature_668,0.09502869099378586
F1703,feature_1703,0.09501998126506805
F1220,feature_1220,0.09501567482948303
F99,feature_99,0.09501124173402786
F1182,feature_1182,0.09500912576913834
F6042,feature_6042,0.0950024202466011
F5147,feature_5147,0.09499092400074005
F3087,feature_3087,0.09498755633831024
F2998,feature_2998,0.09498503059148788
F2252,feature_2252,0.09497147798538208
F907,feature_907,0.09497004747390747
F1790,feature_1790,0.09496887028217316
F1122,feature_1122,0.0949670821428299
F4927,feature_4927,0.0949634313583374
F5898,feature_5898,0.0949486568570137
F1306,feature_1306,0.09493984282016754
F5086,feature_5086,0.09492762386798859
F519,feature_519,0.09492278099060059
F1598,feature_1598,0.09491320699453354
F3255,feature_3255,0.09490837156772614
F3407,feature_3407,0.0948847159743309
F3140,feature_3140,0.09487701952457428
F848,feature_848,0.09487655013799667
F893,feature_893,0.09487316012382507
F6138,feature_6138,0.09486887603998184
F3564,feature_3564,0.0948590412735939
F2813,feature_2813,0.0948566272854805
F3945,feature_3945,0.09484349191188812
F5224,feature_5224,0.09484075009822845
F4847,feature_4847,0.09483979642391205
F5859,feature_5859,0.094820536673069
F1249,feature_1249,0.09481806308031082
F2904,feature_2904,0.09481720626354218
F3695,feature_3695,0.09481633454561234
F3034,feature_3034,0.09481483697891235
F1677,feature_1677,0.0948147103190422
F1826,feature_1826,0.09480097144842148
F885,feature_885,0.09480029344558716
F3900,feature_3900,0.09479888528585434
F4135,feature_4135,0.09479647129774094
F4301,feature_4301,0.09479366987943649
F5199,feature_5199,0.0947924256324768
F5121,feature_5121,0.09477593004703522
F6035,feature_6035,0.09477593004703522
F20,feature_20,0.09476977586746216
F4588,feature_4588,0.0947558805346489
F37,feature_37,0.09475532174110413
F3476,feature_3476,0.09474597871303558
F2529,feature_2529,0.09474285691976547
F1620,feature_1620,0.09473387151956558
F2609,feature_2609,0.09473136812448502
F2687,feature_2687,0.09472967684268951
F675,feature_675,0.0947185829281807
F2284,feature_2284,0.09471508860588074
F5353,feature_5353,0.09470013529062271
F4199,feature_4199,0.09469833225011826
F5883,feature_5883,0.09469355642795563
F2620,feature_2620,0.09469316154718399
F1098,feature_1098,0.09468472003936768
F2725,feature_2725,0.09467937052249908
F5394,feature_5394,0.09466889500617981
F4223,feature_4223,0.09464957565069199
F4374,feature_4374,0.09464535862207413
F5962,feature_5962,0.09464043378829956
F1185,feature_1185,0.09463097900152206
F4402,feature_4402,0.09462934732437134
F2266,feature_2266,0.09462898224592209
F6366,feature_6366,0.09462728351354599
F2577,feature_2577,0.09462659060955048
F3465,feature_3465,0.09461847692728043
F3493,feature_3493,0.09461268782615662
F4184,feature_4184,0.09461119025945663
F2080,feature_2080,0.0946073979139328
F2063,feature_2063,0.09460347145795822
F900,feature_900,0.09460122138261795
F5541,feature_5541,0.09460070729255676
F1250,feature_1250,0.09460049867630005
F3452,feature_3452,0.09459315240383148
F5862,feature_5862,0.09459198266267776
F5202,feature_5202,0.09457553178071976
F2221,feature_2221,0.09457509219646454
F2804,feature_2804,0.09455766528844833
F3331,feature_3331,0.0945434644818306
F5574,feature_5574,0.0945432111620903
F1090,feature_1090,0.09453480690717697
F3780,feature_3780,0.09453039616346359
F1232,feature_1232,0.09452849626541138
F4868,feature_4868,0.09452764689922333
F4,feature_4,0.09452523291110992
F1388,feature_1388,0.09452252089977264
F4099,feature_4099,0.09452207386493683
F2065,feature_2065,0.09452000260353088
F3257,feature_3257,0.0945177674293518
F2305,feature_2305,0.09451698511838913
F4137,feature_4137,0.09451276808977127
F5434,feature_5434,0.09450271725654602
F1059,feature_1059,0.0944935753941536
F1282,feature_1282,0.09449061751365662
F6213,feature_6213,0.09448815137147903
F2389,feature_2389,0.09448064863681793
F1763,feature_1763,0.09447884559631348
F22,feature_22,0.09446796774864197
F5421,feature_5421,0.09446221590042114
F6142,feature_6142,0.09446081519126892
F4197,feature_4197,0.09445973485708237
F2832,feature_2832,0.09445948898792267
F1777,feature_1777,0.09445749223232269
F291,feature_291,0.09445314109325409
F2132,feature_2132,0.09443273395299911
F730,feature_730,0.09442198276519775
F5445,feature_5445,0.09441681206226349
F608,feature_608,0.09441299736499786
F2869,feature_2869,0.09441250562667847
F3677,feature_3677,0.09441166371107101
F845,feature_845,0.09440869092941284
F177,feature_177,0.09440819919109344
F4683,feature_4683,0.09440761059522629
F2692,feature_2692,0.09440262615680695
F5001,feature_5001,0.09439626336097717
F2089,feature_2089,0.09439253807067871
F268,feature_268,0.09438438713550568
F3489,feature_3489,0.09438209235668182
F5555,feature_5555,0.0943814367055893
F1208,feature_1208,0.09438071399927139
F6315,feature_6315,0.094374880194664
F1067,feature_1067,0.09437474608421326
F1313,feature_1313,0.09436742216348648
F3738,feature_3738,0.0943528488278389
F5972,feature_5972,0.09435173869132996
F621,feature_621,0.09434548020362854
F2175,feature_2175,0.09434374421834946
F3955,feature_3955,0.09434100240468979
F3287,feature_3287,0.09432565420866013
F2133,feature_2133,0.09432034939527512
F178,feature_178,0.09431867301464081
F3914,feature_3914,0.09430644661188126
F2951,feature_2951,0.094305120408535
F1536,feature_1536,0.09430508315563202
F4378,feature_4378,0.09430452436208725
F5830,feature_5830,0.09430427104234695
F4494,feature_4494,0.09430424869060516
F5537,feature_5537,0.09429533034563065
F3097,feature_3097,0.09427709877490997
F6292,feature_6292,0.09427324682474136
F5534,feature_5534,0.09426186978816986
F2277,feature_2277,0.09425798058509827
F3146,feature_3146,0.09423302859067917
F6059,feature_6059,0.09423122555017471
F4070,feature_4070,0.09420737624168396
F5188,feature_5188,0.09420007467269897
F2995,feature_2995,0.09419962018728256
F1047,feature_1047,0.09418844431638718
F1315,feature_1315,0.09418712556362152
F5179,feature_5179,0.09416524320840836
F1217,feature_1217,0.09416388720273972
F6063,feature_6063,0.09416152536869049
F4844,feature_4844,0.09414277225732803
F4185,feature_4185,0.09413864463567734
F6231,feature_6231,0.09413270652294159
F2879,feature_2879,0.09412606805562973
F2540,feature_2540,0.09412221610546112
F3873,feature_3873,0.09411453455686569
F4176,feature_4176,0.09410979598760605
F4188,feature_4188,0.09410330653190613
F2803,feature_2803,0.09409981220960617
F6202,feature_6202,0.09409145265817642
F6291,feature_6291,0.09409129619598389
F5539,feature_5539,0.09408841282129288
F6290,feature_6290,0.09408722072839737
F1673,feature_1673,0.0940839871764183
F5205,feature_5205,0.09408227354288101
F599,feature_599,0.09407996386289597
F4428,feature_4428,0.09406990557909012
F5482,feature_5482,0.09406258910894394
F3394,feature_3394,0.09406042844057083
F975,feature_975,0.0940580889582634
F5252,feature_5252,0.09404059499502182
F5783,feature_5783,0.09403631091117859
F654,feature_654,0.09401888400316238
F5591,feature_5591,0.09401015192270279
F141,feature_141,0.09400399774312973
F1461,feature_1461,0.09400017559528351
F1751,feature_1751,0.09399519115686417
F3517,feature_3517,0.0939854308962822
F1230,feature_1230,0.09395326673984528
F5167,feature_5167,0.09395066648721695
F4955,feature_4955,0.09394887834787369
F1578,feature_1578,0.09394355118274689
F5390,feature_5390,0.09393788129091263
F6299,feature_6299,0.09391135722398758
F3927,feature_3927,0.09390036761760712
F3128,feature_3128,0.09389723092317581
F5671,feature_5671,0.0938960611820221
F3385,feature_3385,0.09387628734111786
F42,feature_42,0.09386181831359863
F2695,feature_2695,0.09385881572961807
F3570,feature_3570,0.09384667873382568
F2513,feature_2513,0.0938398614525795
F1583,feature_1583,0.09382107108831406
F933,feature_933,0.09381794929504395
F6043,feature_6043,0.09380967915058136
F2201,feature_2201,0.09380920231342316
F4353,feature_4353,0.09380266070365906
F146,feature_146,0.09379521012306213
F1200,feature_1200,0.09379478543996811
F5375,feature_5375,0.09379303455352783
F1630,feature_1630,0.09378603845834732
F1280,feature_1280,0.09377166628837585
F511,feature_511,0.09375419467687607
F19,feature_19,0.0937509685754776
F1921,feature_1921,0.09374867379665375
F2925,feature_2925,0.09374109655618668
F3889,feature_3889,0.09372967481613159
F1302,feature_1302,0.09372624009847641
F2257,feature_2257,0.09372277557849884
F482,feature_482,0.0937209203839302
F499,feature_499,0.09371468424797058
F5276,feature_5276,0.09371419996023178
F5022,feature_5022,0.09370309114456177
F2276,feature_2276,0.09370236098766327
F71,feature_71,0.09369129687547684
F1654,feature_1654,0.09368976205587387
F2009,feature_2009,0.09368602931499481
F4148,feature_4148,0.09368586540222168
F5233,feature_5233,0.09367348253726959
F2016,feature_2016,0.09367311000823975
F5775,feature_5775,0.09366440027952194
F4514,feature_4514,0.09365852922201157
F4321,feature_4321,0.09365736693143845
F3189,feature_3189,0.09365521371364594
F3987,feature_3987,0.09365088492631912
F3181,feature_3181,0.09365052729845047
F2548,feature_2548,0.0936477780342102
F5606,feature_5606,0.09364380687475204
F1664,feature_1664,0.09363953024148941
F5192,feature_5192,0.09363822638988495
F4654,feature_4654,0.0936293974518776
F4678,feature_4678,0.09362463653087616
F6233,feature_6233,0.09361663460731506
F2675,feature_2675,0.09361498057842255
F3234,feature_3234,0.09360749274492264
F1696,feature_1696,0.09359389543533325
F6353,feature_6353,0.09358708560466766
F250,feature_250,0.09358301758766174
F3119,feature_3119,0.09356778860092163
F4302,feature_4302,0.09356674551963806
F1126,feature_1126,0.09356393665075302
F1427,feature_1427,0.09356319904327393
F124,feature_124,0.09355753660202026
F2841,feature_2841,0.09354899078607559
F2908,feature_2908,0.09354017674922943
F4563,feature_4563,0.09352976083755493
F4056,feature_4056,0.09352866560220718
F1877,feature_1877,0.0935257226228714
F3980,feature_3980,0.09352116286754608
F4439,feature_4439,0.09351891279220581
F3684,feature_3684,0.09350263327360153
F30,feature_30,0.09349975734949112
F4349,feature_4349,0.09349922090768814
F737,feature_737,0.09349586814641953
F2368,feature_2368,0.09349069744348526
F4136,feature_4136,0.09348487108945847
F851,feature_851,0.09348063915967941
F1382,feature_1382,0.09347414970397949
F2334,feature_2334,0.0934627428650856
F2111,feature_2111,0.09345574676990509
F81,feature_81,0.09345415234565735
F3012,feature_3012,0.09345266222953796
F1035,feature_1035,0.09344925731420517
F4809,feature_4809,0.09342017024755478
F5112,feature_5112,0.09341833740472794
F3424,feature_3424,0.09339044243097305
F1939,feature_1939,0.09338158369064331
F3247,feature_3247,0.09337638318538666
F3274,feature_3274,0.09336768835783005
F1113,feature_1113,0.0933617502450943
F3734,feature_3734,0.09335482865571976
F2204,feature_2204,0.09335129708051682
F347,feature_347,0.09335072338581085
F4991,feature_4991,0.09333119541406631
F3158,feature_3158,0.09332705289125443
F3139,feature_3139,0.09332220256328583
F2800,feature_2800,0.09331845492124557
F4527,feature_4527,0.09331438690423965
F2829,feature_2829,0.09329228103160858
F2049,feature_2049,0.0932874083518982
F3021,feature_3021,0.09327545762062073
F2380,feature_2380,0.09327042102813721
F5807,feature_5807,0.09326982498168945
F1734,feature_1734,0.09325460344552994
F2066,feature_2066,0.09324663877487183
F568,feature_568,0.0932430848479271
F3781,feature_3781,0.09323784708976746
F4100,feature_4100,0.0932353064417839
F5680,feature_5680,0.09323059022426605
F512,feature_512,0.09322196990251541
F2460,feature_2460,0.09321963787078857
F4642,feature_4642,0.09321258217096329
F768,feature_768,0.09320222586393356
F3164,feature_3164,0.09320006519556046
F5391,feature_5391,0.09319842606782913
F4044,feature_4044,0.09318413585424423
F4510,feature_4510,0.09318393468856812
F5515,feature_5515,0.09317929297685623
F5152,feature_5152,0.09317847341299057
F1176,feature_1176,0.09317376464605331
F4502,feature_4502,0.09316527843475342
F2757,feature_2757,0.09315641224384308
F3979,feature_3979,0.09315471351146698
F2584,feature_2584,0.09313862770795822
F4821,feature_4821,0.0931292176246643
F1339,feature_1339,0.09311477839946747
F894,feature_894,0.09310011565685272
F1698,feature_1698,0.09308401495218277
F3915,feature_3915,0.09306896477937698
F4437,feature_4437,0.09306195378303528
F3994,feature_3994,0.09305765479803085
F1695,feature_1695,0.09304909408092499
F2445,feature_2445,0.09302850812673569
F2099,feature_2099,0.09301438927650452
F3058,feature_3058,0.09301344305276871
F1242,feature_1242,0.09301141649484634
F753,feature_753,0.09299566596746445
F4064,feature_4064,0.09299015253782272
F2122,feature_2122,0.09297256171703339
F4959,feature_4959,0.09297186881303787
F3086,feature_3086,0.09295162558555603
F5307,feature_5307,0.09294628351926804
F4983,feature_4983,0.0929422676563263
F1554,feature_1554,0.09293542057275772
F2956,feature_2956,0.09293384104967117
F1946,feature_1946,0.09293331205844879
F1588,feature_1588,0.09292374551296234
F820,feature_820,0.09292138367891312
F5483,feature_5483,0.09291230142116547
F4066,feature_4066,0.09290392696857452
F5889,feature_5889,0.09289061278104782
F2874,feature_2874,0.09288550913333893
F3965,feature_3965,0.09288306534290314
F3645,feature_3645,0.09288107603788376
F5593,feature_5593,0.09287641942501068
F5709,feature_5709,0.09287596493959427
F2262,feature_2262,0.09286320954561234
F4735,feature_4735,0.09285485744476318
F4629,feature_4629,0.09284362196922302
F4784,feature_4784,0.09283886104822159
F5703,feature_5703,0.09283673018217087
F2422,feature_2422,0.09283339977264404
F4928,feature_4928,0.09282752871513367
F430,feature_430,0.09282244741916656
F5395,feature_5395,0.09279730916023254
F5596,feature_5596,0.09279273450374603
F2141,feature_2141,0.0927843227982521
F4322,feature_4322,0.09276586771011353
F4873,feature_4873,0.09275539219379425
F4227,feature_4227,0.09275292605161667
F1234,feature_1234,0.09274452924728394
F1114,feature_1114,0.09274204075336456
F2723,feature_2723,0.09273649007081985
F3222,feature_3222,0.09273622184991837
F1467,feature_1467,0.09272821247577667
F2143,feature_2143,0.09272221475839615
F4823,feature_4823,0.09271536022424698
F5719,feature_5719,0.09270987659692764
F1994,feature_1994,0.0927031934261322
F2890,feature_2890,0.09268780797719955
F2340,feature_2340,0.09268591552972794
F5279,feature_5279,0.0926823690533638
F3368,feature_3368,0.09265103191137314
F3379,feature_3379,0.09263961017131805
F1868,feature_1868,0.09263292700052261
F1919,feature_1919,0.09262602031230927
F2311,feature_2311,0.09262562543153763
F3144,feature_3144,0.0926240012049675
F3698,feature_3698,0.09261719137430191
F6117,feature_6117,0.09260933846235275
F1199,feature_1199,0.09260889887809753
F1490,feature_1490,0.0926019474864006
F2749,feature_2749,0.09256640821695328
F1107,feature_1107,0.09256478399038315
F3676,feature_3676,0.09254764020442963
F497,feature_497,0.09253307431936264
F5358,feature_5358,0.09252394735813141
F3572,feature_3572,0.09251813590526581
F3666,feature_3666,0.09251171350479126
F4798,feature_4798,0.09250625222921371
F2047,feature_2047,0.09250200539827347
F4085,feature_4085,0.09247980266809464
F598,feature_598,0.09247884899377823
F4885,feature_4885,0.09247782081365585
F6348,feature_6348,0.0924745723605156
F2976,feature_2976,0.09247403591871262
F3832,feature_3832,0.09246573597192764
F4942,feature_4942,0.09246240556240082
F4429,feature_4429,0.09245657920837402
F3113,feature_3113,0.09245296567678452
F4841,feature_4841,0.09243329614400864
F5991,feature_5991,0.09243191033601761
F1601,feature_1601,0.0924023687839508
F5458,feature_5458,0.09240192174911499
F98,feature_98,0.09239811450242996
F4762,feature_4762,0.09239513427019119
F5284,feature_5284,0.09238960593938828
F3141,feature_3141,0.092377670109272
F2455,feature_2455,0.0923743024468422
F468,feature_468,0.09235387295484543
F3223,feature_3223,0.09235168993473053
F1513,feature_1513,0.09233549237251282
F1322,feature_1322,0.09233147650957108
F2057,feature_2057,0.09231974184513092
F29,feature_29,0.09231637418270111
F6134,feature_6134,0.0923016220331192
F4653,feature_4653,0.09229814261198044
F1299,feature_1299,0.09229069948196411
F5187,feature_5187,0.09228841215372086
F4549,feature_4549,0.09228651970624924
F1541,feature_1541,0.09226159751415253
F4621,feature_4621,0.0922517254948616
F6141,feature_6141,0.09225020557641983
F3293,feature_3293,0.09224666655063629
F4546,feature_4546,0.09224219620227814
F1219,feature_1219,0.09222830832004547
F158,feature_158,0.0922245904803276
F2333,feature_2333,0.09222150593996048
F4155,feature_4155,0.09221827238798141
F3902,feature_3902,0.09221343696117401
F4019,feature_4019,0.09220916032791138
F1998,feature_1998,0.09220914542675018
F2844,feature_2844,0.09220024198293686
F6357,feature_6357,0.09219014644622803
F5443,feature_5443,0.09218806028366089
F4707,feature_4707,0.09218605607748032
F2349,feature_2349,0.09218345582485199
F1031,feature_1031,0.09216734021902084
F3067,feature_3067,0.09216714650392532
F3217,feature_3217,0.0921662300825119
F1033,feature_1033,0.09216540306806564
F1781,feature_1781,0.09215712547302246
F5890,feature_5890,0.09215640276670456
F3584,feature_3584,0.09215050935745239
F2,feature_2,0.09215041249990463
F2355,feature_2355,0.09214748442173004
F5690,feature_5690,0.0921371728181839
F5913,feature_5913,0.09213259071111679
F4352,feature_4352,0.09213051944971085
F5393,feature_5393,0.0921303778886795
F3818,feature_3818,0.09212979674339294
F1239,feature_1239,0.09212542325258255
F2515,feature_2515,0.09212247282266617
F1466,feature_1466,0.09211932867765427
F732,feature_732,0.09211483597755432
F4623,feature_4623,0.09211446344852448
F976,feature_976,0.092103011906147
F2704,feature_2704,0.09210198372602463
F3817,feature_3817,0.09210033714771271
F5277,feature_5277,0.09206999838352203
F1225,feature_1225,0.09206320345401764
F2511,feature_2511,0.09204266965389252
F2254,feature_2254,0.09204155951738358
F5813,feature_5813,0.09203250706195831
F5760,feature_5760,0.09202580899000168
F2270,feature_2270,0.09200089424848557
F2159,feature_2159,0.09199951589107513
F1881,feature_1881,0.09199507534503937
F3543,feature_3543,0.09198527783155441
F4272,feature_4272,0.09197819977998734
F4766,feature_4766,0.09197600930929184
F3495,feature_3495,0.09197146445512772
F4092,feature_4092,0.09195920825004578
F2255,feature_2255,0.09195771813392639
F2946,feature_2946,0.09195278584957123
F1964,feature_1964,0.09194231033325195
F2602,feature_2602,0.09193934500217438
F2295,feature_2295,0.09193931519985199
F577,feature_577,0.09193588048219681
F4403,feature_4403,0.09193431586027145
F2357,feature_2357,0.09193045645952225
F4343,feature_4343,0.09192618727684021
F418,feature_418,0.09191370010375977
F1118,feature_1118,0.09190668165683746
F334,feature_334,0.09190588444471359
F5781,feature_5781,0.09189882129430771
F3535,feature_3535,0.09189508855342865
F5731,feature_5731,0.09187617897987366
F3070,feature_3070,0.09187542647123337
F344,feature_344,0.09186594933271408
F2835,feature_2835,0.09185817837715149
F5787,feature_5787,0.09185552597045898
F4647,feature_4647,0.0918489322066307
F1043,feature_1043,0.09183241426944733
F3887,feature_3887,0.09183076024055481
F5518,feature_5518,0.09181774407625198
F3837,feature_3837,0.09181435406208038
F2150,feature_2150,0.09179652482271194
F4745,feature_4745,0.09179302304983139
F386,feature_386,0.09178751707077026
F1671,feature_1671,0.09178183972835541
F3937,feature_3937,0.09176502376794815
F4055,feature_4055,0.09176237881183624
F4036,feature_4036,0.09173869341611862
F3227,feature_3227,0.0917205810546875
F1978,feature_1978,0.09170269221067429
F3850,feature_3850,0.09170201420783997
F2500,feature_2500,0.09170171618461609
F4794,feature_4794,0.0916978046298027
F4270,feature_4270,0.09169438481330872
F3149,feature_3149,0.09168345481157303
F2685,feature_2685,0.09167636185884476
F5122,feature_5122,0.09166255593299866
F617,feature_617,0.09165627509355545
F121,feature_121,0.09165273606777191
F5118,feature_5118,0.09164980053901672
F2592,feature_2592,0.0916474312543869
F3126,feature_3126,0.09164493530988693
F5243,feature_5243,0.09162767976522446
F1708,feature_1708,0.09160233289003372
F5197,feature_5197,0.09159138053655624
F1246,feature_1246,0.09158676862716675
F5185,feature_5185,0.09157799929380417
F6041,feature_6041,0.09157420694828033
F5392,feature_5392,0.09157208353281021
F1058,feature_1058,0.09156621247529984
F5090,feature_5090,0.09155666083097458
F6383,feature_6383,0.09154529124498367
F6308,feature_6308,0.0915386974811554
F4191,feature_4191,0.09153249114751816
F485,feature_485,0.09151310473680496
F3153,feature_3153,0.09151109308004379
F1317,feature_1317,0.09150735288858414
F5074,feature_5074,0.09150690585374832
F3491,feature_3491,0.09149949997663498
F1285,feature_1285,0.09149833023548126
F1258,feature_1258,0.09147996455430984
F4119,feature_4119,0.09146445989608765
F1393,feature_1393,0.09145909547805786
F5012,feature_5012,0.09145522117614746
F3629,feature_3629,0.09145309776067734
F2862,feature_2862,0.09142216295003891
F2187,feature_2187,0.09141526371240616
F6154,feature_6154,0.09139715880155563
F1807,feature_1807,0.09139460325241089
F465,feature_465,0.09138747304677963
F5637,feature_5637,0.09138328582048416
F4329,feature_4329,0.0913805216550827
F4187,feature_4187,0.09137337654829025
F2677,feature_2677,0.09137026965618134
F2790,feature_2790,0.09136353433132172
F2932,feature_2932,0.09135175496339798
F4499,feature_4499,0.09135071933269501
F1463,feature_1463,0.09134531766176224
F3117,feature_3117,0.0913417860865593
F1350,feature_1350,0.09133795648813248
F2494,feature_2494,0.09133360534906387
F2190,feature_2190,0.09132122993469238
F6306,feature_6306,0.09131919592618942
F2082,feature_2082,0.09131130576133728
F1570,feature_1570,0.0912986546754837
F2830,feature_2830,0.0912962257862091
F5007,feature_5007,0.09128639101982117
F3449,feature_3449,0.09128272533416748
F1049,feature_1049,0.09126962721347809
F5819,feature_5819,0.09126576036214828
F2714,feature_2714,0.09126316010951996
F5372,feature_5372,0.091260626912117
F4572,feature_4572,0.09125161916017532
F5956,feature_5956,0.09124940633773804
F4311,feature_4311,0.09124217182397842
F1870,feature_1870,0.09124215692281723
F5173,feature_5173,0.09123434126377106
F2178,feature_2178,0.09121772646903992
F5840,feature_5840,0.0912117138504982
F5085,feature_5085,0.09121101349592209
F1408,feature_1408,0.09120417386293411
F3942,feature_3942,0.09120390564203262
F941,feature_941,0.09119521826505661
F5256,feature_5256,0.0911945328116417
F5364,feature_5364,0.09118965268135071
F4177,feature_4177,0.09118792414665222
F911,feature_911,0.09117352962493896
F5087,feature_5087,0.09115467220544815
F4466,feature_4466,0.09114108234643936
F1517,feature_1517,0.09110331535339355
F1323,feature_1323,0.09109678119421005
F3952,feature_3952,0.09109275788068771
F4559,feature_4559,0.09109252691268921
F4834,feature_4834,0.09108974784612656
F5590,feature_5590,0.09108640253543854
F1389,feature_1389,0.09108522534370422
F3779,feature_3779,0.09107610583305359
F2274,feature_2274,0.09106689691543579
F4755,feature_4755,0.09105837345123291
F1424,feature_1424,0.09105686098337173
F4206,feature_4206,0.09104689955711365
F4783,feature_4783,0.09103911370038986
F5117,feature_5117,0.09103825688362122
F3968,feature_3968,0.09103509783744812
F3142,feature_3142,0.0910240113735199
F2622,feature_2622,0.09099429845809937
F4819,feature_4819,0.09098886698484421
F2446,feature_2446,0.09097445011138916
F1775,feature_1775,0.09097317606210709
F1488,feature_1488,0.09093329310417175
F3880,feature_3880,0.09093080461025238
F6370,feature_6370,0.09091242402791977
F4733,feature_4733,0.09090922027826309
F2429,feature_2429,0.09090353548526764
F1684,feature_1684,0.09089473634958267
F595,feature_595,0.09089063853025436
F5126,feature_5126,0.09087629616260529
F5878,feature_5878,0.0908631831407547
F2463,feature_2463,0.09085571020841599
F5999,feature_5999,0.0908469632267952
F2367,feature_2367,0.09084362536668777
F3904,feature_3904,0.09084206819534302
F2442,feature_2442,0.09084184467792511
F4299,feature_4299,0.09083153307437897
F492,feature_492,0.09083084762096405
F3943,feature_3943,0.09082171320915222
F324,feature_324,0.09081774950027466
F1547,feature_1547,0.09081750363111496
F5204,feature_5204,0.090816430747509
F676,feature_676,0.09081050008535385
F2865,feature_2865,0.09080877155065536
F3277,feature_3277,0.09080453962087631
F2543,feature_2543,0.09078050404787064
F4214,feature_4214,0.09077934920787811
F4040,feature_4040,0.0907709077000618
F4945,feature_4945,0.09076967090368271
F333,feature_333,0.09076650440692902
F5514,feature_5514,0.09076221287250519
F1434,feature_1434,0.09076133370399475
F569,feature_569,0.09075687825679779
F3378,feature_3378,0.0907222181558609
F3613,feature_3613,0.09071257710456848
F3976,feature_3976,0.09071134775876999
F962,feature_962,0.09069019556045532
F1444,feature_1444,0.09068678319454193
F5998,feature_5998,0.09066537022590637
F3851,feature_3851,0.09066268056631088
F899,feature_899,0.09066230803728104
F3892,feature_3892,0.09065300971269608
F1768,feature_1768,0.09064731001853943
F4049,feature_4049,0.0906449407339096
F3930,feature_3930,0.09064201265573502
F3439,feature_3439,0.0906292125582695
F2015,feature_2015,0.09062130749225616
F5094,feature_5094,0.09061743319034576
F2391,feature_2391,0.09061112254858017
F1364,feature_1364,0.09060785174369812
F1675,feature_1675,0.09060553461313248
F5070,feature_5070,0.09060510993003845
F2383,feature_2383,0.09059640020132065
F493,feature_493,0.09058918803930283
F3335,feature_3335,0.09056996554136276
F596,feature_596,0.0905669778585434
F1809,feature_1809,0.09056181460618973
F5110,feature_5110,0.09055349975824356
F4161,feature_4161,0.09054979681968689
F3308,feature_3308,0.09054072946310043
F4102,feature_4102,0.09051584452390671
F2363,feature_2363,0.09051558375358582
F3043,feature_3043,0.0905129611492157
F1235,feature_1235,0.09050541371107101
F965,feature_965,0.09050387889146805
F578,feature_578,0.09050337970256805
F2188,feature_2188,0.09049813449382782
F2384,feature_2384,0.0904943197965622
F2845,feature_2845,0.09049076586961746
F2420,feature_2420,0.090462826192379
F5678,feature_5678,0.09043978154659271
F3065,feature_3065,0.09043879806995392
F2261,feature_2261,0.09043607860803604
F6150,feature_6150,0.09043357521295547
F4973,feature_4973,0.09042882919311523
F5103,feature_5103,0.09042838960886002
F2539,feature_2539,0.09042821079492569
F681,feature_681,0.09042064845561981
F3111,feature_3111,0.09041706472635269
F1799,feature_1799,0.09041100740432739
F1262,feature_1262,0.09039629995822906
F6400,feature_6400,0.09039456397294998
F988,feature_988,0.0903858169913292
F61,feature_61,0.09036839753389359
F1365,feature_1365,0.09036830812692642
F2338,feature_2338,0.0903664082288742
F505,feature_505,0.09036605060100555
F4500,feature_4500,0.0903642401099205
F4209,feature_4209,0.09036096185445786
F5599,feature_5599,0.09035908430814743
F5285,feature_5285,0.09035058319568634
F1046,feature_1046,0.09034712612628937
F4680,feature_4680,0.09034203737974167
F6113,feature_6113,0.09034186601638794
F2147,feature_2147,0.09034059941768646
F3759,feature_3759,0.09032609313726425
F2461,feature_2461,0.09032023698091507
F6369,feature_6369,0.0903145968914032
F43,feature_43,0.09030820429325104
F1146,feature_1146,0.09030310809612274
F3878,feature_3878,0.09030307829380035
F4560,feature_4560,0.09030070900917053
F3820,feature_3820,0.09029874950647354
F2026,feature_2026,0.09028847515583038
F3333,feature_3333,0.09028548002243042
F3017,feature_3017,0.09028539806604385
F1649,feature_1649,0.09028273820877075
F3549,feature_3549,0.09027691185474396
F4920,feature_4920,0.09026309847831726
F4660,feature_4660,0.09025990217924118
F4923,feature_4923,0.09025747328996658
F4182,feature_4182,0.0902562141418457
F3691,feature_3691,0.09025106579065323
F2920,feature_2920,0.09025046974420547
F585,feature_585,0.09024089574813843
F2412,feature_2412,0.09023809432983398
F2077,feature_2077,0.0902286097407341
F5540,feature_5540,0.0902283787727356
F5918,feature_5918,0.09022174030542374
F2336,feature_2336,0.09021063148975372
F1602,feature_1602,0.09020113199949265
F169,feature_169,0.09015196561813354
F4444,feature_4444,0.09014956653118134
F1044,feature_1044,0.09014791995286942
F4220,feature_4220,0.09014377743005753
F1509,feature_1509,0.09013263136148453
F3423,feature_3423,0.09012981504201889
F1320,feature_1320,0.09012151509523392
F2611,feature_2611,0.09012015908956528
F1878,feature_1878,0.09011562168598175
F1270,feature_1270,0.09011539816856384
F1941,feature_1941,0.09011522680521011
F2911,feature_2911,0.09011252224445343
F1484,feature_1484,0.09010135382413864
F3063,feature_3063,0.0900932028889656
F847,feature_847,0.09009280055761337
F4096,feature_4096,0.090090811252594
F765,feature_765,0.09007743746042252
F3136,feature_3136,0.0900554433465004
F1489,feature_1489,0.09004989266395569
F2191,feature_2191,0.0900496169924736
F4204,feature_4204,0.09004434943199158
F4300,feature_4300,0.09004193544387817
F4628,feature_4628,0.09004183858633041
F666,feature_666,0.0900392010807991
F127,feature_127,0.09002802520990372
F4354,feature_4354,0.09002289175987244
F843,feature_843,0.09001389145851135
F5624,feature_5624,0.09000799059867859
F2321,feature_2321,0.09000102430582047
F255,feature_255,0.0900004580616951
F2449,feature_2449,0.08999942243099213
F4405,feature_4405,0.08998936414718628
F5154,feature_5154,0.08998582512140274
F2527,feature_2527,0.08998025953769684
F2914,feature_2914,0.08997990936040878
F2593,feature_2593,0.0899786427617073
F5011,feature_5011,0.0899781659245491
F3971,feature_3971,0.08997729420661926
F4836,feature_4836,0.08995503932237625
F3215,feature_3215,0.08994636684656143
F6351,feature_6351,0.08994181454181671
F2784,feature_2784,0.08993581682443619
F4356,feature_4356,0.08991194516420364
F2943,feature_2943,0.0899021178483963
F2857,feature_2857,0.08989288657903671
F3859,feature_3859,0.0898853987455368
F2686,feature_2686,0.08988165855407715
F3241,feature_3241,0.08987285941839218
F672,feature_672,0.08987027406692505
F1761,feature_1761,0.0898677259683609
F5701,feature_5701,0.0898657739162445
F5194,feature_5194,0.08985547721385956
F6238,feature_6238,0.08985128253698349
F648,feature_648,0.08982585370540619
F2552,feature_2552,0.08982544392347336
F4445,feature_4445,0.08982422947883606
F6288,feature_6288,0.08981862664222717
F5150,feature_5150,0.08981432765722275
F4196,feature_4196,0.08981039375066757
F1956,feature_1956,0.08980879932641983
F2979,feature_2979,0.08980832993984222
F5313,feature_5313,0.08980323374271393
F3292,feature_3292,0.08979732543230057
F2870,feature_2870,0.08978239446878433
F5238,feature_5238,0.0897647812962532
F2335,feature_2335,0.08975578844547272
F4432,feature_4432,0.08975140005350113
F1727,feature_1727,0.08974795788526535
F4507,feature_4507,0.08974610269069672
F4967,feature_4967,0.08974248915910721
F2579,feature_2579,0.08974213153123856
F1646,feature_1646,0.08973608165979385
F1056,feature_1056,0.08973164111375809
F4899,feature_4899,0.08972829580307007
F3343,feature_3343,0.08972470462322235
F5371,feature_5371,0.08971711993217468
F758,feature_758,0.08971667289733887
F1028,feature_1028,0.08970940113067627
F2588,feature_2588,0.08970603346824646
F2563,feature_2563,0.08969341963529587
F2459,feature_2459,0.08969210833311081
F2697,feature_2697,0.08969136327505112
F1435,feature_1435,0.08968671411275864
F572,feature_572,0.08967845886945724
F4805,feature_4805,0.0896773487329483
F4458,feature_4458,0.08966269344091415
F2062,feature_2062,0.08965808898210526
F6028,feature_6028,0.0896565169095993
F2304,feature_2304,0.08964602649211884
F2760,feature_2760,0.08963144570589066
F4257,feature_4257,0.08962754160165787
F5172,feature_5172,0.08962372690439224
F1168,feature_1168,0.08961189538240433
F345,feature_345,0.08957716077566147
F6300,feature_6300,0.0895768329501152
F6188,feature_6188,0.08957340568304062
F3290,feature_3290,0.0895581915974617
F4467,feature_4467,0.08955533802509308
F4454,feature_4454,0.08954237401485443
F4934,feature_4934,0.08954110741615295
F5705,feature_5705,0.0895347148180008
F1351,feature_1351,0.08952444791793823
F1247,feature_1247,0.08951031416654587
F3940,feature_3940,0.08950334787368774
F6235,feature_6235,0.08949081599712372
F2120,feature_2120,0.08948840945959091
F5699,feature_5699,0.0894864872097969
F5469,feature_5469,0.08947218954563141
F2514,feature_2514,0.08947142958641052
F5693,feature_5693,0.08946986496448517
F1442,feature_1442,0.08946233987808228
F486,feature_486,0.08944179117679596
F1222,feature_1222,0.08943936228752136
F228,feature_228,0.08943050354719162
F5516,feature_5516,0.08942559361457825
F889,feature_889,0.08940470218658447
F2538,feature_2538,0.08939427137374878
F6212,feature_6212,0.08939044177532196
F1798,feature_1798,0.08938025683164597
F3552,feature_3552,0.08937448263168335
F6046,feature_6046,0.08935905247926712
F4760,feature_4760,0.08933670818805695
F3565,feature_3565,0.08933647722005844
F6038,feature_6038,0.08933462202548981
F4145,feature_4145,0.08933386951684952
F4367,feature_4367,0.08933377265930176
F3196,feature_3196,0.08933238685131073
F2950,feature_2950,0.0893234983086586
F3826,feature_3826,0.08931268751621246
F3346,feature_3346,0.0893070325255394
F27,feature_27,0.0893058106303215
F2193,feature_2193,0.08930282294750214
F6362,feature_6362,0.08929987251758575
F2505,feature_2505,0.08929555118083954
F3599,feature_3599,0.0892207995057106
F761,feature_761,0.08921844512224197
F1279,feature_1279,0.08921809494495392
F2783,feature_2783,0.08921125531196594
F3600,feature_3600,0.08920241892337799
F4763,feature_4763,0.08919958770275116
F2627,feature_2627,0.08919917792081833
F5203,feature_5203,0.08919614553451538
F828,feature_828,0.08918816596269608
F760,feature_760,0.0891820564866066
F3848,feature_3848,0.08917908370494843
F1205,feature_1205,0.089168019592762
F4109,feature_4109,0.08914616703987122
F181,feature_181,0.08913558721542358
F2019,feature_2019,0.08912981301546097
F5456,feature_5456,0.08912529051303864
F5436,feature_5436,0.08912413567304611
F1188,feature_1188,0.08912228047847748
F2713,feature_2713,0.08910954743623734
F4976,feature_4976,0.08910101652145386
F3709,feature_3709,0.08910069614648819
F1847,feature_1847,0.08909529447555542
F2545,feature_2545,0.08908955752849579
F2382,feature_2382,0.08908433467149734
F2617,feature_2617,0.08908352255821228
F3110,feature_3110,0.08907463401556015
F6126,feature_6126,0.08906406164169312
F3009,feature_3009,0.08906278759241104
F3358,feature_3358,0.0890623927116394
F1705,feature_1705,0.08906126767396927
F1473,feature_1473,0.08904746174812317
F4708,feature_4708,0.08903823047876358
F1789,feature_1789,0.08903799206018448
F2067,feature_2067,0.08903637528419495
F2036,feature_2036,0.08903244882822037
F498,feature_498,0.08901965618133545
F231,feature_231,0.08901382237672806
F82,feature_82,0.08900489658117294
F411,feature_411,0.0890004113316536
F5177,feature_5177,0.08899582177400589
F180,feature_180,0.0889931470155716
F1549,feature_1549,0.08896251767873764
F4241,feature_4241,0.0889560654759407
F859,feature_859,0.08895128220319748
F414,feature_414,0.08894623816013336
F1275,feature_1275,0.08893237262964249
F1631,feature_1631,0.0889308899641037
F122,feature_122,0.08892832696437836
F2952,feature_2952,0.08892474323511124
F5064,feature_5064,0.08892334252595901
F4081,feature_4081,0.08892203122377396
F1758,feature_1758,0.08891580253839493
F1750,feature_1750,0.08891470730304718
F1514,feature_1514,0.08890724182128906
F4186,feature_4186,0.08890274167060852
F1411,feature_1411,0.08890155702829361
F4025,feature_4025,0.08888852596282959
F3498,feature_3498,0.08888537436723709
F5454,feature_5454,0.08886800706386566
F830,feature_830,0.08885838091373444
F269,feature_269,0.08884953707456589
F1732,feature_1732,0.08883940428495407
F4088,feature_4088,0.08883409947156906
F641,feature_641,0.08882278949022293
F3639,feature_3639,0.08882264792919159
F1519,feature_1519,0.08880838751792908
F3216,feature_3216,0.0888027474284172
F16,feature_16,0.08879456669092178
F15,feature_15,0.08878015726804733
F1592,feature_1592,0.08877620100975037
F3912,feature_3912,0.08877480030059814
F1343,feature_1343,0.08877038955688477
F6062,feature_6062,0.08876308798789978
F5093,feature_5093,0.08875889331102371
F3030,feature_3030,0.08874544501304626
F2668,feature_2668,0.08873806148767471
F1443,feature_1443,0.08872958272695541
F2528,feature_2528,0.08872611820697784
F3306,feature_3306,0.08872535824775696
F4307,feature_4307,0.0887250229716301
F4924,feature_4924,0.08871638029813766
F3954,feature_3954,0.08869598805904388
F2097,feature_2097,0.08869566768407822
F3727,feature_3727,0.08868569135665894
F2248,feature_2248,0.08867616951465607
F257,feature_257,0.08867502212524414
F858,feature_858,0.08867395669221878
F1471,feature_1471,0.08867339044809341
F346,feature_346,0.08867219090461731
F5987,feature_5987,0.08865784853696823
F4053,feature_4053,0.08863987028598785
F2767,feature_2767,0.08863051235675812
F2110,feature_2110,0.08862980455160141
F3183,feature_3183,0.08861862123012543
F5137,feature_5137,0.08861038088798523
F2907,feature_2907,0.08860349655151367
F1291,feature_1291,0.08859346807003021
F884,feature_884,0.08858435600996017
F1436,feature_1436,0.08858194202184677
F6075,feature_6075,0.0885719582438469
F1801,feature_1801,0.08857063204050064
F3693,feature_3693,0.08857011795043945
F2005,feature_2005,0.08856667578220367
F5047,feature_5047,0.08856212347745895
F3966,feature_3966,0.0885595977306366
F4255,feature_4255,0.08853473514318466
F1496,feature_1496,0.08852893859148026
F2183,feature_2183,0.08852868527173996
F2241,feature_2241,0.08850892633199692
F5019,feature_5019,0.08850760012865067
F6206,feature_6206,0.08850374817848206
F2722,feature_2722,0.08850312978029251
F4385,feature_4385,0.08849496394395828
F432,feature_432,0.08849246054887772
F5166,feature_5166,0.08848395943641663
F4990,feature_4990,0.08848217129707336
F337,feature_337,0.08848067373037338
F4673,feature_4673,0.08847606182098389
F4727,feature_4727,0.08846621960401535
F3210,feature_3210,0.08845019340515137
F3073,feature_3073,0.08844608813524246
F4544,feature_4544,0.0884447768330574
F5896,feature_5896,0.08843930810689926
F2242,feature_2242,0.08843312412500381
F2781,feature_2781,0.08842487633228302
F438,feature_438,0.08842156827449799
F3276,feature_3276,0.0884125754237175
F3249,feature_3249,0.08841061592102051
F4658,feature_4658,0.08839258551597595
F5556,feature_5556,0.08839163184165955
F91,feature_91,0.08838877081871033
F6061,feature_6061,0.08836418390274048
F1196,feature_1196,0.08836057782173157
F647,feature_647,0.08835166692733765
F2104,feature_2104,0.08835026621818542
F1491,feature_1491,0.08834733068943024
F4939,feature_4939,0.08834047615528107
F2008,feature_2008,0.08834008872509003
F1866,feature_1866,0.08833847939968109
F6208,feature_6208,0.08831692487001419
F5398,feature_5398,0.08830028772354126
F3557,feature_3557,0.08829650282859802
F1180,feature_1180,0.08828133344650269
F3853,feature_3853,0.08827371895313263
F3518,feature_3518,0.0882640928030014
F5357,feature_5357,0.08825128525495529
F2084,feature_2084,0.08825048804283142
F3299,feature_3299,0.08824002742767334
F1883,feature_1883,0.08823644369840622
F2083,feature_2083,0.0882350504398346
F5065,feature_5065,0.08820608258247375
F4605,feature_4605,0.08820084482431412
F5298,feature_5298,0.08820080012083054
F3039,feature_3039,0.08819974958896637
F5753,feature_5753,0.08819261193275452
F3896,feature_3896,0.08818749338388443
F571,feature_571,0.08817094564437866
F4228,feature_4228,0.0881546139717102
F1713,feature_1713,0.08815331012010574
F3922,feature_3922,0.08815021812915802
F1272,feature_1272,0.08813948929309845
F4921,feature_4921,0.08813291788101196
F3228,feature_3228,0.08813189715147018
F6072,feature_6072,0.08812715858221054
F3614,feature_3614,0.08812117576599121
F4289,feature_4289,0.08811630308628082
F1422,feature_1422,0.08811450749635696
F4887,feature_4887,0.08811235427856445
F6239,feature_6239,0.08809938281774521
F1701,feature_1701,0.08809777349233627
F1835,feature_1835,0.08809614181518555
F1828,feature_1828,0.08808158338069916
F1486,feature_1486,0.08807976543903351
F1797,feature_1797,0.08807101100683212
F3218,feature_3218,0.08806876838207245
F2000,feature_2000,0.08805766701698303
F3472,feature_3472,0.08805655688047409
F5273,feature_5273,0.08805113285779953
F3195,feature_3195,0.08804890513420105
F3418,feature_3418,0.08804793655872345
F4091,feature_4091,0.0880446806550026
F205,feature_205,0.08804227411746979
F4736,feature_4736,0.08803928643465042
F4570,feature_4570,0.08803717792034149
F4541,feature_4541,0.08801093697547913
F4994,feature_4994,0.08800794184207916
F4200,feature_4200,0.08800769597291946
F2642,feature_2642,0.08800683915615082
F670,feature_670,0.08800660818815231
F4377,feature_4377,0.08800125122070312
F3450,feature_3450,0.08797930181026459
F1522,feature_1522,0.08797863125801086
F2146,feature_2146,0.08797347545623779
F1264,feature_1264,0.08797244727611542
F4141,feature_4141,0.08795884251594543
F4573,feature_4573,0.08795876055955887
F2042,feature_2042,0.08795766532421112
F3967,feature_3967,0.08794336766004562
F3819,feature_3819,0.08793332427740097
F83,feature_83,0.08792730420827866
F5215,feature_5215,0.08792433142662048
F1836,feature_1836,0.0879208892583847
F4171,feature_4171,0.08791621774435043
F751,feature_751,0.08791258931159973
F1622,feature_1622,0.08790731430053711
F5592,feature_5592,0.08789914101362228
F5196,feature_5196,0.0878944844007492
F2095,feature_2095,0.0878811851143837
F1474,feature_1474,0.08785678446292877
F4007,feature_4007,0.0878533273935318
F4974,feature_4974,0.08785264194011688
F1206,feature_1206,0.08783610910177231
F1512,feature_1512,0.08783096075057983
F2240,feature_2240,0.08782116323709488
F4598,feature_4598,0.08781808614730835
F825,feature_825,0.08781479299068451
F4362,feature_4362,0.08780327439308167
F773,feature_773,0.08779949694871902
F2286,feature_2286,0.08779428154230118
F4266,feature_4266,0.0877934917807579
F4846,feature_4846,0.08779152482748032
F5996,feature_5996,0.08778750896453857
F2603,feature_2603,0.08778561651706696
F5071,feature_5071,0.08778180181980133
F3354,feature_3354,0.08777856826782227
F2220,feature_2220,0.08776852488517761
F4090,feature_4090,0.0877588614821434
F40,feature_40,0.08775879442691803
F4565,feature_4565,0.08775680512189865
F1726,feature_1726,0.08774576336145401
F4130,feature_4130,0.08774568885564804
F5509,feature_5509,0.08773847669363022
F4772,feature_4772,0.08772671967744827
F594,feature_594,0.08772355318069458
F592,feature_592,0.08771979808807373
F2298,feature_2298,0.08771876990795135
F1767,feature_1767,0.0877133160829544
F5519,feature_5519,0.08771144598722458
F2624,feature_2624,0.08769934624433517
F1524,feature_1524,0.08769567310810089
F651,feature_651,0.08767831325531006
F190,feature_190,0.08767452090978622
F4564,feature_4564,0.08766498416662216
F4024,feature_4024,0.08766409009695053
F983,feature_983,0.08764632046222687
F2547,feature_2547,0.08764254301786423
F2192,feature_2192,0.08763904869556427
F3003,feature_3003,0.08763667941093445
F5374,feature_5374,0.0876285582780838
F3135,feature_3135,0.08761971443891525
F3588,feature_3588,0.08761153370141983
F4714,feature_4714,0.08759994059801102
F2861,feature_2861,0.08759569376707077
F171,feature_171,0.08759282529354095
F1864,feature_1864,0.08757125586271286
F2559,feature_2559,0.08756855875253677
F4414,feature_4414,0.08756802976131439
F2123,feature_2123,0.08756748586893082
F208,feature_208,0.08756733685731888
F3874,feature_3874,0.08756404370069504
F5677,feature_5677,0.0875624269247055
F646,feature_646,0.08755826205015182
F3301,feature_3301,0.08755101263523102
F3497,feature_3497,0.08754781633615494
F5756,feature_5756,0.08754625916481018
F1121,feature_1121,0.08753841370344162
F1569,feature_1569,0.08753784745931625
F4975,feature_4975,0.0875377207994461
F431,feature_431,0.08753305673599243
F581,feature_581,0.08751239627599716
F2992,feature_2992,0.08750711381435394
F2699,feature_2699,0.0875060185790062
F2172,feature_2172,0.08748447895050049
F3338,feature_3338,0.08747255057096481
F2061,feature_2061,0.08746666461229324
F248,feature_248,0.08745047450065613
F5190,feature_5190,0.08744814246892929
F5144,feature_5144,0.08744753152132034
F2616,feature_2616,0.0874447226524353
F2345,feature_2345,0.08742322027683258
F2710,feature_2710,0.08741749078035355
F5533,feature_5533,0.08741670846939087
F323,feature_323,0.08739729225635529
F5099,feature_5099,0.08737771213054657
F490,feature_490,0.08737453073263168
F4260,feature_4260,0.08736944943666458
F3502,feature_3502,0.08736028522253036
F3272,feature_3272,0.08735698461532593
F2264,feature_2264,0.08735346794128418
F3100,feature_3100,0.08733640611171722
F897,feature_897,0.08733542263507843
F4756,feature_4756,0.08732869476079941
F1668,feature_1668,0.08732763677835464
F1412,feature_1412,0.08732739090919495
F4984,feature_4984,0.08730917423963547
F3024,feature_3024,0.08730678260326385
F2214,feature_2214,0.08730199933052063
F2031,feature_2031,0.08729985356330872
F203,feature_203,0.08729955554008484
F1100,feature_1100,0.08729662746191025
F1277,feature_1277,0.08729494363069534
F1676,feature_1676,0.08729101717472076
F466,feature_466,0.08728852868080139
F6373,feature_6373,0.08728326857089996
F729,feature_729,0.08726853877305984
F937,feature_937,0.08726272732019424
F2375,feature_2375,0.08725618571043015
F3433,feature_3433,0.08724436908960342
F198,feature_198,0.08723727613687515
F1813,feature_1813,0.08723512291908264
F3504,feature_3504,0.08722854405641556
F1226,feature_1226,0.0872131884098053
F4411,feature_4411,0.08721046149730682
F4932,feature_4932,0.08719215542078018
F4062,feature_4062,0.08719004690647125
F3176,feature_3176,0.08718644827604294
F762,feature_762,0.08717633783817291
F3662,feature_3662,0.08717265725135803
F829,feature_829,0.08717131614685059
F749,feature_749,0.08716950565576553
F1565,feature_1565,0.08716066926717758
F2793,feature_2793,0.08715975284576416
F4516,feature_4516,0.08715318143367767
F5320,feature_5320,0.08713836967945099
F881,feature_881,0.08713443577289581
F3291,feature_3291,0.08712674677371979
F3775,feature_3775,0.08711862564086914
F4620,feature_4620,0.08711535483598709
F2151,feature_2151,0.08711303770542145
F3239,feature_3239,0.08710479736328125
F4935,feature_4935,0.08709892630577087
F5078,feature_5078,0.08709736168384552
F3647,feature_3647,0.08709080517292023
F2381,feature_2381,0.08708838373422623
F1725,feature_1725,0.08708807080984116
F1834,feature_1834,0.08708245307207108
F3032,feature_3032,0.08706880360841751
F4124,feature_4124,0.0870542973279953
F5020,feature_5020,0.08705367147922516
F892,feature_892,0.08705136924982071
F4515,feature_4515,0.08705005794763565
F1423,feature_1423,0.08703521639108658
F3451,feature_3451,0.08703339099884033
F1376,feature_1376,0.08702392876148224
F6124,feature_6124,0.08702213317155838
F339,feature_339,0.0870136097073555
F3771,feature_3771,0.08701011538505554
F3289,feature_3289,0.08700824528932571
F6204,feature_6204,0.08697957545518875
F1177,feature_1177,0.08696191012859344
F723,feature_723,0.08696053922176361
F2863,feature_2863,0.08695507794618607
F261,feature_261,0.08695437014102936
F5820,feature_5820,0.08695105463266373
F2816,feature_2816,0.08694949746131897
F6225,feature_6225,0.08694819360971451
F1145,feature_1145,0.0869431346654892
F1663,feature_1663,0.08693016320466995
F3605,feature_3605,0.08692266047000885
F3019,feature_3019,0.08691316843032837
F2263,feature_2263,0.08690811693668365
F4244,feature_4244,0.08690136671066284
F5779,feature_5779,0.08686859905719757
F1997,feature_1997,0.08686215430498123
F3604,feature_3604,0.08686187118291855
F5132,feature_5132,0.08683080971240997
F2177,feature_2177,0.08682601153850555
F4804,feature_4804,0.08681853115558624
F2618,feature_2618,0.08681696653366089
F5696,feature_5696,0.0868033841252327
F3592,feature_3592,0.08680205792188644
F243,feature_243,0.08679806441068649
F4298,feature_4298,0.08678296953439713
F805,feature_805,0.08677184581756592
F5155,feature_5155,0.08676505833864212
F4453,feature_4453,0.08676421642303467
F3187,feature_3187,0.08676218241453171
F5104,feature_5104,0.08675967156887054
F1363,feature_1363,0.08672702312469482
F3849,feature_3849,0.0867200493812561
F6355,feature_6355,0.08671761304140091
F2521,feature_2521,0.08670966327190399
F3503,feature_3503,0.08670221269130707
F3200,feature_3200,0.08668956160545349
F3428,feature_3428,0.08667513728141785
F3279,feature_3279,0.08667165786027908
F1125,feature_1125,0.08665764331817627
F3137,feature_3137,0.08664985746145248
F725,feature_725,0.08664535731077194
F1174,feature_1174,0.08662861585617065
F1633,feature_1633,0.08661002665758133
F3417,feature_3417,0.08660189807415009
F1819,feature_1819,0.0866016298532486
F3823,feature_3823,0.08659511059522629
F4681,feature_4681,0.08659255504608154
F1267,feature_1267,0.08659183979034424
F5236,feature_5236,0.08658646047115326
F4540,feature_4540,0.08657943457365036
F4843,feature_4843,0.08656532317399979
F2312,feature_2312,0.08655697107315063
F1779,feature_1779,0.08655638247728348
F4002,feature_4002,0.08655165135860443
F1582,feature_1582,0.08654364198446274
F3577,feature_3577,0.08653153479099274
F2003,feature_2003,0.08652029931545258
F3569,feature_3569,0.08650995045900345
F2915,feature_2915,0.08650703728199005
F887,feature_887,0.08649443835020065
F1848,feature_1848,0.08647388219833374
F3022,feature_3022,0.08644828200340271
F244,feature_244,0.08644825965166092
F3553,feature_3553,0.08644037693738937
F1192,feature_1192,0.08642853796482086
F5083,feature_5083,0.08641470223665237
F1401,feature_1401,0.0864073857665062
F6278,feature_6278,0.08639906346797943
F120,feature_120,0.0863819494843483
F4104,feature_4104,0.08637882024049759
F1830,feature_1830,0.08636928349733353
F2664,feature_2664,0.086362324655056
F4944,feature_4944,0.08635857701301575
F1629,feature_1629,0.08634393662214279
F4442,feature_4442,0.0863417387008667
F3654,feature_3654,0.08633628487586975
F1297,feature_1297,0.08632851392030716
F1942,feature_1942,0.08632258325815201
F1709,feature_1709,0.08631140738725662
F2076,feature_2076,0.08630917966365814
F1714,feature_1714,0.0862903892993927
F4169,feature_4169,0.08628886193037033
F3258,feature_3258,0.0862773209810257
F4985,feature_4985,0.08627704530954361
F3038,feature_3038,0.08626050502061844
F2439,feature_2439,0.0862593799829483
F1391,feature_1391,0.08625771850347519
F4346,feature_4346,0.08625718951225281
F3084,feature_3084,0.08625224232673645
F4922,feature_4922,0.08624602854251862
F3104,feature_3104,0.08624248951673508
F4386,feature_4386,0.08622884005308151
F586,feature_586,0.08620400726795197
F2115,feature_2115,0.08618301153182983
F1647,feature_1647,0.08617628365755081
F6356,feature_6356,0.08615589886903763
F1621,feature_1621,0.08614145219326019
F1788,feature_1788,0.0861394926905632
F1330,feature_1330,0.08613891899585724
F1355,feature_1355,0.08613390475511551
F3269,feature_3269,0.08612354099750519
F3807,feature_3807,0.0861230343580246
F256,feature_256,0.0861218199133873
F2464,feature_2464,0.08611179888248444
F1356,feature_1356,0.08609475940465927
F4965,feature_4965,0.08608794957399368
F4842,feature_4842,0.08608239889144897
F1360,feature_1360,0.08607681840658188
F5156,feature_5156,0.08604364842176437
F3307,feature_3307,0.08604303002357483
F3035,feature_3035,0.08604279160499573
F3821,feature_3821,0.08604084700345993
F1263,feature_1263,0.08603998273611069
F5100,feature_5100,0.0860399454832077
F5617,feature_5617,0.08603806793689728
F1886,feature_1886,0.08603290468454361
F1652,feature_1652,0.08601780235767365
F935,feature_935,0.08600324392318726
F1590,feature_1590,0.08600019663572311
F1550,feature_1550,0.08599364757537842
F1900,feature_1900,0.08598361164331436
F3221,feature_3221,0.08598137646913528
F2531,feature_2531,0.0859750360250473
F5810,feature_5810,0.08596508204936981
F4818,feature_4818,0.0859629288315773
F162,feature_162,0.0859503522515297
F5920,feature_5920,0.08594810962677002
F357,feature_357,0.08594618737697601
F265,feature_265,0.08593971282243729
F968,feature_968,0.08593947440385818
F3192,feature_3192,0.08593834191560745
F343,feature_343,0.08591840416193008
F2919,feature_2919,0.08587247133255005
F1595,feature_1595,0.08586432784795761
F597,feature_597,0.08586293458938599
F3762,feature_3762,0.0858628898859024
F2682,feature_2682,0.08585098385810852
F4140,feature_4140,0.08584558963775635
F5146,feature_5146,0.08581288158893585
F1144,feature_1144,0.08580951392650604
F3296,feature_3296,0.0858004167675972
F126,feature_126,0.08579277992248535
F4050,feature_4050,0.08579058200120926
F4903,feature_4903,0.08578573912382126
F4309,feature_4309,0.08578255772590637
F5430,feature_5430,0.08577332645654678
F4948,feature_4948,0.08576857298612595
F2253,feature_2253,0.08575155586004257
F3026,feature_3026,0.08573617041110992
F1385,feature_1385,0.08572783321142197
F4337,feature_4337,0.08570671826601028
F4850,feature_4850,0.08569617569446564
F1429,feature_1429,0.08568212389945984
F4116,feature_4116,0.0856778472661972
F2782,feature_2782,0.08567571640014648
F2342,feature_2342,0.08567223697900772
F3770,feature_3770,0.08566974103450775
F3843,feature_3843,0.0856684073805809
F2872,feature_2872,0.08566213399171829
F3988,feature_3988,0.08566197752952576
F4892,feature_4892,0.08566126227378845
F2524,feature_2524,0.08565934747457504
F3242,feature_3242,0.08565820008516312
F3160,feature_3160,0.08564439415931702
F4253,feature_4253,0.0856335312128067
F5679,feature_5679,0.0856294333934784
F2615,feature_2615,0.08561781048774719
F4915,feature_4915,0.08561688661575317
F3673,feature_3673,0.085612453520298
F4840,feature_4840,0.08561060577630997
F197,feature_197,0.08559978008270264
F5024,feature_5024,0.08559930324554443
F1782,feature_1782,0.08559741824865341
F4524,feature_4524,0.08558597415685654
F643,feature_643,0.08557982742786407
F1034,feature_1034,0.08557821810245514
F1340,feature_1340,0.08556929975748062
F5096,feature_5096,0.08556511998176575
F1669,feature_1669,0.08556327223777771
F642,feature_642,0.08555950224399567
F4677,feature_4677,0.08555497974157333
F1747,feature_1747,0.08554479479789734
F1688,feature_1688,0.08554144203662872
F1051,feature_1051,0.08553963154554367
F3438,feature_3438,0.08552825450897217
F6209,feature_6209,0.08551332354545593
F1619,feature_1619,0.08550266921520233
F4014,feature_4014,0.08547424525022507
F1551,feature_1551,0.08547106385231018
F5969,feature_5969,0.08546451479196548
F1392,feature_1392,0.0854622945189476
F4807,feature_4807,0.08544223010540009
F4460,feature_4460,0.0854407325387001
F1,feature_1,0.08543390780687332
F4651,feature_4651,0.08542089909315109
F3483,feature_3483,0.08542048931121826
F5835,feature_5835,0.0854191854596138
F580,feature_580,0.08541858941316605
F1857,feature_1857,0.08539995551109314
F4547,feature_4547,0.08537906408309937
F1358,feature_1358,0.0853734016418457
F1342,feature_1342,0.0853639543056488
F276,feature_276,0.08534625172615051
F3127,feature_3127,0.08534304052591324
F2551,feature_2551,0.08533703535795212
F1286,feature_1286,0.08533698320388794
F5517,feature_5517,0.08533192425966263
F4111,feature_4111,0.0853172242641449
F402,feature_402,0.08530115336179733
F6122,feature_6122,0.0852818638086319
F1746,feature_1746,0.08527912944555283
F5839,feature_5839,0.08527377247810364
F6120,feature_6120,0.08526282757520676
F1999,feature_1999,0.08526211977005005
F5151,feature_5151,0.08525079488754272
F3211,feature_3211,0.08524570614099503
F3765,feature_3765,0.08524561673402786
F5109,feature_5109,0.08524373173713684
F4436,feature_4436,0.08524119853973389
F1678,feature_1678,0.08524106442928314
F6354,feature_6354,0.08523067086935043
F3501,feature_3501,0.08520156145095825
F6029,feature_6029,0.08519299328327179
F4599,feature_4599,0.08519142866134644
F3047,feature_3047,0.08518431335687637
F1497,feature_1497,0.08518379181623459
F6123,feature_6123,0.08517984300851822
F3102,feature_3102,0.08517970144748688
F1354,feature_1354,0.08516061305999756
F288,feature_288,0.08515958487987518
F3405,feature_3405,0.0851566344499588
F587,feature_587,0.08515063673257828
F728,feature_728,0.08514374494552612
F4799,feature_4799,0.08514220267534256
F1943,feature_1943,0.0851321741938591
F321,feature_321,0.08512599766254425
F2553,feature_2553,0.08512096107006073
F5145,feature_5145,0.08511461317539215
F4195,feature_4195,0.08511195331811905
F2059,feature_2059,0.08510939031839371
F6279,feature_6279,0.08509542047977448
F2606,feature_2606,0.08508940786123276
F5310,feature_5310,0.08508649468421936
F1839,feature_1839,0.08508109301328659
F4848,feature_4848,0.08507850766181946
F5354,feature_5354,0.08506125956773758
F1962,feature_1962,0.08503831177949905
F5535,feature_5535,0.08503738790750504
F1697,feature_1697,0.0850350484251976
F1390,feature_1390,0.0850318893790245
F657,feature_657,0.0850309282541275
F644,feature_644,0.08502449095249176
F4286,feature_4286,0.0850234180688858
F2780,feature_2780,0.0850212574005127
F1783,feature_1783,0.08502043783664703
F3487,feature_3487,0.08501890301704407
F6211,feature_6211,0.085005983710289
F188,feature_188,0.0849979892373085
F118,feature_118,0.08499552309513092
F45,feature_45,0.08498658984899521
F1472,feature_1472,0.08497893810272217
F5442,feature_5442,0.08497404307126999
F3875,feature_3875,0.08497096598148346
F2365,feature_2365,0.08497026562690735
F2113,feature_2113,0.08495862782001495
F5977,feature_5977,0.08494366705417633
F5997,feature_5997,0.08494359999895096
F661,feature_661,0.08494319021701813
F1172,feature_1172,0.08490139991044998
F487,feature_487,0.08489613980054855
F1195,feature_1195,0.08488591015338898
F2017,feature_2017,0.08487256616353989
F6226,feature_6226,0.08486833423376083
F1576,feature_1576,0.08486081659793854
F1895,feature_1895,0.08485830575227737
F4336,feature_4336,0.08485251665115356
F2690,feature_2690,0.08484452962875366
F2393,feature_2393,0.08484383672475815
F1983,feature_1983,0.08484336733818054
F4163,feature_4163,0.0848333090543747
F2148,feature_2148,0.08482425659894943
F984,feature_984,0.08481867611408234
F5023,feature_5023,0.08481322228908539
F4744,feature_4744,0.08481105417013168
F2385,feature_2385,0.08479718863964081
F2994,feature_2994,0.08479537069797516
F410,feature_410,0.08479157835245132
F2299,feature_2299,0.08478390425443649
F3513,feature_3513,0.08478176593780518
F5294,feature_5294,0.08477912843227386
F888,feature_888,0.08476731181144714
F2457,feature_2457,0.08476465195417404
F726,feature_726,0.08476147800683975
F4084,feature_4084,0.08476004004478455
F1175,feature_1175,0.08475317060947418
F2223,feature_2223,0.08475198596715927
F5081,feature_5081,0.08474992215633392
F5698,feature_5698,0.08474218845367432
F104,feature_104,0.08474050462245941
F3262,feature_3262,0.08473927527666092
F107,feature_107,0.08473177254199982
F1959,feature_1959,0.0847238153219223
F1718,feature_1718,0.08472134172916412
F2281,feature_2281,0.08471211791038513
F3193,feature_3193,0.0847102552652359
F2414,feature_2414,0.08469562232494354
F1516,feature_1516,0.08467555791139603
F6056,feature_6056,0.0846700519323349
F6080,feature_6080,0.08466722071170807
F1756,feature_1756,0.0846540778875351
F4725,feature_4725,0.08465002477169037
F2259,feature_2259,0.08464932441711426
F1571,feature_1571,0.08464740961790085
F2195,feature_2195,0.08464545756578445
F5675,feature_5675,0.08463498204946518
F575,feature_575,0.08463269472122192
F4879,feature_4879,0.08462314307689667
F3145,feature_3145,0.08462190628051758
F656,feature_656,0.08462006598711014
F3585,feature_3585,0.08460882306098938
F2921,feature_2921,0.08459866046905518
F3240,feature_3240,0.08459266275167465
F4350,feature_4350,0.0845925509929657
F5025,feature_5025,0.08458840847015381
F1861,feature_1861,0.08457647264003754
F106,feature_106,0.0845750942826271
F4192,feature_4192,0.0845668613910675
F2307,feature_2307,0.08455005288124084
F3474,feature_3474,0.08454032987356186
F1638,feature_1638,0.08451725542545319
F5351,feature_5351,0.08451442420482635
F1506,feature_1506,0.08448941260576248
F4110,feature_4110,0.08448757231235504
F4526,feature_4526,0.08448087424039841
F2470,feature_2470,0.08447527140378952
F352,feature_352,0.0844743475317955
F282,feature_282,0.08447227627038956
F4166,feature_4166,0.0844390019774437
F187,feature_187,0.08443156629800797
F5212,feature_5212,0.08441367745399475
F2134,feature_2134,0.08441339433193207
F3884,feature_3884,0.08441191911697388
F2858,feature_2858,0.0844087228178978
F2859,feature_2859,0.08440030366182327
F4063,feature_4063,0.08438630402088165
F1885,feature_1885,0.08438502252101898
F2215,feature_2215,0.08438339084386826
F193,feature_193,0.08437980711460114
F17,feature_17,0.08436713367700577
F3328,feature_3328,0.08435323089361191
F4021,feature_4021,0.08435071259737015
F4849,feature_4849,0.08433059602975845
F1314,feature_1314,0.08432213217020035
F4886,feature_4886,0.0843207985162735
F6159,feature_6159,0.08430412411689758
F4267,feature_4267,0.08430051058530807
F3895,feature_3895,0.08429846167564392
F6036,feature_6036,0.08429782837629318
F2776,feature_2776,0.0842956155538559
F1966,feature_1966,0.08429156243801117
F3339,feature_3339,0.08426963537931442
F260,feature_260,0.08426108211278915
F5894,feature_5894,0.08425407111644745
F4646,feature_4646,0.08425146341323853
F4419,feature_4419,0.08424660563468933
F4497,feature_4497,0.08423280715942383
F253,feature_253,0.08423101902008057
F1820,feature_1820,0.08418946713209152
F3681,feature_3681,0.08418915420770645
F4277,feature_4277,0.08418581634759903
F1526,feature_1526,0.08418283611536026
F4865,feature_4865,0.08417721837759018
F1469,feature_1469,0.0841754600405693
F5702,feature_5702,0.08416540920734406
F4020,feature_4020,0.08416537195444107
F4274,feature_4274,0.08416498452425003
F509,feature_509,0.0841648131608963
F4690,feature_4690,0.08416425436735153
F2271,feature_2271,0.08415798842906952
F427,feature_427,0.08415615558624268
F4389,feature_4389,0.08414784073829651
F1431,feature_1431,0.08413054794073105
F1552,feature_1552,0.08410217612981796
F2877,feature_2877,0.08409684896469116
F570,feature_570,0.08408471196889877
F1817,feature_1817,0.08407961577177048
F3579,feature_3579,0.08405502885580063
F3147,feature_3147,0.08404140174388885
F2072,feature_2072,0.0840396136045456
F273,feature_273,0.08403413742780685
F5525,feature_5525,0.0840311348438263
F4754,feature_4754,0.0840267762541771
F5040,feature_5040,0.08402417600154877
F2696,feature_2696,0.08401719480752945
F4999,feature_4999,0.0840114876627922
F192,feature_192,0.08401137590408325
F4435,feature_4435,0.08399377018213272
F44,feature_44,0.0839926153421402
F2868,feature_2868,0.08398673683404922
F4706,feature_4706,0.083977609872818
F6076,feature_6076,0.08397699147462845
F6156,feature_6156,0.08396191149950027
F5457,feature_5457,0.08395826071500778
F4448,feature_4448,0.08395811915397644
F1437,feature_1437,0.08394760638475418
F1227,feature_1227,0.08394410461187363
F2037,feature_2037,0.08394338935613632
F2158,feature_2158,0.08393041044473648
F489,feature_489,0.08392685651779175
F826,feature_826,0.08392133563756943
F2640,feature_2640,0.08391925692558289
F3280,feature_3280,0.08390490710735321
F2306,feature_2306,0.08389971405267715
F2121,feature_2121,0.08389345556497574
F4596,feature_4596,0.08388690650463104
F2762,feature_2762,0.08388169854879379
F425,feature_425,0.08387212455272675
F5355,feature_5355,0.08383837342262268
F5331,feature_5331,0.08383110910654068
F1591,feature_1591,0.08381417393684387
F354,feature_354,0.08380599319934845
F3598,feature_3598,0.08380254358053207
F1626,feature_1626,0.08378326892852783
F4333,feature_4333,0.0837792456150055
F5757,feature_5757,0.08376579731702805
F3004,feature_3004,0.08375510573387146
F5689,feature_5689,0.0837550014257431
F4211,feature_4211,0.08374200016260147
F5817,feature_5817,0.08372646570205688
F3055,feature_3055,0.08371712267398834
F428,feature_428,0.08371490240097046
F3582,feature_3582,0.08371182531118393
F673,feature_673,0.08370465785264969
F2231,feature_2231,0.08369855582714081
F1357,feature_1357,0.08369520306587219
F1884,feature_1884,0.08368373662233353
F4996,feature_4996,0.08367562294006348
F28,feature_28,0.0836748331785202
F4726,feature_4726,0.08367349952459335
F4997,feature_4997,0.08366859704256058
F3934,feature_3934,0.08366510272026062
F1312,feature_1312,0.08366302400827408
F3298,feature_3298,0.08365229517221451
F1979,feature_1979,0.08364543318748474
F3646,feature_3646,0.08363141864538193
F1441,feature_1441,0.08362279087305069
F5319,feature_5319,0.08361593633890152
F4663,feature_4663,0.08360855281352997
F4181,feature_4181,0.08360850065946579
F4051,feature_4051,0.08360520750284195
F1889,feature_1889,0.0835980549454689
F31,feature_31,0.08359386771917343
F2880,feature_2880,0.08358567953109741
F4912,feature_4912,0.08358488231897354
F3650,feature_3650,0.08358410745859146
F6361,feature_6361,0.08358266949653625
F4278,feature_4278,0.08357274532318115
F1482,feature_1482,0.08357158303260803
F2634,feature_2634,0.08356611430644989
F722,feature_722,0.08355572819709778
F5216,feature_5216,0.08354631811380386
F1510,feature_1510,0.0835409015417099
F822,feature_822,0.0835292637348175
F2421,feature_2421,0.08352337032556534
F4748,feature_4748,0.08351483941078186
F4904,feature_4904,0.0835132747888565
F2213,feature_2213,0.08350677788257599
F4697,feature_4697,0.08350593596696854
F1719,feature_1719,0.08349520713090897
F5895,feature_5895,0.08349481225013733
F3615,feature_3615,0.08349243551492691
F1632,feature_1632,0.08348654210567474
F2185,feature_2185,0.08346252143383026
F5232,feature_5232,0.08346070349216461
F3860,feature_3860,0.08343596011400223
F2199,feature_2199,0.08343491703271866
F4335,feature_4335,0.0834324061870575
F5674,feature_5674,0.08343028277158737
F4118,feature_4118,0.08342906832695007
F1324,feature_1324,0.08342382311820984
F4778,feature_4778,0.08342048525810242
F2004,feature_2004,0.08341409265995026
F905,feature_905,0.08339185267686844
F4814,feature_4814,0.08338585495948792
F4569,feature_4569,0.0833701491355896
F4940,feature_4940,0.08336746692657471
F2075,feature_2075,0.08334710448980331
F4146,feature_4146,0.08333705365657806
F3001,feature_3001,0.08332691341638565
F2480,feature_2480,0.08331921696662903
F2156,feature_2156,0.08329621702432632
F3129,feature_3129,0.08328939229249954
F4334,feature_4334,0.08328414708375931
F4491,feature_4491,0.0832802802324295
F2078,feature_2078,0.0832778811454773
F5076,feature_5076,0.08326178044080734
F3330,feature_3330,0.08323270827531815
F5312,feature_5312,0.08322812616825104
F3907,feature_3907,0.08321961015462875
F2376,feature_2376,0.08320962637662888
F100,feature_100,0.08319040387868881
F4987,feature_4987,0.08317545056343079
F3352,feature_3352,0.0831737071275711
F2957,feature_2957,0.08317362517118454
F4824,feature_4824,0.08316951245069504
F3400,feature_3400,0.08316067606210709
F97,feature_97,0.08315818011760712
F1805,feature_1805,0.0831385925412178
F6199,feature_6199,0.08313682675361633
F4408,feature_4408,0.08312246203422546
F3936,feature_3936,0.08312144130468369
F3500,feature_3500,0.08311329036951065
F2875,feature_2875,0.083112433552742
F342,feature_342,0.0830913707613945
F6073,feature_6073,0.08309125900268555
F5607,feature_5607,0.08309075236320496
F4601,feature_4601,0.0830753892660141
F4691,feature_4691,0.08307444304227829
F1846,feature_1846,0.08306329697370529
F4193,feature_4193,0.08305241167545319
F1683,feature_1683,0.08305086195468903
F4851,feature_4851,0.08305065333843231
F1869,feature_1869,0.08304938673973083
F207,feature_207,0.08304576575756073
F266,feature_266,0.0830438882112503
F4931,feature_4931,0.08302359282970428
F1733,feature_1733,0.08301334828138351
F6027,feature_6027,0.08300504088401794
F4679,feature_4679,0.08299779891967773
F2217,feature_2217,0.0829908698797226
F2748,feature_2748,0.08298668265342712
F3401,feature_3401,0.08298025280237198
F2316,feature_2316,0.08297768235206604
F101,feature_101,0.08297115564346313
F1283,feature_1283,0.08296030014753342
F1899,feature_1899,0.08295440673828125
F3159,feature_3159,0.08295182138681412
F4929,feature_4929,0.08294800668954849
F5239,feature_5239,0.08293286710977554
F4815,feature_4815,0.08291222155094147
F5837,feature_5837,0.08289507776498795
F3932,feature_3932,0.08289133012294769
F108,feature_108,0.08287873864173889
F6286,feature_6286,0.08287206292152405
F5970,feature_5970,0.08286268264055252
F6367,feature_6367,0.0828600823879242
F4373,feature_4373,0.08285965025424957
F332,feature_332,0.08285754173994064
F677,feature_677,0.08285743743181229
F3060,feature_3060,0.08284882456064224
F2280,feature_2280,0.08283577114343643
F4612,feature_4612,0.08283092826604843
F2458,feature_2458,0.08282805979251862
F650,feature_650,0.08282029628753662
F5838,feature_5838,0.08282008022069931
F1224,feature_1224,0.08281689137220383
F3745,feature_3745,0.08281596004962921
F435,feature_435,0.08279972523450851
F1483,feature_1483,0.0827917754650116
F5597,feature_5597,0.0827779546380043
F1988,feature_1988,0.08276624977588654
F3031,feature_3031,0.08275573700666428
F4907,feature_4907,0.08274636417627335
F4578,feature_4578,0.08272642642259598
F4513,feature_4513,0.08270885795354843
F1445,feature_1445,0.08270318061113358
F3841,feature_3841,0.08267825841903687
F1346,feature_1346,0.0826725885272026
F4682,feature_4682,0.08266551047563553
F3919,feature_3919,0.08266139775514603
F764,feature_764,0.08265496045351028
F3989,feature_3989,0.0826418474316597
F163,feature_163,0.08263800293207169
F3314,feature_3314,0.08263520896434784
F1977,feature_1977,0.0826214998960495
F939,feature_939,0.08261033892631531
F6381,feature_6381,0.08260665833950043
F4190,feature_4190,0.08258409053087234
F1918,feature_1918,0.08258388936519623
F4610,feature_4610,0.08258267492055893
F1950,feature_1950,0.08258230984210968
F1498,feature_1498,0.08256662636995316
F4198,feature_4198,0.082563117146492
F1266,feature_1266,0.08255606144666672
F3191,feature_3191,0.08255475759506226
F1625,feature_1625,0.08254563808441162
F1759,feature_1759,0.08253251016139984
F1644,feature_1644,0.08252838999032974
F2427,feature_2427,0.08251907676458359
F2560,feature_2560,0.08249828219413757
F2612,feature_2612,0.08248524367809296
F4368,feature_4368,0.08247454464435577
F2046,feature_2046,0.08247056603431702
F4966,feature_4966,0.08246590942144394
F4082,feature_4082,0.08246553689241409
F3530,feature_3530,0.08245512843132019
F2878,feature_2878,0.08245321363210678
F750,feature_750,0.0824526771903038
F978,feature_978,0.08245119452476501
F1384,feature_1384,0.08244933187961578
F2794,feature_2794,0.08244086056947708
F3924,feature_3924,0.08243116736412048
F2283,feature_2283,0.08241770416498184
F1838,feature_1838,0.08239990472793579
F5914,feature_5914,0.08239054679870605
F1252,feature_1252,0.08238846808671951
F5356,feature_5356,0.08237603306770325
F5618,feature_5618,0.08237455785274506
F1580,feature_1580,0.08236203342676163
F1415,feature_1415,0.08236013352870941
F5275,feature_5275,0.08235955983400345
F1730,feature_1730,0.08235222846269608
F584,feature_584,0.08235006779432297
F3347,feature_3347,0.08233335614204407
F4626,feature_4626,0.08231328427791595
F3587,feature_3587,0.08229320496320724
F4880,feature_4880,0.08229315280914307
F6067,feature_6067,0.0822918564081192
F2466,feature_2466,0.08228714019060135
F2502,feature_2502,0.08228103071451187
F4013,feature_4013,0.08226416260004044
F2856,feature_2856,0.08226390182971954
F3337,feature_3337,0.08225909620523453
F4895,feature_4895,0.08225490152835846
F33,feature_33,0.08225104957818985
F1917,feature_1917,0.08225074410438538
F3773,feature_3773,0.08223889768123627
F4384,feature_4384,0.08223045617341995
F4215,feature_4215,0.08222940564155579
F2799,feature_2799,0.08220762759447098
F191,feature_191,0.08220654726028442
F1920,feature_1920,0.08219196647405624
F2194,feature_2194,0.08218629658222198
F5332,feature_5332,0.0821843147277832
F4112,feature_4112,0.08218209445476532
F2230,feature_2230,0.08218158036470413
F649,feature_649,0.08216182887554169
F5435,feature_5435,0.08215709030628204
F1366,feature_1366,0.08215507119894028
F4310,feature_4310,0.08214269578456879
F1655,feature_1655,0.08213961869478226
F2105,feature_2105,0.08213876932859421
F3991,feature_3991,0.08212839066982269
F3739,feature_3739,0.08212388306856155
F4729,feature_4729,0.08210635185241699
F3238,feature_3238,0.08210078626871109
F566,feature_566,0.08208869397640228
F3440,feature_3440,0.082069031894207
F4421,feature_4421,0.08206801861524582
F2149,feature_2149,0.08206500113010406
F886,feature_886,0.08206090331077576
F3696,feature_3696,0.08203412592411041
F3023,feature_3023,0.08202610164880753
F234,feature_234,0.08201879262924194
F1816,feature_1816,0.08201678842306137
F2319,feature_2319,0.08199889212846756
F3443,feature_3443,0.08198677003383636
F2512,feature_2512,0.08198369294404984
F2785,feature_2785,0.08196950703859329
F161,feature_161,0.081961490213871
F6374,feature_6374,0.08196102827787399
F2974,feature_2974,0.08193870633840561
F3688,feature_3688,0.08193105459213257
F1682,feature_1682,0.08191625773906708
F1333,feature_1333,0.08191598206758499
F2278,feature_2278,0.08191592246294022
F1791,feature_1791,0.08191435039043427
F5075,feature_5075,0.08191415667533875
F684,feature_684,0.08189422637224197
F2828,feature_2828,0.08187103271484375
F4205,feature_4205,0.08187012374401093
F2779,feature_2779,0.08185163140296936
F5704,feature_5704,0.08183742314577103
F4603,feature_4603,0.0818352922797203
F5235,feature_5235,0.08182232081890106
F110,feature_110,0.08182044327259064
F2940,feature_2940,0.08181897550821304
F2939,feature_2939,0.08180651068687439
F1657,feature_1657,0.08179790526628494
F5376,feature_5376,0.08179609477519989
F1274,feature_1274,0.08176994323730469
F6031,feature_6031,0.08176489174365997
F5389,feature_5389,0.08176080882549286
F3583,feature_3583,0.08175818622112274
F3499,feature_3499,0.08175549656152725
F4433,feature_4433,0.08174661546945572
F4487,feature_4487,0.08172057569026947
F2317,feature_2317,0.0817175880074501
F109,feature_109,0.08170957863330841
F1347,feature_1347,0.0817086398601532
F3404,feature_3404,0.0817054957151413
F5160,feature_5160,0.0816827043890953
F1971,feature_1971,0.08167434483766556
F3121,feature_3121,0.08167028427124023
F4525,feature_4525,0.08166442066431046
F2465,feature_2465,0.08165224641561508
F5695,feature_5695,0.08164749294519424
F2360,feature_2360,0.08164700865745544
F1147,feature_1147,0.0816405713558197
F5237,feature_5237,0.08163472265005112
F4837,feature_4837,0.08162832260131836
F1065,feature_1065,0.08162415772676468
F1656,feature_1656,0.08160863816738129
F2701,feature_2701,0.08160663396120071
F1778,feature_1778,0.08160626143217087
F36,feature_36,0.08157595247030258
F3321,feature_3321,0.08156982809305191
F5015,feature_5015,0.0815686583518982
F407,feature_407,0.0815521776676178
F1171,feature_1171,0.08154325187206268
F4143,feature_4143,0.08154081553220749
F583,feature_583,0.08153723180294037
F6119,feature_6119,0.08153021335601807
F2073,feature_2073,0.08152353018522263
F2024,feature_2024,0.08150843530893326
F513,feature_513,0.08150585740804672
F2098,feature_2098,0.0815020427107811
F5751,feature_5751,0.08150089532136917
F3830,feature_3830,0.08149949461221695
F1642,feature_1642,0.08149699121713638
F1882,feature_1882,0.0814937874674797
F2039,feature_2039,0.08148559182882309
F3981,feature_3981,0.08148258924484253
F3107,feature_3107,0.08146730810403824
F4017,feature_4017,0.08146148920059204
F2112,feature_2112,0.08146040141582489
F3163,feature_3163,0.08146025240421295
F3941,feature_3941,0.08145170658826828
F662,feature_662,0.08144859969615936
F3852,feature_3852,0.08142248541116714
F1084,feature_1084,0.08141634613275528
F6197,feature_6197,0.0814119204878807
F1786,feature_1786,0.08141081035137177
F4703,feature_4703,0.08140995353460312
F3260,feature_3260,0.08140965551137924
F1102,feature_1102,0.08140750229358673
F4689,feature_4689,0.08138319104909897
F271,feature_271,0.08138132095336914
F5694,feature_5694,0.08138078451156616
F5976,feature_5976,0.08135660737752914
F1623,feature_1623,0.08135507255792618
F1972,feature_1972,0.08135250210762024
F3505,feature_3505,0.08134612441062927
F3761,feature_3761,0.08133950084447861
F3233,feature_3233,0.0813392922282219
F817,feature_817,0.08133439719676971
F4582,feature_4582,0.0813165232539177
F4545,feature_4545,0.08130603283643723
F1841,feature_1841,0.08130566030740738
F1749,feature_1749,0.08130140602588654
F5234,feature_5234,0.08128760010004044
F3665,feature_3665,0.08128483593463898
F4383,feature_4383,0.081281878054142
F3415,feature_3415,0.08126623183488846
F3226,feature_3226,0.08126342296600342
F93,feature_93,0.08126283437013626
F2953,feature_2953,0.0812535434961319
F5242,feature_5242,0.08125012367963791
F2224,feature_2224,0.08124101907014847
F2118,feature_2118,0.08123897761106491
F1944,feature_1944,0.08123847097158432
F4506,feature_4506,0.08122415840625763
F1273,feature_1273,0.08121950924396515
F2864,feature_2864,0.0811876654624939
F2717,feature_2717,0.08116596192121506
F4457,feature_4457,0.08116257190704346
F1961,feature_1961,0.08115183562040329
F4380,feature_4380,0.08114027976989746
F3692,feature_3692,0.08112534135580063
F3261,feature_3261,0.08111520856618881
F3816,feature_3816,0.08110865950584412
F3300,feature_3300,0.08109398931264877
F4583,feature_4583,0.08108878135681152
F1662,feature_1662,0.08107692748308182
F4423,feature_4423,0.08107535541057587
F1867,feature_1867,0.08107239007949829
F2030,feature_2030,0.08106857538223267
F3833,feature_3833,0.08106572180986404
F2938,feature_2938,0.08106005191802979
F4863,feature_4863,0.08105748146772385
F2705,feature_2705,0.0810551568865776
F2766,feature_2766,0.08102521300315857
F1955,feature_1955,0.08101886510848999
F1910,feature_1910,0.0810140073299408
F4536,feature_4536,0.08099659532308578
F6368,feature_6368,0.08097483217716217
F4264,feature_4264,0.08096211403608322
F2628,feature_2628,0.08095499873161316
F3751,feature_3751,0.08095181733369827
F4618,feature_4618,0.08095041662454605
F1806,feature_1806,0.0809483602643013
F4543,feature_4543,0.08094818145036697
F264,feature_264,0.08092854917049408
F186,feature_186,0.08091305941343307
F1574,feature_1574,0.08090642839670181
F5280,feature_5280,0.08090521395206451
F6152,feature_6152,0.08089923113584518
F412,feature_412,0.0808967649936676
F4115,feature_4115,0.0808592140674591
F2176,feature_2176,0.08085274696350098
F5066,feature_5066,0.08085000514984131
F32,feature_32,0.08084546774625778
F4674,feature_4674,0.08083375543355942
F6201,feature_6201,0.08083028346300125
F5002,feature_5002,0.0808207169175148
F3427,feature_3427,0.08080880343914032
F4172,feature_4172,0.08076542615890503
F2720,feature_2720,0.08076253533363342
F4004,feature_4004,0.08073121309280396
F4179,feature_4179,0.0807231068611145
F901,feature_901,0.08070700615644455
F1020,feature_1020,0.08070455491542816
F5295,feature_5295,0.08069193363189697
F3568,feature_3568,0.08068627119064331
F4585,feature_4585,0.08068549633026123
F2137,feature_2137,0.08065307140350342
F6240,feature_6240,0.08063272386789322
F2923,feature_2923,0.08062223345041275
F5673,feature_5673,0.08061345666646957
F5157,feature_5157,0.08060981333255768
F1815,feature_1815,0.08060382306575775
F1637,feature_1637,0.08059560507535934
F2473,feature_2473,0.08057021349668503
F2537,feature_2537,0.08056344836950302
F2770,feature_2770,0.08055654168128967
F2157,feature_2157,0.08055056631565094
F1327,feature_1327,0.08054768294095993
F2238,feature_2238,0.08054541796445847
F3593,feature_3593,0.08051489293575287
F2189,feature_2189,0.08051423728466034
F3908,feature_3908,0.0805106833577156
F564,feature_564,0.08050613850355148
F408,feature_408,0.08050437271595001
F1268,feature_1268,0.08049353212118149
F674,feature_674,0.08048783987760544
F1316,feature_1316,0.08048310875892639
F2983,feature_2983,0.08048310875892639
F115,feature_115,0.080475352704525
F5511,feature_5511,0.08046543598175049
F5610,feature_5610,0.08045883476734161
F1345,feature_1345,0.08045072108507156
F3101,feature_3101,0.08044324070215225
F3861,feature_3861,0.08043792098760605
F3207,feature_3207,0.08041838556528091
F3799,feature_3799,0.08040560781955719
F6372,feature_6372,0.08039730042219162
F6282,feature_6282,0.08038687705993652
F267,feature_267,0.08038599789142609
F263,feature_263,0.0803852304816246
F4065,feature_4065,0.08038360625505447
F745,feature_745,0.08036617934703827
F3894,feature_3894,0.0803498700261116
F3510,feature_3510,0.08033211529254913
F1837,feature_1837,0.08032885193824768
F1318,feature_1318,0.0803266242146492
F1674,feature_1674,0.08032315224409103
F4937,feature_4937,0.0803150162100792
F3886,feature_3886,0.08030445128679276
F2797,feature_2797,0.08030165731906891
F3531,feature_3531,0.08029945939779282
F1871,feature_1871,0.08029643446207047
F4363,feature_4363,0.08028537034988403
F1504,feature_1504,0.08025704324245453
F734,feature_734,0.08025471866130829
F588,feature_588,0.0802379921078682
F4511,feature_4511,0.08023786544799805
F5159,feature_5159,0.08023155480623245
F1259,feature_1259,0.08022712916135788
F3983,feature_3983,0.08022450655698776
F3270,feature_3270,0.08021818101406097
F4379,feature_4379,0.08019896596670151
F4222,feature_4222,0.08019400388002396
F5615,feature_5615,0.08019240200519562
F3506,feature_3506,0.08019019663333893
F4131,feature_4131,0.0801721066236496
F3527,feature_3527,0.08017081022262573
F4743,feature_4743,0.08016994595527649
F328,feature_328,0.08014486730098724
F4688,feature_4688,0.0801418349146843
F1832,feature_1832,0.08014123141765594
F4348,feature_4348,0.08012547343969345
F1974,feature_1974,0.08011608570814133
F3656,feature_3656,0.08011537790298462
F1018,feature_1018,0.080095075070858
F1507,feature_1507,0.0800752118229866
F2550,feature_2550,0.08007414638996124
F653,feature_653,0.0800173208117485
F5429,feature_5429,0.08001568913459778
F4284,feature_4284,0.08001280575990677
F5077,feature_5077,0.0800098106265068
F1893,feature_1893,0.07999654859304428
F6106,feature_6106,0.07996974885463715
F6140,feature_6140,0.07996493577957153
F1827,feature_1827,0.07995663583278656
F1715,feature_1715,0.07995092123746872
F4364,feature_4364,0.07995031028985977
F1558,feature_1558,0.07992157340049744
F3359,feature_3359,0.07991795986890793
F4768,feature_4768,0.07991324365139008
F5758,feature_5758,0.07990414649248123
F2558,feature_2558,0.07989910244941711
F254,feature_254,0.07988560199737549
F4806,feature_4806,0.07988476008176804
F4412,feature_4412,0.07985617220401764
F6385,feature_6385,0.07984808832406998
F2051,feature_2051,0.07983564585447311
F1991,feature_1991,0.07983461022377014
F1710,feature_1710,0.07981870323419571
F4449,feature_4449,0.07981618493795395
F2294,feature_2294,0.07981587201356888
F6077,feature_6077,0.07981561124324799
F2222,feature_2222,0.07981385290622711
F582,feature_582,0.07980358600616455
F4404,feature_4404,0.07978681474924088
F3360,feature_3360,0.07978460937738419
F4229,feature_4229,0.07976297289133072
F5968,feature_5968,0.07975878566503525
F2096,feature_2096,0.07975629717111588
F2777,feature_2777,0.07973457872867584
F6055,feature_6055,0.07972182333469391
F4593,feature_4593,0.07969958335161209
F4010,feature_4010,0.07969535887241364
F2021,feature_2021,0.07968365401029587
F175,feature_175,0.07967059314250946
F3580,feature_3580,0.0796627476811409
F4251,feature_4251,0.07966155558824539
F3369,feature_3369,0.07964596897363663
F4308,feature_4308,0.07964442670345306
F4659,feature_4659,0.0796276405453682
F671,feature_671,0.07962243258953094
F1640,feature_1640,0.07961762696504593
F6108,feature_6108,0.0796075239777565
F4438,feature_4438,0.0796038880944252
F3412,feature_3412,0.0796002447605133
F3736,feature_3736,0.07959328591823578
F3525,feature_3525,0.07959070801734924
F2392,feature_2392,0.07958854734897614
F4167,feature_4167,0.07956716418266296
F1643,feature_1643,0.07955189794301987
F2444,feature_2444,0.07954400032758713
F4245,feature_4245,0.07953356206417084
F2023,feature_2023,0.07952843606472015
F2860,feature_2860,0.07950644195079803
F252,feature_252,0.07950528711080551
F3970,feature_3970,0.07950174808502197
F2523,feature_2523,0.07949377596378326
F502,feature_502,0.0794895589351654
F4369,feature_4369,0.07948506623506546
F4086,feature_4086,0.07948330789804459
F2068,feature_2068,0.07947719842195511
F4862,feature_4862,0.07947524636983871
F2313,feature_2313,0.07945889979600906
F1593,feature_1593,0.07945451885461807
F4039,feature_4039,0.07944429665803909
F4462,feature_4462,0.07943762093782425
F4957,feature_4957,0.079436294734478
F2684,feature_2684,0.07939901202917099
F1561,feature_1561,0.07938911765813828
F3435,feature_3435,0.07936108112335205
F903,feature_903,0.0793585330247879
F3856,feature_3856,0.0793565958738327
F5536,feature_5536,0.07935141026973724
F5225,feature_5225,0.07932104915380478
F4459,feature_4459,0.07930929213762283
F1407,feature_1407,0.07930394262075424
F4742,feature_4742,0.07930003106594086
F2937,feature_2937,0.0792945995926857
F4538,feature_4538,0.07929182052612305
F5135,feature_5135,0.07926792651414871
F2982,feature_2982,0.0792674645781517
F1406,feature_1406,0.07926507294178009
F3018,feature_3018,0.07925707846879959
F2709,feature_2709,0.07925492525100708
F1518,feature_1518,0.07924394309520721
F4113,feature_4113,0.07923601567745209
F3749,feature_3749,0.0792321041226387
F1377,feature_1377,0.07922578603029251
F3986,feature_3986,0.07919486612081528
F1872,feature_1872,0.07919242233037949
F1925,feature_1925,0.0791856050491333
F1440,feature_1440,0.0791838988661766
F5162,feature_5162,0.07917921245098114
F1405,feature_1405,0.07917462289333344
F1495,feature_1495,0.0791587308049202
F3928,feature_3928,0.07914549112319946
F21,feature_21,0.07914023846387863
F6143,feature_6143,0.07913804054260254
F561,feature_561,0.07913713157176971
F4911,feature_4911,0.0791362076997757
F6293,feature_6293,0.07913603633642197
F5437,feature_5437,0.0791260302066803
F4698,feature_4698,0.07912387698888779
F5613,feature_5613,0.07911311835050583
F2310,feature_2310,0.07910478115081787
F1952,feature_1952,0.07910136878490448
F3162,feature_3162,0.07910077273845673
F1173,feature_1173,0.07909455895423889
F4905,feature_4905,0.07909432053565979
F4672,feature_4672,0.07908077538013458
F4699,feature_4699,0.07907964289188385
F2988,feature_2988,0.0790785551071167
F3611,feature_3611,0.07906901836395264
F3842,feature_3842,0.07903395593166351
F2314,feature_2314,0.07901976257562637
F4180,feature_4180,0.07900776714086533
F507,feature_507,0.07900341600179672
F2605,feature_2605,0.07898247241973877
F1634,feature_1634,0.07897697389125824
F3120,feature_3120,0.07895365357398987
F5352,feature_5352,0.07893247157335281
F4761,feature_4761,0.07892460376024246
F4164,feature_4164,0.07891339063644409
F3931,feature_3931,0.07889685034751892
F1963,feature_1963,0.07889639586210251
F4488,feature_4488,0.07889607548713684
F6398,feature_6398,0.07888060063123703
F1589,feature_1589,0.07887988537549973
F4906,feature_4906,0.07885335385799408
F3811,feature_3811,0.07884810864925385
F6079,feature_6079,0.07884726673364639
F2479,feature_2479,0.07883091270923615
F4341,feature_4341,0.07882918417453766
F812,feature_812,0.07882249355316162
F1066,feature_1066,0.07880748063325882
F348,feature_348,0.0788055956363678
F3062,feature_3062,0.07880352437496185
F2320,feature_2320,0.07878758013248444
F4468,feature_4468,0.078785240650177
F2999,feature_2999,0.0787762999534607
F2339,feature_2339,0.07877129316329956
F4370,feature_4370,0.07875938713550568
F3201,feature_3201,0.07872772961854935
F1255,feature_1255,0.07871320843696594
F2632,feature_2632,0.07870098203420639
F2182,feature_2182,0.07869693636894226
F6319,feature_6319,0.0786740630865097
F6078,feature_6078,0.07865940034389496
F349,feature_349,0.07865213602781296
F5759,feature_5759,0.0786520466208458
F2651,feature_2651,0.078639455139637
F5598,feature_5598,0.07860496640205383
F1911,feature_1911,0.07860128581523895
F1544,feature_1544,0.07857115566730499
F1567,feature_1567,0.07856588810682297
F2268,feature_2268,0.07855024188756943
F3199,feature_3199,0.07854865491390228
F6320,feature_6320,0.07854048907756805
F2103,feature_2103,0.0785394012928009
F6125,feature_6125,0.07853930443525314
F4061,feature_4061,0.07852019369602203
F6129,feature_6129,0.07850474119186401
F4256,feature_4256,0.07849276810884476
F1500,feature_1500,0.07847514003515244
F4441,feature_4441,0.07846732437610626
F1604,feature_1604,0.07845291495323181
F4417,feature_4417,0.07845283299684525
F3574,feature_3574,0.07842819392681122
F4083,feature_4083,0.07842771708965302
F938,feature_938,0.078424833714962
F34,feature_34,0.07841718196868896
F2955,feature_2955,0.07840310782194138
F1303,feature_1303,0.07839660346508026
F2873,feature_2873,0.07837208360433578
F1304,feature_1304,0.07834415137767792
F1256,feature_1256,0.0783432275056839
F1729,feature_1729,0.07834091037511826
F5161,feature_5161,0.0783333107829094
F1021,feature_1021,0.07831676304340363
F5082,feature_5082,0.07830879092216492
F1402,feature_1402,0.07830103486776352
F2181,feature_2181,0.0783003717660904
F102,feature_102,0.07828979939222336
F3077,feature_3077,0.07828119397163391
F3402,feature_3402,0.07827834784984589
F5032,feature_5032,0.07826597988605499
F424,feature_424,0.0782579705119133
F2712,feature_2712,0.07821393013000488
F3180,feature_3180,0.07820583134889603
F6133,feature_6133,0.07820018380880356
F3911,feature_3911,0.07819147408008575
F4183,feature_4183,0.07818925380706787
F1986,feature_1986,0.07817239314317703
F3827,feature_3827,0.07815669476985931
F4011,feature_4011,0.0781303271651268
F3421,feature_3421,0.07812180370092392
F5158,feature_5158,0.07812099158763885
F4387,feature_4387,0.07811423391103745
F5315,feature_5315,0.0781039372086525
F5136,feature_5136,0.07809443026781082
F2119,feature_2119,0.07809264957904816
F3814,feature_3814,0.07807282358407974
F2297,feature_2297,0.07807258516550064
F4649,feature_4649,0.07805185765028
F6360,feature_6360,0.07804834097623825
F5318,feature_5318,0.07804132252931595
F1989,feature_1989,0.07803095132112503
F3143,feature_3143,0.07802192121744156
F113,feature_113,0.07801932841539383
F4571,feature_4571,0.07799914479255676
F3447,feature_3447,0.07798276841640472
F4221,feature_4221,0.07797300815582275
F2525,feature_2525,0.0779615193605423
F2520,feature_2520,0.07794695347547531
F3990,feature_3990,0.07793177664279938
F3766,feature_3766,0.0779297798871994
F1450,feature_1450,0.07792550325393677
F2397,feature_2397,0.07791990041732788
F1332,feature_1332,0.07789347320795059
F3664,feature_3664,0.07788092643022537
F1951,feature_1951,0.07786212116479874
F1909,feature_1909,0.07785861194133759
F78,feature_78,0.07785575091838837
F4519,feature_4519,0.0778527706861496
F2541,feature_2541,0.077845498919487
F2239,feature_2239,0.07782980799674988
F4033,feature_4033,0.07781752198934555
F3828,feature_3828,0.07780724763870239
F251,feature_251,0.07780224084854126
F3103,feature_3103,0.07780208438634872
F2610,feature_2610,0.07779277116060257
F3523,feature_3523,0.07779216021299362
F2761,feature_2761,0.07778777927160263
F3208,feature_3208,0.0777718648314476
F3138,feature_3138,0.07776845246553421
F6200,feature_6200,0.07775270938873291
F1645,feature_1645,0.07774592936038971
F2236,feature_2236,0.07773179560899734
F1973,feature_1973,0.07772361487150192
F5116,feature_5116,0.07771886140108109
F1470,feature_1470,0.07770942896604538
F3286,feature_3286,0.07769325375556946
F2941,feature_2941,0.07769036293029785
F1716,feature_1716,0.07768996059894562
F2198,feature_2198,0.07768156379461288
F2441,feature_2441,0.07767471671104431
F1840,feature_1840,0.07766694575548172
F2233,feature_2233,0.0776539295911789
F2136,feature_2136,0.07764971256256104
F1902,feature_1902,0.07764402031898499
F1661,feature_1661,0.07763966917991638
F3885,feature_3885,0.07763584703207016
F1873,feature_1873,0.07762807607650757
F4381,feature_4381,0.07759536802768707
F3747,feature_3747,0.07759453356266022
F2871,feature_2871,0.07758191227912903
F1970,feature_1970,0.07754912972450256
F2069,feature_2069,0.07753615826368332
F322,feature_322,0.07752341777086258
F4230,feature_4230,0.07752036303281784
F4052,feature_4052,0.07749166339635849
F2285,feature_2285,0.07748915255069733
F5009,feature_5009,0.07748826593160629
F3742,feature_3742,0.07747042924165726
F4941,feature_4941,0.07744450122117996
F2377,feature_2377,0.07743526250123978
F4667,feature_4667,0.07743152976036072
F2910,feature_2910,0.07743018120527267
F1413,feature_1413,0.0774235725402832
F2557,feature_2557,0.0774218738079071
F2850,feature_2850,0.07741862535476685
F1520,feature_1520,0.07741385698318481
F4060,feature_4060,0.07741163671016693
F2101,feature_2101,0.07738325744867325
F1421,feature_1421,0.07735351473093033
F5532,feature_5532,0.07732478529214859
F38,feature_38,0.07731930911540985
F1386,feature_1386,0.07731104642152786
F4413,feature_4413,0.07730106264352798
F4142,feature_4142,0.07729478180408478
F4998,feature_4998,0.07728978991508484
F1874,feature_1874,0.07727375626564026
F2600,feature_2600,0.07726769894361496
F6160,feature_6160,0.07726588845252991
F1394,feature_1394,0.07724779844284058
F1912,feature_1912,0.07724160701036453
F5165,feature_5165,0.07723120599985123
F5191,feature_5191,0.07722506672143936
F3602,feature_3602,0.07720832526683807
F4447,feature_4447,0.07718929648399353
F1555,feature_1555,0.07718740403652191
F350,feature_350,0.07718490064144135
F2308,feature_2308,0.07718128710985184
F3406,feature_3406,0.07716989517211914
F1575,feature_1575,0.07716230303049088
F4520,feature_4520,0.07714726775884628
F985,feature_985,0.0771351084113121
F4043,feature_4043,0.07711507380008698
F5163,feature_5163,0.0771150290966034
F1723,feature_1723,0.07711447775363922
F2895,feature_2895,0.07711099833250046
F6128,feature_6128,0.07710520923137665
F338,feature_338,0.07710395753383636
F3061,feature_3061,0.07710350304841995
F1913,feature_1913,0.077073834836483
F6205,feature_6205,0.07707060128450394
F1169,feature_1169,0.07706239074468613
F1740,feature_1740,0.07706139236688614
F3365,feature_3365,0.0770600363612175
F2282,feature_2282,0.07703204452991486
F3641,feature_3641,0.07702977955341339
F2216,feature_2216,0.07701801508665085
F2703,feature_2703,0.07700490206480026
F3324,feature_3324,0.07698756456375122
F4532,feature_4532,0.07697377353906631
F1891,feature_1891,0.07696937024593353
F4855,feature_4855,0.07695263624191284
F114,feature_114,0.07693114131689072
F6158,feature_6158,0.07691720128059387
F1898,feature_1898,0.07691168785095215
F1416,feature_1416,0.07690414786338806
F1439,feature_1439,0.07689803838729858
F3098,feature_3098,0.07688946276903152
F3687,feature_3687,0.07688789814710617
F2361,feature_2361,0.07688761502504349
F6045,feature_6045,0.07687991112470627
F182,feature_182,0.07685086131095886
F3064,feature_3064,0.0768461599946022
F5311,feature_5311,0.07679571211338043
F179,feature_179,0.07679510116577148
F2842,feature_2842,0.07679199427366257
F1879,feature_1879,0.07679074257612228
F3529,feature_3529,0.0767722949385643
F5198,feature_5198,0.07676385343074799
F4992,feature_4992,0.07676055282354355
F6280,feature_6280,0.07675062119960785
F3910,feature_3910,0.07674350589513779
F2467,feature_2467,0.07674311846494675
F1485,feature_1485,0.07672758400440216
F6051,feature_6051,0.07670629024505615
F1403,feature_1403,0.07668967545032501
F2764,feature_2764,0.07668203115463257
F2144,feature_2144,0.07667682319879532
F4046,feature_4046,0.07666889578104019
F5755,feature_5755,0.07664468884468079
F1577,feature_1577,0.07663608342409134
F1984,feature_1984,0.07662387192249298
F940,feature_940,0.07661786675453186
F652,feature_652,0.07660291343927383
F5164,feature_5164,0.07660046964883804
F5367,feature_5367,0.0766001045703888
F4170,feature_4170,0.07659545540809631
F2135,feature_2135,0.0765938013792038
F4769,feature_4769,0.0765838772058487
F35,feature_35,0.07656688243150711
F5836,feature_5836,0.0765613541007042
F4069,feature_4069,0.0765523761510849
F4305,feature_4305,0.07654217630624771
F4537,feature_4537,0.07653358578681946
F2153,feature_2153,0.07652721554040909
F504,feature_504,0.07651932537555695
F3448,feature_3448,0.07651635259389877
F3366,feature_3366,0.07651010900735855
F3776,feature_3776,0.0765024796128273
F3244,feature_3244,0.07649406790733337
F4285,feature_4285,0.07648293673992157
F4852,feature_4852,0.07647015899419785
F3420,feature_3420,0.07646431028842926
F1438,feature_1438,0.07646128535270691
F1722,feature_1722,0.07645007222890854
F4856,feature_4856,0.07643213123083115
F174,feature_174,0.07642963528633118
F2359,feature_2359,0.07642007619142532
F3690,feature_3690,0.07641561329364777
F3410,feature_3410,0.07638268917798996
F1581,feature_1581,0.07638200372457504
F3659,feature_3659,0.07635088264942169
F1993,feature_1993,0.07634616643190384
F3416,feature_3416,0.07634037733078003
F2996,feature_2996,0.07632477581501007
F4242,feature_4242,0.07632067054510117
F4489,feature_4489,0.07631634175777435
F4700,feature_4700,0.07630960643291473
F2711,feature_2711,0.07628270238637924
F4434,feature_4434,0.07626588642597198
F1804,feature_1804,0.07626248151063919
F1706,feature_1706,0.07624552398920059
F5101,feature_5101,0.07623331993818283
F2629,feature_2629,0.07622221112251282
F172,feature_172,0.07620717585086823
F5919,feature_5919,0.07619979232549667
F1720,feature_1720,0.07619830965995789
F2788,feature_2788,0.0761880949139595
F5000,feature_5000,0.07617977261543274
F3069,feature_3069,0.07617416977882385
F593,feature_593,0.07614585012197495
F2440,feature_2440,0.07614294439554214
F1908,feature_1908,0.0761319249868393
F3575,feature_3575,0.0761278048157692
F1566,feature_1566,0.07611916214227676
F3655,feature_3655,0.07610876113176346
F5594,feature_5594,0.07610317319631577
F3148,feature_3148,0.0760861188173294
F426,feature_426,0.07608527690172195
F1349,feature_1349,0.07608408480882645
F2269,feature_2269,0.07608132064342499
F1019,feature_1019,0.07606379687786102
F3729,feature_3729,0.07605624943971634
F2554,feature_2554,0.07605408877134323
F1639,feature_1639,0.07602375000715256
