feature,weight_list
F1,"[0.24302440881729126, 0.2433265596628189, 0.41405320167541504, 0.18874718248844147, 0.2121725231409073, 0.25945720076560974, 0.03650142252445221, 0.7563204765319824, 0.2426360845565796, 0.12564577162265778, 0.06342029571533203, 0.10021543502807617, 0.11025121808052063, 0.07863426953554153, 0.01278824731707573, 0.03390136733651161, 0.36493292450904846, 0.764336347579956, 0.3369453251361847, 0.2222834974527359, 0.31967613101005554, 0.38023820519447327, 0.10455441474914551, 0.10709588974714279, 0.3106003701686859, 0.3954378366470337, 0.4244013726711273, 0.1459532380104065, 0.4742557406425476, 0.13585108518600464, 0.10278623551130295, 0.10380765050649643, 0.17903831601142883, 0.19329479336738586, 0.13314980268478394, 0.32079368829727173, 0.03047868423163891, 0.10917642712593079, 0.11899027973413467, 0.20736205577850342, 0.7564189434051514, 0.18639659881591797, 0.019632354378700256, 0.5485666394233704, 0.21806588768959045, 0.06005077809095383, 0.3276725709438324, 0.407125860452652, 0.39916759729385376, 0.1276373416185379, 0.3286982476711273, 0.06956293433904648, 0.3886399567127228, 0.1787089854478836, 0.09900258481502533, 0.16185827553272247, 0.6377058029174805, 0.07244895398616791, 0.18927811086177826, 0.6704102158546448, 0.3271734416484833, 0.14249113202095032, 0.029050221666693687, 0.12914137542247772, 0.8159288763999939, 0.2451060563325882, 0.301384836435318, 0.06785176694393158, 0.0661894902586937, 0.6032639145851135, 0.3198695182800293, 0.1912154257297516, 0.9878041744232178, 0.9193525314331055, 0.09775640070438385, 0.13826066255569458, 0.4117835462093353, 0.2147955298423767, 0.04403642192482948, 0.15516701340675354, 0.15873374044895172, 0.37810105085372925, 0.1712483912706375, 0.1317402720451355, 0.1767585426568985, 0.03199492767453194, 0.16607274115085602, 0.16213658452033997, 0.38248512148857117, 0.0461900420486927, 0.10001970827579498, 0.47872576117515564, 0.03467132896184921, 0.47407934069633484, 0.16202053427696228, 0.22685661911964417, 0.2452135980129242, 0.2915974259376526, 0.12131459265947342, 0.4704919755458832, 0.04681575670838356, 0.4399348497390747, 0.08872736990451813, 0.3816683888435364, 0.004976639524102211, 0.04758460074663162, 0.1260228008031845, 0.45279619097709656, 0.21690219640731812, 0.09675242751836777, 0.28532931208610535, 0.07904825359582901, 0.0198283139616251, 0.07805880159139633, 0.21596938371658325, 0.2513531744480133, 0.13902458548545837, 0.10267838090658188, 0.10558977723121643, 0.5856114625930786, 0.384593665599823, 0.06989111006259918, 0.11794420331716537, 0.021337192505598068, 0.2831384241580963, 0.24513176083564758, 0.1939779669046402, 0.37583789229393005]"
F2,"[0.20111049711704254, 0.18716593086719513, 0.042153723537921906, 0.30201607942581177, 0.18503840267658234, 0.4856994152069092, 0.17487365007400513, 0.029689045622944832, 0.04606398940086365, 0.4167776107788086, 0.08824492245912552, 0.12013590335845947, 0.1631186604499817, 0.2693377435207367, 0.09732106328010559, 0.17362163960933685, 0.37941673398017883, 0.10844724625349045, 0.18415820598602295, 0.31788602471351624, 0.029392212629318237, 0.21872106194496155, 0.061291031539440155, 0.07818487286567688, 0.6071358919143677, 0.11679359525442123, 0.041760221123695374, 0.261617511510849, 0.01834738254547119, 0.18592515587806702, 0.16181282699108124, 0.25611451268196106, 0.11821945011615753, 0.8458083271980286, 0.06636617332696915, 0.11293292045593262, 0.13708040118217468, 0.20003467798233032, 0.28550630807876587, 0.21123215556144714, 0.18877479434013367, 0.12351883202791214, 0.334011435508728, 0.11899562925100327, 0.08111242949962616, 0.03973790258169174, 0.0373886376619339, 0.024674268439412117, 0.6312495470046997, 0.21720214188098907, 0.09535839408636093, 0.1712949573993683, 0.18642652034759521, 0.419505774974823, 0.0769939050078392, 0.19325383007526398, 0.12644413113594055, 0.3665386140346527, 0.3698989748954773, 0.024911902844905853, 0.14554746448993683, 0.08293455839157104, 0.0037265548016875982, 0.23240768909454346, 0.15930970013141632, 0.01773696579039097, 0.13651244342327118, 0.10161218792200089, 0.14877982437610626, 0.24021485447883606, 0.00018589866522233933, 0.13369040191173553, 0.010265695862472057, 0.020948439836502075, 0.04315289855003357, 0.11924972385168076, 0.12776386737823486, 0.33198291063308716, 0.21895168721675873, 0.13331501185894012, 0.03431452438235283, 0.15695303678512573, 0.05842984840273857, 0.3100869357585907, 0.21226252615451813, 0.007417643908411264, 0.541865885257721, 0.30482712388038635, 0.14405974745750427, 0.2676241993904114, 0.006588789168745279, 0.2034410685300827, 0.3259718716144562, 0.07255734503269196, 0.19283664226531982, 0.05526703968644142, 0.10814785212278366, 0.06525381654500961, 0.2551242709159851, 0.3613816797733307, 0.1267530471086502, 0.9408832788467407, 0.10242024064064026, 0.2105303853750229, 0.05657723546028137, 0.2500912547111511, 0.10668652504682541, 0.06459079682826996, 0.17401748895645142, 0.005489460192620754, 0.24393486976623535, 0.01103828102350235, 0.08240130543708801, 0.137966126203537, 0.18054969608783722, 0.24856625497341156, 0.18999077379703522, 0.13374364376068115, 0.2670166492462158, 0.1014198511838913, 0.3489658534526825, 0.06804961711168289, 0.27804672718048096, 0.06334841251373291, 0.11122380942106247, 0.19715267419815063, 0.07456882297992706, 0.03527593985199928]"
F3,"[0.027141006663441658, 0.001584558398462832, 0.1966067999601364, 0.05021318793296814, 0.014795063063502312, 0.024104060605168343, 0.00817202590405941, 0.03906446695327759, 0.02646028995513916, 0.22970116138458252, 0.013638170436024666, 0.015156328678131104, 0.0155654177069664, 0.06475996971130371, 0.011657040566205978, 0.05193255841732025, 0.001985757378861308, 0.037660639733076096, 0.037366729229688644, 0.004168995190411806, 0.0026596838142722845, 0.0029194592498242855, 0.09256988018751144, 0.028006697073578835, 0.0017436622874811292, 0.026549598202109337, 0.025173353031277657, 0.04836253076791763, 0.0016639111563563347, 0.06904681026935577, 0.09895579516887665, 0.016672417521476746, 0.06640319526195526, 0.03222890943288803, 0.015681838616728783, 0.01909474842250347, 0.03356156498193741, 0.026109682396054268, 0.1313260793685913, 0.048430055379867554, 0.0012369452742859721, 0.004304834641516209, 0.11215526610612869, 0.02554508112370968, 0.27423760294914246, 0.07250672578811646, 0.0005422904505394399, 0.01619359292089939, 0.13675850629806519, 0.10058432072401047, 0.07612192630767822, 0.1701747626066208, 0.04324053227901459, 0.10769529640674591, 0.004871210549026728, 0.008471263572573662, 0.18227729201316833, 0.04884616658091545, 0.0016545213293284178, 0.006298935040831566, 0.011143556796014309, 0.017162563279271126, 0.17298205196857452, 0.006230491679161787, 0.018300609663128853, 0.13206380605697632, 0.027121910825371742, 0.03301314264535904, 0.0092437993735075, 0.00805911049246788, 0.07472936809062958, 0.14671924710273743, 0.052042003720998764, 0.005900561809539795, 0.008558656089007854, 0.0032802242785692215, 0.02943398989737034, 0.012816160917282104, 0.0016641105758026242, 0.008054854348301888, 0.07522071152925491, 0.08248448371887207, 0.005222389940172434, 0.0876910462975502, 0.03426554426550865, 0.11466675996780396, 0.2322750687599182, 0.024562228471040726, 0.007512818556278944, 0.1379001885652542, 0.006054601166397333, 0.10629554837942123, 0.08899693936109543, 0.03466995805501938, 0.06565481424331665, 0.12688037753105164, 0.021747468039393425, 0.003973622340708971, 0.0049889725632965565, 0.08203589171171188, 0.014458335004746914, 0.007104820106178522, 0.07975073158740997, 0.11211851984262466, 0.0001248235785169527, 0.029968246817588806, 0.022734474390745163, 0.12460978329181671, 0.002818151842802763, 0.0016878510359674692, 0.06856679916381836, 0.04175667092204094, 0.017409252002835274, 0.016840100288391113, 0.019816085696220398, 0.12711262702941895, 0.0775688886642456, 0.12288527190685272, 0.009321104735136032, 0.019953440874814987, 0.12559323012828827, 0.056627701967954636, 0.009925339370965958, 0.013927624560892582, 0.06854750216007233, 0.0588982030749321, 0.06883218884468079, 0.0013061334611847997]"
F4,"[0.06157522276043892, 0.03128720819950104, 0.019395019859075546, 0.006126453634351492, 0.018327344208955765, 0.012495117262005806, 0.005331724416464567, 0.06256778538227081, 0.030686480924487114, 0.004937902092933655, 0.0018558793235570192, 0.011074739508330822, 0.03639766573905945, 0.04337533935904503, 0.03562022000551224, 0.009253310970962048, 0.0295450147241354, 0.013615211471915245, 0.02299456112086773, 0.0001749079820001498, 0.12073837965726852, 0.03855154290795326, 0.00873450469225645, 0.004677655175328255, 0.005839953199028969, 0.09222348034381866, 0.030252795666456223, 0.06637130677700043, 0.04916784539818764, 0.006184442900121212, 0.01441831886768341, 0.04690217226743698, 0.0038313898257911205, 0.02868463471531868, 0.0034030028618872166, 0.03459014743566513, 0.01690821908414364, 0.002642505569383502, 0.00926761794835329, 0.002528890036046505, 0.031533654779195786, 0.036878764629364014, 0.0016340948641300201, 0.04663762077689171, 0.05840856209397316, 0.0013460112968459725, 0.005998284090310335, 0.021642934530973434, 0.003991007339209318, 0.018819838762283325, 0.008556575514376163, 0.07976052910089493, 0.07646583765745163, 0.02511112205684185, 0.11351533979177475, 0.009418679401278496, 0.005341820418834686, 0.0010062312940135598, 0.010218281298875809, 0.028350025415420532, 0.02404625341296196, 0.01417558267712593, 0.12772049009799957, 0.0245907511562109, 0.02606615051627159, 0.004170779138803482, 0.03255163133144379, 0.0015239607309922576, 0.007092497777193785, 0.007858279161155224, 0.017938705161213875, 0.000990709406323731, 0.028922973200678825, 0.03766684606671333, 0.007691005244851112, 0.007130671292543411, 0.09736141562461853, 0.0036175516434013844, 0.007095895241945982, 0.004832269158214331, 0.005519349593669176, 0.013285280205309391, 0.02182425558567047, 0.08190181106328964, 0.025974923744797707, 0.0016658181557431817, 0.026018615812063217, 0.07846999913454056, 0.004953884519636631, 0.00562154920771718, 0.005006107967346907, 0.006851035635918379, 0.06439328193664551, 0.0378413200378418, 0.0035567551385611296, 0.01719035394489765, 0.07688901573419571, 0.03613986074924469, 0.04041718319058418, 0.02359059639275074, 0.028412094339728355, 0.0072880396619439125, 0.011974559165537357, 0.03948722779750824, 0.042144373059272766, 0.021017536520957947, 0.000859099964145571, 0.0684739351272583, 0.0734480619430542, 0.005361564457416534, 0.12105394154787064, 0.004575410857796669, 0.0060538072139024734, 0.008248801343142986, 0.031671907752752304, 0.08053785562515259, 0.015116305090487003, 0.10404641926288605, 0.02031785063445568, 0.0026240157894790173, 0.0388166643679142, 0.00981272291392088, 0.0018032274674624205, 0.01497077476233244, 0.009440846741199493, 0.05795934051275253, 0.050244104117155075, 0.00917480792850256]"
F5,"[0.06990163773298264, 0.1221039891242981, 0.014560176990926266, 0.15064622461795807, 0.32996875047683716, 0.04962937906384468, 0.10552635788917542, 0.12963388860225677, 0.004310243763029575, 0.17443570494651794, 0.035748451948165894, 0.051071420311927795, 0.21107007563114166, 0.2348252683877945, 0.33647388219833374, 0.01780617982149124, 0.06915455311536789, 0.15976306796073914, 0.13381019234657288, 0.027760887518525124, 0.02616274356842041, 0.16432832181453705, 0.08767665922641754, 0.059728000313043594, 0.00783630646765232, 0.029064401984214783, 0.03906143456697464, 0.09355475753545761, 0.5127831697463989, 0.006384009495377541, 0.12434674054384232, 0.09710759669542313, 0.06735359132289886, 0.01730179972946644, 0.03876999393105507, 0.042873814702034, 0.04012095183134079, 0.033630724996328354, 0.28338876366615295, 0.1340707242488861, 0.20917530357837677, 0.010150570422410965, 0.0033207363449037075, 0.06003853306174278, 0.201260507106781, 0.10081944614648819, 0.5183067321777344, 0.032470155507326126, 0.49986639618873596, 0.08854019641876221, 0.3647753894329071, 0.17481184005737305, 0.00289848237298429, 0.34400245547294617, 0.21709416806697845, 0.1664225310087204, 0.03658425807952881, 0.042376432567834854, 0.04291535168886185, 0.22178174555301666, 0.023504456505179405, 0.1278529018163681, 0.18869434297084808, 0.062094490975141525, 0.47817912697792053, 0.046559467911720276, 0.251621812582016, 0.13337662816047668, 0.08892229199409485, 0.08897686004638672, 0.06587430089712143, 0.17795762419700623, 0.13420550525188446, 0.438343346118927, 0.16193309426307678, 0.03712473064661026, 0.14167223870754242, 0.1463785022497177, 0.045518357306718826, 0.16675862669944763, 0.12114690989255905, 0.07504299283027649, 0.16136567294597626, 0.19215895235538483, 0.006257682107388973, 0.21346887946128845, 0.016087191179394722, 0.09429115056991577, 0.003027083817869425, 0.03604774922132492, 0.24575601518154144, 0.110533706843853, 0.08225323259830475, 0.05798856541514397, 0.08585596829652786, 0.0174937192350626, 0.20554065704345703, 0.3181989789009094, 0.10598057508468628, 0.35421764850616455, 0.05380313843488693, 0.08415437489748001, 0.05480044335126877, 0.05562864989042282, 0.10578248649835587, 0.017952242866158485, 0.14381887018680573, 0.1298396736383438, 0.09290812909603119, 0.17761898040771484, 0.24405178427696228, 0.08588271588087082, 0.1603156477212906, 0.013675658963620663, 0.019630014896392822, 0.10254088789224625, 0.03502820432186127, 0.15199334919452667, 0.19262979924678802, 0.018748486414551735, 0.03505880758166313, 0.019755486398935318, 0.1754915565252304, 0.02885986492037773, 0.13744555413722992, 0.24226966500282288, 0.16700132191181183, 0.16632919013500214]"
F6,"[0.2194877713918686, 0.12213890254497528, 0.08329743146896362, 0.13877828419208527, 0.15333005785942078, 0.090608149766922, 0.07490909099578857, 0.11160944402217865, 0.03807985410094261, 0.1584915816783905, 0.054792363196611404, 0.003578752977773547, 0.10756289213895798, 0.35827237367630005, 0.08711738884449005, 0.05621938779950142, 0.20399130880832672, 0.038952674716711044, 0.03278888016939163, 0.05816490203142166, 0.22932477295398712, 0.17427480220794678, 0.16486504673957825, 0.0756269171833992, 0.05583067238330841, 0.01546730287373066, 0.1661815196275711, 0.14164292812347412, 0.4940311908721924, 0.10108830034732819, 0.2969488203525543, 0.17639555037021637, 0.11073561012744904, 0.03835483640432358, 0.016202881932258606, 0.29960113763809204, 0.13746295869350433, 0.17990820109844208, 0.05569769814610481, 0.13380654156208038, 0.5062986016273499, 0.35407352447509766, 0.005732319783419371, 0.2614319324493408, 0.12033131718635559, 0.0518651157617569, 0.08577121794223785, 0.031627532094717026, 0.0371963195502758, 0.18091273307800293, 0.1627027541399002, 0.21274125576019287, 0.07211483269929886, 0.0008079794351942837, 0.022337039932608604, 0.15822859108448029, 0.09127110987901688, 0.13894489407539368, 0.08751273900270462, 0.059896133840084076, 0.004985777661204338, 0.15099702775478363, 0.5117529630661011, 0.17650990188121796, 0.20180387794971466, 0.31089580059051514, 0.16017891466617584, 0.07965929061174393, 0.04763143137097359, 0.01581205427646637, 0.07095770537853241, 0.04812066629528999, 0.22261136770248413, 0.14717696607112885, 0.0362134650349617, 0.09855227172374725, 0.3147992193698883, 0.10359589755535126, 0.09923458099365234, 0.05917074903845787, 0.057350270450115204, 0.19265103340148926, 0.21715503931045532, 0.05229596421122551, 0.07195723056793213, 0.40532147884368896, 0.203050434589386, 0.09157884865999222, 0.08623738586902618, 0.0008072518976405263, 0.012504957616329193, 0.07693738490343094, 0.04652886465191841, 0.2714231312274933, 0.14310342073440552, 0.3211349546909332, 0.0644877701997757, 0.24046240746974945, 0.2827913463115692, 0.287982702255249, 0.02916509285569191, 0.01795334182679653, 0.012139611877501011, 0.14536015689373016, 0.09350661188364029, 0.08026980608701706, 0.3052786886692047, 0.18109288811683655, 0.2268037497997284, 0.028673656284809113, 0.38668134808540344, 0.021119017153978348, 0.010441936552524567, 0.15271800756454468, 0.013526877388358116, 0.0892346203327179, 0.029291559010744095, 0.429740846157074, 0.09685062617063522, 0.05731330066919327, 0.1313066929578781, 0.150579035282135, 0.05785193294286728, 0.1898725926876068, 0.3969409465789795, 0.42471805214881897, 0.12739160656929016, 0.07379890978336334]"
F7,"[0.08294464647769928, 0.07582356035709381, 0.2868441939353943, 0.12722481787204742, 0.3729858100414276, 0.2887958586215973, 0.21242733299732208, 0.24599498510360718, 0.13123419880867004, 0.004117509815841913, 0.057190895080566406, 0.028225524351000786, 0.13157011568546295, 0.2712727189064026, 0.018749013543128967, 0.5384104251861572, 0.15986381471157074, 0.043180447071790695, 0.1544037014245987, 0.08452767878770828, 0.18825115263462067, 0.10472594201564789, 0.2244235873222351, 0.0008204788318835199, 0.04226967319846153, 0.004991211928427219, 0.28919297456741333, 0.0669642984867096, 0.0718860924243927, 0.5456311106681824, 0.2211853414773941, 0.1370539516210556, 0.0820465013384819, 0.12678906321525574, 0.31588906049728394, 0.0703492984175682, 0.4377382695674896, 0.07737753540277481, 0.038927074521780014, 0.06091282144188881, 0.14960099756717682, 0.21266083419322968, 0.33080407977104187, 0.20305690169334412, 0.16495467722415924, 0.09220639616250992, 0.09620388597249985, 0.19810107350349426, 0.1009540930390358, 0.22934505343437195, 0.08391200006008148, 0.10818807780742645, 0.16562426090240479, 0.37994080781936646, 0.20234723389148712, 0.128116175532341, 0.1586790531873703, 0.21667614579200745, 0.007546926848590374, 0.3108745515346527, 0.13088004291057587, 0.15591439604759216, 0.029809435829520226, 0.05811619386076927, 0.09915749728679657, 0.01766899600625038, 0.22478628158569336, 0.1699947863817215, 0.06552289426326752, 0.13200928270816803, 0.2453412413597107, 0.014665198512375355, 0.2266494184732437, 0.07654964178800583, 0.118910051882267, 0.22764581441879272, 0.3729194700717926, 0.11168485879898071, 0.013195503503084183, 0.06624763458967209, 0.3072424530982971, 0.21109464764595032, 0.26055416464805603, 0.3934326767921448, 0.141756072640419, 0.11047904938459396, 0.024517729878425598, 0.2873786985874176, 0.39808303117752075, 0.01993720233440399, 0.04474809765815735, 0.33041420578956604, 0.20281195640563965, 0.09898591786623001, 0.02976851724088192, 0.07912550121545792, 0.2085927426815033, 0.024009818211197853, 0.06729196757078171, 0.1302495151758194, 0.023744843900203705, 0.25468215346336365, 0.03377123549580574, 0.08663360029459, 0.3272799849510193, 0.01578029803931713, 0.09908069670200348, 0.07070714980363846, 0.23241585493087769, 0.1935158222913742, 0.0518936887383461, 0.0249092448502779, 0.13261912763118744, 0.00934845581650734, 0.057979777455329895, 0.26288580894470215, 0.05138152092695236, 0.08576671779155731, 0.23536555469036102, 0.018503202125430107, 0.33369147777557373, 0.5393907427787781, 0.1678275763988495, 0.1114257201552391, 0.3994055986404419, 0.17757506668567657, 0.025532087311148643, 0.00787077285349369]"
F8,"[0.02880706451833248, 0.33591213822364807, 0.064467653632164, 0.2441648691892624, 0.09962387382984161, 0.18445122241973877, 0.1170317754149437, 0.71455317735672, 0.10913857817649841, 0.17125676572322845, 0.3287580609321594, 0.013227196410298347, 0.07292339205741882, 0.05150493606925011, 0.05485212430357933, 0.037945251911878586, 0.4882989823818207, 0.15200380980968475, 0.036379169672727585, 0.10363815724849701, 0.24437576532363892, 0.12024978548288345, 0.02754361741244793, 0.18608558177947998, 0.1188964992761612, 0.13713625073432922, 0.020426908507943153, 0.04610341042280197, 0.023236345499753952, 0.005616564769297838, 0.06417164951562881, 0.053291380405426025, 0.27826693654060364, 0.05475165322422981, 0.07141736894845963, 0.14277252554893494, 0.14710503816604614, 0.20863153040409088, 0.14731454849243164, 0.20280805230140686, 0.23418009281158447, 0.4450569152832031, 0.09688244014978409, 0.03924107551574707, 0.04218326508998871, 0.14096227288246155, 0.06673038005828857, 0.19383123517036438, 0.0007631834014318883, 0.1669277399778366, 0.0437137633562088, 0.06074964627623558, 0.09287336468696594, 0.5660524368286133, 0.0034045891370624304, 0.28865814208984375, 0.11949245631694794, 0.3345318138599396, 0.05969684198498726, 0.3038690686225891, 0.36597514152526855, 0.04566290229558945, 0.1755557805299759, 0.14055246114730835, 0.20598763227462769, 0.1589738130569458, 0.2128923535346985, 0.11177446693181992, 0.06619672477245331, 0.1000138446688652, 0.1918126344680786, 0.05840510502457619, 0.11432724446058273, 0.13058888912200928, 0.04338497295975685, 0.3528999388217926, 0.06053426116704941, 0.27289918065071106, 0.09674734622240067, 0.06193030998110771, 0.09427940845489502, 0.4037710130214691, 0.6429473161697388, 0.03794582188129425, 0.06051225587725639, 0.3068752884864807, 0.2556721270084381, 0.1283983439207077, 0.0032706274650990963, 0.09489885717630386, 0.09307866543531418, 0.10611261427402496, 0.05365400388836861, 0.16929401457309723, 0.38862472772598267, 0.3114224970340729, 0.09940941631793976, 0.36218950152397156, 0.10480174422264099, 0.06278488785028458, 0.04077664390206337, 0.04151558876037598, 0.15985101461410522, 0.09355108439922333, 0.5976918935775757, 0.4240284562110901, 0.12309829890727997, 0.4114585816860199, 0.42573386430740356, 0.11021225154399872, 0.2528490424156189, 0.03604290261864662, 0.01632094755768776, 0.07445421069860458, 0.1187339499592781, 0.0644262507557869, 0.1674305945634842, 0.16292546689510345, 0.166995570063591, 0.21156588196754456, 0.013134798035025597, 0.010476297698915005, 0.06547117978334427, 0.04354396089911461, 0.010411961935460567, 0.03074181266129017, 0.06714563816785812, 0.18407508730888367]"
F9,"[0.2772808074951172, 0.06066720560193062, 0.13732478022575378, 0.020360054448246956, 0.03242191672325134, 0.008555539883673191, 0.18316319584846497, 0.29337555170059204, 0.08903436362743378, 0.08847963064908981, 0.1115259900689125, 0.007426938507705927, 0.4262399971485138, 0.031339798122644424, 0.8646419048309326, 0.1982821375131607, 0.04013025388121605, 0.012740634381771088, 0.2165699303150177, 0.17751239240169525, 0.019256629049777985, 0.023207806050777435, 0.35301312804222107, 0.13598661124706268, 0.1370343118906021, 0.18403896689414978, 0.2572880685329437, 0.8033795952796936, 0.061606019735336304, 0.16377140581607819, 0.054851338267326355, 0.0806831493973732, 0.22484217584133148, 0.07051628082990646, 0.04343739151954651, 0.05245976895093918, 0.18384802341461182, 0.006053713615983725, 0.02970634028315544, 0.2811620235443115, 0.11857534199953079, 0.7059052586555481, 0.46051326394081116, 0.09951472282409668, 0.1429246962070465, 0.05824598670005798, 0.12953144311904907, 0.09357631206512451, 0.005755485966801643, 0.14900816977024078, 0.00978770013898611, 0.017084816470742226, 0.06153209134936333, 0.3725133240222931, 0.32351621985435486, 0.20981308817863464, 0.10793648660182953, 0.35999536514282227, 0.13875584304332733, 0.07654710114002228, 0.22551526129245758, 0.10925089567899704, 0.10501182824373245, 0.032853856682777405, 0.18024250864982605, 0.3576921224594116, 0.027149399742484093, 0.32656773924827576, 0.3435368537902832, 0.09282202273607254, 0.035646796226501465, 0.1286614090204239, 0.04890962317585945, 0.0030732140876352787, 0.1052563264966011, 0.2144092321395874, 0.19551219046115875, 0.016118431463837624, 0.1477598249912262, 0.33314618468284607, 0.30184030532836914, 0.1086425632238388, 0.22639380395412445, 0.10185316950082779, 0.029041195288300514, 0.14728686213493347, 0.007576247677206993, 0.05586778372526169, 0.16704869270324707, 0.07044804096221924, 0.054221540689468384, 0.009270334616303444, 0.01870422065258026, 0.08422244340181351, 0.07949934899806976, 0.29570743441581726, 0.10971526056528091, 0.04695954918861389, 0.11880750954151154, 0.30471280217170715, 0.1501120775938034, 0.15260504186153412, 0.15240173041820526, 0.04820585250854492, 0.16242918372154236, 0.38438552618026733, 0.0739998146891594, 0.04323022440075874, 0.05187434330582619, 0.10940047353506088, 0.2598085105419159, 0.166959747672081, 0.2293097823858261, 0.10755740851163864, 0.06358429044485092, 0.13876000046730042, 0.05722460523247719, 0.08834651857614517, 0.06157965585589409, 0.19368769228458405, 0.03942111134529114, 0.13592363893985748, 0.0399613119661808, 0.08597921580076218, 0.0678715780377388, 0.11810541898012161, 0.10321961343288422, 0.4791986346244812]"
F10,"[0.32335537672042847, 0.07488065212965012, 0.2614147365093231, 0.013991971500217915, 0.1277710348367691, 0.18273797631263733, 0.026587868109345436, 0.09903030097484589, 0.2277032881975174, 0.29009103775024414, 0.04256885126233101, 0.2989709675312042, 0.3490840494632721, 0.21173827350139618, 0.17875969409942627, 0.7334194183349609, 0.6388075947761536, 0.2046717256307602, 0.33100107312202454, 0.2247755229473114, 0.0682753324508667, 0.06549808382987976, 0.09482632577419281, 0.07397355884313583, 0.4892368018627167, 0.06302634626626968, 0.0929771289229393, 0.009827425703406334, 0.31059730052948, 0.12702704966068268, 0.07447890937328339, 0.01172669231891632, 0.004719025921076536, 0.0906662866473198, 0.46369436383247375, 0.03780527412891388, 0.18425782024860382, 0.061952367424964905, 0.022186698392033577, 0.12493062764406204, 0.3403867185115814, 0.1939758062362671, 0.07620838284492493, 0.460606187582016, 0.054072123020887375, 0.176505446434021, 0.500726580619812, 0.11210330575704575, 0.30531442165374756, 0.20429803431034088, 0.12051746994256973, 0.5703778266906738, 0.22998742759227753, 0.003236655378714204, 0.007344579789787531, 0.5296242833137512, 0.10883667320013046, 0.07579351216554642, 0.19314876198768616, 0.2405543327331543, 0.096319280564785, 0.09835449606180191, 0.24013963341712952, 0.1079888790845871, 0.07082241773605347, 0.026172157377004623, 0.021683823317289352, 0.21911261975765228, 0.020735612139105797, 0.14761866629123688, 0.18533991277217865, 0.5688759088516235, 0.6449236273765564, 0.05253906920552254, 0.09358510375022888, 0.33994877338409424, 0.11492649465799332, 0.13451701402664185, 0.02343987673521042, 0.10794690996408463, 0.03710268437862396, 0.1528751254081726, 0.12807334959506989, 0.061265699565410614, 0.17240199446678162, 0.018628211691975594, 0.13292919099330902, 0.149696484208107, 0.45723995566368103, 0.16134393215179443, 0.08545885235071182, 0.6156007051467896, 0.06591702252626419, 0.19308559596538544, 0.0030810730531811714, 0.1399335116147995, 0.0019250588957220316, 0.3965488374233246, 0.11146269738674164, 0.32163774967193604, 0.05099126324057579, 0.04038925841450691, 0.2440875917673111, 0.0050603910349309444, 0.4856986999511719, 0.47555941343307495, 0.4547933042049408, 0.05798890441656113, 0.5040555596351624, 0.04454634711146355, 0.06298431009054184, 0.07031329721212387, 0.4742285907268524, 0.09501094371080399, 0.18591538071632385, 0.5605090856552124, 0.1135273203253746, 0.1947050839662552, 0.052802808582782745, 0.5063345432281494, 0.0678495392203331, 0.009736250154674053, 0.17172715067863464, 0.01941831037402153, 0.09434235841035843, 0.08650738000869751, 0.20697949826717377, 0.28039035201072693]"
F11,"[0.15391701459884644, 0.19932284951210022, 0.08105852454900742, 0.15965431928634644, 0.4150508940219879, 0.040241360664367676, 0.09923242777585983, 0.055655647069215775, 0.1479899287223816, 0.16421014070510864, 0.1647759974002838, 0.13236893713474274, 0.051393695175647736, 0.02826405130326748, 0.2969536781311035, 0.052149347960948944, 0.038599323481321335, 0.1953202784061432, 0.17771635949611664, 0.002078895689919591, 0.058213915675878525, 0.25071001052856445, 0.12185896933078766, 0.3249099552631378, 0.01756729744374752, 0.03728441521525383, 0.015818266198039055, 0.19347992539405823, 0.07177119702100754, 0.09000816941261292, 0.05904274433851242, 0.17137697339057922, 0.20617729425430298, 0.10143519192934036, 0.1538255661725998, 0.1152627170085907, 0.0469428226351738, 0.023565135896205902, 0.06232322379946709, 0.08865891396999359, 0.016886141151189804, 0.21540896594524384, 0.14302831888198853, 0.15669481456279755, 0.3661511242389679, 0.04018355906009674, 0.12559443712234497, 0.04125990346074104, 0.14711342751979828, 0.1542717069387436, 0.18891455233097076, 0.15323254466056824, 0.19418254494667053, 0.41146254539489746, 0.08207368850708008, 0.3716108202934265, 0.13588553667068481, 0.02668776363134384, 0.1725129932165146, 0.9001370668411255, 0.1572267711162567, 0.008013252168893814, 0.09499776363372803, 0.007542790379375219, 0.058559488505125046, 0.11050841957330704, 0.16246077418327332, 0.13413958251476288, 0.007245725952088833, 0.3378404378890991, 0.020148012787103653, 0.04367557913064957, 0.027854280546307564, 0.04714597761631012, 0.26598015427589417, 0.2225366085767746, 0.22740519046783447, 0.08134118467569351, 0.06890459358692169, 0.01110655814409256, 0.26018258929252625, 0.1970326155424118, 0.0359562449157238, 0.08486508578062057, 0.043381467461586, 0.04650518670678139, 0.16639718413352966, 0.13517944514751434, 0.1888306885957718, 0.056082725524902344, 0.005913812667131424, 0.12560996413230896, 0.17974266409873962, 0.07767750322818756, 0.14031602442264557, 0.06563634425401688, 0.12246911972761154, 0.052369631826877594, 0.11651087552309036, 0.30474990606307983, 0.009239360690116882, 0.1824110895395279, 0.2531156837940216, 0.10255748778581619, 0.2749883532524109, 0.1288522481918335, 0.03166712820529938, 0.21364472806453705, 0.331037700176239, 0.2955472767353058, 0.3302411735057831, 0.046888209879398346, 0.11433128267526627, 0.09011039137840271, 0.11605238914489746, 0.01146602164953947, 0.10468202829360962, 0.05782966688275337, 0.062349818646907806, 0.0024109005462378263, 0.08325168490409851, 0.16494593024253845, 0.3961476981639862, 0.2642011344432831, 0.11378633230924606, 0.08229845017194748, 0.10142865031957626, 0.020533332601189613]"
F12,"[0.2802581787109375, 0.016103940084576607, 0.011860533617436886, 0.5516105890274048, 0.4801020622253418, 0.026687271893024445, 0.01753971539437771, 0.06793724000453949, 0.11380156129598618, 0.07423266768455505, 0.09457562118768692, 0.1468408703804016, 0.1977154016494751, 0.34928780794143677, 0.18503786623477936, 0.0663931667804718, 0.16768579185009003, 0.15733738243579865, 0.016470715403556824, 0.1545609086751938, 0.016846127808094025, 0.22879153490066528, 0.15793801844120026, 0.23961594700813293, 0.20749014616012573, 0.23321743309497833, 0.08961224555969238, 0.05442227050662041, 0.20610827207565308, 0.28081652522087097, 0.07085216045379639, 0.08829490095376968, 0.11269190907478333, 0.09360120445489883, 0.1380225121974945, 0.3995307683944702, 0.07011476904153824, 0.0018967477371916175, 0.09608038514852524, 0.18173766136169434, 0.41800180077552795, 0.0450577549636364, 0.6405168771743774, 0.12636882066726685, 0.3679029643535614, 0.156704381108284, 0.009660180658102036, 0.05763789638876915, 0.22083565592765808, 0.12167921662330627, 0.05865743011236191, 0.050933338701725006, 0.10870066285133362, 0.27622613310813904, 0.291422039270401, 0.14663094282150269, 0.06861195713281631, 0.19208787381649017, 0.21447302401065826, 0.14580056071281433, 0.06464869529008865, 0.10284151136875153, 0.005415191873908043, 0.09345779567956924, 0.11368480324745178, 0.4207027554512024, 0.008188079111278057, 0.12652699649333954, 0.0462893508374691, 0.17827431857585907, 0.02942620776593685, 0.26918286085128784, 0.29890045523643494, 0.1922977864742279, 0.24674680829048157, 0.03593731299042702, 0.1901170164346695, 0.06099766120314598, 0.057892002165317535, 0.037574607878923416, 0.01852657087147236, 0.02573549561202526, 0.12364492565393448, 0.09900040924549103, 0.14086498320102692, 0.06308349967002869, 0.10969264805316925, 0.03601609915494919, 0.15825435519218445, 0.04724789410829544, 0.023294946178793907, 0.01423106249421835, 0.2510683834552765, 0.2002313882112503, 0.2288210093975067, 0.13876177370548248, 0.25248977541923523, 0.19104816019535065, 0.21230320632457733, 0.12796072661876678, 0.12028740346431732, 0.0003375498636160046, 0.11688046157360077, 0.28879350423812866, 0.057143136858940125, 0.07708603888750076, 0.4258117079734802, 0.024180343374609947, 0.23296459019184113, 0.14509248733520508, 0.0604507178068161, 0.13197217881679535, 0.12138661742210388, 0.1362326443195343, 0.004101990256458521, 0.08877258747816086, 0.09254772216081619, 0.15031763911247253, 0.036358542740345, 0.13613681495189667, 0.17971090972423553, 0.10287846624851227, 0.0037707544397562742, 0.5824351906776428, 0.2767631709575653, 0.0990467518568039, 0.39216697216033936, 0.27969232201576233]"
F13,"[0.14476020634174347, 0.2091771513223648, 0.20083485543727875, 0.10885881632566452, 0.15541118383407593, 0.032216716557741165, 0.09029461443424225, 0.10530389100313187, 0.03829995542764664, 0.013633223250508308, 0.04335644468665123, 0.22363339364528656, 0.30309590697288513, 0.0948917493224144, 0.11932096630334854, 0.2835679352283478, 0.21232809126377106, 0.09066306799650192, 0.4075266420841217, 0.06623312085866928, 0.014947100542485714, 0.03533593565225601, 0.5114171504974365, 0.007595642004162073, 0.28094884753227234, 0.10340696573257446, 0.046133074909448624, 0.30731862783432007, 0.3373453617095947, 0.14923366904258728, 0.3014170825481415, 0.3095003068447113, 0.2206403613090515, 0.05284260958433151, 0.08211878687143326, 0.024841371923685074, 0.17766234278678894, 0.1802208572626114, 0.24407993257045746, 0.12106909602880478, 0.3467065691947937, 0.14039576053619385, 0.060849182307720184, 0.12884579598903656, 0.025438498705625534, 0.08841049671173096, 0.2812443971633911, 0.14212216436862946, 0.4664108157157898, 0.08213495463132858, 0.1920689195394516, 0.14218980073928833, 0.04003496095538139, 0.16676507890224457, 0.12194560468196869, 0.22266173362731934, 0.04312296211719513, 0.12024645507335663, 0.08005960285663605, 0.008399860002100468, 0.21537649631500244, 0.2716318666934967, 0.3015049397945404, 0.1170227974653244, 0.21249297261238098, 0.07228968292474747, 0.20509961247444153, 0.25692400336265564, 0.28331056237220764, 0.07360059767961502, 0.047502677887678146, 0.11435085535049438, 0.2520431578159332, 0.48703733086586, 0.05847129970788956, 0.09650622308254242, 0.1550585925579071, 0.07048245519399643, 0.029199674725532532, 0.3437172770500183, 0.22389139235019684, 0.06403551250696182, 0.10629766434431076, 0.08122394233942032, 0.32172948122024536, 0.03196554630994797, 0.002025919733569026, 0.3187275528907776, 0.14651119709014893, 0.025426506996154785, 0.4158967435359955, 0.06150399520993233, 0.23266714811325073, 0.13770265877246857, 0.38201382756233215, 0.1349870264530182, 0.05416174232959747, 0.037531349807977676, 0.04446399584412575, 0.16183891892433167, 0.005151655990630388, 0.05809361860156059, 0.13275864720344543, 0.08877492696046829, 0.20436638593673706, 0.003060561139136553, 0.48568788170814514, 0.15573549270629883, 0.11545680463314056, 0.05783854424953461, 0.49525079131126404, 0.18305841088294983, 0.1978510618209839, 0.1635608673095703, 0.08037668466567993, 0.23189452290534973, 0.09982703626155853, 0.021934233605861664, 0.09430485963821411, 0.2786324918270111, 0.13988158106803894, 0.036948759108781815, 0.3480381965637207, 0.22782954573631287, 0.11685957759618759, 0.1475437581539154, 0.16861434280872345, 0.053370941430330276]"
F14,"[0.00029528007144108415, 0.202426478266716, 0.1182098537683487, 0.13188032805919647, 0.2609919607639313, 0.14281536638736725, 0.09246692806482315, 0.2710433304309845, 0.1037549301981926, 0.09527695924043655, 0.335174024105072, 0.10225800424814224, 0.3374710977077484, 0.28475067019462585, 0.08689581602811813, 0.0545463003218174, 0.2411407232284546, 0.21385681629180908, 0.25397443771362305, 0.08803962171077728, 0.11456755548715591, 0.19489416480064392, 0.16308996081352234, 0.0958729013800621, 0.35086074471473694, 0.14347556233406067, 0.08709494769573212, 0.16597314178943634, 0.06796635687351227, 0.11677193641662598, 0.3753910958766937, 0.06738768517971039, 0.028503643348813057, 0.08401193469762802, 0.28263235092163086, 0.06822730600833893, 0.030138928443193436, 0.011790777556598186, 0.07604314386844635, 0.035418398678302765, 0.06023310869932175, 0.12627407908439636, 0.3206459879875183, 0.309447318315506, 0.07264506816864014, 0.15108457207679749, 0.029392031952738762, 0.04912060499191284, 0.29737842082977295, 0.08091404289007187, 0.14976011216640472, 0.05088307708501816, 0.26068276166915894, 0.06915831565856934, 0.09069282561540604, 0.5018920302391052, 0.057982802391052246, 0.19257491827011108, 0.03516905754804611, 0.1312435269355774, 0.026779377833008766, 0.20415514707565308, 0.036281246691942215, 0.26760077476501465, 0.25482481718063354, 0.09381335973739624, 0.1346231997013092, 0.20003439486026764, 0.275384783744812, 0.10929340869188309, 0.14734308421611786, 0.3786594569683075, 0.085611991584301, 0.005202209576964378, 0.21688374876976013, 0.2733650207519531, 0.19689707458019257, 0.034205060452222824, 0.07874561101198196, 0.0008119901176542044, 0.48900604248046875, 0.31263110041618347, 0.02975001186132431, 0.15795351564884186, 0.0552159808576107, 0.17405998706817627, 0.2613999843597412, 0.38020747900009155, 0.20982706546783447, 0.0651913732290268, 0.1340790092945099, 0.012029639445245266, 0.06285520642995834, 0.23042041063308716, 0.0004263847949914634, 0.1978578120470047, 0.35515862703323364, 0.16981299221515656, 0.0172764603048563, 0.07719410210847855, 0.05132460966706276, 0.15184612572193146, 0.2494739145040512, 0.5551419258117676, 0.10294688493013382, 0.03471730649471283, 0.11401282995939255, 0.17924834787845612, 0.25666624307632446, 0.060478243976831436, 0.1346130520105362, 0.2276635617017746, 0.06539718806743622, 0.13526366651058197, 0.05351201817393303, 0.38469064235687256, 0.24525398015975952, 0.23475390672683716, 0.39500662684440613, 0.022040903568267822, 0.06010138988494873, 0.14309412240982056, 0.0753931850194931, 0.20505882799625397, 0.7915399074554443, 0.3154296875, 0.05828970670700073, 0.1474175751209259]"
F15,"[0.03669923171401024, 0.27109846472740173, 0.20502986013889313, 0.24803891777992249, 0.16251112520694733, 0.0026675292756408453, 0.03318559750914574, 0.26803678274154663, 0.2088455706834793, 0.02714533358812332, 0.08213278651237488, 0.03333717957139015, 0.2850870192050934, 0.10874634981155396, 0.034258466213941574, 0.02028534561395645, 0.16280995309352875, 0.10360533744096756, 0.02272750996053219, 0.15416266024112701, 0.17746765911579132, 0.009812972508370876, 0.08554643392562866, 0.14109528064727783, 0.30389782786369324, 0.03719102963805199, 0.07369856536388397, 0.07249285280704498, 0.29273903369903564, 0.08298281580209732, 0.019304882735013962, 0.32067883014678955, 0.017531901597976685, 0.28192949295043945, 0.05508878827095032, 0.12839733064174652, 0.14645864069461823, 0.08641304075717926, 0.049386389553546906, 0.11567964404821396, 0.1572960615158081, 0.09535043686628342, 0.07827242463827133, 0.007269635330885649, 0.1973380148410797, 0.5384595990180969, 0.2472906857728958, 0.08366366475820541, 0.07721001654863358, 0.11646106839179993, 0.060025397688150406, 0.30760911107063293, 0.024480506777763367, 0.04456160217523575, 0.07863687723875046, 0.13983480632305145, 0.18699437379837036, 0.16473893821239471, 0.05037911981344223, 0.015734992921352386, 0.15492668747901917, 0.3237150311470032, 0.32301753759384155, 0.5621744394302368, 0.1524907797574997, 0.16132988035678864, 0.06898093223571777, 0.06720580160617828, 0.05043651536107063, 0.1181420385837555, 0.14215315878391266, 0.1721043735742569, 0.05904479697346687, 0.1657842993736267, 0.0637054294347763, 0.0798305943608284, 0.07660151273012161, 0.015971170738339424, 0.16280344128608704, 0.11930566281080246, 0.08029573410749435, 0.07770645618438721, 0.06986761093139648, 0.04426689073443413, 0.13462966680526733, 0.22603879868984222, 0.12235654890537262, 0.09492385387420654, 0.022617686539888382, 0.21883361041545868, 0.1623060554265976, 0.4469996392726898, 0.020640689879655838, 0.08504246175289154, 0.09344364702701569, 0.017254214733839035, 0.3020738959312439, 0.24183771014213562, 0.0915406197309494, 0.36004364490509033, 0.170344278216362, 0.22956545650959015, 0.15234223008155823, 0.2732791304588318, 0.2580747604370117, 0.053325094282627106, 0.11971374601125717, 0.30789199471473694, 0.19196972250938416, 0.4458407163619995, 0.49622848629951477, 0.601252019405365, 0.7825122475624084, 0.4046916365623474, 0.14137564599514008, 0.16085831820964813, 0.03193426877260208, 0.09490082412958145, 0.30066677927970886, 0.19474560022354126, 0.08857764303684235, 0.2102733850479126, 0.05783700942993164, 0.34208348393440247, 0.01211776863783598, 0.054414693266153336, 0.12679333984851837, 0.18821623921394348]"
F16,"[0.0231160931289196, 0.33695197105407715, 0.28143051266670227, 0.008250194601714611, 0.3297744393348694, 0.026718614622950554, 0.2872146964073181, 0.08364357799291611, 0.12848082184791565, 0.04704424738883972, 0.09391024708747864, 0.11806487292051315, 0.12737874686717987, 0.12521150708198547, 0.21431845426559448, 0.013475222513079643, 0.12046822160482407, 0.006316428072750568, 0.010458503849804401, 0.06694788485765457, 0.2414790540933609, 0.23984797298908234, 0.12622937560081482, 0.1173558309674263, 0.08807187527418137, 0.0037631369195878506, 0.0407586470246315, 0.2532494068145752, 0.07209189981222153, 0.15834538638591766, 0.06561446189880371, 0.03819805011153221, 0.067783884704113, 0.12634138762950897, 0.0771101862192154, 0.15786777436733246, 0.029592271894216537, 0.0761316791176796, 0.1413680911064148, 0.17583444714546204, 0.010040799155831337, 0.012818439863622189, 0.15149253606796265, 0.17227265238761902, 0.23056818544864655, 0.33089375495910645, 0.4207328259944916, 0.028742944821715355, 0.12600533664226532, 0.12167052924633026, 0.24009492993354797, 0.24283866584300995, 0.30220529437065125, 0.16029322147369385, 0.17296962440013885, 0.10640115290880203, 0.18982835114002228, 0.24880897998809814, 0.16983556747436523, 0.09285173565149307, 0.07033788412809372, 0.18514546751976013, 0.06864994764328003, 0.003139571752399206, 0.06059343367815018, 0.04540809616446495, 0.2308638095855713, 0.08454684168100357, 0.09755397588014603, 0.10780487209558487, 0.3767756521701813, 0.27146032452583313, 0.20700345933437347, 0.06224985048174858, 0.030425310134887695, 0.09281031787395477, 0.4818277060985565, 0.09969902038574219, 0.15476319193840027, 0.10676397383213043, 0.23568491637706757, 0.1614007204771042, 0.22155267000198364, 0.2351144552230835, 0.03861687704920769, 0.06417348980903625, 0.10330823808908463, 0.046161338686943054, 0.09094436466693878, 0.09870713949203491, 0.0054294029250741005, 0.2404269427061081, 0.07693932950496674, 0.07800043374300003, 0.06962646543979645, 0.29987138509750366, 0.30178090929985046, 0.1089557558298111, 0.06382796913385391, 0.08953897655010223, 0.11028319597244263, 0.20246432721614838, 0.14519551396369934, 0.16569390892982483, 0.2547909915447235, 0.35227423906326294, 0.022786037996411324, 0.1784108579158783, 0.022354736924171448, 0.020280325785279274, 0.05526667460799217, 0.21319323778152466, 0.2858424782752991, 0.09411361068487167, 0.17172615230083466, 0.47007328271865845, 0.005657993722707033, 0.05833619460463524, 0.05319685861468315, 0.5179948210716248, 0.43656259775161743, 0.24587920308113098, 0.06068794056773186, 0.18349994719028473, 0.13872651755809784, 0.10225919634103775, 0.06904463469982147, 0.12564913928508759]"
F17,"[0.07753966748714447, 0.08739469200372696, 0.1023891493678093, 0.06172376126050949, 0.11383140087127686, 0.059344928711652756, 0.08719023317098618, 0.08658448606729507, 0.12645022571086884, 0.04025491327047348, 0.09933842718601227, 0.0659213736653328, 0.3697222173213959, 0.07569776475429535, 0.12278904020786285, 0.255085289478302, 0.09867239743471146, 0.14764586091041565, 0.0747031569480896, 0.20506003499031067, 0.03177414834499359, 0.2179095447063446, 0.015510067343711853, 0.1976461112499237, 0.13627399504184723, 0.03233521804213524, 0.19372466206550598, 0.12301373481750488, 0.05769508332014084, 0.06802309304475784, 0.1977115124464035, 0.10296136885881424, 0.055590007454156876, 0.009290090762078762, 0.10678336769342422, 0.10410739481449127, 0.2776205539703369, 0.053275737911462784, 0.13079018890857697, 0.000914806907530874, 0.0838487297296524, 0.048245351761579514, 0.15422871708869934, 0.1226496696472168, 0.0933859720826149, 0.12351334095001221, 0.22141757607460022, 0.19921904802322388, 0.13853058218955994, 0.07822485268115997, 0.23035430908203125, 0.042753614485263824, 0.02463233843445778, 0.22938354313373566, 0.21393567323684692, 0.010237336158752441, 0.13324180245399475, 0.16352714598178864, 0.1273573786020279, 0.08846980333328247, 0.032675229012966156, 0.1589345633983612, 0.24599628150463104, 0.02634398080408573, 0.055535491555929184, 0.07741987705230713, 0.3728647828102112, 0.005311982240527868, 0.04623986408114433, 0.1522534191608429, 0.030122503638267517, 0.30616769194602966, 0.12077442556619644, 0.0657820925116539, 0.08144581317901611, 0.04695197194814682, 0.2845211625099182, 0.28752073645591736, 0.08570010215044022, 0.01477119605988264, 0.18950559198856354, 0.07170804589986801, 0.09269804507493973, 0.013576745986938477, 0.01063584629446268, 0.03603021800518036, 0.20893359184265137, 0.14123329520225525, 0.16475877165794373, 0.10744479298591614, 0.07654060423374176, 0.06306140869855881, 0.054489050060510635, 0.1619248241186142, 0.01354032102972269, 0.1663907915353775, 0.08631233125925064, 0.02454425022006035, 0.03425755724310875, 0.03145845606923103, 0.08927629888057709, 0.08056825399398804, 0.2616466283798218, 0.16059841215610504, 0.09008660167455673, 0.190409854054451, 0.0829545110464096, 0.1441788226366043, 0.09925241023302078, 0.07643765211105347, 0.09154495596885681, 0.0026698035653680563, 0.19270531833171844, 0.1954202950000763, 0.21078959107398987, 0.4390948712825775, 0.1840958446264267, 0.08684857189655304, 0.1190093383193016, 0.04440313205122948, 0.3009408116340637, 0.09753719717264175, 0.042415596544742584, 0.2568827271461487, 0.027442926540970802, 0.07794604450464249, 0.04705268144607544, 0.18912361562252045]"
F18,"[0.1570228487253189, 0.08499297499656677, 0.12373998761177063, 0.07999582588672638, 0.07537959516048431, 0.11842402815818787, 0.0731620267033577, 0.07065826654434204, 0.05095076188445091, 0.05286579951643944, 0.150238037109375, 0.0765092745423317, 0.18887370824813843, 0.1068723052740097, 0.020155318081378937, 0.07341980189085007, 0.11144682765007019, 0.2967173755168915, 0.11082234978675842, 0.0022373273968696594, 0.3416174352169037, 0.260919451713562, 0.029035644605755806, 0.11864041537046432, 0.04249535873532295, 0.19422775506973267, 0.1458984613418579, 0.14701718091964722, 0.28772348165512085, 0.4165742099285126, 0.05539986118674278, 0.5261601805686951, 0.20954759418964386, 0.3517034947872162, 0.033690981566905975, 0.4583112299442291, 0.07631663233041763, 0.30763792991638184, 0.09115365147590637, 0.23173847794532776, 0.02422834374010563, 0.5237060189247131, 0.05723929405212402, 0.5246410965919495, 0.046305783092975616, 0.0469067245721817, 0.013106109574437141, 0.12222381681203842, 0.1844247579574585, 0.1795702874660492, 0.2118750363588333, 0.02640746906399727, 1.164150595664978, 0.09410026669502258, 0.15595611929893494, 0.08704090118408203, 0.2424401044845581, 0.3989598751068115, 0.20359328389167786, 0.06988756358623505, 0.09935931116342545, 0.07304174453020096, 0.17827625572681427, 0.013112582266330719, 0.012133643962442875, 0.20783694088459015, 0.2701214849948883, 0.3893102705478668, 0.020683830603957176, 0.06731270998716354, 0.20101052522659302, 0.0051208906807005405, 0.03441053256392479, 0.3075783848762512, 0.3854566216468811, 0.2117404192686081, 0.08751798421144485, 0.31992897391319275, 0.06610451638698578, 0.03547115623950958, 0.27802029252052307, 0.34997138381004333, 0.0020026881247758865, 0.7418926358222961, 0.41349920630455017, 0.528461754322052, 0.15535561740398407, 0.12849850952625275, 0.01981488987803459, 0.2384612262248993, 0.35519471764564514, 0.08574219793081284, 0.06442675739526749, 0.14974670112133026, 0.2012680023908615, 0.27914750576019287, 0.11478454619646072, 0.1924341470003128, 0.02588711678981781, 0.17425136268138885, 0.03286222368478775, 0.25802358984947205, 0.34514373540878296, 0.06900680810213089, 0.015249843709170818, 0.13519257307052612, 0.10750360786914825, 0.09301482886075974, 0.2701227366924286, 0.5880922079086304, 0.19119805097579956, 0.028938956558704376, 0.19679102301597595, 0.04404056817293167, 0.5143316984176636, 0.264190673828125, 0.08375043421983719, 0.2749326527118683, 0.22000399231910706, 0.06967128068208694, 0.25780823826789856, 0.1866653859615326, 0.268634557723999, 0.058139536529779434, 0.2801072597503662, 0.08167160302400589, 0.0764700397849083, 0.27399682998657227]"
F19,"[0.3323391079902649, 0.1726626455783844, 0.04998904839158058, 0.2739211320877075, 0.258169025182724, 0.14207972586154938, 0.05619044974446297, 0.5066288709640503, 0.08335258066654205, 0.11959175020456314, 0.14823955297470093, 0.28419163823127747, 0.1336250603199005, 0.12247859686613083, 0.3021060526371002, 0.24580340087413788, 0.09204937517642975, 0.12428858876228333, 0.039382342249155045, 0.022286158055067062, 0.13049975037574768, 0.28873410820961, 0.018870465457439423, 0.0715782418847084, 0.10865877568721771, 0.09551242738962173, 0.21276316046714783, 0.03135308623313904, 0.09800112992525101, 0.047423262149095535, 0.4842849373817444, 0.2706270217895508, 0.010758660733699799, 0.097695492208004, 0.2013135701417923, 0.09474216401576996, 0.18072651326656342, 0.09900647401809692, 0.14389866590499878, 0.15919817984104156, 0.04532456770539284, 0.14523476362228394, 0.022730471566319466, 0.10444574803113937, 0.03460269421339035, 0.14724183082580566, 0.0845164954662323, 0.21810966730117798, 0.04244709014892578, 0.11164918541908264, 0.3194099962711334, 0.06928805261850357, 0.11581763625144958, 0.39315423369407654, 0.0564720556139946, 0.0015239834319800138, 0.006362279411405325, 0.1583915650844574, 0.3349135220050812, 0.6090496778488159, 0.17492425441741943, 0.1899212747812271, 0.3044630289077759, 0.019664548337459564, 0.1095220148563385, 0.13979004323482513, 0.11818256974220276, 0.06577234715223312, 0.06528425216674805, 0.027440540492534637, 0.28492799401283264, 0.017973484471440315, 0.2837055027484894, 0.19552035629749298, 0.35758501291275024, 0.04293695092201233, 0.3112242519855499, 0.09897895157337189, 0.09027720987796783, 0.02616364322602749, 0.17198514938354492, 0.08212772756814957, 0.08347175270318985, 0.09640256315469742, 0.06998452544212341, 0.03226052224636078, 0.10932771116495132, 0.1133272796869278, 0.152264803647995, 0.10748519748449326, 0.10949181020259857, 0.250968873500824, 0.09907640516757965, 0.27500808238983154, 0.3513164818286896, 0.06395435333251953, 0.2424047291278839, 0.15042482316493988, 0.02474406734108925, 0.1604551076889038, 0.19184044003486633, 0.03871455788612366, 0.08813239634037018, 0.26937294006347656, 0.38183531165122986, 0.27038076519966125, 0.07367278635501862, 0.2044224888086319, 0.1755908727645874, 0.14147642254829407, 0.05694635584950447, 0.09343543648719788, 0.09659133851528168, 0.1545242816209793, 0.06739216297864914, 0.1460094153881073, 0.14594778418540955, 0.20318901538848877, 0.08391004055738449, 0.05428885295987129, 0.09118100255727768, 0.08529752492904663, 0.031041856855154037, 0.16881559789180756, 0.01770966313779354, 0.20265710353851318, 0.20774585008621216, 0.41735121607780457]"
F20,"[0.022992903366684914, 0.33980119228363037, 0.2067832201719284, 0.012639054097235203, 0.11003265529870987, 0.009102502837777138, 0.06665681302547455, 0.09273889660835266, 0.03775041177868843, 0.19879648089408875, 0.05540183559060097, 0.0434173122048378, 0.20322257280349731, 0.06735752522945404, 0.052819617092609406, 0.099336639046669, 0.15309041738510132, 0.18408581614494324, 0.021625777706503868, 0.0392736978828907, 0.15730896592140198, 0.10760393738746643, 0.02993706241250038, 0.4492582678794861, 0.08126331865787506, 0.13387784361839294, 0.025828158482909203, 0.030305620282888412, 0.10510406643152237, 0.010682230815291405, 0.09948647022247314, 0.0864819660782814, 0.050039492547512054, 0.2324310541152954, 0.03459957242012024, 0.06126852706074715, 0.25136256217956543, 0.02477100118994713, 0.31569787859916687, 0.07725217938423157, 0.1155509427189827, 0.18641595542430878, 0.11641751229763031, 0.1666540950536728, 0.3048360049724579, 0.17600825428962708, 0.1598561853170395, 0.1093771830201149, 0.03604725003242493, 0.11202823370695114, 0.06920327991247177, 0.030777569860219955, 0.09859683364629745, 0.37193384766578674, 0.13723228871822357, 0.1772889941930771, 0.13496315479278564, 0.02592102624475956, 0.40133076906204224, 0.16918277740478516, 0.01631813682615757, 0.2792178988456726, 0.010939991101622581, 0.16991673409938812, 0.013707330450415611, 0.11877767741680145, 0.007208897732198238, 0.2547350227832794, 0.1910737156867981, 0.25497832894325256, 0.3618758022785187, 0.047710902988910675, 0.02593163214623928, 0.07886490225791931, 0.34408751130104065, 0.30568382143974304, 0.16058243811130524, 0.08934365957975388, 0.19506433606147766, 0.08658246695995331, 0.11841559410095215, 0.12365369498729706, 0.15044717490673065, 0.03416750207543373, 0.11447752267122269, 0.1213432252407074, 0.16901937127113342, 0.17722325026988983, 0.12995214760303497, 0.1166972890496254, 0.08997582644224167, 0.2444373518228531, 0.05525137484073639, 0.00952194631099701, 0.04487643763422966, 0.37061911821365356, 0.2539452016353607, 0.44813072681427, 0.0004475739842746407, 0.04132724553346634, 0.0006736561190336943, 0.07296184450387955, 0.12384499609470367, 0.18949554860591888, 0.6964670419692993, 0.05771802365779877, 0.058224450796842575, 0.19258104264736176, 0.09782914072275162, 0.10252276062965393, 0.07012365758419037, 0.1145317405462265, 0.024246945977211, 0.06347163766622543, 0.07211080193519592, 0.03593529760837555, 0.3086521625518799, 0.029695764183998108, 0.022092407569289207, 0.10715627670288086, 0.19618096947669983, 0.018463073298335075, 0.16151376068592072, 0.10365287214517593, 0.006183581426739693, 0.11612047255039215, 0.04950644075870514, 0.1615627557039261]"
F21,"[0.1140044555068016, 0.031145339831709862, 0.02992115169763565, 0.2974702715873718, 0.33000656962394714, 0.1269076019525528, 0.2258971482515335, 0.40161004662513733, 0.23740732669830322, 0.1627153605222702, 0.3324141502380371, 0.018802838400006294, 0.032934390008449554, 0.12729580700397491, 0.10627460479736328, 0.0070560467429459095, 0.12965534627437592, 0.06954558938741684, 0.06841734796762466, 0.1771649569272995, 0.06543131172657013, 0.13562306761741638, 0.08930786699056625, 0.0672973096370697, 0.23192204535007477, 0.04304346814751625, 0.18402697145938873, 0.0377010777592659, 0.07833851873874664, 0.25927406549453735, 0.33867305517196655, 0.29396960139274597, 0.1240672618150711, 0.10042309015989304, 0.2259424775838852, 0.03349991887807846, 0.056674838066101074, 0.008731469511985779, 0.006552000530064106, 0.11346594989299774, 0.05086980760097504, 0.1989932358264923, 0.3265489935874939, 0.14446251094341278, 0.07916858792304993, 0.14918634295463562, 0.09555143862962723, 0.24223493039608002, 0.09123071283102036, 0.16733209788799286, 0.025666387751698494, 0.028820350766181946, 0.10376322269439697, 0.17085890471935272, 0.17745965719223022, 0.03412063792347908, 0.07752086967229843, 0.038244277238845825, 0.0038038799539208412, 0.1824059933423996, 0.4042275547981262, 0.007095179986208677, 0.02010664902627468, 0.04282291606068611, 0.10511474311351776, 0.24291419982910156, 0.23416155576705933, 0.1493672877550125, 0.2873275578022003, 0.09098965674638748, 0.034684307873249054, 0.15324190258979797, 0.08959373086690903, 0.08030147850513458, 0.04136704280972481, 0.053926076740026474, 0.336668998003006, 0.25508224964141846, 0.003201147308573127, 0.03092431277036667, 0.39563053846359253, 0.017605161294341087, 0.21725785732269287, 0.34396833181381226, 0.23894824087619781, 0.07802984118461609, 0.06512981653213501, 0.04497441276907921, 0.20203347504138947, 0.08235486596822739, 0.016225693747401237, 0.08858570456504822, 0.14643463492393494, 0.03957758843898773, 0.10655616968870163, 0.3071058392524719, 0.04602944478392601, 0.18753282725811005, 0.02055024355649948, 0.11545975506305695, 0.06857898831367493, 0.011507924646139145, 0.1304340958595276, 0.02740379609167576, 0.005372379440814257, 0.2589750587940216, 0.23078113794326782, 0.24805009365081787, 0.03669771924614906, 0.08633138984441757, 0.22074298560619354, 0.03254679962992668, 0.17676079273223877, 0.025327330455183983, 0.03817737475037575, 0.023607533425092697, 0.2398054599761963, 0.02547561563551426, 0.20566293597221375, 0.05344580113887787, 0.11598142981529236, 0.2577357292175293, 0.027875736355781555, 0.04432196542620659, 0.05099540576338768, 0.12367796897888184, 6.965598004171625e-05, 0.16047871112823486]"
F22,"[0.05534583702683449, 0.08103759586811066, 0.19320319592952728, 0.11855877935886383, 0.21128270030021667, 0.060089174658060074, 0.3107914328575134, 0.01925654523074627, 0.0885668471455574, 0.05138254165649414, 0.04768972098827362, 0.04189711809158325, 0.3057684004306793, 0.27644532918930054, 0.001908969832584262, 0.1051386222243309, 0.058689046651124954, 0.024726323783397675, 0.007193956524133682, 0.21120116114616394, 0.03819814696907997, 0.13895979523658752, 0.016159208491444588, 0.07009600102901459, 0.005379863549023867, 0.12321963906288147, 0.14511699974536896, 0.21778838336467743, 0.2737692892551422, 0.17535799741744995, 0.10435433685779572, 0.06945586204528809, 0.07234925031661987, 0.047216203063726425, 0.06111108139157295, 0.13818612694740295, 0.36373862624168396, 0.3341602385044098, 0.05048875883221626, 0.11739227175712585, 0.02410339191555977, 0.14590628445148468, 0.02250869944691658, 0.41737741231918335, 0.09389444440603256, 0.043785229325294495, 0.2822672724723816, 0.48715975880622864, 0.06047823280096054, 0.3957202136516571, 0.05409014970064163, 0.028372790664434433, 0.08371461927890778, 0.10733319073915482, 0.15385380387306213, 0.004800629336386919, 0.21892213821411133, 0.10047004371881485, 0.001140040229074657, 0.5110828280448914, 0.022563401609659195, 0.056239377707242966, 0.3949812650680542, 0.047647979110479355, 0.16038119792938232, 0.11655686050653458, 0.12615792453289032, 0.046745508909225464, 0.015311568975448608, 0.3321869671344757, 0.23613572120666504, 0.1375887542963028, 0.15912318229675293, 0.17888854444026947, 0.03714645653963089, 0.08075091987848282, 0.025554155930876732, 0.17968091368675232, 0.12426348030567169, 0.029788333922624588, 0.22162312269210815, 0.04771463945508003, 0.029139447957277298, 0.0525151826441288, 0.048095036298036575, 0.002260125707834959, 0.24656403064727783, 0.04963380843400955, 0.1931227743625641, 0.09897501766681671, 0.15925046801567078, 0.3354388177394867, 0.30080854892730713, 0.10344749689102173, 0.04375581443309784, 0.15298356115818024, 0.025702910497784615, 0.10131819546222687, 0.05364270135760307, 0.024907005950808525, 0.004149747546762228, 0.12133420258760452, 0.06907370686531067, 0.08684821426868439, 0.0398431234061718, 0.0632273405790329, 0.04597940668463707, 0.23943904042243958, 0.13822312653064728, 0.39844220876693726, 0.4831063151359558, 0.035501789301633835, 0.418937623500824, 0.12679564952850342, 0.03764929622411728, 0.23857854306697845, 0.21724380552768707, 0.2521406412124634, 0.02816268429160118, 0.06892789900302887, 0.08062051981687546, 0.01451566070318222, 0.22390559315681458, 0.04038018360733986, 0.04265724495053291, 0.07099630683660507, 0.30365651845932007, 0.25504687428474426]"
F23,"[0.009473755955696106, 0.06094680353999138, 0.05326014384627342, 0.06626677513122559, 0.07477332651615143, 0.17934411764144897, 0.03359675034880638, 0.054230257868766785, 0.6930282115936279, 0.043158017098903656, 0.6859203577041626, 0.01985533908009529, 0.12565794587135315, 0.36261099576950073, 0.03067982941865921, 0.220439150929451, 0.020503602921962738, 0.00966232642531395, 0.051689304411411285, 0.17649760842323303, 0.01893187314271927, 0.23840977251529694, 0.09595780074596405, 0.001428881660103798, 0.14129921793937683, 0.1569838970899582, 0.062419403344392776, 0.06733940541744232, 0.20734891295433044, 0.008223168551921844, 0.03163490071892738, 0.6201564073562622, 0.12201172113418579, 0.28486260771751404, 0.1626395732164383, 0.1838635504245758, 0.10644558072090149, 0.011519569903612137, 0.03385305404663086, 0.06219043955206871, 0.018069511279463768, 0.1655411720275879, 0.06765991449356079, 0.13218919932842255, 0.07337521016597748, 0.3129008710384369, 0.2495979517698288, 0.2328893095254898, 0.09274989366531372, 0.32734349370002747, 0.02590244822204113, 0.06064717471599579, 0.21181213855743408, 0.2597813010215759, 0.21380309760570526, 0.11298565566539764, 0.012028532102704048, 0.1906924992799759, 0.12213779240846634, 0.04232000187039375, 0.045475706458091736, 0.06267517060041428, 0.0331849604845047, 0.2557189166545868, 0.10972275584936142, 0.05810457840561867, 0.04909607395529747, 0.03927469253540039, 0.07683698832988739, 0.18048393726348877, 0.15957753360271454, 0.558027446269989, 0.0394606813788414, 0.0009273350005969405, 0.13506874442100525, 0.07150373607873917, 0.2890005111694336, 0.10929049551486969, 0.024953195825219154, 0.07539056241512299, 0.23269997537136078, 0.12706105411052704, 0.08200927823781967, 0.09920081496238708, 0.036077577620744705, 0.11381654441356659, 0.01624780334532261, 0.15670007467269897, 0.07537823170423508, 0.15882907807826996, 0.200001522898674, 0.5964709520339966, 0.01143918838351965, 0.4915326237678528, 0.0821409597992897, 0.03652755916118622, 0.050595007836818695, 0.009584888815879822, 0.0824260413646698, 0.04939696192741394, 0.06129246577620506, 0.10015293955802917, 0.06302669644355774, 0.2569659948348999, 0.05702652409672737, 0.4604857265949249, 0.04561734199523926, 0.2697410583496094, 0.2865999639034271, 0.06888701766729355, 0.2685496509075165, 0.10341139137744904, 0.15999138355255127, 0.07050727307796478, 0.18695712089538574, 0.08059530705213547, 0.17230474948883057, 0.21171709895133972, 0.049831561744213104, 0.09329584240913391, 0.1652994602918625, 0.2893821597099304, 0.0009384793229401112, 0.008426113054156303, 0.06850683689117432, 0.24508102238178253, 0.39359211921691895, 0.040822114795446396]"
F24,"[0.1008891686797142, 0.16823184490203857, 0.3293006420135498, 0.1074976921081543, 0.283827543258667, 0.19300611317157745, 0.0823974609375, 0.003999011125415564, 0.09507040679454803, 0.06838376820087433, 0.05193431302905083, 0.07034076005220413, 0.20701831579208374, 0.23325619101524353, 0.12852507829666138, 0.16941578686237335, 0.01037836167961359, 0.2191825658082962, 0.03774409368634224, 0.09458941221237183, 0.10717231780290604, 0.14181669056415558, 0.06621047109365463, 0.9797009825706482, 0.1477186530828476, 0.06863434612751007, 0.018511811271309853, 0.18326905369758606, 0.18988890945911407, 0.3472164273262024, 0.12194150686264038, 0.012601789087057114, 0.19566094875335693, 0.09160561859607697, 0.006802265997976065, 0.07999230176210403, 0.22468911111354828, 0.3924817740917206, 0.4761267304420471, 0.03715193644165993, 0.12130308151245117, 0.035886313766241074, 0.21862994134426117, 0.43373265862464905, 0.10767995566129684, 0.1850663274526596, 0.05108809843659401, 0.08403471857309341, 0.1516631841659546, 0.25569701194763184, 0.048813607543706894, 0.07317693531513214, 0.044686563313007355, 0.11966503411531448, 0.24114643037319183, 0.01664343662559986, 0.06540274620056152, 0.3930743634700775, 0.11578680574893951, 0.30669084191322327, 0.19794531166553497, 0.07020488381385803, 0.010200037620961666, 0.38111382722854614, 0.10364657640457153, 0.013556902296841145, 0.05906764417886734, 0.024529334157705307, 0.09448036551475525, 0.024558572098612785, 0.029823066666722298, 0.1122383400797844, 0.12141414731740952, 0.022835813462734222, 0.13946859538555145, 0.1283239722251892, 0.06432558596134186, 0.02251712791621685, 0.10788064450025558, 0.3004804849624634, 0.13299605250358582, 0.16023623943328857, 0.11114884912967682, 0.08539055287837982, 0.11762546002864838, 0.2556387782096863, 0.03308964520692825, 0.47063562273979187, 0.5957165360450745, 0.5052955746650696, 0.1017363891005516, 0.2366241216659546, 0.1177932471036911, 0.06926661729812622, 0.050022631883621216, 0.06378872692584991, 0.09353883564472198, 0.03975948318839073, 0.05258308723568916, 0.17542657256126404, 0.2180449664592743, 0.0026726629585027695, 0.07876954972743988, 0.11694131046533585, 0.19526489078998566, 0.23082804679870605, 0.2090635895729065, 0.22426284849643707, 0.03860838711261749, 0.05949889495968819, 0.03423655405640602, 0.07662942260503769, 0.07816949486732483, 0.12071087211370468, 0.21405388414859772, 0.11698102951049805, 0.1476120501756668, 0.19436323642730713, 0.15961839258670807, 0.41388893127441406, 0.012554223649203777, 0.12809191644191742, 0.10758239775896072, 0.08325976878404617, 0.01647983491420746, 0.2598898410797119, 0.11570396274328232, 0.05248161032795906]"
F25,"[0.13775427639484406, 0.23271533846855164, 0.18276698887348175, 0.2562715411186218, 0.0790533646941185, 0.1229322999715805, 0.012258749455213547, 0.13853305578231812, 0.3736075162887573, 0.15793736279010773, 0.031236786395311356, 0.017902765423059464, 0.11085154861211777, 0.1974005550146103, 0.004195390269160271, 0.11264970153570175, 0.372646689414978, 0.20418108999729156, 0.1936713010072708, 0.09285350143909454, 0.25602132081985474, 0.08520809561014175, 0.16745710372924805, 0.17824038863182068, 0.33961185812950134, 0.28571030497550964, 0.16455359756946564, 0.07965603470802307, 0.5857244729995728, 0.05389288067817688, 0.2123049795627594, 0.14089784026145935, 0.07427375763654709, 0.036840446293354034, 0.15677663683891296, 0.017054924741387367, 0.1000816822052002, 0.06502815335988998, 0.2898312509059906, 0.04801984876394272, 0.06338139623403549, 0.33202067017555237, 0.2260475903749466, 0.20391845703125, 0.29612183570861816, 0.26317712664604187, 0.03322463110089302, 0.05330711230635643, 0.041504036635160446, 0.27579885721206665, 0.002209443598985672, 0.2738482356071472, 0.12729763984680176, 0.06927746534347534, 0.33889374136924744, 0.2815311849117279, 0.17478030920028687, 0.30588066577911377, 0.19508513808250427, 0.25390443205833435, 0.43815767765045166, 0.16266636550426483, 0.0844714492559433, 0.38147854804992676, 0.0527057945728302, 0.5105296969413757, 0.014523549936711788, 0.26821961998939514, 0.3920590281486511, 0.22855836153030396, 0.4322844445705414, 0.019745010882616043, 0.1877502202987671, 0.05707200616598129, 0.21674016118049622, 0.10420829802751541, 0.3592466115951538, 0.15901929140090942, 0.07095932215452194, 0.1094767227768898, 0.6448878049850464, 0.21323223412036896, 0.22434744238853455, 0.22589156031608582, 0.18570899963378906, 0.055986933410167694, 0.1473756730556488, 0.4830940365791321, 0.019429365172982216, 0.027206510305404663, 0.14912359416484833, 0.5190363526344299, 0.08330117911100388, 0.08071856200695038, 0.17623771727085114, 0.0806075930595398, 0.1284562647342682, 0.10510355979204178, 0.1845887452363968, 0.02321227826178074, 0.3642805516719818, 0.13784454762935638, 0.086006298661232, 5.8250931033398956e-05, 0.2934417128562927, 0.09546960145235062, 0.05073991417884827, 0.22929765284061432, 0.18060146272182465, 0.24745076894760132, 0.00839733425527811, 0.06116997078061104, 0.11116670072078705, 0.017782004550099373, 0.12042935937643051, 0.01634979620575905, 0.13527138531208038, 0.06671380251646042, 0.0006188034312799573, 0.23624499142169952, 0.1044723391532898, 0.025148771703243256, 0.06540531665086746, 0.059232037514448166, 0.24233055114746094, 0.01259254664182663, 0.0758470743894577, 0.16171471774578094]"
F26,"[0.28200751543045044, 0.022527385503053665, 0.14667007327079773, 0.3047099709510803, 0.06135588139295578, 0.10974810272455215, 0.21191461384296417, 0.004964624531567097, 0.22466479241847992, 0.1496504843235016, 0.30921733379364014, 0.2767963111400604, 0.1682247519493103, 0.0003610655840020627, 0.38420745730400085, 0.05650513991713524, 0.09730793535709381, 0.003736090613529086, 0.2312205582857132, 0.1548193395137787, 0.12645266950130463, 0.16987036168575287, 0.4381372332572937, 0.16602307558059692, 0.06311460584402084, 0.146125927567482, 0.1596342772245407, 0.038672737777233124, 0.12401610612869263, 0.11415982991456985, 0.09556756913661957, 0.06671891361474991, 0.0558011494576931, 0.16789589822292328, 0.08794771134853363, 0.17221838235855103, 0.15604738891124725, 0.026554232463240623, 0.054661862552165985, 0.21860705316066742, 0.08999888598918915, 0.13775549829006195, 0.042398855090141296, 0.3321627378463745, 0.06785942614078522, 0.09369688481092453, 0.09154815226793289, 0.23360352218151093, 0.069813072681427, 0.07229934632778168, 0.06917374581098557, 0.15308496356010437, 0.1303519457578659, 0.2979147136211395, 0.09951583296060562, 0.06151067838072777, 0.5872160196304321, 0.08213092386722565, 0.06847354769706726, 0.10452676564455032, 0.05703822150826454, 0.3439968228340149, 0.045707087963819504, 0.25654199719429016, 0.026596644893288612, 0.05064611881971359, 0.09158186614513397, 0.016184331849217415, 0.0810232013463974, 0.07225208729505539, 0.09124992787837982, 0.03321840614080429, 0.07206593453884125, 0.31356650590896606, 0.14915971457958221, 0.1877126544713974, 0.06888077408075333, 0.25906136631965637, 0.033057522028684616, 0.2640714943408966, 0.25842466950416565, 0.07761518657207489, 0.182852104306221, 0.3176223635673523, 0.2346092164516449, 0.11709718406200409, 0.08406295627355576, 0.31483134627342224, 0.11333061009645462, 0.06006571277976036, 0.014222144149243832, 0.13376416265964508, 0.14595866203308105, 0.05800573155283928, 0.017273664474487305, 0.04746345430612564, 0.22102601826190948, 0.0807654857635498, 0.1473674476146698, 0.09113028645515442, 0.021154625341296196, 0.004863612353801727, 0.17714610695838928, 0.0015499828150495887, 0.00031997388578020036, 0.052736204117536545, 0.289183646440506, 0.08176615089178085, 0.04497849568724632, 0.10006380826234818, 0.06973076611757278, 0.12286655604839325, 0.08959920704364777, 0.05970543622970581, 0.17007412016391754, 0.08337121456861496, 0.16296817362308502, 0.007196252234280109, 0.12664833664894104, 0.008570277132093906, 0.07681985944509506, 0.15708252787590027, 0.07278989255428314, 0.04081261157989502, 0.04289543628692627, 0.06307615339756012, 0.15255887806415558, 0.23687265813350677]"
F27,"[0.3015337884426117, 0.09073774516582489, 0.1660768985748291, 0.12974940240383148, 0.025755329057574272, 0.0064693959429860115, 0.009199523366987705, 0.17520000040531158, 0.5670236349105835, 0.23160576820373535, 0.5132912993431091, 0.2528676688671112, 0.12139759212732315, 0.07871587574481964, 0.05051492527127266, 0.014935625717043877, 0.05642795190215111, 0.0031097212340682745, 0.09091904759407043, 0.3006146550178528, 0.029155971482396126, 0.4443475008010864, 0.1944803148508072, 0.05478362366557121, 0.05725859850645065, 0.1388118714094162, 0.19999997317790985, 0.05545329675078392, 0.03956818953156471, 0.07067953050136566, 0.31494754552841187, 0.08600995689630508, 0.26850426197052, 0.2388363927602768, 0.012821202166378498, 0.19806218147277832, 0.008893918246030807, 0.05547023192048073, 0.09566423296928406, 0.10980699211359024, 0.22255083918571472, 0.12554149329662323, 0.19294126331806183, 0.12408673763275146, 0.33531373739242554, 0.047768112272024155, 0.12947821617126465, 0.061472952365875244, 0.11604836583137512, 0.13899242877960205, 0.33475324511528015, 0.010353767313063145, 0.19734515249729156, 0.2134408950805664, 0.02749628573656082, 0.04348395764827728, 0.05715397372841835, 0.1963200867176056, 0.024021578952670097, 0.06889724731445312, 0.034218329936265945, 0.10153792798519135, 0.1832810640335083, 0.010323532857000828, 0.008233314380049706, 0.01243016216903925, 0.29062503576278687, 0.018351471051573753, 0.05462026968598366, 0.052957985550165176, 0.06397023797035217, 0.4742819368839264, 0.12137512862682343, 0.22986343502998352, 0.15982967615127563, 0.036241330206394196, 0.025033630430698395, 0.061880458146333694, 0.23279692232608795, 0.13105490803718567, 0.0530252642929554, 0.07481276988983154, 0.024968689307570457, 0.19231390953063965, 0.018825387582182884, 0.18819062411785126, 0.11062697321176529, 0.17939212918281555, 0.06745212525129318, 0.14334964752197266, 0.29400405287742615, 0.035470910370349884, 0.19191159307956696, 0.06193222105503082, 0.013631770387291908, 0.014684810303151608, 0.02590099908411503, 0.10621035844087601, 0.05824117362499237, 0.22179292142391205, 0.06966657191514969, 0.16839802265167236, 0.1742432713508606, 0.43669256567955017, 0.001747569884173572, 0.37658262252807617, 0.098635233938694, 0.21401433646678925, 0.4463825225830078, 0.061499617993831635, 0.05506685748696327, 0.12114473432302475, 0.34495168924331665, 0.1558855175971985, 0.008836057037115097, 0.19984526932239532, 0.10683301836252213, 0.15250751376152039, 0.07392391562461853, 0.04779750108718872, 0.3351697325706482, 0.1079578623175621, 0.065584696829319, 0.2984203100204468, 0.3468097150325775, 0.07620931416749954, 0.8387290835380554, 0.09979202598333359]"
F28,"[0.1252059042453766, 0.009136964567005634, 0.36270684003829956, 0.03338374197483063, 0.04029740020632744, 0.26637008786201477, 0.3155045807361603, 0.22553277015686035, 0.004494902212172747, 0.020798245444893837, 0.2260323017835617, 0.11023028939962387, 0.7707447409629822, 0.24331597983837128, 0.32159918546676636, 0.014561843127012253, 0.012329068034887314, 0.024970129132270813, 0.13889458775520325, 0.2916897237300873, 0.10448122024536133, 0.1644279658794403, 0.17918531596660614, 0.03573231399059296, 0.13525918126106262, 0.08247246593236923, 0.5164273977279663, 0.06454882770776749, 0.0178192351013422, 0.015829600393772125, 0.07850641757249832, 0.36321818828582764, 0.2642137408256531, 0.20588308572769165, 0.16657914221286774, 0.17940263450145721, 0.3163661062717438, 0.7412081956863403, 0.15785518288612366, 0.30939948558807373, 0.21856890618801117, 0.009977179579436779, 0.2771860957145691, 0.0004409493412822485, 0.33962294459342957, 0.13141699135303497, 0.09009118378162384, 0.09586126357316971, 0.2420230656862259, 0.13140124082565308, 0.11774753034114838, 0.1539720594882965, 0.1942848116159439, 0.10542646795511246, 0.2738923132419586, 0.126426100730896, 0.16713187098503113, 0.024037132039666176, 0.03764361888170242, 0.012692390009760857, 0.11173068732023239, 0.164747416973114, 0.1315288543701172, 0.10193026065826416, 0.16854210197925568, 0.4166792035102844, 0.07049398869276047, 0.35453179478645325, 0.3210422098636627, 0.050524916499853134, 0.1235107034444809, 0.07046450674533844, 0.28940436244010925, 0.21142658591270447, 0.11839345097541809, 0.11284085363149643, 0.009510714560747147, 0.01742604933679104, 0.10936307162046432, 0.04566017538309097, 0.1207851842045784, 0.13815073668956757, 0.10146680474281311, 0.28755030035972595, 0.02292574569582939, 0.25617715716362, 0.026618503034114838, 0.03687068447470665, 0.008567594923079014, 0.012274103239178658, 0.41371503472328186, 0.2236214280128479, 0.2762500047683716, 0.08010460436344147, 0.15783853828907013, 0.08326170593500137, 0.06334522366523743, 0.0035677545238286257, 0.06936444342136383, 0.045165352523326874, 0.02820119820535183, 0.03996816650032997, 0.030295424163341522, 0.02149197831749916, 0.022120343521237373, 0.4374767243862152, 0.17987601459026337, 0.024157801643013954, 0.10993402451276779, 0.08279207348823547, 0.13420674204826355, 0.13561242818832397, 0.029830023646354675, 0.07010602951049805, 0.18478041887283325, 0.39960211515426636, 0.11091206222772598, 0.13644209504127502, 0.11334584653377533, 0.2827149033546448, 0.30358055233955383, 0.1996099203824997, 0.010711944662034512, 0.049546241760253906, 0.1449199914932251, 0.06922392547130585, 0.19039957225322723, 0.1384323388338089]"
F29,"[0.10369760543107986, 0.2209654301404953, 0.07492716610431671, 0.08683761209249496, 0.004253441467881203, 0.1552046239376068, 0.21207581460475922, 0.014101960696280003, 0.07650310546159744, 0.1358601599931717, 0.03943421691656113, 0.20769916474819183, 0.08603432029485703, 0.010413510724902153, 0.16133283078670502, 0.08611355721950531, 0.27916285395622253, 0.04706559702754021, 0.17576415836811066, 0.06960202008485794, 0.10833520442247391, 0.16649183630943298, 0.041311539709568024, 0.15705646574497223, 0.2198086977005005, 0.03963066264986992, 0.13532070815563202, 0.31000229716300964, 0.28963378071784973, 0.09070172160863876, 0.07384689897298813, 0.20887473225593567, 0.04794779047369957, 0.053595252335071564, 0.2104630321264267, 0.10941652953624725, 0.16388045251369476, 0.04293578490614891, 0.1905895322561264, 0.2745357155799866, 0.014161236584186554, 0.2079339623451233, 0.19815519452095032, 0.16157929599285126, 0.06490862369537354, 0.17123642563819885, 0.08874450623989105, 0.0447605736553669, 0.3057926893234253, 0.10829771310091019, 0.12108489871025085, 0.1374586671590805, 0.0739092081785202, 0.08402920514345169, 0.04123838618397713, 0.0939173698425293, 0.11342194676399231, 0.3654591143131256, 0.7727110981941223, 0.09106983244419098, 0.10170524567365646, 0.2201353758573532, 0.11527688801288605, 0.13700799643993378, 0.08223855495452881, 0.11081238090991974, 0.12705521285533905, 0.1656453013420105, 0.025785688310861588, 0.12088510394096375, 0.28491535782814026, 7.93786093709059e-05, 0.1347896307706833, 0.03679108992218971, 0.03249577060341835, 0.01704690232872963, 0.15754976868629456, 0.18745887279510498, 0.06765218824148178, 0.042396899312734604, 0.00931642297655344, 0.056497182697057724, 0.03783901035785675, 0.27277377247810364, 0.02007179521024227, 0.14879442751407623, 0.1896873414516449, 0.22665371000766754, 0.20179016888141632, 0.07281444221735, 0.22971045970916748, 0.22211898863315582, 0.15697966516017914, 0.18443571031093597, 0.05998585745692253, 0.12959961593151093, 0.008060181513428688, 0.2598934471607208, 0.2693365812301636, 0.051424965262413025, 0.26364970207214355, 0.10371840000152588, 0.08760878443717957, 0.2877640426158905, 0.5405811071395874, 0.11049987375736237, 0.09858986735343933, 0.1262294352054596, 0.12385669350624084, 0.037190716713666916, 0.33352917432785034, 0.028297675773501396, 0.18830478191375732, 0.01823870651423931, 0.21618413925170898, 0.041872117668390274, 0.15045298635959625, 0.2141922116279602, 0.3595620095729828, 0.19421479105949402, 0.2688838243484497, 0.09068050980567932, 0.04276745766401291, 0.02474161423742771, 0.18550458550453186, 0.10041841119527817, 0.19207477569580078, 0.07804962992668152]"
F30,"[0.1415945589542389, 0.2790243625640869, 0.11403688788414001, 0.2044658362865448, 0.0871192142367363, 0.032155442982912064, 0.07404772937297821, 0.029283490031957626, 0.15488643944263458, 0.03128013759851456, 0.2101995050907135, 0.12702006101608276, 0.06688112765550613, 0.014637836255133152, 0.15212999284267426, 0.13993574678897858, 0.053448159247636795, 0.05432187765836716, 0.07408589124679565, 0.15738151967525482, 0.1081644743680954, 0.03426644206047058, 0.03929854556918144, 0.24937164783477783, 0.3604072630405426, 0.10193996876478195, 0.09416136890649796, 0.0788828507065773, 0.055226873606443405, 0.03772551938891411, 0.05520705133676529, 0.059147294610738754, 0.20712003111839294, 0.05047620087862015, 0.3411117494106293, 0.011986570432782173, 0.024890217930078506, 0.1554027795791626, 0.08659449219703674, 0.037076666951179504, 0.157094806432724, 0.13356542587280273, 0.04039648920297623, 0.015934795141220093, 0.1504545658826828, 0.02307586930692196, 0.27427762746810913, 0.2404087334871292, 0.06829972565174103, 0.01367385033518076, 0.019671155139803886, 0.1637645810842514, 0.08991935849189758, 0.42217305302619934, 0.2918102741241455, 0.09132752567529678, 0.08333159983158112, 0.18785521388053894, 0.19488337635993958, 0.008190341293811798, 0.22677205502986908, 0.32714980840682983, 0.14349684119224548, 0.12771445512771606, 0.03673359006643295, 0.027705173939466476, 0.17212115228176117, 0.0729668065905571, 0.0033052689395844936, 0.017172470688819885, 0.12303831428289413, 0.40938547253608704, 0.21447089314460754, 0.07710457593202591, 0.085630863904953, 0.13043208420276642, 0.2449769377708435, 0.39429304003715515, 0.05165193974971771, 0.08348626643419266, 0.1697085052728653, 0.24455870687961578, 0.10775437206029892, 0.0344703234732151, 0.09519799798727036, 0.2827743887901306, 0.05204155296087265, 0.046949826180934906, 0.021473819389939308, 0.233170747756958, 0.04112282022833824, 0.2267245203256607, 0.07445987313985825, 0.039246995002031326, 0.16601161658763885, 0.079966239631176, 0.2088216245174408, 0.22629165649414062, 0.008648956194519997, 0.07688524574041367, 0.09021515399217606, 0.11531190574169159, 0.18636992573738098, 0.37732648849487305, 0.11966174095869064, 0.3356746733188629, 0.057585109025239944, 0.2618352174758911, 0.24734032154083252, 0.1641111820936203, 0.13260622322559357, 0.1002303957939148, 0.48657336831092834, 0.021242601796984673, 0.0734257623553276, 0.43754297494888306, 0.0650186538696289, 0.031065931543707848, 0.15896831452846527, 0.0049719237722456455, 0.04401443153619766, 0.16573567688465118, 0.15829457342624664, 0.10437122732400894, 0.3847826421260834, 0.037570465356111526, 0.05717567354440689, 0.07028859108686447]"
F31,"[0.03278388828039169, 0.07684820890426636, 0.03309119865298271, 0.1183517724275589, 0.0050579821690917015, 0.09030801057815552, 0.13184858858585358, 0.17020894587039948, 0.01751851476728916, 0.49405428767204285, 0.0943656638264656, 0.011998627334833145, 0.13112673163414001, 0.05108537897467613, 0.17582319676876068, 0.005267638713121414, 0.45673036575317383, 0.2593246400356293, 0.0668974220752716, 0.18631720542907715, 0.11065870523452759, 0.2881879508495331, 0.07583345472812653, 0.03232435882091522, 0.24036264419555664, 0.08167853206396103, 0.034746766090393066, 0.020848942920565605, 0.2398247867822647, 0.08739122003316879, 0.40111634135246277, 0.5294451117515564, 0.06808454543352127, 0.13905368745326996, 0.3427683711051941, 0.058789581060409546, 0.027137216180562973, 0.20495355129241943, 0.07535447925329208, 0.32253673672676086, 0.045735664665699005, 0.15465711057186127, 0.0836673304438591, 0.20741324126720428, 0.2277010679244995, 0.04907512292265892, 0.17483773827552795, 0.04637948423624039, 0.07236400991678238, 0.03677050769329071, 0.12094178795814514, 0.12159082293510437, 0.0432012602686882, 0.16677024960517883, 0.033401571214199066, 0.20958325266838074, 0.1584307998418808, 0.23619775474071503, 0.12563307583332062, 0.09107428789138794, 0.11308502405881882, 0.10639036446809769, 0.31629717350006104, 0.08757738769054413, 0.08914532512426376, 0.07908567041158676, 0.08828757703304291, 0.13661755621433258, 0.0440925732254982, 0.19099946320056915, 0.25465765595436096, 0.043532516807317734, 0.018170667812228203, 0.015170522965490818, 0.11022792756557465, 0.010108008980751038, 0.0804588720202446, 0.13682085275650024, 0.2750614881515503, 0.029768651351332664, 0.04983784258365631, 0.3342439830303192, 0.044004522264003754, 0.11325167119503021, 0.10336259752511978, 0.33457598090171814, 0.12478625029325485, 0.03569136932492256, 0.02142682857811451, 0.06481543183326721, 0.26182451844215393, 0.08486706018447876, 0.14995235204696655, 0.1419449746608734, 0.15759289264678955, 0.29909050464630127, 0.14159491658210754, 0.028000442311167717, 0.06626438349485397, 0.2379194051027298, 0.15886445343494415, 0.07524671405553818, 0.14283788204193115, 0.3441087007522583, 0.06337171792984009, 0.18539871275424957, 0.188346266746521, 0.36364543437957764, 0.20568451285362244, 0.3367195129394531, 0.008410668931901455, 0.1531943678855896, 0.22676315903663635, 0.058573029935359955, 0.28311339020729065, 0.014557123184204102, 0.10777416080236435, 0.08522984385490417, 0.07244201749563217, 0.20350788533687592, 0.19397544860839844, 0.027949564158916473, 0.2708098292350769, 0.35739409923553467, 0.024246500805020332, 0.1634029895067215, 0.20695050060749054, 0.04169212654232979]"
F32,"[0.04822199046611786, 0.003283052472397685, 0.15649497509002686, 0.055527154356241226, 0.03798854351043701, 0.15890347957611084, 0.19578726589679718, 0.027216395363211632, 0.050019972026348114, 0.14066655933856964, 0.07645681500434875, 0.13104194402694702, 0.13511580228805542, 0.015224556438624859, 0.2536589205265045, 0.009722677059471607, 0.2867538332939148, 0.17568553984165192, 0.1922953873872757, 0.05036776512861252, 0.27728235721588135, 0.32955071330070496, 0.15512898564338684, 0.017888426780700684, 0.1722041368484497, 0.08418173342943192, 0.1193208172917366, 0.23507921397686005, 0.12256789207458496, 0.2897733747959137, 0.16589322686195374, 0.11017226427793503, 0.16712746024131775, 0.08700639009475708, 0.005037282593548298, 0.2061673402786255, 0.09130169451236725, 0.11612307280302048, 0.06503455340862274, 0.2297838032245636, 0.004874204285442829, 0.09534125030040741, 0.05912182852625847, 0.09386472404003143, 0.23238201439380646, 0.2626485526561737, 0.12133906036615372, 0.09426204860210419, 0.12174123525619507, 0.012997141107916832, 0.13901428878307343, 0.09402529150247574, 0.18292595446109772, 0.2687828838825226, 0.27135324478149414, 0.24815881252288818, 0.051597584038972855, 0.1110217347741127, 0.011042891070246696, 0.07741065323352814, 0.08588945120573044, 0.05753888562321663, 0.1717321127653122, 0.03609906882047653, 0.010753762908279896, 0.4980979263782501, 0.055674098432064056, 0.17860615253448486, 0.050801899284124374, 0.23955106735229492, 0.29252827167510986, 0.2664206624031067, 0.11201140284538269, 0.06329812109470367, 0.017725104466080666, 0.4143379330635071, 0.19541238248348236, 0.15108169615268707, 0.09130515158176422, 0.05906911566853523, 0.015378821641206741, 0.09743253886699677, 0.014770318754017353, 0.03817197307944298, 0.1093955785036087, 0.5273318290710449, 0.12223265320062637, 0.1640041172504425, 0.12045948952436447, 0.06070580706000328, 0.25062716007232666, 0.3066789507865906, 0.09310484677553177, 0.1313452124595642, 0.01866629347205162, 0.24552032351493835, 0.34259191155433655, 0.9001108407974243, 0.0357176773250103, 0.20542733371257782, 0.32597044110298157, 0.041238345205783844, 0.059721726924180984, 0.06881117820739746, 0.043282970786094666, 0.10413112491369247, 0.14584630727767944, 0.19793425500392914, 0.06146394833922386, 0.05172870680689812, 0.010347393341362476, 0.08145491778850555, 0.4734240770339966, 0.06935982406139374, 0.16405130922794342, 0.09688114374876022, 0.06579197943210602, 0.15782150626182556, 0.12953321635723114, 0.08918218314647675, 0.12632077932357788, 0.04405517503619194, 0.10867752879858017, 0.07795552909374237, 0.1781761795282364, 0.2759171426296234, 0.03104645386338234, 0.14400646090507507]"
F33,"[0.24332553148269653, 0.31062188744544983, 0.07897128164768219, 0.05209433287382126, 0.0683465301990509, 0.008862704038619995, 0.13916271924972534, 0.29274219274520874, 0.0017465914133936167, 0.12634871900081635, 0.2282014787197113, 0.24373269081115723, 0.12506365776062012, 0.009741677902638912, 0.18733181059360504, 0.016063177958130836, 0.22082313895225525, 0.09881771355867386, 0.08939078450202942, 0.04597782343626022, 0.09278813749551773, 0.2567155957221985, 0.22114555537700653, 0.34966549277305603, 0.6646422743797302, 0.07411345839500427, 0.15945252776145935, 0.11847411096096039, 0.4739209711551666, 0.03988125920295715, 0.06556618958711624, 0.030577264726161957, 0.0835128128528595, 0.02545114792883396, 0.04360632970929146, 0.23239287734031677, 0.1360226273536682, 0.27819907665252686, 0.11718498170375824, 0.003814440919086337, 0.24196776747703552, 0.4046434164047241, 0.13637226819992065, 0.1260061264038086, 0.11341443657875061, 0.43169012665748596, 0.0008484802092425525, 0.23299050331115723, 0.2859877347946167, 0.3730228543281555, 0.15198597311973572, 0.0797353982925415, 0.0160528514534235, 0.016181502491235733, 0.2899700999259949, 0.2786339223384857, 0.42250898480415344, 0.4326431155204773, 0.0017571649514138699, 0.04053061082959175, 0.2460072636604309, 0.005780965089797974, 0.0862613096833229, 0.36075183749198914, 0.3550530970096588, 0.35799118876457214, 0.16146841645240784, 0.047504980117082596, 0.0534532368183136, 0.043235667049884796, 0.12538526952266693, 0.17764690518379211, 0.029527589678764343, 0.0328223817050457, 0.08594164997339249, 0.11382300406694412, 0.0838971734046936, 0.07413596659898758, 0.19787868857383728, 0.24548207223415375, 0.01091831550002098, 0.2737533748149872, 0.06548288464546204, 0.049790818244218826, 0.0819336399435997, 0.06299572438001633, 0.08200082182884216, 0.14428240060806274, 0.04315773770213127, 0.1981017291545868, 0.2645995616912842, 0.046244651079177856, 0.10573991388082504, 0.048568204045295715, 0.052581533789634705, 0.5189733505249023, 0.09535142034292221, 0.1431819200515747, 0.11859145760536194, 0.09418932348489761, 0.21293123066425323, 0.13412053883075714, 0.24252943694591522, 0.1073191910982132, 0.32980042695999146, 0.4057292938232422, 0.4607275426387787, 0.020777644589543343, 0.4232822358608246, 0.4533061683177948, 0.021352700889110565, 0.02329227514564991, 0.045209407806396484, 0.008748351596295834, 0.09467263519763947, 0.2430398166179657, 0.0052536483854055405, 0.21612733602523804, 0.4604695737361908, 0.1632118672132492, 0.31412068009376526, 0.034055981785058975, 0.11482960730791092, 0.05593635514378548, 0.00037058081943541765, 0.07892861217260361, 0.3690527677536011, 0.03505679965019226]"
F34,"[0.19512636959552765, 0.03673262894153595, 0.09845398366451263, 0.024199796840548515, 0.14010322093963623, 0.03867867588996887, 0.059263553470373154, 0.11982844024896622, 0.2161444127559662, 0.23803459107875824, 0.22672690451145172, 0.02100754901766777, 0.04290959984064102, 0.19541670382022858, 0.1141393855214119, 0.21285371482372284, 0.16063156723976135, 0.007525919936597347, 0.04758948087692261, 0.1423557996749878, 0.7146297097206116, 0.1789103001356125, 0.5986031889915466, 0.07273050397634506, 0.1564652919769287, 0.583803653717041, 0.18604756891727448, 0.1993878334760666, 0.34489011764526367, 0.1895158290863037, 0.1130361407995224, 0.05826307088136673, 0.09308727830648422, 0.040320273488759995, 0.009139230474829674, 0.5358738899230957, 0.32963281869888306, 0.0834575742483139, 0.2671878933906555, 0.25969424843788147, 0.07795556634664536, 0.09387072920799255, 0.33145302534103394, 0.021222462877631187, 0.2561277151107788, 0.14239169657230377, 0.09484831243753433, 0.07371387630701065, 0.07950510829687119, 0.1936534196138382, 0.008544421754777431, 0.42461127042770386, 0.006369790993630886, 0.30371326208114624, 0.04290533810853958, 0.013605926185846329, 0.02282818593084812, 0.05924154818058014, 0.01784401573240757, 0.03259047865867615, 0.23544947803020477, 0.02994864247739315, 0.05815713480114937, 0.3574327826499939, 0.03695755824446678, 0.21935322880744934, 0.2429240345954895, 0.016732772812247276, 0.015033000148832798, 0.15720641613006592, 0.07733525335788727, 0.0614180825650692, 0.10299259424209595, 0.31218674778938293, 0.2219061255455017, 0.27884194254875183, 0.07812848687171936, 0.057527825236320496, 0.14090211689472198, 0.17944715917110443, 0.2624683678150177, 0.19513055682182312, 0.08857527375221252, 0.2455235868692398, 0.045310620218515396, 0.23738183081150055, 0.14650297164916992, 0.09913203865289688, 0.0045928917825222015, 0.011278767138719559, 0.12615008652210236, 0.2953113615512848, 0.1883271187543869, 0.0023217981215566397, 0.042209334671497345, 0.0766352117061615, 0.25131624937057495, 0.024760853499174118, 0.02849762514233589, 0.05472575128078461, 0.11684075742959976, 0.1370217502117157, 0.12450433522462845, 0.07528987526893616, 0.11111940443515778, 0.49159616231918335, 0.14861635863780975, 0.2579965889453888, 0.26849937438964844, 0.1248442754149437, 0.06728679686784744, 0.11732970923185349, 0.33026033639907837, 0.11358694732189178, 0.09941008687019348, 0.11406149715185165, 0.10992642492055893, 0.07442395389080048, 0.2894575297832489, 0.01991856098175049, 0.06421168893575668, 0.03471517562866211, 0.07304567098617554, 0.16954870522022247, 0.19327674806118011, 0.198383167386055, 0.07630440592765808, 0.061051636934280396]"
F35,"[0.38643679022789, 0.2957218289375305, 0.09064505249261856, 0.09052097797393799, 0.30945876240730286, 0.1117902398109436, 0.13495931029319763, 0.02165793441236019, 0.06524091213941574, 0.025485515594482422, 0.03666767105460167, 0.011948206461966038, 0.14843396842479706, 0.04357228800654411, 0.045279428362846375, 0.009900698438286781, 0.042256467044353485, 0.06763976812362671, 0.43010300397872925, 0.1429254710674286, 0.2260366976261139, 0.07958664000034332, 0.0051702712662518024, 0.052019260823726654, 0.34559395909309387, 0.11233340203762054, 0.012314114719629288, 0.045371055603027344, 0.03786688670516014, 0.18063727021217346, 0.43695318698883057, 0.020561933517456055, 0.31820163130760193, 0.15614734590053558, 0.32893651723861694, 0.052899446338415146, 0.18964466452598572, 0.04246857389807701, 0.20447270572185516, 0.03200262039899826, 0.11204095929861069, 0.15901629626750946, 0.09138588607311249, 0.09677889198064804, 0.00010754937102319673, 0.05751974135637283, 0.004419644363224506, 0.08346572518348694, 0.2212318331003189, 0.04376900568604469, 0.029047774150967598, 0.12301324307918549, 0.0664287880063057, 0.3335718512535095, 0.25793835520744324, 0.3567979335784912, 0.16346827149391174, 0.17095954716205597, 0.6149541735649109, 0.10704976320266724, 0.04073649272322655, 0.4498753249645233, 0.4644492268562317, 0.012635117396712303, 0.14479991793632507, 0.42319390177726746, 0.03448881581425667, 0.20909492671489716, 0.06143205240368843, 0.12484820187091827, 0.016582848504185677, 0.04067479446530342, 0.10153620690107346, 0.20549851655960083, 0.17174215614795685, 0.05318893492221832, 0.2240271121263504, 0.35365986824035645, 0.010383921675384045, 0.09581419080495834, 0.09378574788570404, 0.09764300286769867, 0.15057390928268433, 0.17654959857463837, 0.009452424012124538, 0.055150143802165985, 0.2135353982448578, 0.18028713762760162, 0.0970657467842102, 0.03584153205156326, 0.049525562673807144, 0.7491489052772522, 0.11894266307353973, 0.057667579501867294, 0.001548415282741189, 0.5065107941627502, 0.13628798723220825, 0.14030613005161285, 0.08892224729061127, 0.022532423958182335, 0.20939801633358002, 0.018545636907219887, 0.21532435715198517, 0.012362209148705006, 0.0833786129951477, 0.38804882764816284, 0.004887934308499098, 0.0934324711561203, 0.04596477374434471, 0.026018265634775162, 0.07764125615358353, 0.019267544150352478, 0.16888411343097687, 0.21380266547203064, 0.139238640666008, 0.12980115413665771, 0.016081146895885468, 0.020748671144247055, 0.44399207830429077, 0.3041588366031647, 0.23126614093780518, 0.19534042477607727, 0.05855097994208336, 0.14946198463439941, 0.07141321152448654, 0.12806954979896545, 0.17164486646652222, 0.10346051305532455]"
F36,"[0.19860492646694183, 0.126158207654953, 0.1137094795703888, 0.18651850521564484, 0.043158918619155884, 0.06853815913200378, 0.10607288777828217, 0.1007247269153595, 0.1501736044883728, 0.1525508612394333, 0.7134984135627747, 0.08365979790687561, 0.008520068600773811, 0.023614803329110146, 0.10465193539857864, 0.06755772233009338, 0.25440797209739685, 0.1418760120868683, 0.010419376194477081, 0.411231130361557, 0.19398100674152374, 0.30867791175842285, 0.08923716098070145, 0.2074034959077835, 0.17676591873168945, 0.029040217399597168, 0.0974070206284523, 0.03844377398490906, 0.051177069544792175, 0.21245504915714264, 0.10782542079687119, 0.060263585299253464, 0.21835725009441376, 0.06734674423933029, 0.10856105387210846, 0.05154038220643997, 0.44174039363861084, 0.06146654859185219, 0.16883504390716553, 0.15822358429431915, 0.11878981441259384, 0.2087244987487793, 0.29452136158943176, 0.025622621178627014, 0.24298426508903503, 0.08153051882982254, 0.0657845288515091, 0.13365910947322845, 0.022212103009223938, 0.11924268305301666, 0.09609704464673996, 0.17399950325489044, 0.13274222612380981, 0.07568635046482086, 0.3046138286590576, 0.05401820316910744, 0.019849592819809914, 0.028351595625281334, 0.183468759059906, 0.2417449802160263, 0.14986984431743622, 0.22140058875083923, 0.17650996148586273, 0.0506599135696888, 0.1051907017827034, 0.10992877185344696, 0.07967313379049301, 0.005607431288808584, 0.03677580878138542, 0.12180308997631073, 0.09654528647661209, 0.42035749554634094, 0.12988509237766266, 0.10622798651456833, 0.11870966851711273, 0.02704603224992752, 0.09398264437913895, 0.4305320382118225, 0.07006413489580154, 0.2126045823097229, 0.19064682722091675, 0.04369468614459038, 0.06453358381986618, 0.27937233448028564, 0.059104420244693756, 0.17636197805404663, 0.01441972330212593, 0.04068882018327713, 0.16620416939258575, 0.28404557704925537, 0.12163285166025162, 0.4871799647808075, 0.2089548110961914, 0.11057598888874054, 0.11171811819076538, 0.23227176070213318, 0.14811669290065765, 0.05018343776464462, 0.1526799350976944, 0.06147134304046631, 0.08297018706798553, 0.06575651466846466, 0.11748265475034714, 0.3059895932674408, 0.02802406996488571, 0.11579859256744385, 0.1818808913230896, 0.2097122222185135, 0.14243891835212708, 0.05335034430027008, 0.21947349607944489, 0.07350167632102966, 0.4365377724170685, 0.19992072880268097, 0.15156374871730804, 0.32558923959732056, 0.31189560890197754, 0.07437856495380402, 0.05163884907960892, 0.11913524568080902, 0.01587819494307041, 0.03129947558045387, 0.0022100876085460186, 0.03500136360526085, 0.08203539997339249, 0.08982264995574951, 0.7606155276298523, 0.2802676558494568]"
F37,"[0.03797714039683342, 0.03730861097574234, 0.03821985423564911, 0.2600307762622833, 0.021310044452548027, 0.11753911525011063, 0.0203255582600832, 0.006110812537372112, 0.23205846548080444, 0.026748327538371086, 0.2697465121746063, 0.023132266476750374, 0.3724372982978821, 0.0607018880546093, 0.15956275165081024, 0.0743403360247612, 0.013743598945438862, 0.09093528985977173, 0.08336640894412994, 0.30224570631980896, 0.14955855906009674, 0.14830723404884338, 0.09851424396038055, 0.024858415126800537, 0.2576175928115845, 0.043083179742097855, 0.07077410817146301, 0.3960763216018677, 0.22598548233509064, 0.22651934623718262, 0.037921976298093796, 0.37806403636932373, 0.15576419234275818, 0.0291728675365448, 0.20820744335651398, 0.10395080596208572, 0.05793929472565651, 0.06774415820837021, 0.07200160622596741, 0.013665917329490185, 0.09040971100330353, 0.4166179597377777, 0.07602989673614502, 0.3611427843570709, 0.11436399817466736, 0.055236317217350006, 0.08339109271764755, 0.2130618840456009, 0.3217155337333679, 0.20021428167819977, 0.04816466197371483, 0.0585833340883255, 0.1567232459783554, 0.08105743676424026, 0.21782559156417847, 0.11831311136484146, 0.09034676849842072, 0.25137409567832947, 0.034024909138679504, 0.1770772933959961, 0.27211570739746094, 0.15334300696849823, 0.23907896876335144, 0.21323591470718384, 0.2027614712715149, 0.04885310307145119, 0.44278961420059204, 0.03244197368621826, 0.24626107513904572, 0.05964159592986107, 0.22706463932991028, 0.2757263779640198, 0.37654992938041687, 0.207393616437912, 0.005055095534771681, 0.5546966791152954, 0.27275964617729187, 0.10521171987056732, 0.13654038310050964, 0.07269115000963211, 0.1011536568403244, 0.03187431022524834, 0.11578919738531113, 0.3811486065387726, 0.22628892958164215, 0.05636027455329895, 0.018501795828342438, 0.1585725098848343, 0.14104890823364258, 0.006725593935698271, 0.013165678828954697, 0.4670443832874298, 0.163895845413208, 0.07401711493730545, 0.058408863842487335, 0.14304013550281525, 0.05280647054314613, 0.2560267150402069, 0.08870062977075577, 0.03663753718137741, 0.3127015233039856, 0.1050267219543457, 0.10193686932325363, 0.24536451697349548, 0.1979445517063141, 0.06564594060182571, 0.25862598419189453, 0.0695682242512703, 0.44899553060531616, 0.12776803970336914, 0.13104264438152313, 0.0779065266251564, 0.05084836483001709, 0.1703341007232666, 0.3164348900318146, 0.2127375453710556, 0.19105024635791779, 0.13874751329421997, 0.01262577436864376, 0.26013922691345215, 0.40448877215385437, 0.07238496840000153, 0.07801926881074905, 0.18159882724285126, 0.0963623970746994, 0.03509552404284477, 0.0517757423222065, 0.2953716814517975]"
F38,"[0.16756950318813324, 0.06637042760848999, 0.1959856003522873, 0.08361624926328659, 0.013622676022350788, 0.005215892102569342, 0.15043984353542328, 0.021315036341547966, 0.019406259059906006, 0.12954911589622498, 0.09013945609331131, 0.28574833273887634, 0.37357813119888306, 0.05409886687994003, 0.25027355551719666, 0.3537362217903137, 0.034357085824012756, 0.2317400723695755, 0.06752340495586395, 0.1759524643421173, 0.16854852437973022, 0.3038175702095032, 0.11048214882612228, 0.12064006924629211, 0.0014871954917907715, 0.11413687467575073, 0.18010851740837097, 0.19061724841594696, 0.17606236040592194, 0.034637678414583206, 0.23558306694030762, 0.1587691754102707, 0.0684552863240242, 0.03464723750948906, 0.24357463419437408, 0.04643244296312332, 0.0517347976565361, 0.12294521182775497, 0.012992434203624725, 0.10767903923988342, 0.10639572888612747, 0.3820837736129761, 0.21838557720184326, 0.24327127635478973, 0.0022822546306997538, 0.0875711441040039, 0.051045797765254974, 0.175575390458107, 0.07848293334245682, 0.08303724974393845, 0.14183758199214935, 0.14077948033809662, 0.034035537391901016, 0.5629233121871948, 0.22699065506458282, 0.07091116160154343, 0.09851036220788956, 0.031659990549087524, 0.06292834877967834, 0.13817253708839417, 0.27159425616264343, 0.026603788137435913, 0.3133692145347595, 0.27443283796310425, 0.1556771695613861, 0.28187936544418335, 0.2488429695367813, 0.20772984623908997, 0.08729014545679092, 0.1469029039144516, 0.03315912187099457, 0.017350168898701668, 0.1269361972808838, 0.032522015273571014, 0.14631247520446777, 0.038840826600790024, 0.07880435883998871, 0.054328542202711105, 0.09141282737255096, 0.25925493240356445, 0.4525049328804016, 0.05971429497003555, 0.2133852243423462, 0.1229553073644638, 0.15647391974925995, 0.15871034562587738, 0.015335660427808762, 0.19112856686115265, 0.04999839514493942, 0.034189436584711075, 0.04223193973302841, 0.12308552861213684, 0.1419210135936737, 0.0035563763231039047, 0.049120113253593445, 0.06770479679107666, 0.1962612122297287, 0.024946304038167, 0.010642487555742264, 0.19472773373126984, 0.13076235353946686, 0.05347009375691414, 0.08841140568256378, 0.16024287045001984, 0.06211164593696594, 0.1782153695821762, 0.03066175803542137, 0.08966876566410065, 0.08698289841413498, 0.2607331871986389, 0.10320459306240082, 0.018420254811644554, 0.16011813282966614, 0.058631010353565216, 0.1664758324623108, 0.38372230529785156, 0.04810848459601402, 0.10732881724834442, 0.3585543930530548, 0.02278093807399273, 0.2094491720199585, 0.30423703789711, 0.012866460718214512, 0.21315951645374298, 0.08692888915538788, 0.06029651686549187, 0.21017427742481232, 0.1365857571363449]"
F39,"[0.3852884769439697, 0.26200059056282043, 0.1667395681142807, 0.03760635107755661, 0.3300870656967163, 0.05335461348295212, 0.12185739725828171, 0.07983027398586273, 0.0023684415500611067, 0.22103776037693024, 0.12276985496282578, 0.12568992376327515, 0.15829434990882874, 0.004320119507610798, 0.03278180584311485, 0.1579907089471817, 0.1253834068775177, 0.23640607297420502, 0.024054668843746185, 0.09578024595975876, 0.07793931663036346, 0.0408826507627964, 0.03237331286072731, 0.37170249223709106, 0.1064874678850174, 0.08704347908496857, 0.054357122629880905, 0.07125910371541977, 0.12170005589723587, 0.07349392026662827, 0.22273774445056915, 0.026641903445124626, 0.07071197777986526, 0.09517548978328705, 0.07798215746879578, 0.020933490246534348, 0.13566851615905762, 0.21192005276679993, 0.38787469267845154, 0.19932273030281067, 0.2187805473804474, 0.16199319064617157, 0.20098501443862915, 0.32376840710639954, 0.057630330324172974, 0.1427769958972931, 0.18807120621204376, 0.1507459282875061, 0.01687254197895527, 0.2065495401620865, 0.2086622416973114, 0.025239821523427963, 0.07846209406852722, 0.32084694504737854, 0.7699776291847229, 0.06710286438465118, 0.12582840025424957, 0.04823779687285423, 0.22132918238639832, 0.07723893225193024, 0.169138103723526, 0.3091294467449188, 0.0700349286198616, 0.1178441047668457, 0.24951298534870148, 0.18363675475120544, 0.08066551387310028, 0.17475458979606628, 0.05140075832605362, 0.26571783423423767, 0.2816859781742096, 0.13447445631027222, 0.22603648900985718, 0.1537926197052002, 0.38492894172668457, 0.11511703580617905, 0.12457062304019928, 0.048039473593235016, 0.0839070975780487, 0.15458759665489197, 0.13870024681091309, 0.02322830818593502, 0.09162168949842453, 0.2794038653373718, 0.01220958773046732, 0.013812082819640636, 0.030421748757362366, 0.02869478613138199, 0.660336971282959, 0.298450231552124, 0.1467592865228653, 0.09009439498186111, 0.09004811942577362, 0.18935249745845795, 0.00023978122044354677, 0.16969065368175507, 0.11507519334554672, 0.24851728975772858, 0.0480336956679821, 0.05747723951935768, 0.0409386083483696, 0.15787440538406372, 0.048224158585071564, 0.09047812223434448, 0.0573989599943161, 0.0585489459335804, 0.38723254203796387, 0.13972176611423492, 0.04898383095860481, 0.048967935144901276, 0.19264079630374908, 0.17686697840690613, 0.23837238550186157, 0.10426253080368042, 0.03742863982915878, 0.19608943164348602, 0.2269809991121292, 0.3592815399169922, 0.09458954632282257, 0.5430449843406677, 0.1381756067276001, 0.08448553830385208, 0.47324851155281067, 0.021817248314619064, 0.031076224520802498, 0.10106845945119858, 0.14654864370822906, 0.09687202423810959]"
F40,"[0.0067145200446248055, 0.004476119764149189, 0.10394146293401718, 0.021679487079381943, 0.030246766284108162, 0.4744119644165039, 0.006840129848569632, 0.21975557506084442, 0.00991040375083685, 0.1673590987920761, 0.1989280879497528, 0.10421916842460632, 0.157549649477005, 0.06998132914304733, 0.13958726823329926, 0.3137512505054474, 0.13703063130378723, 0.05164725333452225, 0.09451097995042801, 0.1614590287208557, 0.5439774394035339, 0.2514195442199707, 0.20698155462741852, 0.31954264640808105, 0.0015216231113299727, 0.13463321328163147, 0.019436603412032127, 0.20255181193351746, 0.029958995059132576, 0.010470537468791008, 0.07824033498764038, 0.07361068576574326, 0.03264569118618965, 0.11914053559303284, 0.19148807227611542, 0.14968077838420868, 0.19180384278297424, 0.09059485793113708, 0.07991708815097809, 0.21550872921943665, 0.08202895522117615, 0.4110109210014343, 0.026637213304638863, 0.15610486268997192, 0.250900000333786, 0.1310064047574997, 0.05563436076045036, 0.07896796613931656, 0.024245893582701683, 0.03921647369861603, 0.08656448125839233, 0.0776701495051384, 0.08775485306978226, 0.08439278602600098, 0.513095498085022, 0.18661144375801086, 0.20066189765930176, 0.033667247742414474, 0.037268608808517456, 0.13568276166915894, 0.22730010747909546, 0.13088782131671906, 0.3081318140029907, 0.04702003300189972, 0.12075692415237427, 0.35324183106422424, 0.08328349143266678, 0.23567155003547668, 0.7762770056724548, 0.050995271652936935, 0.07031698524951935, 0.07938049733638763, 0.2550594210624695, 0.036239128559827805, 0.058612871915102005, 0.05600626766681671, 0.016852259635925293, 0.0816279724240303, 0.4016113877296448, 0.08319857716560364, 0.040987446904182434, 0.3954526484012604, 0.12826555967330933, 0.10685539245605469, 0.0010211037006229162, 0.00518395658582449, 0.09703955799341202, 0.08211490511894226, 0.3448217511177063, 0.11618318408727646, 0.019780347123742104, 0.08483955264091492, 0.04399338737130165, 0.15473942458629608, 0.003866316517814994, 0.1124226376414299, 0.03460102900862694, 0.20918597280979156, 0.03964415565133095, 0.12712611258029938, 0.23616544902324677, 0.05759649723768234, 0.21093665063381195, 0.001092917169444263, 0.1880354881286621, 0.26636844873428345, 0.13870903849601746, 0.03713668882846832, 0.4693905711174011, 0.1356883943080902, 0.07778119295835495, 0.16955460608005524, 0.057869117707014084, 0.23625952005386353, 0.09628257155418396, 0.21906772255897522, 0.3707806169986725, 0.27729475498199463, 0.06170389801263809, 0.0746409073472023, 0.3806667625904083, 0.04450405389070511, 0.15422196686267853, 0.23295658826828003, 0.16926725208759308, 0.019219672307372093, 0.37057244777679443, 0.35562536120414734]"
F41,"[0.14193502068519592, 0.25370731949806213, 0.09162769466638565, 0.0542948953807354, 0.08870390802621841, 0.002577156526967883, 0.0845976322889328, 0.19211027026176453, 0.03953531011939049, 0.05568477138876915, 0.13871842622756958, 0.08850608021020889, 0.10685136169195175, 0.08723630756139755, 0.10783379524946213, 0.15336228907108307, 0.08029703050851822, 0.15309149026870728, 0.2195664793252945, 0.06525888293981552, 0.034711144864559174, 0.09160272777080536, 0.10261929035186768, 0.03216893598437309, 0.1688184142112732, 0.10761619359254837, 0.09855681657791138, 0.1334848701953888, 0.09141746163368225, 0.021837465465068817, 0.4855107069015503, 0.2364272028207779, 0.020628344267606735, 0.046979065984487534, 0.45461493730545044, 0.06385733187198639, 0.08990764617919922, 0.10807619988918304, 0.07949648052453995, 0.07205799221992493, 0.14483413100242615, 0.2864123284816742, 0.11860217154026031, 0.18617303669452667, 0.20816287398338318, 0.20732487738132477, 0.0345480851829052, 0.20645806193351746, 0.3016861379146576, 0.08740469068288803, 0.22126685082912445, 0.0565260574221611, 0.4979928731918335, 0.22351786494255066, 0.14757880568504333, 0.5905227661132812, 0.12424057722091675, 0.020224662497639656, 0.14114004373550415, 0.269228994846344, 0.1143249124288559, 0.3276948034763336, 0.28738686442375183, 0.1522042155265808, 0.04822610318660736, 0.2557588219642639, 0.04893244430422783, 0.018536485731601715, 0.08183491230010986, 0.4084967374801636, 0.10842838883399963, 0.0852363333106041, 0.2236950546503067, 0.04909138381481171, 0.35147178173065186, 0.3018864691257477, 0.16633325815200806, 0.15672418475151062, 0.0027651232667267323, 0.0611150898039341, 0.040544357150793076, 0.05620771646499634, 0.18224415183067322, 0.2586345076560974, 0.02822987549006939, 0.2785249650478363, 0.0909833312034607, 0.11971903592348099, 0.56501704454422, 0.13625314831733704, 0.012612338177859783, 0.21656645834445953, 0.00884943176060915, 0.03435424715280533, 0.08501844853162766, 0.2547186017036438, 0.31009235978126526, 0.12487240135669708, 0.0187302865087986, 0.042695172131061554, 0.05183587595820427, 0.17831961810588837, 0.34205782413482666, 8.156518015312031e-05, 0.027146603912115097, 0.08347558975219727, 0.0784236267209053, 0.054346513003110886, 0.05223579332232475, 0.09725301712751389, 0.030213521793484688, 0.15349559485912323, 0.032288651913404465, 0.020716479048132896, 0.21795214712619781, 0.4502616226673126, 0.18926027417182922, 0.2634733021259308, 0.03709838539361954, 0.087074875831604, 0.31283605098724365, 0.19076696038246155, 0.3140674829483032, 0.45067858695983887, 0.5081141591072083, 0.21973492205142975, 0.13278277218341827, 0.1535714715719223]"
F42,"[0.10304728895425797, 0.17686983942985535, 0.10264920443296432, 0.027503008022904396, 0.0730712041258812, 0.017085669562220573, 0.06935988366603851, 0.052090976387262344, 0.2939482629299164, 0.0010675217490643263, 0.5451101660728455, 0.05239624157547951, 0.065027616918087, 0.16403186321258545, 0.022699370980262756, 0.08415064215660095, 0.011121716350317001, 0.007863707840442657, 0.03583449870347977, 0.48083212971687317, 0.049981631338596344, 0.2933402955532074, 0.024433434009552002, 0.04793217033147812, 0.15457595884799957, 0.17878423631191254, 0.00218290276825428, 0.008156558498740196, 0.10692188888788223, 0.04762634262442589, 0.04657261073589325, 0.050373367965221405, 0.08579221367835999, 0.1863626092672348, 0.1344546526670456, 0.2179514467716217, 0.09128113836050034, 0.0838276594877243, 0.08780627697706223, 0.06134139001369476, 0.09636642783880234, 0.10952413827180862, 0.04943300038576126, 0.08509320765733719, 0.1116737425327301, 0.23455698788166046, 0.025012671947479248, 0.08394534140825272, 0.021568981930613518, 0.09694299846887589, 0.09612148255109787, 0.04383491724729538, 0.0756591409444809, 0.15254582464694977, 0.276821494102478, 0.06583012640476227, 0.10582148283720016, 0.060134001076221466, 0.09490469843149185, 0.0605706125497818, 0.11444881558418274, 0.04510567709803581, 0.4535312354564667, 0.08389079570770264, 0.140150249004364, 0.21068260073661804, 0.12192925810813904, 0.07281535118818283, 0.08504033088684082, 0.03113115206360817, 0.06594286113977432, 0.42941421270370483, 0.2373436540365219, 0.060527440160512924, 0.20555773377418518, 0.1016383096575737, 0.008612826466560364, 0.12564468383789062, 0.015433833934366703, 0.0802936926484108, 0.15942655503749847, 0.15327231585979462, 0.13432005047798157, 0.0010265553137287498, 0.13366200029850006, 0.00314300786703825, 0.03138696402311325, 0.14701417088508606, 0.07991355657577515, 0.11382409930229187, 0.04284314438700676, 0.23108486831188202, 0.14109162986278534, 0.12304466217756271, 0.14837512373924255, 0.08057640492916107, 0.2170642614364624, 0.08764628320932388, 0.1865810751914978, 0.14333699643611908, 0.06293503195047379, 0.14201720058918, 0.14664456248283386, 0.1630011647939682, 0.02358909323811531, 0.031926192343235016, 0.12340598553419113, 0.07790705561637878, 0.2237570583820343, 0.049333058297634125, 0.22515346109867096, 0.018843097612261772, 0.1460319608449936, 0.011239365674555302, 0.15396015346050262, 0.2445451021194458, 0.02408350631594658, 0.132687509059906, 0.024905811995267868, 0.21997179090976715, 0.19290415942668915, 0.08851984143257141, 0.038203541189432144, 0.08796731382608414, 0.10536260902881622, 0.14905168116092682, 0.09740474820137024, 0.21003925800323486]"
F43,"[0.05848158895969391, 0.030602952465415, 0.14814794063568115, 0.23295365273952484, 0.06851876527070999, 0.14102785289287567, 0.2580079138278961, 0.18121694028377533, 0.050675105303525925, 0.049565382301807404, 0.12375443428754807, 0.04672097787261009, 0.23031368851661682, 0.12608417868614197, 0.29542821645736694, 0.0034241362009197474, 0.045072995126247406, 0.02074383571743965, 0.1097845658659935, 0.06315650790929794, 0.24508588016033173, 0.03013114631175995, 0.21020297706127167, 0.12024566531181335, 0.2567760944366455, 0.07553265988826752, 0.09389077126979828, 0.03369006887078285, 0.06440582871437073, 0.258966326713562, 0.1334371566772461, 0.005416985601186752, 0.059120796620845795, 0.03566478565335274, 0.35025131702423096, 0.17634248733520508, 0.0508711040019989, 0.07637001574039459, 0.10035180300474167, 0.1507277488708496, 0.3140617311000824, 0.2228080928325653, 0.04785521700978279, 0.13510096073150635, 0.106665700674057, 0.20073458552360535, 0.14129745960235596, 0.007788758724927902, 0.1666039079427719, 0.31431931257247925, 0.15604597330093384, 0.007374635431915522, 0.08212746679782867, 0.45816463232040405, 0.4373464584350586, 0.14651988446712494, 0.11889989674091339, 0.10551578551530838, 0.14079049229621887, 0.07554061710834503, 0.3112253248691559, 0.019703486934304237, 0.28383785486221313, 0.2564777731895447, 0.1293889731168747, 0.12511272728443146, 0.040743954479694366, 0.10082009434700012, 0.0259095449000597, 0.1674487292766571, 0.15234142541885376, 0.08438736200332642, 0.14902593195438385, 0.22401736676692963, 0.2922569215297699, 0.03483736887574196, 0.09546566754579544, 0.05856632813811302, 0.03725237399339676, 0.1617043912410736, 0.1683342009782791, 0.5622040033340454, 0.16428759694099426, 0.5791581273078918, 0.03884483873844147, 0.021134501323103905, 0.027857579290866852, 0.2962627112865448, 0.03333671763539314, 0.13589705526828766, 0.12590275704860687, 0.18867264688014984, 0.12198476493358612, 0.38721784949302673, 0.10649441927671432, 0.3161281645298004, 0.3288537561893463, 0.04861860349774361, 0.20714035630226135, 0.08777390420436859, 0.21455007791519165, 0.07625511288642883, 0.1490592062473297, 0.1679752916097641, 0.020468149334192276, 0.21549716591835022, 0.1665831208229065, 0.06767819076776505, 0.02901696413755417, 0.015025460161268711, 0.03736911714076996, 0.1032107025384903, 0.18682309985160828, 1.8884296878241003e-05, 0.06269695609807968, 0.15767669677734375, 0.08839622139930725, 0.33096691966056824, 0.0010375760030001402, 0.13177312910556793, 0.10618256032466888, 0.09952262043952942, 0.05019937828183174, 0.0024165997747331858, 0.08070370554924011, 0.1006653755903244, 0.34504222869873047, 0.5384112596511841]"
F44,"[0.25199535489082336, 0.20569278299808502, 0.3112005591392517, 0.3193601369857788, 0.06080469489097595, 0.0061354306526482105, 0.043928325176239014, 0.17198505997657776, 0.11458751559257507, 0.07590634375810623, 0.023773638531565666, 0.22484803199768066, 0.15414167940616608, 0.0003377256798557937, 0.13862982392311096, 0.3000994622707367, 0.09885838627815247, 0.02517787553369999, 0.18723513185977936, 0.06811166554689407, 0.14550083875656128, 0.17159503698349, 0.11231617629528046, 0.09411352127790451, 0.16751354932785034, 0.14946141839027405, 0.14982566237449646, 0.02183704264461994, 0.5122289061546326, 0.20984986424446106, 0.0961948111653328, 0.06636636704206467, 0.12092788517475128, 0.08029677718877792, 0.014644921757280827, 0.0966510996222496, 0.02842905931174755, 0.5973379015922546, 0.12473873794078827, 0.3801942467689514, 0.07454944401979446, 0.20735158026218414, 0.2076316773891449, 0.2793024778366089, 0.0795736163854599, 0.13912475109100342, 0.736828625202179, 0.07508361339569092, 0.19140052795410156, 0.038954827934503555, 0.006328260060399771, 0.015055550262331963, 0.15584434568881989, 0.3021361827850342, 0.19255578517913818, 0.24067965149879456, 0.15862061083316803, 0.004333339165896177, 0.13498090207576752, 0.12382420897483826, 0.14379362761974335, 0.020256871357560158, 0.11564759165048599, 0.24027195572853088, 0.1148081123828888, 0.08169679343700409, 0.017429884523153305, 0.36642512679100037, 0.1671033650636673, 0.04675745218992233, 0.15723562240600586, 0.1873343288898468, 0.0706910789012909, 0.2517569363117218, 0.10708580911159515, 0.1671912670135498, 0.0617411807179451, 0.3418165147304535, 0.12910601496696472, 0.13588783144950867, 0.04954663664102554, 0.09598089754581451, 0.09182800352573395, 0.010111241601407528, 0.12215659022331238, 0.148516446352005, 0.15488320589065552, 0.160550057888031, 0.24265241622924805, 0.042420607060194016, 0.14468884468078613, 0.10906446725130081, 0.07991752028465271, 0.3203205168247223, 0.05752827972173691, 0.07736761122941971, 0.16028469800949097, 0.006751950364559889, 0.2227417677640915, 0.14834606647491455, 0.09239665418863297, 0.010578197427093983, 0.04387306049466133, 0.27409425377845764, 0.05387956649065018, 0.048034440726041794, 0.11189927905797958, 0.01135839894413948, 0.19942191243171692, 0.013567560352385044, 0.3426723778247833, 0.36432644724845886, 0.23563902080059052, 0.3827266991138458, 0.015079526230692863, 0.048515938222408295, 0.20649190247058868, 0.16749705374240875, 0.14656835794448853, 0.048299260437488556, 0.12634825706481934, 0.6744503378868103, 0.30988970398902893, 0.09145230799913406, 0.027304701507091522, 0.0940297320485115, 0.09530868381261826, 0.2305622696876526]"
F45,"[0.1373588591814041, 0.01718377321958542, 0.23217542469501495, 0.0784221813082695, 0.07526566833257675, 0.1594659388065338, 0.0793895572423935, 0.17802052199840546, 0.2631688416004181, 0.1341620236635208, 0.01358062494546175, 0.07511145621538162, 0.28397706151008606, 0.1611652672290802, 0.32654160261154175, 0.30089813470840454, 0.02869519777595997, 0.013963972218334675, 0.22746051847934723, 0.18459343910217285, 0.08931246399879456, 0.044791366904973984, 0.33072805404663086, 0.039515022188425064, 0.09687432646751404, 0.04938720911741257, 0.1135871410369873, 0.08692456036806107, 0.14436137676239014, 0.18178291618824005, 0.20593564212322235, 0.06258367002010345, 0.07264413684606552, 0.19707481563091278, 0.11066091805696487, 0.12240785360336304, 0.1607474386692047, 0.1305229812860489, 0.24869196116924286, 0.15783590078353882, 0.022944828495383263, 0.24900391697883606, 0.23314593732357025, 0.24017801880836487, 0.14771312475204468, 0.0062049259431660175, 0.27974650263786316, 0.02549842558801174, 0.050561994314193726, 0.1945364624261856, 0.09696177393198013, 0.2004999816417694, 0.325195848941803, 0.15226225554943085, 0.12960319221019745, 0.10760307312011719, 0.07253377139568329, 0.005806304048746824, 0.11173412203788757, 0.0953637957572937, 0.1168287992477417, 0.21788613498210907, 0.25456205010414124, 0.050042539834976196, 0.10739707201719284, 0.011849566362798214, 0.24549372494220734, 0.10339324176311493, 0.03871782496571541, 0.0449293777346611, 0.19420269131660461, 0.22505402565002441, 0.10493240505456924, 0.11481567472219467, 0.03753432258963585, 0.00740070641040802, 0.04253954812884331, 0.3545845150947571, 0.043262798339128494, 0.19499371945858002, 0.21817456185817719, 0.13512426614761353, 0.12630251049995422, 0.06708895415067673, 0.2918846607208252, 0.0653228759765625, 0.05045832321047783, 0.06764315813779831, 0.1933058649301529, 0.12974989414215088, 0.07307168841362, 0.23756276071071625, 0.03967180848121643, 0.03844486549496651, 0.04147937521338463, 0.011810042895376682, 0.0022459530737251043, 0.08215201646089554, 0.05647147819399834, 0.003903837874531746, 0.038145512342453, 0.10014847666025162, 0.39040547609329224, 0.08312439173460007, 0.07758548855781555, 0.1370490938425064, 0.08658253401517868, 0.19793696701526642, 0.020050890743732452, 0.007434410508722067, 0.11205501854419708, 0.014159709215164185, 0.1120653972029686, 0.013431896455585957, 0.04216339811682701, 0.17239610850811005, 0.20633511245250702, 0.15731747448444366, 0.04430462419986725, 0.06249602511525154, 0.17473216354846954, 0.08669888228178024, 0.07985246181488037, 0.15775109827518463, 0.0685155838727951, 0.35081833600997925, 0.014006386511027813, 0.18636849522590637]"
F46,"[0.23921824991703033, 0.101950503885746, 0.31530261039733887, 0.016452185809612274, 0.06525091081857681, 0.22346904873847961, 0.007384424563497305, 0.04974191263318062, 0.10826766490936279, 0.1757541298866272, 0.09843352437019348, 0.38804617524147034, 0.027759762480854988, 0.028052104637026787, 0.08385413885116577, 0.003625571960583329, 0.13808338344097137, 0.2917863130569458, 0.09248559176921844, 0.19041652977466583, 0.30753999948501587, 0.5072684288024902, 0.06440450251102448, 0.016380084678530693, 0.21829017996788025, 0.049122218042612076, 0.1821041703224182, 0.2547164261341095, 0.4540603756904602, 0.1401490569114685, 0.23592981696128845, 0.04477090388536453, 0.3283776640892029, 0.17707392573356628, 0.25356966257095337, 0.028070595115423203, 0.033562708646059036, 0.03268248960375786, 0.1588132083415985, 0.04090377688407898, 0.0729457437992096, 0.12442328780889511, 0.23733562231063843, 0.020921314135193825, 0.17356711626052856, 0.02565053105354309, 0.04063596576452255, 0.2578694224357605, 0.118710957467556, 0.06663831323385239, 0.14725947380065918, 0.32241177558898926, 0.08734609186649323, 0.3034742474555969, 0.2528178095817566, 0.034820422530174255, 0.07543202489614487, 0.43587103486061096, 0.03760345280170441, 0.36703062057495117, 0.04087857902050018, 0.016482243314385414, 0.33534854650497437, 0.08734229952096939, 0.07404715567827225, 0.12150967866182327, 0.09436038881540298, 0.049691472202539444, 0.040745750069618225, 0.029902052134275436, 0.22128692269325256, 0.1719200164079666, 0.0671299397945404, 0.06469015777111053, 0.24748240411281586, 0.6031610369682312, 0.18980681896209717, 0.35194000601768494, 0.20918726921081543, 0.05390627682209015, 0.599749743938446, 0.4403693974018097, 0.09282051771879196, 0.3590971827507019, 0.12337923794984818, 0.21587158739566803, 0.011874601244926453, 0.004208344500511885, 0.009627007879316807, 0.016710087656974792, 0.068121038377285, 0.005181200336664915, 0.040675606578588486, 0.11876685917377472, 0.2009402960538864, 0.0821552574634552, 0.15144014358520508, 0.010448169894516468, 0.0001883478689705953, 0.05600588768720627, 0.11703746765851974, 0.2769780158996582, 0.004068250302225351, 0.003863054560497403, 0.006650127936154604, 0.2324688881635666, 0.1730487197637558, 0.05858263373374939, 0.09382987767457962, 0.03160291910171509, 0.1377112865447998, 0.36549609899520874, 0.055956676602363586, 0.0920623168349266, 0.006455089431256056, 0.1260930746793747, 0.1903260201215744, 0.1735670119524002, 0.04913488030433655, 0.22926093637943268, 0.05304091423749924, 0.07090342789888382, 0.0772317424416542, 0.9317005276679993, 0.09247986972332001, 0.19349652528762817, 0.05620301887392998, 0.44747141003608704]"
F47,"[0.145863875746727, 0.27696093916893005, 0.0824299305677414, 0.015193317085504532, 0.03526096045970917, 0.019238589331507683, 0.10372024774551392, 0.017615849152207375, 0.10002550482749939, 0.18691247701644897, 0.07107077538967133, 0.046668216586112976, 0.0903577208518982, 0.055672768503427505, 0.33594509959220886, 0.24413155019283295, 0.2682940363883972, 0.3371615409851074, 0.021608036011457443, 0.17167353630065918, 0.1440451443195343, 0.023788979277014732, 0.13234706223011017, 0.0935959741473198, 0.012550553306937218, 0.0994064062833786, 0.06675649434328079, 0.10044942051172256, 0.10726122558116913, 0.3644682765007019, 0.32922467589378357, 0.1444764882326126, 0.10606752336025238, 0.17622952163219452, 0.0068982914090156555, 0.23332329094409943, 0.02295202761888504, 0.03255811706185341, 0.03336121514439583, 0.29545697569847107, 0.21260777115821838, 0.014881949871778488, 0.02653910405933857, 0.16556617617607117, 0.022143634036183357, 0.13073888421058655, 0.0014312101993709803, 0.13787901401519775, 0.0009285380365327001, 0.15156273543834686, 0.22970467805862427, 0.13729524612426758, 0.13465631008148193, 0.20677810907363892, 0.47876912355422974, 0.04890448972582817, 0.12144714593887329, 0.04722742363810539, 0.025662437081336975, 0.05442636087536812, 0.1691538542509079, 0.04755731299519539, 0.10672639310359955, 0.09627729654312134, 0.25612807273864746, 0.23202158510684967, 0.4006543457508087, 0.198383167386055, 0.08987753838300705, 0.3960677683353424, 0.08819755166769028, 0.4652211666107178, 0.23848171532154083, 0.15200376510620117, 0.2667430341243744, 0.07239678502082825, 0.2929759621620178, 0.40059274435043335, 0.03602733463048935, 0.3491694927215576, 0.08984464406967163, 0.34786924719810486, 0.1919662356376648, 0.34277617931365967, 0.15154702961444855, 0.26442793011665344, 0.04150235280394554, 0.0925908088684082, 0.12633535265922546, 0.1104237288236618, 0.13115425407886505, 0.07574533671140671, 0.3286595642566681, 0.10413539409637451, 0.28458699584007263, 0.283659428358078, 0.05278853327035904, 0.265013188123703, 0.2063920497894287, 0.17232222855091095, 0.20048612356185913, 0.016360269859433174, 0.0644693523645401, 0.08595254272222519, 0.21731239557266235, 0.15075956284999847, 0.283914715051651, 0.11562959104776382, 0.22549468278884888, 0.2727252244949341, 0.4475625157356262, 0.011244996450841427, 0.14063824713230133, 0.11931288987398148, 0.1491561383008957, 0.02304609678685665, 0.1759704351425171, 0.19494131207466125, 0.03831291198730469, 0.18586993217468262, 0.10044430196285248, 0.23495128750801086, 0.14782370626926422, 0.09290441870689392, 0.08794993907213211, 0.2049427032470703, 0.14384324848651886, 0.5508849620819092]"
F48,"[0.1968098282814026, 0.06791568547487259, 0.3648742437362671, 0.5342360138893127, 0.1585976928472519, 0.2570610046386719, 0.1394568234682083, 0.057646386325359344, 0.060225266963243484, 0.1805146336555481, 0.0800166204571724, 0.3999592065811157, 0.14455942809581757, 0.17823173105716705, 0.2733028829097748, 0.03037879429757595, 0.04370364919304848, 0.020947450771927834, 0.04533328115940094, 0.05596719682216644, 0.26858553290367126, 0.10686596482992172, 0.2226465791463852, 0.027160879224538803, 0.05966302752494812, 0.2682083249092102, 0.15830379724502563, 0.07433109730482101, 0.2753744125366211, 0.017468316480517387, 0.022787662222981453, 0.025177814066410065, 0.01757209748029709, 0.34656625986099243, 0.014225846156477928, 0.04582836106419563, 0.20055989921092987, 0.006468287203460932, 0.27339422702789307, 0.19639787077903748, 0.06376268714666367, 0.1198452040553093, 0.012816094793379307, 0.16538341343402863, 0.19957350194454193, 0.06000593304634094, 0.6602026224136353, 0.02400682307779789, 0.0989861860871315, 0.1846093088388443, 0.2025083750486374, 0.0671280026435852, 0.08492843806743622, 0.2940447926521301, 0.06950172781944275, 0.005311339627951384, 0.019173776730895042, 0.14011666178703308, 0.12194374203681946, 0.169067844748497, 0.08380157500505447, 0.15424098074436188, 0.20032982528209686, 0.022050058469176292, 0.030236661434173584, 0.07470565289258957, 0.20878556370735168, 0.37610924243927, 0.11058931797742844, 0.1747795045375824, 0.012009159661829472, 0.08083543926477432, 0.3247348964214325, 0.051110319793224335, 0.13556288182735443, 0.20949316024780273, 0.18132011592388153, 0.1550104022026062, 0.06340336054563522, 0.09570138156414032, 0.01836424693465233, 0.04460024833679199, 0.4023291766643524, 0.08394551277160645, 0.10972029715776443, 0.26544082164764404, 0.03155342489480972, 0.05869021266698837, 0.06908445060253143, 0.37030208110809326, 0.0013406064826995134, 0.005689117591828108, 0.06899955868721008, 0.09951809793710709, 0.13473430275917053, 0.2530754804611206, 0.4227350056171417, 0.22092202305793762, 0.24843990802764893, 0.2130230814218521, 0.01682579703629017, 0.15721803903579712, 0.09050530195236206, 0.47957655787467957, 0.127851203083992, 0.1264718621969223, 0.04478101804852486, 0.10195810347795486, 0.047189101576805115, 0.09750194847583771, 0.22806383669376373, 0.07955264300107956, 0.07992153614759445, 0.10632439702749252, 0.04373032599687576, 0.23218652606010437, 0.10716533660888672, 0.11591242253780365, 0.1292368471622467, 0.3127514719963074, 0.07144994288682938, 0.8530762791633606, 0.07683635503053665, 0.5316286087036133, 0.0014289385871961713, 0.011621296405792236, 0.025821223855018616, 0.07364816218614578]"
F49,"[0.022754430770874023, 0.30610865354537964, 0.11730390042066574, 0.23404212296009064, 0.4483635127544403, 0.1095474362373352, 0.017976397648453712, 0.27186039090156555, 0.23515582084655762, 0.010963884182274342, 0.3261541426181793, 0.16990043222904205, 0.0650503933429718, 0.05626750364899635, 0.05915644392371178, 0.04365933686494827, 0.2061181515455246, 0.0370573066174984, 0.05085308477282524, 0.3545639216899872, 0.16560006141662598, 0.07281368970870972, 0.10623281449079514, 0.022021079435944557, 0.1615196168422699, 0.21613147854804993, 0.11124381422996521, 0.23924504220485687, 0.049961335957050323, 0.1339130699634552, 0.15733355283737183, 0.35316887497901917, 0.1613265872001648, 0.4270113408565521, 0.12783843278884888, 0.0186736099421978, 0.6766995191574097, 0.08721465617418289, 0.21422842144966125, 0.01577596738934517, 0.01610487885773182, 0.0004322184540797025, 0.050220947712659836, 0.27493149042129517, 0.08470162749290466, 0.06383831053972244, 0.0012476305710151792, 0.1862712949514389, 0.36051875352859497, 0.8576892614364624, 0.1551101803779602, 0.07558346539735794, 0.07095075398683548, 0.027896039187908173, 0.20888742804527283, 0.19251799583435059, 0.12308203428983688, 0.13657087087631226, 0.17100149393081665, 0.20853929221630096, 0.01944090984761715, 0.07832200825214386, 0.37743866443634033, 0.10601603239774704, 0.02889404073357582, 0.1704806238412857, 0.0330854207277298, 0.09055235236883163, 0.021366575732827187, 0.017236875370144844, 0.02301388792693615, 0.05526076257228851, 0.09170094132423401, 0.09654024243354797, 0.06681378185749054, 0.039862096309661865, 0.0253415796905756, 0.028800304979085922, 0.37974539399147034, 0.0013870211550965905, 0.09445095807313919, 0.36302101612091064, 0.05829121172428131, 0.198014035820961, 0.06940127909183502, 0.09951876103878021, 0.2435554713010788, 0.003798354184255004, 0.1509581208229065, 0.0015151958214119077, 0.030665623024106026, 0.327473521232605, 0.17575810849666595, 0.020326485857367516, 0.14921504259109497, 0.052996549755334854, 0.06390371173620224, 0.17664477229118347, 0.12807953357696533, 0.2129175364971161, 0.03464319556951523, 0.1974918395280838, 0.2544807195663452, 0.06151086837053299, 0.06794224679470062, 0.5698994398117065, 0.06897597759962082, 0.16392311453819275, 0.05668136849999428, 0.015597260557115078, 0.48381757736206055, 0.02721618115901947, 0.02911284938454628, 0.3747122883796692, 0.00824043434113264, 0.14130230247974396, 0.15930615365505219, 0.16962039470672607, 0.10380210727453232, 0.23739013075828552, 0.258527547121048, 0.10991758108139038, 0.35252854228019714, 0.20846129953861237, 0.19643789529800415, 0.05240089073777199, 0.30455872416496277, 0.051247771829366684]"
F50,"[0.2650280296802521, 0.12422839552164078, 0.3438382148742676, 0.03964557126164436, 0.502866268157959, 0.08726230263710022, 0.04498748108744621, 0.07854649424552917, 0.07171525061130524, 0.07694149017333984, 0.0453023761510849, 0.14104889333248138, 0.021336892619729042, 0.12252172827720642, 0.02955852821469307, 0.1159738302230835, 0.0847773402929306, 0.030863506719470024, 0.06403227150440216, 0.002134261652827263, 0.027460360899567604, 0.2414378821849823, 0.08051247149705887, 0.0437333807349205, 0.16209442913532257, 0.35901397466659546, 0.16580186784267426, 0.11286641657352448, 0.08137190341949463, 0.22455470263957977, 0.000331959396135062, 0.06492198258638382, 0.12340433150529861, 0.19642943143844604, 0.046661291271448135, 0.023146485909819603, 0.05740145966410637, 0.0432150699198246, 0.30356523394584656, 0.06132572144269943, 0.18697939813137054, 0.12936009466648102, 0.019303210079669952, 0.04724402353167534, 0.10621678829193115, 0.037732820957899094, 0.23865051567554474, 0.11282654106616974, 0.03517106920480728, 0.485398530960083, 0.11866159737110138, 0.220320463180542, 0.24736012518405914, 0.12100520730018616, 0.1345418244600296, 0.0552133284509182, 0.3742178976535797, 0.35745400190353394, 0.14787320792675018, 0.008447352796792984, 0.07235376536846161, 0.08620589226484299, 0.0504961758852005, 0.1982886642217636, 0.07344748079776764, 0.11941682547330856, 0.19922293722629547, 0.2867043912410736, 0.09442341327667236, 0.05803094059228897, 0.1631443351507187, 0.2867544889450073, 0.1398375928401947, 0.10503030568361282, 0.049211446195840836, 0.19528789818286896, 0.14714644849300385, 0.11328261345624924, 0.13014619052410126, 0.1132456511259079, 0.04905446246266365, 0.10156670957803726, 0.013653225265443325, 0.016428910195827484, 0.15727835893630981, 0.15683595836162567, 0.11165414750576019, 0.1479651778936386, 0.3005015254020691, 0.0719597339630127, 0.010918602347373962, 0.11467237025499344, 0.11124291270971298, 0.007943135686218739, 0.10950419306755066, 0.025918837636709213, 0.09461737424135208, 0.06883635371923447, 0.10321256518363953, 0.08698488771915436, 0.05082518607378006, 0.42118144035339355, 0.015150999650359154, 0.22314083576202393, 0.017860163003206253, 0.31667593121528625, 0.24817577004432678, 0.011062975972890854, 0.08443891257047653, 0.2559911906719208, 0.10722722113132477, 0.022343486547470093, 0.09462559223175049, 0.599849283695221, 0.11275696754455566, 0.1986066848039627, 0.1440436691045761, 0.08092433959245682, 0.1164032369852066, 0.13553889095783234, 0.08959989994764328, 0.2732754945755005, 0.13360004127025604, 0.1481795758008957, 0.0681595653295517, 0.21349290013313293, 0.0053352005779743195, 0.17865650355815887]"
F51,"[0.10195545852184296, 0.1842995584011078, 0.2440495640039444, 0.07527751475572586, 0.00935319997370243, 0.15363937616348267, 0.36006805300712585, 0.12493385374546051, 0.0905219092965126, 0.12672261893749237, 0.17730434238910675, 0.09017554670572281, 0.10422573238611221, 0.1261042207479477, 0.13921846449375153, 0.24277827143669128, 0.16870002448558807, 0.0938151404261589, 0.019109686836600304, 0.1573491394519806, 0.08790607750415802, 0.008399598300457, 0.2657943069934845, 0.018376151099801064, 0.2415064126253128, 0.1348196566104889, 0.16239461302757263, 0.21150079369544983, 0.0618475042283535, 0.6410641670227051, 0.009944399818778038, 0.20005464553833008, 0.061803560703992844, 0.05161324143409729, 0.03613061085343361, 0.02135768160223961, 0.0561029277741909, 0.07645610719919205, 0.37622708082199097, 0.4467271864414215, 0.15372410416603088, 0.0057429363951087, 0.00928338523954153, 0.28335678577423096, 0.28827613592147827, 0.1419079452753067, 0.29174304008483887, 0.10719133913516998, 0.3070680499076843, 0.35004135966300964, 0.05763496831059456, 0.18357431888580322, 0.05832609534263611, 0.11303441226482391, 0.3620142936706543, 0.17713136970996857, 0.04875679314136505, 0.15319105982780457, 0.12055101245641708, 0.12078114598989487, 0.24228273332118988, 0.05988084524869919, 0.06401367485523224, 0.1321561187505722, 0.18199484050273895, 0.2533550560474396, 0.2605547308921814, 0.016225144267082214, 0.08996126800775528, 1.2482415513659362e-05, 0.23951371014118195, 0.2250365912914276, 0.04569588229060173, 0.18120388686656952, 0.4990241229534149, 0.14890125393867493, 0.039364200085401535, 0.15370140969753265, 0.18566368520259857, 0.08006729930639267, 0.28683164715766907, 0.004594088066369295, 0.058991409838199615, 0.2900383174419403, 0.2263028770685196, 0.20832596719264984, 0.16602486371994019, 0.03382144123315811, 0.23479518294334412, 0.21536095440387726, 0.1045319139957428, 0.1315075159072876, 0.16051200032234192, 0.4134388267993927, 0.007993464358150959, 0.07038065046072006, 0.34433144330978394, 0.18066516518592834, 0.05956730991601944, 0.2076987475156784, 0.04235553368926048, 0.12949751317501068, 0.2084132581949234, 0.011186000891029835, 0.3493727147579193, 0.22695060074329376, 0.15521183609962463, 0.09137455374002457, 0.18389897048473358, 0.07941821217536926, 0.22513169050216675, 0.17960350215435028, 0.1902719885110855, 0.06269664317369461, 0.03322061523795128, 0.2425851970911026, 0.14305992424488068, 0.06075045093894005, 0.32475003600120544, 0.021837638691067696, 0.32962533831596375, 0.3446631133556366, 0.08903386443853378, 0.2386494278907776, 0.14199136197566986, 0.1289038509130478, 0.21843786537647247, 0.24218963086605072]"
F52,"[0.07115552574396133, 0.1350058764219284, 0.09453180432319641, 0.3762129545211792, 0.27188268303871155, 0.13376373052597046, 0.2277580052614212, 0.13888992369174957, 0.013164125382900238, 0.02837536297738552, 0.018708281219005585, 0.22422043979167938, 0.2139487862586975, 0.07181596010923386, 0.5405319929122925, 0.09448447078466415, 0.013332173228263855, 0.09661949425935745, 0.04822776839137077, 0.10662812739610672, 0.15569712221622467, 0.005827521439641714, 0.07944073528051376, 0.14025147259235382, 0.09018584340810776, 0.04638413339853287, 0.16013027727603912, 0.4947452247142792, 0.5381124019622803, 0.02168557234108448, 0.04172496870160103, 0.12048967182636261, 0.12754292786121368, 0.14057309925556183, 0.18861673772335052, 0.1187666729092598, 0.12452226132154465, 0.11090182512998581, 0.059698671102523804, 0.07136282324790955, 0.14840741455554962, 0.16196821630001068, 0.3650505840778351, 0.10421869903802872, 0.18221621215343475, 0.0898299440741539, 0.5361123085021973, 0.08337632566690445, 0.043477047234773636, 0.2875128388404846, 0.6763007044792175, 0.28859737515449524, 0.2240258902311325, 0.028669754043221474, 0.1735938936471939, 0.034157782793045044, 0.15771882236003876, 0.22063560783863068, 0.02435128577053547, 0.1876525580883026, 0.23302246630191803, 0.11540867388248444, 0.09431514143943787, 0.11311846971511841, 0.22855213284492493, 0.2754136621952057, 0.23729515075683594, 0.074427030980587, 0.05058417469263077, 0.10764654725790024, 0.1688891351222992, 0.04842861741781235, 0.20755426585674286, 0.1857137829065323, 0.21581730246543884, 0.1536928415298462, 0.31006333231925964, 0.11780006438493729, 0.07663176953792572, 0.05423681437969208, 0.058928824961185455, 0.14957822859287262, 0.04995677247643471, 0.287723183631897, 0.15086206793785095, 0.09989602863788605, 0.03904228284955025, 0.3349810540676117, 0.0568147748708725, 0.1944730430841446, 0.1637251377105713, 0.5365070104598999, 0.0035789923276752234, 0.16847464442253113, 0.17562372982501984, 0.3508146107196808, 0.31491053104400635, 0.15044988691806793, 0.2015351504087448, 0.2868151366710663, 0.4728677570819855, 0.17045919597148895, 0.08195892721414566, 0.20088428258895874, 0.2673044502735138, 0.30883505940437317, 0.30605071783065796, 0.039420753717422485, 0.2880525588989258, 0.06004217639565468, 0.31828975677490234, 0.07001925259828568, 0.17198841273784637, 0.4256967604160309, 0.019771631807088852, 0.3274174630641937, 0.03725488856434822, 0.2165469080209732, 0.23905114829540253, 0.11334054172039032, 0.08468592911958694, 0.02359011396765709, 0.12798045575618744, 0.10252053290605545, 0.2433927059173584, 0.17791207134723663, 0.1918874830007553, 0.17799866199493408]"
F53,"[0.19051232933998108, 0.06346086412668228, 0.3343729078769684, 0.009383478201925755, 0.020246656611561775, 0.02888478897511959, 0.05786195769906044, 0.18779151141643524, 0.05484334006905556, 0.1625482439994812, 0.3518311083316803, 0.3977589011192322, 0.2422526329755783, 0.31693530082702637, 0.08965995162725449, 0.282471239566803, 0.09644394367933273, 0.11839133501052856, 0.09311554580926895, 0.16948291659355164, 0.009886432439088821, 0.14955639839172363, 0.15707938373088837, 0.23505593836307526, 0.01912880130112171, 0.7890216112136841, 0.2749294936656952, 0.07426028698682785, 0.20440398156642914, 0.23609884083271027, 0.0012154669966548681, 0.07382100075483322, 0.037092383950948715, 0.13573303818702698, 4.326088310335763e-05, 0.327760249376297, 0.02010449208319187, 0.2032637745141983, 0.1639626920223236, 0.20209670066833496, 0.11070741713047028, 0.14400668442249298, 0.026942867785692215, 0.22328945994377136, 0.055922530591487885, 0.12857383489608765, 0.3160281181335449, 0.04714972525835037, 0.08462746441364288, 0.025593552738428116, 0.01935836859047413, 0.06559215486049652, 0.17596247792243958, 0.21176448464393616, 0.0757591500878334, 0.14626559615135193, 0.26803913712501526, 0.026406962424516678, 0.19425925612449646, 0.1257290095090866, 0.07356715202331543, 0.21236222982406616, 0.18062788248062134, 0.29258719086647034, 0.1627703607082367, 0.0023000543005764484, 0.23282688856124878, 0.08303023874759674, 0.09418205171823502, 0.08625155687332153, 0.0988706722855568, 0.3220272362232208, 0.011108780279755592, 0.25403663516044617, 0.08743422478437424, 0.051481593400239944, 0.3315916657447815, 0.03919253870844841, 0.06972290575504303, 0.07455416768789291, 0.27708280086517334, 0.07362152636051178, 0.20852020382881165, 0.008613414131104946, 0.014077463187277317, 0.02580823190510273, 0.0032411327119916677, 0.24197334051132202, 0.1957291066646576, 0.00850539468228817, 0.10028344392776489, 0.11862645298242569, 0.58002769947052, 0.11306145042181015, 0.31851068139076233, 0.2820832431316376, 0.4305647909641266, 0.3046201169490814, 0.3110652267932892, 0.3026217222213745, 0.048925016075372696, 0.08395980298519135, 0.08324075490236282, 0.048841364681720734, 0.006584301125258207, 0.053750090301036835, 0.41197827458381653, 0.012667503207921982, 0.08364953845739365, 0.20040731132030487, 0.20811283588409424, 0.051837287843227386, 0.30049893260002136, 0.24995890259742737, 0.05451606586575508, 0.13155578076839447, 0.47892823815345764, 0.35640397667884827, 0.08068179339170456, 0.2180544137954712, 0.331945538520813, 0.10956243425607681, 0.08560802042484283, 0.02687864378094673, 0.0387548990547657, 0.01121377944946289, 0.06662937998771667, 0.11329956352710724]"
F54,"[0.18841376900672913, 0.0547545850276947, 0.24514509737491608, 0.4714621901512146, 0.041257988661527634, 0.055958498269319534, 0.05094074830412865, 0.38311347365379333, 0.11258412152528763, 0.08948124945163727, 0.11893568933010101, 0.16540363430976868, 0.06918428838253021, 0.043850649148225784, 0.007362497504800558, 0.05286458879709244, 0.04791790619492531, 0.31310394406318665, 0.046931374818086624, 0.0998525470495224, 0.10715974867343903, 0.14511357247829437, 0.23236572742462158, 0.018345218151807785, 0.2428022176027298, 0.4647676348686218, 0.2782934010028839, 0.23075155913829803, 0.22415034472942352, 0.16499802470207214, 0.1508314162492752, 0.2622453272342682, 0.3287980556488037, 0.021865490823984146, 0.0028961484786123037, 0.3293026387691498, 0.22089339792728424, 0.04779411852359772, 0.10496571660041809, 0.0625905841588974, 0.3421279788017273, 0.23212946951389313, 0.1206083595752716, 0.051392409950494766, 0.08174712210893631, 0.14641249179840088, 0.011545314453542233, 0.0509786531329155, 0.09470485895872116, 0.11403455585241318, 0.014240091666579247, 0.381595253944397, 0.20088787376880646, 0.2525125741958618, 0.16551485657691956, 0.05089574307203293, 0.3734723925590515, 0.05057024210691452, 0.010321337729692459, 0.31114891171455383, 0.1731373369693756, 0.0966867059469223, 0.06457003206014633, 0.13641954958438873, 0.06376681476831436, 0.01798422262072563, 0.01168990321457386, 0.32355326414108276, 0.019454404711723328, 0.12702907621860504, 0.06428343802690506, 0.1212487667798996, 0.07943376153707504, 0.11950033158063889, 0.3753471374511719, 0.08724896609783173, 0.022706681862473488, 0.18200476467609406, 0.025854256004095078, 0.015031629242002964, 0.2165297120809555, 0.05882373824715614, 0.09821031242609024, 0.43594667315483093, 0.26998016238212585, 0.3789021670818329, 0.010012547485530376, 0.20929506421089172, 0.23918116092681885, 0.20568250119686127, 0.19914624094963074, 0.024480439722537994, 0.8673825263977051, 0.05059213936328888, 0.25316116213798523, 0.15041443705558777, 0.6151214838027954, 0.09667223691940308, 0.19064193964004517, 0.1346305012702942, 0.01506477128714323, 0.11398611217737198, 0.06109051778912544, 0.15951107442378998, 0.09966660290956497, 0.41770100593566895, 0.052204474806785583, 0.13271981477737427, 0.36542901396751404, 0.3524158000946045, 0.3710050582885742, 0.33829164505004883, 0.1704772561788559, 0.15063044428825378, 0.27537885308265686, 0.03248102590441704, 0.08037029206752777, 0.1366148442029953, 0.08635769784450531, 0.05604562535881996, 0.5471821427345276, 0.09383843839168549, 0.2140289843082428, 0.1728476583957672, 0.10495265573263168, 0.23177756369113922, 0.004346840083599091, 0.10623323172330856]"
F55,"[0.08661306649446487, 0.03039451874792576, 0.2925376296043396, 0.2583237886428833, 0.02613261342048645, 0.3554156422615051, 0.568733274936676, 0.5865696668624878, 0.1295754611492157, 0.15317752957344055, 0.16812562942504883, 0.09162312746047974, 0.0877085030078888, 0.16090981662273407, 0.05142613500356674, 0.3535206913948059, 0.09835221618413925, 0.028349559754133224, 0.08744913339614868, 0.06206294894218445, 0.06104081869125366, 0.2530888319015503, 0.052846889942884445, 0.11479213833808899, 0.3483071029186249, 0.1183813214302063, 0.19528885185718536, 0.07002153247594833, 0.375155508518219, 0.01651298813521862, 0.07343798130750656, 0.1308797001838684, 0.14196346700191498, 0.06178971007466316, 0.058980025351047516, 0.31867849826812744, 0.21008296310901642, 0.036185093224048615, 0.11607109755277634, 0.06474219262599945, 0.10484738647937775, 0.17130155861377716, 0.037958089262247086, 0.24128000438213348, 0.05798520892858505, 0.6896870136260986, 0.26773801445961, 0.11217937618494034, 0.005808137822896242, 0.12387055158615112, 0.17151100933551788, 0.35096991062164307, 0.09430080652236938, 0.2391761839389801, 0.07474413514137268, 0.08626077324151993, 0.1946474015712738, 0.24630936980247498, 0.061498045921325684, 0.004867976531386375, 0.0536220446228981, 0.0630764290690422, 0.2819862961769104, 0.06350292265415192, 0.2134161740541458, 0.11000975221395493, 0.16014060378074646, 0.3673129379749298, 0.10341327637434006, 0.1941138058900833, 0.13890622556209564, 0.37534645199775696, 0.14435073733329773, 0.004135938361287117, 0.16654729843139648, 0.05483388900756836, 0.004007806070148945, 0.07981950044631958, 0.13310110569000244, 0.0010266014141961932, 0.1428084820508957, 0.29450470209121704, 0.4057883620262146, 0.18607893586158752, 0.335684210062027, 0.18686911463737488, 0.2785769999027252, 0.13978011906147003, 0.23593927919864655, 0.09581694006919861, 0.03716496005654335, 0.13344646990299225, 0.257904589176178, 0.0874023362994194, 0.10442608594894409, 0.08626746386289597, 0.33513620495796204, 0.23446086049079895, 0.16553953289985657, 0.14510472118854523, 0.002306360984221101, 0.08470353484153748, 0.11646378040313721, 0.321033775806427, 0.0641409307718277, 0.027422476559877396, 0.18321013450622559, 0.10201142728328705, 0.23386253416538239, 0.0880214273929596, 0.3372931480407715, 0.2084481567144394, 0.06698397547006607, 0.17680686712265015, 0.06352722644805908, 0.41634348034858704, 0.12185472249984741, 0.12648992240428925, 0.18578577041625977, 0.14424538612365723, 0.06533116847276688, 0.04759249463677406, 0.254454642534256, 0.21381255984306335, 0.07252548635005951, 0.34404000639915466, 0.37147098779678345, 0.1732398420572281]"
F56,"[0.23000872135162354, 0.00854642316699028, 0.030927462503314018, 0.12396898120641708, 0.0004743762547150254, 0.06900922954082489, 0.03482438996434212, 0.2159622311592102, 0.15626110136508942, 0.1333547979593277, 0.06516564637422562, 0.05520749092102051, 0.12109477818012238, 0.10425765812397003, 0.043088849633932114, 0.03393536061048508, 0.0015864386223256588, 0.03787379711866379, 0.025413941591978073, 0.21729351580142975, 0.11929166316986084, 0.44465410709381104, 0.12417447566986084, 0.12949855625629425, 0.39099591970443726, 0.17828315496444702, 0.1169489249587059, 0.017311101779341698, 0.1756783425807953, 0.011348447762429714, 0.004736178554594517, 0.13215330243110657, 0.0966682955622673, 0.08393365144729614, 0.10886170715093613, 0.05699075013399124, 0.2754974365234375, 0.0340026430785656, 0.17047734558582306, 0.09052882343530655, 0.09867672622203827, 0.11928494274616241, 0.023066632449626923, 0.10436297953128815, 0.03627108782529831, 0.01992282085120678, 0.280764102935791, 0.21384631097316742, 0.042713310569524765, 0.007783025037497282, 0.08179005980491638, 0.03561948612332344, 0.24893322587013245, 0.2301861047744751, 0.16480770707130432, 0.1005001813173294, 0.04908556863665581, 0.059388648718595505, 0.25247693061828613, 0.1364574432373047, 0.3267311155796051, 0.04163404926657677, 0.23265229165554047, 0.05643820762634277, 0.09581061452627182, 0.08711401373147964, 0.05989467352628708, 0.12563970685005188, 0.2084459364414215, 0.15892331302165985, 0.13933081924915314, 0.20210599899291992, 0.22410434484481812, 0.01943710632622242, 0.08405384421348572, 0.08262167125940323, 0.10783101618289948, 0.35297900438308716, 0.011194565333425999, 0.12672729790210724, 0.21741287410259247, 0.002749372972175479, 0.19426606595516205, 0.224167138338089, 0.08425448089838028, 0.06432885676622391, 0.05455935001373291, 0.13607007265090942, 0.01844976097345352, 0.08025174587965012, 0.2183869332075119, 0.0956934466958046, 0.20059233903884888, 0.3607606589794159, 0.004777503199875355, 0.07547184824943542, 0.21537666022777557, 0.14652572572231293, 0.058320995420217514, 0.017767328768968582, 0.06709808111190796, 0.034712597727775574, 0.10036459565162659, 0.13536378741264343, 0.02483643777668476, 0.10005965083837509, 0.11260586231946945, 0.5857230424880981, 0.10163504630327225, 0.04676959291100502, 0.06443756818771362, 0.03990016505122185, 0.16527089476585388, 0.163145050406456, 0.07074842602014542, 0.16089725494384766, 0.06890163570642471, 0.09447988122701645, 0.06067763268947601, 0.1343574970960617, 0.12220341712236404, 0.24687381088733673, 0.0033759227953851223, 0.27005892992019653, 0.09655091166496277, 0.195525124669075, 0.23920191824436188, 0.05829163268208504]"
F57,"[0.17787699401378632, 0.3239797353744507, 0.3992173671722412, 0.08738619834184647, 0.2461598962545395, 0.01419894676655531, 0.1752990484237671, 0.30255839228630066, 0.03924539312720299, 0.4988136291503906, 0.22669193148612976, 0.14692601561546326, 0.10422169417142868, 0.2869667410850525, 0.3735233247280121, 0.03989364579319954, 0.1247829794883728, 0.03816628456115723, 0.2230997383594513, 0.015262247994542122, 0.2768447697162628, 0.3954634368419647, 0.1910858452320099, 0.6020196080207825, 0.13354063034057617, 0.1633051484823227, 0.06870827078819275, 0.14952485263347626, 0.15642796456813812, 0.020597396418452263, 0.5482605695724487, 0.02375246398150921, 0.16426648199558258, 0.2554895579814911, 0.21649350225925446, 0.02397456020116806, 0.14950397610664368, 0.11319882422685623, 0.05684341490268707, 0.014673319645226002, 0.12254822999238968, 0.22997276484966278, 0.2725726366043091, 0.270239919424057, 0.05869358032941818, 0.05692627280950546, 0.23735949397087097, 0.06367620080709457, 0.09143586456775665, 0.004043353721499443, 0.29796984791755676, 0.17230096459388733, 0.013902517035603523, 0.058568306267261505, 0.22613944113254547, 0.060058433562517166, 0.02927158959209919, 0.06275028735399246, 0.013398169539868832, 0.03447164595127106, 0.10111530125141144, 0.12114884704351425, 0.02137007750570774, 0.22807639837265015, 0.11399558186531067, 0.06849884241819382, 0.6025844216346741, 0.3700321912765503, 0.16371186077594757, 0.15823298692703247, 0.23207710683345795, 0.13838540017604828, 0.10410496592521667, 0.22001683712005615, 0.12493027746677399, 0.1470475047826767, 0.02204052172601223, 0.25968360900878906, 0.07508240640163422, 0.11914640665054321, 0.2821314036846161, 0.4513394236564636, 0.041466958820819855, 0.16934049129486084, 0.15600691735744476, 0.1562892198562622, 0.030916651710867882, 0.13767683506011963, 0.05608934909105301, 0.18110902607440948, 0.14960598945617676, 0.4318077266216278, 0.09627650678157806, 0.42879945039749146, 0.06121876463294029, 0.01754327304661274, 0.23504608869552612, 0.0903366282582283, 0.020672451704740524, 0.05059316009283066, 0.037945982068777084, 0.001966428244486451, 0.10618405044078827, 0.29773715138435364, 0.031122449785470963, 0.23368209600448608, 0.21148833632469177, 0.2149445116519928, 0.37226182222366333, 0.055556442588567734, 0.18578475713729858, 0.3443582355976105, 0.07739826291799545, 0.1228298619389534, 0.2723512351512909, 0.09634196758270264, 0.27114495635032654, 0.4415438175201416, 0.05812507122755051, 0.3871191442012787, 0.028560809791088104, 0.16514618694782257, 0.008428448811173439, 0.0380341075360775, 0.09850282967090607, 0.110342837870121, 0.06854145973920822, 0.19942034780979156]"
F58,"[0.12370574474334717, 0.10208562761545181, 0.24534834921360016, 0.027426427230238914, 0.13302169740200043, 0.052014511078596115, 0.13301610946655273, 0.32066139578819275, 0.07391191273927689, 0.20387902855873108, 0.07238532602787018, 0.030700834468007088, 0.03903863579034805, 0.16620121896266937, 0.12115932255983353, 0.054021093994379044, 0.05798371136188507, 0.10387208312749863, 0.05225781723856926, 0.02767191454768181, 0.1417330503463745, 0.13477939367294312, 0.06138747185468674, 0.19188155233860016, 0.0019047701498493552, 0.3362796902656555, 0.07633412629365921, 0.018838293850421906, 0.09431549161672592, 0.038536299020051956, 0.10450910031795502, 0.22685453295707703, 0.18252535164356232, 0.1981581151485443, 0.010243246331810951, 0.07708614319562912, 0.16022278368473053, 0.07187587022781372, 0.05510847643017769, 0.023264700546860695, 0.14070050418376923, 0.23331065475940704, 0.06440205127000809, 0.6068115234375, 0.018311917781829834, 0.04469795152544975, 0.0054666693322360516, 0.03071587346494198, 0.002640244085341692, 0.14009784162044525, 0.4557519257068634, 0.07437539845705032, 0.049329936504364014, 0.09006645530462265, 0.14797087013721466, 0.1364225447177887, 0.0023398185148835182, 0.03378692641854286, 0.18017879128456116, 0.3003038763999939, 0.10338924080133438, 0.08798158913850784, 0.03551961109042168, 0.011162814684212208, 0.1467205286026001, 0.04342825338244438, 0.2265997678041458, 0.08350469917058945, 0.0027885553427040577, 0.009893401525914669, 0.2964763641357422, 0.2617858648300171, 0.11044269800186157, 0.0039020413532853127, 0.01856963336467743, 0.16714733839035034, 0.044566866010427475, 0.1566821038722992, 0.07021363824605942, 0.10351713001728058, 0.1211606040596962, 0.28894907236099243, 0.36846405267715454, 0.02004963904619217, 0.09060763567686081, 0.18396463990211487, 0.015092926099896431, 0.0024927693884819746, 0.03729362413287163, 0.3485560119152069, 0.07414526492357254, 0.09223621338605881, 0.04804990068078041, 0.31578460335731506, 0.09957096725702286, 0.09803401678800583, 0.04245925322175026, 0.2628081142902374, 0.008384337648749352, 0.376380056142807, 0.03589377552270889, 0.024136468768119812, 0.11253398656845093, 0.26870211958885193, 0.02618815191090107, 0.21100275218486786, 0.07672883570194244, 0.022109484300017357, 0.3124702572822571, 0.24350586533546448, 0.1633799821138382, 0.1529131382703781, 0.03270355239510536, 0.060676440596580505, 0.015724889934062958, 0.17787663638591766, 0.08867483586072922, 0.0485517717897892, 0.04872853308916092, 0.35981497168540955, 0.011480160988867283, 0.222103551030159, 0.2509404420852661, 0.12028003484010696, 0.0036349527072161436, 0.2620582580566406, 0.19354009628295898, 0.029931023716926575]"
F59,"[0.19353851675987244, 0.15296627581119537, 0.15173816680908203, 0.27596315741539, 0.20216669142246246, 0.018442528322339058, 0.49954715371131897, 0.19892528653144836, 0.0552276074886322, 0.07461433112621307, 0.2927107512950897, 0.2522892951965332, 0.33656248450279236, 0.15103034675121307, 0.26410242915153503, 0.16920700669288635, 0.41099032759666443, 0.06230954825878143, 0.06146696209907532, 0.3485289514064789, 0.14170503616333008, 0.25195732712745667, 0.0077125621028244495, 0.15218468010425568, 0.12850144505500793, 0.20466244220733643, 0.21139751374721527, 0.02574070170521736, 0.3696970045566559, 0.10086963325738907, 0.4023819863796234, 0.12808121740818024, 0.2506422698497772, 0.05157411843538284, 0.053718119859695435, 0.0240559671074152, 0.3733333647251129, 0.16627143323421478, 0.029527075588703156, 0.014915551990270615, 0.25400975346565247, 0.0388399213552475, 0.043154411017894745, 0.25802016258239746, 0.013323936611413956, 0.25294387340545654, 0.32416436076164246, 0.3568041920661926, 0.488467276096344, 0.03721429780125618, 0.029277361929416656, 0.3503357768058777, 0.1625504493713379, 0.07277160882949829, 0.3400864005088806, 0.2284812480211258, 0.06972967833280563, 0.15195126831531525, 0.15120795369148254, 0.20051582157611847, 0.43550512194633484, 0.5799809694290161, 0.39809533953666687, 0.06099909171462059, 0.0840274766087532, 0.05956030637025833, 0.15990330278873444, 0.44847312569618225, 0.36564284563064575, 0.2221917361021042, 0.12544751167297363, 0.06630522012710571, 0.3143773376941681, 0.048004571348428726, 0.043337009847164154, 0.45920348167419434, 0.10994908213615417, 0.2746243178844452, 0.006166771985590458, 0.19443124532699585, 0.08641575276851654, 0.3118647038936615, 0.48101478815078735, 0.06362370401620865, 0.3625306785106659, 0.052020568400621414, 0.3158961832523346, 0.25049158930778503, 0.23630179464817047, 0.3252143859863281, 0.12218362838029861, 0.09363137930631638, 0.05698529630899429, 0.07904105633497238, 0.04864124208688736, 0.22828035056591034, 0.19669708609580994, 0.009561033919453621, 0.020384080708026886, 0.09745681285858154, 0.11289847642183304, 0.204786017537117, 0.26401934027671814, 0.7586724758148193, 0.23641981184482574, 0.7485001087188721, 0.11136217415332794, 0.024936869740486145, 0.07320284098386765, 0.24264739453792572, 0.11692526936531067, 0.023361988365650177, 0.05729209631681442, 0.012365560978651047, 0.07957647740840912, 0.40298178791999817, 0.16682353615760803, 0.2105586975812912, 0.08061663806438446, 0.03720363602042198, 0.015928180888295174, 0.07429751753807068, 0.04519645497202873, 0.10618708282709122, 0.03340807184576988, 0.0452304482460022, 0.23060505092144012, 0.5451258420944214]"
F60,"[0.519737720489502, 0.14441171288490295, 0.07840964943170547, 0.39216694235801697, 0.02209658734500408, 0.3318118453025818, 0.3741112947463989, 0.30692020058631897, 0.014040276408195496, 0.4317520558834076, 0.15661287307739258, 0.2057095766067505, 0.33691802620887756, 0.1776779741048813, 0.01145836804062128, 0.038204628974199295, 0.2778942584991455, 0.022946340963244438, 0.06307554990053177, 0.005412760656327009, 0.01640579290688038, 0.05238061770796776, 0.11787500977516174, 0.18039138615131378, 0.09895232319831848, 0.32857629656791687, 0.071805939078331, 0.12428967654705048, 0.030409740284085274, 0.08028633892536163, 0.29883065819740295, 0.009907623752951622, 0.6095359921455383, 0.11756515502929688, 0.2512030601501465, 0.3104966878890991, 0.1609112024307251, 0.2262718826532364, 0.39645281434059143, 0.2642720341682434, 0.2473745197057724, 0.022188546136021614, 0.055478621274232864, 0.026559874415397644, 0.038755014538764954, 0.18166805803775787, 0.00827564112842083, 0.3081733286380768, 0.5454031229019165, 0.10375015437602997, 0.10666073113679886, 0.17698360979557037, 0.1999533474445343, 0.2514097988605499, 0.12419745326042175, 0.2976716160774231, 0.14908833801746368, 0.2062055915594101, 0.131900355219841, 0.2595593333244324, 0.00021579882013611495, 0.02119148150086403, 0.1903173327445984, 0.1037568598985672, 0.20835810899734497, 0.3150554299354553, 0.3168433904647827, 0.41153404116630554, 0.07303723692893982, 0.005807740148156881, 0.12524789571762085, 0.055278513580560684, 0.1489720642566681, 0.5275987386703491, 0.13753220438957214, 0.007476674858480692, 0.11740056425333023, 0.24042025208473206, 0.20217379927635193, 0.22119809687137604, 0.352810263633728, 0.008603495545685291, 0.2520969808101654, 0.11381062120199203, 0.023922014981508255, 0.04920116066932678, 0.3006887435913086, 0.06282541900873184, 0.3037204146385193, 0.014069137163460255, 0.09607341140508652, 0.38634923100471497, 0.2720709443092346, 0.14530529081821442, 0.0981803834438324, 0.3001832365989685, 0.20996588468551636, 0.14460602402687073, 0.10531949251890182, 0.052550043910741806, 0.04230209067463875, 0.2225653976202011, 0.048966847360134125, 0.4451035261154175, 0.03765540197491646, 0.6519547700881958, 0.3687851130962372, 0.3296108543872833, 0.4956026077270508, 0.2227793186903, 0.4876621961593628, 0.027620777487754822, 0.15141071379184723, 0.049270130693912506, 0.03677527606487274, 0.4553076922893524, 0.2284429967403412, 0.38028016686439514, 0.46034958958625793, 0.29207026958465576, 0.6058898568153381, 0.03491836041212082, 0.14900317788124084, 0.2519305944442749, 0.502416729927063, 0.24320508539676666, 0.057251960039138794, 0.24739967286586761]"
F61,"[0.09406967461109161, 0.01819094829261303, 0.06008964404463768, 0.04695424810051918, 0.09469451755285263, 0.09433609247207642, 0.10933417826890945, 0.10862667113542557, 0.018177909776568413, 0.15269187092781067, 0.01355954259634018, 0.2324742078781128, 0.21923798322677612, 0.5097426772117615, 0.3536906838417053, 0.17463551461696625, 0.1568814367055893, 0.10465182363986969, 0.4066283702850342, 0.052553288638591766, 0.3326217532157898, 0.2804584801197052, 0.03978791832923889, 0.3126433491706848, 0.22935061156749725, 0.3155241906642914, 0.05335786193609238, 0.005437370389699936, 0.18934772908687592, 0.2920973300933838, 0.11663594096899033, 0.29861173033714294, 0.007319485768675804, 0.06502280384302139, 0.030028270557522774, 0.21993643045425415, 0.21068748831748962, 0.22936227917671204, 0.2645637094974518, 0.4294530749320984, 0.01718173734843731, 0.5503359436988831, 0.394616961479187, 0.26903557777404785, 0.17687295377254486, 0.30395740270614624, 0.20137880742549896, 0.4173082709312439, 0.21108661592006683, 0.22410348057746887, 0.2775282859802246, 0.2028781771659851, 0.01401936262845993, 0.13113033771514893, 0.1752445250749588, 0.4994305670261383, 0.4003233015537262, 0.044687822461128235, 0.08567687124013901, 0.026499513536691666, 0.09005997329950333, 0.14062094688415527, 0.18478171527385712, 0.1309031844139099, 0.11855723708868027, 0.1724076122045517, 0.5512707233428955, 0.4921068549156189, 0.0891588106751442, 0.32143962383270264, 0.03461766615509987, 0.2395736575126648, 0.19629408419132233, 0.10266333073377609, 0.16433651745319366, 0.16452956199645996, 0.06734682619571686, 0.3547278046607971, 0.12883391976356506, 0.0472114197909832, 0.1665087342262268, 0.12490273267030716, 0.20459432899951935, 0.3034449815750122, 0.10355234146118164, 0.1110258623957634, 0.16332612931728363, 0.2588956952095032, 0.29012227058410645, 0.24181199073791504, 0.22491534054279327, 0.19994065165519714, 0.33323702216148376, 0.13335277140140533, 0.02362613007426262, 0.04750128090381622, 0.14299412071704865, 0.04198870062828064, 0.026140565052628517, 0.01840997114777565, 0.4246867001056671, 0.0466543473303318, 0.013467506505548954, 0.022068265825510025, 0.31053465604782104, 0.07446947693824768, 0.5198890566825867, 0.09173035621643066, 0.0044515603221952915, 0.0954359769821167, 0.06725045293569565, 0.2160542905330658, 0.3028281331062317, 0.015984972938895226, 0.12390846014022827, 0.19255907833576202, 0.07504486292600632, 0.2242385298013687, 0.1961226910352707, 0.06816011667251587, 0.04063309356570244, 0.18462656438350677, 0.23219256103038788, 0.1194969117641449, 0.2100716233253479, 0.15545299649238586, 0.06830914318561554, 0.033614128828048706]"
F62,"[0.12950323522090912, 0.11813291907310486, 0.13113859295845032, 0.00968041829764843, 0.45088133215904236, 0.05205956846475601, 0.23995229601860046, 0.10595585405826569, 0.03406573459506035, 0.24768050014972687, 0.004113930277526379, 0.2495037317276001, 0.12735411524772644, 0.05055208504199982, 0.21701864898204803, 0.07357002794742584, 0.24980831146240234, 0.03681180253624916, 0.14825843274593353, 0.045145612210035324, 0.04609939455986023, 0.12364355474710464, 0.10797727853059769, 0.2076864391565323, 0.16901257634162903, 0.006551432888954878, 0.11592648178339005, 0.15436312556266785, 0.08616985380649567, 0.11065378040075302, 0.21246011555194855, 0.22155506908893585, 0.153860405087471, 0.03098141774535179, 0.21314196288585663, 0.09104173630475998, 0.05781693011522293, 0.023041021078824997, 0.10460766404867172, 0.3507516086101532, 0.06879173219203949, 0.051652081310749054, 0.43843764066696167, 0.11225979030132294, 0.10910163819789886, 0.11432740837335587, 0.09962917119264603, 0.0793723613023758, 0.18011941015720367, 0.20457549393177032, 0.192458838224411, 0.16485773026943207, 0.17142507433891296, 0.18699537217617035, 0.2315979301929474, 0.09696396440267563, 0.1499902456998825, 0.09592744708061218, 0.12492426484823227, 0.02601209655404091, 0.07132478058338165, 0.1665259152650833, 0.1676243394613266, 0.03976261243224144, 0.15027877688407898, 0.24909986555576324, 0.027608726173639297, 0.17684714496135712, 0.00028799776919186115, 0.29547780752182007, 0.06434710323810577, 0.11385105550289154, 0.15006327629089355, 0.1179659441113472, 0.004207196179777384, 0.17361970245838165, 0.16263516247272491, 0.08154411613941193, 0.06604434549808502, 0.019719261676073074, 0.31777918338775635, 0.393175333738327, 0.07155828177928925, 0.06305550038814545, 0.09254619479179382, 0.059501469135284424, 0.00622837757691741, 0.008913305588066578, 0.22257927060127258, 0.2642957270145416, 0.09219934046268463, 0.3941938579082489, 0.08404689282178879, 0.29433774948120117, 0.01672212965786457, 0.008804971352219582, 0.18731345236301422, 0.09816975891590118, 0.023484159260988235, 0.11283022910356522, 0.18689729273319244, 0.05843810737133026, 0.25578805804252625, 0.27111420035362244, 0.24657131731510162, 0.16637477278709412, 0.08978433161973953, 0.054961323738098145, 0.11459572613239288, 0.08711269497871399, 0.1202937662601471, 0.28484785556793213, 0.14360758662223816, 0.059609901160001755, 0.010586589574813843, 0.29819661378860474, 0.01564858667552471, 0.18213829398155212, 0.2744586169719696, 0.1829078197479248, 0.10452566295862198, 0.2558562159538269, 0.011539628729224205, 0.044747672975063324, 0.1261674463748932, 0.11330908536911011, 0.2520361542701721, 0.03185024484992027]"
F63,"[0.2826133072376251, 0.23445095121860504, 0.2698820233345032, 0.16445836424827576, 0.008383828215301037, 0.1127711609005928, 0.21889404952526093, 0.18696072697639465, 0.011599269695580006, 0.2748684585094452, 0.19884873926639557, 0.23033592104911804, 0.43542516231536865, 0.28509950637817383, 0.18324801325798035, 0.20436212420463562, 0.07609468698501587, 0.042132820934057236, 0.030983347445726395, 0.14105354249477386, 0.29012084007263184, 0.07604355365037918, 0.10625523328781128, 0.13924694061279297, 0.1330370008945465, 0.9792547225952148, 0.2387487143278122, 0.2667665481567383, 0.170759379863739, 0.21952328085899353, 0.17486928403377533, 0.026373064145445824, 0.05238080769777298, 0.48584505915641785, 0.032044194638729095, 0.06509315222501755, 0.2017321139574051, 0.020725052803754807, 0.15648402273654938, 0.058715321123600006, 0.1912156194448471, 0.35351037979125977, 0.25367552042007446, 0.22456136345863342, 0.0011634378461167216, 0.06807634979486465, 0.00807836465537548, 0.09648311138153076, 0.13883785903453827, 0.0316762700676918, 0.0031789662316441536, 0.06719496101140976, 0.011144747026264668, 0.10709413886070251, 0.34681329131126404, 0.5869377255439758, 0.05563446879386902, 0.2711558938026428, 0.06845546513795853, 0.31977856159210205, 0.2351338416337967, 0.049127448350191116, 0.1803344488143921, 0.20170167088508606, 0.0862831175327301, 0.24986909329891205, 0.062515027821064, 0.09317552298307419, 0.19164131581783295, 0.05425601825118065, 0.1326863020658493, 0.15928174555301666, 0.03247583284974098, 0.037436023354530334, 0.08831333369016647, 0.009051867760717869, 0.29412519931793213, 0.19650791585445404, 0.10878584533929825, 0.19542276859283447, 0.08063457161188126, 0.03202969580888748, 0.300551176071167, 0.2656044661998749, 0.12371525168418884, 0.15936486423015594, 0.07937111705541611, 0.436465859413147, 0.036049969494342804, 0.018673000857234, 0.083758145570755, 0.06403287500143051, 0.2999323606491089, 0.03395639732480049, 0.0004891110584139824, 0.06329651921987534, 0.034937046468257904, 0.5637573599815369, 0.16460976004600525, 0.033137205988168716, 0.1538291871547699, 0.1453031599521637, 0.09960564970970154, 0.06055412441492081, 0.05037805065512657, 0.0004918022896163166, 0.009524771012365818, 0.11599007248878479, 0.1431594043970108, 0.19365794956684113, 0.1097848117351532, 8.82339463714743e-06, 0.07479637116193771, 0.19017833471298218, 0.20204420387744904, 0.5597253441810608, 0.2593539357185364, 0.12686435878276825, 0.1767978072166443, 0.4275427460670471, 0.3555852770805359, 0.030788201838731766, 0.18063372373580933, 0.018032453954219818, 0.2835741341114044, 0.15020951628684998, 0.32336875796318054, 0.5080126523971558]"
F64,"[0.34067440032958984, 0.25399595499038696, 0.21890892088413239, 0.10078439116477966, 0.1476507931947708, 0.1259741485118866, 0.1048908606171608, 0.09377048164606094, 0.10287793725728989, 0.14952868223190308, 0.20119570195674896, 0.3654946982860565, 0.1261100023984909, 0.1228242963552475, 0.05441232770681381, 0.19283849000930786, 0.23977145552635193, 0.23145289719104767, 0.11486528068780899, 0.29216524958610535, 0.007244979962706566, 0.15336202085018158, 0.0416841022670269, 0.007383395917713642, 0.11953865736722946, 0.22460933029651642, 0.17009516060352325, 0.01710565946996212, 0.6084703803062439, 0.005459405481815338, 0.1531497687101364, 0.03930256515741348, 0.005018816329538822, 0.04373057186603546, 0.19897858798503876, 0.1430824100971222, 0.03121250681579113, 0.04732522740960121, 0.012698236852884293, 0.20322057604789734, 0.0807725265622139, 0.047691427171230316, 0.08788736164569855, 0.00219554640352726, 0.006698167882859707, 0.01930929347872734, 0.01031416468322277, 0.09542965888977051, 0.3334291875362396, 0.0767689198255539, 0.31042027473449707, 0.15342217683792114, 0.21987587213516235, 0.06341948360204697, 0.5072409510612488, 0.17676687240600586, 0.06543518602848053, 0.07328784465789795, 0.18902622163295746, 0.46018514037132263, 0.00023455404152628034, 0.022534798830747604, 0.18362082540988922, 0.2376500815153122, 0.21877820789813995, 0.07112142443656921, 0.24193452298641205, 0.27522382140159607, 0.024154525250196457, 0.17648468911647797, 0.039256613701581955, 0.28460565209388733, 0.03230878338217735, 0.02080475352704525, 0.14658619463443756, 0.2173772007226944, 0.134796142578125, 0.2660653591156006, 0.18161708116531372, 0.03908298909664154, 0.04856979474425316, 0.42263996601104736, 0.03236081823706627, 0.3503950834274292, 0.41972923278808594, 0.02524813637137413, 0.04167138412594795, 0.024572327733039856, 0.3484186828136444, 0.05777681991457939, 0.031086748465895653, 0.12425065040588379, 0.40670880675315857, 0.15588049590587616, 0.12802240252494812, 0.0645359456539154, 0.12878228724002838, 0.19582661986351013, 0.09546078741550446, 0.16587689518928528, 0.10875282436609268, 0.08815474063158035, 0.17839565873146057, 0.0059819710440933704, 0.23600663244724274, 0.08977349102497101, 0.039140455424785614, 0.051917415112257004, 0.021659251302480698, 0.1680990308523178, 0.3701564073562622, 0.3801620304584503, 0.006972224917262793, 0.11651287227869034, 0.2779313027858734, 0.027211591601371765, 0.04733796790242195, 0.13959786295890808, 0.1581772416830063, 0.05343037471175194, 0.4310355484485626, 0.044312428683042526, 0.01814388670027256, 0.25346800684928894, 0.5907931923866272, 0.10813364386558533, 0.09406378865242004, 0.08214831352233887]"
F65,"[0.04271989315748215, 0.10694001615047455, 0.06825021654367447, 0.08123244345188141, 0.025465548038482666, 0.3911649286746979, 0.1108303815126419, 0.18340063095092773, 0.15829718112945557, 0.26619952917099, 0.040194686502218246, 0.07792820036411285, 0.1889684945344925, 0.004818571265786886, 0.04979787394404411, 0.05717606469988823, 0.40974515676498413, 0.10800927132368088, 0.031235862523317337, 0.17258594930171967, 0.011116488836705685, 0.0511021763086319, 0.15801657736301422, 0.012305255979299545, 0.18470989167690277, 0.02952934056520462, 0.03145049139857292, 0.09267501533031464, 0.010006857104599476, 0.09962531924247742, 0.18545469641685486, 0.3125423789024353, 0.009442008100450039, 0.04930238053202629, 0.1195460855960846, 0.04357278719544411, 0.09040593355894089, 0.022245552390813828, 0.08912830054759979, 0.048264093697071075, 0.11188867688179016, 0.06270021945238113, 0.049229059368371964, 0.061317723244428635, 0.09524854272603989, 0.013726696372032166, 0.09116507321596146, 0.162571981549263, 0.1638888269662857, 0.13297630846500397, 0.022850120440125465, 0.12387890368700027, 0.0329294428229332, 0.034690022468566895, 0.14177773892879486, 0.009947727434337139, 0.024512924253940582, 0.07077135145664215, 0.020404033362865448, 0.03331902250647545, 0.29566001892089844, 0.05517836660146713, 0.41980648040771484, 0.08507797867059708, 0.01877644658088684, 0.17609275877475739, 0.12649554014205933, 0.002311519579961896, 0.013317281380295753, 0.06044597923755646, 0.058330219238996506, 0.06974030286073685, 0.01632927916944027, 0.09127965569496155, 0.23781201243400574, 0.029188552871346474, 0.08048266172409058, 0.00536824157461524, 0.20742082595825195, 0.028652867302298546, 0.365230917930603, 0.08402436226606369, 0.08969898521900177, 0.028764616698026657, 0.05875270813703537, 0.1257035732269287, 0.09263721853494644, 0.19154635071754456, 3.652654413599521e-05, 0.08583414554595947, 0.026641588658094406, 0.31094497442245483, 0.026068469509482384, 0.18050360679626465, 0.030114324763417244, 0.1151052936911583, 0.1297617405653, 0.08072348684072495, 0.14671604335308075, 0.24439594149589539, 0.10745611786842346, 0.016438957303762436, 0.10129694640636444, 0.2147982120513916, 0.28505825996398926, 0.05513942241668701, 0.04034717381000519, 0.14008918404579163, 0.1902080476284027, 0.042798273265361786, 0.01897639036178589, 0.031115375459194183, 0.05744902417063713, 0.15940792858600616, 0.11050144582986832, 0.1862003356218338, 0.5205687284469604, 0.3128896653652191, 0.34862378239631653, 0.15711884200572968, 0.21115940809249878, 0.0071869827806949615, 0.030906980857253075, 0.08703343570232391, 0.058860599994659424, 0.012370133772492409, 0.12379234284162521, 0.20966799557209015]"
F66,"[0.15803804993629456, 0.11045029759407043, 0.03194621205329895, 0.1655450165271759, 0.01360415294766426, 0.03955034539103508, 0.13127894699573517, 0.05569352209568024, 0.025576891377568245, 0.04937919229269028, 0.051988620311021805, 0.058699317276477814, 0.16459642350673676, 0.09194845706224442, 0.173932284116745, 0.14647050201892853, 0.09602005034685135, 0.13724163174629211, 0.06378491967916489, 0.04717593267560005, 0.3264303505420685, 0.19262701272964478, 0.07825355976819992, 0.04121984541416168, 0.23964498937129974, 0.10460538417100906, 0.04861776903271675, 0.19390901923179626, 0.039778269827365875, 0.004019617103040218, 0.029113465920090675, 0.06629236787557602, 0.14570210874080658, 0.04900934919714928, 0.14474040269851685, 0.004975958727300167, 0.2011307179927826, 0.019533619284629822, 0.012061833404004574, 0.22899016737937927, 0.04474838450551033, 0.17880593240261078, 0.03044874034821987, 0.030396299436688423, 0.07476402074098587, 0.0177004374563694, 0.047546811401844025, 0.0020432407036423683, 0.01529283169656992, 0.10960327088832855, 0.28497520089149475, 0.36044204235076904, 0.02912406250834465, 0.009610319510102272, 0.03373827412724495, 0.10793343186378479, 0.0315377376973629, 0.14591993391513824, 0.05155853554606438, 0.0490841418504715, 0.05301389843225479, 0.07048558443784714, 0.09355584532022476, 0.0160212405025959, 0.0957350879907608, 0.17749063670635223, 0.14736025035381317, 0.13560175895690918, 0.051167525351047516, 0.06114441528916359, 0.07895086705684662, 0.007990578189492226, 0.0646025687456131, 0.04293068125844002, 0.11509672552347183, 0.03966941684484482, 0.045787978917360306, 0.18997986614704132, 0.11939215660095215, 0.21099108457565308, 0.014712292701005936, 0.01163983903825283, 0.05174941197037697, 0.06138983368873596, 0.2239271104335785, 0.08411509543657303, 0.14578823745250702, 0.7497314214706421, 0.31876158714294434, 0.04432478919625282, 0.022846488282084465, 0.006341086700558662, 0.012308490462601185, 0.022579992190003395, 0.15591739118099213, 0.07877515256404877, 0.07012087106704712, 0.2197904735803604, 0.15339259803295135, 0.08896602690219879, 0.0034127875696867704, 0.06741585582494736, 0.02755262702703476, 0.050710856914520264, 0.15535543859004974, 0.324716180562973, 0.3293706774711609, 0.031347669661045074, 0.011025970801711082, 0.18979044258594513, 0.20420534908771515, 0.0021643787622451782, 0.1477900892496109, 0.23821410536766052, 0.03459130972623825, 0.07598523795604706, 0.23859822750091553, 0.054072752594947815, 0.11473075300455093, 0.06602931767702103, 0.25498130917549133, 0.007818171754479408, 0.07520047575235367, 0.1208232119679451, 0.035537272691726685, 0.046224165707826614, 0.0958641916513443, 0.12177509814500809]"
F67,"[0.09730590134859085, 0.3504321575164795, 0.1266794204711914, 0.18312080204486847, 0.3175927400588989, 0.1920456439256668, 0.06031132489442825, 0.1281013935804367, 0.22884923219680786, 0.08921888470649719, 0.1968444585800171, 0.5286183953285217, 0.8360790014266968, 0.4048953950405121, 0.17953695356845856, 0.570710301399231, 0.7600327134132385, 0.13060735166072845, 0.31948280334472656, 0.04850537329912186, 0.0278619434684515, 0.11002650111913681, 0.09996792674064636, 0.01952049508690834, 0.758828341960907, 0.1952538937330246, 0.3662600517272949, 0.5444740653038025, 0.9239304661750793, 0.07400385290384293, 0.07442232221364975, 0.1126694306731224, 0.08773429691791534, 0.22443224489688873, 0.37970876693725586, 0.09784699976444244, 0.49214571714401245, 0.0012483105529099703, 0.025503944605588913, 0.09285067766904831, 0.5239943861961365, 0.3634818196296692, 0.2999470829963684, 0.15207014977931976, 0.08882350474596024, 0.1006603091955185, 0.17464208602905273, 0.25123170018196106, 0.5601682066917419, 0.0715356096625328, 0.11137869954109192, 0.6048170328140259, 0.23974671959877014, 0.28169193863868713, 0.3706814646720886, 0.5230699777603149, 0.04927409067749977, 0.08050502836704254, 0.266404926776886, 0.3986760377883911, 0.013561544939875603, 0.04821280017495155, 0.01520973164588213, 0.008118794299662113, 0.02608017437160015, 0.021101856604218483, 0.09492803364992142, 0.786808967590332, 0.17300382256507874, 0.06819066405296326, 0.06635434180498123, 0.41817083954811096, 0.43115150928497314, 0.35499346256256104, 0.17672738432884216, 0.2874581515789032, 0.047437697649002075, 0.027678558602929115, 0.14826656877994537, 0.01909771002829075, 0.1494753658771515, 0.1564846932888031, 0.14285844564437866, 0.258375883102417, 0.09345521032810211, 0.23102878034114838, 0.1576187163591385, 0.08185350894927979, 0.36294135451316833, 0.012438884936273098, 0.0024072774685919285, 0.4722174406051636, 0.10125317424535751, 0.0950627326965332, 0.2168162614107132, 0.4051353931427002, 0.01234730426222086, 0.3839415907859802, 0.12512598931789398, 0.17610807716846466, 0.08419627696275711, 0.07123030722141266, 0.45546838641166687, 0.11461202800273895, 0.6413663625717163, 0.2333933711051941, 0.2690300941467285, 0.08697948604822159, 0.23744677007198334, 0.009720147587358952, 0.24382804334163666, 0.05169058218598366, 0.42250117659568787, 0.2243904024362564, 0.028851527720689774, 0.3007779121398926, 0.2785647213459015, 0.3708145320415497, 0.07939097285270691, 0.24167786538600922, 0.051052212715148926, 0.0235272366553545, 0.23485051095485687, 0.05396705120801926, 0.24389711022377014, 0.035940468311309814, 0.03903874009847641, 0.18127690255641937]"
