feature,weight_list
F1,"[0.2894982695579529, 0.06980430334806442, 0.23101598024368286, 0.19938749074935913, 0.7010008692741394, 0.06659656763076782, 0.2647319734096527, 0.1824936717748642, 0.16521506011486053, 0.061913929879665375, 0.2744525969028473, 0.1259838044643402, 0.6180205941200256, 0.16351476311683655, 0.9180737137794495, 0.38594746589660645, 0.33415690064430237, 0.1435224860906601, 0.2229396104812622, 0.5825595855712891, 0.07166314870119095, 0.14325283467769623, 0.12967762351036072, 0.10003472119569778, 0.2811266779899597, 0.06917469948530197, 0.676450252532959, 0.02857629396021366, 0.003648092271760106, 0.2299104779958725, 0.10696776956319809, 0.05596208944916725, 0.15428109467029572, 0.1365979015827179, 0.19264569878578186, 0.06000494956970215, 0.11400018632411957, 0.060696229338645935, 0.48398417234420776, 0.015935881063342094, 0.007353056687861681, 0.43188637495040894, 0.28593093156814575, 0.22521308064460754, 0.04877020791172981, 0.017177490517497063, 0.004325493238866329, 0.16316251456737518, 0.43996477127075195, 0.00014987922622822225, 0.01868297904729843, 0.11807068437337875, 0.06276976317167282, 0.6841411590576172, 0.1690368950366974, 0.10808871686458588, 0.11604775488376617, 0.055487196892499924, 0.03197766840457916, 0.0019065500237047672, 0.01761653460562229, 0.08114247769117355, 0.4114246070384979, 0.23710551857948303, 0.04721081256866455, 0.24315862357616425, 0.03603178262710571, 0.11360210925340652, 0.6949802041053772, 0.08504050225019455, 0.028856920078396797, 0.06251946091651917, 0.08645731955766678, 0.009946291334927082, 0.040320225059986115, 0.002794686472043395, 0.03656677156686783, 0.2102573662996292, 0.20488744974136353, 0.2542284429073334, 0.301907479763031, 0.34595054388046265, 0.2149576097726822, 0.33668607473373413, 0.20255641639232635, 0.033259473741054535, 0.5696218609809875, 0.26627299189567566, 0.054488655179739, 0.1444656252861023, 0.22291132807731628, 0.014886471442878246, 0.15154144167900085, 0.03872685134410858, 0.3848211467266083, 0.3001895546913147, 0.7084752917289734, 0.21875691413879395, 0.5506059527397156, 0.0530831404030323, 0.038839083164930344, 0.2649417221546173, 0.32400500774383545, 0.07046159356832504, 0.10230804979801178, 0.10495840758085251, 0.06180392578244209, 0.32660558819770813, 0.046856578439474106, 0.5555739998817444, 0.47405293583869934, 0.07348376512527466, 0.32925280928611755, 0.25847989320755005, 0.12088814377784729, 0.10458435118198395, 0.25276556611061096, 0.9481223225593567, 0.5029546022415161, 0.20565201342105865, 0.01433847937732935, 0.03630082681775093, 0.5193045139312744, 0.10880174487829208, 0.6521046757698059, 0.08169513195753098, 0.026266714558005333, 0.1497209370136261]"
F2,"[0.04690566658973694, 0.0077471076510846615, 0.6266058683395386, 0.010142620652914047, 0.04579024761915207, 0.035023003816604614, 0.08444088697433472, 0.14862869679927826, 0.09339339286088943, 0.26717352867126465, 0.2289624661207199, 0.17332012951374054, 0.19452695548534393, 0.5696040987968445, 0.7396769523620605, 0.2624618709087372, 0.13412734866142273, 0.01864135079085827, 0.27467164397239685, 0.24984832108020782, 0.12645664811134338, 0.13488934934139252, 0.6462143063545227, 0.2961330711841583, 0.2825126647949219, 0.06759554892778397, 0.0009580893092788756, 0.5051013827323914, 0.3803327679634094, 0.545133113861084, 0.29852983355522156, 0.11106310039758682, 0.1749720424413681, 0.1744462549686432, 0.260940819978714, 0.46625542640686035, 0.3966980278491974, 0.2179151028394699, 0.1966225504875183, 0.5209795832633972, 0.18277649581432343, 0.08479253202676773, 0.14772887527942657, 0.060850609093904495, 0.21617458760738373, 0.18144521117210388, 0.029311317950487137, 0.18575474619865417, 0.15557201206684113, 0.0163374375551939, 0.07869212329387665, 0.08503486216068268, 0.011975341476500034, 0.2100716084241867, 0.12084607034921646, 0.14853277802467346, 0.26774656772613525, 0.7111707329750061, 0.17650243639945984, 0.07215332239866257, 0.27840620279312134, 0.353906512260437, 0.9350460767745972, 0.02683156542479992, 0.05182868242263794, 0.14438621699810028, 0.23194794356822968, 0.08237569779157639, 0.010267579928040504, 0.031518615782260895, 0.1821899563074112, 0.02028672769665718, 0.027578989043831825, 0.018055837601423264, 0.1330329179763794, 0.4580521881580353, 0.38034406304359436, 0.045557595789432526, 0.1219412311911583, 0.10757678747177124, 0.06977828592061996, 0.1488715410232544, 0.4126069247722626, 0.1212686151266098, 0.4536435008049011, 0.05163846164941788, 0.11203048378229141, 0.24964840710163116, 0.04909304156899452, 0.17324510216712952, 0.06426398456096649, 0.08846813440322876, 0.06329221278429031, 0.1383427381515503, 0.16882777214050293, 0.17184258997440338, 0.23341183364391327, 0.21676260232925415, 0.04908495768904686, 0.5191891193389893, 0.1578974574804306, 0.21177926659584045, 0.09348142892122269, 0.48284658789634705, 0.24342821538448334, 0.32421523332595825, 0.18540942668914795, 0.30437609553337097, 0.1490182727575302, 0.27647989988327026, 0.2209077775478363, 0.3993121087551117, 0.035418033599853516, 0.14223559200763702, 0.0491122230887413, 0.06050723046064377, 0.047393474727869034, 0.03528653457760811, 0.20781578123569489, 0.40881773829460144, 0.003598659997805953, 0.08342491835355759, 0.07216129451990128, 0.21565528213977814, 0.022209739312529564, 0.24070757627487183, 0.17547112703323364, 0.228313148021698]"
F3,"[0.01465403102338314, 0.08829398453235626, 0.08179621398448944, 0.011498034931719303, 0.1607617288827896, 0.14477714896202087, 0.11769198626279831, 0.003304622136056423, 0.17574746906757355, 0.04495295137166977, 0.042223941534757614, 0.05249359458684921, 0.06488217413425446, 0.06060166284441948, 0.04867507889866829, 0.04477515071630478, 0.005968149751424789, 0.03586258739233017, 0.005520399659872055, 0.024390364065766335, 0.03502683714032173, 0.002106565050780773, 0.036771032959222794, 0.006815454922616482, 0.023067975416779518, 0.03168264031410217, 0.03483638912439346, 0.07766437530517578, 0.003960559610277414, 0.016308994963765144, 0.02144758403301239, 0.036357685923576355, 0.018118975684046745, 0.021760717034339905, 0.004586865659803152, 0.09340159595012665, 0.06218276545405388, 0.10040561109781265, 0.09704256802797318, 0.2589934766292572, 0.0065255118533968925, 0.022938009351491928, 0.002864372916519642, 0.01738113723695278, 0.03241681680083275, 0.07931238412857056, 0.016364693641662598, 0.010884803719818592, 0.052382029592990875, 0.03990251198410988, 0.014888818375766277, 0.007593605201691389, 0.20557788014411926, 0.03832065686583519, 0.006027720868587494, 0.08771643042564392, 0.01179386954754591, 0.01708940789103508, 0.06335815787315369, 0.011942988261580467, 0.027966424822807312, 0.02916097082197666, 0.06617145985364914, 0.024634545668959618, 0.21826070547103882, 0.042697396129369736, 0.007513799704611301, 0.0018013260560110211, 0.04765511676669121, 0.021403521299362183, 0.02618039958178997, 0.27364206314086914, 0.002084590494632721, 0.02655322290956974, 0.08300406485795975, 0.004206429701298475, 0.06672655791044235, 0.01119950320571661, 0.0009426051401533186, 0.023611746728420258, 0.03000820428133011, 0.13204456865787506, 0.00188504031393677, 0.008036130107939243, 0.04092381149530411, 0.015602830797433853, 0.04300428554415703, 0.011839686892926693, 0.02299078367650509, 0.051385678350925446, 0.07918431609869003, 0.005332277622073889, 0.06811591237783432, 0.05520784854888916, 0.0017111425986513495, 0.011066759005188942, 0.0024401522241532803, 0.012954939156770706, 0.025068949908018112, 0.009995141066610813, 0.002648865105584264, 0.1488901972770691, 0.07308974117040634, 0.03568554297089577, 0.03759483993053436, 0.0011345666134729981, 0.03528100997209549, 0.02329612337052822, 0.022701513022184372, 0.027601154521107674, 0.09751340001821518, 0.20349900424480438, 0.002614388009533286, 0.09296438843011856, 0.022182583808898926, 0.0036099147982895374, 0.06156830117106438, 0.10027004778385162, 0.04420589655637741, 0.08253587037324905, 0.015292220748960972, 0.024956664070487022, 0.0019906063098460436, 0.02317713387310505, 0.06342420727014542, 0.007377521134912968, 0.03402656316757202, 0.027865642681717873]"
F4,"[0.04759817197918892, 0.3861137628555298, 0.13485217094421387, 0.08071177452802658, 0.1369001269340515, 0.0636594295501709, 0.2198622077703476, 0.1116458997130394, 0.12171781063079834, 0.16528873145580292, 0.24492324888706207, 0.2773597240447998, 0.024275148287415504, 0.05311333388090134, 0.04427865892648697, 0.05032217502593994, 0.20289625227451324, 0.028466839343309402, 0.02669495902955532, 0.037853874266147614, 0.1024048924446106, 0.2790383994579315, 0.15591037273406982, 0.09270668774843216, 0.10662670433521271, 0.01378950197249651, 0.037906937301158905, 0.009105008095502853, 0.0877266526222229, 0.005549033638089895, 0.17287802696228027, 0.03262636065483093, 0.12500372529029846, 0.13480117917060852, 0.19472241401672363, 0.2223043441772461, 0.17953480780124664, 0.03398124873638153, 0.16972386837005615, 0.005325196776539087, 0.01709502562880516, 0.25808435678482056, 0.05132491514086723, 0.23819805681705475, 0.22506068646907806, 0.06848204880952835, 0.053702887147665024, 0.010064637288451195, 0.26786550879478455, 0.13389714062213898, 0.055299997329711914, 0.19061221182346344, 0.2276383638381958, 0.1028997078537941, 0.2581847608089447, 0.05160216987133026, 0.08621151000261307, 0.02594492770731449, 0.030616289004683495, 0.14128829538822174, 0.08298499137163162, 0.09330598264932632, 0.030451461672782898, 0.19711554050445557, 0.011734988540410995, 0.29487764835357666, 0.1708603799343109, 0.005481729283928871, 0.02689448557794094, 0.05862356349825859, 0.17280125617980957, 0.06228464096784592, 0.03236653283238411, 0.2083623856306076, 0.1288626343011856, 0.035081539303064346, 0.024689003825187683, 0.17896434664726257, 0.11259017139673233, 0.20601364970207214, 0.08757366240024567, 0.25676584243774414, 0.16972914338111877, 0.13944396376609802, 0.2633284032344818, 0.08021905273199081, 0.042992379516363144, 0.21495459973812103, 0.061554454267024994, 0.08832409232854843, 0.24278709292411804, 0.069429412484169, 0.04315382242202759, 0.12972362339496613, 0.08409141004085541, 0.10195443779230118, 0.33307647705078125, 0.3653009533882141, 0.17132142186164856, 0.032321903854608536, 0.026545217260718346, 0.31726813316345215, 0.010085673071444035, 0.0006378364632837474, 0.1375640630722046, 0.04710721969604492, 0.0964479148387909, 0.01940278336405754, 0.2203931361436844, 0.16689425706863403, 0.12466388195753098, 0.061077941209077835, 0.08649701625108719, 0.05081398785114288, 0.267604798078537, 0.10227824002504349, 0.11722325533628464, 0.056159231811761856, 0.11189339309930801, 0.1373603492975235, 0.010966658592224121, 0.14407514035701752, 0.0936894491314888, 0.34573933482170105, 0.14290361106395721, 0.15209926664829254, 0.03284159675240517, 0.11037872731685638]"
F5,"[0.11097987741231918, 0.09571026265621185, 0.059214089065790176, 0.08371985703706741, 0.193884938955307, 0.07560684531927109, 0.10962339490652084, 0.017267411574721336, 0.13853369653224945, 0.08976362645626068, 0.08360657095909119, 0.02942948415875435, 0.031663183122873306, 0.12328559905290604, 0.0011406221892684698, 0.4871065020561218, 0.21662159264087677, 0.055516425520181656, 0.04132305830717087, 0.1171649843454361, 0.2835235595703125, 0.033814363181591034, 0.060267139226198196, 0.0633564442396164, 0.2650707960128784, 0.25455737113952637, 0.3222435414791107, 0.0575079508125782, 0.11459934711456299, 0.21433119475841522, 0.038531817495822906, 0.020206840708851814, 0.05440523475408554, 0.14089979231357574, 0.39341259002685547, 0.09823258966207504, 0.07398009300231934, 0.04209480434656143, 0.23727449774742126, 0.07781342417001724, 0.13301678001880646, 0.08713559806346893, 0.24362045526504517, 0.08724495768547058, 0.06944063305854797, 0.09171231091022491, 0.01613588072359562, 0.11824280023574829, 0.3770274817943573, 0.02981390617787838, 0.3435506522655487, 0.2217310518026352, 0.07819642126560211, 0.1597885936498642, 0.007929016835987568, 0.08451718837022781, 0.15414194762706757, 0.18949158489704132, 0.2801783084869385, 0.06031986325979233, 0.3416490852832794, 0.1611838936805725, 0.2868094742298126, 0.07144835591316223, 0.11238787323236465, 0.07999352365732193, 0.027139460667967796, 0.6588658094406128, 0.14719422161579132, 0.15077635645866394, 0.033338289707899094, 0.13761743903160095, 0.1254694163799286, 0.005806439556181431, 0.19635969400405884, 0.01788192056119442, 0.5848273634910583, 0.19256407022476196, 0.2663154602050781, 0.2035652995109558, 0.013168280012905598, 0.19249431788921356, 0.13760630786418915, 0.04990192502737045, 0.08294694870710373, 0.08614020049571991, 0.02797362580895424, 0.05761045962572098, 0.1485680341720581, 0.10434615612030029, 0.26620686054229736, 0.1586427241563797, 0.0052344053983688354, 0.2189394235610962, 0.06392999738454819, 0.04516670107841492, 0.01844128593802452, 0.028831925243139267, 0.0378594808280468, 0.12006435543298721, 0.02613084949553013, 0.0878833681344986, 0.24614742398262024, 0.07402193546295166, 0.25119227170944214, 0.07957322895526886, 0.16522341966629028, 0.2963917851448059, 0.06870637834072113, 0.22875285148620605, 0.1543460488319397, 0.04638098180294037, 0.07214593142271042, 0.02425621636211872, 0.09044571965932846, 0.03183992952108383, 0.07609738409519196, 0.06616625934839249, 0.030894553288817406, 0.05882583186030388, 0.11099541932344437, 0.08131063729524612, 0.02243882231414318, 0.26856327056884766, 0.19776496291160583, 0.2562393844127655, 0.12044256180524826, 0.03488212078809738]"
F6,"[0.013005111366510391, 0.13432128727436066, 0.01535494439303875, 0.13036377727985382, 0.5034819841384888, 0.22956830263137817, 0.09829141944646835, 0.043998315930366516, 0.36729443073272705, 0.029893897473812103, 0.2620577812194824, 0.19599896669387817, 0.2593856155872345, 0.018461924046278, 0.04656962677836418, 0.17162276804447174, 0.013253566808998585, 0.10722137987613678, 0.013066762126982212, 0.4259990155696869, 0.06384270638227463, 0.14331862330436707, 0.17377091944217682, 0.14902622997760773, 0.28872382640838623, 0.3298962414264679, 0.09989780187606812, 0.09029406309127808, 0.1174800917506218, 0.029725151136517525, 0.01685178279876709, 0.20162908732891083, 0.11029966920614243, 0.15887443721294403, 0.08629069477319717, 0.15449832379817963, 0.19732078909873962, 0.1239672377705574, 0.1458931416273117, 0.23441050946712494, 0.004954978358000517, 0.2954355776309967, 0.06722291558980942, 0.09573883563280106, 0.13235600292682648, 0.07195644080638885, 0.2480282485485077, 0.07120136171579361, 0.05140325799584389, 0.1772569715976715, 0.23045840859413147, 0.10410183668136597, 0.013820135965943336, 0.13819852471351624, 0.32043328881263733, 0.02030790038406849, 0.05852511525154114, 0.0022011364344507456, 0.11642740666866302, 0.06919217854738235, 0.1279766857624054, 0.22322356700897217, 0.25184911489486694, 0.5984078049659729, 0.15905596315860748, 0.4664462208747864, 0.13338977098464966, 0.16665346920490265, 0.04101104661822319, 0.16920799016952515, 0.22241784632205963, 0.15902522206306458, 0.016898123547434807, 0.08878820389509201, 0.327169269323349, 0.23634152114391327, 0.28359901905059814, 0.18883147835731506, 0.0483233667910099, 0.13453662395477295, 0.06022126227617264, 0.09045287221670151, 0.06587839126586914, 0.060483090579509735, 0.11273473501205444, 0.005402442999184132, 0.11511402577161789, 0.050690051168203354, 0.18084098398685455, 0.15488079190254211, 0.3434377610683441, 0.20365795493125916, 0.13866832852363586, 0.015861423686146736, 0.013995849527418613, 0.06867773830890656, 0.11530769616365433, 0.14803887903690338, 0.22531761229038239, 0.05902848765254021, 0.1303757280111313, 0.5195765495300293, 0.062408696860075, 0.11668793857097626, 0.4052537679672241, 0.1091662272810936, 0.09848456084728241, 0.12226622551679611, 0.309518963098526, 0.04008741304278374, 0.13428430259227753, 0.11261741816997528, 0.15398670732975006, 0.19025373458862305, 0.2613675892353058, 0.1156262457370758, 0.05897492915391922, 0.14955295622348785, 0.11690040677785873, 0.3213891386985779, 0.15959899127483368, 0.09989751875400543, 0.17048484086990356, 0.05658932030200958, 0.14861318469047546, 0.034937627613544464, 0.1811554878950119, 0.056981004774570465]"
F7,"[0.3467327952384949, 0.3183680772781372, 0.12875327467918396, 0.09350517392158508, 0.022918470203876495, 0.2152351289987564, 0.029432371258735657, 0.14671757817268372, 0.2697713077068329, 0.041050735861063004, 0.07648934423923492, 0.16878467798233032, 0.18794910609722137, 0.24346879124641418, 0.029557473957538605, 0.5048158764839172, 0.30181849002838135, 0.17138932645320892, 0.19030717015266418, 0.18549996614456177, 0.06581495702266693, 0.301977276802063, 0.08718805015087128, 0.13569492101669312, 0.5023446679115295, 0.2531851828098297, 0.13988976180553436, 0.17818450927734375, 0.12563222646713257, 0.09393276274204254, 0.13218086957931519, 0.04829346761107445, 0.4753863513469696, 0.06933718174695969, 0.10126498341560364, 0.1974652111530304, 0.04773019999265671, 0.04458755627274513, 0.11528859287500381, 0.06868024170398712, 0.1357084959745407, 0.5173367857933044, 0.20576316118240356, 0.10865319520235062, 0.07490558177232742, 0.14972469210624695, 0.279501348733902, 0.032670799642801285, 0.19539974629878998, 0.09478218108415604, 0.12879283726215363, 0.14255186915397644, 0.1388011872768402, 0.14928826689720154, 0.3037920594215393, 0.014407476410269737, 0.04575140401721001, 0.13125890493392944, 0.0259542278945446, 0.7722715139389038, 0.24088546633720398, 0.14639662206172943, 0.2848931550979614, 0.12345180660486221, 0.033054985105991364, 0.24852369725704193, 0.21837341785430908, 0.08601804077625275, 0.12684525549411774, 0.15373721718788147, 0.08582185953855515, 0.2230781465768814, 0.14908719062805176, 0.1401548981666565, 0.05189232900738716, 0.1501697301864624, 0.2502802312374115, 0.1339273303747177, 0.11804641038179398, 0.02684752084314823, 0.2079521268606186, 0.06948679685592651, 0.24597600102424622, 0.2931068539619446, 0.0843900665640831, 0.245074063539505, 0.02000485733151436, 0.19141827523708344, 0.12299337238073349, 0.1818963885307312, 0.1057027205824852, 0.03129003569483757, 0.006694276817142963, 0.031062738969922066, 0.13705821335315704, 0.12131262570619583, 0.0018850037595257163, 0.11547902226448059, 0.08048190176486969, 0.218624547123909, 0.3000800311565399, 0.27786290645599365, 0.02474980242550373, 0.4397524297237396, 0.1463363617658615, 0.550800085067749, 0.0843547135591507, 0.16015596687793732, 0.09911021590232849, 0.11176098138093948, 0.09713337570428848, 0.025272352620959282, 0.09051509946584702, 0.5231899619102478, 0.3432260751724243, 0.03380054235458374, 0.12052685022354126, 0.2861037850379944, 0.21890367567539215, 0.06777697056531906, 0.027651207521557808, 0.02235887385904789, 0.05364067479968071, 0.29794883728027344, 0.5667024850845337, 0.13220016658306122, 0.06130526214838028, 0.4140537977218628]"
F8,"[0.048702068626880646, 0.31188496947288513, 0.06808789819478989, 0.20492105185985565, 0.18096856772899628, 0.037119973450899124, 0.4308488667011261, 0.08425618708133698, 0.48437100648880005, 0.08968204259872437, 0.7892699241638184, 0.12771230936050415, 0.21960243582725525, 0.1494414359331131, 0.008087532594799995, 4.9797970859799534e-05, 0.0850943848490715, 0.13327279686927795, 0.06724170595407486, 0.18421721458435059, 0.24688024818897247, 0.14475387334823608, 0.18415096402168274, 0.13519075512886047, 0.1589910238981247, 0.04658381640911102, 0.019247297197580338, 0.015390170738101006, 0.3013862073421478, 0.04465354606509209, 0.06458591669797897, 0.10225918889045715, 0.020020730793476105, 0.25254127383232117, 0.5725037455558777, 0.2501523196697235, 0.28556835651397705, 0.0775148868560791, 0.022442694753408432, 0.09997757524251938, 0.06264477223157883, 0.16423512995243073, 0.06347452849149704, 0.10848235338926315, 0.1175808385014534, 0.33805981278419495, 0.3045412003993988, 0.10079988092184067, 0.20701079070568085, 0.14521856606006622, 0.1973024308681488, 0.15325893461704254, 0.06308214366436005, 0.1584656536579132, 0.19599172472953796, 0.08627759665250778, 0.0007043054210953414, 0.19304129481315613, 0.29195156693458557, 0.09587608277797699, 0.006242563482373953, 0.05627050995826721, 0.0840737447142601, 0.11774344742298126, 0.06228728964924812, 0.05970562994480133, 0.026851121336221695, 0.12342783808708191, 0.2501371204853058, 0.07037799060344696, 0.023591091856360435, 0.7475967407226562, 0.29680266976356506, 0.035445358604192734, 0.13781580328941345, 0.022792469710111618, 0.4991952180862427, 0.026810839772224426, 0.1249324157834053, 0.06398514658212662, 0.18867987394332886, 0.042586058378219604, 0.16671989858150482, 0.03227822855114937, 0.19058646261692047, 0.05562788248062134, 0.09206037223339081, 0.058337196707725525, 0.00168089650105685, 0.11096280813217163, 0.0673057809472084, 0.03488851338624954, 0.19184350967407227, 0.23356688022613525, 0.17682522535324097, 0.03201694041490555, 0.27422410249710083, 0.1737140417098999, 0.17277029156684875, 0.3046649992465973, 0.1350681334733963, 0.1318284571170807, 0.24851752817630768, 0.1288110315799713, 0.39178726077079773, 0.0571930930018425, 0.02947046235203743, 0.029017597436904907, 0.1248922049999237, 0.06346040964126587, 0.06504785269498825, 0.08509685099124908, 0.000409171188948676, 0.08535590022802353, 0.01146601140499115, 0.04226728528738022, 0.1678709089756012, 0.2269940972328186, 0.17093338072299957, 0.22900612652301788, 0.16179339587688446, 0.20373882353305817, 0.022322719916701317, 0.12279532849788666, 0.030031315982341766, 0.005337139125913382, 0.19299817085266113, 0.3515254557132721]"
F9,"[0.019378304481506348, 0.28088217973709106, 0.0037381332367658615, 0.34520789980888367, 0.0006755701033398509, 0.2998935580253601, 0.15279987454414368, 0.050181854516267776, 0.41397523880004883, 0.04511239007115364, 0.15021179616451263, 0.2151927500963211, 0.15091563761234283, 0.36389878392219543, 0.11787495762109756, 0.33162546157836914, 0.17107419669628143, 0.11400868743658066, 0.026455683633685112, 0.04707391560077667, 0.22175844013690948, 0.06615008413791656, 0.18369391560554504, 0.21587422490119934, 0.31481263041496277, 0.08792383968830109, 0.49531978368759155, 0.3231123983860016, 0.42067572474479675, 0.023490218445658684, 0.08002457767724991, 0.1550733894109726, 0.0055587319657206535, 0.17989535629749298, 0.27294254302978516, 0.14870339632034302, 0.09173857420682907, 0.3029095530509949, 0.11071814596652985, 0.1592613160610199, 0.17901208996772766, 0.02394268848001957, 0.4468386471271515, 0.05389738082885742, 0.37097927927970886, 0.07528816163539886, 0.35429441928863525, 0.21194423735141754, 0.23193740844726562, 0.23845061659812927, 0.07165756076574326, 0.12480825185775757, 0.08480572700500488, 0.07856201380491257, 0.20798642933368683, 0.006824729964137077, 0.09166232496500015, 0.1572994738817215, 0.41569194197654724, 0.20082014799118042, 0.09037142992019653, 0.18722882866859436, 0.09641557186841965, 0.44620180130004883, 0.14751900732517242, 0.11826848238706589, 0.26820844411849976, 0.1719496250152588, 0.3502832055091858, 0.13446339964866638, 0.20266234874725342, 0.35632893443107605, 0.03821619972586632, 0.03289151191711426, 0.2796224355697632, 0.3135484457015991, 0.32921746373176575, 0.08485724031925201, 0.0554688386619091, 0.05882285162806511, 0.0016371753299608827, 0.1572313904762268, 0.12118680775165558, 0.10798682272434235, 0.1362811028957367, 0.1412295252084732, 0.14835865795612335, 0.11848345398902893, 0.13695380091667175, 0.40971165895462036, 0.14248214662075043, 0.06854793429374695, 0.3822607100009918, 0.06949158757925034, 0.19017304480075836, 0.06121566519141197, 0.11886154860258102, 0.14778229594230652, 0.35708603262901306, 0.16756458580493927, 0.0933954045176506, 0.08807886391878128, 0.0991564691066742, 0.20080386102199554, 0.003654864616692066, 0.010084619745612144, 0.14293359220027924, 0.19411686062812805, 0.24201013147830963, 0.055624302476644516, 0.0695534199476242, 0.1803114265203476, 0.1350233405828476, 0.15064647793769836, 0.06425003707408905, 0.25986918807029724, 0.16378645598888397, 0.09907606989145279, 0.13104479014873505, 0.0332055501639843, 0.14280658960342407, 0.17351341247558594, 0.2332773655653, 0.06742578744888306, 0.4582946300506592, 0.0490732379257679, 0.0736369788646698, 0.01631353050470352]"
F10,"[0.20263530313968658, 0.42971187829971313, 0.14337247610092163, 0.0006351643824018538, 0.05373810604214668, 0.05519522354006767, 0.2194632589817047, 0.00888802669942379, 0.4309934973716736, 0.0009996816515922546, 0.2671140134334564, 0.15307173132896423, 0.18772687017917633, 0.19327493011951447, 0.03401796519756317, 0.4129336178302765, 0.20603060722351074, 0.21703511476516724, 0.14958219230175018, 0.22568750381469727, 0.1199207529425621, 0.11341656744480133, 0.5128435492515564, 0.2762705683708191, 0.4863339960575104, 0.2173437625169754, 0.4337390065193176, 0.06662905216217041, 0.2868556082248688, 0.08856191486120224, 0.16616767644882202, 0.11438506841659546, 0.8094353079795837, 0.16777268052101135, 0.3585287034511566, 0.10728123784065247, 0.03066830150783062, 0.17984126508235931, 0.14337797462940216, 0.3398815989494324, 0.2354048490524292, 0.6432932615280151, 0.2211814969778061, 0.2442116141319275, 0.5182479023933411, 0.41310760378837585, 0.17542316019535065, 0.32756003737449646, 0.06119038164615631, 0.0043819984421133995, 0.07444339245557785, 0.041132427752017975, 0.20014959573745728, 0.0695180743932724, 0.26958560943603516, 0.10982037335634232, 0.04078977182507515, 0.16298148036003113, 0.009222584776580334, 0.08114746958017349, 0.12636853754520416, 0.149617537856102, 0.47504615783691406, 0.14787550270557404, 0.2654593288898468, 0.1077779158949852, 0.3262716233730316, 0.0038044853135943413, 0.05307581275701523, 0.44317886233329773, 0.14154629409313202, 0.012944445945322514, 0.16522234678268433, 0.05686984211206436, 0.28213927149772644, 0.2201036661863327, 0.18389169871807098, 0.42827674746513367, 0.3536457121372223, 0.38913464546203613, 0.006290029268711805, 0.2326737940311432, 0.12090132385492325, 0.16907724738121033, 0.37101253867149353, 0.09846895933151245, 0.0725511834025383, 0.06827683746814728, 0.19867143034934998, 0.03746184706687927, 0.16430383920669556, 0.5233045816421509, 0.5301425457000732, 0.3822893500328064, 0.017937403172254562, 0.5631392002105713, 0.17537985742092133, 0.07204456627368927, 0.17093855142593384, 0.18606188893318176, 0.2706072926521301, 0.8481388688087463, 0.3790169358253479, 0.5601234436035156, 0.050255462527275085, 0.5394502878189087, 0.28218913078308105, 0.33925262093544006, 0.11423444747924805, 0.005637509282678366, 0.11608295887708664, 0.019642041996121407, 0.015308299101889133, 0.12246834486722946, 0.05300064757466316, 0.22759728133678436, 0.21594879031181335, 0.15070314705371857, 0.29557546973228455, 0.19080223143100739, 0.07943277060985565, 0.7787714004516602, 0.30771803855895996, 0.1996813714504242, 0.35879090428352356, 0.1132863312959671, 0.6920481324195862, 0.41476938128471375]"
F11,"[0.03542085364460945, 0.27722781896591187, 0.16240355372428894, 0.1614825278520584, 3.759856190299615e-05, 0.00736653758212924, 0.046046916395425797, 0.026090044528245926, 0.09822593629360199, 0.01267540454864502, 0.4603089988231659, 0.0854947492480278, 0.389203280210495, 0.08477213978767395, 0.16294324398040771, 0.08615084737539291, 0.13362811505794525, 0.031123366206884384, 0.037221286445856094, 0.040901683270931244, 0.10155230760574341, 0.031198306009173393, 0.22463399171829224, 0.18350550532341003, 0.017456594854593277, 0.031610630452632904, 0.0033897163812071085, 0.02283736690878868, 0.1677331179380417, 0.03519682213664055, 0.00381202669814229, 0.22696617245674133, 0.25011515617370605, 0.32409244775772095, 0.13853959739208221, 0.040132731199264526, 0.3214118182659149, 0.03993977978825569, 0.2572748064994812, 0.14163096249103546, 0.26861947774887085, 0.03625347837805748, 0.19552087783813477, 0.49133625626564026, 0.06568243354558945, 0.2551487982273102, 0.357991099357605, 0.22882778942584991, 0.06389988213777542, 0.05557280406355858, 0.2951689064502716, 0.054705001413822174, 0.09472493082284927, 0.14414958655834198, 0.1465919017791748, 0.07648443430662155, 0.05001124367117882, 0.054712701588869095, 0.15899786353111267, 0.008922366425395012, 0.27847012877464294, 0.04958675056695938, 0.01826760545372963, 0.12135192006826401, 0.03487258404493332, 0.2235938012599945, 0.03775954991579056, 0.1806219071149826, 0.12671057879924774, 0.05509841814637184, 0.12238440662622452, 0.01643366739153862, 0.06519149988889694, 0.05853864923119545, 0.1560116559267044, 0.05327337980270386, 0.02369380183517933, 0.08249049633741379, 0.21621021628379822, 0.11224915832281113, 0.10954215377569199, 0.09576627612113953, 0.20862309634685516, 0.45195671916007996, 0.21073204278945923, 0.26367390155792236, 0.42138218879699707, 0.2120748609304428, 0.3566667139530182, 0.12715794146060944, 0.07692556828260422, 0.019761404022574425, 0.1284337043762207, 0.06333940476179123, 0.34888985753059387, 0.21453137695789337, 0.09757101535797119, 0.06866849213838577, 0.16659054160118103, 0.23972013592720032, 0.20463927090168, 0.12056191265583038, 0.14457909762859344, 0.17388790845870972, 0.03462407365441322, 0.007076900452375412, 0.13175810873508453, 0.23912888765335083, 0.10868842154741287, 0.11950557678937912, 0.3687893748283386, 0.21337948739528656, 0.10358068346977234, 0.03582961857318878, 0.30835461616516113, 0.015427326783537865, 0.02243824675679207, 0.009199872612953186, 0.0803840383887291, 0.44080400466918945, 0.1734599620103836, 0.03159898519515991, 0.3356436491012573, 0.07386869192123413, 0.0292525477707386, 0.054601605981588364, 0.1638650894165039, 0.268478125333786]"
F12,"[0.2994357943534851, 0.05221976339817047, 0.2225869745016098, 0.17197057604789734, 0.22794684767723083, 0.09623698145151138, 0.2948140799999237, 0.11117668449878693, 0.00826328620314598, 0.15554866194725037, 0.11468750238418579, 0.2808769941329956, 0.03801368549466133, 0.21034611761569977, 0.07850632816553116, 0.11948607861995697, 0.16222241520881653, 0.137966126203537, 0.16515670716762543, 0.6317150592803955, 0.4510464668273926, 0.1745385080575943, 0.03542836382985115, 0.1774747371673584, 0.27979665994644165, 0.1723928302526474, 0.3105456233024597, 0.06265196949243546, 0.1401018500328064, 0.03620743006467819, 0.16939447820186615, 0.00034246608265675604, 0.0012331854086369276, 0.18242239952087402, 0.24641822278499603, 0.07021111994981766, 0.23740126192569733, 0.13966910541057587, 0.07972443848848343, 0.01988396607339382, 0.0019402438774704933, 0.10387890785932541, 0.004770743660628796, 0.2532120943069458, 0.1351369321346283, 0.028308743610978127, 0.45245158672332764, 0.06111741438508034, 0.020004773512482643, 0.05189063400030136, 0.21219193935394287, 0.05703040212392807, 0.18948601186275482, 0.04727460443973541, 0.040156807750463486, 0.2755546569824219, 0.1750807762145996, 0.09766727685928345, 0.21032564342021942, 0.2737575173377991, 0.27300792932510376, 0.08945557475090027, 0.08782908320426941, 0.04519198089838028, 0.0023123808205127716, 0.5767838954925537, 0.0778530165553093, 0.054468829184770584, 0.09173283725976944, 0.2889203131198883, 0.19406519830226898, 0.10597429424524307, 0.26092836260795593, 0.0044781723991036415, 0.1879308521747589, 0.01210588589310646, 0.34805774688720703, 0.01827140711247921, 0.2375880628824234, 0.25552627444267273, 0.21561481058597565, 0.028123345226049423, 0.16470400989055634, 0.12862537801265717, 0.16272935271263123, 0.06530822813510895, 0.169563427567482, 0.03688397631049156, 0.027834905311465263, 0.3455086350440979, 0.1731307953596115, 0.048292309045791626, 0.056834883987903595, 0.03129517659544945, 0.12806221842765808, 0.09562309831380844, 0.0804477259516716, 0.19633862376213074, 0.19830796122550964, 0.014290287159383297, 0.01098584197461605, 0.0841832160949707, 0.049816180020570755, 0.17141477763652802, 0.19003522396087646, 0.14225301146507263, 0.17117419838905334, 0.06463217735290527, 0.014076738618314266, 0.1603025496006012, 0.1068330779671669, 0.24149316549301147, 0.2889346182346344, 0.22043274343013763, 0.1790022999048233, 0.19141051173210144, 0.07664526253938675, 0.03474785014986992, 0.40547364950180054, 0.00219020270742476, 0.061234213411808014, 0.3468659222126007, 0.2008782923221588, 0.11872536689043045, 0.007501675747334957, 0.020959019660949707, 0.2967796325683594, 0.20722532272338867]"
F13,"[0.06385622918605804, 0.3365938365459442, 0.025915602222085, 0.03658387437462807, 0.08816684782505035, 0.15019847452640533, 0.2078448385000229, 0.10706983506679535, 0.05646854266524315, 0.1718209832906723, 0.17128603160381317, 0.09173569828271866, 0.38324201107025146, 0.0002597215643618256, 0.03852538391947746, 0.006524015683680773, 0.04545089602470398, 0.10286615043878555, 0.12717314064502716, 0.07295002043247223, 0.20467059314250946, 0.1394508183002472, 0.13374683260917664, 0.14580148458480835, 0.011863583698868752, 0.11850649118423462, 0.32898205518722534, 0.09662918001413345, 0.27010783553123474, 0.12802265584468842, 0.040089115500450134, 0.05411287024617195, 0.2999143600463867, 0.026791617274284363, 0.17517423629760742, 0.02486085705459118, 0.11728650331497192, 0.25999128818511963, 0.043151549994945526, 0.3313528001308441, 0.10009767860174179, 0.18771123886108398, 0.17272114753723145, 0.05228530615568161, 0.031786758452653885, 0.13187763094902039, 0.011537312529981136, 0.0016714686062186956, 0.22486507892608643, 0.36127373576164246, 0.10407865792512894, 0.23444561660289764, 0.05950263887643814, 0.0007523137028329074, 0.04584942013025284, 0.12493448704481125, 0.02467070333659649, 0.044301919639110565, 0.2181681990623474, 0.029527906328439713, 0.19184564054012299, 0.10370339453220367, 0.19638679921627045, 0.30471983551979065, 0.2651803493499756, 0.06132340803742409, 0.016401061788201332, 0.362003356218338, 0.006754065398126841, 0.038604576140642166, 0.08199407160282135, 0.09725070744752884, 0.2522853910923004, 0.17689326405525208, 0.06038114055991173, 0.04884236678481102, 0.46492230892181396, 0.09022185951471329, 0.06128399446606636, 0.07094172388315201, 0.3050583600997925, 0.11451070010662079, 0.029772739857435226, 0.10902351886034012, 0.1760205775499344, 0.1758253425359726, 0.17499381303787231, 0.32717540860176086, 0.13962844014167786, 0.025056051090359688, 0.037220362573862076, 0.006335361860692501, 0.3966762125492096, 0.0419350266456604, 0.1763998568058014, 0.058745503425598145, 0.006645945832133293, 0.08072423934936523, 0.013313638977706432, 0.1182590052485466, 0.2882653772830963, 0.03466018661856651, 0.09914258867502213, 0.09398937970399857, 0.0014091366901993752, 0.0568837895989418, 0.029174841940402985, 0.20533765852451324, 0.019966620951890945, 0.07156634330749512, 0.13571766018867493, 0.012428811751306057, 0.0013693261425942183, 0.0696207657456398, 0.22599220275878906, 0.12497436255216599, 0.24623072147369385, 0.2533087730407715, 0.41579869389533997, 0.28022608160972595, 0.0005836158525198698, 0.09474625438451767, 0.17306266725063324, 0.4181262254714966, 0.08301748335361481, 0.3299967050552368, 0.16744931042194366, 0.2754872441291809]"
F14,"[0.04145672172307968, 0.07785440981388092, 0.32378193736076355, 0.3838868737220764, 0.1404762715101242, 0.06019415706396103, 0.12670926749706268, 0.025131700560450554, 0.21407324075698853, 0.18123890459537506, 0.12737590074539185, 0.1220974326133728, 0.18049661815166473, 0.4312519133090973, 0.12811432778835297, 0.254771888256073, 0.27093198895454407, 0.11871650069952011, 0.1684814691543579, 0.2642320692539215, 0.26633328199386597, 0.032368529587984085, 0.026526739820837975, 0.22166775166988373, 0.03569647669792175, 0.039218783378601074, 0.06255368143320084, 0.016846755519509315, 0.049097009003162384, 0.2719770073890686, 0.12078946828842163, 0.02294137515127659, 0.12893472611904144, 0.29189515113830566, 0.3151472210884094, 0.24516524374485016, 0.6028704047203064, 0.0297846756875515, 0.19560864567756653, 0.10416486114263535, 0.1692878007888794, 0.10404755175113678, 0.14183849096298218, 0.153720423579216, 0.0920851081609726, 0.5945222973823547, 0.16783766448497772, 0.1052786111831665, 0.07587835192680359, 0.05892036110162735, 0.1510288566350937, 0.1593584269285202, 0.00638178875669837, 0.03225667029619217, 0.07414840161800385, 0.2705109119415283, 0.053901273757219315, 0.08151893317699432, 0.29307833313941956, 0.4554542005062103, 0.06120043992996216, 0.11855773627758026, 0.3597398102283478, 0.39716964960098267, 0.22405771911144257, 0.24900668859481812, 0.030257917940616608, 0.002009785268455744, 0.00290104397572577, 0.07495667040348053, 0.003214632160961628, 0.10677216947078705, 0.20642486214637756, 0.08437009900808334, 0.453806072473526, 0.13314180076122284, 0.004343140404671431, 0.13446706533432007, 0.15860982239246368, 0.023699626326560974, 0.21593539416790009, 0.34592172503471375, 0.1165330708026886, 0.14812728762626648, 0.006542735267430544, 0.41788384318351746, 0.21416442096233368, 0.6763768196105957, 0.023985909298062325, 0.01796446554362774, 0.5612826943397522, 0.13880009949207306, 0.11562907695770264, 0.16225937008857727, 0.004622720647603273, 0.3351513147354126, 0.04149622470140457, 0.04236868396401405, 0.4583190977573395, 0.16650447249412537, 0.17015773057937622, 0.6635830402374268, 0.5623468160629272, 0.2669030725955963, 0.6208861470222473, 0.1582159399986267, 0.03423022851347923, 0.3930693566799164, 0.2845650315284729, 0.3376603126525879, 0.051076389849185944, 0.03211407735943794, 0.059422824531793594, 0.15952418744564056, 0.38798654079437256, 0.21481966972351074, 0.28559571504592896, 0.022792363539338112, 0.03572471812367439, 0.2737111449241638, 0.44230031967163086, 0.3325258791446686, 0.23174633085727692, 0.013938446529209614, 0.5321730971336365, 0.03209717571735382, 0.21877655386924744, 0.2125544399023056]"
F15,"[0.16080524027347565, 0.34732258319854736, 0.06696038693189621, 0.25117573142051697, 0.12977668642997742, 0.007645598147064447, 0.4543030858039856, 0.0938558578491211, 0.377573162317276, 0.09197831898927689, 0.0459783598780632, 0.03752288222312927, 0.027226697653532028, 0.17834503948688507, 0.010421342216432095, 0.28748366236686707, 0.010609463788568974, 0.13572995364665985, 0.11986599117517471, 0.13924360275268555, 0.05063888430595398, 0.0378548726439476, 0.07083790749311447, 0.010797286406159401, 0.03573653846979141, 0.36409491300582886, 0.03163391351699829, 0.06169862300157547, 0.2411569356918335, 0.03961731866002083, 0.11759854853153229, 0.011800128035247326, 0.1476588398218155, 0.18942531943321228, 0.028134606778621674, 0.1344747096300125, 0.15640366077423096, 0.14863237738609314, 0.162576362490654, 0.12550532817840576, 0.15122400224208832, 0.20473159849643707, 0.2175336480140686, 0.187460258603096, 0.08196549862623215, 0.18444035947322845, 0.3077055811882019, 0.3225628733634949, 0.30871349573135376, 0.20944175124168396, 0.12228387594223022, 0.01754823513329029, 0.11552447825670242, 0.09312587976455688, 0.19472815096378326, 0.24967674911022186, 0.01931067183613777, 0.6264312267303467, 0.16316130757331848, 0.0919060930609703, 0.14922815561294556, 0.33323395252227783, 0.27167004346847534, 0.460110068321228, 0.378127783536911, 0.21702899038791656, 0.1675545573234558, 0.09129086136817932, 0.024559104815125465, 0.004920024890452623, 0.0656755343079567, 0.015550684183835983, 0.24472850561141968, 0.28390994668006897, 0.15398631989955902, 0.023802272975444794, 0.2544775605201721, 0.30869725346565247, 0.129566952586174, 0.1783987432718277, 0.3067099452018738, 0.750778079032898, 0.1595715880393982, 0.12401211261749268, 0.37836381793022156, 0.1153218001127243, 0.14928916096687317, 0.3371083438396454, 0.22963154315948486, 0.09892942756414413, 0.003055265871807933, 0.09237846732139587, 0.2242824286222458, 0.08872919529676437, 0.28783681988716125, 0.12649427354335785, 0.024195777252316475, 0.40119218826293945, 0.34168750047683716, 0.15547282993793488, 0.08277054876089096, 0.3600265085697174, 0.22592665255069733, 0.25661107897758484, 0.2707357704639435, 0.062176648527383804, 0.003954842686653137, 0.08039487153291702, 0.08302965015172958, 0.20710580050945282, 0.02142999693751335, 0.1774255335330963, 0.08948026597499847, 0.17460350692272186, 0.45501089096069336, 0.18467143177986145, 0.06302349269390106, 0.03745473548769951, 0.11411828547716141, 0.20550838112831116, 0.048294369131326675, 0.03315697982907295, 0.011580407619476318, 0.20765218138694763, 0.20266221463680267, 0.019678791984915733, 0.3927549719810486, 0.15905331075191498]"
F16,"[0.08628621697425842, 0.07265965640544891, 0.06368008255958557, 0.21617206931114197, 0.01691926270723343, 0.032770637422800064, 0.4599286913871765, 0.01183019857853651, 0.05658777058124542, 0.19507992267608643, 0.04950082302093506, 0.015609484165906906, 0.25285804271698, 0.30976602435112, 0.050059106200933456, 0.11986059695482254, 0.09877166897058487, 0.08381203562021255, 0.2590797245502472, 0.11438775062561035, 0.1613955944776535, 0.28543415665626526, 0.4230104982852936, 0.11252011358737946, 0.08170287311077118, 0.06631960719823837, 0.13188135623931885, 0.1451072245836258, 0.1895897090435028, 0.05863435938954353, 0.036232441663742065, 0.1656801998615265, 0.32242631912231445, 0.18429625034332275, 0.13795164227485657, 0.49625134468078613, 0.014700901694595814, 0.08050969988107681, 0.144633948802948, 0.021227627992630005, 0.07502521574497223, 0.0974087119102478, 0.2231941670179367, 0.2815926671028137, 0.3758176863193512, 0.1095915362238884, 0.30684417486190796, 0.2692650854587555, 0.10472427308559418, 0.014538046903908253, 0.025302164256572723, 0.5551215410232544, 0.1304752677679062, 0.19959956407546997, 0.16282552480697632, 0.16143637895584106, 0.00893800426274538, 0.02960791625082493, 0.1918553113937378, 0.025931386277079582, 0.1438780426979065, 0.14623980224132538, 0.2570158541202545, 0.06583084166049957, 0.05010728910565376, 0.11332409828901291, 0.3553254306316376, 0.02329445630311966, 0.2682143449783325, 0.008278010413050652, 0.009736442007124424, 0.05641864240169525, 0.2900823652744293, 0.03633134067058563, 0.15099887549877167, 0.10659755021333694, 0.049151476472616196, 0.13351374864578247, 0.03843890130519867, 0.2954865097999573, 0.061709579080343246, 0.03357440233230591, 0.09667998552322388, 0.08407427370548248, 0.07360643893480301, 0.06531978398561478, 0.14802813529968262, 0.28852578997612, 0.26830223202705383, 0.2567109167575836, 0.02615286223590374, 0.04860498756170273, 0.14748471975326538, 0.002144139725714922, 0.10867608338594437, 0.3394605219364166, 0.16395534574985504, 0.08412094414234161, 0.17320884764194489, 0.22327370941638947, 0.3814941644668579, 0.20665080845355988, 0.08107053488492966, 0.30234360694885254, 0.054350391030311584, 0.09550637006759644, 0.007621857803314924, 0.21589097380638123, 0.027304895222187042, 0.10742491483688354, 0.1604902297258377, 0.004448819439858198, 0.02965724468231201, 0.19913947582244873, 0.0783233568072319, 0.11486466228961945, 0.057973720133304596, 0.07671063393354416, 0.06732971221208572, 0.015020987950265408, 0.2935619056224823, 0.18711480498313904, 0.16453209519386292, 0.01855595037341118, 0.1072477251291275, 0.0492972657084465, 0.21077561378479004, 0.2392493039369583]"
F17,"[0.03100101463496685, 0.025404037907719612, 0.20237737894058228, 0.05591747537255287, 0.09784335643053055, 0.0541362501680851, 0.25031712651252747, 0.08527112007141113, 0.052431993186473846, 0.14579403400421143, 0.0016162300016731024, 0.07585415989160538, 0.13499806821346283, 0.20389798283576965, 0.06680677086114883, 0.1134445071220398, 0.028132891282439232, 0.07789736986160278, 0.19116714596748352, 0.029738061130046844, 0.2222815454006195, 0.12265443801879883, 0.013725760392844677, 0.05918169766664505, 0.09497106820344925, 0.02080659754574299, 0.2695372998714447, 0.13452979922294617, 0.28413182497024536, 0.0576026514172554, 0.11403922736644745, 0.23436997830867767, 0.13940292596817017, 0.18502569198608398, 0.4701228439807892, 0.010850101709365845, 0.26706063747406006, 0.011093727312982082, 0.023287707939743996, 0.1736495941877365, 0.22150973975658417, 0.0833171159029007, 0.10708247125148773, 0.036925092339515686, 0.12328090518712997, 0.5411577224731445, 0.07087768614292145, 0.15325206518173218, 0.10146483778953552, 0.06801833212375641, 0.4334034323692322, 0.0666305273771286, 0.04477986320853233, 0.13453304767608643, 0.09925706684589386, 0.1744707226753235, 0.12585347890853882, 0.10053135454654694, 0.33426928520202637, 0.2670832574367523, 0.31902676820755005, 0.15916791558265686, 0.07434550672769547, 0.3032088875770569, 0.08317688852548599, 0.14082328975200653, 0.08682569861412048, 0.037618204951286316, 0.18807287514209747, 0.22613923251628876, 0.12256146222352982, 0.06799497455358505, 0.05617350712418556, 0.4334489703178406, 0.13103879988193512, 0.1792355328798294, 0.018933359533548355, 0.0362098403275013, 0.2558121383190155, 0.20211315155029297, 0.14716656506061554, 0.06214563548564911, 0.1811019480228424, 0.010087740607559681, 0.23650071024894714, 0.3304547369480133, 0.4522078037261963, 0.05151604861021042, 0.11957971751689911, 0.1594320833683014, 0.29204779863357544, 0.11021268367767334, 0.001815109164454043, 0.3547789752483368, 0.24859309196472168, 0.12206445634365082, 0.1967158168554306, 0.07474697381258011, 0.1126595288515091, 0.23034420609474182, 0.16240200400352478, 0.13137401640415192, 0.18645384907722473, 0.175267294049263, 0.08996839076280594, 0.1630183905363083, 0.23112913966178894, 0.21101544797420502, 0.07753440737724304, 0.03389853239059448, 0.21295166015625, 0.10869105905294418, 0.15887919068336487, 0.02584381029009819, 0.3270767331123352, 0.20403583347797394, 0.07309412211179733, 0.21242642402648926, 0.07112943381071091, 0.09618275612592697, 0.07501841336488724, 0.054630108177661896, 0.05847467482089996, 0.19417543709278107, 0.07425644248723984, 0.19264206290245056, 0.22609372437000275, 0.11612972617149353]"
F18,"[0.14389941096305847, 0.11507124453783035, 0.39254072308540344, 0.36405861377716064, 0.11688531935214996, 0.19654206931591034, 0.023027386516332626, 0.20635241270065308, 0.17703178524971008, 0.1863250583410263, 0.019163038581609726, 0.15866698324680328, 0.16552485525608063, 0.2373102605342865, 0.07182076573371887, 0.1229306235909462, 0.08099516481161118, 0.12457519769668579, 0.2778567373752594, 0.29263076186180115, 0.2956486642360687, 0.003503739135339856, 0.25019317865371704, 0.3170047700405121, 0.38182786107063293, 0.14156419038772583, 0.19723133742809296, 0.23583392798900604, 0.20766671001911163, 0.4472263753414154, 0.06299874931573868, 0.008430653251707554, 0.17098236083984375, 0.0012843998847529292, 0.08613811433315277, 0.20461797714233398, 0.5099871158599854, 0.3246048092842102, 0.08832278847694397, 0.1536911576986313, 0.015999073162674904, 0.13372793793678284, 0.18030484020709991, 0.3269127309322357, 0.06683349609375, 0.3879449963569641, 0.32361331582069397, 0.7232363820075989, 0.7999998927116394, 0.2532133162021637, 0.23890437185764313, 0.032073166221380234, 0.3041943609714508, 0.1195158138871193, 0.024599919095635414, 0.058111321181058884, 0.03156212717294693, 0.005385974887758493, 0.09145472943782806, 0.1097322329878807, 0.16961859166622162, 0.07933603972196579, 0.011189468204975128, 0.0068266745656728745, 0.27462467551231384, 0.507632851600647, 0.24365749955177307, 0.17516672611236572, 0.4023318588733673, 0.09034592658281326, 0.11382125318050385, 0.17209625244140625, 0.10300389677286148, 0.10573365539312363, 0.127874955534935, 0.11291664838790894, 0.15695393085479736, 0.06560037285089493, 0.12911203503608704, 0.21344953775405884, 0.11723968386650085, 0.15589308738708496, 0.03268524259328842, 0.06388887017965317, 0.08819611370563507, 0.31363120675086975, 0.28218722343444824, 0.3696031868457794, 0.11510831117630005, 0.0004304017056711018, 0.6123927235603333, 0.10334200412034988, 0.024390483275055885, 0.10076093673706055, 0.015455195680260658, 0.3328959345817566, 0.22293418645858765, 0.025982610881328583, 0.3095496594905853, 0.03976360708475113, 0.019810205325484276, 0.08498197793960571, 0.18395155668258667, 0.24670134484767914, 0.627653181552887, 0.2916148602962494, 0.44455698132514954, 0.02862519957125187, 0.40053069591522217, 0.4086470901966095, 0.1832330971956253, 0.12763239443302155, 0.2730228900909424, 0.20613348484039307, 0.18354396522045135, 0.08231111615896225, 0.0452035553753376, 0.26330840587615967, 0.10215993970632553, 0.03940487280488014, 0.08818884938955307, 0.4941551685333252, 0.1571946144104004, 0.10626474022865295, 0.4993975758552551, 0.02157207764685154, 0.07113014161586761, 0.01809312216937542]"
F19,"[0.15016894042491913, 0.16424913704395294, 0.09359871596097946, 0.02772843837738037, 0.004073013085871935, 0.10820960253477097, 0.007900823839008808, 0.27127835154533386, 0.2748567461967468, 0.11800763756036758, 0.06360717862844467, 0.31050336360931396, 0.01631627231836319, 0.10068364441394806, 0.12789851427078247, 0.2746266722679138, 0.23177456855773926, 0.11942111700773239, 0.01697894185781479, 0.23407933115959167, 0.4010762572288513, 0.13235092163085938, 0.49016186594963074, 0.24199987947940826, 0.030311355367302895, 0.10491715371608734, 0.06379995495080948, 0.08139144629240036, 0.17237748205661774, 0.2932763695716858, 0.13927708566188812, 0.14306099712848663, 0.1631598025560379, 0.19318753480911255, 0.2777331471443176, 0.15294036269187927, 0.2777045667171478, 0.13772572576999664, 0.12986285984516144, 0.16343611478805542, 0.03867971897125244, 0.030787721276283264, 0.051529571413993835, 0.10233546793460846, 0.28074461221694946, 0.06601325422525406, 0.12238907814025879, 0.052923720329999924, 0.3548606336116791, 0.023684024810791016, 0.3935824930667877, 0.5094197392463684, 0.045769091695547104, 0.009694650769233704, 0.2212034910917282, 0.25748908519744873, 0.5415342450141907, 0.2194664180278778, 0.3303135633468628, 0.15155497193336487, 0.3605787754058838, 0.13232603669166565, 0.3165521025657654, 0.05858830735087395, 0.10340318828821182, 0.08803486824035645, 0.05079563707113266, 0.01941954717040062, 0.029830163344740868, 0.025840137153863907, 0.10605628043413162, 0.061806224286556244, 0.06410343945026398, 0.08904092758893967, 0.2398110330104828, 0.1012658178806305, 0.19459132850170135, 0.0677262470126152, 0.10185655951499939, 0.13070935010910034, 0.02954963780939579, 0.03302997350692749, 0.16165006160736084, 0.11137812584638596, 0.10828351974487305, 0.01860000193119049, 0.05693104490637779, 0.053902048617601395, 0.07137355208396912, 0.07260826975107193, 0.025190066546201706, 0.0014467035653069615, 0.0046978360041975975, 0.09533361345529556, 0.629219114780426, 0.07291026413440704, 0.20025810599327087, 0.03764025494456291, 0.23749014735221863, 0.034936875104904175, 0.20073248445987701, 0.1699596643447876, 0.19935236871242523, 0.08186464011669159, 0.1378951370716095, 0.10294148325920105, 0.16979993879795074, 0.03608282655477524, 0.223359614610672, 0.09845723956823349, 0.2886134088039398, 0.0998096913099289, 0.12083876878023148, 0.07804068922996521, 0.014222272671759129, 0.06407125294208527, 0.12649574875831604, 0.13768787682056427, 0.12284175306558609, 0.22750821709632874, 0.02272951416671276, 0.2643774449825287, 0.2786574065685272, 0.17600539326667786, 0.0277653019875288, 0.17902402579784393, 0.09752899408340454, 0.1929410696029663]"
F20,"[0.15238530933856964, 0.24633890390396118, 0.023327551782131195, 0.35481661558151245, 0.08142877370119095, 0.20767922699451447, 0.2522394359111786, 0.21564824879169464, 0.06618814170360565, 0.06763976067304611, 0.12349013984203339, 0.005744423717260361, 0.13144436478614807, 0.008065612986683846, 0.17228634655475616, 0.2889426648616791, 0.034615278244018555, 0.23064278066158295, 0.16233444213867188, 0.10389747470617294, 0.25145041942596436, 0.23610909283161163, 0.31375035643577576, 0.12148237973451614, 0.06199295073747635, 0.10076387226581573, 0.2466835081577301, 0.1436685174703598, 0.14825795590877533, 0.03336995467543602, 0.23699478805065155, 0.08377475291490555, 0.2733049988746643, 0.15866190195083618, 0.13957518339157104, 0.01930503360927105, 0.0726383626461029, 0.10152938961982727, 0.0017719529569149017, 0.015211369842290878, 0.06078336760401726, 0.07053595781326294, 0.09743909537792206, 0.02880554273724556, 0.0335359089076519, 0.4177287817001343, 0.04842524230480194, 0.024588992819190025, 0.06874267756938934, 0.07934174686670303, 0.47358238697052, 0.05400363728404045, 0.012705170549452305, 0.0383501835167408, 0.0011950073530897498, 0.05422660708427429, 0.06277164816856384, 0.0858665257692337, 0.17303574085235596, 0.07232435792684555, 0.2720004916191101, 0.1596444845199585, 0.14707393944263458, 0.12506575882434845, 0.20224221050739288, 0.17610564827919006, 0.10325459390878677, 0.1457301825284958, 0.06752756983041763, 0.012704412452876568, 0.15572699904441833, 0.13041694462299347, 0.03423210233449936, 0.06367170065641403, 0.5462489128112793, 0.11570567637681961, 0.13402017951011658, 0.1135777160525322, 0.04830415919423103, 0.12522123754024506, 0.10573942959308624, 0.12199140340089798, 0.11801988631486893, 0.24780364334583282, 0.1818971037864685, 0.4625580608844757, 0.17226868867874146, 0.01157139427959919, 0.012909186072647572, 0.029545295983552933, 0.30616408586502075, 0.05890502780675888, 0.21724262833595276, 0.25654521584510803, 0.2484702616930008, 0.08811082690954208, 0.2074003517627716, 0.2077353596687317, 0.10569775849580765, 0.5935962796211243, 0.48086026310920715, 0.1792839765548706, 0.21076403558254242, 0.13002347946166992, 0.04736992344260216, 0.04814004525542259, 0.0045659542083740234, 0.11423864215612411, 0.04247519373893738, 0.10152082145214081, 0.05489231273531914, 0.4549332857131958, 0.21385344862937927, 0.11833018809556961, 0.5641423463821411, 0.006822812370955944, 0.2061123251914978, 0.15434293448925018, 0.04866306483745575, 0.08161039650440216, 0.165292426943779, 0.3179236352443695, 0.30508705973625183, 0.004933297634124756, 0.17593908309936523, 0.04634523019194603, 0.14673066139221191, 0.12124481052160263]"
F21,"[0.22273091971874237, 0.2671462595462799, 0.02298915758728981, 0.11564606428146362, 0.1968018263578415, 0.15297771990299225, 0.0189651008695364, 0.24013809859752655, 0.15940161049365997, 0.18823595345020294, 0.21247598528862, 0.014986498281359673, 0.3382593095302582, 0.12134714424610138, 0.0220471303910017, 0.19308462738990784, 0.10073813050985336, 0.09236826747655869, 0.19638991355895996, 0.09533164650201797, 0.029031902551651, 0.0712398886680603, 0.1512259989976883, 0.06493322551250458, 0.1735849380493164, 0.06383050233125687, 0.2706526815891266, 0.22856691479682922, 0.08515477180480957, 0.048222459852695465, 0.019757399335503578, 0.2469502091407776, 0.015160804614424706, 0.14749108254909515, 0.1223706379532814, 0.15049685537815094, 0.2038799375295639, 0.18394292891025543, 0.22350400686264038, 0.11134235560894012, 0.20020107924938202, 0.06938966363668442, 0.03406997397542, 0.2853628396987915, 0.15285421907901764, 0.17773880064487457, 0.3128635287284851, 0.37611818313598633, 0.024833429604768753, 0.1736677587032318, 0.0846697986125946, 0.06584631651639938, 0.10450759530067444, 0.0607132688164711, 0.3662947416305542, 0.1202157586812973, 0.05054087936878204, 0.107101671397686, 0.13879568874835968, 0.09295983612537384, 0.09534388035535812, 0.015415557660162449, 0.007005632389336824, 0.04267202317714691, 0.22313298285007477, 0.06406550854444504, 0.20525877177715302, 0.11092308908700943, 0.29619279503822327, 0.3379904329776764, 0.13696907460689545, 0.16870340704917908, 0.049731627106666565, 0.141612708568573, 0.21574018895626068, 0.36301305890083313, 0.0648227334022522, 0.07726149260997772, 0.22980187833309174, 0.24330642819404602, 0.30140310525894165, 0.10916129499673843, 0.15597759187221527, 0.06112769991159439, 0.023853473365306854, 0.019391467794775963, 0.31886664032936096, 0.12347792834043503, 0.1017148569226265, 0.25407928228378296, 0.14850187301635742, 0.1424620896577835, 0.1866166740655899, 0.30974486470222473, 0.18291498720645905, 0.1350938230752945, 0.004246607422828674, 0.03171313554048538, 0.06580853462219238, 0.44434353709220886, 0.13846902549266815, 0.21964627504348755, 0.2568185031414032, 0.3336484730243683, 0.24596770107746124, 0.17023345828056335, 0.08088281750679016, 0.20280107855796814, 0.11847543716430664, 0.08205240964889526, 0.09249547868967056, 0.2369254231452942, 0.02412434294819832, 0.5753743648529053, 0.038503117859363556, 0.055340543389320374, 0.03953021392226219, 0.5273695588111877, 0.021814938634634018, 0.13087666034698486, 0.08621006458997726, 0.2893293499946594, 0.14458756148815155, 0.11585164815187454, 0.14216148853302002, 0.08139484375715256, 0.21451374888420105, 0.13000410795211792]"
F22,"[0.15592969954013824, 0.138760507106781, 0.0002550243807490915, 0.08078237622976303, 0.009024848230183125, 0.06879410147666931, 0.07680163532495499, 0.038764744997024536, 0.11251384764909744, 0.270638108253479, 0.09438969194889069, 0.15831759572029114, 0.06041315943002701, 0.3045985996723175, 0.21403245627880096, 0.2515407204627991, 0.12083958834409714, 0.6498684883117676, 0.05540991574525833, 0.05807710811495781, 0.09317900240421295, 0.1266935169696808, 0.4865889251232147, 0.029137909412384033, 0.02543584629893303, 0.012645893730223179, 0.023973938077688217, 0.11490849405527115, 0.063428595662117, 0.03367149829864502, 0.08497073501348495, 0.003908049315214157, 0.05418994650244713, 0.12280930578708649, 0.12438495457172394, 0.17882126569747925, 0.06365600973367691, 0.02155286818742752, 0.02132309414446354, 0.06972863525152206, 0.006040938664227724, 0.09436676651239395, 0.2661624550819397, 0.1621190756559372, 0.029971014708280563, 0.3157031834125519, 0.09381907433271408, 0.1680697798728943, 0.09308328479528427, 0.09492959827184677, 0.03854947164654732, 0.09003354609012604, 0.29261264204978943, 0.24976231157779694, 0.12477661669254303, 0.0009198859333992004, 0.3063555061817169, 0.025317329913377762, 0.025727253407239914, 0.10430410504341125, 0.1157500371336937, 0.06140225753188133, 0.0037274197675287724, 0.22452890872955322, 0.22642038762569427, 0.30791178345680237, 0.2693174183368683, 0.007948407903313637, 0.12565377354621887, 0.07546012848615646, 0.19648408889770508, 0.08914290368556976, 0.29857733845710754, 0.10578830540180206, 0.3616783618927002, 0.03405366465449333, 0.12957845628261566, 0.05813124403357506, 0.11698666960000992, 0.13581964373588562, 0.2845776379108429, 0.13345634937286377, 0.08021603524684906, 0.06030629575252533, 0.18962527811527252, 0.0009498047875240445, 0.4084617495536804, 0.1900353729724884, 0.12015266716480255, 0.0458076149225235, 0.01755162701010704, 0.1344051957130432, 0.10054074972867966, 0.03735169768333435, 0.1551464945077896, 0.05682670325040817, 0.1670699119567871, 0.2984716594219208, 0.021679896861314774, 0.07749885320663452, 0.04439626634120941, 0.301369309425354, 0.19203779101371765, 0.21433140337467194, 0.33848142623901367, 0.016022687777876854, 0.09879647940397263, 0.08301805704832077, 0.07747820764780045, 0.15994127094745636, 0.22919973731040955, 0.14182597398757935, 0.12720371782779694, 0.27484506368637085, 0.04704824462532997, 0.10842958092689514, 0.3444989323616028, 0.15727251768112183, 0.3302938640117645, 0.029523691162467003, 0.10555361956357956, 0.4685661494731903, 0.032996393740177155, 0.015733862295746803, 0.12301424890756607, 0.23921068012714386, 0.2553054988384247, 0.09194625169038773]"
F23,"[0.5731394290924072, 0.12473361194133759, 0.12122102826833725, 0.2481895089149475, 0.11629591137170792, 0.11896480619907379, 0.07440441846847534, 0.07729237526655197, 0.12513893842697144, 0.06295154988765717, 0.13751815259456635, 0.024747483432292938, 0.05115418881177902, 0.1559685468673706, 0.020581010729074478, 0.3231383264064789, 0.20916028320789337, 0.09569155424833298, 0.11695506423711777, 0.20456276834011078, 0.2302045226097107, 0.05172261595726013, 0.26804178953170776, 0.1082688570022583, 0.09381899982690811, 0.21304292976856232, 0.01592053472995758, 0.04087105020880699, 0.09092200547456741, 0.0501822754740715, 0.030470216646790504, 0.2149857133626938, 0.06489519029855728, 0.013592456467449665, 0.3320092260837555, 0.34917739033699036, 0.24778413772583008, 0.1957518309354782, 0.11787508428096771, 0.07708173245191574, 0.07363610714673996, 0.08364822715520859, 0.15126211941242218, 0.14826497435569763, 0.12927603721618652, 0.008727244101464748, 0.011030210182070732, 0.11069057881832123, 0.0009399392292834818, 0.08778559416532516, 0.24187473952770233, 0.273275762796402, 0.09042184054851532, 0.4198642671108246, 0.04296499118208885, 0.08422967046499252, 0.1833394318819046, 0.11972861737012863, 0.33746200799942017, 0.018195919692516327, 0.056109655648469925, 0.29650190472602844, 0.038560763001441956, 0.008859468623995781, 0.03717862814664841, 0.12728936970233917, 0.019885169342160225, 0.08085446059703827, 0.03175272420048714, 0.13301999866962433, 0.07211068272590637, 0.11924136430025101, 0.06552805751562119, 0.06113836541771889, 0.03853624314069748, 0.048728324472904205, 0.0973106175661087, 0.13359935581684113, 0.20330429077148438, 0.2396470010280609, 0.08742830157279968, 0.027275044471025467, 0.11962844431400299, 0.2646682858467102, 0.10565085709095001, 0.08142692595720291, 0.1152796745300293, 0.12567368149757385, 0.3298083245754242, 0.09196318686008453, 0.13969242572784424, 0.05537562444806099, 0.004567633382976055, 0.2821577489376068, 0.14911967515945435, 0.09137938916683197, 0.09762904047966003, 0.02903282828629017, 0.02900235913693905, 0.06151023879647255, 0.23071323335170746, 0.06731928884983063, 0.03253019228577614, 0.16320648789405823, 0.08047440648078918, 0.010916614904999733, 0.045809511095285416, 0.10287696868181229, 0.06499744206666946, 0.3879234492778778, 0.0822146013379097, 0.014835779555141926, 0.013695573434233665, 0.1630658656358719, 0.07835066318511963, 0.09032142907381058, 0.03333308920264244, 0.07549306005239487, 0.0868653655052185, 0.21223367750644684, 0.0807657390832901, 0.033242322504520416, 0.20987382531166077, 0.22392642498016357, 0.04806613177061081, 0.11069189757108688, 0.12016245722770691, 0.1350991576910019]"
F24,"[0.17587028443813324, 0.14951583743095398, 0.2492673695087433, 0.019303562119603157, 0.4349557161331177, 0.009855878539383411, 0.347474068403244, 0.0013564327964559197, 0.01605856791138649, 0.12854230403900146, 0.013756521046161652, 0.1464700698852539, 0.018368825316429138, 0.18769271671772003, 0.2476806938648224, 0.1256917268037796, 0.19620254635810852, 0.4201037287712097, 0.036060404032468796, 0.01466798223555088, 0.10296798497438431, 0.11631792038679123, 0.014702287502586842, 0.047809310257434845, 0.052473727613687515, 0.08562923222780228, 0.3384878933429718, 0.2585394084453583, 0.12095803767442703, 0.0167793408036232, 0.2611287236213684, 0.2683175206184387, 0.0020433105528354645, 0.04735695943236351, 0.09215597063302994, 0.16057565808296204, 0.2727419137954712, 0.23706360161304474, 0.09361375123262405, 0.48315486311912537, 0.14938144385814667, 0.004045739304274321, 0.019849803298711777, 0.2555316090583801, 0.0677008107304573, 0.06579282879829407, 0.12752951681613922, 0.4327033460140228, 0.19385966658592224, 0.04848501458764076, 0.13840427994728088, 0.11695851385593414, 0.0958939790725708, 0.1515076905488968, 0.22716239094734192, 0.03332452103495598, 0.0694979801774025, 0.16762782633304596, 0.15587256848812103, 0.4992128312587738, 0.18800479173660278, 0.2557458281517029, 0.07799318432807922, 0.03857941925525665, 0.10280999541282654, 0.1793365627527237, 0.009703585878014565, 0.09894395619630814, 0.012127520516514778, 0.14132870733737946, 0.18296898901462555, 0.1736556440591812, 0.06900116056203842, 0.21505217254161835, 0.5005685091018677, 0.35054418444633484, 0.14220201969146729, 0.06985552608966827, 0.01748647354543209, 0.15317752957344055, 0.06745600700378418, 0.021295085549354553, 0.22945676743984222, 0.10667634755373001, 0.08287262916564941, 0.19631753861904144, 0.031275421380996704, 0.24500997364521027, 0.15779002010822296, 0.12802667915821075, 0.24514083564281464, 0.13973520696163177, 0.17014506459236145, 0.3956606984138489, 0.1316138207912445, 0.1764880269765854, 0.3005034327507019, 0.18369117379188538, 0.1398894339799881, 0.1124211847782135, 0.04496750235557556, 0.08136541396379471, 0.0688088983297348, 0.2297709435224533, 0.0511055663228035, 0.1626448631286621, 0.07932696491479874, 0.1263650357723236, 0.13972584903240204, 0.12793834507465363, 0.039728399366140366, 0.34103575348854065, 0.05412983149290085, 0.05508878827095032, 0.11774536222219467, 0.18330837786197662, 0.08677929639816284, 0.12433263659477234, 0.19655045866966248, 0.05454216152429581, 0.36907827854156494, 0.2500907778739929, 0.16626356542110443, 0.004958466161042452, 0.02955460362136364, 0.07170315086841583, 0.3041556477546692, 0.09053364396095276]"
F25,"[0.11628066003322601, 0.2733716070652008, 0.13549605011940002, 0.017643379047513008, 0.024441786110401154, 0.3295115828514099, 0.01634039543569088, 0.10673562437295914, 0.43986570835113525, 0.17276383936405182, 0.3429239094257355, 0.2186518758535385, 0.07734516263008118, 0.04130924493074417, 0.1287558227777481, 0.09749579429626465, 0.34395715594291687, 0.22073522210121155, 0.004270714707672596, 0.01502208411693573, 0.2539033889770508, 0.027135364711284637, 0.0446433387696743, 0.22771604359149933, 0.26000481843948364, 0.01651509292423725, 0.2608034610748291, 0.13374526798725128, 0.18855267763137817, 0.4196375608444214, 0.0251932293176651, 0.2183028608560562, 0.7178265452384949, 0.29061099886894226, 0.1490241289138794, 0.37178483605384827, 0.0003623298543971032, 0.2806529998779297, 0.09507501870393753, 0.20127612352371216, 0.08551783114671707, 0.01912013068795204, 0.07269731909036636, 0.07076199352741241, 0.09081435948610306, 0.014395623467862606, 0.0832483246922493, 0.2425360083580017, 0.09864963591098785, 0.35169517993927, 0.0032116323709487915, 0.22557860612869263, 0.007166816387325525, 0.15223021805286407, 0.11854042112827301, 0.14998812973499298, 0.031396735459566116, 0.3103117048740387, 0.07065749168395996, 0.11937790364027023, 0.008086483925580978, 0.02767798863351345, 0.2010679692029953, 0.1948564499616623, 0.22616615891456604, 0.2364717572927475, 0.19216904044151306, 0.10618429630994797, 0.09546956419944763, 0.23798738420009613, 0.024307293817400932, 0.13756214082241058, 0.14074181020259857, 0.028500596061348915, 0.13145959377288818, 0.10474823415279388, 0.12706725299358368, 0.015952110290527344, 0.3104812204837799, 0.004848102107644081, 0.18364651501178741, 0.011212621815502644, 0.0033871843479573727, 0.2358763962984085, 0.28799885511398315, 0.1656472384929657, 0.049979377537965775, 0.05015622824430466, 0.29763877391815186, 0.5029767155647278, 0.1971542239189148, 0.04137701168656349, 0.5816498398780823, 0.18153291940689087, 0.060140613466501236, 0.20877179503440857, 0.13942094147205353, 0.38159990310668945, 0.33086350560188293, 0.18705007433891296, 0.032384924590587616, 0.2740425169467926, 0.06384126096963882, 0.33022060990333557, 0.08165040612220764, 0.05708320438861847, 0.057977885007858276, 0.0358995646238327, 0.15399426221847534, 0.04754285514354706, 0.12014829367399216, 0.1418178230524063, 0.11327509582042694, 0.4552810788154602, 0.04300385341048241, 0.047201141715049744, 0.0737946480512619, 0.12664921581745148, 0.12326564639806747, 0.0073281023651361465, 0.019257983192801476, 0.46662598848342896, 0.13761305809020996, 0.060122087597846985, 0.0899016484618187, 0.2270386815071106, 0.20823809504508972, 0.25775426626205444]"
F26,"[0.037297412753105164, 0.11655109375715256, 0.025348426774144173, 0.40981489419937134, 0.22884032130241394, 0.05203147977590561, 0.44711318612098694, 0.11870680004358292, 0.11501729488372803, 0.19579316675662994, 0.28547337651252747, 0.09343666583299637, 0.41370564699172974, 0.33200180530548096, 0.2758782207965851, 0.2574942111968994, 0.33399900794029236, 0.17817839980125427, 0.049510467797517776, 0.0001943383686011657, 0.02821015566587448, 0.14275029301643372, 0.16609016060829163, 0.08988535404205322, 0.1174226850271225, 0.16602692008018494, 0.11686646193265915, 0.05946262925863266, 0.4177912771701813, 0.208619624376297, 0.14743325114250183, 0.030650638043880463, 0.11085160821676254, 0.029432203620672226, 0.08849736303091049, 0.21849368512630463, 0.4574466943740845, 0.41891276836395264, 0.08496904373168945, 0.20022374391555786, 0.20631147921085358, 0.11889292299747467, 0.15314729511737823, 0.09609869122505188, 0.015568305738270283, 0.3030371069908142, 0.055390555411577225, 0.07977773994207382, 0.14258478581905365, 0.13763274252414703, 0.36191678047180176, 0.0707532986998558, 0.020643388852477074, 0.1520530879497528, 0.1843380331993103, 0.33427485823631287, 0.11568640917539597, 0.18315398693084717, 0.15667784214019775, 0.16170191764831543, 0.14254862070083618, 0.06566494703292847, 0.05100980028510094, 0.17002761363983154, 0.06365949660539627, 0.1737772673368454, 0.1686410903930664, 0.09729774296283722, 0.029598074033856392, 0.15390296280384064, 0.030738335102796555, 0.14324602484703064, 0.17956632375717163, 0.14446666836738586, 0.24057471752166748, 0.19690574705600739, 0.18007878959178925, 0.07980357855558395, 0.26617300510406494, 0.026257215067744255, 0.2234850376844406, 0.019992195069789886, 0.1752592772245407, 0.14673909544944763, 0.11762277781963348, 0.026875421404838562, 0.07391868531703949, 0.19427888095378876, 0.25966745615005493, 0.15196636319160461, 0.5632478594779968, 0.02552100643515587, 0.16810265183448792, 0.13441909849643707, 0.008469125255942345, 0.368662029504776, 0.20832955837249756, 0.10173792392015457, 0.07449303567409515, 0.1668642908334732, 0.24050948023796082, 0.09052865207195282, 0.04066457599401474, 0.11810250580310822, 0.16173093020915985, 0.12534162402153015, 0.05253923311829567, 0.16896934807300568, 0.25413978099823, 0.2300613969564438, 0.3470790684223175, 0.08320643752813339, 0.10341960936784744, 0.21618013083934784, 0.3750762939453125, 0.3596480190753937, 0.06962462514638901, 0.2786440849304199, 0.06471402198076248, 0.15744267404079437, 0.13308919966220856, 0.038030095398426056, 0.16154228150844574, 0.29632145166397095, 0.2660118043422699, 0.115134596824646, 0.20192356407642365, 0.08904246985912323]"
F27,"[0.45238208770751953, 0.22701826691627502, 0.0019448206294327974, 0.12174282968044281, 0.04557327181100845, 0.29255595803260803, 0.12191987782716751, 0.13285721838474274, 0.1451115757226944, 0.16912958025932312, 0.45540982484817505, 0.026717934757471085, 0.024504119530320168, 0.11070791631937027, 0.09095398336648941, 0.025240257382392883, 0.05111982300877571, 0.016612254083156586, 0.09698691964149475, 0.07737019658088684, 0.08675307035446167, 0.04861624166369438, 0.42050451040267944, 0.12753602862358093, 0.008711326867341995, 0.30357152223587036, 0.09186659008264542, 0.03900876268744469, 0.058714669197797775, 0.16418392956256866, 0.05226072296500206, 0.027128657326102257, 0.005523918196558952, 0.18183672428131104, 0.19875909388065338, 0.2327226996421814, 0.26736927032470703, 0.1597144454717636, 0.12619850039482117, 0.017811816185712814, 0.009756011888384819, 0.1310659945011139, 0.014149787835776806, 0.14898133277893066, 0.05869313329458237, 0.007212077267467976, 0.26030197739601135, 0.21490222215652466, 0.09826410561800003, 0.16917262971401215, 0.38819238543510437, 0.23950296640396118, 0.08212412893772125, 0.26929792761802673, 0.20552664995193481, 0.2925392687320709, 0.0756542906165123, 0.041399501264095306, 0.20007503032684326, 0.3654331564903259, 0.05666044354438782, 0.10321543365716934, 0.05217014625668526, 0.048029229044914246, 0.03149648383259773, 0.010760550387203693, 0.0198347344994545, 0.03931206464767456, 0.09814151376485825, 0.20064018666744232, 0.0317205935716629, 0.19606760144233704, 0.21591338515281677, 0.13117150962352753, 0.06593359261751175, 0.019392093643546104, 0.06864263862371445, 0.14376544952392578, 0.07801351696252823, 0.05499061197042465, 0.022040728479623795, 0.15569519996643066, 0.1180088147521019, 0.21886517107486725, 0.02308950014412403, 0.05929716303944588, 0.3619394600391388, 0.1727527230978012, 0.17880944907665253, 0.19900336861610413, 0.15664616227149963, 0.06839016079902649, 0.021103190258145332, 0.0521114356815815, 0.17381460964679718, 0.0942486897110939, 0.14058558642864227, 0.0701475441455841, 0.12981952726840973, 0.14444902539253235, 0.256159245967865, 0.28909337520599365, 0.15186823904514313, 0.12356185913085938, 0.05485391244292259, 0.06636466830968857, 0.016958599910140038, 0.1455383598804474, 0.0050984276458621025, 0.18704168498516083, 0.04269393905997276, 0.0182318314909935, 0.0023311558179557323, 0.011235451325774193, 0.25637513399124146, 0.18082588911056519, 0.08217272907495499, 0.029319074004888535, 0.054924555122852325, 0.4154065251350403, 0.07962226867675781, 0.06838427484035492, 0.4276343882083893, 0.06424551457166672, 0.32817885279655457, 0.30757343769073486, 0.07799632102251053, 0.04071132093667984]"
F28,"[0.08743342757225037, 0.24812619388103485, 0.16118170320987701, 0.08428647369146347, 0.13720561563968658, 0.27868327498435974, 0.11093221604824066, 0.015654951333999634, 0.7190014123916626, 0.14241155982017517, 0.21234068274497986, 0.11816186457872391, 0.11322226375341415, 0.021617967635393143, 0.08525281399488449, 0.10082132369279861, 0.09326809644699097, 0.22963233292102814, 0.005945098586380482, 0.004975091200321913, 0.10617664456367493, 0.18244744837284088, 0.019871259108185768, 0.01928839460015297, 0.1583893895149231, 0.6660345792770386, 0.26042693853378296, 0.1760958582162857, 0.2748391926288605, 0.4157121479511261, 0.021526740863919258, 0.07613522559404373, 0.12436357140541077, 0.12726154923439026, 0.1309134066104889, 0.6333950161933899, 0.052787695080041885, 0.4348888695240021, 0.5353487730026245, 0.24514298141002655, 0.05228295549750328, 0.054687611758708954, 0.3272588551044464, 0.05304728448390961, 0.13743165135383606, 0.07774514704942703, 0.09145382046699524, 0.31043222546577454, 0.5079110860824585, 0.05323830991983414, 0.14485031366348267, 0.3350829780101776, 0.23114416003227234, 0.030086861923336983, 0.1397487074136734, 0.3552023470401764, 0.1451101005077362, 0.12033925205469131, 0.12686899304389954, 0.01635039784014225, 0.04333844408392906, 0.2685958445072174, 0.15171416103839874, 0.10719211399555206, 0.38045623898506165, 0.10600517690181732, 0.06317468732595444, 0.0604599192738533, 0.08372404426336288, 0.03224584832787514, 0.06518028676509857, 0.10310747474431992, 0.06504417210817337, 0.1935715526342392, 0.1581439971923828, 0.004640898667275906, 0.3539017140865326, 0.8013902902603149, 0.23298746347427368, 0.004996447823941708, 0.22544050216674805, 0.07532019168138504, 0.13058586418628693, 0.4035605192184448, 0.1178508847951889, 0.07054071128368378, 0.22494183480739594, 0.12502075731754303, 0.16677355766296387, 0.2282276451587677, 0.3232956826686859, 0.06849539279937744, 0.051053449511528015, 0.43219104409217834, 0.051092252135276794, 0.11376659572124481, 0.24498556554317474, 0.28213927149772644, 0.07952680438756943, 0.029966279864311218, 0.16285252571105957, 0.060468874871730804, 0.09578701108694077, 0.11461897939443588, 0.09413998574018478, 0.31670933961868286, 0.0038800397887825966, 0.03794414922595024, 0.23219850659370422, 0.00880027562379837, 0.20845597982406616, 0.370356947183609, 0.034470584243535995, 0.025522777810692787, 0.03808655962347984, 0.23850813508033752, 0.03205912187695503, 0.200672909617424, 0.16895551979541779, 0.00824523065239191, 0.19511893391609192, 0.15949150919914246, 0.2889990210533142, 0.020532365888357162, 0.041070107370615005, 0.0028537616599351168, 0.033165205270051956, 0.2804245948791504]"
F29,"[0.042975835502147675, 0.1760251522064209, 0.018608633428812027, 0.0851154550909996, 0.17632132768630981, 0.14969925582408905, 0.6983423829078674, 0.08219874650239944, 0.014492832124233246, 0.39797818660736084, 0.0874403640627861, 0.12879997491836548, 0.10913746803998947, 0.0352192185819149, 0.09574945271015167, 0.0966554582118988, 0.03547373786568642, 0.0881783664226532, 0.23022302985191345, 0.10730783641338348, 0.14826533198356628, 0.21103428304195404, 0.1059551015496254, 0.03846760094165802, 0.2392231822013855, 0.056512895971536636, 0.027433618903160095, 0.11996723711490631, 0.050281863659620285, 0.11611829698085785, 0.024255456402897835, 0.14597763121128082, 0.1145244687795639, 0.16845351457595825, 0.19985337555408478, 0.15868523716926575, 0.008735849522054195, 0.01801425591111183, 0.1037052571773529, 0.13701675832271576, 0.1610209196805954, 0.1394428014755249, 0.047022316604852676, 0.04104843735694885, 0.34865620732307434, 0.11184481531381607, 0.2920061945915222, 0.04226686432957649, 0.3370627164840698, 0.031844090670347214, 0.15736427903175354, 0.12612658739089966, 0.18793581426143646, 0.07183954119682312, 0.06144944578409195, 0.22838743031024933, 0.05359261482954025, 0.04769759252667427, 0.4153275191783905, 0.427020788192749, 0.009422953240573406, 0.038930997252464294, 0.0549149252474308, 0.024570979177951813, 0.15782059729099274, 0.2684269845485687, 0.4054219722747803, 0.10515248030424118, 0.2714712619781494, 0.18641529977321625, 0.08548890799283981, 0.10555988550186157, 0.3990054726600647, 0.0009965433273464441, 0.02362757921218872, 0.018071407452225685, 0.20426218211650848, 0.023626096546649933, 0.003295877017080784, 0.1312451958656311, 0.06202373281121254, 0.13862177729606628, 0.11695172637701035, 0.22684824466705322, 0.1743852198123932, 0.11205144226551056, 0.08853518217802048, 0.03284367173910141, 0.08264295756816864, 0.19435854256153107, 0.12173468619585037, 0.16344508528709412, 0.16315889358520508, 0.0013676442904397845, 0.08972548693418503, 0.37772029638290405, 0.177861750125885, 0.08053295314311981, 0.20634597539901733, 0.44799870252609253, 0.2317308932542801, 0.03980054706335068, 0.21824270486831665, 0.06174845993518829, 0.07021353393793106, 0.19469663500785828, 0.19314146041870117, 0.14992402493953705, 0.039112817496061325, 0.23568440973758698, 0.23118500411510468, 0.18254972994327545, 0.240323007106781, 0.29533934593200684, 0.05639874190092087, 0.22974959015846252, 0.06012288108468056, 0.08114880323410034, 0.007451165933161974, 0.15344303846359253, 0.010724696330726147, 0.23662768304347992, 0.012658028863370419, 0.15508440136909485, 0.10630065947771072, 0.04842532053589821, 0.42559847235679626, 0.10356123745441437]"
F30,"[0.010567281395196915, 0.01418762281537056, 0.22539600729942322, 0.054420106112957, 0.05202896147966385, 0.142558291554451, 0.04578212648630142, 0.08694255352020264, 0.38063931465148926, 0.044306933879852295, 0.36285993456840515, 0.13467365503311157, 0.2162661850452423, 0.11853160709142685, 0.1135178729891777, 0.0790654867887497, 0.14561080932617188, 0.17713432013988495, 0.1337588131427765, 0.16464394330978394, 0.08701707422733307, 0.038864996284246445, 0.1516808718442917, 0.022870289161801338, 0.019958944991230965, 0.07693953812122345, 0.014820093289017677, 0.022054091095924377, 0.043962590396404266, 0.2957475483417511, 0.19463370740413666, 0.29392802715301514, 0.015292074531316757, 0.25158944725990295, 0.29826703667640686, 0.1768002063035965, 0.15900081396102905, 0.04631081223487854, 0.07649827748537064, 0.11862512677907944, 0.08306226879358292, 0.2349511831998825, 0.22058801352977753, 0.06085360795259476, 0.1120104193687439, 0.13800503313541412, 0.03487348556518555, 0.06936141103506088, 0.04517071694135666, 0.1502949744462967, 0.04744693264365196, 0.24129123985767365, 0.14774414896965027, 0.14941266179084778, 0.04080919921398163, 0.04538910835981369, 0.013957194983959198, 0.1667834371328354, 0.01753976196050644, 0.554579496383667, 0.0952177420258522, 0.01418002787977457, 0.14792868494987488, 0.39839544892311096, 0.09192470461130142, 0.20919720828533173, 0.2333184778690338, 0.08063772320747375, 0.09890207648277283, 0.15490365028381348, 0.008294448256492615, 0.06264394521713257, 0.3143620491027832, 0.07978488504886627, 0.20375289022922516, 0.051749639213085175, 0.2442028820514679, 0.03213749825954437, 0.4225468039512634, 0.12344211339950562, 0.10001031309366226, 0.09098094701766968, 0.26978859305381775, 0.03456532210111618, 0.24955973029136658, 0.0945560410618782, 0.2431337982416153, 0.41368070244789124, 0.19312791526317596, 0.13197527825832367, 0.17215237021446228, 0.21326981484889984, 0.011736548505723476, 0.4699109196662903, 0.048847746104002, 0.12143279612064362, 0.1196022778749466, 0.050063300877809525, 0.050962481647729874, 0.15063956379890442, 0.04328532516956329, 0.02468503825366497, 0.4045376777648926, 0.1801697015762329, 0.002277196617797017, 0.165083110332489, 0.003171713324263692, 0.07531555742025375, 0.12167077511548996, 0.18803316354751587, 0.2152225226163864, 0.023844687268137932, 0.23196101188659668, 0.3115611970424652, 0.07733693718910217, 0.18402394652366638, 0.018827959895133972, 0.47853729128837585, 0.2419145107269287, 0.3388821482658386, 0.002490782644599676, 0.13136211037635803, 0.14965325593948364, 0.11769338697195053, 0.15923212468624115, 0.12645231187343597, 0.012141977436840534, 0.17539571225643158]"
F31,"[0.16077831387519836, 0.1940450370311737, 0.08236712962388992, 0.11957573890686035, 0.056303318589925766, 0.17733561992645264, 0.033657256513834, 0.07902020961046219, 0.04641564562916756, 0.258774995803833, 0.25660809874534607, 0.2361835241317749, 0.2384192794561386, 0.03159550204873085, 0.15603919327259064, 0.37369680404663086, 0.01952788606286049, 0.11431708931922913, 0.15999680757522583, 0.020052121952176094, 0.0015214624581858516, 0.1117195412516594, 0.1833437830209732, 0.14934603869915009, 0.02193930372595787, 0.35252419114112854, 0.04803060367703438, 0.34581997990608215, 0.0805920660495758, 0.2433108687400818, 0.13650639355182648, 0.14359816908836365, 0.04341680929064751, 0.33508023619651794, 0.12308766692876816, 0.06106202304363251, 0.018427161499857903, 0.3273833096027374, 0.16571900248527527, 0.008025046437978745, 0.22686831653118134, 0.16272296011447906, 0.0993499904870987, 0.014850077219307423, 0.11855550110340118, 0.04706517979502678, 0.24292020499706268, 0.6564756631851196, 0.4299080967903137, 0.07348048686981201, 0.3256708085536957, 0.0674239918589592, 0.20556733012199402, 0.4179280400276184, 0.17322398722171783, 0.23255948722362518, 0.22138306498527527, 0.07849176228046417, 0.07004422694444656, 0.2651187777519226, 0.2003602832555771, 0.08071818947792053, 0.15219563245773315, 0.03769402578473091, 0.009739842265844345, 0.2404412180185318, 0.07044000178575516, 0.10836431384086609, 0.16406190395355225, 0.07306496798992157, 0.07651959359645844, 0.07853911817073822, 0.11232756823301315, 0.18308544158935547, 0.25874197483062744, 0.009840181097388268, 0.1746683120727539, 0.07613805681467056, 0.20881545543670654, 0.009371097199618816, 0.11701606959104538, 0.14226187765598297, 0.35213690996170044, 0.22628766298294067, 0.030781758949160576, 0.005449654534459114, 0.16429661214351654, 0.3715910017490387, 0.11152312159538269, 0.34916359186172485, 0.19624803960323334, 0.17127154767513275, 0.1055041030049324, 0.19603140652179718, 0.1743730902671814, 0.1817527562379837, 0.19973500072956085, 0.38551560044288635, 0.12166481465101242, 0.01352620404213667, 0.1615721583366394, 0.48145535588264465, 0.04361417889595032, 0.1832517832517624, 0.0973191186785698, 0.10624029487371445, 0.01399253960698843, 0.5480442643165588, 0.14218227565288544, 0.0540422759950161, 0.40808364748954773, 0.1754603087902069, 0.019050102680921555, 0.24804867804050446, 0.19844220578670502, 0.08561961352825165, 0.10058034956455231, 0.1664542704820633, 0.023024462163448334, 0.1255847066640854, 0.06609249114990234, 0.29038554430007935, 0.11192838102579117, 0.20716914534568787, 0.03551924601197243, 0.14147353172302246, 0.1254945993423462, 0.0060818810015916824]"
F32,"[0.007656306494027376, 0.10513169318437576, 0.018835892900824547, 0.3534402847290039, 0.1623150110244751, 0.051007118076086044, 0.04285372421145439, 0.031089631840586662, 0.0817333310842514, 0.09290304780006409, 0.1470029056072235, 0.14090900123119354, 0.4301967918872833, 0.2449125349521637, 0.010272486135363579, 0.14193189144134521, 0.004947243724018335, 0.03527500480413437, 0.1969708651304245, 0.3325496017932892, 0.18233774602413177, 0.38615837693214417, 0.19631201028823853, 0.12739309668540955, 0.16283416748046875, 0.0077905249781906605, 0.12498454749584198, 0.3683231770992279, 0.10112229734659195, 0.24200138449668884, 0.04030036926269531, 0.016932055354118347, 0.324851930141449, 0.09307771921157837, 0.16135410964488983, 0.023369068279862404, 0.19688250124454498, 0.0363536961376667, 0.18842452764511108, 0.12586423754692078, 0.19442948698997498, 0.269296795129776, 0.0780167281627655, 0.09900061786174774, 0.0019686510786414146, 0.001213784795254469, 0.04981933906674385, 0.12666106224060059, 0.10398347675800323, 0.09008252620697021, 0.2667108178138733, 0.45783761143684387, 0.046345993876457214, 0.29662179946899414, 0.23211313784122467, 0.27183738350868225, 0.043681755661964417, 0.11945362389087677, 0.1002458855509758, 0.0020347193349152803, 0.24673017859458923, 0.22081078588962555, 0.06006467342376709, 0.006326689850538969, 0.007350602652877569, 0.124886155128479, 0.10043969750404358, 0.017205413430929184, 0.21814358234405518, 0.16162700951099396, 0.02228393964469433, 0.03584064915776253, 0.19484007358551025, 0.034855786710977554, 0.24986056983470917, 0.09257302433252335, 0.30346259474754333, 0.01872006058692932, 0.01116025261580944, 0.3538097143173218, 0.10273749381303787, 0.04257918521761894, 0.27420154213905334, 0.16913336515426636, 0.011817218735814095, 0.8632286190986633, 0.1061507910490036, 0.09476973861455917, 0.27241018414497375, 0.12185671180486679, 0.0025846485514193773, 0.023282211273908615, 0.16365966200828552, 0.2901622951030731, 0.09385266900062561, 0.2226714938879013, 0.20094183087348938, 0.025016197934746742, 0.05511973798274994, 0.07200084626674652, 0.016516439616680145, 0.1837245225906372, 0.161284402012825, 0.0011865824926644564, 0.09038400650024414, 0.16770994663238525, 0.043683748692274094, 0.06584063917398453, 0.023648377507925034, 0.001457400736398995, 0.023887693881988525, 0.09559203684329987, 0.2180614471435547, 0.03834909945726395, 0.0275188609957695, 0.10236862301826477, 0.5698837637901306, 0.14006243646144867, 0.2652583122253418, 0.06942377984523773, 0.012043928727507591, 0.03866216912865639, 0.16037589311599731, 0.12311015278100967, 0.34415289759635925, 0.1341593861579895, 0.15985523164272308, 0.029621971771121025]"
F33,"[0.21136344969272614, 0.4178323447704315, 0.06481733173131943, 0.4016474187374115, 0.0067838882096111774, 0.0219692662358284, 0.04197040572762489, 0.2228074073791504, 0.15237930417060852, 0.05736377462744713, 0.16559822857379913, 0.3313300609588623, 0.10759903490543365, 0.08856523036956787, 0.0679868683218956, 0.26079291105270386, 0.15398991107940674, 0.2444159984588623, 0.09524762630462646, 0.00038341956678777933, 0.10022309422492981, 0.3066788613796234, 0.11122127622365952, 0.03924041986465454, 0.0003540639590937644, 0.12902648746967316, 0.07104618102312088, 0.07314502447843552, 0.11084288358688354, 0.06756096333265305, 0.009718542918562889, 0.1545889526605606, 0.020438039675354958, 0.1193503811955452, 0.25922712683677673, 0.14312410354614258, 0.03249422460794449, 0.12611785531044006, 0.2671036124229431, 0.19088226556777954, 0.14270640909671783, 0.1421755701303482, 0.036421772092580795, 0.39749646186828613, 0.1443178802728653, 0.05620710924267769, 0.11907845735549927, 0.24256166815757751, 0.03922124579548836, 0.24477455019950867, 0.019928978756070137, 0.32951581478118896, 0.003576287068426609, 0.18381673097610474, 0.20445111393928528, 0.041488394141197205, 0.2381228357553482, 0.01434912160038948, 0.17205922305583954, 0.1067269816994667, 0.004892662167549133, 0.1398753672838211, 0.07163014262914658, 0.06177918612957001, 0.1563943475484848, 0.053016453981399536, 0.03164292126893997, 0.11025285720825195, 0.2919243276119232, 0.2520108222961426, 0.014866210520267487, 0.26383885741233826, 0.06283543258905411, 0.5065096616744995, 0.041458241641521454, 0.11651456356048584, 0.07209857553243637, 0.20266036689281464, 0.3093709349632263, 0.0035129208117723465, 0.09611254185438156, 0.09783896058797836, 0.012738846242427826, 0.040531519800424576, 0.12706562876701355, 0.25708261132240295, 0.009946745820343494, 0.11100361496210098, 0.26747480034828186, 0.05534561723470688, 0.10993316769599915, 0.0022350649815052748, 0.5620923042297363, 0.19311024248600006, 0.0374775305390358, 0.03337588161230087, 0.06553768366575241, 0.07447230070829391, 0.04648749902844429, 0.0635281577706337, 0.32984381914138794, 0.10846367478370667, 0.0538540780544281, 0.025486551225185394, 0.10818873345851898, 0.24869821965694427, 0.15433098375797272, 0.28238481283187866, 0.005155437160283327, 0.19292165338993073, 0.19296568632125854, 0.0002583595342002809, 0.1949341595172882, 0.1557578593492508, 0.2023211568593979, 0.47396761178970337, 0.04828031361103058, 0.11981251090765, 0.03305026516318321, 0.14751757681369781, 0.012394741177558899, 0.3448200523853302, 0.16059912741184235, 0.14072002470493317, 0.3317868411540985, 0.09695328027009964, 0.12097911536693573, 0.08282916992902756]"
F34,"[0.0906154215335846, 0.20324145257472992, 0.06764715164899826, 0.3530213534832001, 0.2861638069152832, 0.04930863901972771, 0.279716432094574, 0.10926435887813568, 0.19625836610794067, 0.033356986939907074, 0.15076793730258942, 0.022940250113606453, 0.35823747515678406, 0.1860017478466034, 0.017551230266690254, 0.04914828762412071, 0.04984661191701889, 0.0022573499009013176, 0.062049783766269684, 0.10510247200727463, 0.048680663108825684, 0.1762883961200714, 0.1187036857008934, 0.10312450677156448, 0.18316328525543213, 0.052952736616134644, 0.02637610398232937, 0.06105949729681015, 0.007424318231642246, 0.08040881156921387, 0.18386638164520264, 0.02973168157041073, 0.27739304304122925, 0.20697897672653198, 0.0644591823220253, 0.05441820248961449, 0.13136209547519684, 0.08254517614841461, 0.049142930656671524, 0.12944084405899048, 0.3054720163345337, 0.1913653165102005, 0.010552686639130116, 0.014226213097572327, 0.11366508901119232, 0.02686481364071369, 0.22249411046504974, 0.018190886825323105, 0.3006771206855774, 0.20822881162166595, 0.10460219532251358, 0.099786177277565, 0.11225489526987076, 0.11870165169239044, 0.22865985333919525, 0.04082844778895378, 0.12323353439569473, 0.25568002462387085, 0.01983010396361351, 0.15095151960849762, 0.04453807696700096, 0.12219146639108658, 0.2778809368610382, 0.44086700677871704, 0.11730599403381348, 0.042313482612371445, 0.10972660034894943, 0.11959800869226456, 0.03224924951791763, 0.08397897332906723, 0.03642299398779869, 0.19178926944732666, 0.1668538600206375, 0.06047755107283592, 0.256742388010025, 0.14785267412662506, 0.0910380557179451, 0.11225028336048126, 0.11096704006195068, 0.33908671140670776, 0.11538999527692795, 0.1397772878408432, 0.05588260665535927, 0.020131686702370644, 0.1693701446056366, 0.27595123648643494, 0.0986499935388565, 0.17367324233055115, 0.1333225518465042, 0.06507385522127151, 0.12786999344825745, 0.04395657032728195, 0.3802512288093567, 0.1283797174692154, 0.20936338603496552, 0.33225417137145996, 0.04192928224802017, 0.10264250636100769, 0.17138034105300903, 0.1751030683517456, 0.054052092134952545, 0.09815713763237, 0.12228664010763168, 0.3655870258808136, 0.1451384276151657, 0.010079563595354557, 0.03418103978037834, 0.06263747066259384, 0.14073801040649414, 0.01555480808019638, 0.07923559099435806, 0.08900582045316696, 0.15293268859386444, 0.04698291793465614, 0.09163549542427063, 0.05310455337166786, 0.03568074479699135, 0.08304239064455032, 0.40537089109420776, 0.09013050049543381, 0.14090029895305634, 0.2549283504486084, 0.05316101387143135, 0.12813997268676758, 0.27213650941848755, 0.10831787437200546, 0.22382450103759766, 0.172296404838562]"
F35,"[0.03806141018867493, 0.41571372747421265, 0.30643439292907715, 0.11549758166074753, 0.0643235445022583, 0.14971044659614563, 0.026192542165517807, 0.24796916544437408, 0.019608518108725548, 0.14931857585906982, 0.027499210089445114, 0.08732303977012634, 0.14083561301231384, 0.4766540229320526, 0.18343034386634827, 0.19348792731761932, 0.17442718148231506, 0.005941310431808233, 0.09450414031744003, 0.27898678183555603, 0.15289406478405, 0.2890535295009613, 0.08555485308170319, 0.2751016318798065, 0.32296645641326904, 0.1865283101797104, 0.06506044417619705, 0.13408143818378448, 0.02312592603266239, 0.06199738383293152, 0.029667025431990623, 0.16062381863594055, 0.2998853027820587, 0.1793670505285263, 0.02709316276013851, 0.13909655809402466, 0.33268219232559204, 0.005593476817011833, 0.09665605425834656, 0.17562106251716614, 0.009687402285635471, 0.2779935598373413, 0.00021746156562585384, 0.12195221334695816, 0.14594638347625732, 0.14684341847896576, 0.14624178409576416, 0.06682764738798141, 0.23188239336013794, 0.12768293917179108, 0.13145384192466736, 0.48189786076545715, 0.15500588715076447, 0.04665498062968254, 0.10602175444364548, 0.1612493246793747, 0.04280092194676399, 0.059121761471033096, 0.2875073552131653, 0.21872466802597046, 0.05672384425997734, 0.23241275548934937, 0.07623803615570068, 0.10934798419475555, 0.04929695278406143, 0.24652312695980072, 0.25077950954437256, 0.16859322786331177, 0.1310403048992157, 0.13198597729206085, 0.02842129021883011, 0.0061240228824317455, 0.056027427315711975, 0.06697290390729904, 0.1818133145570755, 0.25052154064178467, 0.110078826546669, 0.11181440204381943, 0.025052769109606743, 0.11293092370033264, 0.33048203587532043, 0.21356506645679474, 0.17836080491542816, 0.16595973074436188, 0.008791613392531872, 0.22839359939098358, 0.2795819044113159, 0.2426660805940628, 0.021073531359434128, 0.06751842051744461, 0.05520511791110039, 0.010737304575741291, 0.1465052217245102, 0.37880998849868774, 0.11074896156787872, 0.008257968351244926, 0.014447279274463654, 0.03709034621715546, 0.21826930344104767, 0.022682461887598038, 0.048141010105609894, 0.12448473274707794, 0.06865573674440384, 0.19440023601055145, 0.047269415110349655, 0.1433178186416626, 0.2330748736858368, 0.02494046837091446, 0.15762414038181305, 0.26906082034111023, 0.2880185842514038, 0.13245144486427307, 0.11452566832304001, 0.059593986719846725, 0.23957696557044983, 0.10819881409406662, 0.4547039866447449, 0.11559315025806427, 0.28253814578056335, 0.05297403782606125, 0.4700660705566406, 0.08765541762113571, 0.23848068714141846, 0.4212733507156372, 0.21012410521507263, 0.14127111434936523, 0.05162052437663078, 0.4331488609313965]"
F36,"[0.24900613725185394, 0.22156250476837158, 0.12895601987838745, 0.06055870279669762, 0.024273034185171127, 0.10481555759906769, 0.2630264163017273, 0.06729220598936081, 0.08045494556427002, 0.20688886940479279, 0.13651348650455475, 0.12480171769857407, 0.040807247161865234, 0.08826003223657608, 0.018666326999664307, 0.19545072317123413, 0.09036432206630707, 0.02364988438785076, 0.040584463626146317, 0.06605900824069977, 0.02228466235101223, 0.09792900830507278, 0.23947039246559143, 0.11315023899078369, 0.08619546890258789, 0.12212138622999191, 0.3805963695049286, 0.20602968335151672, 0.15877656638622284, 0.09631577879190445, 0.09985556453466415, 0.19745025038719177, 0.4415924549102783, 0.07968663424253464, 0.2663603127002716, 0.22094689309597015, 0.13344505429267883, 0.07556238770484924, 0.0003494935226626694, 0.05999873951077461, 0.10891853272914886, 0.07452791184186935, 0.01705414615571499, 0.22512778639793396, 0.1983397752046585, 0.04954245314002037, 0.029567906633019447, 0.2033482939004898, 0.07080921530723572, 0.047754473984241486, 0.037117183208465576, 0.531782865524292, 0.022779570892453194, 0.09763924777507782, 0.30137911438941956, 0.17329387366771698, 0.09472068399190903, 0.0648515447974205, 0.16663701832294464, 0.041142839938402176, 0.09791736304759979, 0.2981584370136261, 0.1409168839454651, 0.11198542267084122, 0.2498331367969513, 0.3205806612968445, 0.0650520995259285, 0.02548474632203579, 0.19998566806316376, 0.1666862517595291, 0.0046103596687316895, 0.1800672560930252, 0.04663381353020668, 0.07358792424201965, 0.2513439655303955, 0.2571847438812256, 0.008711173199117184, 0.029434695839881897, 0.09931781888008118, 0.08916330337524414, 0.05004127323627472, 0.000745215977076441, 0.0017459114314988256, 0.22645771503448486, 0.13296963274478912, 0.021278521046042442, 0.2708835005760193, 0.21417833864688873, 0.19216880202293396, 0.23174265027046204, 0.3162507116794586, 0.17344145476818085, 0.15992127358913422, 0.07901087403297424, 0.18061184883117676, 0.044244829565286636, 0.3336692154407501, 0.09675568342208862, 0.28562071919441223, 0.06334404647350311, 0.24233724176883698, 0.10555213689804077, 0.025782372802495956, 0.23888644576072693, 0.039103154093027115, 0.1192459762096405, 0.05054217204451561, 0.2715510129928589, 0.09134317934513092, 0.07654290646314621, 0.031186452135443687, 0.038999803364276886, 0.10392680019140244, 0.31503644585609436, 0.033795055001974106, 0.1622018665075302, 0.11857479810714722, 0.1787899136543274, 0.0028010655660182238, 0.07761400192975998, 0.2156815379858017, 0.32772061228752136, 0.8861724138259888, 0.11348523944616318, 0.03243090584874153, 0.014361655339598656, 0.22236639261245728, 0.21835748851299286]"
F37,"[0.14465390145778656, 0.1368403285741806, 0.18345174193382263, 0.1583317369222641, 0.05482611432671547, 0.11244644969701767, 0.15719567239284515, 0.038021430373191833, 0.4209505021572113, 0.17059026658535004, 0.07027676701545715, 0.06979897618293762, 0.08328952640295029, 0.42628929018974304, 0.17615152895450592, 0.7048640847206116, 0.16894963383674622, 0.24853217601776123, 0.2931492030620575, 0.0758947879076004, 0.13039232790470123, 0.2449052333831787, 0.11004284769296646, 0.0046769846230745316, 0.06329859048128128, 0.18565170466899872, 0.19989395141601562, 0.007602045312523842, 0.051073577255010605, 0.13376325368881226, 0.10761114954948425, 0.17189869284629822, 0.327044814825058, 0.23723921179771423, 0.0034019160084426403, 0.43577367067337036, 0.41578930616378784, 0.05219390243291855, 0.3416503667831421, 0.38468849658966064, 0.6626517176628113, 0.012275876477360725, 0.13917551934719086, 0.052994173020124435, 0.11267043650150299, 0.10467870533466339, 0.3520251214504242, 0.020481524989008904, 0.14125189185142517, 0.0442461296916008, 0.04512323811650276, 0.06962006539106369, 0.17014871537685394, 0.02022453211247921, 0.08743918687105179, 0.25681591033935547, 0.07694396376609802, 0.08538500964641571, 0.35106295347213745, 0.16035647690296173, 0.03735952451825142, 0.0157390758395195, 0.16607272624969482, 0.5120810270309448, 0.1049913763999939, 0.12844374775886536, 0.20152992010116577, 0.17844060063362122, 0.11482450366020203, 0.20202447474002838, 0.13143333792686462, 0.28204745054244995, 0.3560768663883209, 0.5870378613471985, 0.2943471670150757, 0.11680946499109268, 0.06502481549978256, 0.056560467928647995, 0.134846493601799, 0.2574734687805176, 0.3329360783100128, 0.25040313601493835, 0.01064398791640997, 0.26529327034950256, 0.10575181990861893, 0.177485853433609, 0.16506819427013397, 0.001775624812580645, 0.05519749969244003, 0.02652749978005886, 0.16101232171058655, 0.29792672395706177, 0.22520151734352112, 0.3653971552848816, 0.42676734924316406, 0.08498600125312805, 0.030678940936923027, 0.2526843547821045, 0.11492729932069778, 0.34550410509109497, 0.06632260233163834, 0.05019857734441757, 0.36771324276924133, 0.644123375415802, 0.2679925858974457, 0.05072924867272377, 0.1171034649014473, 0.07281508296728134, 0.13327141106128693, 0.18590089678764343, 0.17918989062309265, 0.04999851807951927, 0.0027427379973232746, 0.3718990385532379, 0.001333155669271946, 0.052240222692489624, 0.09835629165172577, 0.018236227333545685, 0.056343965232372284, 0.11640850454568863, 0.1813584566116333, 0.14591476321220398, 0.13071845471858978, 0.22282838821411133, 0.2514023184776306, 0.0020664113108068705, 0.11686059832572937, 0.1447310894727707]"
F38,"[0.16929656267166138, 0.08669603615999222, 0.1282128542661667, 0.35888853669166565, 0.07842152565717697, 0.4936245381832123, 0.04832702875137329, 0.087915800511837, 0.0223686583340168, 0.12061939388513565, 0.28525814414024353, 0.031115345656871796, 0.06685380637645721, 0.1466272622346878, 0.29302507638931274, 0.12298634648323059, 0.2809890806674957, 0.13479185104370117, 0.08801273256540298, 0.09373803436756134, 0.32576555013656616, 0.34319770336151123, 0.2720699906349182, 0.21213103830814362, 0.1670829951763153, 0.19738668203353882, 0.16288252174854279, 0.018236657604575157, 0.19207952916622162, 0.09576401859521866, 0.04139573127031326, 0.010340257547795773, 0.06920694559812546, 0.36523205041885376, 0.06740181148052216, 0.17258934676647186, 0.10815376788377762, 0.03106742724776268, 0.47689440846443176, 0.08489888161420822, 0.05681551620364189, 0.3030111491680145, 0.2628309726715088, 0.10677400976419449, 0.2612590193748474, 0.2830130457878113, 0.019188685342669487, 0.09766820073127747, 0.0038264633622020483, 0.1712566614151001, 0.14626915752887726, 0.11476064473390579, 0.12780284881591797, 0.14686398208141327, 0.18792566657066345, 0.030139101669192314, 0.17702442407608032, 0.25387415289878845, 0.12979111075401306, 0.14647771418094635, 0.23780912160873413, 0.1361049860715866, 0.3735724687576294, 0.29990553855895996, 0.0320800244808197, 0.08153944462537766, 0.18799637258052826, 0.16697317361831665, 0.21559889614582062, 0.05304718762636185, 0.02851208858191967, 0.5200704336166382, 0.012620999477803707, 0.062395405024290085, 0.10578066855669022, 0.2158605009317398, 0.27222883701324463, 0.008521702140569687, 0.5265125036239624, 0.13397258520126343, 0.10727834701538086, 0.14069902896881104, 0.008162637241184711, 0.020241187885403633, 0.0067313797771930695, 0.09611766040325165, 0.1647171825170517, 0.006716899573802948, 0.15266373753547668, 0.20705769956111908, 0.04418611153960228, 0.11053333431482315, 0.20594428479671478, 0.04161153733730316, 0.09162528067827225, 0.16504646837711334, 0.04210309684276581, 0.12560409307479858, 0.2824036478996277, 0.011116466484963894, 0.14414247870445251, 0.4741764962673187, 0.031039709225296974, 0.17859163880348206, 0.1427207589149475, 0.04802204668521881, 0.2030467689037323, 0.2620815932750702, 0.09500616788864136, 0.08592389523983002, 0.030632099136710167, 0.33431166410446167, 0.32183724641799927, 0.30608829855918884, 0.011045926250517368, 0.08659925311803818, 0.1882370412349701, 0.06342974305152893, 0.12423518300056458, 0.12635044753551483, 0.27920839190483093, 0.4522725045681, 0.1309339851140976, 0.18160155415534973, 0.0859270915389061, 0.16609515249729156, 0.2596490979194641, 0.1338963806629181]"
F39,"[0.011780190281569958, 0.0816739872097969, 0.3889669179916382, 0.039696019142866135, 0.30060622096061707, 0.14674974977970123, 0.021811388432979584, 0.23791402578353882, 0.07009647786617279, 0.25524452328681946, 0.038185007870197296, 0.18185095489025116, 0.1527864933013916, 0.11470729112625122, 0.025922557339072227, 0.19157345592975616, 0.0934523493051529, 0.009357905015349388, 0.09504766762256622, 0.08292379230260849, 0.018225321546196938, 0.0799836665391922, 0.5466021299362183, 0.06965571641921997, 0.15944889187812805, 0.1317414939403534, 0.01908046007156372, 0.19840934872627258, 0.07435927540063858, 0.10935411602258682, 0.012038540095090866, 0.04167905077338219, 0.016831133514642715, 0.11085586249828339, 0.3356507420539856, 0.09775762259960175, 0.3446785807609558, 0.12987717986106873, 0.39121752977371216, 0.06288176029920578, 0.09012804180383682, 0.02660016156733036, 0.11191901564598083, 0.2102702558040619, 0.18878735601902008, 0.16900427639484406, 0.22570385038852692, 0.345702201128006, 0.03041810914874077, 0.20797470211982727, 0.02048378251492977, 0.012132866308093071, 0.03421950340270996, 0.07536688446998596, 0.4994222819805145, 0.023938704282045364, 0.16293089091777802, 0.0024667843244969845, 0.035211220383644104, 0.0736481100320816, 0.38416996598243713, 0.03306404501199722, 0.2930404841899872, 0.061733752489089966, 0.2346762716770172, 0.15035219490528107, 0.16565953195095062, 0.15053914487361908, 0.05191630497574806, 0.023737844079732895, 0.11490560322999954, 0.06697152554988861, 0.22432738542556763, 0.2895429730415344, 0.20839156210422516, 0.18540790677070618, 0.04530348628759384, 0.07767219841480255, 0.04287711903452873, 0.013722637668251991, 0.0659666508436203, 0.10001853108406067, 0.062088243663311005, 0.22127139568328857, 0.2254112809896469, 0.051479522138834, 0.19117382168769836, 0.02236516959965229, 0.07773671299219131, 0.06949340552091599, 0.10917507112026215, 0.030365806072950363, 0.09071198105812073, 0.22162707149982452, 0.3858813941478729, 0.17137743532657623, 0.3412104547023773, 0.015219826251268387, 0.022518154233694077, 0.1397910714149475, 0.15941759943962097, 0.24598486721515656, 0.5271541476249695, 0.07332609593868256, 0.12237061560153961, 0.2180403620004654, 0.07009022682905197, 0.050969015806913376, 0.20996780693531036, 0.18658015131950378, 0.05681288614869118, 0.12575754523277283, 0.22477389872074127, 0.17666569352149963, 0.3303425908088684, 0.5088089108467102, 0.044339824467897415, 0.0407312735915184, 0.01747800223529339, 0.18231384456157684, 0.0423627644777298, 0.9988539814949036, 0.011639170348644257, 0.19542866945266724, 0.03432682901620865, 0.016443438827991486, 0.8023743629455566, 0.07241697609424591]"
F40,"[0.14615222811698914, 0.11969821155071259, 0.07558370381593704, 0.13040588796138763, 0.06358460336923599, 0.005244264379143715, 0.029515625908970833, 0.18307988345623016, 0.32101935148239136, 0.17620667815208435, 0.015367643907666206, 0.06968408077955246, 0.03642513230443001, 0.04732475057244301, 0.13386358320713043, 0.41458627581596375, 0.09454777836799622, 0.07065439969301224, 0.02896524779498577, 0.09037428349256516, 0.13320022821426392, 0.08380819112062454, 0.1659211665391922, 0.14897316694259644, 0.4766775965690613, 0.2607251703739166, 0.11405351012945175, 0.15748505294322968, 0.0652923509478569, 0.13019348680973053, 0.10141126811504364, 0.10465791821479797, 0.14653246104717255, 0.2253100723028183, 0.0036414675414562225, 0.42223307490348816, 0.17965134978294373, 0.18104484677314758, 0.10691653192043304, 0.03743766248226166, 0.21536970138549805, 0.1811370700597763, 0.0921829491853714, 0.21018880605697632, 0.17465904355049133, 0.29503971338272095, 0.1352006494998932, 0.16931761801242828, 0.2461145967245102, 0.2943190336227417, 0.13604609668254852, 0.02706778794527054, 0.28495076298713684, 0.21601609885692596, 0.03468899056315422, 0.14060208201408386, 0.019872035831212997, 0.15025828778743744, 0.20862004160881042, 0.11723610758781433, 0.04987475648522377, 0.08393362909555435, 0.116751529276371, 0.4825461208820343, 0.06699533015489578, 0.03972543030977249, 0.04060610756278038, 0.17075419425964355, 0.12644582986831665, 0.03307901322841644, 0.15205004811286926, 0.05931774526834488, 0.0765165463089943, 0.02578209899365902, 0.10450935363769531, 0.16853094100952148, 0.2663353383541107, 0.2066875547170639, 0.2726230025291443, 0.26973551511764526, 0.12225180119276047, 0.43843111395835876, 0.16570580005645752, 0.1459408551454544, 0.18552468717098236, 0.08306577801704407, 0.07925429195165634, 0.05673304945230484, 0.10621737688779831, 0.3284769058227539, 0.18288972973823547, 0.21430639922618866, 0.09584019333124161, 0.17564353346824646, 0.031244022771716118, 0.07277613133192062, 0.1465560644865036, 0.0777411013841629, 0.06046930328011513, 0.029431546106934547, 0.06035520136356354, 0.08253253251314163, 0.1792174130678177, 0.09410393983125687, 0.03936300799250603, 0.10934436321258545, 0.1373431384563446, 0.18183350563049316, 0.012633010745048523, 0.39392122626304626, 0.09422946721315384, 0.035827796906232834, 0.2166597843170166, 0.14911465346813202, 0.07316650450229645, 0.19939567148685455, 0.24526625871658325, 0.17516224086284637, 0.06161594018340111, 0.14663146436214447, 0.02781708538532257, 0.022533373907208443, 0.26391488313674927, 0.19778551161289215, 0.03461882472038269, 0.18546168506145477, 0.09851139038801193, 0.12668602168560028]"
F41,"[0.21914933621883392, 0.7957252860069275, 0.05647026374936104, 0.03732261434197426, 0.10136383771896362, 0.056509166955947876, 0.23399460315704346, 0.26281753182411194, 0.13982662558555603, 0.07429579645395279, 0.20498979091644287, 0.04150546342134476, 0.107392817735672, 0.30240702629089355, 0.05053098872303963, 0.06226798892021179, 0.11210672557353973, 0.18812210857868195, 0.09233833849430084, 0.0464562363922596, 0.08684494346380234, 0.03554580733180046, 0.34522756934165955, 0.26579007506370544, 0.03326861560344696, 0.10442154109477997, 0.11516835540533066, 0.0434199757874012, 0.006347122136503458, 0.16823312640190125, 0.003729397663846612, 0.044240839779376984, 0.10125523060560226, 0.0840097963809967, 0.004687117878347635, 0.18339282274246216, 0.046738311648368835, 0.040461212396621704, 0.1483907699584961, 0.17268630862236023, 0.13196828961372375, 0.058239713311195374, 0.07820183038711548, 0.17929194867610931, 0.18828168511390686, 0.19301049411296844, 0.1886206567287445, 0.1286928951740265, 0.10598137974739075, 0.08869975805282593, 0.2346268892288208, 0.01499923225492239, 0.16632294654846191, 0.10741251707077026, 0.16304372251033783, 0.09449329972267151, 0.14874616265296936, 0.16849079728126526, 0.08143996447324753, 0.16442646086215973, 0.10726985335350037, 0.20772908627986908, 0.14499828219413757, 0.11969371140003204, 0.5400071144104004, 0.3283306062221527, 0.06973819434642792, 0.05145375803112984, 0.15122301876544952, 0.11985084414482117, 0.3202151954174042, 0.07282070070505142, 0.05681775137782097, 0.045405950397253036, 0.13126884400844574, 0.18548570573329926, 0.028955252841114998, 0.014818950556218624, 0.22130250930786133, 0.29729485511779785, 0.15813925862312317, 0.022028641775250435, 0.13125157356262207, 0.03279326856136322, 0.2539244294166565, 0.1886371225118637, 0.1410330832004547, 0.0641917735338211, 0.2693324089050293, 0.24483077228069305, 0.15789659321308136, 0.17573139071464539, 0.26715463399887085, 0.15981391072273254, 0.28877952694892883, 0.09100353717803955, 0.1067977324128151, 0.2780154049396515, 0.17150822281837463, 0.11181142181158066, 0.29160889983177185, 0.2709238529205322, 0.3886968493461609, 0.005770339630544186, 0.2885110676288605, 0.10724643617868423, 0.0604679137468338, 0.11071812361478806, 0.04096635803580284, 0.35402804613113403, 0.08985775709152222, 0.0582846999168396, 0.2299492508172989, 0.2554645240306854, 0.25416669249534607, 0.0891202911734581, 0.10643124580383301, 0.2853448987007141, 0.24130630493164062, 0.013176838867366314, 0.21535615622997284, 0.20649896562099457, 0.006042408291250467, 0.46843084692955017, 0.445118248462677, 0.035292550921440125, 0.46122652292251587, 1.055837869644165]"
F42,"[0.02139558643102646, 0.29504692554473877, 0.02107992209494114, 0.09381718933582306, 0.010016515851020813, 0.1962209939956665, 0.27385878562927246, 0.0514276959002018, 0.19698384404182434, 0.12698207795619965, 0.06178624927997589, 0.0159316286444664, 0.1060454398393631, 0.047949470579624176, 0.060117606073617935, 0.14548006653785706, 0.11253756284713745, 0.21560199558734894, 0.03594333678483963, 0.0659208670258522, 0.01599292829632759, 0.03349408507347107, 0.006080700550228357, 0.026565678417682648, 0.013758149929344654, 0.34875696897506714, 0.3761964440345764, 0.17660339176654816, 0.029480578377842903, 0.07808902114629745, 0.09524533152580261, 0.059430673718452454, 0.26340439915657043, 0.009732859209179878, 0.53741455078125, 0.12455998361110687, 0.13819660246372223, 0.1423698365688324, 0.016579298302531242, 0.3111830949783325, 0.029987357556819916, 0.0925525650382042, 0.13946156203746796, 0.25259438157081604, 0.15150496363639832, 0.05745619907975197, 0.06761866062879562, 0.00830797478556633, 0.039112452417612076, 0.08844466507434845, 0.18664905428886414, 0.4473542273044586, 0.03511502221226692, 0.14765197038650513, 0.1963280439376831, 0.10225630551576614, 0.26395630836486816, 0.06316282600164413, 0.061520013958215714, 0.04481849819421768, 0.14844264090061188, 0.32716256380081177, 0.18018896877765656, 0.4493824541568756, 0.12973318994045258, 0.200916588306427, 0.05677889660000801, 0.10331317782402039, 0.08670110255479813, 0.16545070707798004, 0.09568218886852264, 0.02483249269425869, 0.19663338363170624, 0.2891077697277069, 0.09535449743270874, 0.09769196063280106, 0.1326456218957901, 0.0177141185849905, 0.2230229526758194, 0.031228985637426376, 0.09253543615341187, 0.04151296988129616, 0.25250038504600525, 0.03898335620760918, 0.019995156675577164, 0.0051323408260941505, 0.1880372017621994, 0.21951481699943542, 0.17837795615196228, 0.1859140396118164, 0.19519582390785217, 0.14715756475925446, 0.02661699429154396, 0.07039791345596313, 0.02393990196287632, 0.21864387392997742, 0.21938660740852356, 0.00029063745751045644, 0.11789588630199432, 0.07649064809083939, 0.1383877694606781, 0.28645822405815125, 0.4871865510940552, 0.06792642921209335, 0.12694446742534637, 0.05498115345835686, 0.12142696976661682, 0.1409500688314438, 0.045137472450733185, 0.17905201017856598, 0.009279174730181694, 0.08023965358734131, 0.077203668653965, 0.24962663650512695, 0.023679226636886597, 0.07275040447711945, 0.0083250617608428, 0.103060282766819, 0.08656833320856094, 0.007336053065955639, 0.07482144236564636, 0.24368101358413696, 0.7255144715309143, 0.024681443348526955, 0.012186186388134956, 0.07098361104726791, 0.1384877860546112, 0.012200182303786278]"
F43,"[0.34757524728775024, 0.13539278507232666, 0.09344157576560974, 0.08877674490213394, 0.27699515223503113, 0.07732479274272919, 0.015420257113873959, 0.1144721657037735, 0.008691204711794853, 0.07117781043052673, 0.4175446927547455, 0.07678929716348648, 0.24185629189014435, 0.25484809279441833, 0.03935952112078667, 0.19882716238498688, 0.2047020047903061, 0.3607642948627472, 0.033803969621658325, 0.03168793395161629, 0.016705917194485664, 0.03500300645828247, 0.008855191059410572, 0.43864357471466064, 0.07523716986179352, 0.07064289599657059, 0.05092031881213188, 0.26995792984962463, 0.1904463917016983, 0.04499514773488045, 0.008788034319877625, 0.3163180351257324, 0.20140604674816132, 0.32964909076690674, 0.10139326751232147, 0.08300656080245972, 0.26144295930862427, 0.08198656141757965, 0.31553471088409424, 0.10888868570327759, 0.06054842099547386, 0.008279378525912762, 0.2027982622385025, 0.07541467994451523, 0.046690795570611954, 0.05068527162075043, 0.3693085312843323, 0.0484793558716774, 0.061755020171403885, 0.06126084923744202, 0.014040286652743816, 0.015057384967803955, 0.06160032004117966, 0.09517538547515869, 0.22082401812076569, 0.09140083193778992, 0.006841877941042185, 0.11334299296140671, 0.364675909280777, 0.36300957202911377, 0.12959901988506317, 0.012595521286129951, 0.07440124452114105, 0.48522841930389404, 0.21098902821540833, 0.12135248631238937, 0.007083409931510687, 0.22949348390102386, 0.049899596720933914, 0.09110163152217865, 0.015388904139399529, 0.06111610680818558, 0.006057321559637785, 0.1578584611415863, 0.013000929728150368, 0.0441698394715786, 0.42341378331184387, 0.03599371761083603, 0.05615420639514923, 0.06887401640415192, 0.007162782363593578, 0.19111819565296173, 0.07103971391916275, 0.03995169326663017, 0.3266446590423584, 0.10764314234256744, 0.041023049503564835, 0.40742313861846924, 0.20344144105911255, 0.08598167449235916, 0.13706925511360168, 0.0429578460752964, 0.11416184157133102, 0.12095547467470169, 0.04700392857193947, 0.269008994102478, 0.0847187265753746, 0.16835634410381317, 0.19910156726837158, 0.2455572783946991, 0.1319108009338379, 0.030392231419682503, 0.10705763101577759, 0.15852417051792145, 0.08943770080804825, 0.053529608994722366, 0.05343598872423172, 0.05577075853943825, 0.2044336050748825, 0.34182682633399963, 0.33369627594947815, 0.07780226320028305, 0.07158221304416656, 0.2783585488796234, 0.1539996862411499, 0.11832370609045029, 0.13886503875255585, 0.29525917768478394, 0.08303558826446533, 0.0010142066748812795, 0.09997212886810303, 0.06041771173477173, 0.038177378475666046, 0.21721038222312927, 0.12736725807189941, 0.11667168885469437, 0.2503781318664551, 0.024447374045848846]"
F44,"[0.3370058238506317, 0.31502842903137207, 0.004090406466275454, 0.11728734523057938, 0.10419121384620667, 0.2746294438838959, 0.12751176953315735, 0.02038983628153801, 0.15295839309692383, 0.05656414479017258, 0.40488579869270325, 0.0039755371399223804, 0.179971382021904, 0.18980804085731506, 0.31207504868507385, 0.19936706125736237, 0.0342605896294117, 0.14636339247226715, 0.3032326102256775, 0.04653041064739227, 0.20257814228534698, 0.10103926807641983, 0.16010306775569916, 0.2863762080669403, 0.028403304517269135, 0.11364658176898956, 0.27951234579086304, 0.150093212723732, 0.22240528464317322, 0.10358938574790955, 0.04185770824551582, 0.12052834033966064, 0.09237008541822433, 0.025564033538103104, 0.13591057062149048, 0.03639291599392891, 0.13621419668197632, 0.2367253601551056, 0.11293894052505493, 0.07987941056489944, 0.05099431052803993, 0.018003150820732117, 0.18030692636966705, 0.10389062762260437, 0.05872860923409462, 0.2850109338760376, 0.029525991529226303, 0.24662210047245026, 0.31330588459968567, 0.12861523032188416, 0.16739706695079803, 0.24658526480197906, 0.2500390410423279, 0.07289091497659683, 0.03538110479712486, 0.3165615200996399, 0.031676940619945526, 0.020789004862308502, 0.11536356806755066, 0.020921099931001663, 0.0007702305447310209, 0.01693323440849781, 0.22147506475448608, 0.030602192506194115, 0.08600141108036041, 0.1761072427034378, 0.04747474193572998, 0.22009295225143433, 0.07164910435676575, 0.09820690006017685, 0.1290588080883026, 0.22840924561023712, 0.021768495440483093, 0.06964807212352753, 0.332664430141449, 0.12798520922660828, 0.12459231913089752, 0.13932298123836517, 0.03757775202393532, 0.6963191032409668, 0.0027793811168521643, 0.07636746764183044, 0.09690547734498978, 0.13612350821495056, 0.26136544346809387, 0.0365508534014225, 0.024183062836527824, 0.126241534948349, 0.09744972735643387, 0.004122233483940363, 0.2182869166135788, 0.011011917144060135, 0.07080637663602829, 0.012202258221805096, 0.12684647738933563, 0.1350993663072586, 0.07449875771999359, 0.1667625606060028, 0.014002557843923569, 0.021130330860614777, 0.03066634014248848, 0.11276452988386154, 0.2296804040670395, 0.2307022213935852, 0.33473315834999084, 0.07116763293743134, 0.11914164572954178, 0.07231313735246658, 0.001138155348598957, 0.23440870642662048, 0.1401238888502121, 0.0929289162158966, 0.20482054352760315, 0.029808856546878815, 0.17864976823329926, 0.017435109242796898, 0.11372505128383636, 0.02790035493671894, 0.03298896551132202, 0.14565116167068481, 0.06361202150583267, 0.0668332576751709, 0.05755583569407463, 0.14909662306308746, 0.1432027965784073, 0.12618906795978546, 0.3964947462081909, 0.15915560722351074]"
F45,"[0.13473069667816162, 0.10733291506767273, 0.20020583271980286, 0.10124148428440094, 0.2135484516620636, 0.14126786589622498, 0.012730334885418415, 0.08075150102376938, 0.1969607025384903, 0.0003707047726493329, 0.3468591272830963, 0.14718160033226013, 0.41072404384613037, 0.0796160101890564, 0.010841557756066322, 0.07272356003522873, 0.1826021671295166, 0.1555095911026001, 0.06677433103322983, 0.21560201048851013, 0.08314003050327301, 0.04141039401292801, 0.07198169827461243, 0.014653893187642097, 0.13191427290439606, 0.20807509124279022, 0.001954658655449748, 0.127725288271904, 0.1431475728750229, 0.15507324039936066, 0.1299045979976654, 0.20233017206192017, 0.039114028215408325, 0.12110605090856552, 0.20385222136974335, 0.20157940685749054, 0.35184600949287415, 0.17006659507751465, 0.18166154623031616, 0.23087456822395325, 0.008371886797249317, 0.041175562888383865, 0.03687553480267525, 0.10715288668870926, 0.1475374847650528, 0.008263940922915936, 0.01987580582499504, 0.3167455196380615, 0.33384352922439575, 0.011807463131844997, 0.3987590968608856, 0.06506762653589249, 0.17508913576602936, 0.2808190584182739, 0.12618529796600342, 0.09633452445268631, 0.12471167743206024, 0.31175369024276733, 0.04653937742114067, 0.044253118336200714, 0.0392080694437027, 0.17302194237709045, 0.08173290640115738, 0.07958943396806717, 0.024691330268979073, 0.30192673206329346, 0.2459292858839035, 0.2975144386291504, 0.15045996010303497, 0.19105619192123413, 0.08021344244480133, 0.06665732711553574, 0.1767609417438507, 0.25080353021621704, 0.19616292417049408, 0.00808017235249281, 0.0931718572974205, 0.16565650701522827, 0.20121809840202332, 0.01500402670353651, 0.05877775698900223, 0.2251705825328827, 0.15885195136070251, 0.3816286325454712, 0.009215351194143295, 0.15883076190948486, 0.0912487581372261, 0.41062048077583313, 0.44929298758506775, 0.02127997763454914, 0.0551927387714386, 0.056052807718515396, 0.2854890823364258, 0.24807307124137878, 0.2048838883638382, 0.03146327659487724, 0.3997321128845215, 0.08579640090465546, 0.035016950219869614, 0.1879574954509735, 0.10745346546173096, 0.22235994040966034, 0.1984737664461136, 0.14864961802959442, 0.25048738718032837, 0.0815168023109436, 0.010322611778974533, 0.3148553669452667, 0.05717196315526962, 0.09060820192098618, 0.17286425828933716, 0.12489775568246841, 0.2843867242336273, 0.055923305451869965, 0.026216179132461548, 0.035341084003448486, 0.25202706456184387, 0.06830823421478271, 0.16783829033374786, 0.00449541537091136, 0.03203734755516052, 0.27379873394966125, 0.03649260848760605, 0.34219270944595337, 0.23345407843589783, 0.33254069089889526, 0.0003627169644460082, 0.41515281796455383]"
F46,"[0.055501218885183334, 0.04428476840257645, 0.06978323310613632, 0.5066486597061157, 0.1715594232082367, 0.10875966399908066, 0.192056342959404, 0.0298731978982687, 0.32412102818489075, 0.21252793073654175, 0.45125478506088257, 0.10383518040180206, 0.18596777319908142, 0.0365888886153698, 0.14778216183185577, 0.3144158124923706, 0.05587494373321533, 0.2625371217727661, 0.034746211022138596, 0.24654540419578552, 0.19251132011413574, 0.1368872970342636, 0.09809264540672302, 0.13704973459243774, 0.1389290690422058, 0.18264934420585632, 0.0844954326748848, 0.032896239310503006, 0.11383717507123947, 0.3456522822380066, 0.08296088129281998, 0.1977132111787796, 0.13370820879936218, 0.21285691857337952, 0.05212414637207985, 0.275322824716568, 0.015960341319441795, 0.1797495037317276, 0.005960489623248577, 0.0069373478181660175, 0.04532807692885399, 0.15297868847846985, 0.1366824358701706, 0.07082691788673401, 0.27088508009910583, 0.09662622213363647, 0.035435374826192856, 0.11747419089078903, 0.0035615384113043547, 0.07109906524419785, 0.07328891009092331, 0.20022930204868317, 0.03778941184282303, 0.03781798481941223, 0.16623426973819733, 0.24687792360782623, 0.04073979705572128, 0.14734400808811188, 0.02716265432536602, 0.023587234318256378, 0.1420542448759079, 0.1507735252380371, 0.14948727190494537, 0.28912749886512756, 0.005755725782364607, 0.043294064700603485, 0.04795186221599579, 0.1864776909351349, 0.11916036903858185, 0.08685212582349777, 0.3056409955024719, 0.19900952279567719, 0.16516011953353882, 0.35932737588882446, 0.1046738475561142, 0.1114668920636177, 0.23144710063934326, 0.33534955978393555, 0.17552082240581512, 0.052319854497909546, 0.028875799849629402, 0.09638375043869019, 0.11700954288244247, 0.2165672481060028, 0.19575725495815277, 0.25343990325927734, 0.0976879820227623, 0.024752598255872726, 0.1299993395805359, 0.044358957558870316, 0.3188791275024414, 0.06844982504844666, 0.23293840885162354, 0.15225045382976532, 0.11776647716760635, 0.011009876616299152, 0.11350981146097183, 0.24065786600112915, 0.31843650341033936, 0.09488725662231445, 0.2588835656642914, 0.26741454005241394, 0.1481524407863617, 0.0340205579996109, 0.29151543974876404, 0.24047699570655823, 0.07219833880662918, 0.012528184801340103, 0.15847094357013702, 0.5261631011962891, 0.1222337856888771, 0.1838766187429428, 0.0895310491323471, 0.03069199249148369, 0.19796787202358246, 0.31858599185943604, 0.1568438708782196, 0.3233802318572998, 0.11025364696979523, 0.3964996933937073, 0.10391067713499069, 0.3276565372943878, 0.1746373325586319, 0.08453360199928284, 0.011017506942152977, 0.08981002122163773, 0.2475765198469162, 0.16249768435955048]"
F47,"[0.2671821713447571, 0.2048480212688446, 0.07847588509321213, 0.11053215712308884, 0.032658468931913376, 0.27149900794029236, 0.18921439349651337, 0.230610653758049, 0.2578255534172058, 0.16218864917755127, 0.12839125096797943, 0.06727217137813568, 0.037846826016902924, 0.20385943353176117, 0.158567413687706, 0.19657890498638153, 0.11386679857969284, 0.16811463236808777, 0.1463613510131836, 0.07231578975915909, 0.09794794023036957, 0.0848362073302269, 0.023114709183573723, 0.44248247146606445, 0.07118803262710571, 0.13157278299331665, 0.2845253646373749, 0.2700805068016052, 0.32294416427612305, 0.009822742082178593, 0.10743169486522675, 0.12831604480743408, 0.12967611849308014, 0.35188162326812744, 0.14733703434467316, 0.14507116377353668, 0.28343045711517334, 0.07007161527872086, 0.5505570769309998, 0.21286751329898834, 0.43872806429862976, 0.4579029083251953, 0.12315548956394196, 0.2720384895801544, 0.11262868344783783, 0.21957795321941376, 0.3551892936229706, 0.00027965777553617954, 0.1694234013557434, 0.19389384984970093, 0.06634613126516342, 0.40822604298591614, 0.11530172824859619, 0.2692059278488159, 0.2901153564453125, 0.1321953535079956, 0.2842821776866913, 0.12072931230068207, 0.4358050227165222, 0.1840953528881073, 0.09846961498260498, 0.14441566169261932, 0.08782549202442169, 0.4245932102203369, 0.027838703244924545, 0.39896127581596375, 0.03384225443005562, 0.0787629783153534, 0.024190593510866165, 0.14588424563407898, 0.18681807816028595, 0.13142244517803192, 0.1337377279996872, 0.4290213882923126, 0.10964765399694443, 0.14680153131484985, 0.17020225524902344, 0.25406771898269653, 0.03608553484082222, 0.46910884976387024, 0.13204044103622437, 0.1289212703704834, 0.144004225730896, 0.3238554298877716, 0.2587311863899231, 0.07104175537824631, 0.0009125589276663959, 0.0025004344061017036, 0.09879016876220703, 0.16663934290409088, 0.003909443039447069, 0.03639757260680199, 0.01999432034790516, 0.009295969270169735, 0.1409463882446289, 0.06582552194595337, 0.12585335969924927, 0.1346302628517151, 0.10029878467321396, 0.08031509816646576, 0.24112868309020996, 0.2556236982345581, 0.6491278409957886, 0.0481499582529068, 0.11657214909791946, 0.20493604242801666, 0.14131073653697968, 0.059607069939374924, 0.30198657512664795, 0.015229440294206142, 0.16118137538433075, 0.003277840791270137, 0.09887681156396866, 0.06751292198896408, 0.17739082872867584, 0.04933127760887146, 0.01836411841213703, 0.0597379207611084, 0.008401810191571712, 0.1433006227016449, 0.1930597573518753, 0.37781965732574463, 0.20563986897468567, 0.12276087701320648, 0.05459548905491829, 0.07998692244291306, 0.3060131371021271, 0.011101584881544113]"
F48,"[0.7280271053314209, 0.06625667959451675, 0.2516303062438965, 0.06184234470129013, 0.09968112409114838, 0.41743677854537964, 0.019130133092403412, 0.019191205501556396, 0.24267926812171936, 0.3800373077392578, 0.3079302906990051, 0.07594861835241318, 0.09490557014942169, 0.04277915880084038, 0.13863739371299744, 0.2973468601703644, 0.03643898665904999, 0.1595391035079956, 0.18955302238464355, 0.1833564043045044, 0.11944860219955444, 0.09181322157382965, 0.1812901794910431, 0.151048481464386, 0.1143532395362854, 0.25939255952835083, 0.03219468146562576, 0.029422976076602936, 0.08806037157773972, 0.024417977780103683, 0.11884162575006485, 0.03205089643597603, 0.06298451870679855, 0.04738291725516319, 0.06727801263332367, 0.33634039759635925, 0.30784451961517334, 0.44171634316444397, 0.11348538845777512, 0.23825609683990479, 0.0502953864634037, 0.11694727092981339, 0.09520596265792847, 0.3770844638347626, 0.19095858931541443, 0.0924282819032669, 0.10086138546466827, 0.09985914826393127, 0.08794111758470535, 0.1612088978290558, 0.030054105445742607, 0.003470306284725666, 0.06024869903922081, 0.06579669564962387, 0.08437206596136093, 0.22876031696796417, 0.019742080941796303, 0.029701661318540573, 0.12180356681346893, 0.058223657310009, 0.14372463524341583, 0.11133792251348495, 0.019867081195116043, 0.24396735429763794, 0.05466221272945404, 0.13684426248073578, 0.3649667203426361, 0.16653674840927124, 0.1481718271970749, 0.001995599828660488, 0.1381043642759323, 0.23256613314151764, 0.2237711250782013, 0.09810471534729004, 0.04832315817475319, 0.1316407024860382, 0.08608991652727127, 0.10715531557798386, 0.00038498404319398105, 1.2385677099227905, 0.07084263861179352, 0.13189396262168884, 0.15917691588401794, 0.12383518368005753, 0.20427894592285156, 0.05895279347896576, 0.058067791163921356, 0.2008543461561203, 0.17879672348499298, 0.07544998079538345, 0.10576160252094269, 0.07132375985383987, 0.04247510805726051, 0.09120148420333862, 0.15769198536872864, 0.07238389551639557, 0.2580771744251251, 0.18254388868808746, 0.09880024194717407, 0.20462550222873688, 0.16558429598808289, 0.11221934854984283, 0.15708497166633606, 0.11678463965654373, 0.10641318559646606, 0.19251520931720734, 0.1605922132730484, 0.0807851254940033, 0.10869380086660385, 0.1535092443227768, 0.009833705611526966, 0.08823579549789429, 0.2300640195608139, 0.069129079580307, 0.08706299215555191, 0.15154583752155304, 0.41444486379623413, 0.05856972187757492, 0.019676458090543747, 0.3290751576423645, 0.061651621013879776, 0.17341667413711548, 0.050794363021850586, 0.20121431350708008, 0.10580026358366013, 0.04790124669671059, 0.37596893310546875, 0.30733954906463623]"
F49,"[0.03730860352516174, 0.3139415979385376, 0.016003383323550224, 0.07242529094219208, 0.07198717445135117, 0.33021360635757446, 0.030035775154829025, 0.025596361607313156, 0.3582408130168915, 0.4527890086174011, 0.17383301258087158, 0.15380515158176422, 0.22000031173229218, 0.04375486075878143, 0.264858216047287, 0.061393048614263535, 0.27953505516052246, 0.7123506665229797, 0.12622205913066864, 0.07281038910150528, 0.03374098613858223, 0.25968632102012634, 0.07744249701499939, 0.014006906189024448, 0.037816550582647324, 0.08326496928930283, 0.06511769443750381, 0.12596583366394043, 0.06833405047655106, 0.06990362703800201, 0.11834143102169037, 0.039611827582120895, 0.010373448021709919, 0.12087223678827286, 0.001316059846431017, 0.07490450143814087, 0.17374679446220398, 0.08250106126070023, 0.13608570396900177, 0.22099927067756653, 0.058522969484329224, 0.2769320607185364, 0.28463131189346313, 0.145651176571846, 0.06510595232248306, 0.3669789135456085, 0.1630370169878006, 0.13929609954357147, 0.06795523315668106, 0.050650693476200104, 0.053272098302841187, 0.17324016988277435, 0.40213119983673096, 0.2663052976131439, 0.15656128525733948, 0.02054811641573906, 0.0961250439286232, 0.15585049986839294, 0.25550422072410583, 0.48394396901130676, 0.024550199508666992, 0.17072580754756927, 0.12370625138282776, 0.07530545443296432, 0.2220664620399475, 0.08763726055622101, 0.04123791307210922, 0.08441688120365143, 0.2587023973464966, 0.22800131142139435, 0.2233782559633255, 0.0788845643401146, 0.38196584582328796, 0.1098577082157135, 0.07786634564399719, 0.18199686706066132, 0.2044459730386734, 0.0887027308344841, 0.20846420526504517, 0.12967702746391296, 0.3645334243774414, 0.00400087796151638, 0.041517604142427444, 0.011018923483788967, 0.01109343208372593, 0.050185028463602066, 0.008957170881330967, 0.012282735668122768, 0.4325956702232361, 0.012530051171779633, 0.028335491195321083, 0.08414977788925171, 0.21139144897460938, 0.2463768720626831, 0.2235834151506424, 0.24507875740528107, 0.23588255047798157, 0.10323885828256607, 0.016004221513867378, 0.27837803959846497, 0.03679507225751877, 0.23601190745830536, 0.3182753920555115, 0.19199122488498688, 0.1740083247423172, 0.03715195134282112, 0.10183531045913696, 0.41870173811912537, 0.06245247274637222, 0.03368467837572098, 0.039104681462049484, 0.12982496619224548, 0.15633371472358704, 0.1307145059108734, 0.06199024245142937, 0.10930050909519196, 0.18570062518119812, 0.07529505342245102, 0.18888698518276215, 0.1698414534330368, 0.10220074653625488, 0.11996746808290482, 0.09259001165628433, 0.06207161024212837, 0.1467696577310562, 0.07508015632629395, 0.027218159288167953, 0.06777352839708328]"
F50,"[0.23759236931800842, 0.21097546815872192, 0.2841796875, 0.12010064721107483, 0.040560752153396606, 0.17977258563041687, 0.07678811252117157, 0.07610759139060974, 0.43213534355163574, 0.22305896878242493, 0.2390706092119217, 0.015841735526919365, 0.030484376475214958, 0.08763902634382248, 0.11608099937438965, 0.005829138681292534, 0.35443732142448425, 0.5469440221786499, 0.08417550474405289, 0.15981638431549072, 0.02771778777241707, 0.3599768280982971, 0.056340526789426804, 0.08452102541923523, 0.2436777651309967, 0.038203589618206024, 0.1596410870552063, 0.08772881329059601, 0.13725440204143524, 0.11474578082561493, 0.24390314519405365, 0.09669865667819977, 0.10151942074298859, 0.03433821350336075, 0.05950561538338661, 0.05537288635969162, 0.19428549706935883, 0.016225824132561684, 0.03461308777332306, 0.017156241461634636, 0.07473335415124893, 0.39190080761909485, 0.3174050450325012, 0.006973471958190203, 0.3538258373737335, 0.0250458512455225, 0.12103087455034256, 0.029152680188417435, 0.0936252772808075, 0.10223788768053055, 0.12646983563899994, 0.07740990817546844, 0.5382099747657776, 0.06714171171188354, 0.21123191714286804, 0.12674367427825928, 0.21292783319950104, 0.3028634190559387, 0.0016359840519726276, 0.23480583727359772, 0.21596625447273254, 0.07573352009057999, 0.1309281438589096, 0.029572973027825356, 0.010482298210263252, 0.03751957044005394, 0.07274530082941055, 0.07044573873281479, 0.23616382479667664, 0.11593639850616455, 0.03432079032063484, 0.08232199400663376, 0.007061257027089596, 0.08358737826347351, 0.22539302706718445, 0.2261580228805542, 0.031520940363407135, 0.07904641330242157, 0.20747242867946625, 0.12910261750221252, 0.06853889673948288, 0.06129167601466179, 0.0226944200694561, 0.10102322697639465, 0.39433547854423523, 0.04648406803607941, 0.2148916870355606, 0.05058395490050316, 0.4704224169254303, 0.06327613443136215, 0.012175522744655609, 0.05226770415902138, 0.00836070254445076, 0.2426937371492386, 0.11408717930316925, 0.17247973382472992, 0.042024362832307816, 0.053576141595840454, 0.0840633288025856, 0.12655308842658997, 0.012047437950968742, 0.057896263897418976, 0.10811808705329895, 0.033038705587387085, 0.10452131927013397, 0.30553001165390015, 0.1617140769958496, 0.04673945903778076, 0.08938180655241013, 0.06027089059352875, 0.22114689648151398, 0.2594035267829895, 0.4496568739414215, 0.02157537266612053, 0.14213471114635468, 0.26054683327674866, 0.1816561073064804, 0.057054370641708374, 0.07932515442371368, 0.39876091480255127, 0.00606607785448432, 0.12778858840465546, 0.22152219712734222, 0.16368617117404938, 0.16452622413635254, 0.15056459605693817, 0.0839681625366211, 0.027807211503386497]"
F51,"[0.27599266171455383, 0.1357855647802353, 0.06209776550531387, 0.17252866923809052, 0.01862678863108158, 0.03067777305841446, 0.3628419041633606, 0.14357398450374603, 0.11119338870048523, 0.6922550201416016, 0.0707545280456543, 0.12100089341402054, 0.20439429581165314, 0.050481412559747696, 0.024495622143149376, 0.03434640169143677, 0.38875141739845276, 0.03220121189951897, 0.21565300226211548, 0.1183396503329277, 0.10311032086610794, 0.05639316886663437, 0.14810343086719513, 0.03274480253458023, 0.39909759163856506, 0.1827758550643921, 0.034560807049274445, 0.13968606293201447, 0.004996647592633963, 0.16104796528816223, 0.26543086767196655, 0.08398541808128357, 0.02736481837928295, 0.26984867453575134, 0.1269078552722931, 0.033660296350717545, 0.009716415777802467, 0.04444785416126251, 0.08515831083059311, 0.1305834949016571, 0.12631739675998688, 0.1579504758119583, 0.1900789588689804, 0.09471999108791351, 0.10321609675884247, 0.037062350660562515, 0.05808655545115471, 0.22490453720092773, 0.020658742636442184, 0.14184381067752838, 0.04787646234035492, 0.12731772661209106, 0.025048527866601944, 0.00029286419157870114, 0.13987942039966583, 0.2199043482542038, 0.032811395823955536, 0.030362138524651527, 0.03274068236351013, 0.824586808681488, 0.19175352156162262, 0.4443340003490448, 0.01743372343480587, 0.10559293627738953, 0.4577261805534363, 0.08360274136066437, 0.19798879325389862, 0.06858004629611969, 0.2373192459344864, 0.4264200031757355, 0.12370063364505768, 0.077451191842556, 0.037344884127378464, 0.08874088525772095, 0.10831969231367111, 0.35801252722740173, 0.20833034813404083, 0.1752394288778305, 0.039853014051914215, 0.07360541075468063, 0.14386720955371857, 0.18626436591148376, 0.10233111679553986, 0.08787360787391663, 0.13966870307922363, 0.1766430139541626, 0.2403160035610199, 0.28425851464271545, 0.1415628343820572, 0.00018513895338401198, 0.23129422962665558, 0.20556418597698212, 0.16264614462852478, 0.22849051654338837, 0.19776302576065063, 0.0990615263581276, 0.06956571340560913, 0.031329479068517685, 0.11831431090831757, 0.0695875808596611, 0.22124888002872467, 0.0968983918428421, 0.18747171759605408, 0.09934932738542557, 0.10529200732707977, 0.5397733449935913, 0.12954901158809662, 0.15389804542064667, 0.02296627312898636, 0.2097851037979126, 0.01091862190514803, 0.060669489204883575, 0.14668509364128113, 0.05653395131230354, 0.07371307164430618, 0.1607116460800171, 0.2215944230556488, 0.17235900461673737, 0.21744346618652344, 0.18213826417922974, 0.004667412489652634, 0.1885782778263092, 0.08418326824903488, 0.06526505202054977, 0.15074144303798676, 0.009557809680700302, 0.1599438637495041, 0.23347698152065277]"
F52,"[0.25273844599723816, 0.05195801705121994, 0.12841051816940308, 0.03820674866437912, 0.14294596016407013, 0.11254555732011795, 0.22005747258663177, 0.16714748740196228, 0.2859431803226471, 0.1881193220615387, 0.19403094053268433, 0.038522012531757355, 0.18537941575050354, 0.10002432018518448, 0.05319057032465935, 0.08916833996772766, 0.5259326100349426, 0.20215877890586853, 0.0024577886797487736, 0.009950983338057995, 0.004413129296153784, 0.4534241557121277, 0.29157957434654236, 0.15183891355991364, 0.10963259637355804, 0.5438404083251953, 0.2273985594511032, 0.0887233316898346, 0.1580103188753128, 0.050119269639253616, 0.03722793608903885, 0.07788744568824768, 0.07371429353952408, 0.010621841996908188, 0.3292379379272461, 0.025808338075876236, 0.09127478301525116, 0.18703033030033112, 0.5710141658782959, 0.32359594106674194, 0.06117343530058861, 0.3587009310722351, 0.14937859773635864, 0.20499032735824585, 0.31856340169906616, 0.18423645198345184, 0.08755794167518616, 0.061080627143383026, 0.1528460681438446, 0.18916217982769012, 0.1680983304977417, 0.2936614155769348, 0.0003583453653845936, 0.15992142260074615, 0.20953921973705292, 0.06369711458683014, 0.07719384878873825, 0.20523041486740112, 0.07759393006563187, 0.053297411650419235, 0.21418772637844086, 0.5034375190734863, 0.015000839717686176, 0.26310110092163086, 0.12426857650279999, 0.19843953847885132, 0.43939000368118286, 0.3573417663574219, 0.17339834570884705, 0.3805510997772217, 0.10795719176530838, 0.20257514715194702, 0.12852627038955688, 0.16959498822689056, 0.07513928413391113, 0.04163283854722977, 0.15951773524284363, 0.06567122787237167, 0.02079036831855774, 0.16060809791088104, 0.28867197036743164, 0.0658789575099945, 0.10504070669412613, 0.26132550835609436, 0.5997689962387085, 0.06728439033031464, 0.17110034823417664, 0.5441669225692749, 0.44554993510246277, 0.13669611513614655, 0.10042863339185715, 0.13648755848407745, 0.7950246930122375, 0.21647214889526367, 0.16768279671669006, 0.16841073334217072, 0.1516095995903015, 0.22085030376911163, 0.28155946731567383, 0.14567095041275024, 0.23454773426055908, 0.16659091413021088, 0.2650645971298218, 0.34693917632102966, 0.08384264260530472, 0.041858818382024765, 0.07167420536279678, 0.26220840215682983, 0.2186475545167923, 0.07663469761610031, 0.25740838050842285, 0.2619556188583374, 0.11389102041721344, 0.3364109694957733, 0.3495334982872009, 0.027966002002358437, 0.42359453439712524, 0.019378095865249634, 0.5644650459289551, 0.03443865850567818, 0.10832460969686508, 0.06638074666261673, 0.21689440310001373, 0.012108471244573593, 0.3477528393268585, 0.20014649629592896, 0.5048172473907471, 0.09375651180744171]"
F53,"[0.03879283368587494, 0.2051236778497696, 0.004897715523838997, 0.1052573099732399, 0.0410119965672493, 0.11155744642019272, 0.05691931024193764, 0.058709386736154556, 0.26743847131729126, 0.08809226006269455, 0.2683974504470825, 0.2209329605102539, 0.06740491092205048, 0.3332098126411438, 0.12155743688344955, 0.13846801221370697, 0.1559443175792694, 0.05443490296602249, 0.3521617650985718, 0.0914081484079361, 0.08734194189310074, 0.4811592996120453, 0.17916591465473175, 0.1262269914150238, 0.1183042824268341, 0.08603839576244354, 0.07285014539957047, 0.16262176632881165, 0.4282246530056, 0.3430558145046234, 0.06541071832180023, 0.16050750017166138, 0.30003833770751953, 0.11239760369062424, 0.5461448431015015, 0.24939116835594177, 0.18170605599880219, 0.10126735270023346, 0.19298790395259857, 0.11022648215293884, 0.41630038619041443, 0.2582346200942993, 0.09234431385993958, 0.03903507813811302, 0.005393912084400654, 0.16254185140132904, 0.4361948072910309, 0.029394561424851418, 0.173285573720932, 0.13190940022468567, 0.38471555709838867, 0.11283008009195328, 0.27297359704971313, 0.1660301834344864, 0.04435034096240997, 0.11769361793994904, 0.1176242083311081, 0.12661905586719513, 0.250573992729187, 0.07993248850107193, 0.31944021582603455, 0.006365523207932711, 0.02571708709001541, 0.2643178403377533, 0.22434334456920624, 0.08451591432094574, 0.15340423583984375, 0.12460248172283173, 0.12031827867031097, 0.034392837435007095, 0.0866418182849884, 0.04212070629000664, 0.18545572459697723, 0.05087905004620552, 0.029398741200566292, 0.19226402044296265, 0.3043188750743866, 0.003765842877328396, 0.06595921516418457, 0.21953454613685608, 0.26529693603515625, 0.15413935482501984, 0.09261200577020645, 0.2344718724489212, 0.06553259491920471, 0.032717056572437286, 0.1462724208831787, 0.049221307039260864, 0.2755362093448639, 0.12260081619024277, 0.3133680820465088, 0.03510534018278122, 0.06622453778982162, 0.18917246162891388, 0.051155801862478256, 0.0586392879486084, 0.09874443709850311, 0.16246645152568817, 0.02453283779323101, 0.2640649080276489, 0.258648544549942, 0.07156018912792206, 0.18994444608688354, 0.05919015407562256, 0.2557637095451355, 0.18004897236824036, 0.1545051634311676, 0.10825204104185104, 0.2950492799282074, 0.009472043253481388, 0.0008025371935218573, 0.023005075752735138, 0.006524781696498394, 0.14390277862548828, 0.15456615388393402, 0.08725690096616745, 0.12432678788900375, 0.25024521350860596, 0.15179961919784546, 0.21998882293701172, 0.004000179935246706, 0.10161637514829636, 0.44246312975883484, 0.026778168976306915, 0.06208935007452965, 0.06903158128261566, 0.13812758028507233, 0.12622703611850739]"
F54,"[0.11640636622905731, 0.22758159041404724, 0.32007503509521484, 0.06484722346067429, 0.25854113698005676, 0.005436608102172613, 0.16689077019691467, 0.013990826904773712, 0.06642182916402817, 0.2050144225358963, 0.03942229598760605, 0.22122925519943237, 0.11282020062208176, 0.634397029876709, 0.06866174936294556, 0.127512127161026, 0.028798582032322884, 0.10088018327951431, 0.17313040792942047, 0.18375249207019806, 0.1674993336200714, 0.1808442324399948, 0.17876456677913666, 0.19139835238456726, 0.039894625544548035, 0.11498361825942993, 0.24551428854465485, 0.19416309893131256, 0.3856329321861267, 0.2920856773853302, 0.1376413255929947, 0.20924600958824158, 0.4242634177207947, 0.0009429468191228807, 0.1930212825536728, 0.11386001855134964, 0.3367008864879608, 0.17157533764839172, 0.04888125881552696, 0.0793406218290329, 0.08497665077447891, 0.327316552400589, 0.3308156728744507, 0.08309098333120346, 0.3326652944087982, 0.058117639273405075, 0.03334874287247658, 0.11986321210861206, 0.4404734671115875, 0.2657231092453003, 0.2305295467376709, 0.07650386542081833, 0.3075501024723053, 0.1626279652118683, 0.043399084359407425, 0.0030853915959596634, 0.1349603533744812, 0.10259436070919037, 0.23710450530052185, 0.23014222085475922, 0.0063619231805205345, 0.3136228024959564, 0.2864946126937866, 0.00021045819448772818, 0.09817314147949219, 0.5822586417198181, 0.29035520553588867, 0.18857654929161072, 0.02783697471022606, 0.1644189953804016, 0.04783725365996361, 0.010932731442153454, 0.055956605821847916, 0.20979498326778412, 0.3502037525177002, 0.27999013662338257, 0.2485937923192978, 0.3784361183643341, 0.22566314041614532, 0.027904700487852097, 0.1152733862400055, 0.198170006275177, 0.007844753563404083, 0.03294498473405838, 0.11832331120967865, 0.11764227598905563, 0.17262428998947144, 0.18493428826332092, 0.21419036388397217, 0.18043707311153412, 0.14948438107967377, 0.3306763768196106, 0.29635974764823914, 0.3169313073158264, 0.10449674725532532, 0.38644665479660034, 0.23576770722866058, 0.07842683047056198, 0.08699793368577957, 0.07084809243679047, 0.221415713429451, 0.24816979467868805, 0.17567099630832672, 0.26013514399528503, 0.09879887849092484, 0.30498331785202026, 0.09222470223903656, 0.09984509646892548, 0.5956119894981384, 0.11792399734258652, 0.15847206115722656, 0.12318877130746841, 0.1676696240901947, 0.04512856900691986, 0.4046289920806885, 0.00825077760964632, 0.00548606226220727, 0.1010773777961731, 0.4190400242805481, 0.2063884139060974, 0.08423327654600143, 0.2290692925453186, 0.09854521602392197, 0.18781720101833344, 0.276859849691391, 0.7022801041603088, 0.05855770409107208, 0.08197344094514847]"
F55,"[0.025175170972943306, 0.2311674803495407, 0.0395519882440567, 0.010638692416250706, 0.208432137966156, 0.32185328006744385, 0.04027486965060234, 0.2568487226963043, 0.03934943303465843, 0.10332854837179184, 0.16691850125789642, 0.00870158988982439, 0.24376532435417175, 0.007838110439479351, 0.3679104745388031, 0.18578414618968964, 0.06630965322256088, 0.13974417746067047, 0.11269716918468475, 0.06535004079341888, 0.4905451536178589, 0.03540903329849243, 0.15861229598522186, 0.17005674540996552, 0.038743309676647186, 0.1385880559682846, 0.10099297016859055, 0.24278207123279572, 0.12628956139087677, 0.05005645751953125, 0.08459683507680893, 0.09930108487606049, 0.03595744073390961, 0.029453445225954056, 0.05124260112643242, 0.24673834443092346, 0.2888425290584564, 0.009563894011080265, 0.02575766295194626, 0.35462990403175354, 0.13114890456199646, 0.3251209557056427, 0.015818098559975624, 0.054167740046978, 0.2540196478366852, 0.12236225605010986, 0.13298456370830536, 0.4789324104785919, 0.1027873232960701, 0.21500559151172638, 0.044284943491220474, 0.1895393282175064, 0.32778945565223694, 0.16094627976417542, 0.2956039607524872, 0.05831150338053703, 0.08912244439125061, 0.028476133942604065, 0.36989906430244446, 0.18061991035938263, 0.25002214312553406, 0.31676143407821655, 0.0065897745080292225, 0.058565229177474976, 0.3434133529663086, 0.7194454073905945, 0.13962456583976746, 0.0779949203133583, 0.15430836379528046, 0.17211726307868958, 0.16729983687400818, 0.24624867737293243, 0.12045124173164368, 0.12530547380447388, 0.28184643387794495, 0.21772576868534088, 0.04914690926671028, 0.09303516149520874, 0.004598691593855619, 0.16932860016822815, 0.04842754825949669, 0.24551157653331757, 0.3902793824672699, 0.028306784108281136, 0.06521535664796829, 0.060832686722278595, 0.05265340209007263, 0.1541178822517395, 0.15267622470855713, 0.11657005548477173, 0.04737599939107895, 1.1177904605865479, 0.3466286063194275, 0.02599313296377659, 0.07381018996238708, 0.01928521692752838, 0.05629390850663185, 0.026059044525027275, 0.32256460189819336, 0.05706183984875679, 0.021072259172797203, 0.2361704260110855, 0.08549556136131287, 0.04599735140800476, 0.2128833830356598, 0.06265825778245926, 0.021005652844905853, 0.36256614327430725, 0.09080907702445984, 0.03217657655477524, 0.09832663834095001, 0.11552460491657257, 0.22632065415382385, 0.06619920581579208, 0.03285369277000427, 0.10550178587436676, 0.11158011853694916, 0.022932671010494232, 0.10257524996995926, 0.05900315195322037, 0.032053202390670776, 0.057220280170440674, 0.01956397108733654, 0.23302343487739563, 0.15910384058952332, 0.06891217082738876, 0.24646587669849396, 0.036098551005125046]"
F56,"[0.11042212694883347, 0.03140648826956749, 0.13513222336769104, 0.1327562779188156, 0.015804890543222427, 0.18622729182243347, 0.1073184609413147, 0.07934072613716125, 0.2568664252758026, 0.11385025829076767, 0.14240428805351257, 0.021676722913980484, 0.06342090666294098, 0.10781843215227127, 0.13036870956420898, 0.1528249979019165, 0.00121612090151757, 0.11025393754243851, 0.020827902480959892, 0.16456274688243866, 0.03329021856188774, 0.039127059280872345, 0.25793853402137756, 0.11713586747646332, 0.24781747162342072, 0.08155576139688492, 0.058422114700078964, 0.09734348207712173, 0.11715042591094971, 0.12235037237405777, 0.22376908361911774, 0.34171009063720703, 0.009684119373559952, 0.006221909541636705, 0.22660528123378754, 0.057693615555763245, 0.04402240365743637, 0.014164096675813198, 0.046181969344615936, 0.0014910339377820492, 0.12873893976211548, 0.28123995661735535, 0.07906441390514374, 0.022590026259422302, 0.03950098901987076, 0.044182103127241135, 0.27621331810951233, 0.0216999351978302, 0.06972181051969528, 0.12194305658340454, 0.08549108356237411, 0.2849843502044678, 0.1542215347290039, 0.33825796842575073, 0.35649991035461426, 0.10475466400384903, 0.04612559825181961, 0.03137035667896271, 0.025331629440188408, 0.031205805018544197, 0.18499183654785156, 0.2622724175453186, 0.025746604427695274, 0.009934170171618462, 0.06500054895877838, 0.04341180622577667, 0.010517262853682041, 0.13298740983009338, 0.14913970232009888, 0.2398536056280136, 0.04400753229856491, 0.10251139104366302, 0.016266444697976112, 0.22595027089118958, 0.29630401730537415, 0.1470629721879959, 0.09027934819459915, 0.12610572576522827, 0.1397024691104889, 0.07791902124881744, 0.17120292782783508, 0.19559748470783234, 0.19811592996120453, 0.009955287910997868, 0.08644618839025497, 0.15022048354148865, 0.009486901573836803, 0.10381027311086655, 0.1631244421005249, 0.08597802370786667, 0.09985458105802536, 0.15743474662303925, 0.0904969573020935, 0.36052489280700684, 0.05796971917152405, 0.058978769928216934, 0.11788680404424667, 0.060930535197257996, 0.14120568335056305, 0.1953682154417038, 0.13544215261936188, 0.30521273612976074, 0.021313991397619247, 0.1248854473233223, 0.3575623035430908, 0.006936259102076292, 0.008475439622998238, 0.3694252371788025, 0.041534315794706345, 0.03469972684979439, 0.16718462109565735, 0.07167334109544754, 0.2497725635766983, 0.318500280380249, 0.010034667328000069, 0.16417068243026733, 0.15599848330020905, 0.30562666058540344, 0.30935224890708923, 0.3502131700515747, 0.08526840060949326, 0.015641963109374046, 0.18087010085582733, 0.033203378319740295, 0.0642356425523758, 0.3058883845806122, 0.3003901243209839, 0.025028783828020096]"
F57,"[0.11596271395683289, 0.11388339847326279, 0.24036267399787903, 0.12396516650915146, 0.06970091909170151, 0.032178349792957306, 0.11237818002700806, 0.0793803483247757, 0.308146595954895, 0.1879008561372757, 0.07821030914783478, 0.10006091743707657, 0.13160136342048645, 0.11360497027635574, 0.35531383752822876, 0.09547216445207596, 0.5338404774665833, 0.1384538859128952, 0.30611443519592285, 0.17086480557918549, 0.20814034342765808, 0.0952126532793045, 0.030829377472400665, 0.015263809822499752, 0.23122648894786835, 0.6266573667526245, 0.21896375715732574, 0.07190502434968948, 0.16810503602027893, 0.07136303186416626, 0.0758984386920929, 0.06743040680885315, 0.06460689008235931, 0.11952625960111618, 0.03256479278206825, 0.16225983202457428, 0.5412929654121399, 0.8060736060142517, 0.5219759941101074, 0.3492799997329712, 0.10372235625982285, 0.08562147617340088, 0.22890932857990265, 0.03474064916372299, 0.4422568082809448, 0.37911006808280945, 0.0397387333214283, 0.04202404245734215, 0.08797168731689453, 0.07204809784889221, 0.3136480450630188, 0.22332333028316498, 0.028145944699645042, 0.032066166400909424, 0.3138117790222168, 0.15847201645374298, 0.38336464762687683, 0.09808893501758575, 0.1689109355211258, 0.19600455462932587, 0.24490025639533997, 0.2123883068561554, 0.09409205615520477, 0.1518373191356659, 0.19366800785064697, 0.3865516483783722, 0.4706133008003235, 0.10254453122615814, 0.08850391209125519, 0.43102458119392395, 0.004394157323986292, 0.13536590337753296, 0.14941926300525665, 0.29730719327926636, 0.01132869254797697, 0.27629464864730835, 0.08069955557584763, 0.11791111528873444, 0.2210213541984558, 0.3114585876464844, 0.1652456820011139, 0.08840548247098923, 0.1551777720451355, 0.07798116654157639, 0.00284700863994658, 0.1503620445728302, 0.24306383728981018, 0.0399150475859642, 0.25780007243156433, 0.01606701873242855, 0.42314809560775757, 0.11898060888051987, 0.043765436857938766, 0.026561539620161057, 0.020518817007541656, 0.27058517932891846, 0.35145071148872375, 0.04047525301575661, 0.2517161965370178, 0.06282699108123779, 0.057677168399095535, 0.21998250484466553, 0.1355804055929184, 0.07233051210641861, 0.12329535186290741, 0.06848058849573135, 0.16559253633022308, 0.3071599006652832, 0.24109141528606415, 0.09839440882205963, 0.33260461688041687, 0.24058286845684052, 0.0039224280044436455, 0.19748733937740326, 0.21028366684913635, 0.18034419417381287, 0.3283076286315918, 0.09267184883356094, 0.12965205311775208, 0.20861120522022247, 0.07169479876756668, 0.5066211819648743, 0.5332050323486328, 0.33235421776771545, 0.45559462904930115, 0.056179478764534, 0.04704933613538742, 0.4285430908203125]"
F58,"[0.30228033661842346, 0.033395055681467056, 0.38482627272605896, 0.05025433003902435, 0.03475126624107361, 0.08769974857568741, 0.1383747160434723, 0.04302283748984337, 0.056823596358299255, 0.12750564515590668, 0.09382408112287521, 0.03240141645073891, 0.07667037099599838, 0.24567316472530365, 0.18172667920589447, 0.19459268450737, 0.11518370360136032, 0.013452003709971905, 0.02531840279698372, 0.04851001873612404, 0.10075190663337708, 0.08508314192295074, 0.012024570256471634, 0.09022839367389679, 0.0778365358710289, 0.13722144067287445, 0.021204262971878052, 0.08178986608982086, 0.16850195825099945, 0.23089483380317688, 0.04245563969016075, 0.048553697764873505, 0.14665165543556213, 0.15952859818935394, 0.32749563455581665, 0.06911048293113708, 0.4080974757671356, 0.025510655716061592, 0.0022229927126318216, 0.1259000301361084, 0.041061025112867355, 0.1165117397904396, 0.05857886001467705, 0.017856836318969727, 0.13366499543190002, 0.29488787055015564, 0.05336282029747963, 0.20554150640964508, 0.15578529238700867, 0.006146117113530636, 0.12995612621307373, 0.11407070606946945, 0.0028321456629782915, 0.08981378376483917, 0.3406541645526886, 0.19358277320861816, 0.27954334020614624, 0.038499366492033005, 0.06630322337150574, 0.10207679867744446, 0.5251292586326599, 0.14838440716266632, 0.0429718904197216, 0.0046408455818891525, 0.06013075262308121, 0.010905974544584751, 0.18190568685531616, 0.11216453462839127, 0.07672335207462311, 0.12198371440172195, 0.02230369672179222, 0.06304965168237686, 0.04671219736337662, 0.07152493298053741, 0.016621239483356476, 0.04647114500403404, 0.11195706576108932, 0.12125400453805923, 0.01579103246331215, 0.42441797256469727, 0.04528336599469185, 0.02250419743359089, 0.22723443806171417, 0.1285901814699173, 0.1229567676782608, 0.2275775820016861, 0.038284726440906525, 0.05175327882170677, 0.2287312150001526, 0.04866964742541313, 0.13321112096309662, 0.19546572864055634, 0.09688068926334381, 0.006943562533706427, 0.15081794559955597, 0.4946669340133667, 0.12407565861940384, 0.05531259998679161, 0.0636899471282959, 0.16847530007362366, 0.11374897509813309, 0.16426962614059448, 0.3243410289287567, 0.1275705099105835, 0.05920475348830223, 0.00013351085362955928, 0.011431621387600899, 0.22011400759220123, 0.1271665394306183, 0.14611460268497467, 0.14836831390857697, 0.05767853930592537, 0.16650326550006866, 0.08683406561613083, 0.4249930679798126, 0.1422366350889206, 0.11442391574382782, 0.0891798809170723, 0.0815516859292984, 0.3966854214668274, 0.054949402809143066, 0.1311178207397461, 0.16264629364013672, 0.019264858216047287, 0.05640916898846626, 0.057801295071840286, 0.23307684063911438, 0.12674276530742645]"
F59,"[0.22991161048412323, 0.13950110971927643, 0.05751444771885872, 0.0020167904440313578, 0.14981332421302795, 0.1420849859714508, 0.11429029703140259, 0.10042379051446915, 0.08632311969995499, 0.3069925308227539, 0.004858523607254028, 0.31426215171813965, 0.11827286332845688, 0.21437649428844452, 0.1320572942495346, 0.011360889300704002, 0.01465657725930214, 0.27257823944091797, 0.0316481851041317, 0.18957290053367615, 0.3792443573474884, 0.08270859718322754, 0.00614141533151269, 0.05020871013402939, 0.10474788397550583, 0.09646786749362946, 0.2024802714586258, 0.21322447061538696, 0.3956313729286194, 0.25054091215133667, 0.3666630983352661, 0.31802377104759216, 0.12130017578601837, 0.7264831066131592, 0.11235947906970978, 0.3608430027961731, 0.08208968490362167, 0.062212906777858734, 0.03269986808300018, 0.33965834975242615, 0.25615957379341125, 0.11460254341363907, 0.232221782207489, 0.08423687517642975, 0.25121355056762695, 0.37219929695129395, 0.12717954814434052, 0.35851043462753296, 0.13185472786426544, 0.16492463648319244, 0.43886372447013855, 0.0940786823630333, 0.08906503021717072, 0.0966123566031456, 0.21407616138458252, 0.033279094845056534, 0.1608516275882721, 0.18878217041492462, 0.28787460923194885, 0.48107782006263733, 0.06485088169574738, 0.2588323652744293, 0.37738877534866333, 0.16263337433338165, 0.17087210714817047, 0.1553608775138855, 0.11284452676773071, 0.04760904610157013, 0.3091750144958496, 0.3354945778846741, 0.3639083206653595, 0.14621470868587494, 0.1224265769124031, 0.22208663821220398, 0.2150290608406067, 0.03918081149458885, 0.017484020441770554, 0.2013321965932846, 0.32938098907470703, 0.38542237877845764, 0.41902151703834534, 0.17871469259262085, 0.22758078575134277, 0.22450730204582214, 0.10767177492380142, 0.053420290350914, 0.3619771897792816, 0.030224237591028214, 0.12862591445446014, 0.17068707942962646, 0.06758946925401688, 0.6323519349098206, 0.21768227219581604, 0.21915484964847565, 0.006197395734488964, 0.07692549377679825, 0.013619789853692055, 0.0612247996032238, 0.0990186557173729, 0.2894322872161865, 0.006662154570221901, 0.06421951949596405, 0.25071462988853455, 0.6022951006889343, 0.39774876832962036, 0.13027215003967285, 0.12912419438362122, 0.04587605595588684, 0.10646940022706985, 0.3178803622722626, 0.2904684245586395, 0.1166217252612114, 0.25617608428001404, 0.06234110891819, 0.09187017381191254, 0.0874720960855484, 0.04821131378412247, 0.2605131268501282, 0.22094471752643585, 0.04994625598192215, 0.06258830428123474, 0.6724823713302612, 0.08080387115478516, 0.1469152271747589, 0.12718082964420319, 0.21236613392829895, 0.3396165370941162, 0.1793680489063263]"
F60,"[0.2135673314332962, 0.1004660502076149, 0.22912119328975677, 0.1307225525379181, 0.11146532744169235, 0.287506639957428, 0.25134456157684326, 0.036438602954149246, 0.3430633246898651, 0.19803069531917572, 0.34522849321365356, 0.30887100100517273, 0.13544484972953796, 0.13004256784915924, 0.11119741201400757, 0.40235891938209534, 0.16308291256427765, 0.05934455245733261, 0.035836510360240936, 0.500707745552063, 0.15280495584011078, 0.7006117105484009, 0.15723830461502075, 0.0019770527724176645, 0.3369561731815338, 0.42641544342041016, 0.27311041951179504, 0.3097870945930481, 0.1363707184791565, 0.44111168384552, 0.20986305177211761, 0.03181082755327225, 0.05771972984075546, 0.1996106207370758, 0.11493328213691711, 0.022909006103873253, 0.3839056193828583, 0.07457417249679565, 0.22465962171554565, 0.09669006615877151, 0.04809432476758957, 0.06997823715209961, 0.28482186794281006, 0.13655252754688263, 0.14366167783737183, 0.39572271704673767, 0.2078692466020584, 0.04611431434750557, 0.343336820602417, 0.17997479438781738, 0.02187996730208397, 0.06994474679231644, 0.11097777634859085, 0.5979160070419312, 0.10351015627384186, 0.035054463893175125, 0.29396799206733704, 0.15265654027462006, 0.1325065642595291, 0.4228520393371582, 0.015007659792900085, 0.2108582854270935, 0.2559968829154968, 0.11534849554300308, 0.03260774537920952, 0.07035880535840988, 0.03226837143301964, 0.09396746009588242, 0.07883444428443909, 0.09750717878341675, 0.06794337183237076, 0.07549769431352615, 0.14854149520397186, 0.267612099647522, 0.013911481015384197, 0.10795817524194717, 0.5669466257095337, 0.23684273660182953, 0.16060559451580048, 0.002882134635001421, 0.10029526799917221, 0.02007659524679184, 0.1421964466571808, 0.16896474361419678, 0.030500806868076324, 0.47236156463623047, 0.14293333888053894, 0.20647455751895905, 0.8809786438941956, 0.10891825705766678, 0.250639945268631, 0.30463987588882446, 0.07919443398714066, 0.10968851298093796, 0.0899210125207901, 0.2000940442085266, 0.08693914860486984, 0.0437358133494854, 0.01254183053970337, 0.21103692054748535, 0.2065860480070114, 0.06680995225906372, 0.16376477479934692, 0.32077348232269287, 0.18402501940727234, 0.05365805700421333, 0.15729255974292755, 0.14413347840309143, 0.1402420699596405, 0.15363483130931854, 0.047566160559654236, 0.11501172930002213, 0.04294785112142563, 0.01916416548192501, 0.07610221207141876, 0.04063516855239868, 0.0984465479850769, 0.25376319885253906, 0.2679961025714874, 0.3087848722934723, 0.49354442954063416, 0.28828904032707214, 0.20768530666828156, 0.09670382738113403, 0.10206106305122375, 0.4743310809135437, 0.667919397354126, 0.09730375558137894]"
F61,"[0.08607114851474762, 0.034942664206027985, 0.14052234590053558, 0.0723489299416542, 0.276185542345047, 0.009459206834435463, 0.0898696780204773, 0.1232292428612709, 0.08169174194335938, 0.10934900492429733, 0.34531617164611816, 0.15565235912799835, 0.22464130818843842, 0.275748074054718, 0.006483261473476887, 0.32093891501426697, 0.5967049598693848, 0.11805053800344467, 0.3415360152721405, 0.11012952029705048, 0.13415546715259552, 0.22802616655826569, 0.2241925597190857, 0.04199279472231865, 0.18831999599933624, 0.008258538320660591, 0.29876580834388733, 0.04631248861551285, 0.3569892942905426, 0.04616958275437355, 0.04380156844854355, 0.015031646937131882, 0.09981996566057205, 0.23687589168548584, 0.07022354751825333, 0.1406308114528656, 0.04497002437710762, 0.20125263929367065, 0.3105480372905731, 0.14200501143932343, 0.2872588634490967, 0.11643663793802261, 0.02841516025364399, 0.33756789565086365, 0.3073349595069885, 0.10447558760643005, 0.03159003332257271, 0.06351115554571152, 0.18167535960674286, 0.010231412947177887, 0.21573752164840698, 0.004322557244449854, 0.010971162468194962, 0.12881968915462494, 0.04463094472885132, 0.10408478230237961, 0.04579897224903107, 0.00047949812142178416, 0.33528581261634827, 0.008075631223618984, 0.06897605210542679, 0.09406361728906631, 0.1800641268491745, 0.16850650310516357, 0.05711991339921951, 0.11842259764671326, 0.12678757309913635, 0.08989161998033524, 0.13455520570278168, 0.0404907688498497, 0.06780225038528442, 0.0050012171268463135, 0.10577438771724701, 0.029381006956100464, 0.018788442015647888, 0.23236314952373505, 0.1759038120508194, 0.04732217639684677, 0.09722060710191727, 0.24566958844661713, 0.1595318764448166, 0.17185711860656738, 0.1691509485244751, 0.1934472620487213, 0.26607176661491394, 0.17570249736309052, 0.24296198785305023, 0.05900517478585243, 0.21597440540790558, 0.021559443324804306, 0.045085757970809937, 0.06475243717432022, 0.05701756477355957, 0.1174398884177208, 0.08231636881828308, 0.19858787953853607, 0.022297250106930733, 0.3864547908306122, 0.2412186861038208, 0.23427847027778625, 0.12918062508106232, 0.1968347281217575, 0.052576906979084015, 0.11918754875659943, 0.37971213459968567, 0.04835345223546028, 0.1405017077922821, 0.180417001247406, 0.010121313855051994, 0.12640532851219177, 0.27435922622680664, 0.2219766229391098, 0.1923239827156067, 0.10339028388261795, 0.14261198043823242, 0.05467546731233597, 0.2204744666814804, 0.13667599856853485, 0.6539075970649719, 0.24390137195587158, 0.2760118842124939, 0.014087860472500324, 0.10014661401510239, 0.007928135804831982, 0.07777751982212067, 0.022191446274518967, 0.08634053170681, 0.09882393479347229]"
F62,"[0.18727350234985352, 0.009624997153878212, 0.046820268034935, 0.13174104690551758, 0.07711873203516006, 0.044217079877853394, 0.23082593083381653, 0.01798962615430355, 0.0006077056750655174, 0.015231311321258545, 0.7098360657691956, 0.10721901059150696, 0.046019669622182846, 0.13416175544261932, 0.14385905861854553, 0.016395682469010353, 0.14275845885276794, 0.2294396013021469, 0.3943993151187897, 0.13575589656829834, 0.30688580870628357, 0.039043642580509186, 0.08569453656673431, 0.04487853869795799, 0.22544097900390625, 0.0364401675760746, 0.18218696117401123, 0.0712541937828064, 0.06771579384803772, 0.01538040954619646, 0.021485649049282074, 0.14783316850662231, 0.023011822253465652, 0.2492821365594864, 0.17914824187755585, 0.03910671919584274, 0.05361504480242729, 0.19525350630283356, 0.0470610186457634, 0.3328514099121094, 0.030173130333423615, 0.10576561838388443, 0.1105470135807991, 0.1827934980392456, 0.30533522367477417, 0.17548485100269318, 0.10356908291578293, 0.035881321877241135, 0.09966441988945007, 0.08259023725986481, 0.14522132277488708, 0.21798664331436157, 0.02504764124751091, 0.11669716984033585, 0.11538198590278625, 0.1683931201696396, 0.058548957109451294, 0.1334587186574936, 0.06643504649400711, 0.1461389809846878, 0.045265085995197296, 0.13871200382709503, 0.13761605322360992, 0.18820583820343018, 0.22818192839622498, 0.08782874792814255, 0.09141629189252853, 0.09427478909492493, 0.20730949938297272, 0.27866804599761963, 0.08599232137203217, 0.004786440636962652, 0.10896889865398407, 0.22051860392093658, 0.19147330522537231, 0.06980237364768982, 0.320291668176651, 0.03583724796772003, 0.4022385776042938, 0.15781524777412415, 0.080110102891922, 0.06368861347436905, 0.004906810354441404, 0.15159976482391357, 0.2692409157752991, 0.1336488574743271, 0.18740342557430267, 0.02782321535050869, 0.41557198762893677, 0.12647508084774017, 0.09300306439399719, 0.10953786224126816, 0.01054006814956665, 0.10462800413370132, 0.17229317128658295, 0.063504159450531, 0.08697019517421722, 0.19089001417160034, 0.012417400255799294, 0.09166482836008072, 0.15453532338142395, 0.12161654233932495, 0.23080256581306458, 0.2241191267967224, 0.16903404891490936, 0.3842821419239044, 0.24084366858005524, 0.21229371428489685, 0.2506527304649353, 0.20660798251628876, 0.026137003675103188, 0.014219064265489578, 0.07415519654750824, 0.034524936228990555, 0.4128875732421875, 0.39972442388534546, 0.03431989997625351, 0.014690620824694633, 0.035623859614133835, 0.02298860438168049, 0.005443661008030176, 0.3298841714859009, 0.0828729048371315, 0.05640421062707901, 0.07046525925397873, 0.1244785413146019, 0.1567828357219696, 0.36773526668548584]"
F63,"[0.30217796564102173, 0.22510577738285065, 0.17597359418869019, 0.18284551799297333, 0.14036455750465393, 0.38502615690231323, 0.1271888017654419, 0.045002829283475876, 0.13539184629917145, 0.24823834002017975, 0.061542998999357224, 0.11250336468219757, 0.21737314760684967, 0.0910089835524559, 0.03528138995170593, 0.17369621992111206, 0.027176840230822563, 0.26382094621658325, 0.155143603682518, 0.0602157860994339, 0.06106971204280853, 0.7172656655311584, 0.06946860998868942, 0.005371588282287121, 0.08318965882062912, 0.11555593460798264, 0.13650695979595184, 0.002980496035888791, 0.09039461612701416, 0.0035369666293263435, 0.20259137451648712, 0.14613109827041626, 0.16712847352027893, 0.5718392729759216, 0.03638621047139168, 0.20950844883918762, 0.2771354615688324, 0.14898055791854858, 0.10078669339418411, 0.10687865316867828, 0.26880890130996704, 0.1444597989320755, 0.10713168233633041, 0.04408668726682663, 0.248933345079422, 0.09031616151332855, 0.11604830622673035, 0.19929581880569458, 0.1337740123271942, 0.03347812592983246, 0.08658219873905182, 0.2717670798301697, 0.03588677942752838, 0.13983410596847534, 0.03093613311648369, 0.22593921422958374, 0.35460618138313293, 0.013285839930176735, 0.09009946137666702, 0.13509316742420197, 0.13942904770374298, 0.2751956582069397, 0.08724672347307205, 0.009238429367542267, 0.15109995007514954, 0.028970450162887573, 0.01877399906516075, 0.0735209733247757, 0.12310857325792313, 0.33846375346183777, 0.08583889901638031, 0.26222237944602966, 0.054255880415439606, 0.3087547719478607, 0.0639902725815773, 0.19821983575820923, 0.0831085592508316, 0.009046838618814945, 0.15516062080860138, 0.29582127928733826, 0.08763550221920013, 0.10393789410591125, 0.0312647670507431, 0.2591492831707001, 0.07394959032535553, 0.15549473464488983, 0.26527300477027893, 0.22031396627426147, 0.30999472737312317, 0.19044558703899384, 0.5440386533737183, 0.34910523891448975, 0.026622846722602844, 0.0010042847134172916, 0.01662394218146801, 0.2591482996940613, 0.19694140553474426, 0.17531415820121765, 0.020284531638026237, 0.05241341516375542, 0.11635509133338928, 0.22865721583366394, 0.18078161776065826, 0.3498987853527069, 0.36779138445854187, 0.08833632618188858, 0.5377252697944641, 0.2438243180513382, 0.10776761919260025, 0.0796264037489891, 0.25494667887687683, 0.14724336564540863, 0.15130606293678284, 0.04785670340061188, 0.025672672316432, 0.03489832952618599, 0.03920505940914154, 0.16215844452381134, 0.13918232917785645, 0.3547808825969696, 0.17852604389190674, 0.05139081925153732, 0.13904441893100739, 0.16376499831676483, 0.002102428348734975, 0.0794266015291214, 0.247894287109375, 0.12823082506656647]"
F64,"[0.11080305278301239, 0.0639127865433693, 0.0037614309694617987, 0.14323225617408752, 0.1382305771112442, 0.4308242201805115, 0.36583107709884644, 0.3633063733577728, 0.005205782130360603, 0.06071577966213226, 0.25269395112991333, 0.0032791723497211933, 0.15065760910511017, 0.2837761342525482, 0.028748422861099243, 0.24546051025390625, 0.16054336726665497, 0.150370791554451, 0.010997224599123001, 0.21981769800186157, 0.025998078286647797, 0.13214640319347382, 0.11989312618970871, 0.06543242931365967, 0.1025809496641159, 0.24444948136806488, 0.029550161212682724, 0.17813222110271454, 0.18133920431137085, 0.3424038290977478, 0.06469313055276871, 0.17075668275356293, 0.2670004367828369, 0.12781226634979248, 0.0649184063076973, 0.018610879778862, 0.3288592994213104, 0.04539676755666733, 0.1474846601486206, 0.033834852278232574, 0.1520003229379654, 0.1298225373029709, 0.1863890290260315, 0.0514194592833519, 0.16310067474842072, 0.17990820109844208, 0.26961272954940796, 0.19565078616142273, 0.04891768842935562, 0.2750888764858246, 0.35296541452407837, 0.03236842527985573, 0.03943181782960892, 0.13036049902439117, 0.013419087044894695, 0.021419618278741837, 0.2769829332828522, 0.00982877891510725, 0.08613931387662888, 0.16221977770328522, 0.0871182531118393, 0.2069316953420639, 0.06041868031024933, 0.10559649765491486, 0.08193173259496689, 0.19293290376663208, 0.24967406690120697, 0.01569146290421486, 0.012465313076972961, 0.15630315244197845, 0.12290646880865097, 0.040523335337638855, 0.19950664043426514, 0.28353285789489746, 0.33189481496810913, 0.11544785648584366, 0.33333414793014526, 0.11080000549554825, 0.006838598288595676, 0.34464460611343384, 0.016234204173088074, 0.28822916746139526, 0.07029834389686584, 0.2838946580886841, 0.08364953100681305, 0.03622349724173546, 0.18253065645694733, 0.36601898074150085, 0.3293902277946472, 0.14804509282112122, 0.03931970149278641, 0.119559146463871, 0.05568363144993782, 0.1246640756726265, 0.18811559677124023, 0.2632409930229187, 0.2015009969472885, 0.011454211547970772, 0.23363010585308075, 0.20157405734062195, 0.29793667793273926, 0.09777352958917618, 0.2851473093032837, 0.08927728235721588, 0.2767542600631714, 0.04283661022782326, 0.27139630913734436, 0.15168072283267975, 0.2875634431838989, 0.2136109173297882, 0.03973798081278801, 0.08940904587507248, 0.054257284849882126, 0.32487040758132935, 0.18149115145206451, 0.14020130038261414, 0.006160035263746977, 0.1398499310016632, 0.13001441955566406, 0.11927074939012527, 0.17506392300128937, 0.15265220403671265, 0.04856608808040619, 0.34894323348999023, 0.0431528277695179, 0.3586248457431793, 0.01029003132134676, 0.18551063537597656]"
F65,"[0.20917204022407532, 0.06620100885629654, 0.033160269260406494, 0.006862792186439037, 0.17604631185531616, 0.47110089659690857, 0.05450505390763283, 0.09218859672546387, 0.11389118432998657, 0.1422073394060135, 0.16255494952201843, 0.09537623822689056, 0.09352974593639374, 0.01430075615644455, 0.3240419924259186, 0.1264311969280243, 0.05013209953904152, 0.13902044296264648, 0.27873706817626953, 0.14396201074123383, 0.12985765933990479, 0.2675405740737915, 0.14404506981372833, 0.10155270248651505, 0.24806588888168335, 0.0663902685046196, 0.008511573076248169, 0.01100007351487875, 0.2504265606403351, 0.12929882109165192, 0.10992591083049774, 0.08694099634885788, 0.10684885829687119, 0.24524083733558655, 0.23764920234680176, 0.08411486446857452, 0.23621730506420135, 0.05701931193470955, 0.02888358011841774, 0.22954322397708893, 0.15843071043491364, 0.0008232463151216507, 0.011933590285480022, 0.04524454101920128, 0.057691965252161026, 0.06252627074718475, 0.06661701202392578, 0.07276195287704468, 0.11448735743761063, 0.07240314036607742, 0.1304825097322464, 0.2771781086921692, 0.06397004425525665, 0.10306542366743088, 0.06269297003746033, 0.23166118562221527, 0.18976372480392456, 0.10268762707710266, 0.24928955733776093, 0.2250070720911026, 0.3164063096046448, 0.4096162021160126, 0.32413098216056824, 0.08361721783876419, 0.05475328862667084, 0.07600163668394089, 0.2574801445007324, 0.08133766055107117, 0.010515699163079262, 0.008004028350114822, 0.052131664007902145, 0.0295829139649868, 0.021141836419701576, 0.11149390041828156, 0.17313797771930695, 0.1769256740808487, 0.01766670122742653, 0.010844781063497066, 0.12267854809761047, 0.014684616588056087, 0.19028827548027039, 0.12254082411527634, 0.08126950263977051, 0.022978149354457855, 0.020422864705324173, 0.38421493768692017, 0.1557268649339676, 0.04058106988668442, 0.2253124862909317, 0.008809905499219894, 0.0665011927485466, 0.12396229803562164, 0.23847012221813202, 0.12249404191970825, 0.04558304697275162, 0.17809978127479553, 0.22895434498786926, 0.018261831253767014, 0.05622391030192375, 0.10767068713903427, 0.054723337292671204, 0.09751687198877335, 0.16446080803871155, 0.10513395071029663, 0.11436738818883896, 0.0053838384337723255, 0.18474800884723663, 0.2193947732448578, 0.04694665968418121, 0.019423380494117737, 0.3136581480503082, 0.1683799922466278, 0.12708833813667297, 0.019519314169883728, 0.011440638452768326, 0.0013490838464349508, 0.4970661997795105, 0.32695892453193665, 0.15013687312602997, 0.07971394062042236, 0.05386555567383766, 0.018985694274306297, 0.03548334538936615, 0.054249923676252365, 0.10798028111457825, 0.06505478173494339, 0.05541156977415085, 0.2446574866771698]"
F66,"[0.0954560711979866, 0.02219851128757, 0.020687010139226913, 0.016004659235477448, 0.04417423531413078, 0.02871047332882881, 0.034623075276613235, 0.32681041955947876, 0.11698444932699203, 0.13803742825984955, 0.04008052498102188, 0.07072596997022629, 0.044665463268756866, 0.018157143145799637, 0.11868263781070709, 0.019747061654925346, 0.05214547738432884, 0.08461297303438187, 0.09965651482343674, 0.053318366408348083, 0.08649779856204987, 0.23072108626365662, 0.043124645948410034, 0.017099762335419655, 0.09203637391328812, 0.04061601683497429, 0.41632816195487976, 0.13010403513908386, 0.08657382428646088, 0.022826069965958595, 0.305711030960083, 0.08868621289730072, 0.19450996816158295, 0.16411471366882324, 0.12456580996513367, 0.17456720769405365, 0.012033186852931976, 0.02332690730690956, 0.01509006880223751, 0.07471668720245361, 0.03211646527051926, 0.044757526367902756, 0.0846409872174263, 0.09824022650718689, 0.08411971479654312, 0.04938618093729019, 0.09450550377368927, 0.18513286113739014, 0.10193642973899841, 0.06355434656143188, 0.11632765084505081, 0.01426401361823082, 0.09502241760492325, 0.021431993693113327, 0.05489074066281319, 0.0875585675239563, 0.06920266151428223, 0.043193377554416656, 0.297841876745224, 0.023735085502266884, 0.0018077970016747713, 0.011566556990146637, 0.11043353378772736, 0.057075805962085724, 0.5808172821998596, 0.05840635299682617, 0.007044948171824217, 0.0792781412601471, 0.0886775553226471, 0.036202505230903625, 0.12928618490695953, 0.12023487687110901, 0.04179149493575096, 0.03087960183620453, 0.06934089213609695, 0.2111285924911499, 0.04285753518342972, 0.04633980989456177, 0.1402217298746109, 0.09761468321084976, 0.09743450582027435, 0.05011175572872162, 0.017407722771167755, 0.13786625862121582, 0.09334399551153183, 0.08007951080799103, 0.08774518966674805, 0.10048798471689224, 0.09595397114753723, 0.003168783150613308, 0.047737639397382736, 0.07712935656309128, 0.06473833322525024, 0.09439465403556824, 0.0014999855775386095, 0.030231906101107597, 0.23453909158706665, 0.08424150943756104, 0.21232950687408447, 0.0789865031838417, 0.262982577085495, 0.016474412754178047, 0.2017206996679306, 0.12081525474786758, 0.11681720614433289, 0.01776508055627346, 0.0612434521317482, 0.31619974970817566, 0.061776842921972275, 0.02235819399356842, 0.031932659447193146, 0.19919368624687195, 0.21103446185588837, 0.04916228726506233, 0.2099524438381195, 0.036352068185806274, 0.10957702249288559, 0.011479358188807964, 0.031489841639995575, 0.17871427536010742, 0.05506494268774986, 0.1241338700056076, 0.13582244515419006, 0.07069198042154312, 0.06830698251724243, 0.058063823729753494, 0.14160476624965668, 0.1679670214653015]"
F67,"[0.3130047619342804, 0.21489420533180237, 0.3177294433116913, 0.09592516720294952, 0.11022558063268661, 0.11423934996128082, 0.41149166226387024, 0.02944920025765896, 0.35546234250068665, 0.07607128471136093, 0.02856282703578472, 0.16275131702423096, 0.28336745500564575, 0.4128146469593048, 0.1467137485742569, 0.3439188301563263, 0.04424747824668884, 0.20423033833503723, 0.2336774468421936, 0.3721809387207031, 0.06830842047929764, 0.06475065648555756, 0.38356614112854004, 0.18653620779514313, 0.41622352600097656, 0.044814251363277435, 0.6008175015449524, 0.15759992599487305, 0.0011020140955224633, 0.19843555986881256, 0.025025444105267525, 0.2421519160270691, 0.8676508069038391, 0.08331920951604843, 0.09670527279376984, 0.3476305603981018, 0.16616719961166382, 0.13146193325519562, 0.14009976387023926, 0.32195165753364563, 0.09670837223529816, 0.63368821144104, 0.24356216192245483, 0.5079828500747681, 0.24079902470111847, 0.3951723873615265, 0.08311647921800613, 0.5330495238304138, 0.04409794136881828, 0.1553560048341751, 0.21870437264442444, 0.007721282076090574, 0.5234396457672119, 0.035725731402635574, 0.21893198788166046, 0.02704484947025776, 0.09306296706199646, 0.12851090729236603, 0.3916414976119995, 0.15932324528694153, 0.03671807795763016, 0.24620673060417175, 0.7123842239379883, 0.1432294100522995, 0.6307783722877502, 0.05115833505988121, 0.03662179782986641, 0.06765151023864746, 0.07823552191257477, 0.09579392522573471, 0.05118076130747795, 0.2928242087364197, 0.10132531076669693, 0.08535945415496826, 0.31488654017448425, 0.47062334418296814, 0.1914711743593216, 0.21502284705638885, 0.012118475511670113, 0.722111165523529, 0.289368599653244, 0.09829922765493393, 0.08036511391401291, 0.4869292080402374, 0.1368454545736313, 0.31274861097335815, 0.03485051915049553, 0.32579419016838074, 0.06298866868019104, 0.0105015579611063, 0.21773827075958252, 0.2578012943267822, 0.3721948564052582, 0.2609311640262604, 0.19336740672588348, 0.556942880153656, 0.1838296353816986, 0.3646424114704132, 0.1750899851322174, 0.1259029656648636, 0.22332169115543365, 1.034106969833374, 0.2992388606071472, 0.4528990089893341, 0.27075040340423584, 0.5103718042373657, 0.17000532150268555, 0.4304059147834778, 0.23848633468151093, 0.3392024040222168, 0.0824514627456665, 0.15172086656093597, 0.05828321352601051, 0.1333942860364914, 0.25503426790237427, 0.15209808945655823, 0.2124437838792801, 0.06154266372323036, 0.2831033170223236, 0.026792800053954124, 0.1971701681613922, 0.20115964114665985, 0.22972053289413452, 0.07652982324361801, 0.4033539891242981, 0.12350446730852127, 0.6059820652008057, 0.4561724066734314]"
