feature,weight_list
F1,"[0.07467686384916306, 0.03565294295549393, 0.04354282096028328, 0.08891148865222931, 0.09692859649658203, 0.0261863861232996, 0.12043266743421555, 0.014714600518345833, 0.008718150667846203, 0.034747909754514694, 0.054767608642578125, 0.033051181584596634, 0.08429213613271713, 0.01060661394149065, 0.011898504570126534, 0.07580606639385223, 0.037112291902303696, 0.08849263936281204, 0.048528946936130524, 0.07191235572099686, 0.055985551327466965, 0.03875536471605301, 0.11434034258127213, 0.03448528051376343, 0.08167888224124908, 0.07111874222755432, 0.014953614212572575, 0.03250270336866379, 0.03819967806339264, 0.06777022033929825, 0.05614626780152321, 0.12235552817583084, 0.08441410958766937, 0.020021408796310425, 0.06595280766487122, 0.04497690126299858, 0.06204941123723984, 0.03936563432216644, 0.03498753532767296, 0.022069990634918213, 0.04310205578804016, 0.004870137665420771, 0.03593829274177551, 0.05152389779686928, 0.10920785367488861, 0.004121005069464445, 0.058687206357717514, 0.02256966196000576, 0.04692462831735611, 0.06424398720264435, 0.06971841305494308, 0.024970995262265205, 0.03401181846857071, 0.112615667283535, 0.06303857266902924, 0.04060250148177147, 0.04916539788246155, 0.009431754238903522, 0.1183476522564888, 0.05591698735952377, 0.029438117519021034, 0.035095471888780594, 0.029889540746808052, 0.019425665959715843, 0.037710703909397125, 0.056179434061050415, 0.036044079810380936, 0.019720403477549553, 0.08166378736495972, 0.06068957597017288, 0.027870604768395424, 0.0868184044957161, 0.059615254402160645, 0.014804408885538578, 0.02194894850254059, 0.05703900009393692, 0.03298807144165039, 0.04681890457868576, 0.013370324857532978, 0.07105180621147156, 0.034625470638275146, 0.056560397148132324, 0.08811298757791519, 0.000726420315913856, 0.06850211322307587, 0.044767796993255615, 0.029934830963611603, 0.04563510790467262, 0.012356196530163288, 0.05205712467432022, 0.004936632234603167, 0.039725176990032196, 0.03475290909409523, 0.04161157086491585, 0.03201926872134209, 0.039851121604442596, 0.09793898463249207, 0.056473586708307266, 0.030144089832901955, 0.11647902429103851, 0.08380269259214401, 0.0907626748085022, 0.005659902468323708, 0.08198504149913788, 0.051097359508275986, 0.04504293575882912, 0.07430191338062286, 0.03303227201104164, 0.0765029713511467, 0.05482277646660805, 0.06293154507875443, 0.05691777169704437, 0.0010481117060407996, 0.07396590709686279, 0.01680247113108635, 0.021994225680828094, 0.10450761020183563, 0.06215731427073479, 0.02876611240208149, 0.017752574756741524, 0.054515186697244644, 0.030955689027905464, 0.08294558525085449, 0.06174183264374733, 0.05056930333375931, 0.02956381067633629, 0.07005001604557037, 0.08366004377603531]"
F2,"[0.028499240055680275, 0.02448059245944023, 0.0647851750254631, 0.11679001897573471, 0.03168773278594017, 0.09849242866039276, 0.026570364832878113, 0.19014692306518555, 0.06711676716804504, 0.10937439650297165, 0.06886938214302063, 0.07443653047084808, 0.08272404223680496, 0.06915775686502457, 0.13683973252773285, 0.013774852268397808, 0.17621071636676788, 0.10857824236154556, 0.05866574868559837, 0.04831639304757118, 0.011730817146599293, 0.09335197508335114, 0.015297935344278812, 0.25689539313316345, 0.048607394099235535, 0.013696171343326569, 0.02318388596177101, 0.09708692878484726, 0.15683689713478088, 0.010301814414560795, 0.1752910315990448, 0.061657845973968506, 0.0034158548805862665, 0.057262029498815536, 0.034098830074071884, 0.13367034494876862, 0.09214510768651962, 0.162362739443779, 0.03935164213180542, 0.1277713179588318, 0.07372399419546127, 0.07731504738330841, 0.06403592973947525, 0.0005740886554121971, 0.016477307304739952, 0.02239280939102173, 0.026269394904375076, 0.15866993367671967, 0.05858173593878746, 0.019351476803421974, 0.05419401451945305, 0.1143811047077179, 0.0026745658833533525, 0.14454488456249237, 0.04508388042449951, 0.033453233540058136, 0.024106791242957115, 0.058552827686071396, 0.046151142567396164, 0.17422868311405182, 0.0160116758197546, 0.03038713149726391, 0.0654335469007492, 0.13305537402629852, 0.08156785368919373, 0.02074609324336052, 0.028920238837599754, 0.04681426286697388, 0.13689252734184265, 0.05114175006747246, 0.0163614172488451, 0.016557710245251656, 0.10250410437583923, 0.1269240528345108, 0.08510885387659073, 0.003158106468617916, 0.00426716823130846, 0.06340377032756805, 0.019741587340831757, 0.10462378710508347, 0.04855693504214287, 0.15238390862941742, 0.09112449735403061, 0.152057483792305, 0.009801014326512814, 0.06974953413009644, 0.0033293161541223526, 0.06632570177316666, 0.10544275492429733, 0.035203032195568085, 0.003981477115303278, 0.010709111578762531, 0.030777782201766968, 0.10753168910741806, 0.003439061576500535, 0.10055788606405258, 0.11983267217874527, 0.04716279357671738, 0.1365492194890976, 0.013426956720650196, 0.0016651080222800374, 0.13062767684459686, 0.012094269506633282, 0.0745011568069458, 0.04424562677741051, 0.007921555079519749, 0.047453057020902634, 0.14757555723190308, 0.0713423416018486, 0.0610085092484951, 2.1274825485306792e-05, 0.006437853444367647, 0.05725317820906639, 0.016093365848064423, 0.05997852236032486, 0.2585795521736145, 0.1655244529247284, 0.07100231200456619, 0.04014304280281067, 0.050190284848213196, 0.06598512083292007, 0.12062524259090424, 0.010588884353637695, 0.06396164000034332, 0.015278416685760021, 0.18747025728225708, 0.04840775206685066, 0.09651440382003784]"
F3,"[0.002986288396641612, 0.029254820197820663, 0.013774173334240913, 0.0070221638306975365, 0.012016300112009048, 0.014706439338624477, 0.019437268376350403, 0.0008702806662768126, 0.021127432584762573, 0.007693788502365351, 0.01057886891067028, 0.004054960794746876, 0.028327681124210358, 0.01116097066551447, 0.048935096710920334, 0.04004943370819092, 0.01737317256629467, 0.03367694467306137, 0.033033113926649094, 0.01852358691394329, 0.03519120067358017, 0.02259793132543564, 0.00955620501190424, 0.03678308427333832, 0.006883374880999327, 0.007550869137048721, 0.008063960820436478, 0.017955509945750237, 0.015707163140177727, 0.01073520164936781, 0.016271868720650673, 0.021796874701976776, 0.002569993492215872, 0.004970591515302658, 0.007527304347604513, 0.008995077572762966, 0.01682470366358757, 0.010657043196260929, 0.0149930315092206, 0.0402715802192688, 0.03296613320708275, 0.0056237331591546535, 0.023809902369976044, 0.01015356183052063, 0.015089970082044601, 0.0033400114625692368, 0.01869935169816017, 0.03122192621231079, 0.024899818003177643, 0.04169410094618797, 0.0337933674454689, 0.02594282291829586, 0.021777821704745293, 0.016150614246726036, 0.0016350941732525826, 0.03177157789468765, 0.01992899551987648, 0.008700081147253513, 0.0012100370367988944, 0.031037673354148865, 0.02566184476017952, 0.011189045384526253, 0.004050315357744694, 0.011439207009971142, 0.023910047486424446, 0.02549532614648342, 0.009848381392657757, 0.017177274450659752, 0.015230420976877213, 0.004583143629133701, 0.04075375944375992, 0.04213675856590271, 0.022979529574513435, 0.04604848474264145, 0.04295658692717552, 0.013098976574838161, 0.03330548480153084, 0.0016476101009175181, 0.012251293286681175, 0.01896272972226143, 0.0030466951429843903, 0.020021917298436165, 0.017969369888305664, 0.02792142517864704, 0.002077458892017603, 0.004989558830857277, 0.031750865280628204, 0.019372478127479553, 0.026326458901166916, 0.009066994301974773, 0.006595185492187738, 0.040114518254995346, 0.024785852059721947, 0.009853779338300228, 0.020382454618811607, 0.019100084900856018, 0.019719500094652176, 0.014755245298147202, 0.002596986712887883, 0.03116067871451378, 0.04615393280982971, 0.005420325323939323, 0.05044049397110939, 0.015921279788017273, 0.009010783396661282, 0.01739080436527729, 0.012043921276926994, 0.017801012843847275, 0.0065337601117789745, 0.005800355691462755, 0.07056556642055511, 0.02349303476512432, 0.012808228842914104, 0.006950357463210821, 0.01227955985814333, 0.036009229719638824, 0.0004217360110487789, 0.004059383179992437, 0.009548048488795757, 0.007486577145755291, 0.0057355728931725025, 0.01197636779397726, 0.02023966610431671, 0.008070074021816254, 0.015677182003855705, 0.017220087349414825, 0.029690418392419815, 0.00826089084148407]"
F4,"[0.039083704352378845, 0.04073712229728699, 0.012966577894985676, 0.04338320344686508, 0.06341631710529327, 0.03657405823469162, 0.0306895449757576, 0.014069503173232079, 0.01595948450267315, 0.005556778516620398, 0.005506637040525675, 0.003792101051658392, 0.0048056659288704395, 0.008132267743349075, 0.02494834177196026, 0.007936477661132812, 0.06706809252500534, 0.041550807654857635, 0.05149219557642937, 0.01579911820590496, 0.06402599811553955, 0.01808852143585682, 0.0471327118575573, 0.11925055086612701, 0.02489800564944744, 0.06537129729986191, 0.04192250594496727, 0.08595415204763412, 0.07212723791599274, 0.0715985968708992, 0.0016775099793449044, 0.044002801179885864, 0.022415641695261, 0.03567667305469513, 0.006987033411860466, 0.0461774542927742, 0.011191257275640965, 0.002720331074669957, 0.01983822137117386, 0.002004187786951661, 0.0331496000289917, 0.018834320828318596, 0.06053178757429123, 0.04819334298372269, 0.04848797246813774, 0.08363967388868332, 0.10954248905181885, 0.08739372342824936, 0.04812899976968765, 0.04340001568198204, 0.028977353125810623, 0.08750998973846436, 0.05322570726275444, 0.010589861311018467, 0.009643047116696835, 0.08853904902935028, 0.020013965666294098, 0.022914087399840355, 0.019295765087008476, 0.06929337233304977, 0.0004328845825511962, 0.0338611826300621, 0.005149830132722855, 0.016800532117486, 0.07783659547567368, 0.010236533358693123, 0.012151430360972881, 0.04618886113166809, 0.09989885985851288, 0.016386283561587334, 0.035377055406570435, 0.02794312685728073, 0.05744712054729462, 0.07249748706817627, 0.03272438421845436, 0.04109003394842148, 0.01992904022336006, 0.027166541665792465, 0.08318756520748138, 0.07472800463438034, 0.06433971971273422, 0.0036784044932574034, 0.028403712436556816, 0.04329797625541687, 0.06760435551404953, 0.09413226693868637, 0.030304986983537674, 0.0464029461145401, 0.008839038200676441, 0.05558902770280838, 0.08747633546590805, 0.007587752770632505, 0.04204171150922775, 0.03333938121795654, 0.06287650018930435, 0.030360378324985504, 0.06264393031597137, 0.10619726032018661, 0.09649810940027237, 0.022986996918916702, 0.031651683151721954, 0.04806220158934593, 0.0026686734054237604, 0.042073365300893784, 0.07246272265911102, 0.044077374041080475, 0.007009284105151892, 0.010139040648937225, 0.061021339148283005, 0.07042927294969559, 0.07257688045501709, 0.04903760552406311, 0.08925937861204147, 0.03322192654013634, 0.0017243525944650173, 0.005436399020254612, 0.029615746811032295, 0.04157838225364685, 0.008801210671663284, 0.015330944210290909, 0.03758731856942177, 0.05263051763176918, 0.034501951187849045, 0.10783269256353378, 0.029289485886693, 0.10239885002374649, 0.05440414696931839, 0.06212381273508072]"
F5,"[0.0071115349419415, 0.073403500020504, 0.06631144881248474, 0.017447087913751602, 0.005166419316083193, 0.16886447370052338, 0.05855994671583176, 0.014524202793836594, 0.027056246995925903, 0.022586921229958534, 0.014521488919854164, 0.03783748298883438, 0.06687473505735397, 0.12050002813339233, 0.11673155426979065, 0.12571333348751068, 0.06693639606237411, 0.012415279634296894, 0.06773675978183746, 0.035095591098070145, 0.13372381031513214, 0.08936265856027603, 0.008365223184227943, 0.13542474806308746, 0.1144106388092041, 0.041566021740436554, 0.05536023899912834, 0.0994715765118599, 0.04564054682850838, 0.08143413811922073, 0.1158822551369667, 0.0026870209258049726, 0.10114435851573944, 0.03893933817744255, 0.08307355642318726, 0.006933409720659256, 0.09567862004041672, 0.04966612905263901, 0.07197435945272446, 0.1728667914867401, 0.029180673882365227, 0.12083910405635834, 0.014099805615842342, 0.04262995347380638, 0.02243838831782341, 0.020701278001070023, 0.07946090400218964, 0.0811304971575737, 0.06732449680566788, 0.15375564992427826, 0.06702126562595367, 0.13538719713687897, 0.04112794250249863, 0.10038422048091888, 0.08282403647899628, 0.06781363487243652, 0.010512755252420902, 0.022533299401402473, 0.10447851568460464, 0.06812270730733871, 0.079465851187706, 0.019813360646367073, 0.11705081909894943, 0.1316913366317749, 0.01961558312177658, 0.06079072877764702, 0.06347434967756271, 0.035058341920375824, 0.05631502717733383, 0.0644371286034584, 0.01745617762207985, 0.08228589594364166, 0.11950042098760605, 0.15581855177879333, 0.021614355966448784, 0.07013944536447525, 0.07865211367607117, 0.04159678891301155, 0.05198412761092186, 0.05310219153761864, 0.039623457938432693, 0.05708592012524605, 0.08606959134340286, 0.01959785260260105, 0.005869804881513119, 0.038173746317625046, 0.032632194459438324, 0.04169616848230362, 0.022274374961853027, 0.07277381420135498, 0.022285038605332375, 0.08013643324375153, 0.04877936467528343, 0.024870900437235832, 0.043982863426208496, 0.08435148745775223, 0.06150864437222481, 0.11877858638763428, 0.06868782639503479, 0.048422303050756454, 0.11784009635448456, 0.037853337824344635, 0.09292306751012802, 0.012675738893449306, 0.08076523244380951, 0.07751260697841644, 0.01916748471558094, 0.017299238592386246, 0.1553094983100891, 0.13025662302970886, 0.05559481307864189, 0.001527561224065721, 0.09645631164312363, 0.026694824919104576, 0.023361600935459137, 0.14398546516895294, 0.1723724901676178, 0.028307391330599785, 0.0763697549700737, 0.10076615959405899, 0.027677997946739197, 0.014613799750804901, 0.12106657773256302, 0.12245490401983261, 0.07544854283332825, 0.0063620926812291145, 0.003287120722234249, 0.00036570915835909545]"
F6,"[0.04879811406135559, 0.015616065822541714, 0.07401766628026962, 0.03537981957197189, 0.1336631327867508, 0.015483096241950989, 0.035095322877168655, 0.010924250818789005, 0.01398367527872324, 0.015463707968592644, 0.03208662196993828, 0.009116705507040024, 0.06503298133611679, 0.06919106096029282, 0.015298081561923027, 0.03330381214618683, 0.1005370020866394, 0.057032812386751175, 0.03595424443483353, 0.07066881656646729, 0.02958732284605503, 0.0092774024233222, 0.04216289147734642, 0.060226697474718094, 0.08156483620405197, 0.02866480126976967, 0.0048062801361083984, 0.02536199986934662, 0.045375462621450424, 0.013365538790822029, 0.03898722678422928, 0.03854116424918175, 0.031707409769296646, 0.046338606625795364, 0.016184169799089432, 0.01765715703368187, 0.01674538664519787, 0.04638940095901489, 0.06615609675645828, 0.07906846702098846, 0.011972084641456604, 0.053621940314769745, 0.041922032833099365, 0.048055022954940796, 0.06921499967575073, 0.09393975138664246, 0.029450928792357445, 0.04615578427910805, 0.038912415504455566, 0.021669931709766388, 0.045499544590711594, 0.001524045248515904, 0.06670471280813217, 0.03975175321102142, 0.009443679824471474, 0.04965339973568916, 0.04726545140147209, 0.001973608508706093, 0.04972809553146362, 0.023900823667645454, 0.03789747133851051, 0.050185248255729675, 0.07553211599588394, 0.05213684216141701, 0.03195749223232269, 0.028035638853907585, 0.008521617390215397, 0.03615623712539673, 0.04863455146551132, 0.08903384953737259, 0.0028704616706818342, 0.04203970357775688, 0.04077957198023796, 0.11355032026767731, 0.03673652932047844, 0.000875368423294276, 0.007010314147919416, 0.03859971836209297, 0.014479909092187881, 0.05084019526839256, 0.06076787784695625, 0.014119596220552921, 0.014160098508000374, 0.037585556507110596, 0.012583239004015923, 0.011987961828708649, 0.023819345980882645, 0.043985262513160706, 0.03727538138628006, 0.01058049313724041, 0.0026150778867304325, 0.057866260409355164, 0.08228503912687302, 0.04025058075785637, 0.020295320078730583, 0.030796408653259277, 0.030158674344420433, 0.0401151068508625, 0.0651976466178894, 0.08991013467311859, 0.0130625544115901, 0.0987122505903244, 0.016934825107455254, 0.09915916621685028, 0.05749192088842392, 0.002332633128389716, 0.022201796993613243, 0.038371503353118896, 0.03002481907606125, 0.007212243042886257, 0.007435524370521307, 0.034856054931879044, 0.012864017859101295, 0.025714635848999023, 0.014838950708508492, 0.012897884473204613, 0.09716005623340607, 0.058900389820337296, 0.04153655096888542, 0.010316169820725918, 0.0694499984383583, 0.013059007003903389, 0.013845979236066341, 0.0143186179921031, 0.04144136235117912, 0.009408488869667053, 0.02465241774916649, 0.025356968864798546]"
F7,"[0.06549756228923798, 0.032022953033447266, 0.003030317137017846, 0.03595271334052086, 0.11448513716459274, 0.07386096566915512, 0.09830786287784576, 0.09358978271484375, 0.04786185547709465, 0.05349774286150932, 0.06426142156124115, 0.09074695408344269, 0.08010164648294449, 0.06952742487192154, 0.04810230806469917, 0.017626728862524033, 0.13845005631446838, 0.06389879435300827, 0.08598638325929642, 0.03027905710041523, 0.09014295041561127, 0.02376367151737213, 0.004581100773066282, 0.05851677805185318, 0.13511018455028534, 0.05851932615041733, 0.009011730551719666, 0.056562069803476334, 0.06058986485004425, 0.032233163714408875, 0.06755798310041428, 0.017885971814393997, 0.06426113843917847, 0.08235839754343033, 0.08226753771305084, 0.07786592096090317, 0.03240074962377548, 0.04783358797430992, 0.09083705395460129, 0.007913568988442421, 0.04413687437772751, 0.02745557576417923, 0.025949308648705482, 0.05329534038901329, 0.10193032771348953, 0.11210235208272934, 0.05772808939218521, 0.020431844517588615, 0.061307307332754135, 0.030354313552379608, 0.03969414904713631, 0.006843267008662224, 0.11751455068588257, 0.028646327555179596, 0.039016492664813995, 0.014875912107527256, 0.09589453041553497, 0.04576556012034416, 0.046943169087171555, 0.015148461796343327, 0.06847332417964935, 0.12076275050640106, 0.037839729338884354, 0.019243545830249786, 0.027925431728363037, 0.10705408453941345, 0.006574343424290419, 0.03271850198507309, 0.07803593575954437, 0.0367959626019001, 0.01646093651652336, 0.09015437215566635, 0.010345197282731533, 0.11384317278862, 0.03718562796711922, 0.03782157972455025, 0.03325047343969345, 0.010083718225359917, 0.0008428988512605429, 0.0746012032032013, 0.01895379275083542, 0.010597385466098785, 0.02359004132449627, 0.015742093324661255, 0.015707552433013916, 0.02987423725426197, 0.037053316831588745, 0.0015351942274719477, 0.05721711367368698, 0.01242460310459137, 0.007237637415528297, 0.07834570109844208, 0.010701276361942291, 0.0371425561606884, 0.0372660867869854, 0.10732429474592209, 0.06462165713310242, 0.0012587086530402303, 0.012579879723489285, 0.04097454994916916, 0.01431763544678688, 0.003708974923938513, 0.012850187718868256, 0.04057734087109566, 0.08052607625722885, 0.03872651979327202, 0.08896134048700333, 0.04658292979001999, 0.0023849820718169212, 0.021591756492853165, 0.036293867975473404, 0.05626586079597473, 0.059436433017253876, 0.022218437865376472, 0.10876202583312988, 0.06433209776878357, 0.11461181938648224, 0.1171821728348732, 0.13719134032726288, 0.1024436205625534, 0.018393728882074356, 0.00767056830227375, 0.046191632747650146, 0.011404602788388729, 0.05696037411689758, 0.05404232069849968, 0.021107882261276245, 0.005040776915848255]"
F8,"[0.06946347653865814, 0.04719344899058342, 0.012114775367081165, 0.041264839470386505, 0.04899899289011955, 0.12464956939220428, 0.12589067220687866, 0.05142895504832268, 0.006225010380148888, 0.0509808175265789, 0.07376901805400848, 0.022641867399215698, 0.01981455273926258, 0.002336765406653285, 0.10745062679052353, 0.12582029402256012, 0.13139230012893677, 0.08211483061313629, 0.06951744109392166, 0.08192723989486694, 0.05275933817028999, 0.06988564878702164, 0.09795303642749786, 0.05291443318128586, 0.09658324718475342, 0.010342687368392944, 0.0520717091858387, 0.0795021504163742, 0.0008351337164640427, 0.01191679947078228, 0.07071706652641296, 0.05219953507184982, 0.018802985548973083, 0.06553936749696732, 0.0680619403719902, 0.0262675192207098, 0.0018746856367215514, 0.08834479004144669, 0.011254392564296722, 0.02711493894457817, 0.023651231080293655, 0.06917597353458405, 0.030814727768301964, 0.048218484967947006, 0.032814495265483856, 0.01922416314482689, 0.021366722881793976, 0.12600111961364746, 0.007383741904050112, 0.030384115874767303, 0.019782427698373795, 0.04619923606514931, 0.030721183866262436, 0.0628478154540062, 0.0015655991155654192, 0.04464380815625191, 0.03928566351532936, 0.027014056220650673, 0.011149181984364986, 0.018206598237156868, 0.006293346639722586, 0.03992282226681709, 0.09419829398393631, 0.06952522695064545, 0.07591885328292847, 0.14662407338619232, 0.06369668990373611, 0.08755488693714142, 0.0025512923020869493, 0.02513733133673668, 0.03781324625015259, 0.10658489912748337, 0.05978863313794136, 0.018870823085308075, 0.021350115537643433, 0.05049169808626175, 0.010184278711676598, 0.04822414740920067, 0.012587008066475391, 0.061764687299728394, 0.13102133572101593, 0.03424384817481041, 0.07775329798460007, 0.010882752947509289, 0.021989382803440094, 0.07873333990573883, 0.059704799205064774, 0.012684348970651627, 0.03444981947541237, 0.16561858355998993, 0.04037473723292351, 0.007495115045458078, 0.04944460093975067, 0.06788869202136993, 0.061909645795822144, 0.06758546829223633, 0.10154310613870621, 0.08510623872280121, 0.053836941719055176, 0.04591015726327896, 0.05777443200349808, 0.018134787678718567, 0.0930374264717102, 0.04124283045530319, 0.02381148934364319, 0.08971690386533737, 0.0012516370043158531, 0.04657386988401413, 0.005306330043822527, 0.07421983778476715, 0.03122367523610592, 0.011360352858901024, 0.02196546271443367, 0.0433492511510849, 0.04404807835817337, 0.15706941485404968, 0.0724417045712471, 0.061286091804504395, 0.05941345542669296, 0.010665914043784142, 0.017295129597187042, 0.061011478304862976, 0.07355333864688873, 0.07369131594896317, 0.03653814271092415, 0.05320040136575699, 0.02122383564710617, 0.00594914797693491]"
F9,"[0.01924099214375019, 0.04184640944004059, 0.025277702137827873, 0.04209805279970169, 0.12160319834947586, 0.03878888860344887, 0.15095292031764984, 0.046408817172050476, 0.02060391753911972, 0.01958383433520794, 0.02383490279316902, 0.006690542213618755, 0.017852790653705597, 0.0806899294257164, 0.022355327382683754, 0.002470388077199459, 0.02700875513255596, 0.043599966913461685, 0.04407544061541557, 0.0012565625365823507, 0.02134820818901062, 0.007799153681844473, 0.028770646080374718, 0.09044136852025986, 0.08786506950855255, 0.0010465304367244244, 0.06503855437040329, 0.05521395802497864, 0.06209679692983627, 0.04460093751549721, 0.013245627284049988, 0.05417827516794205, 0.01954595558345318, 0.006159986834973097, 0.009269613772630692, 0.06259877979755402, 0.01991886831820011, 0.003831178182736039, 0.00876665860414505, 0.10953059047460556, 0.008117741905152798, 0.062235329300165176, 0.08476519584655762, 0.004025652538985014, 0.07133204489946365, 0.015388249419629574, 0.0275057852268219, 0.023211630061268806, 0.053792599588632584, 0.04607560113072395, 0.015629064291715622, 0.0017407480627298355, 0.10802973806858063, 0.0007615829817950726, 0.01957572065293789, 0.012213404290378094, 0.07063247263431549, 0.050161492079496384, 0.060590729117393494, 0.013009702786803246, 0.014899568632245064, 0.005817391909658909, 0.024365795776247978, 0.042544420808553696, 0.07380073517560959, 0.02238607592880726, 0.059610314667224884, 0.012331109493970871, 0.09168238192796707, 0.09925276786088943, 0.05495094507932663, 0.0546582005918026, 0.04456644877791405, 0.0720413401722908, 0.03065495751798153, 0.030837450176477432, 0.057326000183820724, 0.09572546184062958, 0.07397675514221191, 0.09117230772972107, 0.03192824125289917, 0.01800711825489998, 0.04377273470163345, 0.041622716933488846, 0.023435087874531746, 0.03263089060783386, 0.05424901470541954, 0.010175894014537334, 0.01488806027919054, 0.05254848301410675, 0.03599538281559944, 0.01650598645210266, 0.056458137929439545, 0.026934804394841194, 0.04033802077174187, 0.08621669560670853, 0.02708268165588379, 0.04191984608769417, 0.08213135600090027, 0.0017723692581057549, 0.04257037490606308, 0.02357732690870762, 0.0853608176112175, 0.07259219139814377, 0.05123576894402504, 0.006922465283423662, 0.07542604207992554, 0.0550384521484375, 0.03442823514342308, 0.018541928380727768, 0.08920767903327942, 0.014927980490028858, 0.07330989092588425, 0.027945635840296745, 0.04803815856575966, 0.13381542265415192, 0.001967055257409811, 0.024355318397283554, 0.018274681642651558, 0.03783552721142769, 0.06244252994656563, 0.04078403860330582, 0.03573113679885864, 0.05690684914588928, 0.04254351928830147, 0.02846061997115612, 0.043731458485126495, 0.03304324299097061]"
F10,"[0.04646437242627144, 0.06247356906533241, 0.03135921433568001, 0.14237061142921448, 0.06712781637907028, 0.027408087626099586, 0.030751261860132217, 0.02677457593381405, 0.04712360352277756, 0.12996360659599304, 0.044135816395282745, 0.15321017801761627, 0.04232216253876686, 0.02996763400733471, 0.02697160840034485, 0.09248454123735428, 0.013100065290927887, 0.04467982053756714, 0.06138055771589279, 0.018149560317397118, 0.0762699767947197, 0.00045250612311065197, 0.04203862324357033, 0.10330038517713547, 0.019900770857930183, 0.14815403521060944, 0.014231957495212555, 0.06690162420272827, 0.1571377068758011, 0.032969117164611816, 0.05977131426334381, 0.031095121055841446, 0.13858342170715332, 0.15740866959095, 0.02041945978999138, 0.025479532778263092, 0.07391467690467834, 0.1254669427871704, 0.09370449185371399, 0.041508179157972336, 0.032685086131095886, 0.1267697960138321, 0.00787853542715311, 0.10589192807674408, 0.10407430678606033, 0.026493407785892487, 0.06313474476337433, 0.005739860702306032, 0.16228458285331726, 0.008211394771933556, 0.01205800473690033, 0.10309503972530365, 0.06609310209751129, 0.017363645136356354, 0.08554162830114365, 0.010495318099856377, 0.08115490525960922, 0.13119137287139893, 0.04341579228639603, 0.04790208861231804, 0.09419356286525726, 0.010033157654106617, 0.018834887072443962, 0.07965533435344696, 0.12048260122537613, 0.005090353079140186, 0.05144837126135826, 0.09457875043153763, 0.11478236317634583, 0.014651334844529629, 0.058325376361608505, 0.04773007333278656, 0.008189604617655277, 0.051163382828235626, 0.16752034425735474, 0.005107916425913572, 0.051996804773807526, 0.036567237228155136, 0.07407453656196594, 0.12261217832565308, 0.04329822212457657, 0.1305805891752243, 0.03438229486346245, 0.12108960002660751, 0.11931439489126205, 0.10139400511980057, 0.06740041077136993, 0.07276568561792374, 0.15074992179870605, 0.11329497396945953, 0.06895557045936584, 0.019373061135411263, 0.12610407173633575, 0.016387736424803734, 0.1441088169813156, 0.060373011976480484, 0.10478167235851288, 0.0985591858625412, 0.10597947984933853, 0.0945272445678711, 0.044684089720249176, 0.0002772513253148645, 0.05133875459432602, 0.11504440009593964, 0.08432742208242416, 0.06925228983163834, 0.11835497617721558, 0.1634397655725479, 0.11843535304069519, 0.1386989802122116, 0.08552230894565582, 0.09962719678878784, 0.1503116339445114, 0.14308732748031616, 0.08180598169565201, 0.012431761249899864, 0.0009870576905086637, 0.09990157186985016, 0.08825148642063141, 0.11715511977672577, 0.0288136787712574, 0.0980091243982315, 0.03832142800092697, 0.0645870491862297, 0.017633723095059395, 0.04069969430565834, 0.008010193705558777, 0.1263534426689148]"
F11,"[0.053781189024448395, 0.03972051665186882, 0.033185508102178574, 0.04138048365712166, 0.035655613988637924, 0.017155904322862625, 0.023706363514065742, 0.06733226776123047, 0.02373027801513672, 0.02111644484102726, 0.033412523567676544, 0.04327550530433655, 0.024883531033992767, 0.06553030759096146, 0.05091198533773422, 0.02942081354558468, 0.002449269639328122, 0.042678188532590866, 0.03298510983586311, 0.06167585402727127, 0.06530328840017319, 0.03832792490720749, 0.010643641464412212, 0.011467638425529003, 0.051520299166440964, 0.05571078881621361, 0.03604896739125252, 0.022674398496747017, 0.07700374722480774, 0.05116014927625656, 0.06168334186077118, 0.012373686768114567, 0.053751926869153976, 0.09751570224761963, 0.03406606987118721, 0.0011118575930595398, 0.032474618405103683, 0.06648855656385422, 0.01276062335819006, 0.07312201708555222, 0.04704732075333595, 0.03513642027974129, 0.05087382718920708, 0.04048995301127434, 0.07729161530733109, 0.007887940853834152, 0.05769408866763115, 0.0020351093262434006, 0.030794836580753326, 0.028468051925301552, 0.08172918856143951, 0.0445244200527668, 0.015849430114030838, 0.05732886865735054, 0.03886201232671738, 0.08634854853153229, 0.012467685155570507, 0.006339746061712503, 0.021178649738430977, 0.054615505039691925, 0.07879260182380676, 0.09927747398614883, 0.03723924607038498, 0.03498119115829468, 0.05491317808628082, 0.06531718373298645, 0.011375872418284416, 0.015670422464609146, 0.01332254521548748, 0.07708770781755447, 0.05281398817896843, 0.027489714324474335, 0.007415529806166887, 0.032432302832603455, 0.0881013423204422, 0.013714846223592758, 0.06532038748264313, 0.015130575746297836, 0.0696774274110794, 0.06373350322246552, 0.02318611741065979, 0.054920997470617294, 0.025396017357707024, 0.010669920593500137, 0.005020477809011936, 0.0306059829890728, 0.043064363300800323, 0.05521003529429436, 0.009213748387992382, 0.0797492191195488, 0.019340185448527336, 0.058659154921770096, 0.013679332099854946, 0.009167195297777653, 0.013877908699214458, 0.06348855048418045, 0.021675800904631615, 0.027871977537870407, 0.022310931235551834, 0.061697058379650116, 0.03004104644060135, 0.011206704191863537, 0.0734858438372612, 0.03972383588552475, 0.04979091137647629, 0.03054758533835411, 0.040690355002880096, 0.05440403148531914, 0.06112479791045189, 0.024997718632221222, 0.03689388558268547, 0.0022172974422574043, 0.06393168121576309, 0.043560661375522614, 0.004300245083868504, 0.05283510312438011, 0.04065227508544922, 0.04577667638659477, 0.04706059768795967, 0.00014472039765678346, 0.02547875978052616, 0.07524001598358154, 0.06284642964601517, 0.00026487489230930805, 0.029647497460246086, 0.03896429389715195, 0.027791595086455345, 0.006348916795104742]"
F12,"[0.016777845099568367, 0.028362948447465897, 0.025888876989483833, 0.015541339293122292, 0.0704798698425293, 0.016712550073862076, 0.08307155221700668, 0.004090397153049707, 0.021608583629131317, 0.05345511808991432, 0.009540477767586708, 0.020914411172270775, 0.0623013898730278, 0.06555629521608353, 0.01266560610383749, 0.07889620959758759, 0.09425675868988037, 0.032801441848278046, 0.069696344435215, 0.04452197998762131, 0.047690995037555695, 0.0022165365517139435, 0.03600475192070007, 0.01041274145245552, 0.044498223811388016, 0.07454732060432434, 0.10340435057878494, 0.024907950311899185, 0.07685770839452744, 0.08912231028079987, 0.07096932083368301, 0.02938499115407467, 0.06477334350347519, 0.07661287486553192, 0.013572980649769306, 0.023973379284143448, 0.05155814066529274, 0.023813210427761078, 0.000521644891705364, 0.014397954568266869, 0.08847977966070175, 0.02655544877052307, 0.03127828240394592, 0.07507043331861496, 0.0019115607719868422, 0.07232856005430222, 0.01917974464595318, 0.03234269842505455, 0.09486762434244156, 0.016294360160827637, 0.007801936939358711, 0.04390569031238556, 0.0037151623982936144, 0.014081270433962345, 0.08275763690471649, 9.937063623510767e-06, 0.02178887091577053, 0.031965985894203186, 0.0456654317677021, 0.004811884835362434, 0.007529573515057564, 0.0796702429652214, 0.07781630754470825, 0.004139487631618977, 0.017632145434617996, 0.05779620632529259, 0.020174957811832428, 0.024368388578295708, 0.020262857899069786, 0.03777923807501793, 0.045080967247486115, 0.06340721249580383, 0.039102863520383835, 0.010452955961227417, 0.04438711702823639, 0.07114532589912415, 0.07135280221700668, 0.04450690746307373, 0.040701109915971756, 0.034271374344825745, 0.07369884848594666, 0.06343760341405869, 0.06617064774036407, 0.04663388058543205, 0.05634476989507675, 0.015928981825709343, 0.005452410317957401, 0.08762581646442413, 0.014253927394747734, 0.03947986662387848, 0.030075404793024063, 0.04932155832648277, 0.02387250028550625, 0.01535048708319664, 0.013183233328163624, 0.04699360579252243, 0.05412939563393593, 0.04048989340662956, 0.06728309392929077, 0.06405061483383179, 0.03605687618255615, 0.08166027069091797, 0.0975508838891983, 0.0018050622893497348, 0.04314010962843895, 0.0758291557431221, 0.0558759830892086, 0.005803984589874744, 0.02948598377406597, 0.050707366317510605, 0.05924566090106964, 0.025265458971261978, 0.015013142488896847, 0.0037498208694159985, 0.043609894812107086, 0.04615354537963867, 0.07521186023950577, 0.02721809223294258, 0.08192985504865646, 0.02552129700779915, 0.05313463509082794, 0.03739812225103378, 0.02699386142194271, 0.035267241299152374, 0.037429310381412506, 0.027740277349948883, 0.015233981423079967, 0.016415094956755638]"
F13,"[0.06830579787492752, 0.04965623468160629, 0.18851201236248016, 0.10354612022638321, 0.0351506732404232, 0.07446502894163132, 0.07600553333759308, 0.14173254370689392, 0.15081079304218292, 0.17229795455932617, 0.09483093023300171, 0.13521304726600647, 0.11308691650629044, 0.011783331632614136, 0.02572065405547619, 0.0945923924446106, 0.05174627527594566, 0.15569345653057098, 0.02472110465168953, 0.2001604437828064, 0.07820241153240204, 0.11184953898191452, 0.042146362364292145, 0.09226834028959274, 0.018817316740751266, 0.13578616082668304, 0.05610651895403862, 0.1076502576470375, 0.17334410548210144, 0.08825283497571945, 0.05111445486545563, 0.10744139552116394, 0.08048442751169205, 0.12068432569503784, 0.08262869715690613, 0.15061940252780914, 0.16014978289604187, 0.07816282659769058, 0.02413710206747055, 0.007113926578313112, 0.09750472009181976, 0.11083516478538513, 0.008443719707429409, 0.02355882339179516, 0.0027267858386039734, 0.16951584815979004, 0.016385938972234726, 0.013810668140649796, 0.1446020007133484, 0.02785642258822918, 0.08344917744398117, 0.021342603489756584, 0.08181101828813553, 0.06276778876781464, 0.07062839716672897, 0.134475976228714, 0.07161848247051239, 0.17320172488689423, 0.038351330906152725, 0.15989889204502106, 0.09635777771472931, 0.1047227531671524, 0.04768748953938484, 0.11555124819278717, 0.026565732434391975, 0.025631548836827278, 0.01737687923014164, 0.10658381134271622, 0.19165106117725372, 0.059718985110521317, 0.048345841467380524, 0.012386259622871876, 0.04352574795484543, 0.03612597659230232, 0.024606626480817795, 0.11417219787836075, 0.10271918773651123, 0.11005352437496185, 0.03095344454050064, 0.06207266077399254, 0.0031728986650705338, 0.04180397838354111, 0.119523786008358, 0.16744031012058258, 0.11744426935911179, 0.012838250957429409, 0.0713653638958931, 0.11768555641174316, 0.14719067513942719, 0.08821503818035126, 0.1326606571674347, 0.05474844574928284, 0.05702585354447365, 0.0219096876680851, 0.0412970706820488, 0.06483802944421768, 0.11882968991994858, 0.013490291312336922, 0.04478711262345314, 0.013956328853964806, 0.14473333954811096, 0.06461201608181, 0.023206857964396477, 0.07528078556060791, 0.0653197318315506, 0.0971313863992691, 0.02517428994178772, 0.1558138132095337, 0.05889791250228882, 0.008476391434669495, 0.08199252933263779, 0.06868001073598862, 0.09299269318580627, 0.11542129516601562, 0.0250695813447237, 0.0699249655008316, 0.04383404180407524, 0.08291839063167572, 0.04509793221950531, 0.029028160497546196, 0.018477141857147217, 0.002458498114719987, 0.07187590003013611, 0.08488655835390091, 0.15312810242176056, 0.10428673028945923, 0.1708499789237976, 0.02055378258228302]"
F14,"[0.004918629769235849, 0.05118529871106148, 0.04341661557555199, 0.03591463714838028, 0.03044128604233265, 0.06253067404031754, 0.022285468876361847, 0.03833542391657829, 0.029110543429851532, 0.04027983173727989, 0.008380461484193802, 0.03935030475258827, 0.01210105698555708, 0.01800498738884926, 0.0018804672872647643, 0.013737639412283897, 0.0004973193863406777, 0.002313248347491026, 0.030437521636486053, 0.01570095308125019, 0.035928722470998764, 0.03415997326374054, 0.0049619548954069614, 0.010332840494811535, 0.02939946949481964, 0.036879222840070724, 0.0075031607411801815, 0.024752246215939522, 0.04583218693733215, 0.028602970764040947, 0.05547419562935829, 0.009838445112109184, 0.05061060190200806, 0.008980602957308292, 0.014855488203465939, 0.011866578832268715, 0.03479383885860443, 0.018025029450654984, 0.010771042667329311, 0.02189680188894272, 0.01950831711292267, 0.05483942851424217, 0.01952519826591015, 0.056474532932043076, 0.029043681919574738, 0.03641756251454353, 0.02298959530889988, 0.022912245243787766, 0.0368029959499836, 0.027168838307261467, 0.010873613879084587, 0.03590073809027672, 0.03947361558675766, 0.005380960181355476, 0.010999673046171665, 0.03379439190030098, 0.011061321943998337, 0.02644532173871994, 0.0031215583439916372, 0.00367261515930295, 0.03360620141029358, 0.012975296936929226, 0.044509198516607285, 0.06920277327299118, 0.05600856617093086, 0.020770477131009102, 0.052931077778339386, 0.0068981824442744255, 0.036936089396476746, 0.008595521561801434, 0.05067087337374687, 0.023918073624372482, 0.049057669937610626, 0.027933401986956596, 0.001447628135792911, 0.03837146982550621, 0.024967413395643234, 0.041407763957977295, 0.02300271764397621, 0.010544286109507084, 0.05841134861111641, 0.014021947048604488, 0.014213444665074348, 0.0692405253648758, 0.026293646544218063, 0.007717205677181482, 0.05104268714785576, 0.025259561836719513, 0.012653844431042671, 0.012153859250247478, 0.00022499426268041134, 0.010029616765677929, 0.013127190992236137, 0.00010538569767959416, 0.006343818735331297, 0.000655739801004529, 0.02187555469572544, 0.04817156493663788, 0.029277659952640533, 0.008933968842029572, 0.039297666400671005, 0.012636073864996433, 0.016060668975114822, 0.014127465896308422, 0.024379638954997063, 0.047525886446237564, 0.005029366817325354, 0.04684474319219589, 0.052735116332769394, 0.030400482937693596, 0.012515432201325893, 0.015994234010577202, 0.04703735560178757, 0.03462989628314972, 0.046678557991981506, 0.06713294237852097, 0.017475007101893425, 0.03675350546836853, 0.012943059206008911, 0.012598033994436264, 0.047656312584877014, 0.019120953977108, 0.05422169342637062, 0.03429028391838074, 0.015776613727211952, 0.0194720309227705, 0.06468794494867325, 0.013254000805318356]"
F15,"[0.039339080452919006, 0.026754627004265785, 0.020372698083519936, 0.01706167310476303, 0.05631476640701294, 0.03300272673368454, 0.057369932532310486, 0.059370871633291245, 0.05390428006649017, 0.07025150209665298, 0.018751628696918488, 0.10475509613752365, 5.1084283768432215e-05, 0.05779067426919937, 0.06447239965200424, 0.09106703102588654, 0.006803563330322504, 0.026962876319885254, 0.028134793043136597, 0.04014452546834946, 0.057114481925964355, 0.044882990419864655, 0.01384355966001749, 0.013082975521683693, 0.10303869098424911, 0.0725279226899147, 0.02260110154747963, 0.034755222499370575, 0.07659618556499481, 0.09526187181472778, 0.12909609079360962, 0.01776839792728424, 0.09183784574270248, 0.1204056590795517, 0.06803140789270401, 0.11799746751785278, 0.08149305731058121, 0.0797879546880722, 0.036226291209459305, 0.009996977634727955, 0.034745194017887115, 0.03551683947443962, 0.08439028263092041, 0.0010940111242234707, 0.010711592622101307, 0.007316475734114647, 0.10248228907585144, 0.013545146211981773, 0.01560528390109539, 0.03838290274143219, 0.018631134182214737, 0.07525741308927536, 0.04995545744895935, 0.06184686720371246, 0.018414093181490898, 0.03443790227174759, 0.082309290766716, 0.0841231644153595, 0.11901582777500153, 0.0012586470693349838, 0.08081713318824768, 0.08892392367124557, 0.033870238810777664, 0.037593428045511246, 0.07856924086809158, 0.09012305736541748, 0.07757218927145004, 0.06913324445486069, 0.004354557488113642, 0.0517037957906723, 0.05749164894223213, 0.029603878036141396, 0.07460199296474457, 0.09295853227376938, 0.055249087512493134, 0.001863099168986082, 0.04953646659851074, 0.0497928187251091, 0.09207029640674591, 0.012267949990928173, 0.007956099696457386, 0.08790092170238495, 0.03230534866452217, 0.12418458610773087, 0.03489215672016144, 0.062453072518110275, 0.1504354327917099, 0.03542281687259674, 0.02634810097515583, 0.08676087111234665, 0.03581569716334343, 0.04471943899989128, 0.018352961167693138, 0.10338631272315979, 0.03761056065559387, 0.03491272032260895, 0.07657164335250854, 0.06531871855258942, 0.06178823113441467, 0.05409787967801094, 0.09037302434444427, 0.07119559496641159, 0.04599003121256828, 0.0051952749490737915, 0.03260356932878494, 0.0046527511440217495, 0.0037209317088127136, 0.037433870136737823, 0.12336710840463638, 0.03736643120646477, 0.015529846772551537, 0.05386687442660332, 0.041571471840143204, 0.07088212668895721, 0.015101666562259197, 0.015739161521196365, 0.0036546988412737846, 0.06479503959417343, 0.055235445499420166, 0.055058080703020096, 0.03753449395298958, 0.0004232082574162632, 0.06957363337278366, 0.037740230560302734, 0.008761564269661903, 0.0800856351852417, 0.057543542236089706, 0.08365883678197861]"
F16,"[0.09464938938617706, 0.016229771077632904, 0.03361062705516815, 0.06620360910892487, 0.06561058759689331, 0.025841524824500084, 0.030099861323833466, 0.08508357405662537, 0.08748489618301392, 0.07611414790153503, 0.030860744416713715, 0.04688511788845062, 0.056090984493494034, 0.021212685853242874, 0.030960094183683395, 0.011584787629544735, 0.033923231065273285, 0.037571270018815994, 0.026666607707738876, 0.07738155871629715, 0.057132866233587265, 0.11426234990358353, 0.05029740184545517, 0.00260886549949646, 0.0652681440114975, 0.10284825414419174, 0.10244787484407425, 0.11579596996307373, 0.02173537388443947, 0.04128266125917435, 0.04785960912704468, 0.02907048910856247, 0.09505265951156616, 0.15091991424560547, 0.04630217328667641, 0.024181757122278214, 0.027280552312731743, 0.07419745624065399, 0.023885387927293777, 0.09840553998947144, 0.0693998783826828, 0.02902979589998722, 0.028379278257489204, 0.12932249903678894, 0.02242204360663891, 0.03154660016298294, 0.019347524270415306, 0.06426024436950684, 0.01040996890515089, 0.05197605490684509, 0.12382680922746658, 0.07907874882221222, 0.027895057573914528, 0.023228595033288002, 0.03796643391251564, 0.06517214328050613, 0.05205821245908737, 0.04972079023718834, 0.1109059676527977, 0.08550857752561569, 0.025491641834378242, 0.019564053043723106, 0.05087021738290787, 0.024361301213502884, 0.06059320643544197, 0.07090717554092407, 0.07367614656686783, 0.04200372099876404, 0.07244565337896347, 0.013588134199380875, 0.015751846134662628, 0.05127272009849548, 0.014299518428742886, 0.015636373311281204, 0.00882604718208313, 0.02833525463938713, 0.006351844407618046, 0.13659074902534485, 0.003815131727606058, 0.024280615150928497, 0.02927837334573269, 0.03857624530792236, 0.04295942932367325, 0.1540529876947403, 0.06944285333156586, 0.05903571844100952, 0.003897815477102995, 0.04373321682214737, 0.01589629426598549, 0.14767245948314667, 0.03625207394361496, 0.03884014114737511, 0.05933951213955879, 0.08660256117582321, 0.017871132120490074, 0.09148313105106354, 0.049704182893037796, 0.04685517027974129, 0.032217055559158325, 0.07301202416419983, 0.06714724749326706, 0.04720359668135643, 0.06562046706676483, 0.010252255946397781, 0.03456924483180046, 0.047318585216999054, 0.017429830506443977, 0.06251002103090286, 0.015677357092499733, 0.060251880437135696, 0.08656646311283112, 0.07914718240499496, 0.06686582416296005, 0.06894693523645401, 0.016436530277132988, 0.026407349854707718, 0.13380736112594604, 0.04183941334486008, 0.04822349175810814, 0.07124394178390503, 0.06869528442621231, 0.07880505919456482, 0.030516019091010094, 0.025595566257834435, 0.058937229216098785, 0.0655192881822586, 0.03242945298552513, 0.04619300365447998]"
F17,"[0.07173913717269897, 0.005114465020596981, 0.059372879564762115, 0.013102950528264046, 0.022300325334072113, 0.017813878133893013, 0.03592536225914955, 0.07342299073934555, 0.10728730261325836, 0.002794534433633089, 0.05853549391031265, 0.10512789338827133, 0.01457947213202715, 0.04394444450736046, 0.009695581160485744, 0.051103733479976654, 0.002814012113958597, 0.021293239668011665, 0.05740875005722046, 0.06485965847969055, 0.04591987654566765, 0.018549948930740356, 0.05835026130080223, 0.07932726293802261, 0.05168124660849571, 0.0631016343832016, 0.07073302567005157, 0.05403181165456772, 0.015713000670075417, 0.06982742995023727, 0.03207263723015785, 0.1358291357755661, 0.01933664083480835, 0.05088367685675621, 0.005059217102825642, 0.012066107243299484, 0.04331261292099953, 0.06982383877038956, 0.05927367880940437, 0.012090861797332764, 0.02060832269489765, 0.09376063942909241, 0.03738947957754135, 0.07337705045938492, 0.03140994533896446, 0.02182033471763134, 0.04430454224348068, 0.029494524002075195, 0.03056148625910282, 0.06679486483335495, 0.0876661166548729, 0.016146259382367134, 0.029847702011466026, 0.06893458217382431, 0.055378399789333344, 0.06206021085381508, 0.062099769711494446, 0.0915471613407135, 0.02795383706688881, 0.11133341491222382, 0.05707886442542076, 0.043511006981134415, 0.06356719881296158, 0.006323001813143492, 0.05505521595478058, 0.031073693186044693, 0.03882494941353798, 0.06822197139263153, 0.01692393608391285, 0.1041063517332077, 0.029414448887109756, 0.033075373619794846, 0.06103844940662384, 0.046351995319128036, 0.07732202857732773, 0.10485973954200745, 0.03791220113635063, 0.022767117246985435, 0.013488116674125195, 0.095986507833004, 0.027712324634194374, 0.005130537319928408, 0.058788593858480453, 0.005996647756546736, 0.027851291000843048, 0.05865692347288132, 0.07717251032590866, 0.0636935904622078, 0.028240954503417015, 0.024182254448533058, 0.028531514108181, 0.008427109569311142, 0.03171307593584061, 0.034797485917806625, 0.0503101721405983, 0.05341121554374695, 0.035894911736249924, 0.05418259650468826, 0.05361287295818329, 0.0013128139544278383, 0.037692517042160034, 0.13092032074928284, 0.0017561069689691067, 0.024503890424966812, 0.06840558350086212, 0.07183758169412613, 0.008599398657679558, 0.06800138205289841, 0.06670235097408295, 0.013959575444459915, 0.03876623511314392, 0.06561566144227982, 0.0011826928239315748, 0.07340932637453079, 0.041409291326999664, 0.014313570223748684, 0.015653852373361588, 0.013060474768280983, 0.05256719887256622, 0.018165983259677887, 0.004779431503266096, 0.08026867359876633, 0.009149516932666302, 0.04790598154067993, 0.03980690613389015, 0.00925520434975624, 0.032756257802248, 0.030193159356713295]"
F18,"[0.06538522988557816, 0.04374076426029205, 0.128810852766037, 0.025803236290812492, 0.14191173017024994, 0.13032415509223938, 0.1602042317390442, 0.04776148498058319, 0.08730930835008621, 0.009047218598425388, 0.00112604396417737, 0.019337356090545654, 0.09300519526004791, 0.10189212113618851, 0.004229494836181402, 0.11523562669754028, 0.05513390153646469, 0.022995639592409134, 0.04998936131596565, 0.11507255584001541, 0.07759836316108704, 0.09555427730083466, 0.02827151119709015, 0.13905157148838043, 0.15148553252220154, 0.07366888225078583, 0.10266768932342529, 0.009381651878356934, 0.11917375773191452, 0.16020967066287994, 0.014200706034898758, 0.018791429698467255, 0.05971250683069229, 0.030295172706246376, 0.16277864575386047, 0.12737998366355896, 0.03302549943327904, 0.04957318305969238, 0.018339816480875015, 0.005674120504409075, 0.052066970616579056, 0.03928263857960701, 0.07260651141405106, 0.1013907790184021, 0.0692695677280426, 0.0640793964266777, 0.10344081372022629, 0.07772879302501678, 0.051986031234264374, 0.020281698554754257, 0.10281751304864883, 0.0966707170009613, 0.05033499747514725, 0.081595279276371, 0.07271701097488403, 0.00904885120689869, 0.07479695975780487, 0.03572370111942291, 0.11831142753362656, 0.09079651534557343, 0.04718474671244621, 0.011368750594556332, 0.012685525231063366, 0.0699252113699913, 0.051786698400974274, 0.07132137566804886, 0.04546501487493515, 0.006794651970267296, 0.027466081082820892, 0.08780722320079803, 0.09385143220424652, 0.017406566068530083, 0.09790246188640594, 0.06135748699307442, 0.1098470687866211, 0.09038985520601273, 0.16688692569732666, 0.019256973639130592, 0.1201518252491951, 0.0012070792727172375, 0.08223238587379456, 0.02608654648065567, 0.05556417629122734, 0.010623729787766933, 0.06629270315170288, 0.07226783037185669, 0.05047013610601425, 0.023028654977679253, 0.07895389199256897, 0.010884149000048637, 0.06665284931659698, 0.019858861342072487, 0.08978401869535446, 0.058830853551626205, 0.14112766087055206, 0.1480017602443695, 0.08721806108951569, 0.11537481844425201, 0.040495485067367554, 0.030508950352668762, 0.0473003126680851, 0.10382785648107529, 0.025866761803627014, 0.015939008444547653, 0.049946971237659454, 0.04817121475934982, 0.017265306785702705, 0.04546506330370903, 0.09359598904848099, 0.07515205442905426, 0.05325859785079956, 0.1271805614233017, 0.04272930324077606, 0.023982098326086998, 0.06371308863162994, 0.08132296800613403, 0.011305986903607845, 0.0019571431912481785, 0.03355792164802551, 0.06270301342010498, 0.03490186110138893, 0.05630900710821152, 0.09560538828372955, 0.1286778748035431, 0.025028040632605553, 0.018326306715607643, 0.044235240668058395, 0.04409904405474663]"
F19,"[0.019788742065429688, 0.03708156570792198, 0.027206849306821823, 0.02620309218764305, 0.013165460899472237, 0.02011215314269066, 0.026560043916106224, 0.0007982436800375581, 0.007598098833113909, 0.00014437428035307676, 0.025946710258722305, 0.0035288939252495766, 0.007388885598629713, 0.03369760513305664, 0.03638947010040283, 0.0008883776026777923, 0.008941784501075745, 0.01486917957663536, 0.003111134748905897, 0.009462959133088589, 0.01593605987727642, 0.007368977647274733, 0.013086514547467232, 0.010194328613579273, 0.004862548783421516, 0.004531980492174625, 0.013368921354413033, 0.011993732303380966, 0.008265990763902664, 0.007347219157963991, 0.022431641817092896, 0.011086751706898212, 0.02937648445367813, 0.028229136019945145, 0.03095422312617302, 0.00793920923024416, 0.03186910226941109, 0.004134599585086107, 0.012041406705975533, 0.019624406471848488, 0.01544513925909996, 0.02745727077126503, 0.032328709959983826, 0.010952909477055073, 0.01646539941430092, 0.009290888905525208, 0.00953218899667263, 0.015650855377316475, 0.035422977060079575, 0.005229024216532707, 0.012787764891982079, 0.011168654076755047, 0.01715969666838646, 0.00434063421562314, 0.00011835886107292026, 0.0011910338653251529, 0.006349369417876005, 0.011088423430919647, 0.02661992609500885, 0.007711793761700392, 0.010130428709089756, 0.0017521980917081237, 0.0034624291583895683, 0.044881612062454224, 0.004635229706764221, 0.006929792929440737, 0.004410150460898876, 0.02041884884238243, 0.021860497072339058, 0.031437620520591736, 0.01060271356254816, 0.006798995193094015, 0.005350829102098942, 0.011986778117716312, 0.005876295734196901, 0.020165201276540756, 0.018537215888500214, 0.013613863848149776, 0.026427334174513817, 0.025607284158468246, 0.01588374935090542, 0.02970867231488228, 0.028640780597925186, 0.014381304383277893, 0.006486908998340368, 0.016084494069218636, 0.001943914801813662, 0.02416253089904785, 0.023815810680389404, 0.03306339681148529, 0.00465519679710269, 0.03318200260400772, 0.01327039860188961, 0.011531723663210869, 0.034412555396556854, 0.022871071472764015, 0.029201190918684006, 0.029350630939006805, 0.03149893507361412, 0.0012619281187653542, 0.012027698568999767, 0.013273567892611027, 0.032369039952754974, 0.031402479857206345, 0.00496545759961009, 0.0025246874429285526, 0.014290041290223598, 0.008256863802671432, 0.012088716961443424, 0.02343704365193844, 0.030282916501164436, 0.015882857143878937, 0.004082390572875738, 0.028512855991721153, 0.017079412937164307, 0.023412127047777176, 0.009964129887521267, 0.004604410380125046, 0.012906551361083984, 0.019895801320672035, 0.00628547091037035, 0.004732881207019091, 0.03443174064159393, 0.010435282252728939, 0.002525813179090619, 0.007195455953478813, 0.00803916435688734, 0.004312929231673479]"
F20,"[0.0, 0.0, 0.0, 0.0, 0.0, 0.0, 0.0, 0.0, 0.0, 0.0, 0.0, 0.0, 0.0, 0.0, 0.0, 0.0, 0.0, 0.0, 0.0, 0.0, 0.0, 0.0, 0.0, 0.0, 0.0, 0.0, 0.0, 0.0, 0.0, 0.0, 0.0, 0.0, 0.0, 0.0, 0.0, 0.0, 0.0, 0.0, 0.0, 0.0, 0.0, 0.0, 0.0, 0.0, 0.0, 0.0, 0.0, 0.0, 0.0, 0.0, 0.0, 0.0, 0.0, 0.0, 0.0, 0.0, 0.0, 0.0, 0.0, 0.0, 0.0, 0.0, 0.0, 0.0, 0.0, 0.0, 0.0, 0.0, 0.0, 0.0, 0.0, 0.0, 0.0, 0.0, 0.0, 0.0, 0.0, 0.0, 0.0, 0.0, 0.0, 0.0, 0.0, 0.0, 0.0, 0.0, 0.0, 0.0, 0.0, 0.0, 0.0, 0.0, 0.0, 0.0, 0.0, 0.0, 0.0, 0.0, 0.0, 0.0, 0.0, 0.0, 0.0, 0.0, 0.0, 0.0, 0.0, 0.0, 0.0, 0.0, 0.0, 0.0, 0.0, 0.0, 0.0, 0.0, 0.0, 0.0, 0.0, 0.0, 0.0, 0.0, 0.0, 0.0, 0.0, 0.0, 0.0, 0.0]"
F21,"[0.0010586838470771909, 0.08434031158685684, 0.01780160889029503, 0.0366898775100708, 0.007055027410387993, 0.01590394787490368, 0.028794316574931145, 0.08763573318719864, 0.09246762096881866, 0.03939739242196083, 0.06345123052597046, 0.07758626341819763, 0.05149635300040245, 0.06514483690261841, 0.008290288969874382, 0.14059293270111084, 0.049299366772174835, 0.02205570973455906, 0.02292497269809246, 0.032878175377845764, 0.0126388780772686, 0.035858042538166046, 0.09044943004846573, 0.05333812162280083, 0.07953584939241409, 0.02102341130375862, 0.025940265506505966, 0.00683631980791688, 0.05248519778251648, 0.13412022590637207, 0.11723849177360535, 0.01995035633444786, 0.040206216275691986, 0.08782858401536942, 0.09288808703422546, 0.04425531253218651, 0.10028478503227234, 0.08849865943193436, 0.028811831027269363, 0.019800856709480286, 0.010036342777311802, 0.027999261394143105, 0.04833744466304779, 0.06122950091958046, 0.029579734429717064, 0.05425966903567314, 0.08056815713644028, 0.041891299188137054, 0.040977973490953445, 0.008575578220188618, 0.015169501304626465, 0.11076691746711731, 0.021042829379439354, 0.018009953200817108, 0.13484452664852142, 0.04374829679727554, 0.0075197056867182255, 0.04234911501407623, 0.09717126190662384, 0.06210240349173546, 0.07832621037960052, 0.015880171209573746, 0.01747100241482258, 0.013225032016634941, 0.07454946637153625, 0.025200070813298225, 0.04616842046380043, 0.09572365134954453, 0.08076614141464233, 0.11771899461746216, 0.02251065894961357, 0.038659416139125824, 0.13486376404762268, 0.042734239250421524, 0.1227751299738884, 0.102198027074337, 0.07173015922307968, 0.0637497752904892, 0.07010116428136826, 0.025006074458360672, 0.029295267537236214, 0.012130974791944027, 0.04961535334587097, 0.058223605155944824, 0.1211119145154953, 0.023348351940512657, 0.0020350348204374313, 0.04362821578979492, 0.021564524620771408, 0.01922069676220417, 0.045390088111162186, 0.09966867417097092, 0.07395274192094803, 0.08153443783521652, 0.07273293286561966, 0.06146031618118286, 0.054703135043382645, 0.042251747101545334, 0.03339630365371704, 0.07919405400753021, 0.03772590309381485, 0.06366056948900223, 0.06881261616945267, 0.029466193169355392, 0.06022873893380165, 0.019436361268162727, 0.08909871429204941, 0.004836162086576223, 0.050563912838697433, 0.04292193055152893, 0.03347484767436981, 0.07757152616977692, 0.10910890996456146, 0.003212830750271678, 0.09173043817281723, 0.014151008799672127, 0.07846948504447937, 0.057402122765779495, 0.08235108107328415, 0.09961020201444626, 0.0013546842383220792, 0.10255099087953568, 0.0729098841547966, 0.021171795204281807, 0.11520934104919434, 0.022612718865275383, 0.03165049850940704, 0.04313584044575691]"
F22,"[0.01593121327459812, 0.00186223688069731, 0.006222697906196117, 0.016654472798109055, 0.0008891792385838926, 0.006360926199704409, 0.0049574123695492744, 0.004355361219495535, 0.0006225774413906038, 0.0041382755152881145, 0.006878528278321028, 0.018325120210647583, 0.005664409138262272, 0.015090184286236763, 0.01570909656584263, 0.007981307804584503, 0.010592412203550339, 0.00026719734887592494, 0.0030517778359353542, 0.010251056402921677, 0.006027281749993563, 0.0014542019926011562, 0.015633834525942802, 0.012884058989584446, 0.013304155319929123, 0.003897686954587698, 0.00714854197576642, 0.01683628186583519, 0.006658236030489206, 0.002548144431784749, 0.004065417684614658, 0.010184035636484623, 0.001666270662099123, 0.006427795626223087, 0.011512065306305885, 0.0018897359259426594, 0.004555725958198309, 0.0066564856097102165, 0.01242811605334282, 0.004696707706898451, 0.01727229729294777, 0.00253363442607224, 0.013263878412544727, 0.013355245813727379, 0.008800619281828403, 0.005877136718481779, 0.014778357930481434, 0.008345302194356918, 0.0065847234800457954, 0.012253761291503906, 0.0012446625623852015, 0.0046866536140441895, 0.01278380211442709, 0.020060477778315544, 0.007596621289849281, 0.010970125906169415, 0.01164328958839178, 0.013196928426623344, 0.0028835551347583532, 0.01773882657289505, 0.007192465476691723, 0.007065455429255962, 0.006544087082147598, 0.01635446585714817, 0.0005429912707768381, 0.002869480988010764, 0.0024117042776197195, 0.0021149914246052504, 0.009150080382823944, 0.010521426796913147, 0.01282822247594595, 0.0009293447365052998, 0.001999449450522661, 0.006251899991184473, 0.011883394792675972, 0.00736624700948596, 0.013456162996590137, 0.006702320650219917, 0.008605518378317356, 0.004458053037524223, 0.000481617811601609, 0.007344359066337347, 0.017514871433377266, 0.01160375028848648, 0.0018802654230967164, 0.010037856176495552, 0.011991051025688648, 0.003638399764895439, 0.006100413389503956, 0.014316026121377945, 0.00704181706532836, 0.019912395626306534, 0.0032232964877039194, 0.006246339995414019, 0.01283141877502203, 0.007295480463653803, 0.00575144262984395, 0.01134058553725481, 0.009891128167510033, 0.003019625088199973, 0.007846995256841183, 0.006445507053285837, 0.005743234883993864, 0.008679414168000221, 0.009940356016159058, 0.004948464222252369, 0.0009323765989392996, 0.0009190186392515898, 0.004758643452078104, 0.0031695952638983727, 0.004852598533034325, 0.00039313489105552435, 0.01966133713722229, 0.003250494133681059, 0.014087502844631672, 0.006361775100231171, 0.006478524766862392, 0.011944696307182312, 0.00567463506013155, 0.0042634280398488045, 0.007884607650339603, 0.004483900498598814, 0.01866711676120758, 0.01493160706013441, 0.006019339431077242, 0.006072539370507002, 0.01541582029312849, 0.0045824055559933186]"
F23,"[0.02219519205391407, 0.007690496277064085, 0.020338641479611397, 0.01357441209256649, 0.009354964829981327, 0.02498774416744709, 0.0168298427015543, 0.012891859747469425, 0.01794482208788395, 0.0033823687117546797, 0.014004470780491829, 0.00590338371694088, 0.013984848745167255, 0.007013382855802774, 0.0062992265447974205, 0.027919985353946686, 0.018299918621778488, 0.006240542512387037, 0.015139301307499409, 0.014150680042803288, 0.024902816861867905, 0.007692630402743816, 0.019721806049346924, 0.026338953524827957, 0.003835779381915927, 0.020484786480665207, 0.006767681799829006, 0.01162359956651926, 0.0028196985367685556, 0.01344328559935093, 0.036957524716854095, 0.01958790235221386, 0.016203859820961952, 0.006990520283579826, 0.005002947989851236, 0.022925810888409615, 0.018095027655363083, 0.00851375237107277, 0.00741066737100482, 0.009607226587831974, 0.017114637419581413, 0.004834192804992199, 0.006157463416457176, 0.0002541285939514637, 0.011606913059949875, 0.0074512893334031105, 0.020664989948272705, 0.0021159304305911064, 0.01866157352924347, 0.005593979265540838, 0.0006201522191986442, 0.019493836909532547, 0.02198200672864914, 0.0003765361907426268, 0.0032318714074790478, 0.015373680740594864, 0.005450217518955469, 0.006752694025635719, 0.019740402698516846, 0.009325739927589893, 0.01078159548342228, 0.019184790551662445, 0.002562755485996604, 0.017048057168722153, 0.005721099209040403, 0.021236667409539223, 0.01420533936470747, 0.017398763447999954, 0.022006412968039513, 0.016546301543712616, 0.007224271073937416, 0.01965034380555153, 0.0008695097058080137, 0.007925733923912048, 0.006797499023377895, 0.014975450932979584, 0.0011271218536421657, 0.012467782944440842, 0.01045918371528387, 0.006765192374587059, 0.02257215976715088, 0.0009964138735085726, 0.001382832182571292, 0.00011492608609842137, 0.015477820299565792, 0.018003305420279503, 0.02804281748831272, 0.01654454506933689, 0.009051947854459286, 0.013308525085449219, 0.0016807201318442822, 0.020105140283703804, 0.00913199968636036, 0.025631915777921677, 0.018351517617702484, 0.0062254355289042, 0.01722574234008789, 0.022230636328458786, 0.003346369368955493, 0.005893546622246504, 0.012997912243008614, 0.016704240813851357, 0.0037927620578557253, 0.02200082689523697, 0.02309746854007244, 0.01136294100433588, 0.008510558865964413, 0.006674828473478556, 0.017796281725168228, 0.008962275460362434, 0.002666150452569127, 0.016406221315264702, 0.002771482104435563, 0.0008010823512449861, 0.006083526182919741, 0.008096801117062569, 0.010637199506163597, 0.0007942537777125835, 0.009620842523872852, 0.0012726210989058018, 0.012441456317901611, 0.007307522930204868, 0.012373175472021103, 0.0099937804043293, 0.01237866934388876, 0.007394446991384029, 0.0005599475698545575, 0.0012953320983797312]"
F24,"[0.013238349929451942, 0.009174051694571972, 0.0053043789230287075, 0.017495129257440567, 0.015389958396553993, 0.011426771059632301, 0.006898404564708471, 0.0026106650475412607, 0.009954672306776047, 0.011374990455806255, 0.014132541604340076, 0.010517694987356663, 0.0027200973127037287, 0.0038497531786561012, 0.016111595556139946, 0.019676193594932556, 0.0012964881025254726, 0.012223263271152973, 0.022825956344604492, 0.0012541256146505475, 0.0137976398691535, 0.016509972512722015, 0.0008877140353433788, 0.007756480015814304, 0.017370786517858505, 0.016207238659262657, 0.013068806380033493, 0.0051709068939089775, 0.0042561632581055164, 0.013874738477170467, 0.00848227646201849, 0.005719293374568224, 0.023541975766420364, 0.0009818320395424962, 0.002129101660102606, 0.012800395488739014, 0.003922814037650824, 0.01574772037565708, 0.019026627764105797, 0.0017328520771116018, 0.009172813966870308, 0.0034165140241384506, 0.02197166532278061, 0.0038976515643298626, 0.000237024316447787, 0.0018032797379419208, 0.022563761100172997, 0.01778033748269081, 0.0015794391511008143, 0.008405301719903946, 0.012340578250586987, 0.012922157533466816, 0.00307441595941782, 0.02192772924900055, 0.007333641406148672, 0.006263683084398508, 0.0056266277097165585, 0.0036802715621888638, 0.011986170895397663, 0.016942663118243217, 0.01855596713721752, 0.014765357598662376, 0.016970796510577202, 0.020984577015042305, 0.003234907751902938, 0.010026564821600914, 0.00949192140251398, 0.010801969096064568, 0.009672543033957481, 0.012960229068994522, 0.0038194232620298862, 0.0013671920169144869, 0.01472815964370966, 0.007897798903286457, 0.024776451289653778, 0.017385566607117653, 0.000858631101436913, 0.0005656283465214074, 0.01569359190762043, 0.004490239545702934, 0.01154058426618576, 0.015554975718259811, 0.023140206933021545, 0.0010162005200982094, 0.009075488895177841, 0.009661051444709301, 0.00520537281408906, 0.013363241218030453, 0.006128803826868534, 0.011357832700014114, 0.01713283732533455, 0.013961328193545341, 0.012451223097741604, 0.021842552348971367, 0.012705779634416103, 0.016324171796441078, 0.021213479340076447, 0.0020695163402706385, 0.017949378117918968, 0.009003473445773125, 0.01725134253501892, 0.003765307366847992, 0.0057145883329212666, 0.008865514770150185, 0.0007391833350993693, 0.0231732539832592, 0.004552518017590046, 0.0004441046039573848, 0.0014276501024141908, 0.0034779426641762257, 0.014169353060424328, 0.022863993421196938, 0.00609767809510231, 0.016725875437259674, 0.008239461109042168, 0.012220012955367565, 0.013648474588990211, 0.012546391226351261, 0.01614430919289589, 0.010631503537297249, 0.014082604087889194, 0.012263904325664043, 0.004534844309091568, 0.0030877848621457815, 0.008721224963665009, 0.005349002778530121, 0.012980513274669647, 0.0035753168631345034]"
F25,"[0.0034518453758209944, 0.005056712776422501, 0.014438292942941189, 0.002176725771278143, 0.01637149415910244, 0.008354333229362965, 0.016553502529859543, 0.014696255326271057, 0.008627260103821754, 0.002009320305660367, 0.010256094858050346, 0.004671964328736067, 0.006625282112509012, 0.010499585419893265, 0.021207699552178383, 0.01598082110285759, 0.011774507351219654, 0.008357735350728035, 0.013408595696091652, 0.014500128105282784, 0.005227147601544857, 0.008672359399497509, 0.0071017565205693245, 0.002478774171322584, 0.022930724546313286, 0.015114226378500462, 0.00919838435947895, 0.01705354079604149, 0.010020176880061626, 0.00439456244930625, 0.016855590045452118, 0.0055394298397004604, 0.0027455072849988937, 0.00777023658156395, 0.006585172843188047, 0.0038806158117949963, 0.014485228806734085, 0.008278812281787395, 0.014809008687734604, 0.0009363364661112428, 0.0026116997469216585, 0.0021638511680066586, 0.017243610695004463, 0.0041562640108168125, 0.0024934604298323393, 0.014411590062081814, 0.00591421639546752, 0.002103359904140234, 0.0031578429043293, 0.00994913000613451, 0.0027050143107771873, 0.0024516312405467033, 0.004650848917663097, 0.008602896705269814, 0.005954223219305277, 0.003962621558457613, 0.008019780740141869, 0.016173727810382843, 0.014010859653353691, 0.007779745850712061, 0.005226005334407091, 0.004911896772682667, 0.008220052346587181, 0.014977695420384407, 0.014379858039319515, 0.0010595672065392137, 0.0016235547373071313, 0.0023670000955462456, 0.011615295894443989, 0.02039327472448349, 0.0117155397310853, 0.021262049674987793, 0.000941998150665313, 0.0112014040350914, 0.007832762785255909, 0.012719805352389812, 0.003257457632571459, 0.004052913747727871, 0.011069037951529026, 0.0018029776401817799, 0.004848912823945284, 0.004270382225513458, 0.00673746457323432, 0.001487317611463368, 0.014489227905869484, 0.010498088784515858, 0.0032720700837671757, 0.010648686438798904, 0.001077516470104456, 0.0017066749278455973, 0.00801702681928873, 0.004224075470119715, 0.00045459571992978454, 0.003499348182231188, 0.011435916647315025, 0.004028859548270702, 0.006397769320756197, 0.0010459806071594357, 0.007577063981443644, 0.012798626907169819, 0.0018612743588164449, 0.013210617005825043, 0.0004029960255138576, 0.006147895939648151, 0.0037024980410933495, 0.004455287009477615, 0.00013084293459542096, 0.000993500230833888, 0.017478013411164284, 0.000763263029512018, 0.008989164605736732, 0.01755751110613346, 0.007436468731611967, 0.003052625572308898, 0.016045572236180305, 0.001717807142995298, 0.007416194304823875, 0.005241365637630224, 0.002148070139810443, 0.009819047525525093, 0.01220015063881874, 0.006365436594933271, 0.01780041679739952, 0.0114466343075037, 0.007333090528845787, 0.007255746982991695, 0.002672072732821107, 0.008000877685844898]"
F26,"[0.01734906993806362, 0.005020373500883579, 0.02000313252210617, 0.00949616264551878, 0.019244607537984848, 0.008952015079557896, 0.016175709664821625, 0.008295037783682346, 0.0017516275402158499, 0.011032759211957455, 0.0027543145697563887, 0.01479867659509182, 0.0015796608058735728, 0.020485196262598038, 0.0014003869146108627, 0.005812993738800287, 0.01444864273071289, 0.013205359689891338, 0.004818615969270468, 0.006901490967720747, 0.004192983265966177, 0.017156429588794708, 0.008369414135813713, 0.008122174069285393, 0.0015878863632678986, 0.00872595515102148, 0.01275622844696045, 0.00862875021994114, 0.016528990119695663, 0.007141908165067434, 0.0015540062449872494, 0.012206405401229858, 0.006248749792575836, 0.01579143851995468, 0.022734543308615685, 0.00645096180960536, 0.012212071567773819, 0.00033578186412341893, 0.008663452230393887, 0.0011709725949913263, 0.012136949226260185, 0.0005794774042442441, 0.020806599408388138, 0.0038657377008348703, 0.007157690357416868, 0.004122324287891388, 0.016970841214060783, 0.0016463955398648977, 0.014441709965467453, 0.009571115486323833, 0.010737563483417034, 0.01152712944895029, 0.004273355007171631, 0.004491839557886124, 0.006005048286169767, 0.001308233244344592, 0.014904690906405449, 0.012287000194191933, 0.013454732485115528, 0.015476328320801258, 0.012706603854894638, 0.011070771142840385, 0.00882115587592125, 0.004738033749163151, 0.007140264846384525, 0.0009266716078855097, 0.0009746385039761662, 0.0033014118671417236, 0.0003622688527684659, 0.004063139669597149, 0.0117484787479043, 0.004606214817613363, 0.0013058607000857592, 0.004189132247120142, 0.01264145877212286, 0.020289957523345947, 0.0030589995440095663, 0.001924650277942419, 0.006068374030292034, 0.020182685926556587, 0.019826523959636688, 0.009787015616893768, 0.01228799857199192, 0.008801296353340149, 0.017233464866876602, 0.007437895983457565, 0.006005554925650358, 0.012093179859220982, 0.0003009185311384499, 0.014655455946922302, 0.004555335734039545, 0.007244996726512909, 0.014534229412674904, 0.0010997011559084058, 0.010168519802391529, 0.007681804709136486, 0.009608886204659939, 0.0006122519844211638, 0.022547345608472824, 0.019246550276875496, 0.0028180680237710476, 0.0014331435086205602, 0.005050097592175007, 0.02264017052948475, 0.004707766231149435, 0.008521738462150097, 0.003978972788900137, 0.00362254586070776, 0.0020033097825944424, 0.022507192566990852, 0.020214322954416275, 0.002491503953933716, 0.009056158363819122, 0.003051850013434887, 0.0009683741955086589, 0.006509413011372089, 0.0096227265894413, 0.009314721450209618, 0.008486079052090645, 0.0033958463463932276, 0.003673181403428316, 0.01005218829959631, 0.0004562168032862246, 0.00691395066678524, 0.021211285144090652, 0.014627025462687016, 0.02134694904088974, 0.0008306442177854478]"
F27,"[0.011650699190795422, 0.011391861364245415, 0.005548423156142235, 0.008543607778847218, 0.005443212576210499, 0.015205401927232742, 0.009144961833953857, 0.006331057287752628, 0.005528062582015991, 0.00906352512538433, 0.001694454695098102, 0.008866499178111553, 0.01105282362550497, 0.003618640825152397, 0.0016318174311891198, 0.012925437651574612, 0.00698750140145421, 0.00784675870090723, 0.0040003159083426, 0.01002651359885931, 0.0008549714693799615, 0.0008067352464422584, 0.001085446565411985, 0.01080277655273676, 0.016071559861302376, 0.0022788739297538996, 0.013142961077392101, 0.0162468571215868, 0.017847562208771706, 0.0009125004289671779, 0.016638701781630516, 0.012861501425504684, 0.0089009590446949, 0.014508482068777084, 0.02135566808283329, 0.023672733455896378, 0.011418403126299381, 0.0017146554309874773, 0.02405887469649315, 0.001763201435096562, 0.006421099416911602, 0.014407690614461899, 0.0015525911003351212, 0.003086511977016926, 0.009583673439919949, 0.0057053342461586, 0.0064228312112390995, 0.0027860598638653755, 0.020467199385166168, 0.0037490606773644686, 0.015384134836494923, 0.005103322211652994, 0.024482974782586098, 0.010033923201262951, 0.01005685143172741, 0.014606085605919361, 0.009518787264823914, 0.012594742700457573, 0.013458585366606712, 0.009632431901991367, 0.02354179508984089, 0.01248662918806076, 0.00407000258564949, 0.000525505340192467, 0.0013124895049259067, 0.006906363181769848, 0.0059431069530546665, 0.014738345518708229, 0.016644641757011414, 0.011407550424337387, 0.008774397894740105, 0.005633424501866102, 0.013787295669317245, 0.0071619125083088875, 0.00696178013458848, 0.004777912050485611, 0.004081772640347481, 0.014773608185350895, 0.004027972929179668, 0.012011165730655193, 0.003518945537507534, 0.0017009159782901406, 0.014953594654798508, 0.0019284808076918125, 0.0059571280144155025, 0.014031809754669666, 2.9365906812017784e-05, 0.01589909754693508, 0.008736652322113514, 0.013980543240904808, 0.00749922776594758, 0.004292335361242294, 0.0007545471889898181, 0.0010821877513080835, 0.006853922735899687, 0.004256187938153744, 0.0007509227725677192, 0.014627650380134583, 0.006497187074273825, 0.009853009134531021, 0.004781664349138737, 0.012573251500725746, 0.013867526315152645, 0.023343026638031006, 0.015697209164500237, 0.008083446882665157, 0.013254795223474503, 0.0021840971894562244, 0.009465735405683517, 0.009243257343769073, 0.003181107807904482, 0.013590685091912746, 0.012236533686518669, 0.007994433864951134, 0.009724834933876991, 0.021844765171408653, 0.017121994867920876, 0.01230685506016016, 0.018334973603487015, 0.007341993506997824, 0.011715328320860863, 0.012591354548931122, 0.014419480226933956, 0.014192379079759121, 0.01099025085568428, 0.008559252135455608, 0.0017703702906146646, 0.005888578947633505]"
F28,"[0.03112974390387535, 0.03136371821165085, 0.09904260188341141, 0.031862325966358185, 0.017038701102137566, 0.07531623542308807, 0.004320699255913496, 0.030028866603970528, 0.08601796627044678, 0.05405595898628235, 0.05553301051259041, 0.07687051594257355, 0.09291163086891174, 0.05520090088248253, 0.04943980276584625, 0.06636067479848862, 0.00041859550401568413, 0.06329213827848434, 0.057261016219854355, 0.02420741319656372, 0.022717995569109917, 0.03705839067697525, 0.007923376746475697, 0.08172870427370071, 0.08739694207906723, 0.0286121629178524, 0.06809049844741821, 0.05011669173836708, 0.04660697653889656, 0.007529753725975752, 0.11033447831869125, 0.07694321870803833, 0.15623487532138824, 0.06478938460350037, 0.001086532836779952, 0.027668260037899017, 0.004165842663496733, 0.0008255356224253774, 0.017217127606272697, 0.07150688022375107, 0.04333360120654106, 0.023637397214770317, 0.08591782301664352, 0.06815236806869507, 0.06526082009077072, 0.07962021231651306, 0.011694704182446003, 0.0017012405442073941, 0.002473515924066305, 0.05027087405323982, 0.12652574479579926, 0.0005198792787268758, 0.036493197083473206, 0.11696425080299377, 0.0646744892001152, 0.013045511208474636, 0.036992356181144714, 0.0292883962392807, 0.05412517860531807, 0.003912576008588076, 0.006689754314720631, 0.09582114219665527, 0.018206683918833733, 0.015732815489172935, 0.01833617128431797, 0.006529506761580706, 0.013256163336336613, 0.12513858079910278, 0.09256625175476074, 0.017967520281672478, 0.03506271541118622, 0.03354448080062866, 0.039135437458753586, 0.07976717501878738, 0.00034911191323772073, 0.08605872094631195, 0.051316551864147186, 0.08220342546701431, 0.0631331130862236, 0.016098976135253906, 0.0594763346016407, 0.0853959247469902, 0.09275364130735397, 0.12703688442707062, 0.08601897954940796, 0.08731375634670258, 0.027332760393619537, 0.07574114203453064, 0.04251645877957344, 0.11910361796617508, 0.061883870512247086, 0.0420679897069931, 0.06115560233592987, 0.022235911339521408, 0.04866277053952217, 0.04584905132651329, 0.05636930465698242, 0.1250161975622177, 0.07311971485614777, 0.013663862831890583, 0.022989604622125626, 0.016390422359108925, 0.014676227234303951, 0.015733536332845688, 0.0748925656080246, 0.04160603880882263, 0.07836929708719254, 0.023285098373889923, 0.022228287532925606, 0.003062664298340678, 0.11253523826599121, 0.09689521044492722, 0.03741641715168953, 0.012486899271607399, 0.012703953310847282, 0.00751050328835845, 0.0807386189699173, 0.033482879400253296, 0.070794977247715, 0.05159040540456772, 0.02439962327480316, 0.0047453055158257484, 0.08425479382276535, 0.034546297043561935, 0.06690499931573868, 0.044203825294971466, 0.1005294993519783, 0.11019793152809143]"
F29,"[0.07364065945148468, 0.11676144599914551, 0.10884101688861847, 0.01696457900106907, 0.059498611837625504, 0.012684555724263191, 0.04891349747776985, 0.14662913978099823, 0.004115701653063297, 0.12006834149360657, 0.14065119624137878, 0.0842210203409195, 0.004371257498860359, 0.08606456220149994, 0.01436497550457716, 0.11699651181697845, 0.03592633083462715, 0.05073380097746849, 0.033650755882263184, 0.1807708591222763, 0.014308764599263668, 0.04122589901089668, 0.03373514860868454, 0.10675740987062454, 0.028598785400390625, 0.05956064909696579, 0.0640193447470665, 0.07346252351999283, 0.2008083462715149, 0.14914540946483612, 0.07928640395402908, 0.08649639040231705, 0.012958532199263573, 0.11190902441740036, 0.0049742902629077435, 0.04217883199453354, 0.17180192470550537, 0.0058822594583034515, 0.03029126487672329, 0.009765970520675182, 0.054344356060028076, 0.03722568228840828, 0.0024047994520515203, 0.04169697314500809, 0.13596713542938232, 0.16710151731967926, 0.1916840374469757, 0.1421763300895691, 0.0413464792072773, 0.16776560246944427, 0.13798609375953674, 0.03512633964419365, 0.039852943271398544, 0.09193689376115799, 0.046712446957826614, 0.01427694782614708, 0.17148327827453613, 0.10479915887117386, 0.09605622291564941, 0.13075250387191772, 0.08576173335313797, 0.013916540890932083, 0.08157388120889664, 0.15772661566734314, 0.07825791090726852, 0.12732353806495667, 0.10888107866048813, 0.05193965882062912, 0.067486472427845, 0.11430743336677551, 0.1570446938276291, 0.1377054750919342, 0.02479930780827999, 0.022860944271087646, 0.09611400216817856, 0.06408440321683884, 0.1574511080980301, 0.014482135884463787, 0.022684480994939804, 0.12811794877052307, 0.13529305160045624, 0.1520375907421112, 0.1387442648410797, 0.11254364252090454, 0.15672802925109863, 0.1374816745519638, 0.01576748676598072, 0.09081754088401794, 0.07982976734638214, 0.07597433030605316, 0.06999694555997849, 0.0631210133433342, 0.08734327554702759, 0.10174858570098877, 0.10898665338754654, 0.05630744621157646, 0.0981156975030899, 0.16094598174095154, 0.05341165140271187, 0.007493725977838039, 0.022746559232473373, 0.08266215771436691, 0.15775443613529205, 0.19783174991607666, 0.006402542348951101, 0.15578864514827728, 0.15954627096652985, 0.1731480360031128, 0.12062018364667892, 0.13523592054843903, 0.1438898891210556, 0.1051575094461441, 0.10366953164339066, 0.1202772781252861, 0.13885173201560974, 0.058169055730104446, 0.1405823975801468, 0.1330382525920868, 0.06936614960432053, 0.0671050027012825, 0.03601455315947533, 0.14202557504177094, 0.15586768090724945, 0.008471960201859474, 0.19170473515987396, 0.034598175436258316, 0.13835583627223969, 0.022652890533208847]"
F30,"[0.04581470787525177, 0.1362687200307846, 0.011257418431341648, 0.01664695143699646, 0.025841111317276955, 0.07708162069320679, 0.11979609727859497, 0.07718749344348907, 0.036497365683317184, 0.10639336705207825, 0.05853014439344406, 0.08097655326128006, 0.1276644617319107, 0.046770598739385605, 0.061129771173000336, 0.11007879674434662, 0.014324162155389786, 0.06240242347121239, 0.04321714863181114, 0.009128599427640438, 0.08466123044490814, 0.019280532374978065, 0.06585884839296341, 0.04804806038737297, 0.01017607282847166, 0.07182583957910538, 0.01940973289310932, 0.004434641916304827, 0.05191768333315849, 0.03816910460591316, 0.024340562522411346, 0.023281792178750038, 0.007952529937028885, 0.07475732266902924, 0.04456949606537819, 0.04908525198698044, 0.026287546381354332, 0.05381277948617935, 0.10100061446428299, 0.024915602058172226, 0.0346863754093647, 0.03544153645634651, 0.07427115738391876, 0.040781743824481964, 0.06025607883930206, 0.1273544728755951, 0.04788269102573395, 0.05444096028804779, 0.01847960241138935, 0.0026914917398244143, 0.022045176476240158, 0.04863981902599335, 0.03688396140933037, 0.0011044485727325082, 0.05007780343294144, 0.018961101770401, 0.0005356337642297149, 0.11296240240335464, 0.09753119945526123, 0.09164407104253769, 0.07280199229717255, 0.083330437541008, 0.022405516356229782, 0.09789597243070602, 0.0005671249818988144, 0.03737281262874603, 0.01735958829522133, 0.006484718061983585, 0.01532431785017252, 0.11143442243337631, 0.039862874895334244, 0.10719625651836395, 0.161518394947052, 0.017674915492534637, 0.13663864135742188, 0.05903516337275505, 0.06405754387378693, 0.025599805638194084, 0.03152567893266678, 0.12391126155853271, 0.056896258145570755, 0.02975056879222393, 0.005708301439881325, 0.013301773928105831, 0.07774204760789871, 0.07546617090702057, 0.0069896383211016655, 0.02935544028878212, 0.03441770747303963, 0.09079262614250183, 0.13774935901165009, 0.02432253770530224, 0.063144251704216, 0.03836097940802574, 0.057570312172174454, 0.13942623138427734, 0.09776941686868668, 0.12250615656375885, 0.1508839875459671, 0.11219505220651627, 0.05664579197764397, 0.06966084241867065, 0.10636699944734573, 0.0888867974281311, 0.15954455733299255, 0.0015926870983093977, 0.035184308886528015, 0.0054547167383134365, 0.014758717268705368, 0.05565362796187401, 0.05566076934337616, 0.04205706715583801, 0.061108339577913284, 0.07847294956445694, 0.10577991604804993, 0.07824394851922989, 0.04090026393532753, 0.021192973479628563, 0.06794612854719162, 0.002641526982188225, 0.022843293845653534, 0.007007757667452097, 0.009275280870497227, 0.04765373095870018, 0.05204211547970772, 0.09146129339933395, 0.0025012842379510403, 0.09528712183237076]"
F31,"[0.02823808789253235, 0.001969156786799431, 0.0027089384384453297, 0.016755666583776474, 0.009380253963172436, 0.019946007058024406, 0.01630844920873642, 0.016754064708948135, 0.0021689028944820166, 0.004298658110201359, 0.00911496952176094, 0.029544519260525703, 0.02660493366420269, 0.0025932281278073788, 0.03208497539162636, 0.009807386435568333, 0.0021732719615101814, 0.02302582561969757, 0.019746972247958183, 0.01576017029583454, 0.020954575389623642, 0.0276594627648592, 0.009603394195437431, 0.008391781710088253, 0.04149409756064415, 0.005413451232016087, 0.00813737791031599, 0.0004666705208364874, 0.012607941403985023, 0.03166962042450905, 0.02689415216445923, 0.019847238436341286, 0.016357479616999626, 0.01738320104777813, 0.03934093192219734, 0.043755922466516495, 0.019226951524615288, 0.012323114089667797, 0.042259279638528824, 0.02951495535671711, 0.0008658947772346437, 0.0035257567651569843, 0.006766108330339193, 0.027079658582806587, 0.027378810569643974, 0.012468690983951092, 0.017866740003228188, 0.010660214349627495, 0.02422397769987583, 0.005856080912053585, 0.009354259818792343, 0.015651067718863487, 0.008408847264945507, 0.0027794644702225924, 0.025082789361476898, 0.033425223082304, 0.02805406227707863, 0.005162500310689211, 0.028063645586371422, 0.013987586833536625, 0.009598344564437866, 0.0017853842582553625, 0.008809173479676247, 0.0019360946025699377, 0.03328750282526016, 0.0061947619542479515, 0.005414726212620735, 0.017915427684783936, 0.03968750312924385, 0.03887668624520302, 0.024941980838775635, 0.01662907935678959, 0.011619651690125465, 1.1486553376016673e-05, 0.0156363844871521, 0.020519357174634933, 0.040781185030937195, 0.024163031950592995, 0.02921648509800434, 0.033637940883636475, 0.04084785282611847, 0.003930228296667337, 0.005436102859675884, 0.023111581802368164, 0.05834386497735977, 0.003694410203024745, 0.02110537514090538, 0.03169922158122063, 0.022788960486650467, 0.00366839743219316, 0.0047848462127149105, 0.0068776230327785015, 0.001339463866315782, 0.005717405118048191, 0.015171336010098457, 0.008447293192148209, 0.006176638882607222, 0.011059362441301346, 0.011019531637430191, 0.02186356857419014, 0.009679680690169334, 0.022086793556809425, 0.012515826150774956, 0.019368350505828857, 0.026668081060051918, 0.012121551670134068, 0.022825157269835472, 0.009767066687345505, 0.010422156192362309, 0.01347271353006363, 0.034966763108968735, 0.016711529344320297, 0.018483050167560577, 0.0338674820959568, 0.0026135053485631943, 0.04625789821147919, 0.01241935696452856, 0.023090535774827003, 0.024622192606329918, 0.02342531457543373, 0.02646663598716259, 0.008404778316617012, 0.020482178777456284, 0.02100173570215702, 0.007881362922489643, 0.0021142694167792797, 0.016110293567180634, 0.01618923246860504]"
F32,"[0.00045122276060283184, 0.0004313003446441144, 2.2165300833876245e-05, 0.009122633375227451, 0.003301606047898531, 0.0005145734176039696, 0.0026156101375818253, 0.0073158591985702515, 0.00026784793590195477, 0.002448960207402706, 0.010719864629209042, 0.0032865628600120544, 0.011705568060278893, 0.02192012406885624, 0.012617331929504871, 0.00414759386330843, 0.014220822602510452, 0.004134326707571745, 0.01167351845651865, 0.011903739534318447, 0.0005381731316447258, 0.006406365893781185, 0.00770230358466506, 0.007376344408839941, 0.0006990854162722826, 0.003052832093089819, 0.020226890221238136, 0.011489447206258774, 0.003891238709911704, 0.006133413873612881, 0.004833365324884653, 0.008542343974113464, 0.009362823329865932, 0.008135836571455002, 0.008453757502138615, 0.002050322713330388, 0.005554982461035252, 0.0018236617324873805, 0.012527735903859138, 0.010965523310005665, 0.002157270209863782, 0.0077516320161521435, 0.02158726006746292, 0.002545713447034359, 0.002722947159782052, 0.013799683190882206, 0.00999732967466116, 0.006677553057670593, 0.012261752970516682, 0.0043054926209151745, 0.003346195677295327, 0.0007818949525244534, 0.014469967223703861, 0.008970594964921474, 0.0009267106652259827, 0.00774221308529377, 0.009686721488833427, 0.002753093373030424, 0.005750935524702072, 0.005539256148040295, 0.008460469543933868, 0.0064931707456707954, 0.01718350499868393, 0.005386269651353359, 0.0004385996435303241, 0.006902530323714018, 0.007685610558837652, 0.006462453864514828, 0.00856754370033741, 0.0007287855842150748, 0.00161046686116606, 0.001226560096256435, 0.01475627813488245, 0.0034740855917334557, 0.0085967518389225, 0.004496448207646608, 0.007411543279886246, 0.013671454042196274, 0.01765136979520321, 0.0009802094427868724, 0.007939864881336689, 0.010926839895546436, 0.0004192515625618398, 0.004563578870147467, 0.00952229741960764, 0.0020837346091866493, 0.005828280001878738, 0.004424747545272112, 0.0048911673948168755, 0.007981319911777973, 0.010879338718950748, 0.009349350817501545, 0.008659729734063148, 0.0028718053363263607, 0.006063844542950392, 0.004665149841457605, 0.00994537677615881, 0.008226456120610237, 0.013077057898044586, 0.007255463860929012, 0.001501457765698433, 0.0066050267778337, 0.0028838030993938446, 0.003645746735855937, 0.007156349718570709, 0.002684887731447816, 0.0012632007710635662, 0.015131916850805283, 0.009877340868115425, 0.0002884467248804867, 0.017348933964967728, 0.009343227371573448, 0.002509241458028555, 0.016021477058529854, 0.0027392979245632887, 0.011250551789999008, 0.004592106211930513, 0.022583765909075737, 0.008632354438304901, 0.0069349221885204315, 0.003542496357113123, 0.004228250123560429, 0.0036429627798497677, 0.01581745035946369, 0.003921165131032467, 0.0054671247489750385, 0.0037180695217102766, 0.003090526210144162]"
F33,"[0.06311081349849701, 0.022206632420420647, 0.025190016254782677, 0.009988075122237206, 0.08762583136558533, 0.04887432977557182, 0.00023714589769952, 0.036729712039232254, 0.02049502544105053, 0.057080935686826706, 0.045416031032800674, 0.020147496834397316, 0.02866441197693348, 0.019872618839144707, 0.049749501049518585, 0.014008136466145515, 0.04132145643234253, 0.05864845588803291, 0.0807938277721405, 0.012851851992309093, 0.05021907761693001, 0.0282304510474205, 0.028328435495495796, 0.11289133876562119, 0.004209895618259907, 0.020078225061297417, 0.020906005054712296, 0.014161177910864353, 0.06779006868600845, 0.019232366234064102, 0.0029546052683144808, 0.01141652837395668, 0.05675235018134117, 0.017551688477396965, 0.10460463166236877, 0.028322920203208923, 0.07146480679512024, 0.0166305098682642, 0.035194672644138336, 0.04257483407855034, 0.025875508785247803, 0.05718304216861725, 0.03499463200569153, 0.04915481433272362, 0.03671862185001373, 0.04057205840945244, 0.15138375759124756, 0.08373371511697769, 0.0364602655172348, 0.013192534446716309, 0.07357002794742584, 0.0877063199877739, 0.017213648185133934, 0.08770876377820969, 0.01993323490023613, 0.09440076351165771, 0.026747891679406166, 0.09513455629348755, 0.029475387185811996, 0.07285907119512558, 0.056800778955221176, 0.06817647069692612, 0.04622333496809006, 0.013489894568920135, 0.04678865149617195, 0.022067049518227577, 0.07260765135288239, 0.007190093398094177, 0.03783784806728363, 0.08579391241073608, 0.02216450497508049, 0.08319239318370819, 0.07234111428260803, 0.07032762467861176, 0.030546175315976143, 0.03876807913184166, 0.006920735351741314, 0.0435328334569931, 0.036699309945106506, 0.08524928987026215, 0.01925017684698105, 0.09291461110115051, 0.08439645171165466, 0.05318614840507507, 0.06992512941360474, 0.09180063009262085, 0.05968950688838959, 0.059273362159729004, 0.11185227334499359, 0.14162394404411316, 0.08664991706609726, 0.00960813369601965, 0.0419575460255146, 0.02677217684686184, 0.04893573001027107, 0.02452344447374344, 0.03571096807718277, 0.0007224066066555679, 0.005210967734456062, 0.010845201089978218, 0.0061981286853551865, 0.08767610043287277, 0.1584721952676773, 0.05251326784491539, 0.07197879254817963, 0.08274389058351517, 0.031639546155929565, 0.06190049648284912, 0.06474959850311279, 0.07035520672798157, 0.1255277842283249, 0.044362738728523254, 0.04620853066444397, 0.0021824128925800323, 0.08344749361276627, 0.04258895292878151, 0.022725312039256096, 0.03737739846110344, 0.07962915301322937, 0.08494053781032562, 0.10076667368412018, 0.06702353805303574, 0.005351287312805653, 0.1198858991265297, 0.10425938665866852, 0.024946996942162514, 0.054476719349622726, 0.016093913465738297]"
F34,"[0.027925848960876465, 0.03672058507800102, 0.014507382176816463, 0.027082448825240135, 0.005631211679428816, 0.019653797149658203, 0.006256637163460255, 0.014266017824411392, 4.7507655835943297e-05, 0.020830104127526283, 0.009859373793005943, 0.02718220464885235, 0.008836048655211926, 0.011419643647968769, 0.027715124189853668, 0.006099774967879057, 0.01557527668774128, 0.016525061801075935, 0.03342871367931366, 0.026482446119189262, 0.015558048151433468, 0.00013294418749865144, 0.002785244956612587, 0.00018661125795915723, 0.038457151502370834, 0.019137892872095108, 0.0012708274880424142, 0.003025445155799389, 0.01513588521629572, 0.05289797484874725, 0.03338685259222984, 0.0013690307969227433, 0.01526944525539875, 0.013842927291989326, 0.0025476673617959023, 0.02635427936911583, 0.0027573108673095703, 0.011208719573915005, 0.013779694214463234, 0.005352381616830826, 0.011679760180413723, 0.026806870475411415, 0.021504949778318405, 0.01419533509761095, 0.0005962321301922202, 0.0231684148311615, 0.025347938761115074, 0.021832292899489403, 0.029091499745845795, 0.020411161705851555, 0.02004738710820675, 0.023023385554552078, 0.019020847976207733, 0.0500401109457016, 0.012944496236741543, 0.0052496143616735935, 0.018810348585247993, 0.005509412381798029, 0.001870957319624722, 0.0012631717836484313, 0.011202851310372353, 0.012052717618644238, 0.025933533906936646, 0.023218883201479912, 0.027516135945916176, 0.04465661197900772, 0.02934330143034458, 0.049271564930677414, 0.021643763408064842, 0.03158778324723244, 0.0026056456845253706, 0.02398965135216713, 0.007235565688461065, 0.029198115691542625, 0.036998163908720016, 0.021992942318320274, 0.0009287612629123032, 0.010615727864205837, 0.005207835230976343, 0.02428332529962063, 0.024502255022525787, 0.02742796391248703, 0.005429285112768412, 0.0019566467963159084, 0.028695087879896164, 0.019821148365736008, 0.0027165233623236418, 0.0037236546631902456, 0.001401293557137251, 0.005705954506993294, 0.001594887813553214, 0.018656397238373756, 0.007470961660146713, 0.036068305373191833, 0.008014815859496593, 0.039167363196611404, 0.019708195701241493, 0.022471582517027855, 0.02168126590549946, 0.004502160474658012, 0.036762986332178116, 0.00036606413777917624, 0.011142072267830372, 0.0031896275468170643, 0.02169724367558956, 0.006057738792151213, 0.010967043228447437, 0.0162440724670887, 0.0007848403183743358, 0.028662895783782005, 0.011026224121451378, 0.006694590672850609, 0.024228466674685478, 0.010213615372776985, 0.012454040348529816, 2.743019877016195e-06, 0.0003533526323735714, 0.004862860776484013, 0.025791961699724197, 0.032517701387405396, 0.0020895011257380247, 0.007732308469712734, 0.02573208510875702, 0.020884981378912926, 0.01598733849823475, 0.00018820697732735425, 0.00934766698628664, 0.02076207660138607]"
F35,"[0.02207278087735176, 0.0016888334648683667, 0.011478087864816189, 0.0020581944845616817, 0.012779978103935719, 0.0029505030252039433, 0.03467553108930588, 0.0014912920305505395, 0.020309096202254295, 0.02536006271839142, 0.00988300982862711, 0.008493106812238693, 0.009676693938672543, 0.03410095348954201, 0.026317402720451355, 0.0115044629201293, 0.02740667387843132, 0.01383502222597599, 0.014405079185962677, 0.005317088682204485, 0.014625354669988155, 0.005138874519616365, 0.027960101142525673, 0.027423689141869545, 0.02545313909649849, 0.005366179626435041, 0.034919373691082, 0.0022587827406823635, 0.02723565325140953, 0.03364993631839752, 0.002341371728107333, 0.03690369799733162, 0.0021822291892021894, 0.035574257373809814, 0.0036127865314483643, 0.01988954283297062, 0.011268507689237595, 0.037033453583717346, 0.007287752348929644, 0.01634465903043747, 0.03347301855683327, 0.00623558834195137, 0.004768194165080786, 0.021061545237898827, 0.011141040362417698, 0.008519467897713184, 0.03146222606301308, 0.022517183795571327, 0.02876167744398117, 0.04443342611193657, 0.03642011806368828, 0.03156797215342522, 0.03347654640674591, 0.007937012240290642, 0.005117341876029968, 0.014979619532823563, 0.0014840769581496716, 0.03336421400308609, 0.005325257778167725, 0.03177780658006668, 0.0056138671934604645, 0.009883050806820393, 0.037082623690366745, 0.05904792249202728, 0.010838610120117664, 0.01957007683813572, 0.01598193310201168, 0.006870501674711704, 0.02122013457119465, 0.0012957785511389375, 0.04473133757710457, 0.001452005933970213, 0.018313219770789146, 0.002314825775101781, 0.006500304210931063, 0.020753193646669388, 0.011208215728402138, 0.01746075600385666, 0.007070529740303755, 0.01070982962846756, 0.04151954501867294, 0.015062426216900349, 0.019209474325180054, 0.01993604376912117, 0.005245764274150133, 0.009260108694434166, 0.007517587393522263, 0.004950342699885368, 0.010704846121370792, 0.03285907208919525, 0.01609320379793644, 0.019337331876158714, 0.03630862385034561, 0.02529868297278881, 0.04497208446264267, 0.04986011981964111, 0.03889511153101921, 0.04533163458108902, 0.010266066528856754, 0.02841278724372387, 0.010091036558151245, 0.024869374930858612, 0.021049851551651955, 0.004207294434309006, 0.036461371928453445, 0.02279583364725113, 0.018309876322746277, 0.015540237538516521, 0.026868287473917007, 0.03540603816509247, 0.026566116139292717, 0.0014420063234865665, 0.013878374360501766, 0.018186090514063835, 0.019154975190758705, 0.033016350120306015, 0.044492486864328384, 0.0219098012894392, 0.06751201301813126, 0.006480994168668985, 0.045497674494981766, 0.048790570348501205, 0.012440337799489498, 0.021944910287857056, 0.008472868241369724, 0.002592378528788686, 0.03160784766077995, 0.020143181085586548]"
F36,"[0.006483359728008509, 0.0057259355671703815, 0.006013091187924147, 0.012898759916424751, 0.010498413816094398, 0.0147095313295722, 0.004296496976166964, 0.010218590497970581, 0.0076875342056155205, 0.012404397130012512, 0.009193318895995617, 0.009640725329518318, 0.006255846004933119, 0.005056059919297695, 0.01563403382897377, 0.007667232770472765, 0.0038017393089830875, 0.012150933034718037, 0.0006951593095436692, 0.013011777773499489, 0.0037048934027552605, 0.007061979733407497, 0.0026742899790406227, 0.004117538686841726, 0.007940486073493958, 0.00846546608954668, 0.012630082666873932, 0.0009440175490453839, 0.0013987604761496186, 0.005920017138123512, 0.0020277120638638735, 0.0039368546567857265, 0.017002154141664505, 0.009751234203577042, 0.009810680523514748, 0.0013934180606156588, 0.01202099584043026, 0.008242444135248661, 0.0014514148933812976, 0.00034871092066168785, 0.0037050172686576843, 0.022963039577007294, 0.009894070215523243, 0.019699500873684883, 0.003435035701841116, 0.005561536643654108, 0.002472921507433057, 0.001099508022889495, 0.01857442408800125, 0.005223053507506847, 0.015138898976147175, 0.008932446129620075, 0.00223993300460279, 0.005555302370339632, 0.010124091058969498, 0.008841119706630707, 0.004529157187789679, 0.00509036285802722, 9.431631042389199e-05, 0.0025593095924705267, 0.000626034161541611, 0.010222936980426311, 0.007563663646578789, 0.013772646896541119, 0.009084424935281277, 0.014511728659272194, 0.000998991308733821, 0.014804976992309093, 0.0035216915421187878, 0.011734847910702229, 0.01240846049040556, 0.001592237502336502, 0.007365745957940817, 0.005836013238877058, 0.005290420725941658, 0.0023166979663074017, 0.010116662830114365, 0.006827297620475292, 0.010538673959672451, 0.014006329700350761, 0.01754281297326088, 0.013355093076825142, 0.005402659997344017, 0.009508767165243626, 0.011319702491164207, 0.003486322471871972, 0.003255484625697136, 0.001194925862364471, 0.008636211045086384, 0.01228182390332222, 0.0045195072889328, 0.018832556903362274, 0.004785277880728245, 0.006662133615463972, 0.008305052295327187, 0.0008114424999803305, 0.00645170733332634, 0.013154244981706142, 0.0015460386639460921, 0.003286560997366905, 0.011670369654893875, 0.006376693025231361, 0.01598728634417057, 0.012961533851921558, 0.014682811684906483, 0.00271099666133523, 0.006761779543012381, 0.005919421091675758, 0.004724049475044012, 0.006614388432353735, 0.006710422225296497, 0.003991067409515381, 0.000742101576179266, 0.008808420971035957, 0.0006373687065206468, 0.008648836053907871, 0.012691793031990528, 0.0032386211678385735, 0.009205800481140614, 0.002494395710527897, 0.005819476209580898, 0.005040143150836229, 0.006538577377796173, 0.0007985609117895365, 0.006862586829811335, 0.012175199575722218, 0.004200107418000698, 0.006408469285815954]"
F37,"[0.001443815534003079, 0.00416185986250639, 0.006470297928899527, 0.016224464401602745, 0.01078813523054123, 0.00494043854996562, 0.014859161339700222, 0.006228867452591658, 0.011098835617303848, 0.007995245046913624, 0.017165355384349823, 0.020773762837052345, 0.0006381681887432933, 0.0026244737673550844, 0.00836192723363638, 0.005120962392538786, 0.0046970900148153305, 0.0022588339634239674, 0.005050881765782833, 0.011727494187653065, 0.012232579290866852, 0.006472290493547916, 0.0045706438831985, 0.019925372675061226, 0.008370636031031609, 0.015569668263196945, 0.0022466229274868965, 0.019963761791586876, 0.01356581225991249, 0.004122454207390547, 0.0015865933382883668, 0.0012584704672917724, 0.0016379532171413302, 0.014093869365751743, 0.009684290736913681, 0.00027444789884611964, 0.01287267915904522, 0.011067848652601242, 0.0035107687581330538, 0.010610261932015419, 0.009028330445289612, 0.0118887173011899, 0.00636025657877326, 0.004036376718431711, 0.005648492835462093, 0.010902856476604939, 0.015553276054561138, 0.008463559672236443, 0.0060938880778849125, 0.010186447761952877, 0.005259403958916664, 0.009684935212135315, 0.001592062646523118, 0.006916395388543606, 0.003137018531560898, 0.012286224402487278, 0.0018072453094646335, 0.008354248479008675, 0.011722464114427567, 0.009783831425011158, 0.0028605987317860126, 0.006243022624403238, 0.00551574258133769, 0.003102487651631236, 0.018250498920679092, 0.008652838878333569, 0.02019794099032879, 0.0008098682155832648, 0.006534260232001543, 0.011704820208251476, 0.01961207203567028, 0.014316692017018795, 0.0017223386093974113, 0.004737910348922014, 0.0023068932350724936, 0.0115517508238554, 0.003720638807862997, 0.014153735712170601, 0.021111302077770233, 0.007261728867888451, 0.01671358197927475, 0.020355885848402977, 0.01444205455482006, 0.004188811872154474, 0.002241742331534624, 0.004155696835368872, 0.013859949074685574, 0.014819796197116375, 0.0019781310111284256, 0.016390841454267502, 0.007479439023882151, 0.006566115655004978, 0.00544251361861825, 0.0028203229885548353, 0.009312525391578674, 0.014089860953390598, 0.005963626783341169, 0.002975261304527521, 0.01337351743131876, 0.0038109265733510256, 0.006134367547929287, 0.007603576872497797, 0.00020265892089810222, 0.01761242002248764, 0.009124881587922573, 0.01868649385869503, 0.005340547300875187, 0.008901029825210571, 0.005796111188828945, 0.012196369469165802, 0.007174897473305464, 0.007212826982140541, 0.009850787930190563, 0.0012591284466907382, 0.020358463749289513, 0.01176720205694437, 0.009318678639829159, 0.0017856176709756255, 0.012261897325515747, 0.011822331696748734, 0.0073846387676894665, 0.0039489236660301685, 0.018915584310889244, 0.00973689928650856, 0.009311123751103878, 0.006071106530725956, 0.01348063163459301, 0.01648048684000969]"
F38,"[0.012133212760090828, 0.006435413379222155, 0.001677743741311133, 0.014088170602917671, 0.01646273583173752, 0.00010945693065878004, 0.005530830938369036, 0.01986125111579895, 0.0031396602280437946, 0.0028471199329942465, 0.023771505802869797, 0.009795156307518482, 0.021667355671525, 0.018422657623887062, 0.001727760536596179, 0.018435262143611908, 0.0026423390954732895, 0.007688447833061218, 0.013304020278155804, 0.00251977052539587, 0.008359335362911224, 0.009502047672867775, 0.012593141756951809, 0.005589548964053392, 0.0005963433650322258, 0.022106237709522247, 0.02404792420566082, 0.032613471150398254, 0.012432250194251537, 0.014512434601783752, 0.0005378019995987415, 0.023603972047567368, 0.0025678235106170177, 0.0011497392551973462, 0.005507796537131071, 0.00928870402276516, 0.020058372989296913, 0.007712445221841335, 0.00808839499950409, 0.004440492019057274, 0.002797594526782632, 0.018064135685563087, 0.025357207283377647, 0.0019606938585639, 0.01768958382308483, 0.0021725629922002554, 1.2144211723352782e-05, 0.024551982060074806, 0.006404320243746042, 0.014285966753959656, 0.00539631862193346, 0.009323169477283955, 0.00024405466683674604, 0.019016098231077194, 0.002627263544127345, 0.006255227606743574, 0.0076131573878228664, 0.0021028537303209305, 0.03336702287197113, 0.015281528234481812, 0.004542630165815353, 0.00929180160164833, 0.010026674717664719, 0.025913314893841743, 0.020434396341443062, 0.012051059864461422, 0.009800522588193417, 0.015687866136431694, 0.002386294072493911, 0.02453736402094364, 0.011802018620073795, 0.011970053426921368, 0.0003616510657593608, 0.02163010649383068, 0.005418294575065374, 0.003037320449948311, 0.002354806289076805, 0.011167286895215511, 0.010325164534151554, 0.011831337586045265, 0.0030541361775249243, 0.023590490221977234, 0.02566554956138134, 0.0049711898900568485, 0.006332137621939182, 0.018911732360720634, 0.018141161650419235, 0.004375053104013205, 0.005646153818815947, 0.004757884424179792, 0.005047698970884085, 0.01639092154800892, 0.006389190908521414, 0.013551602140069008, 0.006865837145596743, 0.010894941166043282, 0.006961092818528414, 0.001518556848168373, 0.005021748598664999, 0.0006574666476808488, 0.014246731996536255, 0.0031630974262952805, 0.007671934086829424, 0.0024011670611798763, 0.027919404208660126, 0.0010678755352273583, 0.00023502031399402767, 0.019622642546892166, 0.0048886314034461975, 0.013670476153492928, 0.018423207104206085, 0.014310382306575775, 0.013615280389785767, 0.029677098616957664, 0.012971019372344017, 0.008820680901408195, 0.015828529372811317, 0.01269011665135622, 0.013879859820008278, 7.980184454936534e-05, 0.010231592692434788, 0.005940270144492388, 0.02420872636139393, 0.0018676163163036108, 0.0044588688760995865, 0.002813815139234066, 0.008218156173825264, 0.002170993946492672]"
F39,"[0.01408523228019476, 0.009359890595078468, 0.008146109990775585, 0.010429777204990387, 0.00794630590826273, 0.005229703150689602, 0.014303138479590416, 0.017025835812091827, 0.010166511870920658, 0.02861502580344677, 0.00775256147608161, 0.012962913140654564, 0.006740325130522251, 0.012330448254942894, 0.04440829157829285, 0.02358751744031906, 0.007279850542545319, 0.0019334250828251243, 0.019085504114627838, 0.012876237742602825, 0.014083982445299625, 0.01428547315299511, 0.033623334020376205, 0.0021835239604115486, 0.007324967999011278, 0.0018452624790370464, 0.01901130937039852, 0.007707696408033371, 0.02471485733985901, 0.01102413795888424, 0.03376473858952522, 0.027958253398537636, 0.018081439658999443, 0.007162527181208134, 0.003859960474073887, 0.004242482595145702, 0.010053756646811962, 0.02134525030851364, 0.00754932127892971, 0.0040404461324214935, 0.03320998698472977, 0.023899422958493233, 0.01217634417116642, 0.030878668650984764, 0.017792606726288795, 0.005261493381112814, 0.01905657723546028, 0.02308376505970955, 0.004009184427559376, 0.003012743080034852, 0.01562019344419241, 0.012136644683778286, 0.0034306112211197615, 0.010879830457270145, 0.007476996164768934, 0.0008845871197991073, 0.010434165596961975, 0.002695537405088544, 0.02587202936410904, 0.005204278975725174, 0.01247979886829853, 0.0048155225813388824, 0.025271622464060783, 0.039164550602436066, 0.020259618759155273, 0.01706351526081562, 0.023860111832618713, 0.02076496183872223, 0.0055933063849806786, 0.013250499032437801, 0.020203327760100365, 0.005587603896856308, 0.01629265397787094, 0.018969476222991943, 0.005567795597016811, 0.01870117150247097, 0.0028807458002120256, 0.02390824444591999, 0.0030130199156701565, 0.013158038258552551, 0.010902194306254387, 7.707560143899173e-05, 0.0011194165563210845, 0.0005662532057613134, 0.0003864018071908504, 0.002509156707674265, 0.017352180555462837, 0.011226022616028786, 0.02033497951924801, 0.03346164524555206, 0.020009545609354973, 0.007237536832690239, 0.01150758657604456, 0.01685052551329136, 0.008953841403126717, 0.004361291415989399, 0.00841965526342392, 0.002966670086607337, 0.026170697063207626, 0.005056537222117186, 0.013861753977835178, 0.0029020521324127913, 0.024124952033162117, 0.02792750671505928, 0.015074320137500763, 0.002070643939077854, 0.014423496089875698, 0.015595621429383755, 0.001576587907038629, 0.00996236689388752, 0.008660310879349709, 0.024795088917016983, 0.024640342220664024, 0.011748638935387135, 0.02949686162173748, 0.009809169918298721, 0.028392091393470764, 0.01023847796022892, 0.03268124535679817, 0.007951007224619389, 0.00036097323754802346, 0.00667234044522047, 0.007484300993382931, 0.02118455246090889, 0.028263486921787262, 0.020451612770557404, 0.006904253736138344, 0.00948278233408928]"
F40,"[0.007574521005153656, 0.00915388111025095, 0.024996820837259293, 0.10556062310934067, 0.05031518265604973, 0.028545575216412544, 0.013921195641160011, 0.06185925751924515, 0.05798861384391785, 0.06987318396568298, 0.0029859852511435747, 0.01430646050721407, 0.08061623573303223, 0.07493894547224045, 0.059196922928094864, 0.02336353063583374, 0.08810163289308548, 0.07500192523002625, 0.13759982585906982, 0.009294657036662102, 0.08692241460084915, 0.030874481424689293, 0.062112655490636826, 0.10442778468132019, 0.01349637284874916, 0.015383434481918812, 0.017348220571875572, 0.05636923387646675, 0.00044023405644111335, 0.07102086395025253, 0.08946619927883148, 0.03430316969752312, 0.04226047918200493, 0.04576442018151283, 0.08124814927577972, 0.051876988261938095, 0.06783370673656464, 0.05991728976368904, 0.025542305782437325, 0.118117555975914, 0.10183053463697433, 0.06699348986148834, 0.06852784007787704, 0.09370360523462296, 0.08913489431142807, 0.01635490171611309, 0.016355250030755997, 0.029954662546515465, 0.0964105874300003, 0.11665558815002441, 0.0009523197659291327, 0.08457847684621811, 0.012221368961036205, 0.07546345144510269, 0.01962718367576599, 0.0821947306394577, 0.01578967273235321, 0.03521570563316345, 0.05688895285129547, 0.07514447718858719, 0.021088823676109314, 0.058367177844047546, 0.037923380732536316, 0.07054036110639572, 0.0335153229534626, 0.10425687581300735, 0.006671485025435686, 0.015040180645883083, 0.0676577016711235, 0.02073805406689644, 0.045394547283649445, 0.10261128842830658, 0.043269265443086624, 0.024953998625278473, 0.016134386882185936, 0.006917188409715891, 0.07060300558805466, 0.02782076969742775, 0.049268707633018494, 0.021482566371560097, 0.06326788663864136, 0.1229015439748764, 0.021385421976447105, 0.0068595982156693935, 0.00858402345329523, 0.11053619533777237, 0.10602445155382156, 0.09867087751626968, 0.04795267432928085, 0.026666082441806793, 0.023591041564941406, 0.08242563903331757, 0.014584820717573166, 0.1377478837966919, 0.11646890640258789, 0.07391459494829178, 0.03027825802564621, 0.04841899499297142, 0.03151325508952141, 0.0519137904047966, 0.03343745321035385, 0.07820184528827667, 0.0756940096616745, 0.016714999452233315, 0.03444082662463188, 0.08510003983974457, 0.07361923158168793, 0.03982339799404144, 0.036169957369565964, 0.026834746822714806, 0.07789233326911926, 0.13727274537086487, 0.08834405988454819, 0.026044677942991257, 0.06595129519701004, 0.015134944580495358, 0.022304480895400047, 0.10022006928920746, 0.09727481007575989, 0.010398776270449162, 0.02909950539469719, 0.012984657660126686, 0.07785847783088684, 0.09771359711885452, 0.019353073090314865, 0.04069468006491661, 0.06923018395900726, 0.07890594005584717]"
F41,"[0.15301784873008728, 0.16086961328983307, 0.19028598070144653, 0.18415260314941406, 0.03853175416588783, 0.09205411374568939, 0.11346865445375443, 0.09445126354694366, 0.12459994107484818, 0.10256185382604599, 0.17712688446044922, 0.1421717256307602, 0.007405721116811037, 0.05302748829126358, 0.0379234217107296, 0.04453957825899124, 0.05370546132326126, 0.15808802843093872, 0.027010377496480942, 0.20051054656505585, 0.008165886625647545, 0.24185512959957123, 0.06491785496473312, 0.029453711584210396, 0.0596960112452507, 0.059892889112234116, 0.0465952530503273, 0.051298320293426514, 0.24612641334533691, 0.07013789564371109, 0.13464757800102234, 0.1310364156961441, 0.22639258205890656, 0.2536037564277649, 0.06471513956785202, 0.08032293617725372, 0.10301610827445984, 0.1113254576921463, 0.11866527050733566, 0.029132023453712463, 0.0144259724766016, 0.04749522730708122, 0.050286464393138885, 0.19369938969612122, 0.10351547598838806, 0.09051705151796341, 0.19771622121334076, 0.04933196306228638, 0.12290363758802414, 0.06037403643131256, 0.0794549286365509, 0.03239182382822037, 0.07682947814464569, 0.02737349458038807, 0.0030671292915940285, 0.10340824723243713, 0.21913278102874756, 0.20745308697223663, 0.08428632467985153, 0.2202976644039154, 0.19620676338672638, 0.09650799632072449, 0.03288742154836655, 0.15240663290023804, 0.12135830521583557, 0.0610366053879261, 0.16680987179279327, 0.16692930459976196, 0.12322128564119339, 0.008889290504157543, 0.11538317799568176, 0.18404680490493774, 0.13175681233406067, 0.020025137811899185, 0.12919877469539642, 0.19655998051166534, 0.05642591044306755, 0.11310837417840958, 0.0865369588136673, 0.23716618120670319, 0.09713693708181381, 0.2113332450389862, 0.13634000718593597, 0.15990565717220306, 0.20803306996822357, 0.07061677426099777, 0.17344433069229126, 0.029122890904545784, 0.14298701286315918, 0.06560636311769485, 0.16764315962791443, 0.1271083801984787, 0.06615430116653442, 0.17672520875930786, 0.20928415656089783, 0.12973463535308838, 0.05087451636791229, 0.1380218267440796, 0.13268829882144928, 0.050460126250982285, 0.03572838008403778, 0.1794273853302002, 0.12635232508182526, 0.23495681583881378, 0.12991607189178467, 0.11725690960884094, 0.09500602632761002, 0.07938786596059799, 0.09399623423814774, 0.14341934025287628, 0.025214651599526405, 0.2108355313539505, 0.16159342229366302, 0.14552369713783264, 0.06430913507938385, 0.10322246700525284, 0.12047695368528366, 0.020865317434072495, 0.08294634521007538, 0.007131146267056465, 0.00956753920763731, 0.08568176627159119, 0.15650197863578796, 0.04156126827001572, 0.1997496783733368, 0.09791087359189987, 0.1741451770067215, 0.14075176417827606]"
F42,"[0.01976853422820568, 0.006921328604221344, 0.00302154291421175, 0.10775928199291229, 0.05047464370727539, 0.01801481656730175, 0.040590330958366394, 0.15276256203651428, 0.07031460851430893, 0.1658686101436615, 0.08803810179233551, 0.000920566963031888, 0.05014362558722496, 0.041881024837493896, 0.0462665781378746, 0.08045268803834915, 0.07034724205732346, 0.01798894628882408, 0.05725288763642311, 0.06028968468308449, 0.10394707322120667, 0.09854795783758163, 0.10815563797950745, 0.06354077160358429, 0.004817199893295765, 0.018101833760738373, 0.014697633683681488, 0.13358253240585327, 0.10710025578737259, 0.03486479073762894, 0.08584332466125488, 0.12500692903995514, 0.12028547376394272, 0.04446643218398094, 0.0694119781255722, 0.09205155074596405, 0.05483073741197586, 0.04930109158158302, 0.03251068666577339, 0.04006730392575264, 0.07639024406671524, 0.08639451861381531, 0.010763222351670265, 0.017124777659773827, 0.04613590985536575, 0.060793597251176834, 0.02097395621240139, 0.03588041290640831, 0.02359713427722454, 0.04300754889845848, 0.07648398727178574, 0.08192659914493561, 0.14751698076725006, 0.034409232437610626, 0.04314554110169411, 0.10959970951080322, 0.050157442688941956, 0.0012064893962815404, 0.05178943648934364, 0.04995445907115936, 0.13584907352924347, 0.038618333637714386, 0.059849318116903305, 0.052654750645160675, 0.1597375124692917, 0.08719257265329361, 0.08605664223432541, 0.10184705257415771, 0.08664314448833466, 0.11586771160364151, 0.09678048640489578, 0.13921448588371277, 0.04980293661355972, 0.008102643303573132, 0.022257806733250618, 0.07735731452703476, 0.12967725098133087, 0.0040321447886526585, 0.0986415296792984, 0.19998079538345337, 0.00018616364104673266, 0.11126739531755447, 0.12538012862205505, 0.12805752456188202, 0.002984687453135848, 0.056037820875644684, 0.12314531207084656, 0.04095916450023651, 0.16735750436782837, 0.009663637727499008, 0.05169891566038132, 0.026336878538131714, 0.06475277245044708, 0.061534807085990906, 0.09052896499633789, 0.019549034535884857, 0.07077419757843018, 0.038639239966869354, 0.13455398380756378, 0.010454472154378891, 0.018328992649912834, 0.11199458688497543, 0.08872528374195099, 0.046129483729600906, 0.04523671418428421, 0.01900033839046955, 0.02561601810157299, 0.0826573595404625, 0.07465171813964844, 0.04555828124284744, 0.040952593088150024, 0.1049901694059372, 0.09546945989131927, 0.11239532381296158, 0.033519063144922256, 0.04302939400076866, 0.04608771577477455, 0.06390581279993057, 0.02967447228729725, 0.08830201625823975, 0.02455044351518154, 0.06987577676773071, 0.0279717817902565, 0.04245062172412872, 0.03480993211269379, 0.13949047029018402, 0.013402602635324001, 0.1532423496246338]"
F43,"[0.05021893233060837, 0.06460181623697281, 0.029462113976478577, 0.0018237674375995994, 0.021123692393302917, 0.016259782016277313, 0.0566018670797348, 0.08731256425380707, 0.011899366974830627, 0.04455257207155228, 0.004652954638004303, 0.05555136874318123, 0.057255178689956665, 0.03145192191004753, 0.002394706942141056, 0.016828086227178574, 0.023767739534378052, 0.025330258533358574, 0.03992241993546486, 0.03289945796132088, 0.059508904814720154, 0.003958116285502911, 0.030838297680020332, 0.0431370809674263, 0.043416883796453476, 0.03716079890727997, 0.010250153951346874, 0.023510219529271126, 0.05813096836209297, 0.017807459458708763, 0.02846791222691536, 0.0006815012893639505, 0.03702891990542412, 0.07963278144598007, 0.05086921900510788, 0.009789636358618736, 0.0044755833223462105, 0.0009141638875007629, 0.0683564692735672, 0.037080857902765274, 0.04655642434954643, 0.03547584265470505, 0.07362251728773117, 0.038989920169115067, 0.0824289470911026, 0.028475742787122726, 0.05720731243491173, 0.003908341750502586, 0.018007371574640274, 0.0038455587346106768, 0.07035356014966965, 0.03801767900586128, 0.053291529417037964, 0.061375848948955536, 0.026605600491166115, 0.03417166694998741, 0.03460047394037247, 0.05075165256857872, 0.06859508156776428, 0.06659061461687088, 0.03869419917464256, 0.0049162814393639565, 0.03923490270972252, 0.017200296744704247, 0.020936135202646255, 0.06521642953157425, 0.03236657381057739, 0.038374170660972595, 0.008989105932414532, 0.02357681468129158, 0.0179034061729908, 0.03756813704967499, 0.0014762334758415818, 0.019759269431233406, 0.04829380661249161, 0.03270682319998741, 0.008689367212355137, 0.017118148505687714, 0.018740631639957428, 0.00667749485000968, 0.06988458335399628, 0.010727370157837868, 0.03270643204450607, 0.04308914765715599, 0.032398808747529984, 0.02557229809463024, 0.033476728945970535, 0.013193449005484581, 0.058470916002988815, 0.026080304756760597, 0.0325385257601738, 0.053994473069906235, 0.01438081730157137, 0.00591490650549531, 0.03275223448872566, 0.0011916006915271282, 0.031662438064813614, 0.04154267907142639, 0.008056685328483582, 0.0896933376789093, 0.055165477097034454, 0.06259999424219131, 0.008931264281272888, 0.01813238486647606, 0.03997630625963211, 0.03399345278739929, 0.015146481804549694, 0.03503900393843651, 0.024243859574198723, 0.030896620824933052, 0.0038561327382922173, 0.03638257458806038, 0.056328002363443375, 0.002708270912989974, 0.04306665435433388, 0.022143816575407982, 0.02350684627890587, 0.025878217071294785, 0.0015721421223133802, 0.02852383442223072, 0.006653389893472195, 0.02225392311811447, 0.039299026131629944, 0.06489867717027664, 0.00024257550830952823, 0.04593417048454285, 0.013379882089793682, 0.04307530075311661]"
F44,"[0.023131584748625755, 0.009617500938475132, 0.009352489374577999, 0.030220888555049896, 0.02829802595078945, 0.03906576335430145, 0.008066185750067234, 0.015569475479424, 0.019405286759138107, 0.01873183250427246, 0.0011963159777224064, 0.014942402020096779, 0.005479853600263596, 0.00020414123719092458, 0.030407745391130447, 0.03610186278820038, 0.002773150335997343, 0.021538978442549706, 0.009024119935929775, 0.0038084108382463455, 0.0005138638662174344, 0.001049390179105103, 0.016232488676905632, 0.036392390727996826, 0.027472931891679764, 0.0048363106325268745, 0.016773540526628494, 0.013665186241269112, 0.015244935639202595, 0.02676934190094471, 0.05028501898050308, 0.006423068232834339, 0.004688182380050421, 0.007430423516780138, 0.0205185879021883, 0.004648961126804352, 0.005770331714302301, 0.015758676454424858, 0.029127800837159157, 0.04315700754523277, 0.012435167096555233, 0.0054724146611988544, 0.019976524636149406, 0.006508416961878538, 0.0077690863981842995, 0.01372821070253849, 0.0206427201628685, 0.008815321139991283, 0.015839120373129845, 0.013925811275839806, 0.00256434828042984, 0.003506243694573641, 0.019299723207950592, 0.01200659479945898, 0.024309203028678894, 0.017902828752994537, 0.0077117434702813625, 0.03099752403795719, 0.02716902457177639, 0.0031880782917141914, 0.020244058221578598, 0.026092514395713806, 0.005409237463027239, 0.018088972195982933, 0.010547314770519733, 0.02168218232691288, 0.01490458007901907, 0.008088285103440285, 0.03745690733194351, 0.0036058975383639336, 0.01211544219404459, 0.03854133188724518, 0.02858869731426239, 0.008845323696732521, 0.008979061618447304, 0.005479044746607542, 0.005313015077263117, 0.01582854986190796, 0.009281616657972336, 0.0050975605845451355, 0.036564409732818604, 0.03311585634946823, 0.0024137068539857864, 0.01275024376809597, 0.02288447692990303, 0.0021329191513359547, 0.014205355197191238, 0.03485371544957161, 0.004833943676203489, 0.028273720294237137, 0.024385826662182808, 0.009789949283003807, 0.0007785781053826213, 0.025982344523072243, 0.02425784058868885, 0.0035067088901996613, 0.007209247909486294, 0.0016511138528585434, 0.030744053423404694, 0.011326477862894535, 0.005758235696703196, 0.019430236890912056, 0.016097692772746086, 0.009317860938608646, 0.019584253430366516, 0.003054128959774971, 0.022251933813095093, 0.003348858095705509, 0.025652015581727028, 0.012853715568780899, 0.022489864379167557, 0.026109591126441956, 0.010535765439271927, 0.022500259801745415, 0.025992531329393387, 0.05213388800621033, 0.027221055701375008, 0.016250375658273697, 0.018679123371839523, 0.01438751071691513, 0.027447672560811043, 0.00681969104334712, 0.008788474835455418, 0.036299437284469604, 0.0012536370195448399, 0.008899816311895847, 0.02270429953932762, 0.0036341699305921793]"
F45,"[0.06788251549005508, 0.014273942448198795, 0.01343793049454689, 0.08707596361637115, 0.009733481332659721, 0.1330336630344391, 0.04490594565868378, 0.08933699131011963, 0.07675065845251083, 0.06414137780666351, 0.05976993963122368, 0.10272961854934692, 0.09045720845460892, 0.13866670429706573, 0.011563851498067379, 0.01919369027018547, 0.04438633471727371, 0.06499786674976349, 0.06635896116495132, 0.1424640566110611, 0.12384921312332153, 0.10790736228227615, 0.020839208737015724, 0.04794006422162056, 0.02599087543785572, 0.00023996084928512573, 0.03600358963012695, 0.07248388975858688, 0.010306964628398418, 0.043660856783390045, 0.02176715061068535, 0.15677569806575775, 0.06245741248130798, 0.024028588086366653, 0.164923757314682, 0.0007925585377961397, 0.0461343489587307, 0.052259936928749084, 0.10948433727025986, 0.04573492333292961, 0.01763315126299858, 0.003698576008901, 0.0855431780219078, 0.07073058933019638, 0.05026672035455704, 0.029385976493358612, 0.017045987769961357, 0.10177327692508698, 0.0056557124480605125, 0.15400351583957672, 0.11240000277757645, 0.06910593062639236, 0.006523943040519953, 0.06554681062698364, 0.06799501180648804, 0.030267637223005295, 0.04823381453752518, 0.05745231360197067, 0.11778246611356735, 0.0028235537465661764, 0.01938037946820259, 0.07480619102716446, 0.06230767071247101, 0.07731494307518005, 0.08193161338567734, 0.04031198471784592, 0.03423849493265152, 0.1021508276462555, 0.09193866699934006, 0.15607741475105286, 0.02110745571553707, 0.06748878210783005, 0.09010597318410873, 0.06593342125415802, 0.016122806817293167, 0.01000647060573101, 0.030770933255553246, 0.05403915420174599, 0.043885212391614914, 0.07067911326885223, 0.07226633280515671, 0.036158084869384766, 0.02229529432952404, 0.09989309310913086, 0.07103782892227173, 0.03234602138400078, 0.035867270082235336, 0.04577014222741127, 0.11539746820926666, 0.1041979119181633, 0.055664513260126114, 0.12011127918958664, 0.048941854387521744, 0.08691220730543137, 0.017166156321763992, 0.050693657249212265, 0.011176927015185356, 0.018112583085894585, 0.09861721843481064, 0.03742070496082306, 0.13328775763511658, 0.004066818859428167, 0.19070446491241455, 0.02539929375052452, 0.08091343194246292, 0.07763522863388062, 0.03337765485048294, 0.032212626188993454, 0.0916932076215744, 0.1115320473909378, 0.046411942690610886, 0.01469174213707447, 0.06774456053972244, 0.00704240845516324, 0.04985826462507248, 0.04900462552905083, 0.028806500136852264, 0.022456342354416847, 0.043513376265764236, 0.06686566770076752, 0.008799076080322266, 0.08056288957595825, 0.0212862566113472, 0.11323332041501999, 0.07954585552215576, 0.05844464153051376, 0.12220677733421326, 0.10728294402360916]"
F46,"[0.005728283431380987, 0.004390771500766277, 0.009524515829980373, 0.0018201725324615836, 0.010457951575517654, 0.0035907214041799307, 0.009997827932238579, 0.0025675413198769093, 0.001288000144995749, 0.010031674057245255, 0.006582887843251228, 0.006155748851597309, 0.01918167434632778, 0.02087913081049919, 0.0165695920586586, 0.01652473211288452, 0.005633428227156401, 0.01845812238752842, 0.01004705298691988, 0.009764970280230045, 0.008306069299578667, 0.006818052846938372, 0.0128227099776268, 0.009061390534043312, 0.0012921490706503391, 0.0036932281218469143, 0.02015753649175167, 0.007231269497424364, 0.01479070633649826, 0.008434854447841644, 0.006559633184224367, 0.0070556034334003925, 0.00025489507243037224, 0.005028190556913614, 0.014558095484972, 0.005146990995854139, 0.001969157252460718, 0.01289466954767704, 0.005520497914403677, 0.00638960674405098, 0.014139075763523579, 0.016434522345662117, 0.004485944751650095, 0.007099739275872707, 0.0010837609879672527, 0.010722531005740166, 0.007120337337255478, 0.004123982973396778, 0.01263382937759161, 0.003001109231263399, 0.007271809037774801, 0.012190102599561214, 0.005096120294183493, 0.0004209598118904978, 0.005385219119489193, 0.0085563650354743, 0.014059903100132942, 0.01591658592224121, 0.016091078519821167, 0.006034773774445057, 0.00893064308911562, 0.0017766380915418267, 0.0030769158620387316, 0.01677715964615345, 0.007101274095475674, 0.001600491814315319, 0.004934132099151611, 0.0048934901133179665, 0.0074296812526881695, 0.0006135217263363302, 0.014575891196727753, 0.0016147742280736566, 0.006377974525094032, 0.008659436367452145, 0.0007723788148723543, 0.00871522817760706, 0.00256958045065403, 0.004905062261968851, 0.01351009402424097, 0.001104317489080131, 0.011926516890525818, 0.002229592762887478, 0.010334945283830166, 0.0011798141058534384, 0.0031403100583702326, 0.0016722272848710418, 0.012107069604098797, 0.0006652286974713206, 0.00018093186372425407, 0.003836157498881221, 0.016077380627393723, 0.023803703486919403, 0.00645355973392725, 0.010650385171175003, 0.006003678310662508, 0.005765081383287907, 0.00010750168439699337, 0.0052630105055868626, 0.0017777214525267482, 0.009604807011783123, 0.0031275383662432432, 0.019207606092095375, 0.008279088884592056, 0.004530107602477074, 0.006403304636478424, 0.009909928776323795, 0.0026666526682674885, 0.0016567489365115762, 0.012219974771142006, 0.02174687385559082, 0.008336911909282207, 0.01801707036793232, 0.006332556717097759, 0.0024897539988160133, 0.010194433853030205, 0.00509652029722929, 0.016285758465528488, 0.0027259665075689554, 0.0034267627634108067, 0.011949022300541401, 0.007548662833869457, 0.01792670413851738, 0.001261318800970912, 0.016719825565814972, 0.0007210902986116707, 0.015972161665558815, 0.005545590538531542, 0.01136096753180027]"
F47,"[0.020421942695975304, 0.027343815192580223, 0.0411798395216465, 0.001763589447364211, 0.02553262934088707, 0.046958185732364655, 0.02881052903831005, 0.028121843934059143, 0.0025648542214185, 0.008075973019003868, 0.048744477331638336, 0.0538412481546402, 0.041624877601861954, 0.006889142096042633, 0.016377639025449753, 0.0003485355991870165, 0.02353590540587902, 0.0013577138306573033, 0.008459842763841152, 0.005053616128861904, 0.001033223350532353, 0.01589292287826538, 0.017625384032726288, 0.013217485509812832, 0.06574102491140366, 0.009634367190301418, 0.01818956434726715, 0.013730916194617748, 0.05440166965126991, 0.0084843123331666, 0.03600043058395386, 0.003917880821973085, 0.04458199068903923, 0.03201211616396904, 0.03293732926249504, 0.041319187730550766, 0.048714570701122284, 0.040598250925540924, 0.053187932819128036, 0.014072411693632603, 0.03372052684426308, 0.007776054088026285, 0.03244122117757797, 0.01943250373005867, 0.04559048265218735, 0.014233466237783432, 0.006681792438030243, 0.02986515685915947, 0.04885770380496979, 0.03802094608545303, 0.043833885341882706, 0.005854074377566576, 0.0008242227486334741, 0.02248738706111908, 0.026230866089463234, 0.035846125334501266, 0.045268040150403976, 0.02934114821255207, 0.008683845400810242, 0.024995801970362663, 0.05093390494585037, 0.01372396107763052, 0.02467389777302742, 0.02754834108054638, 0.014165585860610008, 0.007153458893299103, 0.013457820750772953, 0.0071326144970953465, 0.03669939935207367, 0.009363757446408272, 0.011955424211919308, 0.015744423493742943, 0.024961698800325394, 0.00957532599568367, 0.032130107283592224, 0.011373927816748619, 0.007629068568348885, 0.020015766844153404, 0.0444783978164196, 0.028192667290568352, 0.0008388492278754711, 0.03617556765675545, 0.01126131508499384, 0.01400548592209816, 0.03766841068863869, 0.05127708241343498, 0.011981052346527576, 0.0521310530602932, 0.0467245914041996, 0.02050548419356346, 0.01015895139425993, 0.0011849385919049382, 0.04606999084353447, 0.027405019849538803, 0.022837340831756592, 0.04123656824231148, 0.025685707107186317, 0.006808435078710318, 0.04591810330748558, 0.025355922058224678, 0.02299540489912033, 0.06584173440933228, 0.03588773310184479, 0.03252284228801727, 0.02864355407655239, 0.030061982572078705, 0.019283341243863106, 0.06255797296762466, 0.04749919846653938, 0.02432083711028099, 0.009582709521055222, 0.014316190034151077, 0.017460454255342484, 0.020559344440698624, 0.017132636159658432, 0.008699866943061352, 0.03748379275202751, 0.003887949977070093, 0.029912451282143593, 0.003662245813757181, 0.02180434949696064, 0.04521793872117996, 0.02959737367928028, 0.01970728114247322, 0.029395692050457, 0.04798102006316185, 0.01052276510745287, 0.043682899326086044]"
F48,"[0.005656183697283268, 0.0007743131718598306, 0.008541416376829147, 0.018397660925984383, 0.007223255466669798, 0.003988008946180344, 0.003338703652843833, 0.000382634112611413, 0.017395008355379105, 0.011705475859344006, 0.01893053762614727, 0.019665107131004333, 0.0020905404817312956, 0.011640522629022598, 0.008252391591668129, 0.0007323577883653343, 0.003008048515766859, 0.009858952835202217, 0.0020358895417302847, 0.009475287981331348, 0.00311435479670763, 0.01774449087679386, 0.0146299684420228, 0.007804011460393667, 0.006995907984673977, 0.009099974296987057, 0.0038419407792389393, 0.012775827199220657, 0.01987660862505436, 0.008161471225321293, 0.0030243496876209974, 0.018413033336400986, 0.01094254944473505, 0.0024845958687365055, 0.0012955834390595555, 0.004455062095075846, 0.009614288806915283, 0.002355617471039295, 0.007737102918326855, 0.003645678050816059, 0.00457503879442811, 0.007524803746491671, 0.0003885496698785573, 0.01654740422964096, 0.004312357399612665, 0.008296503685414791, 0.0019920410122722387, 0.007815574295818806, 0.004344265908002853, 0.004222197458148003, 0.0010359939187765121, 0.01768711768090725, 0.006811333354562521, 0.01570715755224228, 0.0025647280272096395, 0.002724621444940567, 0.019721854478120804, 0.00015750473539810628, 0.009190996177494526, 0.0040363408625125885, 0.01687224954366684, 0.007827676832675934, 0.010572073981165886, 0.014773919247090816, 0.0011077971430495381, 0.009308958426117897, 0.006006438285112381, 0.0037319366820156574, 0.012317968532443047, 0.009641709737479687, 0.015423793345689774, 0.0016991447191685438, 0.01120509672909975, 0.0019433379638940096, 0.00035097889485768974, 0.002204287564381957, 0.016345525160431862, 0.0016263248398900032, 0.007514629513025284, 0.001406053313985467, 0.007180735003203154, 0.008302408270537853, 0.004360058810561895, 0.0006076038116589189, 0.0020769608672708273, 0.001306716469116509, 0.0037097211461514235, 0.002702958881855011, 0.013093270361423492, 0.00431149872019887, 0.0021939652506262064, 0.013998076319694519, 0.004218381363898516, 0.009945159777998924, 0.016652725636959076, 0.006493427790701389, 0.0006171491695567966, 0.0055198767222464085, 0.0009786325972527266, 0.0057690078392624855, 0.005533380899578333, 0.0071721794083714485, 0.009318565018475056, 0.0012037904234603047, 0.0024133857805281878, 0.002916259691119194, 0.007087650243192911, 0.01001663040369749, 0.004323811270296574, 0.010860479436814785, 0.006678655277937651, 0.0033692445140331984, 0.0005395904299803078, 0.006745740305632353, 0.01163168903440237, 0.001263950951397419, 0.01087508536875248, 0.004311529919505119, 0.0008611030061729252, 0.003324854653328657, 0.016746077686548233, 0.015059251338243484, 0.0036283968947827816, 0.008287744596600533, 0.009798932820558548, 0.018877480179071426, 0.009557990357279778, 0.014812043868005276]"
F49,"[0.00623658113181591, 0.02411593683063984, 0.006010657176375389, 0.030353505164384842, 0.028757017105817795, 0.026520635932683945, 0.011590150184929371, 0.01048368401825428, 0.028278913348913193, 0.02106945961713791, 0.003419022774323821, 0.0043893479742109776, 0.0430254191160202, 0.021582331508398056, 0.02019847370684147, 0.016967356204986572, 0.01888810656964779, 0.027085348963737488, 0.030596254393458366, 0.006475281435996294, 0.0006650942377746105, 0.0316968709230423, 0.023154444992542267, 0.049505073577165604, 0.04666534438729286, 0.011444206349551678, 0.025479240342974663, 0.031353965401649475, 0.001917873159982264, 0.02443564496934414, 0.028086531907320023, 0.004926407244056463, 0.005955967120826244, 0.0028357841074466705, 0.014339894987642765, 0.0007211007759906352, 0.02118091657757759, 0.013758404180407524, 0.0049145095981657505, 0.05664191395044327, 0.0033784988336265087, 0.007763124071061611, 0.0285474956035614, 0.003780640894547105, 0.01704312115907669, 0.019782578572630882, 0.03936878591775894, 0.008053645491600037, 0.019386352971196175, 0.01650271750986576, 0.0009371767519041896, 0.007928943261504173, 0.027285214513540268, 0.02504538744688034, 0.0039396691136062145, 0.00729958014562726, 0.01929149404168129, 0.010318275541067123, 0.04062766581773758, 0.008173707872629166, 0.029690539464354515, 0.001081933150999248, 0.017027197405695915, 0.04137106612324715, 0.013611945323646069, 0.03370866924524307, 0.010721675120294094, 0.016424184665083885, 0.01719171553850174, 0.003573488211259246, 0.02046463079750538, 0.003322712378576398, 0.002854412654414773, 0.026863818988204002, 0.00419095391407609, 0.03261379525065422, 0.0003447381313890219, 0.006704577244818211, 0.02973584271967411, 0.026362653821706772, 0.043953485786914825, 0.02572733908891678, 0.026784207671880722, 0.019063837826251984, 0.0074111083522439, 0.010500188916921616, 0.021547624841332436, 0.03524445742368698, 0.003818310098722577, 0.03896867856383324, 0.0009679161594249308, 0.038703858852386475, 0.027720749378204346, 0.008057424798607826, 0.010153328068554401, 0.022523440420627594, 0.01409770455211401, 0.012528517283499241, 0.004135699011385441, 0.010329188778996468, 0.043050333857536316, 0.006910017691552639, 0.006892046891152859, 0.012700612656772137, 0.01120773609727621, 0.006463204976171255, 0.0008549838676117361, 0.016414575278759003, 0.009126430377364159, 0.04043964669108391, 0.03773210570216179, 0.013498884625732899, 0.0018890827195718884, 0.026302630081772804, 0.02967975288629532, 0.01846986636519432, 0.020848805084824562, 0.006086844485253096, 0.017101358622312546, 0.019538182765245438, 0.019819360226392746, 0.01444088015705347, 0.014497666619718075, 0.012915736995637417, 0.024691160768270493, 0.00444901455193758, 0.008470701053738594, 0.0006644997629337013]"
F50,"[0.021208958700299263, 0.000584345543757081, 0.013994843699038029, 0.02164333127439022, 0.0050992718897759914, 0.024785201996564865, 0.008677661418914795, 0.00027831955230794847, 0.014747762121260166, 0.0030010733753442764, 0.0010858894092962146, 0.020061679184436798, 0.017488976940512657, 0.004355877637863159, 0.0015907416818663478, 0.005516530480235815, 0.01653606817126274, 0.011055277660489082, 0.014644347131252289, 0.01186983659863472, 0.014719391241669655, 0.02241009660065174, 0.013849880546331406, 0.016616303473711014, 0.013613110408186913, 0.009684240445494652, 0.006427948363125324, 0.00666732806712389, 0.0016724613960832357, 0.022252142429351807, 0.035079021006822586, 0.014448581263422966, 0.00010160342208109796, 0.025705480948090553, 0.03112020716071129, 0.016765641048550606, 0.019668858498334885, 0.01157431397587061, 0.02648296020925045, 0.0006986755761317909, 0.010836699977517128, 0.021614624187350273, 0.019005106762051582, 0.0018906156765297055, 0.012138184159994125, 0.01451282761991024, 0.0055355713702738285, 0.024550698697566986, 0.013721716590225697, 0.002097970573231578, 0.0125080281868577, 0.015685394406318665, 0.0001234874507645145, 0.013898317702114582, 0.012190672568976879, 0.0023380008060485125, 0.01631510630249977, 0.011945834383368492, 0.012301651760935783, 0.0072449734434485435, 0.0400274395942688, 0.020398970693349838, 0.012576128356158733, 0.010831055231392384, 0.011415613815188408, 0.004222646355628967, 0.030770178884267807, 0.026023846119642258, 0.004526390228420496, 0.012579950504004955, 0.007365531288087368, 0.006324823014438152, 0.012590749189257622, 0.00790781807154417, 0.007659281138330698, 0.00792637001723051, 0.0003362151328474283, 0.004057928454130888, 0.015897423028945923, 0.001577771850861609, 0.024877533316612244, 0.004445950500667095, 0.01973648928105831, 0.018084391951560974, 0.030330108478665352, 0.022020643576979637, 0.02843775600194931, 0.0008311234996654093, 0.0024411603808403015, 0.00979254487901926, 0.022268056869506836, 0.007710278034210205, 0.007378403563052416, 0.014750390313565731, 0.008573509752750397, 0.007804706692695618, 0.000994441332295537, 0.003077749628573656, 0.005997720640152693, 0.001883800607174635, 0.011657034046947956, 0.0013902831124141812, 0.03624109923839569, 0.0003882459714077413, 0.006537982728332281, 0.010626540519297123, 0.00022553784947376698, 0.007277402561157942, 0.005950405728071928, 0.012132517993450165, 0.009862612001597881, 0.011612039059400558, 0.00123704900033772, 0.005132474470883608, 0.006653761491179466, 0.005252479575574398, 0.02498967945575714, 0.002230811631307006, 0.0187494158744812, 0.009620969183743, 0.022108472883701324, 0.00712705310434103, 0.013700832612812519, 0.003491088515147567, 0.019951695576310158, 0.024961618706583977, 0.0009924275800585747, 0.02158304676413536]"
F51,"[0.004577358718961477, 0.016639312729239464, 0.016150586307048798, 0.016957206651568413, 0.006525503937155008, 0.016222797334194183, 0.008053653873503208, 0.0063267904333770275, 0.0017401081277057528, 0.005557086318731308, 0.0024359936360269785, 0.006349943578243256, 0.014693199656903744, 0.00011900610115844756, 0.013254529796540737, 0.015432251617312431, 0.004387541674077511, 0.009125813841819763, 0.008739136159420013, 0.008531180210411549, 0.014366518706083298, 0.003862569108605385, 0.008539575152099133, 0.010395855642855167, 0.013343513011932373, 0.0037550213746726513, 0.003556170966476202, 0.0018805196741595864, 0.007900972850620747, 0.0005514441290870309, 0.010526802390813828, 0.011053552851080894, 0.015574418939650059, 0.0017551149940118194, 0.009585847146809101, 0.011890462599694729, 0.012139176949858665, 0.0025267123710364103, 0.004401181824505329, 0.007187735754996538, 0.014506981708109379, 0.006922593340277672, 0.01768312230706215, 0.006134101655334234, 0.012062771245837212, 0.008735224604606628, 0.015883751213550568, 0.007116587366908789, 0.01239351462572813, 0.01121750008314848, 0.012338337488472462, 0.0024964280892163515, 0.012721182778477669, 0.009285969659686089, 0.014500439167022705, 0.011425845324993134, 0.013865114189684391, 0.0045925527811050415, 0.012386895716190338, 0.0021152852568775415, 0.016433805227279663, 0.0128396637737751, 0.008259394206106663, 0.004179717972874641, 0.004650750197470188, 0.0013612520415335894, 0.007431101985275745, 0.001950896461494267, 0.0021596280857920647, 0.015984773635864258, 0.008602462708950043, 0.015773596242070198, 0.015719842165708542, 0.010165736079216003, 0.00022075029846746475, 0.006689360365271568, 0.010451585054397583, 0.004588644951581955, 0.005248489789664745, 0.0006432852824218571, 0.0008489461033605039, 0.006681301165372133, 0.009362200275063515, 0.01444060355424881, 0.01410895399749279, 0.0032795174047350883, 0.006654059514403343, 0.001548191998153925, 0.014722581952810287, 0.01025521568953991, 0.00908665545284748, 0.005411206744611263, 0.0010249284096062183, 0.00823555514216423, 0.00782959908246994, 0.010011514648795128, 0.010880507528781891, 0.013546949252486229, 0.010311638936400414, 0.015281016007065773, 0.008980092592537403, 0.015004841610789299, 0.009932901710271835, 0.0012605960946530104, 0.010179951786994934, 0.012569201178848743, 0.011205107904970646, 0.015327089466154575, 0.0026491780299693346, 0.015369920991361141, 0.0014889442827552557, 0.014010410755872726, 0.008872888050973415, 0.0006521842442452908, 0.002368589397519827, 0.017396198585629463, 0.0059514339081943035, 0.0013472175924107432, 0.008824397809803486, 0.004924944136291742, 0.0014155893586575985, 0.008790525607764721, 0.012250453233718872, 0.0022635753266513348, 0.007885384373366833, 0.005039576441049576, 0.010352273471653461, 0.00345718115568161]"
F52,"[0.08015135675668716, 0.0055906265042722225, 0.023433050140738487, 0.09348715841770172, 0.024925820529460907, 0.04736359417438507, 0.06563007831573486, 0.02493518963456154, 0.0983664020895958, 0.05860768258571625, 0.05594756081700325, 0.06214427202939987, 0.03804263472557068, 0.015668880194425583, 0.08649878948926926, 0.09773607552051544, 0.046448271721601486, 0.016878854483366013, 0.05811375752091408, 0.05930352956056595, 0.041359223425388336, 0.015227548778057098, 0.045943282544612885, 0.07058767229318619, 0.014964690431952477, 0.045600783079862595, 0.09433862566947937, 0.06486714631319046, 0.07631143182516098, 0.05969405919313431, 0.03145517408847809, 0.08604510128498077, 0.054498713463544846, 0.15258315205574036, 0.02779954858124256, 0.0410659983754158, 0.039973754435777664, 0.12265386432409286, 0.09859638661146164, 0.0828452780842781, 0.004423439968377352, 0.04914742708206177, 0.014533204026520252, 0.004321234300732613, 0.038379766047000885, 0.021269096061587334, 0.061790306121110916, 0.024081125855445862, 0.03006518818438053, 0.00970503780990839, 0.014365602284669876, 0.04019118472933769, 0.09980270266532898, 0.03497418016195297, 0.036581866443157196, 0.0695457011461258, 0.03458327427506447, 0.06847267597913742, 0.049126241356134415, 0.10428707301616669, 0.09427390247583389, 0.0083035659044981, 0.03069821372628212, 0.01834939420223236, 0.08767824620008469, 0.023549215868115425, 0.0841098204255104, 0.0022838376462459564, 0.01356582622975111, 0.0682138130068779, 0.033454444259405136, 0.03529627248644829, 0.05705005303025246, 0.009729554876685143, 0.03967435285449028, 0.10883218795061111, 0.0694282129406929, 0.08043132722377777, 0.09821342676877975, 0.0223914235830307, 0.03637281805276871, 0.11404245346784592, 0.06696050614118576, 0.014945661649107933, 0.07110153138637543, 0.011022983118891716, 0.0791063979268074, 0.021147649735212326, 0.023336488753557205, 0.1327916532754898, 0.021816560998558998, 0.0019981267396360636, 0.08944796025753021, 0.10131052881479263, 0.0720893070101738, 0.03717806935310364, 0.027499433606863022, 8.163481834344566e-05, 0.11214785277843475, 0.09413940459489822, 0.057959046214818954, 0.07792127877473831, 0.054030243307352066, 0.005090328864753246, 0.06302542239427567, 0.044673025608062744, 0.11966749280691147, 0.07758330553770065, 0.08637596666812897, 0.00555430818349123, 0.05671535059809685, 0.013594401068985462, 0.05001962557435036, 0.09955282509326935, 0.10143960267305374, 0.08951981365680695, 0.09488540142774582, 0.02774479053914547, 0.002269487362354994, 0.017929425463080406, 0.021416157484054565, 0.09631576389074326, 0.0007216251688078046, 0.08817760646343231, 0.09469640254974365, 0.07738390564918518, 0.018318239599466324, 0.0448673777282238]"
F53,"[0.09192901104688644, 0.09926128387451172, 0.02073526754975319, 0.009162920527160168, 0.09093313664197922, 0.06769245862960815, 0.10564933717250824, 0.02698442153632641, 0.021946744993329048, 0.05730590969324112, 0.08149576932191849, 0.006403434555977583, 0.06719444692134857, 0.05674431100487709, 0.04130735248327255, 0.10867749899625778, 0.019039282575249672, 0.0005425556446425617, 0.04481390491127968, 0.0017987112514674664, 0.0009259164216928184, 0.14984874427318573, 0.09246616810560226, 0.09476608783006668, 0.03706008195877075, 0.04380005970597267, 0.016016796231269836, 0.0386292040348053, 0.05949502810835838, 0.06033407896757126, 0.022376075387001038, 0.05958159640431404, 0.03454044833779335, 0.026712289080023766, 0.1596275120973587, 0.09945504367351532, 0.054329220205545425, 0.008965958841145039, 0.09211470931768417, 0.010579178109765053, 0.01922842673957348, 0.09962238371372223, 0.11502863466739655, 0.08201228082180023, 0.08214972168207169, 0.09741656482219696, 0.07337591797113419, 0.04846622422337532, 0.01608319580554962, 0.06558723747730255, 0.1222417876124382, 0.035762447863817215, 0.05575044825673103, 0.06638430058956146, 0.002250003395602107, 0.08323634415864944, 0.047354135662317276, 0.0417940653860569, 0.04965586215257645, 0.0587274432182312, 0.09268385916948318, 0.08113826811313629, 0.11446914821863174, 0.1048848107457161, 0.029267488047480583, 0.04330625385046005, 0.029796410351991653, 0.04710032418370247, 0.16091622412204742, 0.026628097519278526, 0.11376865208148956, 0.038298070430755615, 0.008350569754838943, 0.0295861829072237, 0.17729757726192474, 0.010168294422328472, 0.15948057174682617, 0.055269692093133926, 0.07834987342357635, 0.019594863057136536, 0.006904907524585724, 0.10053234547376633, 0.006195140071213245, 0.009248518384993076, 0.16259945929050446, 0.06465179473161697, 0.059749629348516464, 0.027421804144978523, 0.09944137185811996, 0.02315964363515377, 0.03045731596648693, 0.08877050131559372, 0.04297672584652901, 0.13570456206798553, 0.10629675537347794, 0.08606477826833725, 0.018978051841259003, 0.019089559093117714, 0.053633853793144226, 0.038593437522649765, 0.0870489701628685, 0.056778304278850555, 0.019445322453975677, 0.033038102090358734, 0.03213070333003998, 0.028489520773291588, 0.00022567455016542226, 0.01517283171415329, 0.06690036505460739, 0.06915351003408432, 0.07527128607034683, 0.027964385226368904, 0.07647252827882767, 0.05780364200472832, 0.04508064314723015, 0.057108473032712936, 0.0592547170817852, 0.11166451871395111, 0.13757340610027313, 0.061169955879449844, 0.03698531538248062, 0.08383970707654953, 0.00828219298273325, 0.06767141819000244, 0.08900142461061478, 0.08280321955680847, 0.0883285328745842, 0.06297096610069275]"
F54,"[0.0035007300321012735, 0.06105208024382591, 0.04005346819758415, 0.040066756308078766, 0.02271154150366783, 0.03874377906322479, 0.005840439349412918, 0.11273717135190964, 0.07983285933732986, 0.04297298938035965, 0.09383439272642136, 0.05460242182016373, 0.05050687491893768, 0.05233669653534889, 0.03380062058568001, 0.033250078558921814, 0.0595373772084713, 0.06239175796508789, 0.04350738972425461, 0.039078861474990845, 0.057745784521102905, 0.06861302256584167, 0.08210612088441849, 0.12978920340538025, 0.12744879722595215, 0.010039201937615871, 0.025946123525500298, 0.09753300994634628, 0.10127836465835571, 0.0005912526976317167, 0.10615775734186172, 0.0993204116821289, 0.04349899664521217, 0.018905602395534515, 0.048050496727228165, 0.04461507499217987, 0.011460022069513798, 0.07112185657024384, 0.004466752056032419, 0.19005435705184937, 0.06849944591522217, 0.07570092380046844, 0.0763174369931221, 0.021998990327119827, 0.04505986347794533, 0.009161221794784069, 0.023013951256871223, 0.03941674157977104, 0.03937342390418053, 0.06259804964065552, 0.0874139666557312, 0.01932850480079651, 0.021762855350971222, 0.09073996543884277, 0.028367672115564346, 0.07650671899318695, 0.029066963121294975, 0.010572032071650028, 0.009637674316763878, 0.015695733949542046, 0.025707347318530083, 0.09094350785017014, 0.085433728992939, 0.0016905494267120957, 0.020843854174017906, 0.027347303926944733, 0.05833233520388603, 0.07982200384140015, 0.017739152535796165, 0.05683910474181175, 0.06926870346069336, 0.08216626197099686, 0.0982859805226326, 0.10997429490089417, 0.031821612268686295, 0.011656220071017742, 0.03388693928718567, 0.06775571405887604, 0.10558610409498215, 0.03616175428032875, 0.05600520595908165, 0.043444517999887466, 0.08553124219179153, 0.020884327590465546, 0.04245971888303757, 0.001834335271269083, 0.12879766523838043, 0.06669237464666367, 0.09671808779239655, 0.05593276768922806, 0.020275471732020378, 0.01750801131129265, 0.06106588989496231, 0.05925090238451958, 0.02417202852666378, 0.0008343916852027178, 0.10609980672597885, 0.10705104470252991, 0.003956184256821871, 0.04972134903073311, 0.08829108625650406, 0.0852910503745079, 0.028995957225561142, 0.09114619344472885, 0.01990589313209057, 0.04304613173007965, 0.060617100447416306, 0.02784223109483719, 0.009016615338623524, 0.055255476385354996, 0.1288631409406662, 0.09226278215646744, 0.04901769384741783, 0.07782777398824692, 0.05674567073583603, 0.022631878033280373, 0.030218323692679405, 0.05924609303474426, 0.055508293211460114, 0.0838213860988617, 0.07863170653581619, 0.1097583919763565, 0.052037350833415985, 0.12056124955415726, 0.04736194759607315, 0.06846047192811966, 0.015801401808857918, 0.02171378582715988]"
F55,"[0.042827900499105453, 0.027130959555506706, 0.060261473059654236, 0.02138235606253147, 0.05495192110538483, 0.09180988371372223, 0.040151581168174744, 0.021778877824544907, 0.052606597542762756, 0.05826607719063759, 0.03529922664165497, 0.032296665012836456, 0.014812183566391468, 0.026051228865981102, 0.08105941861867905, 0.057520583271980286, 0.08231765776872635, 0.015689346939325333, 0.038116782903671265, 0.04945002496242523, 0.017022721469402313, 0.007614742498844862, 0.009052366949617863, 0.1046433299779892, 0.0432482585310936, 0.007284621708095074, 0.05755557864904404, 0.09082400053739548, 0.007423824165016413, 0.07891981303691864, 0.12173069268465042, 0.022881416603922844, 0.033956412225961685, 0.04817761108279228, 0.0907677635550499, 0.0884818434715271, 0.06149797886610031, 0.03820442780852318, 0.029868047684431076, 0.06859961897134781, 0.05306190252304077, 0.029258623719215393, 0.0627557560801506, 0.061157017946243286, 0.06835948675870895, 0.04153256490826607, 0.021662959828972816, 0.025990869849920273, 0.03970164805650711, 0.017359919846057892, 0.027089575305581093, 0.017588971182703972, 0.010265524499118328, 0.0689757913351059, 0.01822146214544773, 0.005024764221161604, 0.02835976332426071, 0.006841180846095085, 0.024718018248677254, 0.008467482402920723, 0.058778829872608185, 0.04001441225409508, 0.01369298156350851, 0.03225744143128395, 0.04503433406352997, 0.04876862093806267, 0.019977496936917305, 0.09543420374393463, 0.03949388116598129, 0.04257041588425636, 0.039116568863391876, 0.049239519983530045, 0.08232762664556503, 0.04044667258858681, 0.01357261836528778, 0.026335522532463074, 0.09367848932743073, 0.014490216039121151, 0.003074276726692915, 0.00583023251965642, 0.01107530202716589, 0.060116734355688095, 0.006236723158508539, 0.012055805884301662, 0.036699749529361725, 0.0486307293176651, 0.01232241839170456, 0.010560598224401474, 0.00040877689025364816, 0.027659766376018524, 0.004642286337912083, 0.06301971524953842, 0.0327935665845871, 0.006763051729649305, 0.04322145879268646, 0.00262330356054008, 0.02213534712791443, 0.008374377153813839, 0.04263753071427345, 0.010057047940790653, 0.001707004033960402, 2.3688075089012273e-05, 0.0923772007226944, 0.006120879203081131, 0.00398074509575963, 0.018874775618314743, 0.03009580820798874, 0.007934687659144402, 0.03902706876397133, 0.05040100961923599, 0.038544055074453354, 0.07542623579502106, 0.008353753946721554, 0.04934217035770416, 0.011158758774399757, 0.11966287344694138, 0.043321214616298676, 0.013788176700472832, 0.0002806601987686008, 0.06247832253575325, 0.06692630052566528, 0.01996251381933689, 0.018458016216754913, 0.09638708084821701, 0.062092747539281845, 0.03291463106870651, 0.03531543165445328, 0.08939799666404724]"
F56,"[0.005329735577106476, 0.006080838851630688, 0.005052685271948576, 0.008841111324727535, 0.005113871768116951, 0.0021351573523133993, 0.0018115638522431254, 0.001124270143918693, 0.009062695316970348, 0.00011901531252078712, 0.00016442984633613378, 0.0020695962011814117, 0.005327790509909391, 0.006490712519735098, 0.004209837410598993, 0.004121263977140188, 0.00610253494232893, 0.001215187949128449, 0.002380264922976494, 0.007436053827404976, 0.00720494007691741, 0.009969000704586506, 0.0004359186568763107, 0.0036541586741805077, 0.0011785990791395307, 0.00041303050238639116, 9.301889804191887e-05, 0.009602244012057781, 0.009139074943959713, 0.002786741591989994, 0.00899220909923315, 0.009613275527954102, 0.00933057814836502, 0.001821202109567821, 0.010279226116836071, 0.0022880579344928265, 0.00752980588003993, 0.0033360628876835108, 0.0027737764175981283, 0.000961572106461972, 0.0005417901556938887, 0.001849705702625215, 0.006032944191247225, 0.0013746675103902817, 0.0036410517059266567, 0.006954664830118418, 0.00966732855886221, 0.002249497454613447, 0.0008711125119589269, 0.0041413214057683945, 0.0065233949571847916, 0.006598088424652815, 0.004512548912316561, 0.006343680899590254, 4.2287585529265925e-05, 0.0008702582563273609, 0.0018678304040804505, 0.007248406298458576, 0.009578402154147625, 0.0020988767500966787, 0.007680261507630348, 0.0002791189472191036, 0.0014027717988938093, 0.0028983494266867638, 0.004070726688951254, 0.004661646671593189, 0.0007895657327026129, 0.0012702326057478786, 0.00421941326931119, 0.001581006683409214, 0.000760677270591259, 0.009124292992055416, 0.0034185282420367002, 0.010157104581594467, 0.0008586826152168214, 0.004985100124031305, 0.00017392917652614415, 0.0037260025274008512, 0.00829075276851654, 0.0034575017634779215, 0.008646175265312195, 0.0025501218624413013, 0.006547595839947462, 0.0034058208111673594, 0.0009509243536740541, 0.0018047905759885907, 0.005591153632849455, 0.0003756140067707747, 0.003308735555037856, 0.0010525807738304138, 0.005195021163672209, 0.00017293191922362894, 0.00046032218961045146, 0.0006917574792169034, 0.007321353070437908, 0.0028256322257220745, 0.0005124618764966726, 0.0015545141650363803, 0.0067806304432451725, 0.005310798529535532, 0.005672665778547525, 0.004675744101405144, 0.004103151615709066, 0.0036926621105521917, 0.006544210948050022, 0.005249023903161287, 0.002717449329793453, 0.008691607043147087, 0.007928910665214062, 0.008989755064249039, 0.007714101113379002, 0.006286957301199436, 0.008217160589993, 0.0028470209799706936, 0.0012229450512677431, 0.007611686829477549, 0.005103677045553923, 0.002205256139859557, 0.0065263123251497746, 0.002687141066417098, 0.0073693678714334965, 0.003069876926019788, 0.0004263014125172049, 0.008603578433394432, 0.0016918721375986934, 0.00580978998914361, 0.005822180304676294, 0.002130926586687565]"
F57,"[0.036885883659124374, 0.07257761806249619, 0.04614757373929024, 0.05932728946208954, 0.12127859145402908, 0.10303647816181183, 0.06567889451980591, 0.03446030616760254, 0.030748892575502396, 0.05276818946003914, 0.0738452821969986, 0.09735257178544998, 0.06243356317281723, 0.08735594898462296, 0.0386815182864666, 0.025368981063365936, 0.1177721917629242, 0.05924093723297119, 0.08533119410276413, 0.03745380416512489, 0.1420043557882309, 0.10756038874387741, 0.04688558727502823, 0.1202862337231636, 0.06539205461740494, 0.06412599235773087, 0.046778660267591476, 0.0010496869217604399, 0.006557465996593237, 0.014131767675280571, 0.1548180729150772, 0.1161787360906601, 0.09119272232055664, 0.014625128358602524, 0.0828326940536499, 0.09041759371757507, 0.07432858645915985, 0.059518661350011826, 0.06024809181690216, 0.08906883001327515, 0.07073160260915756, 0.11450288444757462, 0.1131003201007843, 0.15731631219387054, 0.020887382328510284, 0.08983735740184784, 0.018532201647758484, 0.04823501780629158, 0.07899703830480576, 0.031080128625035286, 0.131576806306839, 0.05595087632536888, 0.11100223660469055, 0.0368325300514698, 0.0034811447840183973, 0.06654290109872818, 0.06113732233643532, 0.040699735283851624, 0.002050881739705801, 0.048136886209249496, 0.012950722128152847, 0.0020290296524763107, 0.027322541922330856, 0.07049501687288284, 0.17416048049926758, 0.17119993269443512, 0.05356883257627487, 0.060828082263469696, 0.006671501323580742, 0.03782688453793526, 0.016779188066720963, 0.0818321630358696, 0.06817571073770523, 0.02218053862452507, 0.03260631859302521, 0.03579988330602646, 0.08666524291038513, 0.0213848315179348, 0.08275695890188217, 0.0003020181611645967, 0.06708238273859024, 0.04391629621386528, 0.10211750119924545, 0.0840921700000763, 0.006163123995065689, 0.07585936784744263, 0.04327252879738808, 0.0351712591946125, 0.04631780833005905, 0.019813483580946922, 0.00426346343010664, 0.07468964159488678, 0.02850848250091076, 0.046865254640579224, 0.11631124466657639, 0.022231807932257652, 0.03303530812263489, 0.05346721410751343, 0.015803398564457893, 0.09413987398147583, 0.02359677664935589, 0.08772770315408707, 0.0635269358754158, 0.05038117617368698, 0.022419346496462822, 0.06144630163908005, 0.024727627635002136, 0.07045376300811768, 0.009775171987712383, 0.014472126960754395, 0.12602367997169495, 0.0282489862293005, 0.024425838142633438, 0.03128691762685776, 0.047056134790182114, 0.05506915599107742, 0.13701587915420532, 0.060134708881378174, 0.024545732885599136, 0.0946565493941307, 0.10029589384794235, 0.03171764686703682, 0.10222171992063522, 0.10137664526700974, 0.05971512943506241, 0.09428522735834122, 0.045087337493896484, 0.13170655071735382]"
F58,"[0.006064217071980238, 0.019304808229207993, 0.023215675726532936, 0.011170938611030579, 0.0332828164100647, 0.008765097707509995, 0.0038143200799822807, 0.022186890244483948, 0.03456065058708191, 0.014994495548307896, 0.004935911390930414, 0.00040209447615779936, 0.002877985592931509, 0.0026320558972656727, 0.006489609368145466, 0.02364313043653965, 0.01658608391880989, 0.012756379321217537, 0.01132132951170206, 0.005942443385720253, 0.0017875987105071545, 0.005311131943017244, 0.01167372241616249, 0.02635880559682846, 0.011539933271706104, 0.012684701941907406, 0.016446759924292564, 0.009144906885921955, 0.0051118177361786366, 0.015612530522048473, 0.021209022030234337, 0.0014409661525860429, 0.006440284661948681, 0.009423594921827316, 0.012670889496803284, 0.0228895116597414, 0.004211006220430136, 0.009598872624337673, 0.01467367447912693, 0.014292228035628796, 0.010239804163575172, 0.020038438960909843, 0.005246036220341921, 0.013854403048753738, 0.019004983827471733, 0.017307430505752563, 0.014601963572204113, 0.0011142787989228964, 0.018324576318264008, 0.01946491003036499, 0.006230472587049007, 0.017759043723344803, 0.008232435211539268, 0.007582476362586021, 0.008807896636426449, 0.014611540362238884, 0.007046220824122429, 0.005787549074739218, 0.019528284668922424, 0.006461614277213812, 0.013874796219170094, 0.023135537281632423, 0.006139721255749464, 0.023242104798555374, 0.013799063861370087, 0.02975638397037983, 0.01857921853661537, 0.008415191434323788, 0.018908442929387093, 0.032575905323028564, 0.01670396886765957, 0.022884724661707878, 0.010885338298976421, 0.03098270297050476, 0.0077542513608932495, 0.013069049455225468, 0.01049437839537859, 0.015247204340994358, 0.003966961987316608, 0.009195297956466675, 0.0010494091548025608, 0.004899540450423956, 0.024988194927573204, 0.009820402599871159, 0.01970655657351017, 0.015620063990354538, 0.00350687513127923, 0.004290503449738026, 0.006482445169240236, 0.010469305329024792, 0.014073802158236504, 0.0011617299169301987, 0.02342492714524269, 0.012281324714422226, 0.007652016822248697, 0.015177418477833271, 0.01515218522399664, 0.009037001058459282, 0.022532878443598747, 0.007124803029000759, 0.0045952280052006245, 0.015171261504292488, 0.012228631414473057, 0.009294099174439907, 0.017548508942127228, 0.00979840662330389, 0.010771035216748714, 0.007337281480431557, 0.007450732868164778, 0.02181283012032509, 0.031560998409986496, 0.010597818531095982, 0.009769664146006107, 0.013917406089603901, 0.0026541452389210463, 0.013942594639956951, 0.01521451398730278, 0.011540812440216541, 0.008280434645712376, 0.00015232617442961782, 0.01436818391084671, 0.005370025988668203, 0.0015273001044988632, 0.022534292191267014, 0.004002771805971861, 0.005242733750492334, 0.032667677849531174, 0.03284122794866562]"
F59,"[0.0060266731306910515, 0.0017039274098351598, 0.012971592135727406, 0.005449486430734396, 0.011649936437606812, 0.007977166213095188, 0.00018971825193148106, 0.008166358806192875, 0.004728644620627165, 0.007619233801960945, 0.0007177062216214836, 0.007908656261861324, 0.012878689914941788, 0.005313561297953129, 5.4128351621329784e-05, 0.008159341290593147, 0.008327268995344639, 0.012269392609596252, 0.0053480747155845165, 0.011246887966990471, 0.007684146054089069, 0.016914978623390198, 0.014070079661905766, 0.0015523412730544806, 0.01536641363054514, 0.005550293251872063, 5.2910447266185656e-05, 0.010298960842192173, 0.00795731507241726, 0.007644930854439735, 0.0028550412971526384, 0.007208645343780518, 0.0031951626297086477, 0.005797340534627438, 0.00968891754746437, 0.003263297723606229, 0.0025261372793465853, 0.01773110404610634, 0.012608942575752735, 0.004044291563332081, 0.013789396733045578, 0.0009020378347486258, 0.005632116924971342, 0.006042598746716976, 0.005206472706049681, 0.0002757238398771733, 0.016736973077058792, 0.004810328129678965, 0.00276843155734241, 0.0017109521431848407, 0.0009922763565555215, 0.010447375476360321, 0.008568133227527142, 0.007955815643072128, 0.00789840891957283, 0.0014488359447568655, 0.004144762642681599, 0.00854957289993763, 0.0028748863842338324, 0.012004096992313862, 0.0032372078858315945, 0.0033662894275039434, 0.006478975992649794, 3.775101140490733e-05, 0.0016641506226733327, 0.0007458137115463614, 0.0037359162233769894, 0.008283186703920364, 0.007187207229435444, 0.008490219712257385, 0.008386075496673584, 0.003645440563559532, 0.011999182403087616, 0.007434525061398745, 0.003386141499504447, 0.0014106298331171274, 0.013989287428557873, 0.0031507115345448256, 0.010887661017477512, 0.006019966676831245, 2.9590848498628475e-05, 0.010693976655602455, 0.006384946405887604, 0.006892927922308445, 0.0027671093121170998, 0.00892580021172762, 0.003896762616932392, 0.0005127514014020562, 0.006953525356948376, 0.0015836091479286551, 0.00774325430393219, 0.0005370922735892236, 0.004902762360870838, 0.0003920791787095368, 0.0040455833077430725, 0.005364090669900179, 0.0040278360247612, 0.008530204184353352, 0.0087949363514781, 0.0006009681965224445, 0.008339080028235912, 0.0036032432690262794, 0.010470625944435596, 0.0043259188532829285, 0.009048499166965485, 0.002889224560931325, 0.01076442003250122, 0.008869869634509087, 0.02560618333518505, 0.0038359796162694693, 0.007559177931398153, 0.02254527620971203, 0.012233138084411621, 0.009364091791212559, 0.0026336577720940113, 0.0027141799218952656, 0.012217793613672256, 0.012684689834713936, 0.016364073380827904, 0.00788168702274561, 0.0091268764808774, 0.007248678710311651, 0.008509865961968899, 0.0056665497832000256, 0.004601316060870886, 0.0006422591395676136, 0.0009109298698604107, 0.0082768639549613]"
F60,"[0.01776985079050064, 0.0011346355313435197, 0.0031100327614694834, 0.007361347321420908, 0.0010699129197746515, 0.010862077586352825, 0.003211663104593754, 0.0035567679442465305, 0.006296074017882347, 0.005062873009592295, 0.0167921781539917, 0.020364606752991676, 0.006614138837903738, 0.00920575950294733, 0.004575546830892563, 0.007299942430108786, 0.004702138714492321, 0.002200430491939187, 0.00640826765447855, 0.0068480768240988255, 0.012156574986875057, 0.005183887667953968, 0.008052677847445011, 0.00415741465985775, 0.011958674527704716, 0.00634939968585968, 0.004594224039465189, 0.01858842372894287, 0.014134044758975506, 0.018198518082499504, 0.01683165319263935, 0.0004393092531245202, 0.012287278659641743, 0.005807684734463692, 0.0007834459538571537, 0.00975379254668951, 0.0014948993921279907, 0.013376939110457897, 0.008674601092934608, 0.014986848458647728, 0.0017225751653313637, 0.002507040975615382, 0.019157931208610535, 0.02183578908443451, 0.00136110233142972, 0.002120861317962408, 0.015371144749224186, 0.002678198041394353, 0.024060295894742012, 0.014787230640649796, 0.0001497233024565503, 0.00043297227239236236, 0.002807949436828494, 0.006513808388262987, 0.012810738757252693, 0.00409675482660532, 0.0044097802601754665, 0.010286504402756691, 0.005297289229929447, 0.00037598825292661786, 0.0016062238719314337, 0.013269237242639065, 0.008635482750833035, 0.02573877014219761, 0.01338257361203432, 0.006869389209896326, 0.011377977207303047, 0.004130011890083551, 0.015684856101870537, 0.004519179929047823, 0.016708070412278175, 0.0024623628705739975, 0.002010929863899946, 0.012258660048246384, 0.0030203871428966522, 0.0038452446460723877, 0.004517723806202412, 0.0009326959843747318, 0.012057064101099968, 0.0008221922907978296, 0.004846194293349981, 0.015531637705862522, 0.0031044885981827974, 0.00012665605754591525, 0.004757629241794348, 0.00018156410078518093, 0.012744040228426456, 0.004539712332189083, 0.005281329620629549, 0.00861698854714632, 0.0023983370047062635, 0.0005838865763507783, 0.013525595888495445, 0.007761487737298012, 0.013024663552641869, 0.010116471908986568, 0.017140015959739685, 0.008255322463810444, 0.0012165779480710626, 0.009460634551942348, 0.01817578822374344, 0.0018697211053222418, 0.003227048320695758, 0.01047290489077568, 0.015258736908435822, 0.015281423926353455, 0.014636932872235775, 0.008939896710216999, 0.00799394678324461, 0.009673901833593845, 0.0049481759779155254, 0.005276400130242109, 0.004945136606693268, 0.013394909910857677, 0.00455467589199543, 0.013160024769604206, 0.0027293229941278696, 0.008272641338407993, 0.0028609319124370813, 0.005492966156452894, 8.540410476598481e-07, 0.005532547365874052, 0.004963947460055351, 0.007083551958203316, 0.0033959788270294666, 0.0004191008338239044, 0.003109531942754984, 0.014043153263628483]"
F61,"[0.007979387417435646, 0.0024830519687384367, 0.007644688710570335, 0.011481848545372486, 0.004354240372776985, 0.0006586394738405943, 0.001981371780857444, 0.005493964999914169, 0.003593554487451911, 0.007077466696500778, 5.950138802290894e-05, 0.0035664564929902554, 0.0057628159411251545, 0.007624679245054722, 0.0021561055909842253, 0.003696949454024434, 0.006576873827725649, 0.004158631898462772, 0.005455529782921076, 0.0057628825306892395, 0.007808482274413109, 0.0023291422985494137, 0.0006180806667543948, 0.009975935332477093, 0.005387378856539726, 0.006145903840661049, 0.005847145337611437, 0.005976629909127951, 0.002536212792620063, 0.0040466394275426865, 0.0006017111008986831, 0.006924802903085947, 0.011974341236054897, 0.006577048916369677, 0.0005896652000956237, 0.010448738932609558, 0.010626976378262043, 0.0025170836597681046, 0.004085351247340441, 0.006824609823524952, 0.0037075248546898365, 0.005552270915359259, 0.00034000049345195293, 0.0013243549037724733, 0.010837223380804062, 0.001964286668226123, 0.0016111942240968347, 0.007398280780762434, 0.0046668993309140205, 0.009222078137099743, 0.004296557512134314, 0.00214856443926692, 0.005762014538049698, 0.008084696717560291, 0.0026142846327275038, 0.006114872172474861, 0.0021836431697010994, 0.0037702417466789484, 0.00756445387378335, 0.007471929304301739, 0.006049890536814928, 0.00505537586286664, 0.011081540957093239, 0.002808339660987258, 0.005830211564898491, 0.010076352395117283, 0.008211418986320496, 0.00575518561527133, 0.0018093098187819123, 0.0067069437354803085, 0.006422408856451511, 0.0025686142034828663, 0.0033401467371731997, 0.00145092629827559, 0.0007478316547349095, 0.004423829726874828, 0.005548796616494656, 0.006952119059860706, 0.004209361970424652, 0.0029775991570204496, 0.0004405657236929983, 0.008229515515267849, 0.0073629701510071754, 0.007859965786337852, 0.006745666265487671, 0.0020676448475569487, 0.008328482508659363, 0.006109962705522776, 0.001038376591168344, 0.0012169766705483198, 0.006085006520152092, 0.007351250387728214, 0.010880010202527046, 0.007338979747146368, 0.013508913107216358, 0.009516394697129726, 0.003121311077848077, 0.002219647169113159, 0.008579887449741364, 0.0024735303595662117, 0.008693411946296692, 0.008546438999474049, 0.007944339886307716, 0.004681942518800497, 0.005101651884615421, 0.009417304769158363, 0.0005538311670534313, 0.005516295321285725, 0.0035178286489099264, 0.005207108333706856, 0.00943026039749384, 0.009322373196482658, 0.0015515056438744068, 0.0011692603584378958, 0.0015888020861893892, 0.010636239312589169, 0.00047246916801668704, 0.009092847816646099, 0.011383614502847195, 0.01247243583202362, 0.006874299608170986, 0.011746393516659737, 0.0035870480351150036, 0.008000608533620834, 0.007050825748592615, 0.0005051902844570577, 0.003153570694848895, 0.011843754909932613]"
F62,"[0.0073301177471876144, 0.002806236734613776, 0.028663847595453262, 0.005296302028000355, 0.009631709195673466, 0.004914297256618738, 0.00396124878898263, 0.00826707947999239, 0.010414897464215755, 0.0021516012493520975, 0.013596110045909882, 0.0069959769025444984, 0.0026722371112555265, 0.004884824622422457, 0.009845188818871975, 0.009230880066752434, 0.010805323719978333, 0.011600448749959469, 0.004420211538672447, 0.024990784004330635, 0.000487774406792596, 0.010698567144572735, 0.0028107159305363894, 0.01885075867176056, 0.004277845378965139, 0.015557506121695042, 0.002057496225461364, 0.005158592946827412, 0.00989085528999567, 0.024022264406085014, 0.015549150295555592, 0.013220653869211674, 0.009946653619408607, 0.010246595367789268, 0.01619839295744896, 0.0077810632064938545, 0.006568655837327242, 0.009027700871229172, 0.004663865081965923, 0.003510049544274807, 0.017604758962988853, 0.0005729349795728922, 0.01371897105127573, 0.0027518589049577713, 0.009716491214931011, 0.0018873910885304213, 0.012593095190823078, 0.004350463394075632, 0.01752978004515171, 0.004984762519598007, 0.0003055607376154512, 0.011614971794188023, 0.005917300470173359, 0.007183273322880268, 0.0032012066803872585, 0.008850444108247757, 0.003734901547431946, 0.0004958170466125011, 0.020650768652558327, 0.010417088866233826, 0.011202488094568253, 0.008430449292063713, 0.002095808507874608, 0.0010671784402802587, 0.011413917876780033, 0.012057024985551834, 0.0006895334227010608, 0.012017016299068928, 0.007573663257062435, 0.02707640454173088, 0.021275518462061882, 0.0011871440801769495, 0.01644299179315567, 0.0073217046447098255, 0.00010414390999358147, 0.004186323378235102, 0.0005421547684818506, 0.012831846252083778, 0.005461665336042643, 0.004164622165262699, 0.0026332903653383255, 0.011021231301128864, 0.007862101309001446, 0.012671052478253841, 0.0007097633788362145, 0.010004580020904541, 0.0029589238110929728, 0.013405072502791882, 0.004801400471478701, 0.005625590682029724, 0.003630632534623146, 0.00932322721928358, 0.009111353196203709, 0.010579640977084637, 0.0038725314661860466, 0.0011899062665179372, 0.004682352300733328, 0.010566280223429203, 0.00938214361667633, 0.013944067060947418, 0.014720991253852844, 0.0014678254956379533, 0.017740974202752113, 0.01648624613881111, 0.0011037890799343586, 0.00844088289886713, 0.0033038377296179533, 0.004294303245842457, 0.0239694956690073, 0.010265769436955452, 0.02996429055929184, 0.010522487573325634, 0.008402219973504543, 0.004289532080292702, 0.011586079373955727, 0.003260035766288638, 0.0006782890995964408, 0.014523262158036232, 0.010929107666015625, 0.012700480408966541, 0.012575914151966572, 0.01605340838432312, 0.004771651700139046, 0.011470912024378777, 0.001974445767700672, 0.008746358565986156, 0.0010412828996777534, 0.0024005468003451824]"
F63,"[0.023306705057621002, 0.012261518277227879, 0.018437594175338745, 0.008723308332264423, 0.00253670965321362, 0.015344120562076569, 0.00611129542812705, 0.025530310347676277, 0.021095041185617447, 0.023054350167512894, 0.018860148265957832, 0.028742769733071327, 0.03288472443819046, 0.0030379861127585173, 0.027417080476880074, 0.02248264290392399, 0.033670149743556976, 0.02539432793855667, 0.01023838110268116, 0.00016297210822813213, 0.030240176245570183, 0.022442368790507317, 0.026883326470851898, 0.0003470474621281028, 0.007768365554511547, 0.02460038661956787, 0.0055104829370975494, 0.005600674543529749, 0.010748812928795815, 0.015760166570544243, 0.02957538701593876, 0.0008526715682819486, 0.0016694741789251566, 0.011063854210078716, 0.007806322071701288, 0.0154053820297122, 0.0019787929486483335, 0.03411231189966202, 0.01588451862335205, 0.019696522504091263, 0.007069625426083803, 0.0027520162984728813, 0.0041611697524785995, 0.007394086569547653, 0.02402372471988201, 0.0014367479598149657, 0.003461408894509077, 0.033808209002017975, 0.006208414677530527, 0.005189261399209499, 0.027663011103868484, 0.011557377874851227, 0.011384831741452217, 0.0019136881455779076, 0.007543196901679039, 0.027291199192404747, 0.008206180296838284, 0.00023221923038363457, 0.002621132880449295, 0.004562373273074627, 0.000534865481313318, 0.015986185520887375, 0.02074522152543068, 0.0028804484754800797, 0.008385082706809044, 0.005598226096481085, 0.020808948203921318, 0.014953533187508583, 0.024856163188815117, 0.005348692648112774, 0.0019860882312059402, 0.00481244595721364, 0.013909981586039066, 0.01702076569199562, 0.01548718847334385, 0.004573667887598276, 0.011000055819749832, 0.01290037203580141, 0.0320618711411953, 0.003265573875978589, 0.0011907819425687194, 0.008779533207416534, 0.02277589775621891, 0.0011944189900532365, 0.0009695165790617466, 0.009769611991941929, 0.004149382933974266, 0.028858721256256104, 0.0046994308941066265, 0.02602127008140087, 0.0039820740930736065, 0.025546185672283173, 0.0001989520969800651, 0.0055650267750024796, 0.011852786876261234, 0.0005938664544373751, 0.012917373329401016, 0.014825165271759033, 0.011225739493966103, 0.0024745145346969366, 0.015856608748435974, 0.029028257355093956, 0.019876958802342415, 0.0017428462160751224, 0.0012708255089819431, 0.008979459293186665, 0.004118043929338455, 0.02484102174639702, 0.0008311305427923799, 0.01035599410533905, 0.005521665792912245, 0.02347441390156746, 0.001716821687296033, 0.019643321633338928, 0.028145531192421913, 0.010786764323711395, 0.008082999847829342, 0.005694306921213865, 0.005558765027672052, 0.021966494619846344, 0.013750414364039898, 0.022212153300642967, 0.014003231190145016, 0.012460394762456417, 0.015988504514098167, 0.013185893185436726, 0.00852817203849554, 0.018680592998862267]"
F64,"[0.06459159404039383, 0.013870402239263058, 0.05203309282660484, 0.04436909407377243, 0.021970398724079132, 0.10857326537370682, 0.05347452685236931, 0.020962592214345932, 0.009803062304854393, 0.06726811826229095, 0.01741895079612732, 0.005787797272205353, 0.09983068704605103, 0.007799557410180569, 0.04692762717604637, 0.03247726708650589, 0.05411297455430031, 0.012296336703002453, 0.04813852533698082, 0.03954296559095383, 0.04083775728940964, 0.02509918436408043, 0.07730000466108322, 0.10961552709341049, 0.05752097815275192, 0.018298864364624023, 0.028647933155298233, 0.10264423489570618, 0.0014545322628691792, 0.01242805365473032, 0.010167130269110203, 0.039365291595458984, 0.1266305148601532, 0.03762068599462509, 0.03842556104063988, 0.048888448625802994, 0.006469208747148514, 0.011596636846661568, 0.07033202797174454, 0.1270345151424408, 0.0763469934463501, 0.006917990278452635, 0.002772249048575759, 0.014442154206335545, 0.08110823482275009, 0.05634534731507301, 0.01963597908616066, 0.022423667833209038, 0.023262808099389076, 0.004396992735564709, 0.026776788756251335, 0.04017999768257141, 0.004279429093003273, 0.04568323493003845, 0.07880029827356339, 0.016625087708234787, 0.055026907473802567, 0.04726069048047066, 0.002812982304021716, 0.08374147117137909, 0.11555309593677521, 0.009845413267612457, 0.0691162496805191, 0.02685311809182167, 0.08620984107255936, 0.014584788121283054, 0.014431409537792206, 0.06717619299888611, 0.07887809723615646, 0.07024065405130386, 0.01731652393937111, 0.0032527560833841562, 0.024837978184223175, 0.055973391979932785, 0.005115068517625332, 0.045489367097616196, 0.010582813061773777, 0.051874611526727676, 0.09208475053310394, 0.07548616826534271, 0.00935729593038559, 0.06912270933389664, 0.038069948554039, 0.006598442327231169, 0.02885647863149643, 0.10182346403598785, 0.013285060413181782, 0.04952496662735939, 0.015903208404779434, 0.028253698721528053, 0.02504863776266575, 0.09846410155296326, 0.05571771785616875, 0.06762126088142395, 0.029166381806135178, 0.010900863446295261, 0.06601143628358841, 0.05615317448973656, 0.024690279737114906, 0.029857324436306953, 0.07433193922042847, 0.02452501468360424, 0.1078319251537323, 0.09254362434148788, 0.06950477510690689, 0.04939845949411392, 0.054057374596595764, 0.00033609798992983997, 0.032166510820388794, 0.003468065056949854, 0.01634807139635086, 0.12682326138019562, 0.06472152471542358, 0.030035581439733505, 0.034030981361866, 0.14038196206092834, 0.09677832573652267, 0.05159423500299454, 0.09108414500951767, 0.09699015319347382, 0.05837482213973999, 0.008752179332077503, 0.008852637372910976, 0.047175176441669464, 0.09685355424880981, 0.000959027383942157, 0.0023263555485755205, 0.015967315062880516]"
F65,"[0.05917634442448616, 0.022397629916667938, 0.03793151304125786, 0.1010545939207077, 0.010105998255312443, 0.1059468537569046, 0.0008891198085620999, 0.05522375926375389, 0.08726527541875839, 0.022132333368062973, 0.013935605064034462, 0.10217386484146118, 0.021488478407263756, 0.030748659744858742, 0.04654835909605026, 0.10364420711994171, 0.004782531876116991, 0.05561697855591774, 0.0403967909514904, 0.012143047526478767, 0.0457918718457222, 0.04785552993416786, 0.06988152116537094, 0.07835040986537933, 0.06394847482442856, 0.029258446767926216, 0.01065695472061634, 0.11619099974632263, 0.07285680621862411, 0.0738147646188736, 0.032319143414497375, 0.026236604899168015, 0.10962025821208954, 0.0844227746129036, 0.033515892922878265, 0.03781456872820854, 0.08428307622671127, 0.051117148250341415, 0.1433296948671341, 0.05430473014712334, 0.08552614599466324, 0.029172807931900024, 0.014812625013291836, 0.05879725515842438, 0.05633017048239708, 0.07580754160881042, 0.005797517020255327, 0.029876915737986565, 0.08417762070894241, 0.06609861552715302, 0.05774256959557533, 0.05764727294445038, 0.01072181761264801, 0.00872271228581667, 0.01752874255180359, 0.0021438582334667444, 0.040723707526922226, 0.010359859094023705, 0.03354744240641594, 0.1121104508638382, 0.11317535489797592, 0.03359033539891243, 0.09528584778308868, 0.05628510192036629, 0.048042431473731995, 0.005078928545117378, 0.0349339097738266, 0.002002777298912406, 0.10881074517965317, 0.02610287070274353, 0.008862515911459923, 0.09985953569412231, 0.031169788911938667, 0.034150026738643646, 0.1161544919013977, 0.09401272237300873, 0.01628146879374981, 0.042172692716121674, 0.09860068559646606, 0.003888905281201005, 0.08155076205730438, 0.06820254027843475, 0.09126987308263779, 0.10120890289545059, 0.11330546438694, 0.09059705585241318, 0.053926337510347366, 0.025515440851449966, 0.004378159996122122, 0.027695488184690475, 0.01818491704761982, 0.06907854229211807, 0.05439624562859535, 0.07870334386825562, 0.08457664400339127, 0.015666062012314796, 0.005483950022608042, 0.09334201365709305, 0.01933448761701584, 0.057314641773700714, 0.03923673927783966, 0.06451528519392014, 0.05656907707452774, 0.04350399971008301, 0.031116198748350143, 0.00861035194247961, 0.07063287496566772, 0.047340527176856995, 0.032099220901727676, 0.026214618235826492, 0.058865148574113846, 0.02888859063386917, 0.06576747447252274, 0.025737611576914787, 0.05416438356041908, 0.09753536432981491, 0.04295887053012848, 0.028210116550326347, 0.07007405161857605, 0.07389231771230698, 0.10789737105369568, 0.022230660542845726, 0.08394653350114822, 0.008877214975655079, 0.04067608714103699, 0.0973459854722023, 0.06518031656742096, 0.06736910343170166]"
F66,"[0.025385616347193718, 0.1395866870880127, 0.12881390750408173, 0.14282771944999695, 0.009393387474119663, 0.016610480844974518, 0.10714825242757797, 0.04762483388185501, 0.05569015443325043, 0.0404059961438179, 0.0332464724779129, 0.10393941402435303, 0.005601261276751757, 0.07076546549797058, 0.045907702296972275, 0.048932623118162155, 0.008865448646247387, 0.08591920137405396, 0.026268355548381805, 0.03976903855800629, 0.036700911819934845, 0.024160092696547508, 0.1213233545422554, 0.11661041527986526, 0.0476655513048172, 0.007149013224989176, 0.019564153626561165, 0.10427164286375046, 0.008271107450127602, 0.03651069477200508, 0.031143181025981903, 0.1336456835269928, 0.104782335460186, 0.00466334680095315, 0.015093773603439331, 0.01673830673098564, 0.012605291791260242, 0.05837230011820793, 0.14020106196403503, 0.06001809611916542, 0.027688849717378616, 0.046417444944381714, 0.0036159297451376915, 0.145612895488739, 0.018314000219106674, 0.09659525007009506, 0.0056897313334047794, 0.06070482358336449, 0.08359286934137344, 0.0820351094007492, 0.009562446735799313, 0.03392762318253517, 0.0249080378562212, 0.026343729346990585, 0.02065086178481579, 0.04211081564426422, 0.08566225320100784, 0.041811246424913406, 0.08028383553028107, 0.038168974220752716, 0.040751900523900986, 0.08435139805078506, 0.07762406021356583, 0.17598022520542145, 0.0724421814084053, 0.026867257431149483, 0.05655985325574875, 0.020863160490989685, 0.1535182148218155, 0.049201600253582, 0.22432629764080048, 0.11974005401134491, 0.07943303138017654, 0.05019373074173927, 0.09490553289651871, 0.06308742612600327, 0.1151098906993866, 0.039885833859443665, 0.00965962652117014, 0.06262082606554031, 0.03573249280452728, 0.030253564938902855, 0.02554907836019993, 0.06796861439943314, 0.06527626514434814, 0.043952394276857376, 0.010757367126643658, 0.11763568967580795, 0.1130867525935173, 0.093974269926548, 0.038639750331640244, 0.08337674289941788, 0.008325555361807346, 0.028396442532539368, 0.1308019757270813, 0.08406685292720795, 0.07035497575998306, 0.1519961804151535, 0.08853195607662201, 0.17169517278671265, 0.0014871812891215086, 0.04010659456253052, 0.08180250972509384, 0.03401206061244011, 0.155411958694458, 0.11232331395149231, 0.015306190587580204, 0.10139305144548416, 0.08342627435922623, 0.004612163174897432, 0.036279045045375824, 0.00443663913756609, 0.06071535497903824, 0.042574115097522736, 0.05764073505997658, 0.02136046811938286, 0.022165698930621147, 0.0022768524941056967, 0.049800850450992584, 0.008132216520607471, 0.10577114671468735, 0.10406452417373657, 0.015455726534128189, 0.027511857450008392, 0.08019788563251495, 0.1012352854013443, 0.09332488477230072, 0.1123080849647522]"
F67,"[0.0040320358239114285, 0.01899753138422966, 0.025670791044831276, 0.002318604616448283, 0.024713167920708656, 0.02795395441353321, 0.01849604770541191, 0.013809746131300926, 0.0041509815491735935, 0.016994917765259743, 0.008320501074194908, 0.01104982104152441, 0.0275817159563303, 0.011612891219556332, 0.012325345538556576, 0.02832864038646221, 0.021142125129699707, 0.0015387426828965545, 0.0021291482262313366, 0.00042619742453098297, 0.0027142493054270744, 0.0038535548374056816, 0.00972549058496952, 0.04164620861411095, 0.029077978804707527, 0.010888575576245785, 0.016540205106139183, 0.03782504051923752, 0.010003057308495045, 0.007552627474069595, 0.025926953181624413, 0.02188771590590477, 0.0327562615275383, 0.002787507837638259, 0.012800955213606358, 0.007930722087621689, 0.020483624190092087, 0.03436259552836418, 0.020363152027130127, 0.02445015124976635, 0.021571017801761627, 0.010568362660706043, 0.0020465031266212463, 0.016291921958327293, 0.010741138830780983, 0.018734706565737724, 0.021925706416368484, 0.004810826852917671, 0.018090609461069107, 0.0022083932999521494, 0.013855259865522385, 0.0020828943233937025, 0.010415257886052132, 0.015009883791208267, 0.005867532920092344, 0.0208522267639637, 0.0033999260049313307, 0.0050851162523031235, 0.00405246764421463, 0.026462646201252937, 0.02477780357003212, 0.0038021919317543507, 0.02687535434961319, 0.011294899508357048, 0.02960244007408619, 0.011166790500283241, 0.000594769255258143, 0.004200374707579613, 0.011568495072424412, 0.008027675561606884, 0.011721627786755562, 0.01824488863348961, 0.030948586761951447, 0.03120514005422592, 0.002543957205489278, 0.020231831818819046, 0.03466448187828064, 0.017429035156965256, 0.02714185044169426, 0.024386588484048843, 0.015342725440859795, 0.0053516412153840065, 0.004148052539676428, 0.006807263474911451, 0.02382504753768444, 0.0268572848290205, 0.003453426528722048, 0.00948510691523552, 0.01691858097910881, 0.00254593207500875, 0.005847173742949963, 0.025525696575641632, 0.02301868051290512, 0.012654637917876244, 0.011238454841077328, 0.022968264296650887, 0.0007205774309113622, 0.03321220353245735, 0.021423591300845146, 0.026509609073400497, 0.01981939747929573, 0.034319378435611725, 0.028808515518903732, 0.00944246631115675, 0.017369119450449944, 0.025729207322001457, 0.0036099867429584265, 0.021197492256760597, 0.0018519455334171653, 0.008149505592882633, 0.024070091545581818, 0.04903566092252731, 0.038945455104112625, 0.016000691801309586, 0.022561395540833473, 0.012782920151948929, 0.018240531906485558, 0.014704577624797821, 0.004954786505550146, 0.0030743207316845655, 0.01865581050515175, 0.02410326898097992, 0.003336534835398197, 0.02456113137304783, 0.013160289265215397, 0.005479671526700258, 0.006427715998142958, 0.025758756324648857]"
F68,"[0.0, 0.0, 0.0, 0.0, 0.0, 0.0, 0.0, 0.0, 0.0, 0.0, 0.0, 0.0, 0.0, 0.0, 0.0, 0.0, 0.0, 0.0, 0.0, 0.0, 0.0, 0.0, 0.0, 0.0, 0.0, 0.0, 0.0, 0.0, 0.0, 0.0, 0.0, 0.0, 0.0, 0.0, 0.0, 0.0, 0.0, 0.0, 0.0, 0.0, 0.0, 0.0, 0.0, 0.0, 0.0, 0.0, 0.0, 0.0, 0.0, 0.0, 0.0, 0.0, 0.0, 0.0, 0.0, 0.0, 0.0, 0.0, 0.0, 0.0, 0.0, 0.0, 0.0, 0.0, 0.0, 0.0, 0.0, 0.0, 0.0, 0.0, 0.0, 0.0, 0.0, 0.0, 0.0, 0.0, 0.0, 0.0, 0.0, 0.0, 0.0, 0.0, 0.0, 0.0, 0.0, 0.0, 0.0, 0.0, 0.0, 0.0, 0.0, 0.0, 0.0, 0.0, 0.0, 0.0, 0.0, 0.0, 0.0, 0.0, 0.0, 0.0, 0.0, 0.0, 0.0, 0.0, 0.0, 0.0, 0.0, 0.0, 0.0, 0.0, 0.0, 0.0, 0.0, 0.0, 0.0, 0.0, 0.0, 0.0, 0.0, 0.0, 0.0, 0.0, 0.0, 0.0, 0.0, 0.0]"
F69,"[0.0888371542096138, 0.03309743478894234, 0.005539808422327042, 0.11896128207445145, 0.00029121479019522667, 0.038363661617040634, 0.06713787466287613, 0.01630491204559803, 0.04256260022521019, 0.06433344632387161, 0.029030462726950645, 0.006008889060467482, 0.11696965247392654, 0.027693340554833412, 0.03551126644015312, 0.017298731952905655, 0.0776970311999321, 0.027534162625670433, 0.036160629242658615, 0.07118089497089386, 0.05528154596686363, 0.034085165709257126, 0.015838127583265305, 0.007222585380077362, 0.009675688110291958, 0.010841534473001957, 0.01495878491550684, 0.0005002622492611408, 0.0030818304512649775, 0.005262544844299555, 0.09735268354415894, 0.0047007398679852486, 0.07815417647361755, 0.028548773378133774, 0.02230469509959221, 0.0972912535071373, 0.034884680062532425, 0.03787141665816307, 0.14357370138168335, 0.05586368218064308, 0.07558582723140717, 0.049182139337062836, 0.040227796882390976, 0.05171502009034157, 0.0010706759057939053, 0.06245315074920654, 0.007347711827605963, 0.0519031323492527, 0.0408497154712677, 0.06883132457733154, 0.0543319433927536, 0.07169383764266968, 0.0684954971075058, 0.023402461782097816, 0.07173706591129303, 0.11311857402324677, 0.00015377152885776013, 0.03407331556081772, 0.025340845808386803, 0.007091667968779802, 0.04927783086895943, 0.05758161097764969, 0.045588813722133636, 0.028987456113100052, 0.1010388657450676, 0.03293435275554657, 0.023535164073109627, 0.05207561329007149, 0.02802850864827633, 0.028481893241405487, 0.08874918520450592, 0.0005026106955483556, 0.060616496950387955, 0.011180130764842033, 0.019624480977654457, 0.0121292220428586, 0.059423916041851044, 0.04857500642538071, 0.07600496709346771, 0.1255316585302353, 0.026623260229825974, 0.007496127858757973, 0.04160156100988388, 0.05282226577401161, 0.0015616114251315594, 0.09579016268253326, 0.02813178487122059, 0.030537040904164314, 0.09268050640821457, 0.01354190707206726, 0.0447000227868557, 0.014720949344336987, 0.0061144353821873665, 0.024735860526561737, 0.04773298278450966, 0.022707749158143997, 0.04598725214600563, 0.0034730976913124323, 0.10123000293970108, 0.03427574783563614, 0.04989113658666611, 0.041834790259599686, 0.027795718982815742, 0.005371729377657175, 0.07080844044685364, 0.02458011358976364, 0.08242807537317276, 0.039907071739435196, 0.010786617174744606, 0.0021872769575566053, 0.006501123309135437, 0.025542045012116432, 0.04568229615688324, 0.05965077131986618, 0.022400174289941788, 0.051420487463474274, 0.027595609426498413, 0.06458116322755814, 0.040909964591264725, 0.09786406904459, 0.031854745000600815, 0.021641453728079796, 0.03090604953467846, 0.08536665141582489, 0.09420742094516754, 0.0751713365316391, 0.003036707639694214, 0.0015698756324127316]"
F70,"[0.0, 0.0, 0.0, 0.0, 0.0, 0.0, 0.0, 0.0, 0.0, 0.0, 0.0, 0.0, 0.0, 0.0, 0.0, 0.0, 0.0, 0.0, 0.0, 0.0, 0.0, 0.0, 0.0, 0.0, 0.0, 0.0, 0.0, 0.0, 0.0, 0.0, 0.0, 0.0, 0.0, 0.0, 0.0, 0.0, 0.0, 0.0, 0.0, 0.0, 0.0, 0.0, 0.0, 0.0, 0.0, 0.0, 0.0, 0.0, 0.0, 0.0, 0.0, 0.0, 0.0, 0.0, 0.0, 0.0, 0.0, 0.0, 0.0, 0.0, 0.0, 0.0, 0.0, 0.0, 0.0, 0.0, 0.0, 0.0, 0.0, 0.0, 0.0, 0.0, 0.0, 0.0, 0.0, 0.0, 0.0, 0.0, 0.0, 0.0, 0.0, 0.0, 0.0, 0.0, 0.0, 0.0, 0.0, 0.0, 0.0, 0.0, 0.0, 0.0, 0.0, 0.0, 0.0, 0.0, 0.0, 0.0, 0.0, 0.0, 0.0, 0.0, 0.0, 0.0, 0.0, 0.0, 0.0, 0.0, 0.0, 0.0, 0.0, 0.0, 0.0, 0.0, 0.0, 0.0, 0.0, 0.0, 0.0, 0.0, 0.0, 0.0, 0.0, 0.0, 0.0, 0.0, 0.0, 0.0]"
F71,"[0.016196707263588905, 0.03520499914884567, 0.006758722476661205, 0.016846580430865288, 0.014308164827525616, 0.023497944697737694, 0.02056400291621685, 0.004066862631589174, 0.011918866075575352, 0.021932905539870262, 0.027323169633746147, 0.017759814858436584, 0.025598611682653427, 0.0024067657068371773, 0.0038195347879081964, 0.04500499367713928, 0.020943475887179375, 0.009833553805947304, 0.013455835171043873, 0.015841582790017128, 0.01793627068400383, 0.030834970995783806, 0.021009430289268494, 0.02205122634768486, 0.02576042152941227, 0.020917072892189026, 0.020013973116874695, 0.0002589125360827893, 0.020613983273506165, 0.009469660930335522, 0.005442007444798946, 0.011422068811953068, 0.012301139533519745, 0.00255062198266387, 0.02436179667711258, 0.025036344304680824, 0.021494949236512184, 0.008466612547636032, 0.01146014966070652, 0.02417885512113571, 0.03090105764567852, 0.008946981281042099, 0.003179003018885851, 0.0016935175517573953, 0.04050024598836899, 0.02912498079240322, 0.010745176114141941, 0.03094307705760002, 0.0021244718227535486, 0.0008777487673796713, 0.03483927622437477, 0.009548120200634003, 0.03832438215613365, 0.016859855502843857, 0.008406195789575577, 0.021252302452921867, 0.015403359197080135, 0.004915350582450628, 0.002589734038338065, 0.001519673620350659, 0.008956138975918293, 0.0010996381752192974, 0.003137224353849888, 0.014516263268887997, 0.012033958919346333, 0.01522742211818695, 0.01589939370751381, 0.010951870121061802, 0.007631685119122267, 0.01402409840375185, 0.027196664363145828, 0.007156992796808481, 0.00010280394781148061, 0.012370884418487549, 0.0021665312815457582, 0.009865512140095234, 0.030433082953095436, 0.020079484209418297, 0.023505663499236107, 0.041925594210624695, 0.011667650192975998, 0.03241606801748276, 0.0187973789870739, 0.01150593813508749, 0.0009161740890704095, 0.003866115352138877, 0.03274872899055481, 0.008164455182850361, 0.0048344251699745655, 0.005235549993813038, 0.00021979151642881334, 0.013998151756823063, 0.015373089350759983, 0.03117268718779087, 0.011389116756618023, 0.016604777425527573, 0.023246383294463158, 0.0054955193772912025, 0.027081366628408432, 0.036120399832725525, 0.029761118814349174, 0.004837686195969582, 0.004802804905921221, 0.037313781678676605, 0.01398085243999958, 0.0211949460208416, 0.0022287967149168253, 0.017197800800204277, 0.01468602940440178, 0.013268478214740753, 0.037732191383838654, 0.006540791597217321, 0.00944968219846487, 0.008239882066845894, 0.0006744632264599204, 0.03854820877313614, 0.0011823688400909305, 0.008831175975501537, 0.014217866584658623, 0.008079211227595806, 0.01906031183898449, 0.017461789771914482, 0.007668627891689539, 0.0009144946234300733, 0.030580155551433563, 0.009935623966157436, 0.0076239025220274925, 0.035285208374261856]"
F72,"[0.006855429150164127, 0.004168746992945671, 0.010537096299231052, 0.010752532631158829, 0.006121177691966295, 0.008782901801168919, 0.000751335232052952, 0.003140415996313095, 0.005682467017322779, 0.008235570974647999, 0.01018481981009245, 0.003189399838447571, 0.01134828757494688, 0.0007339462172240019, 0.006998769473284483, 0.0037548025138676167, 0.01085755042731762, 0.008960247039794922, 0.005628902465105057, 0.004518228583037853, 0.0031578680500388145, 0.006087319925427437, 0.013555669225752354, 0.0053177871741354465, 0.003571996930986643, 0.013796193525195122, 0.0014821975491940975, 0.0018556787399575114, 0.005569593049585819, 0.005586228333413601, 0.014029709622263908, 0.0004471175489015877, 0.00857605505734682, 0.007322820834815502, 0.005183105356991291, 0.0018521875608712435, 0.009976932778954506, 0.0014890634920448065, 0.004850530065596104, 0.014184407889842987, 0.00010820323950611055, 0.005799023900181055, 0.002445979043841362, 0.01609128527343273, 0.0029947820585221052, 0.01400984637439251, 0.004821880720555782, 0.006411659996956587, 0.009316311217844486, 0.0028006010688841343, 0.0024887374602258205, 0.006381439045071602, 0.006999333389103413, 0.000717307033482939, 0.01222133357077837, 0.0010768964421004057, 0.0019170432351529598, 1.5873121810727753e-05, 0.011682442389428616, 0.007403919007629156, 0.0034390015061944723, 0.007102311123162508, 0.009614706970751286, 0.005277731455862522, 0.0079024164006114, 0.010030511766672134, 0.004525601863861084, 0.0031580254435539246, 0.014661788009107113, 0.009024997241795063, 0.006594897713512182, 0.0058649820275604725, 0.005043449811637402, 0.0029331438709050417, 0.0037495936267077923, 0.009978264570236206, 0.006100598257035017, 0.01045160461217165, 0.006080526392906904, 0.0018794997595250607, 0.0015078185824677348, 0.003937670961022377, 0.000880598381627351, 0.011143716052174568, 0.008700423873960972, 0.008544872514903545, 0.005009524989873171, 0.003673902014270425, 0.0012206138344481587, 0.011434512212872505, 0.005677696317434311, 0.0026214320678263903, 0.009233574382960796, 0.00015589527902193367, 0.00042601325549185276, 0.006480280309915543, 0.00010575817577773705, 0.009083300828933716, 0.011840132996439934, 0.009201837703585625, 0.009564610198140144, 0.001790128997527063, 0.007606483064591885, 0.007985660806298256, 0.006267873104661703, 0.0005382525268942118, 0.007485117297619581, 0.0062939864583313465, 0.0032283661421388388, 0.0018236053874716163, 0.009840244427323341, 0.002890050644055009, 0.007238944061100483, 0.0018822506535798311, 0.001792793394997716, 0.007723657414317131, 0.0035351926926523447, 0.002860690699890256, 0.007950066588819027, 0.007826955989003181, 0.013991422951221466, 0.0015783054986968637, 0.015476182103157043, 0.0035058476496487856, 0.007893827743828297, 0.00034140126081183553, 0.003623667173087597, 0.010580118745565414]"
F73,"[0.00036317112972028553, 0.007649341132491827, 0.006991241592913866, 0.004949004855006933, 0.00819223653525114, 0.003891231492161751, 0.0046411422081291676, 0.003430236130952835, 0.003338945098221302, 0.0027029477059841156, 0.0015988702652975917, 0.0030643250793218613, 0.002195720560848713, 0.0018249748973175883, 0.0066269380040466785, 0.004539454355835915, 0.002890294883400202, 0.0047096009366214275, 0.0023357414174824953, 0.0088773462921381, 0.001006075064651668, 0.008687200956046581, 0.003777469741180539, 0.006179173942655325, 0.0009507642243988812, 0.00679729413241148, 0.004159688483923674, 0.009825878776609898, 0.0014881487004458904, 0.0003342706768307835, 0.009868605062365532, 0.008734959177672863, 0.007950939238071442, 0.005724543705582619, 0.004057206679135561, 0.005399012006819248, 0.001454510958865285, 0.005025623366236687, 0.003221167018637061, 0.0009036092087626457, 0.00043819265556521714, 0.0062557244673371315, 0.006439234595745802, 0.007996315136551857, 0.0015343688428401947, 0.0029259808361530304, 0.009617392905056477, 0.0035469443537294865, 0.0009849643101915717, 0.003389715449884534, 5.726819290430285e-05, 0.009151390753686428, 0.004386270884424448, 0.006813837215304375, 0.0024615523871034384, 0.0007701690192334354, 0.002099512843415141, 0.0018253880552947521, 0.006198485381901264, 0.0007150628953240812, 0.00047290296060964465, 0.0026559350080788136, 0.004849561490118504, 0.0029049350414425135, 0.00032526449649594724, 0.0021969114895910025, 0.00478231068700552, 0.011414301581680775, 0.002457078080624342, 0.0001205500666401349, 0.0013360081939026713, 7.567355351056904e-05, 0.0071532041765749454, 0.004452340304851532, 0.006729437503963709, 0.004955643322318792, 0.0053952038288116455, 0.006074054166674614, 0.007595370523631573, 0.000980169279500842, 0.004057494457811117, 0.0011644941987469792, 0.008357360027730465, 0.0006502867327071726, 0.0005286047235131264, 0.006020649336278439, 0.002492861356586218, 0.0025178040377795696, 0.004317640792578459, 0.0012976154685020447, 0.0009565943037159741, 0.008221705444157124, 0.00630641495808959, 0.0018233436858281493, 0.005244756583124399, 0.0023423261009156704, 0.0055555016733706, 0.003608184400945902, 0.0008553154766559601, 0.007209778297692537, 0.0014564025914296508, 0.007129594683647156, 0.003075797576457262, 0.00767811294645071, 0.0025788394268602133, 0.006558796390891075, 0.0018583745695650578, 0.0058146589435637, 0.009772827848792076, 0.00478759128600359, 0.0017463508993387222, 0.0014166776090860367, 0.0026022635865956545, 0.008298234082758427, 0.002332508796826005, 0.004955768119543791, 0.002309025265276432, 0.0008364412933588028, 0.0035706728231161833, 0.005124235525727272, 0.0023924242705106735, 0.0025200278032571077, 0.0006596633465960622, 0.00179272738751024, 0.0002992653753608465, 8.301797060994431e-05, 0.003787051420658827, 0.0027720925863832235]"
F74,"[0.010687347501516342, 0.011970561929047108, 0.011836529709398746, 0.005717277526855469, 0.015986908227205276, 0.010018332861363888, 0.0001000385673251003, 0.011906801722943783, 0.0028320560231804848, 0.003135720733553171, 0.001823741476982832, 0.0009707206627354026, 0.012370546348392963, 0.013835894875228405, 0.0016839138697832823, 0.0011284352513030171, 0.004796258173882961, 0.00013257098908070475, 0.0083086546510458, 0.010285616852343082, 0.00039589282823726535, 0.010800138115882874, 0.003241111757233739, 0.002418504562228918, 0.00639994814991951, 0.004098573699593544, 0.00915717612951994, 0.004086136352270842, 0.004301347304135561, 0.013561725616455078, 0.015330473892390728, 3.0626564694102854e-05, 0.0005057703820057213, 0.0066418894566595554, 0.00925063993781805, 0.0008753627189435065, 0.0019151518354192376, 0.01277224626392126, 0.003976147156208754, 0.013104916550219059, 0.005965711083263159, 0.01163192093372345, 0.0015896607656031847, 0.004769442602992058, 0.009621317498385906, 0.0026213079690933228, 0.008143405430018902, 0.006408910267055035, 0.00048681595944799483, 0.0017842662055045366, 0.0013675690861418843, 0.0019250671612098813, 0.004715773742645979, 0.006738025229424238, 0.0014790681889280677, 0.012394427321851254, 0.0021609021350741386, 0.010417696088552475, 0.0007772741373628378, 3.4509008401073515e-05, 0.007703955750912428, 0.010092509910464287, 0.000751806772314012, 0.009940151125192642, 0.0037430175580084324, 0.009867483749985695, 0.004900106228888035, 0.015690678730607033, 0.0014959960244596004, 0.007862396538257599, 0.011662914417684078, 0.008136446587741375, 0.0032549311872571707, 0.005337982438504696, 0.0038630939088761806, 0.001050302991643548, 0.01653563417494297, 0.011014704592525959, 0.0003157763567287475, 0.0031825206242501736, 0.01619477942585945, 0.006808282341808081, 0.012310345657169819, 0.009472604840993881, 0.0008024873677641153, 0.008922278881072998, 0.002823245245963335, 0.0028375242836773396, 0.006726718973368406, 0.002293170429766178, 0.00465833256021142, 0.003908753860741854, 0.003283340949565172, 0.0025074039585888386, 0.0006774060311727226, 0.006700974423438311, 0.001416682731360197, 0.0005765599198639393, 0.007829587906599045, 0.0002502499264664948, 0.001971964258700609, 0.0005262037739157677, 0.0008948850445449352, 0.0028398006688803434, 0.0019432107219472528, 2.91420983558055e-05, 0.011547737754881382, 0.009310965426266193, 0.002203064737841487, 0.013187455013394356, 0.009718830697238445, 0.00694353599101305, 0.010283006355166435, 0.007046003360301256, 0.014554943889379501, 0.0026570595800876617, 0.010429561138153076, 0.0049243285320699215, 0.0006217212066985667, 0.0027772909961640835, 0.01003022026270628, 0.0010845963843166828, 0.001879312563687563, 0.008967619389295578, 0.0038658406119793653, 0.002975235925987363, 0.0018600779585540295, 0.009015151299536228]"
F75,"[0.0017880003433674574, 0.014064528979361057, 0.01722045987844467, 0.00898849405348301, 0.005333890672773123, 0.001457998645491898, 0.006189172621816397, 0.006708377506583929, 0.004146041814237833, 0.004240951035171747, 0.005753528326749802, 0.00173281563911587, 0.0022311715874820948, 0.00520046753808856, 0.011778052896261215, 0.009189298376441002, 0.0065550184808671474, 0.011246674694120884, 0.0025854238774627447, 0.0037742836866527796, 0.0018347802106291056, 0.0014550945488736033, 0.009484115988016129, 0.000519520603120327, 0.0022070135455578566, 0.004847140982747078, 0.01770421862602234, 0.007344357669353485, 0.0019586258567869663, 0.008371028117835522, 0.004301711451262236, 0.0029627131298184395, 0.0021686507388949394, 0.00908643752336502, 0.011745400726795197, 0.011269941926002502, 0.007954483851790428, 0.009778128936886787, 0.011865713633596897, 0.0012234434252604842, 0.007717548869550228, 0.0041189067997038364, 0.008909574709832668, 0.009294461458921432, 0.012583239935338497, 0.01287118811160326, 0.01819673739373684, 0.00326555292122066, 0.0002140891010640189, 9.389401384396479e-05, 0.005388772580772638, 0.005892941262573004, 0.006485200487077236, 0.007627553306519985, 0.0045543694868683815, 0.0010564806871116161, 0.004535282496362925, 0.0014402930391952395, 0.014713925309479237, 0.00900444108992815, 0.0008324941736645997, 0.007626093924045563, 0.0011238375445827842, 0.0027718583587557077, 0.007937943562865257, 0.008540441282093525, 0.002220765221863985, 0.0033620314206928015, 0.006111286114901304, 0.006561143323779106, 0.014998120255768299, 0.016608748584985733, 0.0077567799016833305, 0.01977735571563244, 0.002962155267596245, 0.009215043857693672, 0.008364817127585411, 0.007592334412038326, 0.0017586845206096768, 0.007358880247920752, 0.007325259502977133, 0.010880188085138798, 0.005047817248851061, 0.011005658656358719, 0.0046926881186664104, 0.008448474109172821, 0.0014163823798298836, 0.006244245916604996, 0.011278464458882809, 0.012666109018027782, 0.013526909984648228, 0.00650544511154294, 0.0068204267881810665, 0.0011317299213260412, 0.0073371161706745625, 0.006647163536399603, 0.004835275001823902, 0.0064968690276145935, 0.010949239134788513, 0.007941187359392643, 0.010904381982982159, 0.004514067899435759, 5.669523307005875e-05, 0.006542157381772995, 0.009840797632932663, 0.0065399217419326305, 0.005942188668996096, 0.014229683205485344, 0.005651483312249184, 0.0119481161236763, 0.010192756541073322, 0.0026645148172974586, 0.008748678490519524, 0.0027385095600038767, 0.00972746405750513, 0.0012146100634709, 0.005984208546578884, 0.0004453191068023443, 0.007016361691057682, 0.009749380871653557, 0.008321482688188553, 0.01078827865421772, 0.004421570338308811, 0.0035907006822526455, 0.003144381567835808, 0.008897583931684494, 0.01319295447319746, 0.012605095282196999]"
F76,"[0.0037501638289541006, 0.006593045778572559, 0.009230278432369232, 0.026021847501397133, 0.07424239069223404, 0.06165129318833351, 0.05760767310857773, 0.10602077096700668, 0.05421224236488342, 0.030315585434436798, 0.037638697773218155, 0.018173089250922203, 0.06544717401266098, 0.11524384468793869, 0.1191287487745285, 0.02316587045788765, 0.02997502312064171, 0.040762126445770264, 0.0365726500749588, 0.035385627299547195, 0.012944549322128296, 0.04582507535815239, 0.013920807279646397, 0.09831279516220093, 0.03572707623243332, 0.04073645547032356, 0.015736578032374382, 0.11703264713287354, 0.024296989664435387, 0.13264188170433044, 0.06465410441160202, 0.04283527657389641, 0.031175248324871063, 0.0646756961941719, 0.07837291806936264, 0.014827171340584755, 0.11131919920444489, 0.07697939872741699, 0.08071442693471909, 0.18049462139606476, 0.1531783640384674, 0.00528113404288888, 0.060127101838588715, 0.07509380578994751, 0.03750469163060188, 0.08029258996248245, 0.10992953181266785, 0.05869739502668381, 0.10563905537128448, 0.08231671154499054, 0.061375752091407776, 0.04430196061730385, 0.038796864449977875, 0.04599439725279808, 0.019626883789896965, 0.02915370836853981, 0.015256598591804504, 0.07597941905260086, 0.04433855041861534, 0.018451610580086708, 0.04864165931940079, 0.03851236030459404, 0.08887365460395813, 0.009458639658987522, 0.03884780406951904, 0.05191560462117195, 0.04968243092298508, 0.014961451292037964, 0.07855185866355896, 0.0798206552863121, 0.011589760892093182, 0.11123229563236237, 0.04402392730116844, 0.018248531967401505, 0.07467208802700043, 0.014938801527023315, 0.038787323981523514, 0.07390694320201874, 0.1266346424818039, 0.03627313673496246, 0.09144483506679535, 0.09923628717660904, 0.005712345242500305, 0.016117539256811142, 0.003198794089257717, 0.044936999678611755, 0.13763722777366638, 0.03744920715689659, 0.09377197921276093, 0.07446622848510742, 0.06171964481472969, 0.08215721696615219, 0.015615460462868214, 0.027813198044896126, 0.007967340759932995, 0.0308014377951622, 0.0009644582751207054, 0.001553610898554325, 0.11315565556287766, 0.0986265316605568, 0.006560714915394783, 0.006829495076090097, 0.022398222237825394, 0.011043970473110676, 0.03660808876156807, 0.030731093138456345, 0.048595819622278214, 0.010124820284545422, 0.002255890052765608, 0.008119375444948673, 0.13315871357917786, 0.16542001068592072, 0.03775154426693916, 0.09190431237220764, 0.043035734444856644, 0.03823893144726753, 0.02159959450364113, 0.03327474370598793, 0.024526843801140785, 0.08148431032896042, 0.06877720355987549, 0.15527473390102386, 0.07049097120761871, 0.06883541494607925, 0.0021888441406190395, 0.013018767349421978, 0.049417249858379364, 0.07783705741167068]"
F77,"[0.11612255126237869, 0.00835054274648428, 0.07540006935596466, 0.18308214843273163, 0.06959660351276398, 0.058500103652477264, 0.07973968237638474, 0.048027828335762024, 0.027705984190106392, 0.12655778229236603, 0.015512773767113686, 0.05751354619860649, 0.09673614799976349, 0.06299448013305664, 0.04565543681383133, 0.02199658937752247, 0.05530375987291336, 0.042656250298023224, 0.09828408807516098, 0.02227385714650154, 0.008421468548476696, 0.007057240232825279, 0.16655758023262024, 0.033018480986356735, 0.05828629061579704, 0.1460636407136917, 0.06446314603090286, 0.06079695746302605, 0.03952246531844139, 0.16850486397743225, 0.012371442280709743, 0.18468865752220154, 0.04995332658290863, 0.06713452190160751, 0.08634020388126373, 0.12612920999526978, 0.18969297409057617, 0.13172592222690582, 0.01149802841246128, 0.040522556751966476, 0.01642703264951706, 0.00814612116664648, 0.07852169871330261, 0.03172308951616287, 0.03727330267429352, 0.09670974314212799, 0.10583337396383286, 0.14588947594165802, 0.04887665435671806, 0.03509261831641197, 0.14855284988880157, 0.11289241164922714, 0.05715871974825859, 0.08952061831951141, 0.0042929756455123425, 0.08609931915998459, 0.07896725088357925, 0.061586085706949234, 0.028577806428074837, 0.08398643136024475, 0.08718129247426987, 0.06377725303173065, 0.020601453259587288, 0.18559083342552185, 0.026613451540470123, 0.16569884121418, 0.04089939221739769, 0.08953540772199631, 0.0009136792505159974, 0.005780453328043222, 0.06775335967540741, 0.14297081530094147, 0.02582024596631527, 0.009212512522935867, 0.13467809557914734, 0.08067291975021362, 0.15218108892440796, 0.03899723291397095, 0.12900640070438385, 0.03353304788470268, 0.14763666689395905, 0.018239634111523628, 0.16431684792041779, 0.1714661419391632, 0.0006586762610822916, 0.08661234378814697, 0.11266683042049408, 0.05683821439743042, 0.07772668451070786, 0.02174936793744564, 0.1803118735551834, 0.0020504952408373356, 0.16783735156059265, 0.14059631526470184, 0.1291067749261856, 0.015445171855390072, 0.14241284132003784, 0.08692454546689987, 0.11462581157684326, 0.11113695055246353, 0.10971829295158386, 0.16642680764198303, 0.036703962832689285, 0.13487356901168823, 0.1188039481639862, 0.005549570545554161, 0.13720621168613434, 0.025253359228372574, 0.03209981694817543, 0.174189031124115, 0.1196480318903923, 0.10091520100831985, 0.15690432488918304, 0.06637170165777206, 0.005076806992292404, 0.05455148220062256, 0.08012299984693527, 0.10253553837537766, 0.0715789794921875, 0.02915591187775135, 0.009045569226145744, 0.09752906113862991, 0.07679340243339539, 0.10809063911437988, 0.079325832426548, 0.12607145309448242, 0.06933905929327011, 0.0052436706610023975]"
F78,"[0.05859086662530899, 0.0035489683505147696, 0.030628696084022522, 0.1061914712190628, 0.17912091314792633, 0.055696647614240646, 0.06095210090279579, 0.03023531846702099, 0.009991250932216644, 0.04622294381260872, 0.09902938455343246, 0.04513225331902504, 0.05205809697508812, 0.0731743723154068, 0.01256997138261795, 0.14452415704727173, 0.07919180393218994, 0.014640667475759983, 0.005964582320302725, 0.034703679382801056, 0.14489416778087616, 0.07963377237319946, 0.03434836119413376, 0.1278717815876007, 0.07030585408210754, 0.11803358048200607, 0.08599594235420227, 0.03627898916602135, 0.07032527774572372, 0.03755214810371399, 0.047397468239068985, 0.12089299410581589, 0.03292784094810486, 0.08029718697071075, 0.08005097508430481, 0.04904857650399208, 0.10392351448535919, 0.08633740246295929, 0.0019529854180291295, 0.15758155286312103, 0.13460153341293335, 0.06501635164022446, 0.09449982643127441, 0.009737508371472359, 0.012334618717432022, 0.06116456165909767, 0.009462560527026653, 0.14187705516815186, 0.057716354727745056, 0.07126114517450333, 0.08276685327291489, 0.11282207816839218, 0.02154397778213024, 0.04916401579976082, 0.04114735871553421, 0.013150019571185112, 0.06371995061635971, 0.08868800103664398, 0.031003279611468315, 0.04217657446861267, 0.07694362848997116, 0.04988391324877739, 0.023941032588481903, 0.11005493253469467, 0.026486221700906754, 0.09435635805130005, 0.006378548685461283, 0.001855763839557767, 0.17177227139472961, 0.07068110257387161, 0.03369927406311035, 0.06021885201334953, 0.14010652899742126, 0.18843360245227814, 0.13671106100082397, 0.059689901769161224, 0.008326859213411808, 0.1305054873228073, 0.042749837040901184, 0.05944399908185005, 0.11569470912218094, 0.05578656494617462, 0.011881070211529732, 0.03625650331377983, 0.08635503053665161, 0.08048972487449646, 0.06135819852352142, 0.010479080490767956, 0.002931896597146988, 0.08304087817668915, 0.044822532683610916, 0.03998176008462906, 0.03121810033917427, 0.08386347442865372, 0.015263000503182411, 0.14413441717624664, 0.09239449352025986, 0.12363868951797485, 0.018441880121827126, 0.07383541762828827, 0.07335685938596725, 0.11259174346923828, 0.033419955521821976, 0.02436520904302597, 0.09603887051343918, 0.0549478679895401, 0.021159952506422997, 0.08490359038114548, 0.027349038049578667, 0.015831399708986282, 0.08239585161209106, 0.08425155282020569, 0.09512562304735184, 0.14849792420864105, 0.06278299540281296, 0.09716229140758514, 0.16775056719779968, 0.023737646639347076, 0.040356505662202835, 0.060525089502334595, 0.1598057597875595, 0.005234863609075546, 0.013458611443638802, 0.04496913030743599, 0.009920138865709305, 0.07918992638587952, 0.048999179154634476, 0.14237238466739655]"
F79,"[0.016890861093997955, 0.0011329436674714088, 0.011986911296844482, 0.024818094447255135, 0.010234266519546509, 0.005343141499906778, 0.031417250633239746, 0.0084642693400383, 0.02658628486096859, 0.018917802721261978, 0.049407463520765305, 0.014042678289115429, 0.014439995400607586, 0.028347691521048546, 0.007612545043230057, 0.051693156361579895, 0.03414931893348694, 0.003821281949058175, 0.0047689988277852535, 0.02968333475291729, 0.0003970570396631956, 0.04538118094205856, 0.0059980605728924274, 0.011153841391205788, 0.029277686029672623, 0.047256726771593094, 0.028578348457813263, 0.0020561045967042446, 0.0035618722904473543, 0.013168025761842728, 0.01746450923383236, 0.012039804831147194, 0.02262950874865055, 0.03838488832116127, 0.009930040687322617, 0.02948847971856594, 0.030997971072793007, 0.018265757709741592, 0.02528422698378563, 0.01720229722559452, 0.024855859577655792, 0.03126845136284828, 0.030147533863782883, 0.040012940764427185, 0.02818143740296364, 0.015266019850969315, 0.007822680287063122, 0.016035743057727814, 0.011399292387068272, 0.021713657304644585, 0.04019862413406372, 0.029516246169805527, 0.021968690678477287, 0.040918223559856415, 0.01847556047141552, 0.029832780361175537, 0.009229368530213833, 0.00359850050881505, 0.044341932982206345, 0.0021680949721485376, 0.008799359202384949, 0.06536209583282471, 0.02059042640030384, 0.004577599931508303, 0.009260137565433979, 0.010369891300797462, 0.05018743872642517, 0.03979840874671936, 0.03495742753148079, 0.012122092768549919, 0.0006143900682218373, 0.03305394574999809, 0.004411762114614248, 0.004879934713244438, 0.028030922636389732, 0.03350235894322395, 0.022132661193609238, 0.04766491800546646, 0.018537163734436035, 0.01995592750608921, 0.004670897964388132, 0.03214294835925102, 0.026932360604405403, 0.018587367609143257, 0.0240666251629591, 0.02021145261824131, 0.04012409970164299, 0.014552813954651356, 0.012841927818953991, 0.019614659249782562, 0.015152949839830399, 0.024730157107114792, 0.015100257471203804, 0.001128287287428975, 0.0244477279484272, 0.048934802412986755, 0.031731195747852325, 0.024605588987469673, 0.003675916464999318, 0.02399284951388836, 0.02809697948396206, 0.022091178223490715, 0.008162319660186768, 0.03929512947797775, 0.03736015036702156, 0.03500625863671303, 0.01565246842801571, 0.01903054490685463, 0.010034472681581974, 0.017024967819452286, 0.02875261753797531, 0.004306646063923836, 0.026870228350162506, 0.009205518290400505, 0.021102890372276306, 0.038084711879491806, 0.04047781229019165, 0.02738264761865139, 0.06375417858362198, 0.02697228267788887, 0.021460024639964104, 0.022590992972254753, 0.020060932263731956, 0.010610823519527912, 0.02465265803039074, 0.029337845742702484, 0.025660786777734756, 0.04879829287528992]"
F80,"[0.016527576372027397, 0.005471890792250633, 0.016016313806176186, 0.004770106635987759, 0.013003216125071049, 0.0126494774594903, 0.005366861820220947, 0.014481660909950733, 0.0024851623456925154, 0.0007357017602771521, 0.001426939619705081, 0.0044311233796179295, 0.010603247210383415, 0.009501933120191097, 0.009752754122018814, 0.016253232955932617, 0.005813903640955687, 0.006762585137039423, 0.00907465722411871, 0.007455276325345039, 0.0025141912046819925, 0.006382278632372618, 0.009598960168659687, 0.02345576323568821, 0.00832055788487196, 0.01005877461284399, 0.010189478285610676, 0.012322306632995605, 0.008057530969381332, 0.002461919793859124, 0.0008165414328686893, 0.008725027553737164, 0.0037353828083723783, 0.01213720254600048, 0.013360640034079552, 0.012001517228782177, 0.016496144235134125, 0.002788765821605921, 0.017033113166689873, 0.004426749888807535, 0.005102487746626139, 0.008835039101541042, 0.010478219948709011, 0.012398775666952133, 0.012871176935732365, 0.0022000197786837816, 0.008166990242898464, 0.0002175295230699703, 0.004066844470798969, 0.009830407798290253, 0.00848474446684122, 0.003987248055636883, 0.016512861475348473, 0.020096471533179283, 0.01607719250023365, 0.005116430576890707, 0.01024013850837946, 0.010192944668233395, 0.005106201395392418, 0.004672813229262829, 0.008355190046131611, 0.006296495441347361, 0.015471497550606728, 0.01046069897711277, 0.007303834427148104, 0.005298726260662079, 0.0086447698995471, 0.00850578024983406, 0.0037764827720820904, 0.019049517810344696, 9.724155097501352e-05, 0.018478356301784515, 0.013684071600437164, 0.009711173363029957, 0.00975805800408125, 0.003758151549845934, 0.00821764674037695, 0.008910448290407658, 0.005727452225983143, 0.006770243868231773, 0.007523756008595228, 0.00929355900734663, 0.012333295308053493, 0.015972932800650597, 0.012323711067438126, 0.012044111266732216, 0.01094911154359579, 0.017858166247606277, 0.01115522999316454, 0.0028840836603194475, 0.0025910825934261084, 0.006795199122279882, 0.0035967212170362473, 0.007691995240747929, 0.014417227357625961, 0.006447240710258484, 0.01647501438856125, 0.001977303298190236, 0.005396123975515366, 0.001350331585854292, 0.013298861682415009, 0.010783840902149677, 0.017551179975271225, 0.006003054324537516, 0.016474183648824692, 0.011587252840399742, 0.013385145924985409, 0.009994853287935257, 0.02003161422908306, 0.006487303413450718, 0.011453622952103615, 0.017643287777900696, 0.007595527451485395, 0.005333295091986656, 0.007885871455073357, 0.009375815279781818, 0.01405777595937252, 0.021331598982214928, 0.011287123896181583, 0.006346767768263817, 0.004686439875513315, 0.010199903510510921, 0.0054867262952029705, 0.004148677457123995, 0.004200328607112169, 0.00576805742457509, 0.0007099788635969162, 0.01347274612635374]"
F81,"[0.0626082569360733, 0.1072462648153305, 0.03297349438071251, 0.11775066703557968, 0.014581184834241867, 0.04214392974972725, 0.03238704800605774, 0.05892551317811012, 0.033409081399440765, 0.016598589718341827, 0.0054178969003260136, 0.10353553295135498, 0.008816014975309372, 0.015600469894707203, 0.1477443128824234, 0.013191089034080505, 0.133806973695755, 0.06108370050787926, 0.021422291174530983, 0.03631317615509033, 0.0814470425248146, 0.0027267278637737036, 0.08180725574493408, 0.13287386298179626, 0.023020891472697258, 0.015789180994033813, 0.1017182320356369, 0.02825896069407463, 0.03890392556786537, 0.14258596301078796, 0.12669192254543304, 0.09267226606607437, 0.09095592796802521, 0.011866601184010506, 0.07357519119977951, 0.040891487151384354, 0.007800879422575235, 0.0458122193813324, 0.0719652846455574, 0.06133347749710083, 0.12373717874288559, 0.051127586513757706, 0.00717025063931942, 0.016708292067050934, 0.05968299135565758, 0.10046277195215225, 0.07598335295915604, 0.1392793208360672, 0.02897701971232891, 0.0018496464472264051, 0.06680210679769516, 0.12226022034883499, 0.03203697130084038, 0.0942503809928894, 0.12315802276134491, 0.036339689046144485, 0.009465436451137066, 0.023879868909716606, 0.04102614149451256, 0.020019108429551125, 0.00977555476129055, 0.04226471856236458, 0.06491020321846008, 0.10974296927452087, 0.04334117844700813, 0.042674366384744644, 0.016260849311947823, 0.11278250813484192, 0.04097694158554077, 0.0652976930141449, 0.08787643164396286, 0.006911574862897396, 0.055206481367349625, 0.12011681497097015, 0.015558015555143356, 0.10623617470264435, 0.04911954328417778, 0.04781724512577057, 0.08871534466743469, 0.049567434936761856, 0.058617282658815384, 0.0352046862244606, 0.012873201631009579, 0.006878753658384085, 0.027598166838288307, 0.0995817631483078, 0.0862617939710617, 0.0293734073638916, 0.03329213708639145, 0.16330954432487488, 0.03936570882797241, 0.005778519902378321, 0.07123588025569916, 0.08516821265220642, 0.10412651300430298, 0.056220658123493195, 0.08154962956905365, 0.0017894571647047997, 0.0880320742726326, 0.04003235325217247, 0.07205800712108612, 0.011133217252790928, 0.02339446358382702, 0.04392530769109726, 0.007385837379842997, 0.0019728292245417833, 0.012182125821709633, 0.10106495767831802, 0.13403615355491638, 0.015134218148887157, 0.14524835348129272, 0.0731102004647255, 0.030359385535120964, 0.01965053752064705, 0.04353960230946541, 0.13996097445487976, 0.03113441728055477, 0.07805529236793518, 0.034042082726955414, 0.016922727227211, 0.12628290057182312, 0.03309831768274307, 0.01740122213959694, 0.08867595344781876, 0.07052446901798248, 0.06222305819392204, 0.04842352494597435, 0.10513486713171005]"
F82,"[0.0002183635951951146, 0.014930842444300652, 0.0016090712742879987, 0.003170059761032462, 0.0010586977005004883, 0.0023406927939504385, 0.0029299124144017696, 0.00960562750697136, 0.0050620888359844685, 0.010686254128813744, 0.010530393570661545, 0.008562352508306503, 0.0037623646203428507, 0.014108615927398205, 0.014347832649946213, 0.01310817338526249, 0.005277075804769993, 0.00571824237704277, 0.004421819467097521, 0.0005447571165859699, 0.0074265929870307446, 0.006207925267517567, 0.0005513596115633845, 0.007535511162132025, 0.004948308225721121, 0.011080148629844189, 0.00354279694147408, 0.006164064630866051, 0.009825101122260094, 0.006417026277631521, 0.004385481588542461, 0.004713444970548153, 0.0028676693327724934, 0.007117777597159147, 0.01183538418263197, 0.008299053646624088, 0.011217715218663216, 0.003105972660705447, 7.183843263192102e-05, 0.0012937486171722412, 0.00510684447363019, 0.00739496061578393, 0.01372333150357008, 0.005390041507780552, 0.003801686456426978, 0.008647377602756023, 0.0061135985888540745, 0.0042053572833538055, 0.014093155041337013, 0.004281221888959408, 0.004775891080498695, 0.011312104761600494, 1.1371686014172155e-05, 0.01632077246904373, 0.009358084760606289, 0.014562763273715973, 0.002208943013101816, 0.01193832978606224, 0.008556288667023182, 0.0026200206484645605, 0.010892214253544807, 0.008642274886369705, 0.00610915943980217, 0.0008845046977512538, 0.0018002596916630864, 0.004993501119315624, 0.00736393453553319, 0.01834152266383171, 0.0005801065126433969, 0.0017562160501256585, 0.009001323953270912, 0.015871230512857437, 0.0030008398462086916, 0.00791806261986494, 0.004293577745556831, 0.008963854052126408, 0.007539324462413788, 0.000745493161957711, 0.0024492780212312937, 0.0002890224859584123, 0.007394216023385525, 0.00909044872969389, 0.003121972316876054, 0.0012534380657598376, 0.00800334569066763, 0.006718296557664871, 7.906826795078814e-05, 0.006202985066920519, 0.0021688120905309916, 0.0032651934307068586, 0.005794331897050142, 0.011683814227581024, 0.0025053229182958603, 0.0009766039438545704, 0.00807764008641243, 0.01040430087596178, 0.009381786920130253, 0.008894256316125393, 0.012640781700611115, 0.007078657392412424, 0.01214847806841135, 0.0040044174529612064, 0.0024713831953704357, 0.010159661993384361, 0.0041615781374275684, 0.00274284346960485, 0.006284426897764206, 0.005501913838088512, 0.00833469070494175, 0.010188003070652485, 0.001062955940142274, 0.000755847548134625, 0.003458656370639801, 0.0013725594617426395, 0.006489059887826443, 0.0104264747351408, 0.011568397283554077, 0.007465893402695656, 0.01265210285782814, 0.0032844527158886194, 0.0009535604040138423, 0.008723573759198189, 0.00910902675241232, 0.002393539296463132, 0.008953054435551167, 0.00048539790441282094, 0.005843901075422764, 0.006414568051695824]"
F83,"[0.015040024183690548, 0.030819250270724297, 0.0010939771309494972, 0.021466311067342758, 0.006454849150031805, 0.010617644526064396, 0.00586116686463356, 0.011771191842854023, 0.03294815868139267, 0.03142363578081131, 0.018645182251930237, 0.013429301790893078, 0.023336557671427727, 0.007527980953454971, 0.028971971943974495, 0.0147944251075387, 0.02781999483704567, 0.02002006769180298, 0.013708772137761116, 0.0028410437516868114, 0.00034023053012788296, 0.017981797456741333, 0.005507768131792545, 0.002201009774580598, 0.0014919284731149673, 0.012906169518828392, 0.0019205211428925395, 0.026743125170469284, 0.005817171186208725, 0.052858833223581314, 0.017592787742614746, 0.012702851556241512, 0.055899038910865784, 0.025064527988433838, 0.014424445107579231, 0.025116881355643272, 0.008240374736487865, 0.0113798463717103, 0.019082041457295418, 0.008131921291351318, 0.01310711819678545, 0.0034196695778518915, 0.010129941627383232, 0.005863978993147612, 0.029244117438793182, 0.022773761302232742, 0.008217974565923214, 0.018193190917372704, 0.012612409889698029, 0.0035573651548475027, 0.012569738551974297, 0.005439619068056345, 0.022024130448698997, 0.0179809108376503, 0.03956204280257225, 0.05058663710951805, 0.00318630482070148, 0.013917157426476479, 0.017890198156237602, 0.00013117180787958205, 0.009071208536624908, 0.028770484030246735, 0.010253287851810455, 0.004984143190085888, 0.013683721423149109, 0.0144596416503191, 0.004610531963407993, 0.023177536204457283, 0.037067707628011703, 0.0008545564487576485, 0.022283677011728287, 0.026123980060219765, 0.03941323980689049, 0.03672049939632416, 0.02758154645562172, 0.0045955972746014595, 0.036593247205019, 0.009405702352523804, 0.022541744634509087, 0.008998445235192776, 0.05154822766780853, 0.03054608404636383, 0.009565901942551136, 0.009921914897859097, 0.005625950172543526, 0.006318666506558657, 0.034446727484464645, 0.0492747537791729, 0.01640000380575657, 0.052948933094739914, 0.025027990341186523, 0.02842051535844803, 0.03305944800376892, 0.016531722620129585, 0.005545106716454029, 0.042909298092126846, 0.007038520649075508, 0.03152833878993988, 0.007748699747025967, 0.04931218549609184, 0.0449226014316082, 0.017852382734417915, 0.021576231345534325, 0.0014460849342867732, 0.0071523236110806465, 0.007943730801343918, 0.04400153085589409, 0.014869152568280697, 0.026988763362169266, 0.002151008928194642, 0.024650631472468376, 0.005706495139747858, 0.023515241220593452, 9.765871800482273e-05, 0.018535936251282692, 0.02919660322368145, 0.05592251569032669, 0.012296765111386776, 0.007531471084803343, 0.010881217196583748, 0.03833560273051262, 0.026570606976747513, 0.04181044548749924, 0.008299179375171661, 0.02860376052558422, 0.006090245209634304, 0.002639134880155325, 0.013034616596996784]"
F84,"[0.0, 0.0, 0.0, 0.0, 0.0, 0.0, 0.0, 0.0, 0.0, 0.0, 0.0, 0.0, 0.0, 0.0, 0.0, 0.0, 0.0, 0.0, 0.0, 0.0, 0.0, 0.0, 0.0, 0.0, 0.0, 0.0, 0.0, 0.0, 0.0, 0.0, 0.0, 0.0, 0.0, 0.0, 0.0, 0.0, 0.0, 0.0, 0.0, 0.0, 0.0, 0.0, 0.0, 0.0, 0.0, 0.0, 0.0, 0.0, 0.0, 0.0, 0.0, 0.0, 0.0, 0.0, 0.0, 0.0, 0.0, 0.0, 0.0, 0.0, 0.0, 0.0, 0.0, 0.0, 0.0, 0.0, 0.0, 0.0, 0.0, 0.0, 0.0, 0.0, 0.0, 0.0, 0.0, 0.0, 0.0, 0.0, 0.0, 0.0, 0.0, 0.0, 0.0, 0.0, 0.0, 0.0, 0.0, 0.0, 0.0, 0.0, 0.0, 0.0, 0.0, 0.0, 0.0, 0.0, 0.0, 0.0, 0.0, 0.0, 0.0, 0.0, 0.0, 0.0, 0.0, 0.0, 0.0, 0.0, 0.0, 0.0, 0.0, 0.0, 0.0, 0.0, 0.0, 0.0, 0.0, 0.0, 0.0, 0.0, 0.0, 0.0, 0.0, 0.0, 0.0, 0.0, 0.0, 0.0]"
F85,"[0.0011452948674559593, 0.007828711532056332, 0.0022209296002984047, 0.0020162067376077175, 0.004704720806330442, 0.005748120602220297, 0.0014103923458606005, 0.001683074631728232, 0.0047345091588795185, 0.0045419009402394295, 0.003271498018875718, 0.006210009567439556, 0.0013720706338062882, 0.006612935569137335, 0.0007443157956004143, 0.0022261885460466146, 0.0008109683985821903, 0.004779466427862644, 0.0024732386227697134, 0.004469392355531454, 0.007820047438144684, 0.006330572534352541, 0.00020666420459747314, 0.005451797973364592, 0.0012496118433773518, 0.0023789408151060343, 0.004428001120686531, 0.0027406662702560425, 0.009406393393874168, 0.0014426636043936014, 0.007270817644894123, 0.0026356580201536417, 7.581199952255702e-06, 0.0021171164698898792, 0.00419910904020071, 0.0027447352185845375, 0.0010781311430037022, 0.0015538532752543688, 0.002713981317356229, 0.010374834761023521, 3.446174741839059e-05, 0.009851689450442791, 0.0022396892309188843, 0.00278301234357059, 0.0013119203504174948, 0.008701253682374954, 0.0024390253238379955, 0.0007971995510160923, 0.0012416546232998371, 0.0007487967377528548, 0.006125789601355791, 0.0013658347306773067, 0.0036001575645059347, 0.0005899178213439882, 0.0012625096132978797, 0.0053431992419064045, 0.002705696737393737, 0.0020983025897294283, 0.007077955175191164, 0.003920563496649265, 0.0072324322536587715, 5.4549429478356615e-05, 0.0005819957004860044, 0.0001506759726908058, 0.00025498628383502364, 0.005733244586735964, 0.0031334063969552517, 0.008912328630685806, 0.006607747636735439, 0.008105440065264702, 0.00806514360010624, 0.0007508559501729906, 0.003822197439149022, 0.00015211020945571363, 0.0016401048051193357, 0.00382065842859447, 0.007124809548258781, 0.00016066725947894156, 0.004154047463089228, 0.0021058369893580675, 0.004452915862202644, 0.003598179202526808, 0.0009532374679110944, 6.249000580282882e-05, 0.00151610909961164, 0.006850953213870525, 0.0024587546940892935, 0.0013737608678638935, 0.007339476142078638, 0.0016830150270834565, 0.0007687776233069599, 0.008732814341783524, 0.004126109182834625, 0.0020354436710476875, 0.0041243634186685085, 0.005257815588265657, 0.004043820314109325, 0.0007933352026157081, 8.313741273013875e-05, 0.00625517126172781, 0.00022954976884648204, 0.0028112505096942186, 0.00654434971511364, 0.0023542640265077353, 0.0038848239928483963, 0.009353451430797577, 0.008573712781071663, 0.0020492123439908028, 9.082641190616414e-05, 0.0017299416940659285, 0.003923216834664345, 0.003468274837359786, 0.010155261494219303, 0.001083947834558785, 0.0019531259313225746, 0.005134075414389372, 0.0007075666799210012, 0.008297916501760483, 0.0039951796643435955, 0.004006537608802319, 0.004977830220013857, 0.008568063378334045, 0.0028992462903261185, 0.007842780090868473, 0.001501144259236753, 0.008574710227549076, 0.0024131545796990395, 0.0005222607287578285]"
F86,"[0.005003537051379681, 0.009964445605874062, 0.00706094317138195, 0.005488846451044083, 0.004223027732223272, 0.004751904867589474, 0.008432318456470966, 0.0032782787457108498, 0.005883359350264072, 0.0037289175670593977, 0.012226234190165997, 0.0019773340318351984, 0.002041551750153303, 0.011517451144754887, 0.0009477300336584449, 0.006410128436982632, 0.0034012156538665295, 0.0019949492998421192, 0.00523242587223649, 0.004167481325566769, 0.012547878548502922, 0.003563135862350464, 0.011417025700211525, 0.010576311498880386, 0.010904348455369473, 0.002745759906247258, 0.001321881078183651, 0.003862580517306924, 0.014669534750282764, 8.153541421052068e-05, 0.002471005776897073, 0.007676750421524048, 0.00018446928879711777, 0.0044077238999307156, 0.0035807269159704447, 0.0017700548050925136, 0.004601255990564823, 0.0059641627594828606, 0.008076165802776814, 0.010995549149811268, 0.004594240337610245, 0.00888034701347351, 0.009940793737769127, 0.006094488315284252, 0.005669270642101765, 0.009114032611250877, 0.007889188826084137, 0.0018240479985252023, 0.0011694870190694928, 0.0005155017715878785, 0.006348669528961182, 0.004946449771523476, 0.003281953511759639, 0.005991801619529724, 0.010306278243660927, 0.0012915729312226176, 0.005634992849081755, 0.006017000414431095, 0.00833394005894661, 0.0001276325638173148, 0.005829328205436468, 0.0035102348774671555, 0.006586818024516106, 0.0016350687947124243, 0.004767191596329212, 0.0036852587945759296, 0.005425670184195042, 0.0033536239061504602, 0.0005396452033892274, 0.00016855898138601333, 0.004173460882157087, 0.004309631884098053, 0.009220816195011139, 0.0023761019110679626, 0.005872851703315973, 0.002591026248410344, 0.006751962471753359, 0.008722527883946896, 0.00741617102175951, 0.005889780819416046, 0.0014656133716925979, 0.005442596971988678, 0.00416482612490654, 0.010793682187795639, 0.004878405947238207, 0.0041039432398974895, 0.010004143230617046, 0.00720574613660574, 0.0014724519569426775, 0.010666481219232082, 0.012221064418554306, 0.01382098812609911, 0.008757802657783031, 0.008294706232845783, 0.000921233557164669, 0.010221182368695736, 0.001680378569290042, 0.004472590517252684, 0.0061829653568565845, 0.010906031355261803, 0.008662782609462738, 0.007175422739237547, 0.008078332059085369, 0.0020509017631411552, 0.0019973046146333218, 0.013670291751623154, 0.0039187534712255, 0.0004848372482229024, 0.00040548626566305757, 0.006944936700165272, 0.008565395139157772, 0.0029485721606761217, 0.005116562824696302, 0.009441838599741459, 0.0045258160680532455, 0.006994208786636591, 0.0076586296781897545, 0.0012012361548841, 0.005558928940445185, 0.002493006642907858, 0.004483901895582676, 0.005505154840648174, 0.005091716535389423, 0.002459320006892085, 0.010410765185952187, 0.0021053496748209, 0.007713090628385544, 0.013751580379903316]"
F87,"[0.0013073219452053308, 0.020672151818871498, 0.014707081019878387, 0.01134231686592102, 0.007518014404922724, 0.0023283890914171934, 0.008966654539108276, 0.01679464802145958, 0.015023420564830303, 0.007215545512735844, 0.011310753412544727, 0.000621129700448364, 0.000677701726090163, 0.011203753761947155, 0.011871940456330776, 0.0011093039065599442, 0.0036668633110821247, 0.01351604051887989, 0.0016170289600268006, 0.013005189597606659, 0.005313941743224859, 0.014614474959671497, 0.0020619393326342106, 0.008415262214839458, 0.010568808764219284, 0.00800168514251709, 0.002070508198812604, 0.009863970801234245, 0.0017323647625744343, 0.0024507390335202217, 0.01931598410010338, 0.01789448969066143, 0.0037743300199508667, 0.00016172246250789613, 0.009020584635436535, 0.010461054742336273, 0.00039991442463360727, 0.017465107142925262, 0.003102235496044159, 0.009482516907155514, 0.01308304164558649, 0.009022400714457035, 0.009477419778704643, 0.0016085238894447684, 0.00678641302511096, 0.0059553650207817554, 0.004143907222896814, 0.017019210383296013, 0.015496504493057728, 0.0013411082327365875, 0.00035973763442598283, 0.0022937015164643526, 0.00206905254162848, 0.006154738832265139, 0.006435955874621868, 0.006752198562026024, 0.0041626677848398685, 0.018483085557818413, 0.014566420577466488, 0.0023536323569715023, 0.004181830678135157, 0.008733831346035004, 0.005322013981640339, 0.0023409987334161997, 0.002746495185419917, 0.0013380299787968397, 0.0015902192099019885, 0.00020655493426602334, 0.007280881982296705, 0.0034115249291062355, 0.017612304538488388, 0.01043353509157896, 0.004259641282260418, 0.012446422129869461, 0.014089454896748066, 0.012550958432257175, 0.013900922611355782, 0.014146368019282818, 0.0023389882408082485, 0.014544065110385418, 0.0034243036061525345, 0.0022999336943030357, 0.01448004599660635, 0.002573268720880151, 0.012130406685173512, 0.01233094371855259, 0.013537541031837463, 0.0015556584112346172, 0.0021524031180888414, 0.004087132401764393, 0.0053860582411289215, 0.0023710315581411123, 0.0015605760272592306, 0.0038366219960153103, 0.0011945855803787708, 0.0056910146959125996, 0.012950797565281391, 0.0033248760737478733, 0.015380438417196274, 0.008535217493772507, 0.009911690838634968, 0.0014163120649755, 0.0019268705509603024, 0.009671702049672604, 0.01706394925713539, 0.0025600153021514416, 0.0033225591760128736, 0.0106333177536726, 0.00032258869032375515, 0.008608254604041576, 0.003541261423379183, 0.00599553482607007, 0.005295641254633665, 0.016779061406850815, 0.0068733226507902145, 0.01585470326244831, 0.003489301074296236, 0.0012082232860848308, 0.000564181653317064, 0.015629267320036888, 0.001666118623688817, 0.004734705667942762, 0.01086011715233326, 0.016889870166778564, 0.005208124406635761, 0.0013127508573234081, 0.018213754519820213, 0.007637518458068371]"
F88,"[0.03561166301369667, 0.038627490401268005, 0.01173685397952795, 0.039820797741413116, 0.0172207523137331, 0.10129409283399582, 0.019821681082248688, 0.022543849423527718, 0.0673108845949173, 0.08779256045818329, 0.06718111783266068, 0.0286201573908329, 0.03399942070245743, 0.03969727084040642, 0.007486248854547739, 0.08099226653575897, 0.03236689046025276, 0.009782621636986732, 0.06428395956754684, 0.04323931410908699, 0.05515532195568085, 0.003952919505536556, 0.02636071853339672, 0.06592327356338501, 0.0406796857714653, 0.07881665974855423, 0.023701241239905357, 0.10350251197814941, 0.08564823120832443, 0.06652843952178955, 0.04085899144411087, 0.06310880184173584, 0.07672236859798431, 0.01593088172376156, 0.06302577257156372, 0.019541257992386818, 0.09480897337198257, 0.031627677381038666, 0.05258028581738472, 0.08075886964797974, 0.0381196066737175, 0.05369248241186142, 0.07087697833776474, 0.03806835412979126, 0.03397223353385925, 0.011622794903814793, 0.02748360112309456, 0.04692613705992699, 0.11709994077682495, 0.030118606984615326, 0.024432683363556862, 0.09806560724973679, 0.003673252882435918, 0.06954087316989899, 0.027773551642894745, 0.02423970401287079, 0.037125859409570694, 0.04932723939418793, 0.018027471378445625, 0.027001583948731422, 0.11752866953611374, 0.07662952691316605, 0.01613837666809559, 0.06548529118299484, 0.05264909937977791, 0.0877450704574585, 0.03160220384597778, 0.07764693349599838, 0.026253776624798775, 0.026586253196001053, 0.04241936653852463, 0.018623698502779007, 0.06700249761343002, 0.10610317438840866, 0.0923071950674057, 0.05154655501246452, 0.04670313373208046, 0.09382514655590057, 0.017540497705340385, 0.05897676199674606, 0.07393098622560501, 0.10196469724178314, 0.06500568240880966, 0.056496601551771164, 0.0008471223409287632, 0.03555965796113014, 0.03380674868822098, 0.035091545432806015, 0.04493384808301926, 0.08318766951560974, 0.11743032187223434, 0.10560205578804016, 0.09970931708812714, 0.043587829917669296, 0.049813274294137955, 0.03855396434664726, 0.08812817931175232, 0.052911773324012756, 0.10605873167514801, 0.05852307006716728, 0.056064706295728683, 0.011622494086623192, 0.050139255821704865, 0.09754245728254318, 0.023217590525746346, 0.0547223761677742, 0.0794733464717865, 0.07815267890691757, 0.07906373590230942, 0.07906761765480042, 0.11983706057071686, 0.030830025672912598, 0.0864848643541336, 0.03443678840994835, 0.018628839403390884, 0.026936044916510582, 0.03581744059920311, 0.07958894968032837, 0.1083809956908226, 0.05438514053821564, 0.03916601836681366, 0.0752398669719696, 0.022003285586833954, 0.08605778217315674, 0.018037622794508934, 0.04568877071142197, 0.04887031018733978, 0.0966036319732666]"
F89,"[0.06152939423918724, 0.04438969865441322, 0.07523458451032639, 0.09235073626041412, 0.008429312147200108, 0.0012097170110791922, 0.06569937616586685, 0.08192712813615799, 0.02876986190676689, 0.026135114952921867, 0.04582579806447029, 0.058556124567985535, 0.030611388385295868, 0.03480425104498863, 0.08601651340723038, 0.0607675276696682, 0.1171908974647522, 0.008997410535812378, 0.0037536791060119867, 0.05654586851596832, 0.04938622564077377, 0.0347353033721447, 0.010549545288085938, 0.07885158061981201, 0.10061796754598618, 0.009259091690182686, 0.041396643966436386, 0.03995848447084427, 0.06396301090717316, 0.026629367843270302, 0.08729300647974014, 0.07044240087270737, 0.026719268411397934, 0.08713197708129883, 0.10427409410476685, 0.003652700688689947, 0.025202317163348198, 0.05502631142735481, 0.06954782456159592, 0.12690798938274384, 0.06075194478034973, 0.04858832061290741, 0.02787766419351101, 0.07292274385690689, 0.060109544545412064, 0.056066036224365234, 0.035356126725673676, 0.011477366089820862, 0.05841924250125885, 0.026308219879865646, 0.05200985446572304, 0.07845547795295715, 0.05065469443798065, 0.020299894735217094, 0.03824422508478165, 0.06584864854812622, 0.06401343643665314, 0.021806512027978897, 0.03646586835384369, 0.008105236105620861, 0.03088894672691822, 0.023503011092543602, 0.06494982540607452, 0.06320411711931229, 0.07622579485177994, 0.07740705460309982, 0.006054636090993881, 0.11081618070602417, 0.07361631095409393, 0.051682572811841965, 0.07077349722385406, 0.011415023356676102, 0.03705688565969467, 0.04843199625611305, 0.06206970661878586, 0.031054457649588585, 0.11214202642440796, 0.07160285115242004, 0.08038482815027237, 0.04494592174887657, 0.01056654378771782, 0.03752675652503967, 0.07065249979496002, 0.009273530915379524, 0.051395028829574585, 0.07396034896373749, 0.09233202785253525, 0.0015325433341786265, 0.02523231692612171, 0.11110083013772964, 0.026312803849577904, 0.03611445054411888, 0.039620351046323776, 0.04841400682926178, 0.12164904177188873, 0.08441787213087082, 0.01923225261271, 0.017276640981435776, 0.09113849699497223, 0.07522515952587128, 0.015541358850896358, 0.02632436342537403, 0.008567679673433304, 0.012624761089682579, 0.09989145398139954, 0.06815755367279053, 0.005591460503637791, 0.10408006608486176, 0.07166952639818192, 0.10978183150291443, 0.04884910210967064, 0.05495014414191246, 0.019000766798853874, 0.08747660368680954, 0.04641096666455269, 0.031330060213804245, 0.0145309679210186, 0.030573327094316483, 0.07088062167167664, 0.02117045596241951, 0.06905373930931091, 0.05723220482468605, 0.06874527782201767, 0.00901416502892971, 0.08526746183633804, 0.10465776920318604, 0.029052188619971275, 0.008336946368217468]"
F90,"[0.024951333180069923, 0.07402114570140839, 0.005249306093901396, 0.017973437905311584, 0.04265676438808441, 0.06457870453596115, 0.04338482767343521, 0.012914340011775494, 0.08838649094104767, 0.04978746920824051, 0.04481111839413643, 0.07132916152477264, 0.029948031529784203, 0.05488869547843933, 0.024361275136470795, 0.05223716422915459, 0.062498923391103745, 0.004710884299129248, 0.0017866811249405146, 0.03199290856719017, 0.013337544165551662, 0.02330927923321724, 0.009129580110311508, 0.02879929542541504, 0.09958458691835403, 0.05822451785206795, 0.020022617653012276, 0.07382584363222122, 0.054723091423511505, 0.08607452362775803, 0.029281096532940865, 0.056218311190605164, 0.02134089544415474, 0.08022003620862961, 0.02572769857943058, 0.02008264698088169, 0.01974039152264595, 0.03724424168467522, 0.0010732590453699231, 0.027971230447292328, 0.027700554579496384, 0.06126979738473892, 0.039853520691394806, 0.011950171552598476, 0.08460747450590134, 0.10670405626296997, 0.005894422996789217, 0.05078395828604698, 0.008601849898695946, 0.13741421699523926, 0.0572868175804615, 0.01055984664708376, 0.11360890418291092, 0.09127306938171387, 0.026555189862847328, 0.03890492394566536, 0.07438638061285019, 0.06082865968346596, 0.06464546918869019, 0.013601604849100113, 0.07049362361431122, 0.036615606397390366, 0.009028122760355473, 0.0939350575208664, 0.006151952315121889, 0.12171001732349396, 0.028495855629444122, 0.05625167116522789, 0.0027126942295581102, 0.0902799516916275, 0.08337122946977615, 0.07049155235290527, 0.016526740044355392, 0.0028586036060005426, 0.00991035159677267, 0.006727867294102907, 0.0015975974965840578, 0.06203765422105789, 0.06435282528400421, 0.0808720514178276, 0.03891590237617493, 0.04112473130226135, 0.006265169475227594, 0.030097955837845802, 0.06946973502635956, 0.023452557623386383, 0.011216453276574612, 0.005419389344751835, 0.03731319680809975, 0.0018196228193119168, 0.12086082249879837, 0.058355722576379776, 0.02686132676899433, 0.014080601744353771, 0.09522564709186554, 0.050835613161325455, 0.020366543903946877, 0.02844238094985485, 0.03186308592557907, 0.004578903317451477, 0.03347677364945412, 0.05203232914209366, 0.03214568644762039, 0.04186667501926422, 0.029563087970018387, 0.029676517471671104, 0.07900629192590714, 0.026656944304704666, 0.02393357828259468, 0.0038556784857064486, 0.06800399720668793, 0.022815043106675148, 0.005253847222775221, 0.02923862263560295, 0.004768196027725935, 0.04514165222644806, 0.018787290900945663, 0.09342323243618011, 0.06494823098182678, 0.08277178555727005, 0.07879608124494553, 0.03325657919049263, 0.0063204835169017315, 0.0164778009057045, 0.09594520926475525, 0.03760765120387077, 0.10476262122392654, 0.04001510515809059]"
F91,"[0.08360756933689117, 0.06346144527196884, 0.06891273707151413, 0.010019666515290737, 0.05848076567053795, 0.0032945717684924603, 0.0156933031976223, 0.027320757508277893, 0.004317315295338631, 0.07877105474472046, 0.09570099413394928, 0.0073082102462649345, 0.019463537260890007, 0.02289563976228237, 0.05116545781493187, 0.06320963054895401, 0.07073988020420074, 0.022703759372234344, 0.03548039123415947, 0.05409599095582962, 0.04375927150249481, 0.0024210780393332243, 0.033999472856521606, 0.050850801169872284, 0.06621529906988144, 0.00970660150051117, 0.0756392627954483, 0.08084658533334732, 0.07409565895795822, 0.04447164759039879, 0.01544424518942833, 0.030250761657953262, 0.03122210130095482, 0.009733092039823532, 0.026240531355142593, 0.013897785916924477, 0.03014945797622204, 0.03628892824053764, 0.013298822566866875, 0.00013880901678930968, 0.020350860431790352, 0.072063148021698, 0.008407311514019966, 0.05510517209768295, 0.01063552126288414, 0.027989808470010757, 0.011558109894394875, 0.02649867907166481, 0.0161686223000288, 0.007927064783871174, 0.0017182300798594952, 0.04515530914068222, 0.005954147316515446, 0.008711784146726131, 0.0002077392564387992, 0.0644403025507927, 0.018495002761483192, 0.0993461161851883, 0.010682811960577965, 0.024581708014011383, 0.06278599053621292, 0.004487711936235428, 0.041143614798784256, 0.02547387406229973, 0.02591491863131523, 0.04322967305779457, 0.02716730907559395, 0.04177030920982361, 0.017006535083055496, 0.08872994035482407, 0.049962710589170456, 0.07218489050865173, 0.07627122104167938, 0.04515669867396355, 0.018021302297711372, 0.024908864870667458, 0.03723713755607605, 0.07478067278862, 0.008877974934875965, 0.04244384914636612, 0.053553979843854904, 0.003981864079833031, 0.06976684182882309, 0.04122451692819595, 0.0033025245647877455, 0.05257628858089447, 0.016794227063655853, 0.02399604208767414, 0.012844634242355824, 0.046654582023620605, 0.03936342895030975, 0.005168820731341839, 0.08888405561447144, 0.02518749050796032, 0.06321677565574646, 0.023997999727725983, 0.03698684275150299, 0.05278344452381134, 0.006231161765754223, 0.03142566233873367, 0.09471046924591064, 0.010375842452049255, 0.022767717018723488, 0.017601678147912025, 0.0246830303221941, 0.0019698445685207844, 0.050807319581508636, 0.015401382930576801, 0.05893465504050255, 0.11396263539791107, 0.018946416676044464, 0.0132190752774477, 0.040856871753931046, 0.003725101938471198, 0.06244296208024025, 0.06646167486906052, 0.07768863439559937, 0.09850170463323593, 0.031593967229127884, 0.08874136209487915, 0.05802258104085922, 0.04106396809220314, 0.06000976637005806, 0.009059392847120762, 0.0506259985268116, 0.01621422916650772, 0.030042650178074837, 0.0458604171872139]"
F92,"[0.0008737294701859355, 0.0016637062653899193, 0.012516481801867485, 0.015352080576121807, 0.010330207645893097, 0.005676396191120148, 0.010683294385671616, 0.010387377813458443, 0.004407046362757683, 0.01073713880032301, 0.0035100614186376333, 0.016010357066988945, 0.01774550974369049, 0.010035001672804356, 0.001865620375610888, 0.0006675167824141681, 0.005123849958181381, 0.01049942895770073, 0.013757884502410889, 0.015292402356863022, 0.017614414915442467, 0.0009535858989693224, 0.004331675823777914, 0.0018962050089612603, 0.0054899416863918304, 0.004878014326095581, 0.0038773128762841225, 0.0007960441871546209, 0.006818749010562897, 0.0005789969582110643, 0.009926043450832367, 0.0002937633544206619, 0.014376001432538033, 0.002477621892467141, 0.002592159202322364, 0.007610272150486708, 0.007927583530545235, 0.00300818239338696, 0.0028572494629770517, 0.008977402932941914, 0.01173738855868578, 0.01609012670814991, 0.009736007079482079, 0.010809117928147316, 0.00544337835162878, 0.0062453304417431355, 0.004018391948193312, 0.016002275049686432, 0.014520077966153622, 0.016446933150291443, 0.0009617452742531896, 0.014241877011954784, 0.0011211868841201067, 0.0106859365478158, 0.01385185681283474, 0.004810969345271587, 0.00975040439516306, 0.0013743952149525285, 0.0020780235063284636, 0.012721458449959755, 0.002939759287983179, 0.007022521458566189, 0.004623203072696924, 0.004671790637075901, 0.006128594744950533, 0.0027753121685236692, 0.003152078716084361, 0.014777556993067265, 0.004731443244963884, 0.004626021720468998, 0.004830460529774427, 0.007288503460586071, 0.0033972933888435364, 0.006036827806383371, 0.018845727667212486, 0.0004802145704161376, 0.029346894472837448, 0.012971878983080387, 0.004216022789478302, 0.011189823970198631, 0.012669404968619347, 0.0027304671239107847, 4.930454815621488e-05, 0.012996812351047993, 0.0061105526983737946, 0.014975142665207386, 0.0017606363398954272, 0.0008673018892295659, 0.005917735863476992, 0.0016982064116746187, 0.006224431563168764, 0.0013976611662656069, 0.015268552117049694, 0.010032723657786846, 0.01197766698896885, 0.0005972040817141533, 0.004676928743720055, 0.012845145538449287, 0.01281196903437376, 0.00703874696046114, 0.003727278206497431, 0.010007455945014954, 0.0029228520579636097, 0.012459330260753632, 0.014289944432675838, 0.007013027090579271, 0.011809074319899082, 0.0047803535126149654, 0.01994304731488228, 0.013782326132059097, 0.010124944150447845, 0.005828120745718479, 0.004925848916172981, 0.008342226035892963, 0.003401869907975197, 0.005859173368662596, 0.012975378893315792, 0.017385588958859444, 0.006878815125674009, 0.004430145490914583, 0.004596473183482885, 0.001740967738442123, 0.0006798621034249663, 0.016471711918711662, 0.005622045136988163, 0.002685912884771824, 0.01424570195376873, 0.020585516467690468]"
F93,"[0.02970757894217968, 0.04165724664926529, 0.003925298806279898, 0.027537614107131958, 0.027660738676786423, 0.08717446774244308, 0.007854542694985867, 0.01488566491752863, 0.02684907056391239, 0.015501710586249828, 0.04159647226333618, 0.06576845049858093, 0.054967693984508514, 0.01728084683418274, 0.07943412661552429, 0.02704707160592079, 0.020696472376585007, 0.041163504123687744, 0.008278107270598412, 0.00020810007117688656, 0.043429166078567505, 0.0011365624377503991, 0.0033351394813507795, 0.10311785340309143, 0.07231467962265015, 0.05867209658026695, 0.0009445254108868539, 0.002477051690220833, 0.08269767463207245, 0.007397856097668409, 0.04453568160533905, 0.016327010467648506, 0.05894138291478157, 0.03701592609286308, 0.0010455381125211716, 0.05865010991692543, 0.01328282430768013, 0.014844694174826145, 0.07472852617502213, 0.04869850352406502, 0.054241716861724854, 0.00822216272354126, 0.06546236574649811, 0.06146872416138649, 0.002691116649657488, 0.048509541898965836, 0.005392668768763542, 0.027925042435526848, 0.0011717653833329678, 0.021382344886660576, 0.042530663311481476, 0.010313943959772587, 0.04698488488793373, 0.04191556200385094, 0.06436263024806976, 0.04903927817940712, 0.01325384434312582, 0.019107166677713394, 0.046178366988897324, 0.0630587711930275, 0.022324005141854286, 0.01076133456081152, 0.06294795870780945, 0.08240439742803574, 0.07696270197629929, 0.007588844280689955, 0.06156440079212189, 0.027006855234503746, 0.03357980027794838, 0.05301646515727043, 0.02641780860722065, 0.0214692410081625, 0.0702236145734787, 0.06824919581413269, 0.026692265644669533, 0.052851010113954544, 0.06735419481992722, 0.018143532797694206, 0.062069304287433624, 0.03359326347708702, 0.04692631587386131, 0.04090138152241707, 0.06305324286222458, 0.0068687936291098595, 0.037899598479270935, 0.045072488486766815, 0.06587950140237808, 0.007571939378976822, 0.03459322080016136, 0.02047708071768284, 0.07302360236644745, 0.047891512513160706, 0.08965121954679489, 0.001024726894684136, 0.10382826626300812, 0.01774609088897705, 0.006947939284145832, 0.04358534887433052, 0.06999950855970383, 0.029538283124566078, 0.05370783433318138, 0.03396283835172653, 0.05151145160198212, 0.036791034042835236, 0.006034671328961849, 0.011843330226838589, 0.062419917434453964, 0.053932201117277145, 0.020337384194135666, 0.07363227754831314, 0.03877183794975281, 0.049844104796648026, 0.06714949756860733, 0.01800910010933876, 0.012882393784821033, 0.03963157534599304, 0.09076325595378876, 0.06599200516939163, 0.003342938842251897, 0.07183519750833511, 0.06226106360554695, 0.01890404149889946, 0.029676981270313263, 0.030679870396852493, 0.09072709828615189, 0.04590597748756409, 0.09686074405908585, 0.041836537420749664]"
F94,"[0.028195563703775406, 0.014652330428361893, 0.0034318596590310335, 0.003541774582117796, 0.007943099364638329, 0.009808985516428947, 0.0041241892613470554, 0.010255996137857437, 0.014643261209130287, 0.014610379002988338, 0.0030025949236005545, 0.012871923856437206, 0.009498898871243, 0.016494562849402428, 0.007668808102607727, 6.0170652432134375e-05, 0.012544783763587475, 0.0036010281182825565, 0.015622035600244999, 0.001527265994809568, 0.011406399309635162, 0.017528213560581207, 0.012906564399600029, 0.000893386488314718, 0.011448856443166733, 0.004453587345778942, 0.007068348117172718, 0.0028776214458048344, 0.0037988093681633472, 0.019859420135617256, 0.006668115500360727, 0.029225215315818787, 0.0017243582988157868, 0.01707879640161991, 0.01319604367017746, 0.004902791231870651, 0.0023744083009660244, 0.005230350885540247, 0.004710327368229628, 0.006723153870552778, 0.004740200005471706, 0.016121605411171913, 0.009158242493867874, 0.02045511268079281, 0.003255249699577689, 0.004195217974483967, 0.0012232889421284199, 0.01611987315118313, 0.008583909831941128, 0.003543673548847437, 0.01608995907008648, 0.005642381496727467, 0.00010896085586864501, 0.02014114521443844, 0.01477106660604477, 0.0023437279742211103, 0.009211989119648933, 0.005377091467380524, 0.0015525635099038482, 0.010650960728526115, 0.016063332557678223, 0.019078705459833145, 0.005664523225277662, 0.0005327571416273713, 0.0022505326196551323, 0.0035809543915092945, 0.01961909979581833, 0.010508544743061066, 0.004193443339318037, 0.009991257451474667, 0.0172434039413929, 0.004228003788739443, 0.003866378916427493, 0.014393426477909088, 0.0065314313396811485, 0.013272742740809917, 0.0009561674087308347, 0.01861616224050522, 0.027163879945874214, 0.005811590235680342, 0.005729286000132561, 0.01940162666141987, 0.01791645959019661, 0.001486880355514586, 0.004129697103053331, 0.017786728218197823, 0.004413978196680546, 0.010236753150820732, 0.010502000339329243, 0.016595525667071342, 0.012648881413042545, 0.003010700922459364, 0.016752393916249275, 0.010735045187175274, 0.0106270806863904, 0.009612737223505974, 0.0006424719467759132, 0.016477296128869057, 0.009533942677080631, 0.0009576716111041605, 0.006369851995259523, 0.010716109536588192, 0.015789682045578957, 0.003747432492673397, 0.010316368192434311, 0.01331225223839283, 0.004818545188754797, 0.004996526055037975, 0.03293273225426674, 0.0009860257850959897, 0.012103626504540443, 0.020433049649000168, 0.0037848185747861862, 0.020099446177482605, 0.007671578787267208, 0.0123815992847085, 0.006893114186823368, 0.0076070805080235004, 0.011978434398770332, 0.015158042311668396, 0.021101735532283783, 0.0035531495232135057, 0.0018301930977031589, 0.014495794661343098, 0.006466719321906567, 0.006940958555787802, 0.01225120946764946, 0.010606118477880955]"
F95,"[0.025911414995789528, 0.021060727536678314, 0.012361111119389534, 0.008297517895698547, 0.0405983030796051, 0.017974017187952995, 0.0190258976072073, 0.004041076172143221, 0.04107307642698288, 0.02921159565448761, 0.00011776988685596734, 0.008917593397200108, 0.007409247104078531, 0.010943488217890263, 0.00757731543853879, 0.03438068926334381, 0.016803080216050148, 0.012637455947697163, 0.0012209730921313167, 0.03406178206205368, 0.020084280520677567, 0.03744843974709511, 0.024673353880643845, 0.00046849026693962514, 0.01835639402270317, 0.015073342248797417, 0.02264435961842537, 0.044340137392282486, 0.04444326460361481, 0.025495784357190132, 0.01677391678094864, 0.021188409999012947, 0.013351275585591793, 0.013823472894728184, 0.03674140200018883, 0.012851270847022533, 0.011271723546087742, 0.02377084642648697, 0.0054263886995613575, 0.04157000780105591, 0.012772615998983383, 0.032806891947984695, 0.020264632999897003, 0.03961080685257912, 0.014837021008133888, 0.0010953800519928336, 0.00046220840886235237, 0.01777164451777935, 0.01897955685853958, 0.01293926127254963, 0.006519364193081856, 0.011976026929914951, 0.006311483681201935, 0.02756657265126705, 0.02826065756380558, 0.008230314590036869, 0.017307547852396965, 0.041720978915691376, 0.026477733626961708, 0.01652849093079567, 0.003909927327185869, 0.013023322448134422, 0.035321276634931564, 0.009450502693653107, 0.037220533937215805, 0.01634402386844158, 0.014836414717137814, 0.008396968245506287, 0.011457820422947407, 0.015641577541828156, 0.024200323969125748, 0.03436798229813576, 0.005606469232589006, 0.001628075260668993, 0.035155314952135086, 0.013838235288858414, 0.03050611913204193, 0.02105913870036602, 0.037678007036447525, 0.015185846015810966, 0.03742028400301933, 0.019703920930624008, 0.005022514145821333, 0.030954452231526375, 0.0030402259435504675, 0.016390668228268623, 0.012902259826660156, 0.019619353115558624, 0.025886548683047295, 0.011026212945580482, 0.03046667017042637, 0.011063268408179283, 0.015506334602832794, 0.018859125673770905, 0.009706325829029083, 0.0008463792619295418, 0.022059211507439613, 0.03469281643629074, 0.00886562466621399, 0.020121125504374504, 0.01738428883254528, 0.019860899075865746, 0.04122931882739067, 0.0049881162121891975, 0.006890443153679371, 0.020142870023846626, 0.0008708086679689586, 0.019927281886339188, 0.04941698908805847, 0.034830186516046524, 0.04131229966878891, 0.0020348848775029182, 0.03426491096615791, 0.009458787739276886, 0.005506831221282482, 0.04447394981980324, 0.001984107308089733, 0.027648335322737694, 0.00783979706466198, 0.036630433052778244, 0.0007240920094773173, 0.03840259835124016, 0.023691261187195778, 0.004201145842671394, 0.02917933091521263, 0.023500090464949608, 0.00421448377892375, 0.006514403037726879]"
F96,"[0.020797815173864365, 0.018032511696219444, 0.0039238533936440945, 0.024199094623327255, 0.014439060352742672, 0.005070446524769068, 0.013607838191092014, 0.024088585749268532, 0.04012075439095497, 0.00136259023565799, 0.009014789946377277, 0.024960840120911598, 0.01277612242847681, 0.01244749128818512, 0.0027795122005045414, 0.013569273054599762, 0.016692088916897774, 0.032460007816553116, 7.87195676821284e-05, 0.04407178983092308, 0.015782134607434273, 0.002613065065816045, 0.012382077053189278, 0.014140725135803223, 0.0015879258280619979, 0.0028789739590138197, 0.014833147637546062, 0.027383551001548767, 0.0036689783446490765, 0.020865431055426598, 0.013177401386201382, 0.0307086743414402, 0.037899136543273926, 0.015837321057915688, 0.000390347238862887, 0.013310137204825878, 3.781183113460429e-05, 0.04681079462170601, 0.025443842634558678, 0.003874966176226735, 0.02906106971204281, 0.0306837260723114, 0.040603574365377426, 0.008762741461396217, 0.002861776389181614, 0.02915179170668125, 0.0015770343597978354, 0.011160655878484249, 0.032614659518003464, 0.010284317657351494, 0.03829405456781387, 0.0012000653659924865, 0.0014326450182124972, 0.02023804746568203, 0.03899965062737465, 0.03853711485862732, 0.034465085715055466, 0.0008233975968323648, 0.010140184313058853, 0.0312933549284935, 0.025835329666733742, 0.007572148460894823, 0.0051660300232470036, 0.006113984622061253, 0.026594961062073708, 0.00013702735304832458, 0.0040230401791632175, 0.01400844007730484, 0.007628542836755514, 0.02244098298251629, 0.033890433609485626, 0.03471020609140396, 0.03349947929382324, 0.0003768032474908978, 0.023152275010943413, 0.03146516531705856, 0.02793712541460991, 0.03371549770236015, 0.001148523879237473, 0.017494676634669304, 0.008783021941781044, 0.013290982693433762, 0.021002527326345444, 0.029867423698306084, 0.025394171476364136, 0.014045587740838528, 0.004359918646514416, 0.017919257283210754, 0.0370718352496624, 0.008023939095437527, 0.0016361919697374105, 0.010958097875118256, 0.004137333482503891, 0.002433813875541091, 0.011806856840848923, 0.005464212968945503, 0.016035422682762146, 0.03015545941889286, 0.020580748096108437, 0.01301375962793827, 0.0009143876959569752, 0.0395522303879261, 0.00576110789552331, 0.005499481223523617, 0.008033033460378647, 0.04036588594317436, 0.01451520249247551, 0.001119778142310679, 0.017460757866501808, 0.0008763035875745118, 0.011458717286586761, 0.020514048635959625, 0.015523793175816536, 0.03705063834786415, 0.01815061643719673, 0.026887880638241768, 0.007384157739579678, 0.021051861345767975, 0.022185252979397774, 0.0030342452228069305, 0.01890373043715954, 0.044617850333452225, 0.02562190592288971, 0.037048425525426865, 0.006567892152816057, 0.030602816492319107, 0.0016666408628225327, 0.026524269953370094]"
F97,"[0.028336435556411743, 0.025829743593931198, 0.038130324333906174, 0.0022524050436913967, 0.012319004163146019, 0.01328965649008751, 0.004751457367092371, 0.0027461026329547167, 0.006423950660973787, 0.002659028861671686, 0.030309565365314484, 0.008386780507862568, 0.008666163310408592, 0.010818981565535069, 0.002890173811465502, 0.002351586939767003, 0.002874521305784583, 0.019225433468818665, 0.011694291606545448, 0.010182379744946957, 0.025102881714701653, 0.00553795276209712, 0.004371559247374535, 0.036127738654613495, 0.004732566885650158, 0.011136719025671482, 0.007266692817211151, 0.023524146527051926, 0.022296462208032608, 0.012128392234444618, 0.028680816292762756, 0.0018817026866599917, 0.004972832277417183, 0.0016212249174714088, 0.01481276098638773, 0.010475085116922855, 0.029857810586690903, 0.01661193184554577, 0.008027012459933758, 0.0066475654020905495, 0.014245345257222652, 0.02424936182796955, 0.018261916935443878, 0.0133738424628973, 0.020457660779356956, 0.005505165550857782, 0.02547648921608925, 0.025112582370638847, 0.01794617809355259, 0.000357107724994421, 0.010385418310761452, 0.02946624532341957, 0.004337949678301811, 0.03991535305976868, 0.0027411172632128, 0.02458692528307438, 0.006616588681936264, 0.0027829124592244625, 0.0382392518222332, 0.009027219377458096, 0.0226780753582716, 0.011679810471832752, 0.019816789776086807, 0.00666251452639699, 0.008147540502250195, 0.01839805580675602, 0.0011024454142898321, 0.011895906180143356, 0.026131602004170418, 0.029256120324134827, 0.003910713829100132, 0.010406195186078548, 0.012515552341938019, 0.019143790006637573, 0.00046219429350458086, 0.023410802707076073, 0.02588868886232376, 0.025421278551220894, 0.02866012044250965, 0.003965295851230621, 0.01354889664798975, 0.009256965480744839, 0.0013046327512711287, 0.01854810118675232, 0.013122813776135445, 1.8213608200312592e-05, 0.003351561026647687, 0.01045933272689581, 0.0047449106350541115, 0.0021866443566977978, 0.014715497381985188, 0.009394025430083275, 0.009062878787517548, 0.012779212556779385, 0.00424917321652174, 0.01627323403954506, 0.010106407105922699, 0.0026557636447250843, 0.01987137831747532, 0.00863198097795248, 0.0025231896433979273, 0.02020157128572464, 0.005750309210270643, 0.03596441075205803, 0.01858586259186268, 0.012031646445393562, 0.007856928743422031, 0.037123046815395355, 0.024515243247151375, 0.026343541219830513, 0.03221596032381058, 0.012612514197826385, 0.025439303368330002, 0.004514116793870926, 0.003771655261516571, 0.025171661749482155, 0.006176565308123827, 0.0063509633764624596, 0.00958925485610962, 0.007752458564937115, 0.006215760949999094, 0.019393598660826683, 0.022209856659173965, 0.0057250880636274815, 0.023828979581594467, 0.0006285915151238441, 0.005995321087539196, 0.021772604435682297]"
F98,"[0.03002418950200081, 0.006285758689045906, 0.005035297013819218, 0.004164098761975765, 0.006887608207762241, 0.006200576666742563, 0.030969712883234024, 0.01241860818117857, 0.042612310498952866, 0.01846654713153839, 0.005719632841646671, 0.012148791924118996, 0.003247387707233429, 0.021043933928012848, 0.01722922921180725, 0.011658413335680962, 0.002115556737408042, 0.01746630109846592, 0.007151905447244644, 0.03334246948361397, 0.02204337902367115, 0.0011753375874832273, 0.006068394985049963, 0.0032798966858536005, 0.004810016136616468, 0.01713915355503559, 0.035684458911418915, 0.0028545630630105734, 0.013758791610598564, 0.009768963791429996, 0.005070315673947334, 0.0023924349807202816, 0.018532894551753998, 0.015919668599963188, 0.005851823836565018, 0.02238875813782215, 0.00875113531947136, 0.030648939311504364, 0.0019461459014564753, 0.007214517332613468, 0.025441668927669525, 0.008310060948133469, 0.008291944861412048, 0.03302786499261856, 0.0029246711637824774, 0.009002122096717358, 0.02763531543314457, 0.029706746339797974, 0.006929674651473761, 0.006703883875161409, 0.004810460843145847, 0.003198052989318967, 0.03029639832675457, 0.005064698867499828, 0.00963570550084114, 0.00824504904448986, 0.02475845441222191, 0.01900312304496765, 0.003675218438729644, 0.03322889283299446, 0.015704600140452385, 0.008848223835229874, 0.018291400745511055, 0.032232802361249924, 0.001044764299876988, 0.03754260018467903, 0.0036765476688742638, 0.008983191102743149, 0.03381224349141121, 0.033478979021310806, 0.0012555038556456566, 0.011054198257625103, 0.022136209532618523, 0.01424917858093977, 0.013092614710330963, 0.019130032509565353, 0.007302487269043922, 0.008877867832779884, 0.018171006813645363, 0.023531056940555573, 0.027594665065407753, 0.033743422478437424, 0.01801302470266819, 0.01493866927921772, 0.013140755705535412, 0.012246700003743172, 0.004659957718104124, 0.013309177942574024, 0.02013138122856617, 0.011656333692371845, 0.007430892903357744, 0.012047621421515942, 0.008876602165400982, 0.028009558096528053, 0.010883220471441746, 0.02057798206806183, 0.0252018254250288, 0.010867936536669731, 0.00925339013338089, 0.028339670971035957, 0.003887089202180505, 0.03128255158662796, 0.005817228928208351, 0.0323248989880085, 0.015863293781876564, 0.004100108984857798, 0.026532107964158058, 0.031898126006126404, 0.00165081350132823, 0.019774004817008972, 0.007765591144561768, 0.009303469210863113, 0.0009247494162991643, 0.0017004527617245913, 0.000954558898229152, 0.019085068255662918, 0.0077838050201535225, 0.008229407481849194, 0.001698431558907032, 0.0062598478980362415, 0.03278208523988724, 0.013257204554975033, 0.02943551354110241, 0.02237960323691368, 0.014543270692229271, 0.009659705683588982, 0.023860042914748192, 0.014993931166827679]"
F99,"[0.02231869287788868, 0.03123685158789158, 0.04316513240337372, 0.009713437408208847, 0.03703669086098671, 0.04391646012663841, 0.033318571746349335, 0.0060349986888468266, 0.020881064236164093, 0.03346414864063263, 0.01634947769343853, 0.003201888408511877, 0.028565848246216774, 0.027509905397892, 0.003067395184189081, 0.03439297154545784, 0.004679911304265261, 0.016661716625094414, 0.01775542087852955, 0.016719335690140724, 0.012243186123669147, 0.009206842631101608, 0.023905202746391296, 0.039968498051166534, 0.042600855231285095, 0.009953919798135757, 0.01049596257507801, 0.028581710532307625, 0.010859291069209576, 0.010856599546968937, 0.02322898432612419, 0.02887810952961445, 0.03226936608552933, 0.01187378354370594, 0.022246362641453743, 0.003779489081352949, 0.024140574038028717, 0.0004991070600226521, 0.008448140695691109, 0.024412672966718674, 0.03426135331392288, 0.004809574689716101, 0.002136599039658904, 0.01335261482745409, 0.013917498290538788, 0.0006712951580993831, 0.017538858577609062, 0.03189520537853241, 0.010240061208605766, 0.0025737963151186705, 0.005513457581400871, 0.025210997089743614, 0.013001763261854649, 0.003950755577534437, 0.015748441219329834, 0.0030623169150203466, 0.018749117851257324, 0.00842140894383192, 0.004720636643469334, 0.015908876433968544, 0.03595005348324776, 0.006302102468907833, 0.029764791950583458, 0.0041994256898760796, 0.0048681083135306835, 0.0012310742167755961, 0.005180263426154852, 0.006072585005313158, 0.01801455207169056, 0.021877627819776535, 0.030783483758568764, 0.0042782430537045, 0.02077009156346321, 0.02818857505917549, 0.02610241435468197, 0.009617943316698074, 0.05759013816714287, 0.02431192621588707, 0.013436832465231419, 0.00565677136182785, 0.01232067495584488, 0.02544798143208027, 0.03515702486038208, 0.009362509474158287, 0.00182062154635787, 0.013294319622218609, 0.005481932777911425, 0.011651583947241306, 0.009582857601344585, 6.347003363771364e-05, 0.03922698274254799, 0.021950015798211098, 0.018777310848236084, 0.007893102243542671, 0.006685479544103146, 0.021614134311676025, 0.013694624416530132, 0.01430419273674488, 0.004807377699762583, 1.8281584743817803e-06, 0.008210750296711922, 0.012576219625771046, 0.041837215423583984, 0.019774070009589195, 0.013498591259121895, 0.020314395427703857, 0.005227613262832165, 0.02100563794374466, 0.0022120862267911434, 0.01630081981420517, 0.015216539613902569, 0.003510539187118411, 0.004462227690964937, 0.0018684323877096176, 0.006509837228804827, 0.03808717429637909, 0.005894593894481659, 0.006604920141398907, 0.0075374264270067215, 0.02934824489057064, 0.012451262213289738, 0.01176748052239418, 0.0161797646433115, 0.06218456104397774, 0.01979256607592106, 0.03376691788434982, 0.020590100437402725, 0.030395125970244408]"
F100,"[0.036516036838293076, 0.049021393060684204, 0.006758803967386484, 0.023041296750307083, 0.013926229439675808, 0.052478764206171036, 0.01033986359834671, 0.05657950043678284, 0.016246449202299118, 0.0006653941818512976, 0.019696403294801712, 0.014869228936731815, 0.03437609225511551, 0.008773911744356155, 0.042899277061223984, 0.05795256048440933, 0.009812310338020325, 0.003960309084504843, 0.042533230036497116, 0.01414742786437273, 0.05383787676692009, 0.05708912014961243, 0.04382166266441345, 0.04440877214074135, 0.01358715444803238, 0.01141134463250637, 0.04497123509645462, 0.06302519887685776, 0.006624271627515554, 0.042781293392181396, 0.06452200561761856, 0.06768180429935455, 0.06140349432826042, 0.01508784107863903, 0.08513548970222473, 0.007156193722039461, 0.05839401111006737, 0.025744115933775902, 0.0019752259831875563, 0.07725244015455246, 0.026042724028229713, 0.01917884685099125, 0.035494040697813034, 0.06111752241849899, 0.015122447162866592, 0.01769702509045601, 0.014256959781050682, 0.061167940497398376, 0.03257511183619499, 0.03529109060764313, 0.05190977454185486, 0.05272037908434868, 0.02580040507018566, 0.004061397165060043, 0.013610625639557838, 0.05461017042398453, 0.06162964925169945, 0.01508189644664526, 0.08247961103916168, 0.041142698377370834, 0.051968708634376526, 0.011130113154649734, 0.049702953547239304, 0.02801491506397724, 0.0022696685045957565, 0.011850103735923767, 0.010645898059010506, 0.04561225324869156, 0.017531055957078934, 0.04822392389178276, 0.021525952965021133, 0.03731856867671013, 0.00214556697756052, 0.056818123906850815, 0.01147138886153698, 0.008402020670473576, 0.01615283451974392, 0.007587458938360214, 0.02526109851896763, 0.031122248619794846, 0.008183025754988194, 0.08408810198307037, 0.03498232364654541, 0.06486459821462631, 0.06417984515428543, 0.03756219893693924, 0.007929856888949871, 0.009452836588025093, 0.049159467220306396, 0.06662622839212418, 0.0016968980198726058, 0.035357341170310974, 0.03461300581693649, 0.0658184140920639, 0.017188025638461113, 0.0011974270455539227, 0.048793043941259384, 0.0049039339646697044, 0.023917432874441147, 0.00862467847764492, 0.01888754591345787, 0.046315085142850876, 0.04936843365430832, 0.06705626100301743, 0.05434439703822136, 0.05458002910017967, 0.00802611280232668, 0.042805302888154984, 0.032284196466207504, 0.032321348786354065, 0.0034193245228379965, 0.027191992849111557, 0.06903694570064545, 0.009771308861672878, 0.03457915782928467, 0.020790455862879753, 0.036954667419195175, 0.030153736472129822, 0.008971352130174637, 0.00860498659312725, 0.05439708009362221, 0.03328026458621025, 0.06498890370130539, 0.014869246631860733, 0.011016173288226128, 0.018837710842490196, 0.07347844541072845, 0.029576189815998077]"
F101,"[0.05099238455295563, 0.05537707731127739, 0.0538930706679821, 0.07137703895568848, 0.04650023952126503, 0.14854294061660767, 0.04749714583158493, 0.07984849810600281, 0.004515829496085644, 0.06102051958441734, 0.035214927047491074, 0.0021254478488117456, 0.022976115345954895, 0.1200389415025711, 0.020201103761792183, 0.13098780810832977, 0.025772489607334137, 0.039869654923677444, 0.04175201803445816, 0.054912205785512924, 0.05495573580265045, 0.003584121121093631, 0.02117823250591755, 0.12623432278633118, 0.0032450989820063114, 0.05671706423163414, 0.04382382333278656, 0.06896473467350006, 0.012048487551510334, 0.03940087556838989, 0.007203635293990374, 0.0719866156578064, 0.040156230330467224, 0.05727270990610123, 0.10538771003484726, 0.022136013954877853, 0.052286092191934586, 0.0526977963745594, 0.0335705503821373, 0.044806722551584244, 0.035551767796278, 0.07738690823316574, 0.015230064280331135, 0.090556301176548, 0.0075756581500172615, 0.016853008419275284, 0.09102420508861542, 0.10073766112327576, 0.03520483151078224, 0.12856104969978333, 0.018191317096352577, 0.03992338478565216, 0.04862067475914955, 0.06514095515012741, 0.008308234624564648, 0.03649234399199486, 0.06343615055084229, 0.07103438675403595, 0.02235606126487255, 0.06149563565850258, 0.07528313249349594, 0.048328157514333725, 0.016773376613855362, 0.012126278132200241, 0.030577054247260094, 0.0985102578997612, 0.015162506140768528, 0.04472268000245094, 0.03830818086862564, 0.09124574810266495, 0.0009379780385643244, 0.030006520450115204, 0.006294614169746637, 0.03261791914701462, 0.006833931431174278, 0.05536171421408653, 0.008353890851140022, 0.03805156424641609, 0.05705564469099045, 0.002423218684270978, 0.05553319305181503, 0.06123815104365349, 0.007544457446783781, 0.07015533000230789, 0.009938864968717098, 0.02369689755141735, 0.03540847823023796, 0.06235678866505623, 0.023625925183296204, 0.11427715420722961, 0.023953016847372055, 0.04937224090099335, 0.08857620507478714, 0.02983958274126053, 0.018425315618515015, 0.02267463132739067, 0.019713299348950386, 0.061174388974905014, 0.013691620901226997, 0.03800277039408684, 0.05160503834486008, 0.055515822023153305, 0.0907878503203392, 0.039061691612005234, 0.04119528830051422, 0.07256525754928589, 0.04863123968243599, 0.040102314203977585, 0.019322410225868225, 0.0915026068687439, 0.03825940936803818, 0.029933756217360497, 0.01792766898870468, 0.07060332596302032, 0.10910845547914505, 0.12280865013599396, 0.026212945580482483, 0.06222953647375107, 0.0502568744122982, 0.04382811859250069, 0.05351690575480461, 0.012520411051809788, 0.1185295507311821, 0.0819375291466713, 0.010293841361999512, 0.04842676594853401, 0.09966214001178741, 0.049173034727573395]"
F102,"[0.06558340042829514, 0.03065786510705948, 0.020293688401579857, 0.016760684549808502, 0.024723540991544724, 0.09252526611089706, 0.004718632437288761, 0.02215888351202011, 0.04442664980888367, 0.031884193420410156, 0.0398438461124897, 0.00023910381423775107, 0.02561955899000168, 0.06625708192586899, 0.0387805700302124, 0.07109080255031586, 0.029427507892251015, 0.02096317894756794, 0.08349498361349106, 0.08168476074934006, 0.10755567252635956, 0.07908794283866882, 0.03656947612762451, 0.019899634644389153, 0.04881727695465088, 0.04182989150285721, 0.0715448185801506, 0.07396279275417328, 0.00025765917962417006, 0.02554427459836006, 0.008564542979001999, 0.01802230253815651, 0.049960002303123474, 0.09365785121917725, 0.038822468370199203, 0.02502354048192501, 0.08196914941072464, 0.018354566767811775, 0.011469902470707893, 0.02763945609331131, 0.03173825889825821, 0.02520286664366722, 0.049579206854104996, 0.03593439236283302, 0.035111021250486374, 0.05758844316005707, 0.006747785490006208, 0.011915767565369606, 0.04605090618133545, 0.028573503717780113, 0.03610610589385033, 0.020344683900475502, 0.055705100297927856, 0.009190875105559826, 0.026507580652832985, 0.1104164868593216, 0.040409620851278305, 0.06539832055568695, 0.03313197195529938, 0.048634082078933716, 0.0734408050775528, 0.05203310400247574, 0.04597001150250435, 0.041217461228370667, 0.0188035499304533, 0.00756641011685133, 0.04935329034924507, 0.033887892961502075, 0.005240259692072868, 0.006469079293310642, 0.06567301601171494, 0.0728297308087349, 0.036868948489427567, 0.0614691860973835, 0.09401243180036545, 0.09620106220245361, 0.01554419007152319, 0.04376630857586861, 0.01872291788458824, 0.02936960756778717, 0.006495635025203228, 0.028696956112980843, 0.10332787036895752, 0.052332546561956406, 0.038920313119888306, 0.06591122597455978, 0.09601633995771408, 0.10865413397550583, 0.020666632801294327, 0.04486678168177605, 0.04474599286913872, 0.0674755722284317, 0.011875847354531288, 0.023320935666561127, 0.10592424869537354, 0.020313968881964684, 0.05057019367814064, 0.03900192305445671, 0.015105241909623146, 0.05124437063932419, 0.08480321615934372, 0.0492023266851902, 0.060996174812316895, 0.047928787767887115, 0.0171454306691885, 0.02626168727874756, 0.02923320047557354, 0.045332085341215134, 0.024905141443014145, 0.047982633113861084, 0.023684611544013023, 0.045622505247592926, 0.028494644910097122, 0.050417475402355194, 0.06563431024551392, 0.05565374344587326, 0.000644064333755523, 0.007582506630569696, 0.009002150036394596, 0.035298217087984085, 0.07306989282369614, 0.03154992312192917, 0.03345835581421852, 0.05686762183904648, 0.05870536342263222, 0.01994042843580246, 0.04790214076638222, 0.06055610999464989]"
F103,"[0.031409479677677155, 0.02782115899026394, 0.01758982427418232, 0.02475150115787983, 0.019798949360847473, 0.021041514351963997, 0.0011326647363603115, 0.023057332262396812, 0.011634519323706627, 0.0016153823817148805, 0.02262069284915924, 0.004102920647710562, 0.022214235737919807, 0.010764651000499725, 0.05605616047978401, 0.034789592027664185, 0.04330521076917648, 0.012953056953847408, 0.050156328827142715, 0.062243908643722534, 0.02172934077680111, 0.007036917377263308, 0.015121798031032085, 0.02297285757958889, 0.03628796711564064, 0.03680279478430748, 0.04132075980305672, 0.03032645396888256, 0.03171250596642494, 0.04744483157992363, 0.002086406806483865, 0.008086259476840496, 0.014060493558645248, 0.010121960192918777, 0.0034801813308149576, 0.044482484459877014, 0.027508506551384926, 0.022229209542274475, 0.03804182633757591, 0.018329797312617302, 0.019146006554365158, 0.012695053592324257, 0.011186826974153519, 0.009392870590090752, 0.027766598388552666, 0.015264615416526794, 0.025162717327475548, 0.001789337140507996, 0.023722713813185692, 0.02390255033969879, 0.05405107140541077, 0.007362688891589642, 0.03700178861618042, 0.011495876125991344, 0.020751429721713066, 0.00381076498888433, 0.015135761350393295, 0.02928500808775425, 0.046217817813158035, 0.01350210141390562, 0.040588367730379105, 0.004542894661426544, 0.009618419222533703, 0.028395581990480423, 0.03427542746067047, 0.0007471584249287844, 0.04264630377292633, 0.04066504165530205, 0.05277986824512482, 0.051957983523607254, 0.028085118159651756, 0.002638039644807577, 0.027080269530415535, 0.007290564011782408, 0.018560511991381645, 0.01027507521212101, 0.02356545627117157, 0.005967701319605112, 0.0021142021287232637, 0.060746561735868454, 0.03265460208058357, 0.04250199720263481, 0.0054274448193609715, 0.03698998689651489, 0.0397585928440094, 0.039277333766222, 0.034848831593990326, 0.017746567726135254, 0.046446382999420166, 0.027936531230807304, 0.021768461912870407, 0.020687753334641457, 0.05488600581884384, 0.04205800220370293, 0.034929536283016205, 0.04539042338728905, 0.0021792820189148188, 0.0207680556923151, 0.03135032579302788, 0.045623116195201874, 0.007653847336769104, 0.04687991738319397, 0.022567670792341232, 0.045847486704587936, 0.02363191358745098, 0.000979832955636084, 0.020184826105833054, 0.018604977056384087, 0.027017271146178246, 0.009404590353369713, 0.020664947107434273, 0.004639983642846346, 0.018805596977472305, 0.02613118290901184, 0.028062425553798676, 0.018431266769766808, 0.06082654371857643, 0.025376884266734123, 0.009491308592259884, 0.0298139750957489, 0.000395710754673928, 0.00583710428327322, 0.031010957434773445, 0.015804888680577278, 0.013015363365411758, 0.04361756145954132, 0.04907785356044769, 0.05373556166887283]"
F104,"[0.008505218662321568, 0.01709963008761406, 0.015702109783887863, 0.014542928896844387, 0.026931799948215485, 0.024932827800512314, 0.00397635018453002, 0.015217249281704426, 0.016741838306188583, 0.0019817666616290808, 0.022200968116521835, 0.005674102809280157, 0.01922941580414772, 0.0045969062484800816, 0.017436908558011055, 0.003272813279181719, 0.007852853275835514, 0.019695090129971504, 0.009510758332908154, 0.017251525074243546, 0.017631279304623604, 0.0025359822902828455, 0.017043445259332657, 0.008856488391757011, 0.017994023859500885, 0.015108439140021801, 0.01990417391061783, 0.015263423323631287, 0.014969089068472385, 0.006981479935348034, 0.008157304488122463, 0.02047828957438469, 0.006843905430287123, 0.008953475393354893, 0.006399867124855518, 0.0004500311042647809, 0.008608687669038773, 7.802627806086093e-05, 0.006707803346216679, 0.022596238180994987, 0.019008146598935127, 0.010876957327127457, 0.006886014714837074, 0.004668943118304014, 0.00029008174897171557, 0.008847246877849102, 0.024244653061032295, 0.007399557624012232, 0.0024799241218715906, 0.015212176367640495, 0.012817343696951866, 0.016610685735940933, 0.010340262204408646, 0.012708168476819992, 0.009552059695124626, 0.011315855197608471, 0.006312945857644081, 0.005377782508730888, 0.023013049736618996, 0.008997946046292782, 0.01669803075492382, 0.017547359690070152, 0.009275912307202816, 0.0007840070757083595, 0.01778862252831459, 0.024426467716693878, 0.0186314694583416, 0.011169644072651863, 0.02173885516822338, 0.010395769029855728, 0.006507774814963341, 0.0028002324979752302, 0.022589750587940216, 0.0012743151746690273, 0.0032091771718114614, 0.003082677023485303, 0.0009175451123155653, 0.02473623678088188, 0.024185387417674065, 0.0038172947242856026, 0.008039700798690319, 0.006749855354428291, 0.01250739861279726, 0.004831091500818729, 0.016346462070941925, 0.0001880146301118657, 0.003425269853323698, 0.015255474485456944, 0.015803523361682892, 0.023276101797819138, 0.001627075020223856, 0.020799869671463966, 0.0011988471960648894, 0.0034175461623817682, 0.0049639297649264336, 0.012765449471771717, 0.005366950295865536, 0.003134316299110651, 0.01426388043910265, 0.0035180391278117895, 0.01961347833275795, 0.004608629737049341, 0.01432880014181137, 0.007663308642804623, 8.569865167373791e-05, 0.017311660572886467, 0.018035201355814934, 0.02451617270708084, 0.002987594110891223, 0.002586410380899906, 0.0008669388480484486, 0.024319501593708992, 0.01850258745253086, 0.00047442203504033387, 0.0002426138671580702, 0.003006699262186885, 0.0069463434629142284, 0.01934701018035412, 0.0045902542769908905, 0.014062515459954739, 0.014081851579248905, 0.01777689717710018, 0.006931660231202841, 0.00689664063975215, 0.015785105526447296, 0.023359034210443497, 0.019081899896264076, 0.008204489015042782]"
F105,"[0.01694154553115368, 0.05430745705962181, 0.01128749456256628, 0.07117398828268051, 0.016352267935872078, 0.02976248413324356, 0.009440910071134567, 0.04194732382893562, 0.07503669708967209, 0.035931870341300964, 0.06757648289203644, 0.04623497277498245, 0.014822970144450665, 0.043871499598026276, 0.02127298153936863, 0.04741676151752472, 0.05079364404082298, 0.010132836177945137, 0.053844403475522995, 0.017611054703593254, 0.022201187908649445, 0.010451141744852066, 0.07920162379741669, 0.05230783298611641, 0.03583624213933945, 0.017726000398397446, 0.004269554745405912, 0.05663760006427765, 0.02822030521929264, 0.0056904759258031845, 0.025369510054588318, 0.05095461383461952, 0.07900305092334747, 0.02320818416774273, 0.03609694913029671, 0.07370999455451965, 0.0486433319747448, 0.05025719851255417, 0.03704265505075455, 0.042220067232847214, 0.05769117549061775, 0.009553753770887852, 0.05407905578613281, 0.0046180603094398975, 0.009269594214856625, 0.04334288462996483, 0.021163050085306168, 0.10669765621423721, 0.022220836952328682, 0.025510475039482117, 0.020272010937333107, 0.012490940280258656, 0.06300701200962067, 0.08603734523057938, 0.042386751621961594, 0.03247254341840744, 0.051144763827323914, 0.0545366108417511, 0.05788430944085121, 0.01816355623304844, 0.055472202599048615, 0.08016972243785858, 0.06221175566315651, 0.049445487558841705, 0.05650785192847252, 0.03868379071354866, 0.016704481095075607, 0.05243685469031334, 0.033971790224313736, 0.018882354721426964, 0.051014259457588196, 0.005748827941715717, 0.004702923819422722, 0.01810772344470024, 0.038682032376527786, 0.05785703286528587, 0.010154854506254196, 0.029717756435275078, 0.027099531143903732, 0.028004152700304985, 0.03802603483200073, 0.013046815060079098, 0.03460898995399475, 4.551821621134877e-05, 0.056167833507061005, 0.05281222239136696, 0.00048343793605454266, 0.002190346596762538, 0.05443153530359268, 0.009821196086704731, 0.03231266140937805, 0.032375697046518326, 0.057480067014694214, 0.005436587147414684, 0.06544182449579239, 0.08100050687789917, 0.028617458418011665, 0.08181064575910568, 0.076987124979496, 0.08731959760189056, 0.006608345080167055, 0.05527680367231369, 0.025324806571006775, 0.010552410036325455, 0.009643835946917534, 0.013524729758501053, 0.036509569734334946, 0.0809103325009346, 0.029219230636954308, 0.046287279576063156, 0.0015266319969668984, 0.02509211376309395, 0.031820449978113174, 0.0869455337524414, 0.08106395602226257, 0.024377334862947464, 0.0800527036190033, 0.015639053657650948, 0.08763910084962845, 0.01590006798505783, 0.016715632751584053, 0.039919350296258926, 0.0401686429977417, 0.016323506832122803, 0.014048618264496326, 0.030172906816005707, 0.014949270524084568, 0.03488665074110031]"
F106,"[0.013045513071119785, 0.008392651565372944, 0.02037518471479416, 0.007730592507869005, 0.0015285711269825697, 0.0030002426356077194, 0.0022773602977395058, 0.014128481037914753, 0.004132965113967657, 0.005019812844693661, 0.010728754103183746, 0.0035265288315713406, 0.004700766876339912, 0.01146266795694828, 0.028769169002771378, 0.013101202435791492, 0.019823459908366203, 0.0001069025820470415, 0.018157750368118286, 0.0061446926556527615, 0.029489703476428986, 0.0008415732299908996, 0.012065407820045948, 0.0017141132848337293, 0.021692095324397087, 0.012820706702768803, 0.009025052189826965, 0.005458087660372257, 0.0035911027807742357, 0.021426068618893623, 0.039756085723638535, 0.014837764203548431, 0.008895798586308956, 0.006201555486768484, 0.013126356527209282, 0.0316060334444046, 0.01687769591808319, 0.006245638709515333, 0.005636049900203943, 0.014791245572268963, 0.03638075292110443, 0.014985975809395313, 0.0028134144376963377, 0.02010910026729107, 0.01816106215119362, 0.009797029197216034, 0.028739038854837418, 0.007708666380494833, 0.004989350214600563, 0.02358585223555565, 0.026834754273295403, 0.009444513358175755, 0.01319181639701128, 0.021155523136258125, 0.012254814617335796, 0.010610920377075672, 0.02293473668396473, 0.012957545928657055, 0.01461781281977892, 0.019345233216881752, 0.003643707139417529, 0.009935968555510044, 0.00997088011354208, 0.01778900809586048, 0.01988423801958561, 0.018012957647442818, 0.012012913823127747, 0.012524550780653954, 0.014416101388633251, 0.025488121435046196, 0.0031484460923820734, 0.026835482567548752, 0.017607154324650764, 0.0019354348769411445, 0.012461100704967976, 0.014221575111150742, 0.017796006053686142, 0.00800581369549036, 0.035414088517427444, 0.007136625703424215, 0.028976576402783394, 0.015592394396662712, 0.02241835743188858, 0.022576337680220604, 0.003999893553555012, 0.0184345580637455, 0.03189711272716522, 0.023187195882201195, 0.01031864807009697, 0.025945449247956276, 0.0013695386005565524, 0.026117147877812386, 0.01548023521900177, 0.019945792853832245, 0.006494226399809122, 0.00019867833179887384, 0.009163287468254566, 0.009276648052036762, 0.012436938472092152, 0.031411368399858475, 0.003765355097129941, 0.02264983579516411, 0.0006756308721378446, 0.007538889534771442, 0.00011971428466495126, 0.015429629944264889, 0.008518663235008717, 0.004726325161755085, 0.0016919722547754645, 0.042038336396217346, 0.03626179322600365, 0.007689283229410648, 0.02186053805053234, 0.018481789156794548, 0.013080664910376072, 0.019991232082247734, 0.005489763338118792, 0.015418670140206814, 0.03136880323290825, 0.0028517190366983414, 0.0015223548980429769, 0.013778873719274998, 0.0025030465330928564, 0.020145058631896973, 0.0024016350507736206, 0.028997117653489113, 0.025579284876585007, 0.002851769793778658]"
F107,"[0.004342504311352968, 0.01586667075753212, 0.015142378397285938, 0.015756629407405853, 0.02033008448779583, 0.0203411765396595, 0.011571215465664864, 0.01419245358556509, 0.009335890412330627, 0.006946331821382046, 0.00218776473775506, 0.010100326500833035, 0.005635728128254414, 0.009923651814460754, 0.02492918260395527, 0.015215524472296238, 0.010788538493216038, 0.0010359499137848616, 0.015370845794677734, 0.004185143392533064, 0.00015699674258939922, 0.0012493263930082321, 0.010869954712688923, 0.015195985324680805, 0.0019803978502750397, 0.017042748630046844, 0.0009040709119290113, 0.011486557312309742, 0.0025727269239723682, 0.007963858544826508, 0.030756602063775063, 0.020939528942108154, 0.011004053056240082, 0.01565353386104107, 0.00021858344553038478, 0.01084029022604227, 0.0045293476432561874, 0.006788845639675856, 0.013505527749657631, 0.014014097861945629, 0.009801535867154598, 0.0009909403743222356, 0.009447131305932999, 0.0032527917064726353, 0.005079415626823902, 0.0072807627730071545, 0.006193157285451889, 0.008565169759094715, 0.01508710440248251, 0.01715295948088169, 0.005881147459149361, 0.008481924422085285, 0.0036315592005848885, 0.007456599734723568, 0.011888841167092323, 0.004599550738930702, 0.006157594732940197, 0.005217735189944506, 0.010003684088587761, 0.0007515308097936213, 0.0024399789981544018, 0.014896220527589321, 0.01525508426129818, 0.004080129787325859, 0.0021717471536248922, 0.0009164831135421991, 0.008269447833299637, 0.00186426960863173, 0.005652724299579859, 0.002237123902887106, 0.0023362762294709682, 0.002256347332149744, 0.0020442225504666567, 0.009355970658361912, 0.012501446530222893, 0.006403516512364149, 0.0038106853608042, 0.0030575518030673265, 0.024487124755978584, 0.0006597570609301329, 0.009418148547410965, 0.00344728771597147, 0.005827059969305992, 0.01602100394666195, 0.01826513558626175, 0.0020007104612886906, 0.009868767112493515, 0.010752827860414982, 0.005122163332998753, 0.008741538040339947, 0.015284067019820213, 0.012502721510827541, 0.017819657921791077, 0.004522489383816719, 0.021147603169083595, 0.01454604510217905, 0.019608784466981888, 0.018540536984801292, 0.0020850577857345343, 0.001757920952513814, 0.0028687482699751854, 0.011112323962152004, 0.018776532262563705, 0.0016082151560112834, 0.014732539653778076, 0.011033457703888416, 0.004305270966142416, 0.00067816925002262, 0.00541427917778492, 0.006824491545557976, 0.012156638316810131, 0.0025296590756624937, 0.01097487099468708, 0.01778247393667698, 0.003650902071967721, 0.004461543168872595, 0.022853443399071693, 0.015393497422337532, 0.013735650107264519, 0.020199645310640335, 0.001911323401145637, 0.015471935272216797, 0.011279142461717129, 0.012043985538184643, 0.013246303424239159, 0.0005046840524300933, 0.015301435254514217, 0.002874973462894559]"
F108,"[0.003318886272609234, 0.05579555034637451, 0.03397032245993614, 0.012309517711400986, 0.02712428942322731, 0.01966281607747078, 0.015938837081193924, 0.008681044913828373, 0.03521282970905304, 0.0016952326986938715, 0.0031455624848604202, 0.008622901514172554, 0.0017040841048583388, 0.02690633200109005, 0.026487361639738083, 0.026077473536133766, 0.012396760284900665, 0.001070870435796678, 0.02461458556354046, 0.004785732366144657, 0.02985561080276966, 0.022072752937674522, 0.006576101295650005, 0.008058094419538975, 0.016728952527046204, 0.002239595167338848, 0.011971055530011654, 0.03733062744140625, 0.043062012642621994, 0.02113623172044754, 0.04004417732357979, 0.02376207336783409, 0.035117924213409424, 0.013247178867459297, 0.0009004183812066913, 0.04248078912496567, 0.004458750132471323, 0.04299836605787277, 0.005315478891134262, 0.012940803542733192, 0.04548560827970505, 0.00819589663296938, 0.04002613574266434, 0.03788280487060547, 0.015380779281258583, 0.01129098515957594, 0.03589150309562683, 0.015813680365681648, 0.0012869256315752864, 0.014385639689862728, 0.02532711997628212, 0.040324583649635315, 0.02845565602183342, 0.003609921783208847, 0.030283408239483833, 0.005839087069034576, 0.02929341234266758, 0.0024102756287902594, 0.04159492254257202, 0.03917486220598221, 0.035328544676303864, 0.02409326285123825, 0.023158162832260132, 0.038967013359069824, 0.007153606507927179, 0.020729465410113335, 0.010447608307003975, 0.032150693237781525, 0.03372035548090935, 0.0011182305170223117, 0.03848506510257721, 0.01841013878583908, 0.03254281356930733, 0.014728138223290443, 0.03558414801955223, 0.008140354417264462, 0.03778139874339104, 0.030071964487433434, 0.017917076125741005, 0.005090231075882912, 0.0034967344254255295, 0.038895104080438614, 0.044326912611722946, 0.020593861117959023, 0.009676817804574966, 0.01327059231698513, 0.01069264579564333, 0.021452929824590683, 0.03983956575393677, 0.036998387426137924, 0.0067870342172682285, 0.026899686083197594, 0.038908638060092926, 0.03272869065403938, 0.043092820793390274, 0.0347435288131237, 0.011922638863325119, 0.031412672251462936, 0.01680358685553074, 0.015842020511627197, 0.018423309549689293, 0.024792339652776718, 0.0392892062664032, 0.014049822464585304, 0.0012026821495965123, 0.010298197157680988, 0.00497856643050909, 5.195009725866839e-05, 0.04906345531344414, 0.050989337265491486, 0.024261916056275368, 0.045307207852602005, 0.013697751797735691, 0.018424300476908684, 0.012867683544754982, 0.020704271271824837, 0.019061047583818436, 0.016748592257499695, 0.02954236976802349, 0.03677487373352051, 0.003929727245122194, 0.043379176408052444, 0.03608608990907669, 0.005599782336503267, 0.013246019370853901, 0.007054137531667948, 0.006878382060676813, 0.005677093751728535]"
F109,"[0.040535785257816315, 0.009931860491633415, 0.004593750927597284, 0.004969961009919643, 0.023208267986774445, 0.009006899781525135, 0.006431838031858206, 0.0013179851230233908, 0.009036872535943985, 0.013247550465166569, 0.0051424517296254635, 0.012819786556065083, 0.02085978537797928, 0.01739877462387085, 0.027769235894083977, 0.013498501852154732, 0.026713624596595764, 0.004328534472733736, 0.016351277008652687, 0.00966530293226242, 0.008989429101347923, 0.02869969978928566, 0.002402987563982606, 0.010769760236144066, 0.012954384088516235, 0.023738538846373558, 0.0026018412318080664, 0.033799443393945694, 0.014415341429412365, 0.03147256001830101, 0.008745876140892506, 0.007007887586951256, 0.0059532239101827145, 0.007908320985734463, 0.02368231490254402, 0.00789835024625063, 0.03334091231226921, 0.010382944718003273, 0.002000154461711645, 0.00058277219068259, 0.010037694126367569, 0.017329465597867966, 0.012294325046241283, 0.03540846332907677, 0.002274456899613142, 0.012373373843729496, 0.026131032034754753, 0.031383246183395386, 0.004487290047109127, 0.027238313108682632, 0.02132253721356392, 0.0038278275169432163, 0.004542162641882896, 0.016052458435297012, 0.02930380403995514, 0.026349712163209915, 0.002797597786411643, 0.02512613870203495, 0.017027445137500763, 0.0002208305522799492, 0.0068879276514053345, 0.0004429038381204009, 0.02733653038740158, 0.04593545198440552, 0.0008071099291555583, 0.003352685598656535, 0.010986519046127796, 0.04324612766504288, 0.00545524712651968, 0.018599659204483032, 0.0025153718888759613, 0.0028123906813561916, 0.030641689896583557, 0.031665168702602386, 0.019365383312106133, 0.003885412123054266, 0.041426628828048706, 0.032110944390296936, 0.01998940482735634, 0.03583633527159691, 0.02580864541232586, 0.0019513132283464074, 0.008336455561220646, 0.023557262495160103, 0.007028358057141304, 0.009933940134942532, 0.018662648275494576, 0.002449595369398594, 0.015283480286598206, 0.025662079453468323, 0.01275618840008974, 0.035141028463840485, 0.00871241744607687, 0.004994456190615892, 0.02924230694770813, 0.028963057324290276, 0.001839070930145681, 0.0009091270039789379, 0.012719265185296535, 0.004999715834856033, 0.018444526940584183, 0.002308284630998969, 0.00654980493709445, 0.018280794844031334, 0.004513385705649853, 0.01462061982601881, 0.022082898765802383, 0.0470208041369915, 0.0248769111931324, 0.006788285914808512, 0.008460329845547676, 0.03630846366286278, 0.005879214499145746, 0.026091881096363068, 0.009480818174779415, 0.02273637242615223, 0.03397774323821068, 0.01180786918848753, 0.0018645856762304902, 0.009142185561358929, 0.015130177140235901, 0.012984202243387699, 0.008420408703386784, 0.03840627148747444, 6.0020454839104787e-05, 0.0009760254761204123, 0.005408052355051041, 0.0199515949934721]"
F110,"[0.020660577341914177, 0.004109151195734739, 0.006518361158668995, 0.000865819922182709, 0.0025372905656695366, 0.011588485911488533, 0.026515454053878784, 0.0005790046416223049, 0.006439598277211189, 0.0024545162450522184, 0.021942075341939926, 0.017534121870994568, 0.0007001330377534032, 0.02389807067811489, 0.028991175815463066, 0.008979949168860912, 0.008955057710409164, 0.0055559552274644375, 0.0008247261284850538, 0.0100927809253335, 0.013379023410379887, 0.012134642340242863, 0.013897398486733437, 0.0011672643013298512, 0.0003421822329983115, 0.0004319434810895473, 0.013505981303751469, 0.011801321059465408, 0.0016291681677103043, 0.010730596259236336, 0.007099313661456108, 0.0022969439160078764, 0.0011687014484778047, 0.005304400343447924, 0.00391824496909976, 0.011142554692924023, 0.0006403315346688032, 0.01118976529687643, 0.023798581212759018, 0.024688102304935455, 0.011716721579432487, 0.0278922151774168, 0.006572666112333536, 0.00013732095248997211, 0.0021941373124718666, 0.007020072545856237, 0.02389809675514698, 0.00754407187923789, 0.004830997437238693, 0.0075589390471577644, 0.001442712265998125, 0.006180996540933847, 0.009582608006894588, 0.0014264461351558566, 0.019326983019709587, 0.015843594446778297, 0.024580489844083786, 0.0006045157206244767, 0.004281812813133001, 0.015516492538154125, 0.007329569198191166, 0.011290988884866238, 0.013302157633006573, 0.021577369421720505, 0.011907927691936493, 0.023310553282499313, 0.014104631729424, 0.019152889028191566, 0.009729122743010521, 0.022954130545258522, 0.025832654908299446, 0.02874235063791275, 0.00531375827267766, 0.0037003299221396446, 0.006854058708995581, 0.013232553377747536, 0.006712317932397127, 0.0054932208731770515, 0.01330572459846735, 0.008215841837227345, 0.020594056695699692, 0.001432170975022018, 0.016528064385056496, 0.004119671415537596, 7.781492604408413e-05, 0.007873164489865303, 0.0011624126927927136, 0.01822509802877903, 0.005697078537195921, 0.011000867933034897, 0.0039976052939891815, 0.026637660339474678, 0.0014229898806661367, 0.009515120647847652, 0.009566272608935833, 0.011738531291484833, 0.0071966927498579025, 0.008310668170452118, 0.02015835791826248, 0.017624003812670708, 0.0023155484814196825, 0.016897788271307945, 0.009314969182014465, 0.003504135413095355, 0.018265560269355774, 0.024712752550840378, 0.011837094090878963, 0.019137782976031303, 0.024244626984000206, 0.00982498750090599, 0.01601567491889, 0.01919773779809475, 0.01535066869109869, 0.010530408471822739, 0.024761388078331947, 0.00961409043520689, 0.004296194761991501, 0.01569480262696743, 0.02266412042081356, 0.009963184595108032, 0.01410694420337677, 0.012075644917786121, 0.0019858379382640123, 0.013957921415567398, 0.01388512272387743, 0.0029330351389944553, 0.020430579781532288, 0.0030986429192125797]"
F111,"[0.011215719394385815, 0.0235514547675848, 0.0036280269268900156, 0.027221770957112312, 0.006098191253840923, 0.006389006040990353, 0.01373245008289814, 0.0316767618060112, 0.009835897944867611, 0.01743747666478157, 0.014677269384264946, 0.026396116241812706, 0.03179614245891571, 0.00393237778916955, 0.0061861430294811726, 0.025081908330321312, 0.009983418509364128, 0.01436781045049429, 0.02391882613301277, 0.005090772639960051, 0.021636927500367165, 0.017273839563131332, 0.007153564598411322, 0.047646090388298035, 0.005241674371063709, 0.009014190174639225, 0.005749796982854605, 0.005816844291985035, 0.023051002994179726, 0.014858203940093517, 0.01707909256219864, 0.01500790473073721, 0.0009056538110598922, 0.01825115829706192, 0.011231149546802044, 0.006934578996151686, 0.0397876501083374, 0.0057185981422662735, 0.016665486618876457, 0.04480397328734398, 0.007759956642985344, 0.023891862481832504, 0.009658626280725002, 0.01728575862944126, 0.021860824897885323, 0.009301853366196156, 0.01535500306636095, 0.023592215031385422, 0.005804595071822405, 0.006954487878829241, 0.024759605526924133, 0.029026204720139503, 0.007752017583698034, 0.034981247037649155, 0.035983096808195114, 0.018661770969629288, 0.021728316321969032, 0.016901444643735886, 0.008844168856739998, 0.030222920700907707, 0.004684926476329565, 0.03596538305282593, 0.01025606319308281, 0.00198829872533679, 0.0008177428389899433, 0.023183614015579224, 0.03653182089328766, 2.4593227863078937e-05, 0.030627664178609848, 0.029133781790733337, 0.01776653341948986, 0.005697010550647974, 0.022079182788729668, 0.0193010400980711, 0.0383138507604599, 0.026964286342263222, 0.016926458105444908, 0.005060941446572542, 0.034628476947546005, 0.018989447504281998, 0.01557889487594366, 0.024663245305418968, 0.013545270077884197, 0.00970756821334362, 0.02719021588563919, 0.010226347483694553, 0.012585243210196495, 0.03234125301241875, 0.016532892361283302, 0.028803395107388496, 0.008689552545547485, 0.007079296745359898, 0.02361968345940113, 0.011079752817749977, 0.030855679884552956, 0.01661764830350876, 0.022114191204309464, 0.008436757139861584, 0.008344072848558426, 0.01902937702834606, 0.0016030101105570793, 0.012495286762714386, 0.022767584770917892, 0.009213453158736229, 0.022149378433823586, 0.014763894490897655, 0.018799670040607452, 0.01733844354748726, 0.007148311473429203, 0.012118254788219929, 0.0017480796668678522, 0.015930941328406334, 0.005455461330711842, 0.002438975963741541, 0.014253630302846432, 0.040608152747154236, 0.006661238148808479, 0.02918785624206066, 0.012128060683608055, 0.013005240820348263, 0.018650786951184273, 0.02132364921271801, 0.022736120969057083, 0.012661134824156761, 0.026041623204946518, 0.023025335744023323, 0.025121552869677544, 0.02751987986266613]"
F112,"[0.02103455550968647, 0.015408655628561974, 0.005608850624412298, 0.026470649987459183, 0.01973959431052208, 0.04196925833821297, 0.01918092928826809, 0.010236196219921112, 0.0429198294878006, 0.020828187465667725, 0.023691074922680855, 0.000992514775134623, 0.03655287250876427, 0.055691301822662354, 0.03400717303156853, 0.027746932581067085, 0.028866153210401535, 0.0029721723403781652, 0.04921708256006241, 0.012945924885571003, 0.010113264434039593, 0.021624375134706497, 0.01844285987317562, 0.01793093979358673, 0.0007529548020102084, 0.027655771002173424, 0.0023618750274181366, 0.024013739079236984, 0.037071872502565384, 0.020888986065983772, 0.05071299895644188, 0.029395556077361107, 0.017985546961426735, 0.02136874943971634, 0.05820637196302414, 0.004963336046785116, 0.03211768716573715, 0.03499789163470268, 0.02623233199119568, 0.007937198504805565, 0.038264065980911255, 0.03319234773516655, 0.0020587139297276735, 0.00452611455693841, 0.03949642926454544, 0.04618839547038078, 0.009466098621487617, 0.007360462099313736, 0.022337276488542557, 0.0013675634982064366, 0.061946697533130646, 0.00416763499379158, 0.05195671319961548, 0.02800637297332287, 0.027056796476244926, 0.04247243329882622, 0.013281484134495258, 0.019324753433465958, 0.004664507694542408, 0.02220197394490242, 0.052665825933218, 0.030712023377418518, 0.007895168848335743, 0.0397823341190815, 0.016645031049847603, 0.02556736394762993, 0.04943256080150604, 0.010325977578759193, 0.02029675990343094, 0.01914946362376213, 0.020164435729384422, 0.045932259410619736, 0.0014612014638260007, 0.0266277939081192, 0.02949080802500248, 0.010858418419957161, 0.008078567683696747, 0.01962297596037388, 0.033213164657354355, 0.021652057766914368, 0.010138058103621006, 0.02039702795445919, 0.036408863961696625, 0.018980277702212334, 0.011361968703567982, 0.057715874165296555, 0.05074858292937279, 0.025408731773495674, 0.026134425774216652, 0.02009662240743637, 0.02113068662583828, 0.01024459395557642, 0.02608516439795494, 0.030188191682100296, 0.018029412254691124, 0.030030522495508194, 0.012294976972043514, 0.027272848412394524, 0.026013735681772232, 0.0220402292907238, 0.004219493363052607, 0.03631506487727165, 0.03381279855966568, 0.0035865900572389364, 0.0227053202688694, 0.03278135135769844, 0.014872790314257145, 0.05074494704604149, 0.03365660458803177, 0.005048187915235758, 0.027795851230621338, 0.0708959624171257, 0.03902960568666458, 0.0020303374622017145, 0.018765239045023918, 0.058230921626091, 0.026727301999926567, 0.001681890687905252, 0.01657334342598915, 0.051703210920095444, 0.003882769262418151, 0.005644354969263077, 0.00915239192545414, 0.0013301564613357186, 0.06207649037241936, 0.03921859338879585, 0.01045237947255373, 0.014056234620511532]"
F113,"[0.04483300819993019, 0.06801267713308334, 0.08524072170257568, 7.408284727716818e-05, 0.08987174928188324, 0.030004190281033516, 0.028831860050559044, 0.03619817644357681, 0.12668298184871674, 0.024540117010474205, 0.10101722925901413, 0.03850562870502472, 0.007588135544210672, 0.1353524774312973, 0.0037905280478298664, 0.022170526906847954, 0.06696313619613647, 0.11602603644132614, 0.056500181555747986, 0.13397368788719177, 0.0889170840382576, 0.034661535173654556, 0.05700088292360306, 0.042782437056303024, 0.06603268533945084, 0.09100227802991867, 0.02011771686375141, 0.014094356447458267, 0.01824634149670601, 0.06718851625919342, 0.0055915373377501965, 0.027530048042535782, 0.04624827206134796, 0.07298102229833603, 0.0240701362490654, 0.022949863225221634, 0.08023708313703537, 0.09629201889038086, 0.017687847837805748, 0.0464102067053318, 0.010118966922163963, 0.021634671837091446, 0.01602654904127121, 0.024432210251688957, 0.038903530687093735, 0.10821125656366348, 0.08035818487405777, 0.009074456989765167, 0.07199446111917496, 0.10803496837615967, 0.050365813076496124, 0.05137338116765022, 0.0174036156386137, 0.06876575201749802, 0.10021467506885529, 0.08479556441307068, 0.08181845396757126, 0.062219489365816116, 0.09702786803245544, 0.10940221697092056, 0.11213085055351257, 0.043778616935014725, 0.005856504663825035, 0.10360702127218246, 0.08010292798280716, 0.12386386841535568, 0.05836842209100723, 0.028331751003861427, 0.014823758974671364, 0.02071131207048893, 0.1308581829071045, 0.06116233021020889, 0.06602364778518677, 0.012637748382985592, 0.07174935936927795, 0.023067649453878403, 0.09273776412010193, 0.06674715876579285, 0.0369374118745327, 0.0042649186216294765, 0.01193371880799532, 0.0030959544237703085, 0.03355710208415985, 0.033491943031549454, 0.10900188237428665, 0.031047936528921127, 0.05529597029089928, 0.06235789507627487, 0.10732422769069672, 0.0762031301856041, 0.0382441021502018, 0.08998536318540573, 0.003850393695756793, 0.01606712117791176, 0.12087968736886978, 0.010744515806436539, 0.02528451569378376, 0.03649909049272537, 0.05040080472826958, 0.03524547815322876, 0.009072883054614067, 0.010532867163419724, 0.06899674236774445, 0.031774550676345825, 0.06250175833702087, 0.154914990067482, 0.06922145932912827, 0.11309883743524551, 0.1421203762292862, 0.08934828639030457, 0.023982364684343338, 0.012316963635385036, 0.07041583955287933, 0.04235575720667839, 0.022453144192695618, 0.048101361840963364, 0.09640399366617203, 0.0015372163616120815, 0.04932478815317154, 0.030330248177051544, 0.008033454418182373, 0.039280135184526443, 0.1534503847360611, 0.012750129215419292, 0.01999402791261673, 0.12319930642843246, 0.12937510013580322, 0.048781320452690125]"
F114,"[0.003975881729274988, 0.03562092036008835, 0.09373658150434494, 0.04504582658410072, 0.01935071311891079, 0.0106726735830307, 0.04206279292702675, 0.03552047163248062, 0.020708909258246422, 0.03876001760363579, 0.08821316063404083, 0.02056792564690113, 0.07635997980833054, 0.03938674181699753, 0.04601519927382469, 0.055153101682662964, 0.02178487554192543, 0.05307145416736603, 0.0619986355304718, 0.019750189036130905, 0.09501657634973526, 0.005322645418345928, 0.06830050051212311, 0.08192110061645508, 0.09631188958883286, 0.04801810905337334, 0.023011500015854836, 0.016152672469615936, 0.06583128869533539, 0.00826909951865673, 0.029690533876419067, 0.09148334711790085, 5.499221879290417e-05, 0.047505855560302734, 0.127149298787117, 0.052471909672021866, 0.06886568665504456, 0.02259981818497181, 0.09042331576347351, 0.005994242615997791, 0.013308742083609104, 0.0936027243733406, 0.008139358833432198, 0.06710861623287201, 0.052016161382198334, 0.05130515247583389, 0.050613563507795334, 0.015281648375093937, 0.09036329388618469, 0.10206679999828339, 0.07898056507110596, 0.07357783615589142, 0.06678487360477448, 0.02406824380159378, 0.07711814343929291, 0.01777772419154644, 0.01902264542877674, 0.029104772955179214, 0.004698176868259907, 0.09072558581829071, 0.003086953889578581, 0.038665372878313065, 0.09522388130426407, 0.03183136507868767, 0.02004462294280529, 0.001966765383258462, 0.05297193303704262, 0.025152549147605896, 0.028376048430800438, 0.011037814430892467, 0.06379415094852448, 0.04934433847665787, 0.0829724669456482, 0.010633902624249458, 0.015331912785768509, 0.06196754798293114, 0.011706659570336342, 0.040726881474256516, 0.007738819345831871, 0.030167995020747185, 0.07919411361217499, 0.01462143287062645, 0.018649546429514885, 0.047296054661273956, 0.015395504422485828, 0.04176105186343193, 0.0009817535756155849, 0.0013729786733165383, 0.10772054642438889, 0.031069433316588402, 0.03735950589179993, 0.054323796182870865, 0.06844077259302139, 0.0573248453438282, 0.050810422748327255, 0.04522213712334633, 0.0337490439414978, 0.09357919543981552, 0.0586339607834816, 0.06972794979810715, 0.017284898087382317, 0.02819260023534298, 0.0605807825922966, 0.0468577966094017, 0.0023859047796577215, 0.05771264806389809, 0.00039455838850699365, 0.037147022783756256, 0.09211540967226028, 0.07683740556240082, 0.01790517568588257, 0.10050244629383087, 0.05543062835931778, 0.0322813019156456, 0.044946588575839996, 0.02646932378411293, 0.017522038891911507, 0.08581804484128952, 0.05268338322639465, 0.04420455917716026, 0.08202457427978516, 0.09796541929244995, 0.010243951342999935, 0.01780269481241703, 0.020117519423365593, 0.007462946232408285, 0.06295058131217957, 0.05680948495864868]"
F115,"[0.008617126382887363, 0.008192107081413269, 0.01676114648580551, 0.012653963640332222, 0.001009461935609579, 0.010626248084008694, 0.003597985254600644, 0.0007093121530488133, 0.017683714628219604, 0.008031940087676048, 0.01910468190908432, 0.00402047298848629, 0.0013069791020825505, 0.005104055628180504, 0.01991315558552742, 0.026339692994952202, 0.030412277206778526, 0.0179375521838665, 0.01613830216228962, 0.008130709640681744, 0.00795353576540947, 0.020390791818499565, 0.005521305836737156, 0.02114727534353733, 0.024956529960036278, 0.004516544286161661, 0.0050481450743973255, 0.020623205229640007, 0.0044630784541368484, 0.025279128924012184, 0.002172841690480709, 0.027396220713853836, 0.010133257135748863, 0.0061425757594406605, 0.0071877422742545605, 0.023349139839410782, 0.015958432108163834, 0.008327251300215721, 0.018809044733643532, 0.04132736101746559, 0.03689727932214737, 0.013779101893305779, 0.013910393230617046, 0.022922776639461517, 0.0076745073311030865, 0.0007225362351164222, 0.029091589152812958, 0.0066719199530780315, 0.020516682416200638, 0.006414969451725483, 0.014988098293542862, 0.0033913415390998125, 0.03272493928670883, 0.013929292559623718, 0.016628829762339592, 0.012777532450854778, 0.009358678013086319, 0.012863930314779282, 0.004850741010159254, 0.007359019480645657, 0.008283278904855251, 0.01906748302280903, 0.0006538925808854401, 0.00045710414997301996, 0.006414199247956276, 0.025999484583735466, 0.0055245705880224705, 0.02859816700220108, 0.02862396277487278, 0.02661280520260334, 0.013450732454657555, 0.006245097611099482, 6.032219607732259e-05, 0.011693126522004604, 0.003318897681310773, 0.013411548919975758, 0.0017838987987488508, 0.016111547127366066, 0.01289529912173748, 0.006105136126279831, 0.0010719873243942857, 0.022476116195321083, 0.006521772127598524, 0.0005462932167574763, 0.019329464063048363, 0.008093878626823425, 0.028943626210093498, 0.02797175943851471, 0.010019399225711823, 0.004628035705536604, 0.005262605380266905, 0.007814670912921429, 0.013575278222560883, 0.006346086040139198, 0.0028011719696223736, 0.002579602412879467, 0.01058237999677658, 0.0220226738601923, 0.016348864883184433, 0.006973117124289274, 0.011064649559557438, 0.008608919568359852, 0.0014754344010725617, 0.00034660761593841016, 0.01008986122906208, 0.021395834162831306, 0.00888162013143301, 0.007164484821259975, 0.013035174459218979, 0.0005910900072194636, 0.02544800564646721, 0.010453091003000736, 0.016852937638759613, 0.021277355030179024, 0.007969802245497704, 0.012506256811320782, 0.024522224441170692, 0.01546760555356741, 0.005037415772676468, 0.012113132514059544, 0.00907768402248621, 0.015633484348654747, 0.01974828727543354, 0.010353371500968933, 0.00901716761291027, 0.018296029418706894, 0.0032967817969620228, 0.004766739439219236]"
F116,"[0.009561042301356792, 0.0011566780740395188, 0.016384713351726532, 0.007177913561463356, 0.01614272966980934, 0.002246974501758814, 0.0034073235001415014, 0.0060501680709421635, 0.02101488970220089, 0.009394294582307339, 0.011611313559114933, 0.005188471172004938, 0.012017720378935337, 0.026602016761898994, 0.006002055946737528, 0.00943694543093443, 0.0018212883733212948, 0.017348947003483772, 0.014061513356864452, 0.0026543301064521074, 0.004406810272485018, 0.007260092068463564, 0.013749648816883564, 0.009656868875026703, 0.011806663125753403, 0.011963688768446445, 0.02286325767636299, 0.017738912254571915, 0.008653853088617325, 0.017753852531313896, 0.012292379513382912, 0.005048854276537895, 0.0046772100031375885, 0.0019091923022642732, 0.008300730027258396, 0.0011277636513113976, 0.00850715208798647, 0.008752100169658661, 0.015263503417372704, 0.018729325383901596, 0.03281029686331749, 0.02039363421499729, 0.012496517039835453, 0.001615077955648303, 0.026964856311678886, 0.0014451461611315608, 0.00021078351710457355, 0.008871776983141899, 0.029435036703944206, 0.01902788318693638, 0.011055308394134045, 0.017303667962551117, 0.0009297219221480191, 0.016531111672520638, 0.016951918601989746, 0.001546490821056068, 0.007592611946165562, 0.023447291925549507, 0.0017508978489786386, 0.024489449337124825, 0.00024793168995529413, 0.013511735945940018, 0.0012809374602511525, 0.018771961331367493, 0.011857830919325352, 0.005308163817971945, 0.00019106593390461057, 0.020936237648129463, 0.002634951379150152, 0.004337157588452101, 6.324684363789856e-05, 0.003947658929973841, 0.020718703046441078, 0.00040237492066808045, 0.014988778159022331, 0.006415850017219782, 0.02795463427901268, 0.0003115118888672441, 0.007045280653983355, 0.008195305243134499, 0.015562944114208221, 0.013326040469110012, 0.009512456133961678, 0.010156365111470222, 0.01844007335603237, 0.00326347048394382, 0.0012820266420021653, 0.02666826732456684, 0.023551465943455696, 0.0034934873692691326, 0.0009031192166730762, 0.019228896126151085, 0.012897610664367676, 0.0023424457758665085, 0.0126955546438694, 0.0037407404743134975, 0.018261680379509926, 0.0034840202424675226, 0.01833164691925049, 0.010824848897755146, 0.007893991656601429, 0.015981972217559814, 0.0007805226487107575, 0.0003815168747678399, 0.018394676968455315, 0.017227888107299805, 0.014333114959299564, 0.001133858459070325, 0.026101866737008095, 0.012579242698848248, 0.02243684232234955, 0.016759945079684258, 0.026737790554761887, 0.008599392138421535, 0.01461111195385456, 0.013412521220743656, 0.005681196693331003, 0.007207644637674093, 0.005737597122788429, 0.009205462411046028, 0.010660234838724136, 0.008113725110888481, 0.0051656379364430904, 0.0012008962221443653, 0.023083405569195747, 0.015670446678996086, 0.02334495633840561, 0.012236218899488449]"
F117,"[0.0025977161712944508, 0.005805498920381069, 0.09541213512420654, 0.1048092246055603, 0.058693476021289825, 0.039417531341314316, 0.07095169275999069, 0.021648861467838287, 0.015387804247438908, 0.09750815480947495, 0.07808077335357666, 0.049791350960731506, 0.040112871676683426, 0.011657606810331345, 0.04645460844039917, 0.02715154178440571, 0.046427249908447266, 0.0652114599943161, 0.024262312799692154, 0.03447489067912102, 0.008165824227035046, 0.026107588782906532, 0.0015957447467371821, 0.13452838361263275, 0.11967606097459793, 0.0871991291642189, 0.08117904514074326, 0.03621651604771614, 0.014243323355913162, 0.005325806327164173, 0.11667537689208984, 0.01165072713047266, 0.05869924649596214, 0.04982385039329529, 0.07977806776762009, 0.09978324174880981, 0.048005588352680206, 0.027433279901742935, 0.02026180364191532, 0.04843609035015106, 0.08543374389410019, 0.07139911502599716, 0.042141761630773544, 0.051154766231775284, 0.06207498162984848, 0.012404259294271469, 0.016922615468502045, 0.005715905223041773, 0.12069983035326004, 0.12121939659118652, 0.01560036651790142, 0.06467042863368988, 0.01833185739815235, 0.015888765454292297, 0.011618520133197308, 0.07723609358072281, 0.014266500249505043, 0.051374439150094986, 0.07536858320236206, 0.030189648270606995, 0.02852654457092285, 0.02404780685901642, 0.06661483645439148, 0.0004957618075422943, 0.02278587967157364, 0.034594930708408356, 0.09197147190570831, 0.08379200100898743, 0.023333542048931122, 0.03698752820491791, 0.07459555566310883, 0.02088354527950287, 0.04641404747962952, 0.02158229984343052, 0.019566722214221954, 0.02890835329890251, 0.060312025249004364, 0.07353763282299042, 0.007155337370932102, 0.01026915106922388, 0.053501322865486145, 0.03815249726176262, 0.09077849984169006, 0.04779328778386116, 0.02998422645032406, 0.03586356341838837, 0.06317705661058426, 0.07176673412322998, 0.020113514736294746, 0.03978370875120163, 0.03178854286670685, 0.04537765309214592, 0.04015401378273964, 0.028871946036815643, 0.019336044788360596, 0.0018210111884400249, 0.041678354144096375, 0.061747778207063675, 0.03943001106381416, 0.0011477351654320955, 0.026084670796990395, 0.006182346027344465, 0.08607446402311325, 0.0016890938859432936, 0.09770199656486511, 0.06160339340567589, 0.09863009303808212, 0.06091643124818802, 0.09864921867847443, 0.014712085016071796, 0.11861225217580795, 0.03934942185878754, 0.10428373515605927, 0.003117393236607313, 0.03870429843664169, 0.02006339281797409, 0.0015024080639705062, 0.07811760902404785, 0.0025243221316486597, 0.052405945956707, 0.08858539164066315, 0.02414688467979431, 0.1384364366531372, 0.01095945667475462, 0.030370308086276054, 0.0375344455242157, 0.06562116742134094, 0.03091025911271572]"
F118,"[0.03640109300613403, 0.04125587269663811, 0.015925640240311623, 0.01823551394045353, 0.0032600155100226402, 0.0350496843457222, 0.03178396448493004, 0.016524698585271835, 0.04234061390161514, 0.02182878740131855, 0.053104374557733536, 0.013660011813044548, 0.02001398429274559, 0.05347476154565811, 0.010406049899756908, 0.005515835247933865, 0.029525218531489372, 0.014997573569417, 0.027499230578541756, 0.01921135000884533, 0.023693138733506203, 0.04803502932190895, 0.05177285522222519, 0.02134394831955433, 0.026559168472886086, 0.025107748806476593, 0.05385223776102066, 0.022359168156981468, 0.05280258506536484, 0.0081759262830019, 0.01261733565479517, 0.013426401652395725, 0.01106690987944603, 0.016005203127861023, 0.040408629924058914, 0.012701455503702164, 0.06676638871431351, 0.04765843600034714, 0.03309226036071777, 0.012302067130804062, 0.014934682287275791, 0.0007040298078209162, 0.0051188706420362, 0.011639822274446487, 0.017841603606939316, 0.0007610428147017956, 0.01888931356370449, 0.05734933167695999, 0.0038408867549151182, 0.002345455577597022, 0.01317302230745554, 0.03821621835231781, 0.010948128998279572, 0.015260031446814537, 0.028306616470217705, 0.018259352073073387, 0.05851345509290695, 0.0008810891886241734, 0.04935605451464653, 0.02566583640873432, 0.0686471164226532, 0.018097279593348503, 0.00028974824817851186, 0.0417303591966629, 0.0007392012630589306, 0.014291751198470592, 0.03635964170098305, 0.009421583265066147, 0.02749120444059372, 0.04169837757945061, 0.03404763713479042, 0.0043273381888866425, 0.013008376583456993, 0.034319862723350525, 0.006632331293076277, 0.029081325978040695, 0.009883386082947254, 0.024623729288578033, 0.0036097425036132336, 0.020305249840021133, 0.01967678964138031, 0.045728061348199844, 0.0005554259987547994, 0.0007837939192540944, 0.04216146841645241, 0.03562590479850769, 0.020922010764479637, 0.024587349966168404, 0.02905992418527603, 0.041234713047742844, 0.012358022853732109, 0.0010828409576788545, 0.01888522319495678, 0.0056080748327076435, 0.04339180141687393, 0.041185539215803146, 0.005231596529483795, 0.040391698479652405, 0.011890703812241554, 0.03895527496933937, 0.016735613346099854, 0.055213164538145065, 0.01931321993470192, 0.0716981589794159, 0.015286910347640514, 0.006889624986797571, 0.011383140459656715, 0.055606868118047714, 0.03676869347691536, 0.020477596670389175, 0.046336494386196136, 0.03400665894150734, 0.00032086431747302413, 0.03357715159654617, 0.007897622883319855, 0.0005846444983035326, 0.015175792388617992, 0.05869268998503685, 0.0108080068603158, 0.007745049893856049, 0.01702290028333664, 0.054878879338502884, 0.0037556099705398083, 0.010190271772444248, 0.01570337824523449, 0.009990028105676174, 0.02310675010085106, 0.01681838370859623]"
F119,"[0.003174428828060627, 0.004340815357863903, 0.0052316151559352875, 0.0060136644169688225, 0.012450860813260078, 0.007459844928234816, 0.01997252367436886, 0.010522942058742046, 0.007924750447273254, 0.0017520994879305363, 0.0036463357973843813, 0.015921441838145256, 0.002042473992332816, 0.01907307654619217, 0.0027237192261964083, 0.0024429115001112223, 0.015148253180086613, 0.011140994727611542, 0.01038979273289442, 0.0008747478132136166, 0.011933018453419209, 0.008367039263248444, 0.008249293081462383, 0.008239341899752617, 0.009457558393478394, 0.0019157935166731477, 0.014959887601435184, 0.023873746395111084, 0.008257479406893253, 0.015472492203116417, 0.010513661429286003, 0.011807918548583984, 0.0049288016743958, 0.010497074574232101, 0.011900564655661583, 0.0049318005330860615, 0.0024126789066940546, 0.007860956713557243, 0.0003903260512743145, 0.009988878853619099, 0.0018214428564533591, 0.005610667169094086, 0.00012778375821653754, 0.003705413080751896, 0.007099676877260208, 0.0033554292749613523, 0.01886211708188057, 0.0014271187828853726, 0.013072649948298931, 0.008449861779808998, 0.009484427981078625, 0.016939610242843628, 0.0005834402400068939, 0.005518742837011814, 0.002859543077647686, 0.003953799605369568, 0.0005947982426732779, 0.012292003259062767, 0.020113272592425346, 0.008664806373417377, 0.0035214507952332497, 0.0024221916683018208, 0.003643525531515479, 0.0024167585652321577, 0.0021853316575288773, 0.002457000082358718, 0.012329351156949997, 0.002096027135848999, 0.006411172915250063, 0.0027327705174684525, 0.018082046881318092, 0.007472038734704256, 0.01451236754655838, 0.020392324775457382, 0.0052473824471235275, 0.009726293385028839, 0.004159155767410994, 0.012788461521267891, 0.0009744554408825934, 0.012032783590257168, 0.0024600056931376457, 0.006040529347956181, 0.00048156516277231276, 0.0028224990237504244, 0.004403942730277777, 0.0024210033006966114, 0.005565084051340818, 0.0005845660925842822, 0.00989088136702776, 0.016576729714870453, 0.0028717759996652603, 0.023550454527139664, 0.0016298764385282993, 0.004150470718741417, 0.001969402888789773, 0.0013634103816002607, 0.0038401943165808916, 0.009716191329061985, 0.013227419927716255, 0.012926721945405006, 0.0004154338676016778, 0.015597142279148102, 0.0006981350015848875, 0.0015541419852524996, 0.009509755298495293, 0.017024686560034752, 0.005840776953846216, 0.0025465807411819696, 0.010266674682497978, 0.016079194843769073, 0.0006428628112189472, 0.000634075899142772, 0.007606553845107555, 0.013365979306399822, 0.013239211402833462, 0.002466063015162945, 0.019925186410546303, 0.00294111599214375, 0.0012723753461614251, 0.004770062863826752, 0.01399233564734459, 0.007618327159434557, 0.010487056337296963, 0.0015912038506940007, 0.015208720229566097, 0.008770094253122807, 0.0008683743653818965, 0.001097773085348308]"
F120,"[0.007996814325451851, 0.005658334586769342, 0.020562490448355675, 0.0009929470252245665, 0.02975751832127571, 0.004290128592401743, 0.010162696242332458, 0.026534605771303177, 0.0037688114680349827, 0.012243613600730896, 0.01777822896838188, 0.0105480020865798, 0.010104108601808548, 0.03470434620976448, 0.004726153798401356, 0.017278600484132767, 0.006912978831678629, 0.028085969388484955, 0.018796803429722786, 0.009585216641426086, 0.0070881531573832035, 0.017700359225273132, 0.009840491227805614, 0.01565222255885601, 0.022988881915807724, 0.011134590953588486, 0.007211101241409779, 0.00043171789729967713, 0.013009839691221714, 0.016812583431601524, 0.006878925487399101, 0.014259105548262596, 0.01492368709295988, 0.006296612322330475, 0.006705885753035545, 0.0006292992038652301, 0.023271076381206512, 0.009713356383144855, 0.011891829781234264, 0.029010850936174393, 0.007238050922751427, 0.015015223063528538, 0.00365296914242208, 0.01783863827586174, 0.009085546247661114, 0.007941520772874355, 0.002472591819241643, 0.007226945366710424, 0.029168415814638138, 0.0005127101903781295, 0.0188220776617527, 0.01881769858300686, 0.003098099259659648, 0.014347255229949951, 0.013497943058609962, 0.008837677538394928, 0.009220268577337265, 0.004351526498794556, 0.0035405345261096954, 0.010519196279346943, 0.005675750784575939, 0.002426087623462081, 0.010832557454705238, 0.03461802750825882, 0.020086798816919327, 0.011422150768339634, 0.014475387521088123, 0.0023578645195811987, 0.016034051775932312, 0.0007216683006845415, 0.012326742522418499, 0.0011378966737538576, 0.006105825304985046, 0.029002804309129715, 0.014281061477959156, 0.011294118128716946, 0.011659687384963036, 0.008545491844415665, 0.01216405164450407, 0.001000693067908287, 0.0222757738083601, 0.0025000805035233498, 0.011980845592916012, 0.01029136311262846, 0.01041973102837801, 0.01724422536790371, 0.015459712594747543, 0.010188519023358822, 0.009488481096923351, 0.0126781165599823, 0.0059169684536755085, 0.001036365400068462, 0.015022069215774536, 0.026971876621246338, 0.025223542004823685, 0.01657087542116642, 0.005731284152716398, 0.001046351040713489, 0.00216317898593843, 0.01500953733921051, 0.01278341468423605, 0.006810919847339392, 0.0019274494843557477, 0.025926614180207253, 0.012759970501065254, 0.016526682302355766, 0.02531740814447403, 0.020705288276076317, 0.013297080993652344, 0.005333391483873129, 0.009872762486338615, 0.012210705317556858, 0.014705505222082138, 0.002049312461167574, 0.012067914009094238, 0.0001387590600643307, 0.027216991409659386, 0.009265447966754436, 0.014836096204817295, 0.023012513294816017, 0.012512722983956337, 0.024569179862737656, 0.003657959634438157, 0.02610757388174534, 0.01661856845021248, 0.009018032811582088, 0.007827757857739925, 0.004613383207470179]"
F121,"[0.01471327431499958, 0.011192594654858112, 0.037881284952163696, 0.02150878868997097, 0.012011369690299034, 0.005461718421429396, 0.002627619309350848, 0.0005445315618999302, 0.02053423412144184, 0.030006863176822662, 0.0043201507069170475, 0.01792292296886444, 0.03231881558895111, 0.008021469227969646, 0.004550547804683447, 0.025983357802033424, 0.02586650289595127, 0.022839006036520004, 0.0052628424018621445, 0.034773752093315125, 0.022228186950087547, 0.03284064680337906, 1.3410300198302139e-05, 0.0036462116986513138, 0.01043879333883524, 0.00417622784152627, 0.029749155044555664, 0.006448959931731224, 0.0009076067944988608, 0.01030660793185234, 0.020462308079004288, 0.02577098459005356, 0.028215555474162102, 0.0001790824462659657, 0.02317618764936924, 0.003558374708518386, 0.018011242151260376, 0.018249351531267166, 0.019672561436891556, 0.019664069637656212, 0.03884792700409889, 0.03854247182607651, 0.029668394476175308, 0.02953510545194149, 0.004183790180832148, 0.015370038338005543, 0.008560873568058014, 0.001979478867724538, 0.005432639271020889, 0.004963569343090057, 0.0024997261352837086, 0.024558624252676964, 0.029407594352960587, 0.008743117563426495, 0.01963798515498638, 0.010813762433826923, 0.003574408357962966, 0.035312898457050323, 0.006637049373239279, 0.0028659419622272253, 0.0036944826133549213, 0.021511105820536613, 0.013492811471223831, 0.006701651029288769, 0.0024249725975096226, 0.0011940811527892947, 0.024845421314239502, 0.013949183747172356, 0.027267487719655037, 0.0004492280422709882, 0.000308590562781319, 0.004359726794064045, 0.023375023156404495, 0.0022113157901912928, 0.008935823105275631, 0.027981583029031754, 0.012169325724244118, 0.003178298007696867, 0.006269260309636593, 0.009702963754534721, 0.03838355839252472, 0.01064038835465908, 0.006179149262607098, 0.03131281957030296, 0.005655152257531881, 0.027157938107848167, 0.0014588042395189404, 0.019385742023587227, 0.0023064548149704933, 0.019666526466608047, 0.004128096625208855, 0.03455166146159172, 0.0029905783012509346, 0.008973545394837856, 0.02205044962465763, 0.023129761219024658, 0.0068963575176894665, 0.004374226089566946, 0.004089609254151583, 0.014667092822492123, 0.003115064697340131, 0.0030935402028262615, 0.030385874211788177, 0.007513096090406179, 0.003480273764580488, 0.015628952533006668, 0.002544841030612588, 0.018397053703665733, 0.042280543595552444, 0.03802698105573654, 0.02472582831978798, 0.012081087566912174, 0.018099384382367134, 0.007064988370984793, 0.032279618084430695, 0.035982050001621246, 0.00825890526175499, 0.02947351709008217, 0.027913035824894905, 0.0018822659039869905, 0.026132142171263695, 0.006622465327382088, 0.03381545841693878, 0.004286476410925388, 0.0027527420315891504, 0.03251595422625542, 0.0025739448610693216, 0.0035919391084462404]"
F122,"[0.010764488950371742, 0.003447707975283265, 0.017028162255883217, 0.0038110027089715004, 0.0010862427297979593, 0.013290736824274063, 0.022573672235012054, 0.010132250376045704, 0.019445719197392464, 0.01011866144835949, 0.0011489273747429252, 0.006522896699607372, 0.008875109255313873, 0.0063385008834302425, 0.026847541332244873, 0.007516768760979176, 0.003629638347774744, 0.015788042917847633, 0.0063845450058579445, 0.006873093545436859, 0.010359465144574642, 0.017507553100585938, 0.007955449633300304, 0.0021734507754445076, 0.012471058405935764, 0.01123321894556284, 0.01056953240185976, 0.028216775506734848, 0.013260778971016407, 0.0022364151664078236, 0.024071021005511284, 0.018023177981376648, 0.023025501519441605, 0.01624842919409275, 0.00394885428249836, 0.007582155521959066, 0.013439888134598732, 0.004855150822550058, 0.0032169532496482134, 0.020972425118088722, 0.021668268367648125, 0.01077450904995203, 0.010817181318998337, 0.0029865193646401167, 0.007598713040351868, 0.004328698385506868, 0.00017597226542420685, 0.015337164513766766, 0.012321904301643372, 0.018087562173604965, 0.01005086861550808, 0.005145584233105183, 0.002132175723090768, 0.003247514832764864, 0.015279319137334824, 0.01696661487221718, 0.0010116314515471458, 0.008455436676740646, 0.00793647300451994, 0.0092969611287117, 0.011887170374393463, 0.0008524031727574766, 0.0005731284036301076, 0.00533320615068078, 0.004081152379512787, 0.005544599145650864, 0.008003242313861847, 0.005586971528828144, 0.010087217204272747, 0.005776159930974245, 0.015478231012821198, 0.019285649061203003, 0.01233130693435669, 0.015134275890886784, 0.009323772974312305, 0.003888953011482954, 0.01117490604519844, 0.013911565765738487, 0.02193428948521614, 0.004429382737725973, 0.004227501340210438, 0.01524172630161047, 0.010385294444859028, 0.0020479937084019184, 0.002726819599047303, 0.004470870364457369, 0.009835868142545223, 0.00885434914380312, 0.0014453802723437548, 0.0015705152181908488, 0.010542623698711395, 0.017578335478901863, 0.004968705587089062, 0.0058062137104570866, 0.007741963490843773, 0.008049114607274532, 0.001557432464323938, 0.010980573482811451, 0.020067155361175537, 0.00970485806465149, 0.001839497941546142, 0.006009559612721205, 0.0018375847721472383, 0.006909522693604231, 0.0009308250155299902, 0.008447683416306973, 0.021017124876379967, 0.005665710661560297, 0.003928389400243759, 0.006355805788189173, 0.0008136105607263744, 0.009817330166697502, 0.0069452496245503426, 0.01797843910753727, 0.0029359215404838324, 0.003997245337814093, 0.0067765600979328156, 0.012406050227582455, 0.0054190317168831825, 0.009944072924554348, 0.012501453049480915, 0.00867385696619749, 0.010801239870488644, 0.021310891956090927, 0.006631317548453808, 0.0005681285401806235, 0.01273155864328146, 0.011206402443349361]"
F123,"[0.01910741813480854, 0.002923403400927782, 0.010895032435655594, 0.013518734835088253, 0.01847151294350624, 0.016554612666368484, 0.011395292356610298, 0.0005233400734141469, 0.014855020679533482, 0.024310434237122536, 0.005147453863173723, 0.0034806227777153254, 0.022777292877435684, 0.01102040521800518, 0.01716037467122078, 0.011902996338903904, 0.024712231010198593, 0.005772923119366169, 0.030635204166173935, 0.004299606196582317, 0.01334692444652319, 0.01979430578649044, 0.011403268203139305, 0.018081028014421463, 0.0043462179601192474, 0.022079942747950554, 0.0057043833658099174, 0.006027634721249342, 0.011610565707087517, 0.011006174609065056, 0.00811720173805952, 0.0134123545140028, 0.013930009678006172, 0.007797405123710632, 0.005572193767875433, 0.016458597034215927, 0.008958258666098118, 0.010794622823596, 0.009291458874940872, 0.01425669901072979, 0.020589524880051613, 0.0013122698292136192, 0.004556786734610796, 0.0019235123181715608, 0.02515709213912487, 0.019312812015414238, 0.01271629985421896, 0.002432903042063117, 0.014994029887020588, 0.0007686099852435291, 0.008487148210406303, 0.017055107280611992, 0.01800699345767498, 0.014688972383737564, 0.0032323268242180347, 0.005488286726176739, 0.02936256118118763, 0.009439078159630299, 0.004486095625907183, 0.016871951520442963, 0.01994997262954712, 0.019634747877717018, 0.019594885408878326, 0.01558681484311819, 0.004128667060285807, 0.003533380338922143, 0.020672401413321495, 0.01460321620106697, 0.023847218602895737, 0.027054138481616974, 0.009303463622927666, 0.01426214724779129, 0.00016463892825413495, 0.005233900621533394, 0.01930277980864048, 0.022213635966181755, 0.00833516288548708, 0.01510560791939497, 0.01861519366502762, 0.011033417657017708, 0.012208692729473114, 0.02097748965024948, 0.007147091906517744, 0.020960189402103424, 0.019894106313586235, 0.0005549980560317636, 0.003572470275685191, 0.010767288506031036, 0.009102756157517433, 0.010363969951868057, 0.002660322468727827, 0.004349046386778355, 0.014007730409502983, 0.0172931756824255, 0.021130716428160667, 0.004493736661970615, 0.014268090948462486, 0.00985379982739687, 0.01435677520930767, 0.009571603499352932, 0.0053213126957416534, 0.009062103927135468, 0.013978887349367142, 0.01783014088869095, 0.0048289052210748196, 0.0068502421490848064, 0.009624605067074299, 0.008837172761559486, 0.00011520009866217151, 0.0011445463169366121, 0.01140369102358818, 0.014347631484270096, 0.007181923370808363, 0.007035976741462946, 0.010890988633036613, 0.020210769027471542, 0.00993100181221962, 0.0024549546651542187, 0.019060511142015457, 0.011493464931845665, 0.007089212536811829, 0.0007775016711093485, 0.009617498144507408, 0.006327159237116575, 0.009227876551449299, 0.018514079973101616, 0.00825307797640562, 0.015569071285426617]"
F124,"[0.03945252299308777, 0.011878528632223606, 0.008676236495375633, 0.021546877920627594, 0.0516265444457531, 0.023650046437978745, 0.014926236122846603, 0.011245841160416603, 0.03531499579548836, 0.04180099442601204, 0.0048165228217840195, 0.0488276481628418, 0.05618972331285477, 0.022049451246857643, 0.0831885114312172, 0.05346576124429703, 0.04103045165538788, 0.015410867519676685, 0.021754302084445953, 0.010485583916306496, 0.04117301478981972, 0.04868632182478905, 0.0603003166615963, 0.07130780816078186, 0.005518532358109951, 0.009884590283036232, 0.009354641661047935, 0.0054054283536970615, 0.019236348569393158, 0.004592584911733866, 0.036862000823020935, 0.07706408947706223, 0.01411579642444849, 1.945962503668852e-05, 0.0012023815652355552, 0.051299430429935455, 0.05357406288385391, 0.003265637904405594, 0.011562112718820572, 0.043620672076940536, 0.006642227992415428, 0.009322062134742737, 0.04429415985941887, 0.00995096005499363, 0.06178057938814163, 0.017163138836622238, 0.014816720969974995, 0.01725279726088047, 0.006550997961312532, 0.017311256378889084, 0.028485415503382683, 0.018268534913659096, 0.015079319477081299, 0.05538487434387207, 0.028406307101249695, 0.008262475952506065, 0.019378071650862694, 0.01601003296673298, 0.07517765462398529, 0.005656495690345764, 0.028734900057315826, 0.02209538221359253, 0.046745676547288895, 0.0031687880400568247, 0.012921316549181938, 0.040966253727674484, 0.0006208253907971084, 0.06947087496519089, 0.031426068395376205, 0.016726026311516762, 0.00370515207760036, 0.005232472438365221, 0.058346182107925415, 0.0015508178621530533, 0.018193665891885757, 0.013374624773859978, 0.02287367917597294, 0.027829596772789955, 0.0359664261341095, 0.05132902041077614, 0.03397778794169426, 0.052999142557382584, 0.057286422699689865, 0.04868123680353165, 0.014676880091428757, 0.04497690126299858, 0.05478756129741669, 0.007898990996181965, 0.04394499212503433, 0.08072865009307861, 0.025485018268227577, 0.019123520702123642, 0.01564863882958889, 0.002560636028647423, 0.01102833915501833, 0.05343394726514816, 0.05980148911476135, 0.061034899204969406, 0.027986709028482437, 0.021386368200182915, 0.05435560643672943, 0.01638234406709671, 0.03848918527364731, 0.00915534421801567, 0.004070749040693045, 0.019428767263889313, 0.02465985156595707, 0.018470415845513344, 0.021462418138980865, 0.009637986309826374, 0.027147462591528893, 0.09915553778409958, 0.028653938323259354, 0.0383492037653923, 0.017755936831235886, 0.022055773064494133, 0.05521080270409584, 0.023585330694913864, 0.03439134359359741, 0.008291982114315033, 0.0015683587407693267, 0.043824244290590286, 0.030297180637717247, 0.032314855605363846, 0.038622692227363586, 0.0055299969390034676, 0.0034569143317639828, 0.028286512941122055]"
F125,"[0.1313001960515976, 0.08131301403045654, 0.0650458112359047, 0.14199334383010864, 0.12217821925878525, 0.13582123816013336, 0.14858512580394745, 0.014399213716387749, 0.17113059759140015, 0.0510275661945343, 0.1241011843085289, 0.05620811507105827, 0.09622755646705627, 0.11665191501379013, 0.13239696621894836, 0.03924649953842163, 0.11042870581150055, 0.11192046850919724, 0.03189413622021675, 0.059549398720264435, 0.0054641361348330975, 0.044303324073553085, 0.13957612216472626, 0.012563108466565609, 0.09402476996183395, 0.04793213680386543, 0.011654665693640709, 0.12524427473545074, 0.13147446513175964, 0.09923919290304184, 0.12264972925186157, 0.03510903939604759, 0.020941872149705887, 0.05109327659010887, 0.05739932507276535, 0.01488933153450489, 0.05050700902938843, 0.07585981488227844, 0.05703936517238617, 0.0032886858098208904, 0.011486244387924671, 0.14704349637031555, 0.1486930400133133, 0.06306106597185135, 0.08411243557929993, 0.028425201773643494, 0.006085826084017754, 0.0683712363243103, 0.13236580789089203, 0.017346005886793137, 0.119254469871521, 0.08867359906435013, 0.06348619610071182, 0.07590048015117645, 0.020215027034282684, 0.019695380702614784, 0.04894905537366867, 0.058567214757204056, 0.025739675387740135, 0.1116313561797142, 0.1083303913474083, 0.0018460698192939162, 0.051411740481853485, 0.08486554026603699, 0.027632851153612137, 0.04547949507832527, 0.0013988561695441604, 0.09055450558662415, 0.040871720761060715, 0.11288226395845413, 0.031283024698495865, 0.006520285736769438, 0.016720764338970184, 0.04875104874372482, 0.082387275993824, 0.1466253250837326, 0.13947421312332153, 0.08450721949338913, 0.05584288388490677, 0.023894375190138817, 0.07592494040727615, 0.0069580948911607265, 0.03063020296394825, 0.04770422726869583, 0.02146632969379425, 0.06980016082525253, 0.008579174056649208, 0.05329131707549095, 0.038112662732601166, 0.045939426869153976, 0.09846366196870804, 0.08276037126779556, 0.04155563935637474, 0.07123298943042755, 0.035412561148405075, 0.020439259707927704, 0.02599215880036354, 0.005872663110494614, 0.0927458330988884, 0.07676844298839569, 0.09963591396808624, 0.04757499694824219, 0.06769545376300812, 0.05946644768118858, 0.01620464213192463, 0.01534247025847435, 0.08600372821092606, 0.08637048304080963, 0.10312958806753159, 0.04302775859832764, 0.019113441929221153, 0.088800348341465, 0.10109099000692368, 0.06693755835294724, 0.03999306634068489, 0.03073015622794628, 0.07784652709960938, 0.044929903000593185, 0.09934088587760925, 0.042951781302690506, 0.06305695325136185, 0.11193201690912247, 0.10922891646623611, 0.08878316730260849, 0.12330693006515503, 0.009216484613716602, 0.024719251319766045, 0.06698647886514664]"
F126,"[0.026142088696360588, 0.10982396453619003, 0.020404135808348656, 0.047763049602508545, 0.030552472919225693, 0.0734557956457138, 0.02526804432272911, 0.01991451531648636, 0.039383988827466965, 0.012080968357622623, 0.03821113333106041, 0.11126714199781418, 0.05387981981039047, 0.01570023037493229, 0.006010284181684256, 0.0773346871137619, 0.06121004745364189, 0.10403422266244888, 0.011077646166086197, 0.09235826134681702, 0.021640688180923462, 0.057091716676950455, 0.0341641828417778, 0.014219949953258038, 0.11335448920726776, 0.006500030402094126, 0.08473546802997589, 0.007070494815707207, 0.013151943683624268, 0.006172288674861193, 0.03154021501541138, 0.018023213371634483, 0.004702216479927301, 0.04710615426301956, 0.1160336509346962, 0.0165722593665123, 0.003980900160968304, 0.011089928448200226, 0.025784926488995552, 0.04745233431458473, 0.08633493632078171, 0.0350462831556797, 0.0010988254798576236, 0.059217266738414764, 0.01640450395643711, 0.0002981236029881984, 0.028450272977352142, 0.040506571531295776, 0.05600234121084213, 0.010747530497610569, 0.015519727021455765, 0.015482030808925629, 0.06659415364265442, 0.0014973210636526346, 0.003467935835942626, 0.03937399759888649, 0.04920989274978638, 0.04255632311105728, 0.025608349591493607, 0.061892319470644, 0.02485516667366028, 0.029157640412449837, 0.035705506801605225, 0.05883781611919403, 0.01591206155717373, 0.03631173446774483, 0.011046656407415867, 0.010957233607769012, 0.005167413502931595, 0.06603945046663284, 0.023470792919397354, 0.05009980872273445, 0.0258936807513237, 0.0509231835603714, 0.01110789179801941, 0.024316515773534775, 0.08423137664794922, 0.053291115909814835, 0.10706277191638947, 0.039405204355716705, 0.01704498752951622, 0.006260604131966829, 0.029069140553474426, 0.09841743111610413, 0.09944498538970947, 0.06191134452819824, 0.02787117101252079, 0.038257431238889694, 0.10962957888841629, 0.03351176157593727, 0.07391123473644257, 0.01132935006171465, 0.03702302277088165, 0.02557995729148388, 0.022474464029073715, 0.08172506839036942, 0.03196346387267113, 0.027309169992804527, 0.02395370602607727, 0.01829446107149124, 0.004788090940564871, 0.0968012735247612, 0.0023388939443975687, 0.08269193768501282, 0.12380107492208481, 0.009545848704874516, 0.024079954251646996, 0.04002594202756882, 0.0717112347483635, 0.0033255424350500107, 0.04055560380220413, 0.03234689310193062, 0.01067819818854332, 0.010421158745884895, 0.020329739898443222, 0.08309594541788101, 0.008764217607676983, 0.08754350244998932, 0.009158812463283539, 0.10313218086957932, 0.006210573948919773, 0.015978794544935226, 0.005448493175208569, 0.06945505738258362, 0.01509030256420374, 0.09586790204048157, 0.03183981403708458, 0.04134654998779297]"
F127,"[0.03040507808327675, 0.0229747723788023, 0.04448997974395752, 0.004828405566513538, 0.0002564829192124307, 0.0057074339129030704, 0.031183157116174698, 0.015100095421075821, 0.01976689323782921, 0.027032259851694107, 0.002428563544526696, 0.004891355987638235, 0.0188395194709301, 0.052044160664081573, 0.005553302355110645, 0.022597039118409157, 0.0232301764190197, 0.02837115339934826, 0.016010459512472153, 0.0023894438054412603, 0.0085857342928648, 0.023938823491334915, 0.030754627659916878, 0.06219508498907089, 0.005112359765917063, 0.012967943213880062, 0.03313949704170227, 0.046740446239709854, 0.026175202801823616, 0.027815012261271477, 0.0295700803399086, 0.014881234616041183, 0.0034265329595655203, 0.017432233318686485, 0.04082220047712326, 0.01001733262091875, 0.0414760559797287, 0.04211778938770294, 0.023121394217014313, 0.044207941740751266, 0.005796723999083042, 0.05065908655524254, 0.020728569477796555, 0.002073981100693345, 0.05398079380393028, 0.026341062039136887, 0.029492754489183426, 0.0024007668253034353, 0.03569478169083595, 0.01386627834290266, 0.05659187585115433, 0.0004012244753539562, 0.04105755686759949, 0.017878787592053413, 0.010892943479120731, 0.012970405630767345, 0.010602214373648167, 0.021970897912979126, 0.009366451762616634, 0.011757541447877884, 0.0014511834597215056, 0.022103628143668175, 0.01879201829433441, 0.010898285545408726, 0.028798338025808334, 0.04594922065734863, 0.005432401783764362, 0.0002105530584231019, 0.0353633351624012, 0.023150665685534477, 0.013632570393383503, 0.03995075076818466, 0.01284794695675373, 0.008918124251067638, 0.0030497857369482517, 0.025466496124863625, 0.013396107591688633, 0.035486653447151184, 0.017313368618488312, 0.018664024770259857, 0.04531595855951309, 0.021236391738057137, 0.012601887807250023, 0.03353128954768181, 0.013477426022291183, 0.02403731644153595, 0.02427942492067814, 0.0100077660754323, 0.0006173203000798821, 0.041939329355955124, 0.03227875009179115, 0.048826415091753006, 0.02454201877117157, 0.010562028735876083, 0.016937922686338425, 0.029954036697745323, 0.038126397877931595, 0.0009681197116151452, 0.015094812959432602, 0.009861504659056664, 0.031012127175927162, 0.007081618998199701, 0.02549750916659832, 0.008984770625829697, 0.011095006950199604, 0.040287863463163376, 0.039667896926403046, 0.011933180503547192, 0.015367468819022179, 0.03244948014616966, 0.0013065276434645057, 0.02982940338551998, 0.019732648506760597, 0.011078646406531334, 0.031653959304094315, 0.0005415011546574533, 0.01300106942653656, 0.04363028705120087, 0.0028433369006961584, 0.05620959401130676, 0.05218988656997681, 0.033751439303159714, 0.023348191753029823, 0.021353835240006447, 0.009673605673015118, 0.05122873932123184, 0.00466083874925971, 0.03518134728074074]"
F128,"[0.015883995220065117, 0.009516283869743347, 0.016867561265826225, 0.003090801415964961, 0.006557751446962357, 0.004127284046262503, 0.005214889533817768, 0.009517237544059753, 0.020121660083532333, 0.0076834517531096935, 0.002510785823687911, 0.01533072255551815, 0.014127484522759914, 0.01656210981309414, 0.009053113870322704, 0.007162902969866991, 0.009799813851714134, 0.003250847337767482, 0.017673876136541367, 0.002819022396579385, 0.005361162591725588, 0.011096416972577572, 0.007972788996994495, 0.004506391938775778, 0.007786495611071587, 0.004003106616437435, 0.00254920800216496, 0.010406404733657837, 0.00421811081469059, 0.0022665855940431356, 0.014587917365133762, 0.006228289566934109, 0.010197129100561142, 0.007101281080394983, 0.0009244082029908895, 0.00957054365426302, 0.009157797321677208, 0.014954036101698875, 0.0033548055216670036, 0.004751800559461117, 0.006475795991718769, 0.014824004843831062, 0.015073305927217007, 0.014562622644007206, 0.010610993951559067, 0.010779806412756443, 0.0016620652750134468, 0.008310369215905666, 0.002790608210489154, 0.005436907056719065, 0.01261225901544094, 0.008108901791274548, 0.006977637764066458, 0.010141931474208832, 0.00508019607514143, 0.012019088491797447, 0.007597186602652073, 0.009656675159931183, 0.01342366449534893, 0.011139648035168648, 0.0026081891264766455, 0.007686723489314318, 0.013255245052278042, 0.0027055914979428053, 0.004073677118867636, 0.0168685931712389, 0.013793266378343105, 0.00984625518321991, 0.01730547845363617, 0.010471460409462452, 0.005367106758058071, 0.010391208343207836, 0.001291395165026188, 0.003120354376733303, 0.005429504439234734, 0.00518430769443512, 0.0014377085026353598, 0.0011468027951195836, 0.0008915162179619074, 0.0031960911583155394, 0.00806339830160141, 0.00033060635905712843, 0.014108072966337204, 0.0029377152677625418, 0.010582316666841507, 0.011959163472056389, 0.0016416233265772462, 0.003718028077855706, 0.005369790829718113, 0.0142664834856987, 0.002411500783637166, 0.010783001780509949, 0.01447388343513012, 0.004383521620184183, 0.0023582482244819403, 0.00540510518476367, 0.004963042214512825, 0.0016367536736652255, 0.005068141035735607, 0.009348698891699314, 0.01844695582985878, 0.002421741373836994, 0.008871497586369514, 0.013350440189242363, 0.004400608595460653, 0.01186574250459671, 0.005526930559426546, 0.0012640762142837048, 0.014052443206310272, 0.0078030782751739025, 0.010823244228959084, 0.012730809859931469, 0.011438821442425251, 0.004855775274336338, 0.007907673716545105, 0.009578734636306763, 0.010368142277002335, 0.011343591846525669, 0.00612617377191782, 0.017730604857206345, 0.013749745674431324, 0.0020738958846777678, 0.018593046814203262, 0.007233025506138802, 0.017193790525197983, 0.003867338877171278, 0.00837983749806881, 0.01677830144762993]"
F129,"[0.029259352013468742, 0.051449328660964966, 0.06286300718784332, 0.03299427032470703, 0.01692045107483864, 0.046402569860219955, 0.06809914857149124, 0.017846757546067238, 0.08656156063079834, 0.04834742099046707, 0.08862049877643585, 0.03235858306288719, 0.09326236695051193, 0.12733303010463715, 0.03992864117026329, 0.01909245178103447, 0.01260179653763771, 0.035163041204214096, 0.039156898856163025, 0.05838185176253319, 0.08806625008583069, 0.09516225010156631, 0.11425185203552246, 0.0997183620929718, 0.0625792145729065, 0.07582227885723114, 0.04717534780502319, 0.10384006053209305, 0.01980314962565899, 0.10772710293531418, 0.10008861869573593, 0.1129501461982727, 0.08227215707302094, 0.04978841543197632, 0.14245852828025818, 0.027154188603162766, 0.03039572946727276, 0.031800851225852966, 0.08372221887111664, 0.149774968624115, 0.11162964254617691, 0.0071717617101967335, 0.05334553122520447, 0.02245223894715309, 0.0742424875497818, 0.06956381350755692, 0.021197158843278885, 0.11592153459787369, 0.003405238501727581, 0.14637553691864014, 0.07719966024160385, 0.056045424193143845, 0.016118088737130165, 0.014295165427029133, 0.11505281925201416, 0.020192239433526993, 0.09438179433345795, 0.10132370889186859, 0.15197321772575378, 0.11314820498228073, 0.03515075519680977, 0.05197647958993912, 0.08470754325389862, 0.08961501717567444, 0.03133092448115349, 0.056342195719480515, 0.080321304500103, 0.11028552800416946, 0.08958683907985687, 0.11702889949083328, 0.02853270061314106, 0.05211041495203972, 0.02699558064341545, 0.10466397553682327, 0.021985603496432304, 0.10496001690626144, 0.10646811872720718, 0.12268710136413574, 0.005763707682490349, 0.06663095951080322, 0.059206362813711166, 0.02565469592809677, 0.09911419451236725, 0.035328615456819534, 0.021272161975502968, 0.12089832127094269, 0.05976437032222748, 0.06414962559938431, 0.007785321678966284, 0.14298877120018005, 0.06074710935354233, 0.024700822308659554, 0.08566197752952576, 0.005448461975902319, 0.09402038156986237, 0.00041969993617385626, 0.001699143904261291, 0.07591428607702255, 0.07940275967121124, 0.05346404388546944, 0.06706419587135315, 0.12497483193874359, 0.048723895102739334, 0.04319751262664795, 0.015384619124233723, 0.08384394645690918, 0.04238864779472351, 0.06641341745853424, 0.09887342900037766, 0.010010969825088978, 0.06558520346879959, 0.034745361655950546, 0.133331760764122, 0.05888587236404419, 0.05426103621721268, 0.034287311136722565, 0.14013338088989258, 0.10584411770105362, 0.06215927004814148, 0.06170020252466202, 0.05667077749967575, 0.0047040521167218685, 0.1451302319765091, 0.040268536657094955, 0.015418259426951408, 0.06736499816179276, 0.06003980711102486, 0.04748755693435669]"
F130,"[0.010888781398534775, 0.009306169115006924, 0.009556110017001629, 7.20951211405918e-05, 0.0006844957242719829, 0.0043811919167637825, 0.007298604119569063, 0.010704484768211842, 0.0007619771058671176, 0.010473827831447124, 0.016596253961324692, 0.006020244210958481, 0.0027029376942664385, 0.009029069915413857, 0.004998611286282539, 0.009623960591852665, 0.009761125780642033, 0.00016126548871397972, 0.009256316348910332, 0.005884403828531504, 0.002523270668461919, 0.013980520889163017, 0.011495932936668396, 0.0002629212976898998, 0.0021672225557267666, 0.01337524689733982, 0.010443008504807949, 0.009314670227468014, 0.0042337472550570965, 0.008943493478000164, 0.000876809936016798, 0.007659703027456999, 0.006061217747628689, 0.01564617082476616, 0.005436248145997524, 0.0030199589673429728, 0.007744370494037867, 0.001712172175757587, 0.012518989853560925, 0.01830393448472023, 0.0034833739046007395, 0.009241844527423382, 0.01791108213365078, 0.0083814337849617, 0.00451437383890152, 0.004560945089906454, 0.00545489601790905, 0.0037487572990357876, 0.008569314144551754, 0.006674199365079403, 0.0006643639644607902, 0.016263216733932495, 0.01247050054371357, 0.013407187536358833, 0.012352718971669674, 0.005808126647025347, 0.0003432937664911151, 0.003193605225533247, 0.01229968573898077, 0.007773779332637787, 0.004775191191583872, 0.007088220212608576, 0.004172964487224817, 0.004216569941490889, 0.0038310319650918245, 0.0005916779045946896, 0.010550795122981071, 0.006082555744796991, 0.012150239199399948, 0.00018762443505693227, 0.016859732568264008, 0.004302597604691982, 0.0008376281475648284, 0.0015244383830577135, 0.0015885995235294104, 0.004936236422508955, 0.0026226078625768423, 0.0018224011873826385, 0.004617458209395409, 0.005480214953422546, 0.01130484975874424, 0.010054705664515495, 0.0008035407518036664, 0.004161846823990345, 0.007019009441137314, 0.005897382274270058, 0.002363507868722081, 0.008406386710703373, 0.002376847667619586, 0.007890074513852596, 0.0003533647395670414, 0.016842102631926537, 0.003669740166515112, 0.004378193523734808, 0.0027575234416872263, 0.004395351279526949, 0.003858709242194891, 0.008470801636576653, 0.007082553580403328, 0.0060128821060061455, 0.02064812183380127, 0.0024571947287768126, 0.009453742764890194, 0.007157833315432072, 0.009061952121555805, 0.00277567096054554, 0.0012460286961868405, 0.012049805372953415, 0.00577157037332654, 0.008886395953595638, 0.0068679144605994225, 0.019901493564248085, 0.015859579667448997, 0.004098075907677412, 0.013356545008718967, 0.0022763588931411505, 0.0075772409327328205, 0.009103314951062202, 0.01036969292908907, 0.010099547915160656, 0.010669298470020294, 0.0033094179816544056, 0.008959827944636345, 0.003910229075700045, 0.004946675151586533, 0.0018318328075110912, 0.0018600161420181394, 8.209384395740926e-05]"
F131,"[0.00044859826448373497, 0.0018272863235324621, 0.007366048637777567, 0.013509386219084263, 0.009047828614711761, 0.009184911847114563, 0.018855329602956772, 0.01732109859585762, 0.006612725555896759, 0.017777428030967712, 0.0076643615029752254, 0.023065289482474327, 0.024035168811678886, 0.029426323249936104, 0.03089289180934429, 0.00971673522144556, 0.018129544332623482, 0.0025914758443832397, 0.031981196254491806, 0.014303846284747124, 0.0037399455904960632, 0.005841249134391546, 0.009153338149189949, 0.01249602809548378, 0.006514933425933123, 0.0006264257244765759, 0.020939435809850693, 0.02747628651559353, 0.00012833521759603173, 0.003190424991771579, 0.0025447970256209373, 0.022190392017364502, 0.005369105841964483, 0.0015597137389704585, 0.0021737355273216963, 0.035548679530620575, 0.012469441629946232, 0.00030179048189893365, 0.01194985955953598, 0.029187317937612534, 0.022077668458223343, 0.022804424166679382, 0.019787803292274475, 0.0006504881312139332, 0.02238394133746624, 0.008734824135899544, 0.003000067314133048, 0.0011970113264396787, 0.0008165645995177329, 0.0002823687100317329, 0.018821464851498604, 0.01920006051659584, 0.0059268600307404995, 2.9124555567250354e-06, 0.031817276030778885, 0.0007416948210448027, 0.002622786210849881, 0.006811263505369425, 0.02213573455810547, 0.002710788045078516, 0.0050781588070094585, 0.00839138962328434, 0.001589244231581688, 0.01951494999229908, 0.0013639312237501144, 0.012030226178467274, 0.004929448943585157, 0.017932511866092682, 0.010809197090566158, 0.006113790906965733, 0.013609559275209904, 0.009525643661618233, 0.012494274415075779, 0.0002121588186128065, 0.0017624027095735073, 0.01872374676167965, 0.01350574754178524, 0.0001878007169580087, 0.010081958025693893, 0.015943577513098717, 0.017603596672415733, 0.005742543376982212, 0.0064557394944131374, 0.022087419405579567, 0.008166247047483921, 0.020886603742837906, 0.022929159924387932, 0.004261421971023083, 0.0063117197714746, 0.02625119499862194, 0.017379119992256165, 0.0002065672306343913, 0.020243102684617043, 0.007902142591774464, 0.006340206600725651, 0.011361833661794662, 0.0009822144638746977, 0.010107590816915035, 0.007432227488607168, 0.028097715228796005, 0.01583431102335453, 0.015449806116521358, 0.0163114070892334, 0.006466791033744812, 0.020797770470380783, 0.024653790518641472, 0.0013477260945364833, 0.00256332871504128, 0.029403401538729668, 0.03190232440829277, 0.026422901079058647, 0.014310200698673725, 0.013277624733746052, 0.0017291222466155887, 0.012998915277421474, 0.010902228765189648, 0.023050516843795776, 0.0033503063023090363, 0.0036722375079989433, 0.00549685675650835, 0.020900443196296692, 0.0037703686393797398, 0.02279048226773739, 0.025056084617972374, 0.0038429375272244215, 0.011162984184920788, 0.002554641105234623, 0.013087097555398941]"
F132,"[0.0, 0.0, 0.0, 0.0, 0.0, 0.0, 0.0, 0.0, 0.0, 0.0, 0.0, 0.0, 0.0, 0.0, 0.0, 0.0, 0.0, 0.0, 0.0, 0.0, 0.0, 0.0, 0.0, 0.0, 0.0, 0.0, 0.0, 0.0, 0.0, 0.0, 0.0, 0.0, 0.0, 0.0, 0.0, 0.0, 0.0, 0.0, 0.0, 0.0, 0.0, 0.0, 0.0, 0.0, 0.0, 0.0, 0.0, 0.0, 0.0, 0.0, 0.0, 0.0, 0.0, 0.0, 0.0, 0.0, 0.0, 0.0, 0.0, 0.0, 0.0, 0.0, 0.0, 0.0, 0.0, 0.0, 0.0, 0.0, 0.0, 0.0, 0.0, 0.0, 0.0, 0.0, 0.0, 0.0, 0.0, 0.0, 0.0, 0.0, 0.0, 0.0, 0.0, 0.0, 0.0, 0.0, 0.0, 0.0, 0.0, 0.0, 0.0, 0.0, 0.0, 0.0, 0.0, 0.0, 0.0, 0.0, 0.0, 0.0, 0.0, 0.0, 0.0, 0.0, 0.0, 0.0, 0.0, 0.0, 0.0, 0.0, 0.0, 0.0, 0.0, 0.0, 0.0, 0.0, 0.0, 0.0, 0.0, 0.0, 0.0, 0.0, 0.0, 0.0, 0.0, 0.0, 0.0, 0.0]"
F133,"[0.0, 0.0, 0.0, 0.0, 0.0, 0.0, 0.0, 0.0, 0.0, 0.0, 0.0, 0.0, 0.0, 0.0, 0.0, 0.0, 0.0, 0.0, 0.0, 0.0, 0.0, 0.0, 0.0, 0.0, 0.0, 0.0, 0.0, 0.0, 0.0, 0.0, 0.0, 0.0, 0.0, 0.0, 0.0, 0.0, 0.0, 0.0, 0.0, 0.0, 0.0, 0.0, 0.0, 0.0, 0.0, 0.0, 0.0, 0.0, 0.0, 0.0, 0.0, 0.0, 0.0, 0.0, 0.0, 0.0, 0.0, 0.0, 0.0, 0.0, 0.0, 0.0, 0.0, 0.0, 0.0, 0.0, 0.0, 0.0, 0.0, 0.0, 0.0, 0.0, 0.0, 0.0, 0.0, 0.0, 0.0, 0.0, 0.0, 0.0, 0.0, 0.0, 0.0, 0.0, 0.0, 0.0, 0.0, 0.0, 0.0, 0.0, 0.0, 0.0, 0.0, 0.0, 0.0, 0.0, 0.0, 0.0, 0.0, 0.0, 0.0, 0.0, 0.0, 0.0, 0.0, 0.0, 0.0, 0.0, 0.0, 0.0, 0.0, 0.0, 0.0, 0.0, 0.0, 0.0, 0.0, 0.0, 0.0, 0.0, 0.0, 0.0, 0.0, 0.0, 0.0, 0.0, 0.0, 0.0]"
F134,"[0.001732268719933927, 0.0010007768869400024, 0.0038911420851945877, 0.002003295347094536, 0.01133523229509592, 0.01273881271481514, 0.0001700774737400934, 0.009182901121675968, 0.020782722160220146, 0.01065015234053135, 0.011790626682341099, 0.0018075096886605024, 0.00551605224609375, 0.003513615345582366, 0.0179850235581398, 0.0055982936173677444, 0.009864659048616886, 0.0004361720639280975, 0.009086898528039455, 0.007852273993194103, 0.013892602175474167, 0.014756734482944012, 0.00977381132543087, 0.0020797867327928543, 0.003429560223594308, 0.013235384598374367, 0.016001654788851738, 0.008507441729307175, 0.004848273005336523, 0.006832744460552931, 0.01159756164997816, 0.0013874517753720284, 0.014505402185022831, 0.015814675018191338, 0.013759678229689598, 0.009132742881774902, 0.0007312762318179011, 0.020628156140446663, 0.002702954923734069, 0.011260724626481533, 0.017258604988455772, 0.022547896951436996, 0.0008947880123741925, 0.0037335045635700226, 0.00360646634362638, 0.00507751340046525, 0.015321508049964905, 0.009013074450194836, 0.023548290133476257, 0.0016789163928478956, 0.0004900995409116149, 0.005053110886365175, 0.01366599090397358, 0.001599026727490127, 0.006604968570172787, 0.014324774965643883, 0.004641917999833822, 0.012041640467941761, 0.019431021064519882, 0.0013631433248519897, 0.014697837643325329, 0.002355538308620453, 0.008930826559662819, 0.006483736447989941, 0.003805148182436824, 0.00021217060566414148, 0.005554365925490856, 0.0030176613945513964, 0.012919258326292038, 0.021154826506972313, 0.0007047646795399487, 0.01976305991411209, 0.012179498560726643, 0.006432240828871727, 0.013255376368761063, 0.01626502349972725, 0.017828956246376038, 0.001721367472782731, 0.0014962995192036033, 0.015733446925878525, 0.024301543831825256, 0.014508716762065887, 0.003145501483231783, 0.006682165898382664, 0.005537250079214573, 0.0018740560626611114, 0.007735626772046089, 0.00823194906115532, 0.0004249383637215942, 0.016756057739257812, 0.009975627064704895, 0.002312744501978159, 0.0035784931387752295, 0.008747435174882412, 0.005485285073518753, 0.0015495847910642624, 0.0019546737894415855, 0.008723771199584007, 0.011553896591067314, 0.0034752378705888987, 0.014448987320065498, 0.010221544653177261, 0.008551396429538727, 2.8168922654003836e-05, 0.015641866251826286, 0.0007310198852792382, 0.0033895650412887335, 0.00822726171463728, 0.003726852824911475, 0.02357809990644455, 0.013738710433244705, 0.016235319897532463, 0.019655387848615646, 0.0005430977907963097, 0.0041735232807695866, 0.013840558007359505, 0.006543060764670372, 0.0035313034895807505, 0.0028294185176491737, 0.006050024181604385, 0.0028809765353798866, 0.00794913899153471, 0.015037786215543747, 0.002922049257904291, 0.0014618603745475411, 0.0030143968760967255, 0.0018179425969719887, 0.007088761311024427]"
F135,"[0.02287433110177517, 0.008940551429986954, 0.017722394317388535, 0.004688963759690523, 0.011610004119575024, 0.017762450501322746, 0.016225354745984077, 0.016144828870892525, 0.00809860322624445, 0.011373085901141167, 0.020973272621631622, 0.007444475777447224, 0.009118053130805492, 0.008717941120266914, 0.018575971946120262, 0.018743006512522697, 0.019287211820483208, 0.0041323453187942505, 0.008437644690275192, 0.007300653029233217, 0.0032405422534793615, 0.022803571075201035, 0.00736389821395278, 0.017380038276314735, 0.011523013934493065, 0.02796398103237152, 0.01281899493187666, 0.014372085221111774, 0.02254658006131649, 0.014504027552902699, 4.082577288500033e-05, 0.002947202417999506, 0.03181369975209236, 0.005317105446010828, 0.002295553917065263, 0.017010431736707687, 0.022987280040979385, 0.011807193048298359, 0.02601335383951664, 0.027384405955672264, 0.008331215009093285, 0.008896822109818459, 0.016469914466142654, 0.017805995419621468, 0.023081501945853233, 0.00018195234588347375, 0.007836888544261456, 0.002601414220407605, 0.002404899802058935, 0.02027852088212967, 0.006703848950564861, 0.008988406509160995, 0.002947143977507949, 0.025340581312775612, 0.014533108100295067, 0.021204041317105293, 0.0054510473273694515, 0.024415796622633934, 0.020508449524641037, 0.01433084812015295, 0.008437713608145714, 0.02112380787730217, 0.007131130900233984, 0.018679693341255188, 0.0018186947563663125, 0.00988364964723587, 0.013459409587085247, 0.00615793326869607, 0.01567700132727623, 0.009585649706423283, 0.012070083990693092, 0.007669534534215927, 0.014062324538826942, 0.001334727625362575, 0.0034232649486511946, 0.018928468227386475, 0.015114732086658478, 0.015531987883150578, 0.015975620597600937, 0.00538605498149991, 0.010773553512990475, 0.006135556381195784, 1.2151139344496187e-05, 0.013061929494142532, 0.030536383390426636, 0.006641152314841747, 0.006528369151055813, 0.012465985491871834, 0.020757049322128296, 0.009565149433910847, 0.014850475825369358, 0.015257897786796093, 0.004385308362543583, 0.01103902980685234, 0.015317374840378761, 0.004428665153682232, 0.011392726562917233, 0.009236614219844341, 0.02856309525668621, 0.023407520726323128, 0.028293462470173836, 0.028447603806853294, 0.02773113176226616, 7.274995732586831e-05, 0.011670579202473164, 0.010652370750904083, 0.01028136070817709, 0.006026239134371281, 0.023275231942534447, 0.01101707573980093, 0.01096828281879425, 0.01676253043115139, 0.0054439217783510685, 0.020879926159977913, 0.021148286759853363, 0.020503796637058258, 0.004031802993267775, 0.014317503198981285, 0.027121467515826225, 0.014915699139237404, 0.01638193242251873, 0.029227374121546745, 0.017757166177034378, 0.016797516494989395, 0.006946022156625986, 0.007792335003614426, 0.02445226162672043, 0.006753760855644941]"
F136,"[0.0703326016664505, 0.08406790345907211, 0.025182101875543594, 0.026933753862977028, 0.021258370950818062, 0.13870587944984436, 0.04565943777561188, 0.03376096859574318, 0.0076288022100925446, 0.03413409739732742, 0.023150742053985596, 0.08031783252954483, 0.05500910431146622, 0.04626182094216347, 0.1800999939441681, 0.12793906033039093, 0.015196936205029488, 0.0898863673210144, 0.07522192597389221, 0.0722433403134346, 0.06876550614833832, 0.012503180652856827, 0.022546716034412384, 0.06038348004221916, 0.013861116953194141, 0.030856899917125702, 0.02912062220275402, 0.08420217037200928, 0.05866680294275284, 0.1470600664615631, 0.10586594045162201, 0.0991656556725502, 0.0031094281002879143, 0.06395269185304642, 0.060183119028806686, 0.033626340329647064, 0.022493181750178337, 0.021538307890295982, 0.043887171894311905, 0.05076008290052414, 0.05906449258327484, 0.014062228612601757, 0.014146057888865471, 0.09127591550350189, 0.02891436219215393, 0.009767823852598667, 0.09778053313493729, 0.06748109310865402, 0.051260095089673996, 0.08471754193305969, 0.04414539784193039, 0.022431420162320137, 0.0026456147897988558, 0.12942151725292206, 0.03946039825677872, 0.008129926398396492, 0.08568106591701508, 0.004765117075294256, 0.08130527287721634, 0.06780735403299332, 0.009532708674669266, 0.03269408643245697, 0.07430672645568848, 0.14303405582904816, 0.009804417379200459, 0.028155678883194923, 0.08041895180940628, 0.06085138022899628, 0.007443350739777088, 0.06713417172431946, 0.045041754841804504, 0.052023496478796005, 0.11820226162672043, 0.026368940249085426, 0.045985136181116104, 0.07021190226078033, 0.12239399552345276, 0.06486533582210541, 0.02877803146839142, 0.06334169954061508, 0.09295301139354706, 0.047699179500341415, 0.04309248924255371, 0.004726989194750786, 0.03760950639843941, 0.063722163438797, 0.10046084970235825, 0.05824489891529083, 0.04074831306934357, 0.1578226238489151, 0.014882996678352356, 0.013758111745119095, 0.055994030088186264, 0.0724877193570137, 0.10272956639528275, 0.06260941922664642, 0.045761752873659134, 0.08329623192548752, 0.041109491139650345, 0.0018978804582729936, 0.029258297756314278, 0.002276213373988867, 0.03798279911279678, 0.05800110101699829, 0.01697506010532379, 0.006613327190279961, 0.030259598046541214, 0.06218000501394272, 0.10866406559944153, 0.14710167050361633, 0.05010246858000755, 0.08246345818042755, 0.07904388010501862, 0.07550053298473358, 0.08367510885000229, 0.06543421000242233, 0.063043512403965, 0.030387159436941147, 0.05187753215432167, 0.08301228284835815, 0.058397047221660614, 0.04177170991897583, 0.08129649609327316, 0.045326001942157745, 0.08328171074390411, 0.07045576721429825, 0.10422007739543915, 0.10614810883998871]"
F137,"[0.010227532126009464, 0.06398087739944458, 0.10443636775016785, 0.051949504762887955, 0.09258635342121124, 0.0025735085364431143, 0.05378986522555351, 0.08979472517967224, 0.07906464487314224, 0.0768711119890213, 0.016788514330983162, 0.10445297509431839, 0.0012243489036336541, 0.08584394305944443, 0.005754479207098484, 0.029146922752261162, 0.010393369942903519, 0.02080295979976654, 0.053644709289073944, 0.024237774312496185, 0.014104927890002728, 0.0013626235304400325, 0.01866663061082363, 0.05379423499107361, 0.04250391200184822, 0.13710623979568481, 0.09865933656692505, 0.02746165730059147, 0.025229984894394875, 0.07819206267595291, 0.026224985718727112, 0.04862004518508911, 0.06205737590789795, 0.07194351404905319, 0.01798299327492714, 0.0005410464364103973, 0.09930422157049179, 0.11714041978120804, 0.09714952111244202, 0.029718562960624695, 0.0868842825293541, 0.06763532757759094, 0.06194932013750076, 0.0019057982135564089, 0.06212465837597847, 0.01865006610751152, 0.07676959782838821, 0.04810759797692299, 0.03753696754574776, 0.04993680492043495, 0.1286133974790573, 0.035746123641729355, 0.14049720764160156, 0.020844552665948868, 0.0195313710719347, 0.0048525030724704266, 0.07316447049379349, 0.11659780144691467, 0.12404359877109528, 0.018402179703116417, 0.08947569131851196, 0.06530266255140305, 0.10125149041414261, 0.04294763505458832, 0.053859759122133255, 0.09858230501413345, 0.053204942494630814, 0.08045288175344467, 0.08728378266096115, 0.09630351513624191, 0.062370430678129196, 0.0712616816163063, 0.06902552396059036, 0.054209042340517044, 0.0008934857323765755, 0.03389688953757286, 0.10546652227640152, 0.10189386457204819, 0.013006219640374184, 0.039871782064437866, 0.029251839965581894, 0.10350028425455093, 0.0419398732483387, 0.13731883466243744, 0.006162046920508146, 0.06530451029539108, 0.008654067292809486, 0.04788482189178467, 0.039759326726198196, 0.006198166403919458, 0.1005677655339241, 0.0063310288824141026, 0.02815679833292961, 0.11615683138370514, 0.008446970023214817, 0.015228459611535072, 0.04673752561211586, 0.023818889632821083, 0.021882610395550728, 0.0016854526475071907, 0.0078102704137563705, 0.03312642499804497, 0.025202902033925056, 0.0557297058403492, 0.025494975969195366, 0.10370650887489319, 0.12395215779542923, 0.07857789844274521, 0.05072493851184845, 0.05662555247545242, 0.10217837989330292, 0.02826482243835926, 0.019099116325378418, 0.006753298919647932, 0.10091065615415573, 0.04843045771121979, 0.0018268151907250285, 0.09812026470899582, 0.03684456646442413, 0.04967508092522621, 0.0670211985707283, 0.03448937088251114, 0.09707596898078918, 0.11891595274209976, 0.00712695112451911, 0.05462977662682533, 0.09170837700366974, 0.030481405556201935]"
F138,"[0.09862207621335983, 0.05260761082172394, 0.04287201166152954, 0.03604625165462494, 0.011430133134126663, 0.030224358662962914, 0.054899733513593674, 0.07902711629867554, 0.13497555255889893, 0.055760908871889114, 0.010997308418154716, 0.0827774703502655, 0.0650099664926529, 0.013842582702636719, 0.02175147645175457, 0.12715108692646027, 0.04416796565055847, 0.07421181350946426, 0.0008413820178247988, 0.08110292255878448, 0.004178493749350309, 0.08019263297319412, 0.05422420799732208, 0.03907831385731697, 0.07781936973333359, 0.06963494420051575, 0.1107683852314949, 0.016766520217061043, 0.1507340371608734, 0.0001502676313975826, 0.05924568697810173, 0.10124523192644119, 0.02216312661767006, 0.0346197634935379, 0.0759858712553978, 0.042563546448946, 0.030244598165154457, 0.02339228242635727, 0.05672317370772362, 0.026049010455608368, 0.02808254398405552, 0.024652475491166115, 0.038769423961639404, 0.034451477229595184, 0.05776224657893181, 0.1458023339509964, 0.015900583937764168, 0.019540661945939064, 0.04080875962972641, 0.028971314430236816, 0.021514104679226875, 0.12143199145793915, 0.07146959006786346, 0.016581710427999496, 0.026933684945106506, 0.004501406569033861, 0.01975732482969761, 0.07165572792291641, 0.022620396688580513, 0.020200593397021294, 0.01515279896557331, 0.015972813591361046, 0.0003708980802912265, 0.0778365433216095, 0.09644325077533722, 0.08656138926744461, 0.09256217628717422, 0.02354372851550579, 0.12726755440235138, 0.06438109278678894, 0.059105489403009415, 0.011349610984325409, 0.09224721044301987, 0.03690899908542633, 0.02807784639298916, 0.07824360579252243, 0.10284358263015747, 0.0915481373667717, 0.09755868464708328, 0.07314468920230865, 0.045865025371313095, 0.06407828629016876, 0.06953082978725433, 0.0612119659781456, 0.11939582228660583, 0.07560986280441284, 0.0610852912068367, 0.03466032072901726, 0.1189032644033432, 0.010914233513176441, 0.10134599357843399, 0.06315556913614273, 0.009053019806742668, 0.01422407291829586, 0.08104772120714188, 0.07672300934791565, 0.007574977818876505, 0.047206178307533264, 0.0548836812376976, 0.03358893841505051, 0.0048606181517243385, 0.019317079335451126, 0.00849358830600977, 0.07262831181287766, 0.09111788868904114, 0.026695823296904564, 0.16653083264827728, 0.025840161368250847, 0.045324523001909256, 0.09273474663496017, 0.0746108666062355, 0.08081944286823273, 0.14250299334526062, 0.1581191122531891, 0.14962120354175568, 0.0636889711022377, 0.0838208943605423, 0.03014802560210228, 0.017666982486844063, 0.08027350157499313, 0.007740734610706568, 0.017541350796818733, 0.01925070211291313, 0.01885971799492836, 0.009705178439617157, 0.011351053602993488, 0.03501046448945999, 0.06390002369880676]"
F139,"[0.003204604610800743, 0.007915757596492767, 0.01916571892797947, 0.00887541938573122, 0.02464442513883114, 0.004893750883638859, 0.024476386606693268, 0.021340342238545418, 0.00337967649102211, 0.008674941956996918, 0.004757300950586796, 0.009138156659901142, 0.007114460226148367, 0.02011646330356598, 0.018430400639772415, 0.010520868003368378, 0.02543967217206955, 0.0005169520154595375, 0.0059823570773005486, 0.0012002609437331557, 0.015568776056170464, 0.008762356825172901, 0.021136796101927757, 0.006477063521742821, 0.015605544671416283, 0.0007036912720650434, 0.01770191267132759, 0.01167700532823801, 0.007058408111333847, 0.005907074548304081, 0.001985904760658741, 0.011025786399841309, 0.015258368104696274, 0.023299386724829674, 0.002928817179054022, 0.021751662716269493, 0.013510768301784992, 0.004241358954459429, 0.0022342070005834103, 0.011879967525601387, 0.01434746291488409, 0.014818763360381126, 0.008391905575990677, 0.006778287701308727, 0.01877325214445591, 0.017145097255706787, 0.004559278022497892, 0.006290435791015625, 0.003915023524314165, 0.0031263798009604216, 0.00913161225616932, 0.008763665333390236, 0.0012550079263746738, 0.0031812177039682865, 0.0028980830684304237, 0.015055718831717968, 0.011309714056551456, 0.012541231699287891, 0.0017449839506298304, 0.010457218624651432, 0.004767129197716713, 0.00397121999412775, 0.025078097358345985, 0.007607604842633009, 0.019803661853075027, 0.023043520748615265, 0.01032938715070486, 0.03072950802743435, 0.016122477129101753, 0.029030125588178635, 0.021612191572785378, 0.004241344518959522, 0.0152082908898592, 0.028192618861794472, 0.00029312685364857316, 0.008112463168799877, 0.017159145325422287, 0.0013974697794765234, 0.019998963922262192, 0.00982646644115448, 0.008590797893702984, 0.022964496165513992, 0.007774492725729942, 0.023254478350281715, 0.022156422957777977, 0.0033738110214471817, 0.0006708824657835066, 0.02438513934612274, 0.005539879202842712, 0.0207961592823267, 0.017457840964198112, 0.010978290811181068, 0.004377337172627449, 0.03219267353415489, 0.020511772483587265, 0.013579687103629112, 0.011795534752309322, 0.008052710443735123, 0.005246269982308149, 0.00978159625083208, 0.007471561897546053, 0.00738835334777832, 0.006886727176606655, 0.023036936298012733, 0.008509640581905842, 0.004767377860844135, 0.003618062473833561, 0.007192846853286028, 0.03111237846314907, 0.02987891435623169, 0.005485315807163715, 0.01855231449007988, 0.001577501418069005, 0.02187514677643776, 0.012146880850195885, 0.010047672316432, 0.02251787856221199, 0.013859070837497711, 0.0032225102186203003, 0.024046923965215683, 0.014023352414369583, 0.0013921695062890649, 0.01018233597278595, 0.022293653339147568, 0.012394294142723083, 0.023305101320147514, 0.0037826155312359333, 0.0010749073699116707]"
F140,"[0.0, 0.0, 0.0, 0.0, 0.0, 0.0, 0.0, 0.0, 0.0, 0.0, 0.0, 0.0, 0.0, 0.0, 0.0, 0.0, 0.0, 0.0, 0.0, 0.0, 0.0, 0.0, 0.0, 0.0, 0.0, 0.0, 0.0, 0.0, 0.0, 0.0, 0.0, 0.0, 0.0, 0.0, 0.0, 0.0, 0.0, 0.0, 0.0, 0.0, 0.0, 0.0, 0.0, 0.0, 0.0, 0.0, 0.0, 0.0, 0.0, 0.0, 0.0, 0.0, 0.0, 0.0, 0.0, 0.0, 0.0, 0.0, 0.0, 0.0, 0.0, 0.0, 0.0, 0.0, 0.0, 0.0, 0.0, 0.0, 0.0, 0.0, 0.0, 0.0, 0.0, 0.0, 0.0, 0.0, 0.0, 0.0, 0.0, 0.0, 0.0, 0.0, 0.0, 0.0, 0.0, 0.0, 0.0, 0.0, 0.0, 0.0, 0.0, 0.0, 0.0, 0.0, 0.0, 0.0, 0.0, 0.0, 0.0, 0.0, 0.0, 0.0, 0.0, 0.0, 0.0, 0.0, 0.0, 0.0, 0.0, 0.0, 0.0, 0.0, 0.0, 0.0, 0.0, 0.0, 0.0, 0.0, 0.0, 0.0, 0.0, 0.0, 0.0, 0.0, 0.0, 0.0, 0.0, 0.0]"
F141,"[0.04756632819771767, 0.009311440400779247, 0.10743820667266846, 0.09610677510499954, 0.12286418676376343, 0.06313517689704895, 0.01041269302368164, 0.021256932988762856, 0.10295961797237396, 0.09361742436885834, 0.0206059031188488, 0.009361537173390388, 0.05442878603935242, 0.122486911714077, 0.05766185745596886, 0.03690718114376068, 0.07032498717308044, 0.008384187705814838, 0.004741476383060217, 0.0031922555062919855, 0.09701637178659439, 0.025085506960749626, 0.0172981359064579, 0.07784376293420792, 0.0761537179350853, 0.005259111523628235, 0.04038294032216072, 0.0820387527346611, 0.010821630246937275, 0.07683096826076508, 0.017222832888364792, 0.026669709011912346, 0.013407869264483452, 0.010018936358392239, 0.10889557003974915, 0.03538275510072708, 0.048600707203149796, 0.034135881811380386, 0.02284470945596695, 0.06377829611301422, 0.050537146627902985, 0.0348975732922554, 0.10671114176511765, 0.054565392434597015, 0.0444449707865715, 0.005554703529924154, 0.04925384372472763, 0.007849841378629208, 0.03568032756447792, 0.059384819120168686, 0.004175314214080572, 0.07830405235290527, 0.022688118740916252, 0.001389912562444806, 0.12828023731708527, 0.012534716166555882, 0.11320137977600098, 0.10024169832468033, 0.12727071344852448, 0.003357512643560767, 0.0203695185482502, 0.0017903102561831474, 0.05446454510092735, 0.104254812002182, 0.02510678581893444, 0.004503212403506041, 0.06276021152734756, 0.03586392477154732, 0.04382767155766487, 0.10097997635602951, 0.05944444239139557, 0.08695871382951736, 0.03481145203113556, 0.09456770122051239, 0.01517591904848814, 0.010137216188013554, 0.03316664323210716, 0.07284068316221237, 0.02900560386478901, 0.034081969410181046, 0.12938186526298523, 0.008806755766272545, 0.024095533415675163, 0.0023246114142239094, 0.017972124740481377, 0.08479829877614975, 0.008289205841720104, 0.09377279132604599, 0.07458160072565079, 0.09449683129787445, 0.11957238614559174, 0.02985655702650547, 0.057253092527389526, 0.028541939333081245, 0.014054443687200546, 0.024777015671133995, 0.004793577361851931, 0.06063838675618172, 0.029712902382016182, 0.06498957425355911, 0.1071602925658226, 0.017715932801365852, 0.12849901616573334, 0.031262677162885666, 0.11031234264373779, 0.07043776661157608, 0.015108400955796242, 0.0037984394002705812, 0.054286565631628036, 0.1307806819677353, 0.006629836745560169, 0.1032898798584938, 0.05277270823717117, 0.07103733718395233, 0.09729404002428055, 0.06158016249537468, 0.10433658957481384, 0.10261690616607666, 0.07957350462675095, 0.04164719209074974, 0.03184310719370842, 0.0017245298950001597, 0.10181170701980591, 0.09543173760175705, 0.0743594765663147, 0.045053351670503616, 0.027251774445176125, 0.0726865828037262]"
F142,"[0.0, 0.0, 0.0, 0.0, 0.0, 0.0, 0.0, 0.0, 0.0, 0.0, 0.0, 0.0, 0.0, 0.0, 0.0, 0.0, 0.0, 0.0, 0.0, 0.0, 0.0, 0.0, 0.0, 0.0, 0.0, 0.0, 0.0, 0.0, 0.0, 0.0, 0.0, 0.0, 0.0, 0.0, 0.0, 0.0, 0.0, 0.0, 0.0, 0.0, 0.0, 0.0, 0.0, 0.0, 0.0, 0.0, 0.0, 0.0, 0.0, 0.0, 0.0, 0.0, 0.0, 0.0, 0.0, 0.0, 0.0, 0.0, 0.0, 0.0, 0.0, 0.0, 0.0, 0.0, 0.0, 0.0, 0.0, 0.0, 0.0, 0.0, 0.0, 0.0, 0.0, 0.0, 0.0, 0.0, 0.0, 0.0, 0.0, 0.0, 0.0, 0.0, 0.0, 0.0, 0.0, 0.0, 0.0, 0.0, 0.0, 0.0, 0.0, 0.0, 0.0, 0.0, 0.0, 0.0, 0.0, 0.0, 0.0, 0.0, 0.0, 0.0, 0.0, 0.0, 0.0, 0.0, 0.0, 0.0, 0.0, 0.0, 0.0, 0.0, 0.0, 0.0, 0.0, 0.0, 0.0, 0.0, 0.0, 0.0, 0.0, 0.0, 0.0, 0.0, 0.0, 0.0, 0.0, 0.0]"
F143,"[0.0014693245757371187, 0.020680377259850502, 0.004220405127853155, 0.009827330708503723, 0.01671493798494339, 0.011516360566020012, 0.006004004273563623, 0.00974455289542675, 0.008063829503953457, 0.016924016177654266, 0.005232192575931549, 0.000610681832768023, 0.014889311045408249, 0.010652243159711361, 0.010850315913558006, 0.0035476612392812967, 0.002619498874992132, 0.0026387416291981936, 0.011976991780102253, 0.022902216762304306, 0.014779801480472088, 0.004152263514697552, 0.0012034514220431447, 0.004533236380666494, 0.006127437110990286, 0.00893731601536274, 0.0032171527855098248, 0.013680395670235157, 0.014777345582842827, 0.004012644290924072, 0.013653905130922794, 0.01630610227584839, 0.002193110529333353, 0.011164171621203423, 0.01950409822165966, 0.007650432642549276, 0.005869705229997635, 0.008859328925609589, 0.006730952300131321, 0.00023134291404858232, 0.0003968207456637174, 0.01294400729238987, 0.0014780220808461308, 0.005501875188201666, 0.0010907775722444057, 0.004136983770877123, 0.005454458761960268, 0.009412311017513275, 0.013941074721515179, 0.015607120469212532, 0.011290972121059895, 0.006501306779682636, 0.016844015568494797, 0.014816751703619957, 0.0045199147425591946, 0.010954990983009338, 0.003926086239516735, 0.011260398663580418, 0.011651123873889446, 0.00013244834553916007, 0.017028233036398888, 0.008707207627594471, 0.010767082683742046, 0.007194742560386658, 0.010048567317426205, 0.007648583501577377, 0.00012775976210832596, 0.0014507685555145144, 0.016003573313355446, 0.009606005623936653, 0.006704182829707861, 0.01894604228436947, 0.01376835536211729, 0.00432231929153204, 0.003563911886885762, 0.005390340927988291, 0.0007122766692191362, 0.0006991687696427107, 0.015009954571723938, 0.0058587696403265, 0.002267585601657629, 0.004204432014375925, 0.008102715015411377, 0.004335865378379822, 0.0017820721259340644, 0.0020169427152723074, 0.008015139028429985, 0.0135195292532444, 0.013156828470528126, 0.013317553326487541, 0.016757380217313766, 0.007676005829125643, 0.007147202268242836, 0.0012513941619545221, 0.004018526524305344, 0.010100617073476315, 0.00011240376625210047, 0.011546718887984753, 0.0009913904359564185, 0.005845608189702034, 0.0058853961527347565, 0.011761032976210117, 0.004328007344156504, 0.014149859547615051, 0.012845834717154503, 0.007683994248509407, 0.015479491092264652, 0.014619560912251472, 0.01264751423150301, 0.008063592948019505, 0.017758280038833618, 0.013463643379509449, 0.005152228754013777, 0.012005641125142574, 0.002627237467095256, 0.017710937187075615, 0.0011756023159250617, 0.006303612608462572, 0.01713809370994568, 0.025118237361311913, 0.004804981406778097, 0.009631451219320297, 0.013252906501293182, 0.015019947662949562, 0.009601300582289696, 0.009485344402492046, 0.014721978455781937, 0.007261722348630428]"
F144,"[0.0, 0.0, 0.0, 0.0, 0.0, 0.0, 0.0, 0.0, 0.0, 0.0, 0.0, 0.0, 0.0, 0.0, 0.0, 0.0, 0.0, 0.0, 0.0, 0.0, 0.0, 0.0, 0.0, 0.0, 0.0, 0.0, 0.0, 0.0, 0.0, 0.0, 0.0, 0.0, 0.0, 0.0, 0.0, 0.0, 0.0, 0.0, 0.0, 0.0, 0.0, 0.0, 0.0, 0.0, 0.0, 0.0, 0.0, 0.0, 0.0, 0.0, 0.0, 0.0, 0.0, 0.0, 0.0, 0.0, 0.0, 0.0, 0.0, 0.0, 0.0, 0.0, 0.0, 0.0, 0.0, 0.0, 0.0, 0.0, 0.0, 0.0, 0.0, 0.0, 0.0, 0.0, 0.0, 0.0, 0.0, 0.0, 0.0, 0.0, 0.0, 0.0, 0.0, 0.0, 0.0, 0.0, 0.0, 0.0, 0.0, 0.0, 0.0, 0.0, 0.0, 0.0, 0.0, 0.0, 0.0, 0.0, 0.0, 0.0, 0.0, 0.0, 0.0, 0.0, 0.0, 0.0, 0.0, 0.0, 0.0, 0.0, 0.0, 0.0, 0.0, 0.0, 0.0, 0.0, 0.0, 0.0, 0.0, 0.0, 0.0, 0.0, 0.0, 0.0, 0.0, 0.0, 0.0, 0.0]"
F145,"[0.0, 0.0, 0.0, 0.0, 0.0, 0.0, 0.0, 0.0, 0.0, 0.0, 0.0, 0.0, 0.0, 0.0, 0.0, 0.0, 0.0, 0.0, 0.0, 0.0, 0.0, 0.0, 0.0, 0.0, 0.0, 0.0, 0.0, 0.0, 0.0, 0.0, 0.0, 0.0, 0.0, 0.0, 0.0, 0.0, 0.0, 0.0, 0.0, 0.0, 0.0, 0.0, 0.0, 0.0, 0.0, 0.0, 0.0, 0.0, 0.0, 0.0, 0.0, 0.0, 0.0, 0.0, 0.0, 0.0, 0.0, 0.0, 0.0, 0.0, 0.0, 0.0, 0.0, 0.0, 0.0, 0.0, 0.0, 0.0, 0.0, 0.0, 0.0, 0.0, 0.0, 0.0, 0.0, 0.0, 0.0, 0.0, 0.0, 0.0, 0.0, 0.0, 0.0, 0.0, 0.0, 0.0, 0.0, 0.0, 0.0, 0.0, 0.0, 0.0, 0.0, 0.0, 0.0, 0.0, 0.0, 0.0, 0.0, 0.0, 0.0, 0.0, 0.0, 0.0, 0.0, 0.0, 0.0, 0.0, 0.0, 0.0, 0.0, 0.0, 0.0, 0.0, 0.0, 0.0, 0.0, 0.0, 0.0, 0.0, 0.0, 0.0, 0.0, 0.0, 0.0, 0.0, 0.0, 0.0]"
F146,"[0.0, 0.0, 0.0, 0.0, 0.0, 0.0, 0.0, 0.0, 0.0, 0.0, 0.0, 0.0, 0.0, 0.0, 0.0, 0.0, 0.0, 0.0, 0.0, 0.0, 0.0, 0.0, 0.0, 0.0, 0.0, 0.0, 0.0, 0.0, 0.0, 0.0, 0.0, 0.0, 0.0, 0.0, 0.0, 0.0, 0.0, 0.0, 0.0, 0.0, 0.0, 0.0, 0.0, 0.0, 0.0, 0.0, 0.0, 0.0, 0.0, 0.0, 0.0, 0.0, 0.0, 0.0, 0.0, 0.0, 0.0, 0.0, 0.0, 0.0, 0.0, 0.0, 0.0, 0.0, 0.0, 0.0, 0.0, 0.0, 0.0, 0.0, 0.0, 0.0, 0.0, 0.0, 0.0, 0.0, 0.0, 0.0, 0.0, 0.0, 0.0, 0.0, 0.0, 0.0, 0.0, 0.0, 0.0, 0.0, 0.0, 0.0, 0.0, 0.0, 0.0, 0.0, 0.0, 0.0, 0.0, 0.0, 0.0, 0.0, 0.0, 0.0, 0.0, 0.0, 0.0, 0.0, 0.0, 0.0, 0.0, 0.0, 0.0, 0.0, 0.0, 0.0, 0.0, 0.0, 0.0, 0.0, 0.0, 0.0, 0.0, 0.0, 0.0, 0.0, 0.0, 0.0, 0.0, 0.0]"
F147,"[0.007455509155988693, 0.0038592247292399406, 0.00560609670355916, 0.006586770992726088, 0.003611464286223054, 0.0037899287417531013, 0.0038642454892396927, 0.011181145906448364, 0.017176222056150436, 0.0076582664623856544, 0.009150796569883823, 0.0051522888243198395, 0.01071865949779749, 0.008224200457334518, 0.01062471978366375, 0.005492075812071562, 0.006222741212695837, 0.011554195545613766, 0.0017095544608309865, 0.0008829530561342835, 0.011018088087439537, 0.0037045006174594164, 0.003582572564482689, 0.0036087706685066223, 0.010850362479686737, 0.0020896117202937603, 0.010084313340485096, 0.00812027882784605, 0.0006689699366688728, 0.01069361437112093, 0.005848250817507505, 0.014425670728087425, 0.003838479984551668, 0.012560666538774967, 0.0014250939711928368, 0.012995905242860317, 0.006231727544218302, 0.0021643831860274076, 0.0013486684765666723, 0.007887098006904125, 0.0018789449241012335, 0.0014669854426756501, 0.0046383971348404884, 0.006159062031656504, 0.00431598536670208, 0.005693341139703989, 1.4761248166905716e-05, 0.0024567539803683758, 0.006791738793253899, 0.008417335338890553, 0.0009524745400995016, 0.011928478255867958, 0.0028324611485004425, 0.018229102715849876, 0.01150442287325859, 0.009180290624499321, 0.007700073532760143, 0.00716946367174387, 0.007076771464198828, 0.0031306149903684855, 0.002809705911204219, 0.004397330805659294, 0.010762374848127365, 0.001263127662241459, 0.0027286724653095007, 0.007372820749878883, 0.003733910620212555, 0.009518904611468315, 0.0029557636007666588, 0.002610973548144102, 0.0005146885523572564, 0.0025714572984725237, 0.011417101137340069, 0.002185162389650941, 0.005846107844263315, 0.000373238290194422, 0.01322838757187128, 0.003896275069564581, 0.0029799402691423893, 0.003172575496137142, 0.0043784622102975845, 0.0041918521746993065, 0.0013599927769973874, 0.004908713046461344, 0.015547330491244793, 0.005140666849911213, 0.010774102993309498, 0.006110582500696182, 0.010589618235826492, 0.007960976101458073, 0.006887140683829784, 0.012028883211314678, 0.009352227672934532, 0.0003229672438465059, 0.010003401897847652, 0.0002620939048938453, 0.004134439863264561, 0.0023979744873940945, 0.011232237331569195, 0.012994140386581421, 0.010694257915019989, 0.010649560950696468, 0.004625464323908091, 0.008975920267403126, 0.007963348180055618, 0.0034001239109784365, 0.00017108437896240503, 0.0013717684196308255, 0.005136823281645775, 0.006627803202718496, 0.011675577610731125, 0.0008736135787330568, 0.00305480370298028, 0.0032646802719682455, 0.0049608065746724606, 0.012290244922041893, 0.01019840408116579, 0.001980266533792019, 0.011962826363742352, 0.00209237658418715, 0.012480773963034153, 0.007263610605150461, 0.006071248557418585, 0.004734717775136232, 0.006227482110261917, 0.006223246920853853, 0.0024162528570741415, 0.007670460734516382]"
F148,"[0.028092635795474052, 0.0007446088129654527, 0.059802278876304626, 0.011135721579194069, 0.004135647788643837, 0.047521308064460754, 0.031872253865003586, 0.07096277177333832, 0.001981381792575121, 0.06403598189353943, 0.002638778183609247, 0.06384679675102234, 0.027854979038238525, 0.09680622816085815, 0.21750383079051971, 0.015682239085435867, 0.15962910652160645, 0.037154197692871094, 0.08437729626893997, 0.012518387287855148, 0.07385095208883286, 0.027989044785499573, 0.1094692274928093, 0.10947924107313156, 0.008177041076123714, 0.029503582045435905, 0.0014501893892884254, 0.1522621214389801, 0.0016358396969735622, 0.13292111456394196, 0.038618553429841995, 0.15994347631931305, 0.04941841959953308, 0.08362206071615219, 0.11839598417282104, 0.03169892728328705, 0.10605178028345108, 0.020920874550938606, 0.03199494257569313, 0.07664380222558975, 0.09590629488229752, 0.015688080340623856, 0.0002741695789154619, 0.11415445059537888, 0.048219017684459686, 0.03377266600728035, 0.0729987695813179, 0.10402859002351761, 0.096756212413311, 0.1160426065325737, 0.022253096103668213, 0.04354940727353096, 0.07559676468372345, 0.07776419073343277, 0.07742606103420258, 0.10543151199817657, 0.10302023589611053, 0.04496386647224426, 0.06586375087499619, 0.04247009754180908, 0.010287743993103504, 0.030265264213085175, 0.004517674911767244, 0.1204916462302208, 0.039014022797346115, 0.006504535675048828, 0.0006114527932368219, 0.00030477705877274275, 0.06792451441287994, 0.059074703603982925, 0.14263533055782318, 0.07660063356161118, 0.011516016907989979, 0.13792605698108673, 0.0381411649286747, 0.06080557778477669, 0.13409821689128876, 0.07787401229143143, 0.10868433862924576, 0.015006103552877903, 0.032172005623579025, 0.011334114708006382, 0.0443202443420887, 0.1403627097606659, 0.04892682656645775, 0.01781919039785862, 0.032061897218227386, 0.008839244022965431, 0.06713078916072845, 0.10564061999320984, 0.0500744953751564, 0.01680297777056694, 0.061758339405059814, 0.051353633403778076, 0.031675875186920166, 0.03355684503912926, 0.08588580787181854, 0.07257354259490967, 0.010103492066264153, 0.028449656441807747, 0.11145483702421188, 0.019192053005099297, 0.11362037062644958, 0.07766468822956085, 0.017300928011536598, 0.030932452529668808, 0.0053746746852993965, 0.02062602899968624, 0.0035142216365784407, 0.027543753385543823, 0.02230912074446678, 0.2146376669406891, 0.061992596834897995, 0.05376817286014557, 0.04429109767079353, 0.0814899206161499, 0.14852787554264069, 0.0417969673871994, 0.014228329993784428, 0.054509710520505905, 0.024031931534409523, 0.11253269016742706, 0.016897980123758316, 0.08389932662248611, 0.037002723664045334, 0.044899456202983856, 0.07221854478120804, 0.1412735879421234]"
F149,"[0.0005902400007471442, 0.12399305403232574, 0.015041680075228214, 0.06354044377803802, 0.03020217828452587, 0.0659148246049881, 0.1200021505355835, 0.0459444560110569, 0.13792164623737335, 0.05552273988723755, 0.04210970178246498, 0.04439697787165642, 0.06783324480056763, 0.08193601667881012, 0.0516495481133461, 0.016087323427200317, 0.10901668667793274, 0.059914905577898026, 0.0060943374410271645, 0.09727443754673004, 0.015575071796774864, 0.055979643017053604, 0.007091431878507137, 0.025000765919685364, 0.005118348635733128, 0.03779231384396553, 0.009780503809452057, 0.05075952038168907, 0.05596502497792244, 0.08260501176118851, 0.004223854746669531, 0.004503765609115362, 0.06262248009443283, 0.09065872430801392, 0.0740571916103363, 0.021642262116074562, 0.004817783832550049, 0.09644919633865356, 0.061185866594314575, 0.015692319720983505, 0.07697592675685883, 0.019024034962058067, 0.017419358715415, 0.03417908400297165, 0.008359232917428017, 0.08450328558683395, 0.059476420283317566, 0.053345102816820145, 0.005314952693879604, 0.009905636310577393, 0.058046966791152954, 0.006293872836977243, 0.08885785192251205, 0.0006656245095655322, 0.05666714161634445, 0.002930603688582778, 0.12428250163793564, 0.09832115471363068, 0.09405668824911118, 0.132866770029068, 0.0779540091753006, 0.04691281169652939, 0.024276312440633774, 0.02687712572515011, 0.09681032598018646, 0.1413695514202118, 0.019005781039595604, 0.03203078731894493, 0.00824254285544157, 0.045240841805934906, 0.004194785840809345, 0.04257572442293167, 0.06120113283395767, 0.002608217764645815, 0.11399835348129272, 0.03360036388039589, 0.06316988915205002, 0.014008485712110996, 0.031778838485479355, 0.009610100649297237, 0.01838066428899765, 0.10213138908147812, 0.004647461231797934, 0.005435961298644543, 0.04704728722572327, 0.10239934921264648, 0.043174102902412415, 0.0036976842675358057, 0.01939353160560131, 0.051540557295084, 0.11271613836288452, 0.09031547605991364, 0.02095816284418106, 0.103737473487854, 0.08719097077846527, 0.013229095377027988, 0.11975675821304321, 0.014704705215990543, 0.014843312092125416, 0.03114798478782177, 0.07725732028484344, 0.011568601243197918, 0.030343009158968925, 0.04904119297862053, 0.12414178997278214, 0.0905190035700798, 0.00622167345136404, 0.014287734404206276, 0.019523942843079567, 0.01584615185856819, 0.07820791751146317, 0.06131044030189514, 0.018550848588347435, 0.011880654841661453, 0.021857621148228645, 0.11360965669155121, 0.0078119211830198765, 0.06417325884103775, 0.12031059712171555, 0.04434594884514809, 0.09311245381832123, 0.034862007945775986, 0.014623511582612991, 0.013254989869892597, 0.020298797637224197, 0.016561908647418022, 0.11623883247375488, 0.05558326840400696]"
F150,"[0.09116348624229431, 0.08311741799116135, 0.09594093263149261, 0.09559595584869385, 0.09338510781526566, 0.06987070292234421, 0.06618097424507141, 0.04249665141105652, 0.037356048822402954, 0.1632615327835083, 0.06410267949104309, 0.1247774213552475, 0.10156137496232986, 0.006061756983399391, 0.008543799631297588, 0.017718223854899406, 0.06530251353979111, 0.015533286146819592, 0.010134645737707615, 0.005546268075704575, 0.12309931963682175, 0.02470395341515541, 0.07756998389959335, 0.051674798130989075, 0.02926361747086048, 0.15009495615959167, 0.0061379075050354, 0.07218638062477112, 0.12749969959259033, 0.04531720653176308, 0.11878619343042374, 0.025330867618322372, 0.036014407873153687, 0.10449483245611191, 0.011719687841832638, 0.06366754323244095, 0.018177537247538567, 0.06280146539211273, 0.018225301057100296, 0.018773922696709633, 0.08612976223230362, 0.04485366865992546, 0.054354820400476456, 0.0915936753153801, 0.07749573141336441, 0.059064723551273346, 0.049554333090782166, 0.029315609484910965, 0.06305903196334839, 0.05543047934770584, 0.030216559767723083, 0.0025584488175809383, 0.013950701802968979, 0.07942136377096176, 0.02854580618441105, 0.07515640556812286, 0.009121928364038467, 0.03551175445318222, 0.0246651042252779, 0.017248006537556648, 0.04202234372496605, 0.028070786967873573, 0.022985998541116714, 0.01392688974738121, 0.07431074231863022, 0.052692197263240814, 0.12417783588171005, 0.041264958679676056, 0.11458729952573776, 0.049974314868450165, 0.02992355078458786, 0.04636175557971001, 0.0030328831635415554, 0.012380764819681644, 0.1268969029188156, 0.031457994133234024, 0.014887911267578602, 0.06728966534137726, 0.029121611267328262, 0.008248299360275269, 0.10101300477981567, 0.021261630579829216, 0.07630476355552673, 0.0891108438372612, 0.04735557734966278, 0.08849354833364487, 0.0016258927062153816, 0.011730664409697056, 0.0007729338249191642, 0.05917750298976898, 0.12451934069395065, 0.015105251222848892, 0.02003117837011814, 0.008552853018045425, 0.045306846499443054, 0.04841166362166405, 0.007873372174799442, 0.007000796962529421, 0.07895225286483765, 0.001038994058035314, 0.0174799133092165, 0.06704828143119812, 0.09172899276018143, 0.007113724015653133, 0.09435513615608215, 0.050534673035144806, 0.012834209017455578, 0.0870811939239502, 0.02621634677052498, 0.020923849195241928, 0.01715576834976673, 0.022752413526177406, 0.025607233867049217, 0.03391999006271362, 0.016379840672016144, 0.03870207443833351, 0.02237164042890072, 0.019085343927145004, 0.006632949225604534, 0.10158279538154602, 0.05863536149263382, 0.07504082471132278, 0.11594408750534058, 0.04815572872757912, 0.037288907915353775, 0.08099459111690521, 0.0195944681763649, 0.08628154546022415]"
F151,"[0.0034223508555442095, 0.013340044766664505, 0.0007432048441842198, 0.00694629643112421, 0.010151504538953304, 0.007613294292241335, 0.02437467686831951, 0.013302886858582497, 0.00925399735569954, 0.00466315308585763, 0.00470535084605217, 0.0052164155058562756, 0.013241959735751152, 0.008506754413247108, 0.023020127788186073, 0.00032602055580355227, 0.011271645314991474, 0.004262958187609911, 0.019484348595142365, 0.0046432302333414555, 0.011649832129478455, 0.009740645065903664, 0.011134765110909939, 0.014480906538665295, 0.02057528868317604, 0.014578585512936115, 0.014430447481572628, 0.012399176135659218, 0.004603266250342131, 0.008359430357813835, 0.009332709014415741, 0.010018977336585522, 0.008021499961614609, 0.00214722310192883, 0.01705773174762726, 0.011139169335365295, 0.003269786015152931, 0.0011530524352565408, 0.002307470655068755, 0.006621814798563719, 0.006920141633599997, 0.002641941187903285, 0.021647678688168526, 0.010595018975436687, 0.011893761344254017, 0.0011631972156465054, 0.023947477340698242, 0.011295763775706291, 0.011174408718943596, 0.004495869390666485, 0.00667316559702158, 0.0037203526590019464, 0.013292896561324596, 0.0212294589728117, 0.004803614225238562, 0.013312251307070255, 0.007033586036413908, 0.0026807624381035566, 0.001092963619157672, 0.003212988143786788, 0.00770923588424921, 0.014678017236292362, 0.01333257369697094, 0.017693612724542618, 0.016412366181612015, 0.011199671775102615, 0.0016154971672222018, 0.004484026227146387, 0.008866011165082455, 0.010333387181162834, 0.012967248447239399, 0.014997047372162342, 0.01918361708521843, 0.010455572046339512, 0.003905927063897252, 0.0006212903535924852, 0.0026530020404607058, 0.003293914720416069, 0.008030029945075512, 0.013823574408888817, 0.003629472805187106, 0.014612474478781223, 0.004173242021352053, 0.01146078109741211, 0.012575305067002773, 0.006579668261110783, 0.003321001073345542, 0.005451555363833904, 0.00994667038321495, 0.01747642457485199, 0.013227282091975212, 0.0030392068438231945, 0.01465253159403801, 0.0038929481524974108, 0.007319171447306871, 0.008424364030361176, 0.012030821293592453, 0.013266750611364841, 0.0016740395221859217, 0.0071785026229918, 0.0015066772466525435, 0.023473527282476425, 0.011715620756149292, 5.198064536671154e-05, 0.010754581540822983, 0.02132713608443737, 0.01902851089835167, 0.002242123242467642, 0.007260951679199934, 0.01662296988070011, 0.007215120829641819, 0.009930356405675411, 0.01317504234611988, 0.021741067990660667, 0.011932638473808765, 0.025643737986683846, 0.011907764710485935, 0.015181662514805794, 0.00019356531265657395, 0.002577441744506359, 0.002078883582726121, 0.0003250425506848842, 0.005457677412778139, 0.01232628058642149, 0.0020120805129408836, 0.0029452433809638023, 0.012491300702095032, 0.013301379047334194]"
F152,"[0.0, 0.0, 0.0, 0.0, 0.0, 0.0, 0.0, 0.0, 0.0, 0.0, 0.0, 0.0, 0.0, 0.0, 0.0, 0.0, 0.0, 0.0, 0.0, 0.0, 0.0, 0.0, 0.0, 0.0, 0.0, 0.0, 0.0, 0.0, 0.0, 0.0, 0.0, 0.0, 0.0, 0.0, 0.0, 0.0, 0.0, 0.0, 0.0, 0.0, 0.0, 0.0, 0.0, 0.0, 0.0, 0.0, 0.0, 0.0, 0.0, 0.0, 0.0, 0.0, 0.0, 0.0, 0.0, 0.0, 0.0, 0.0, 0.0, 0.0, 0.0, 0.0, 0.0, 0.0, 0.0, 0.0, 0.0, 0.0, 0.0, 0.0, 0.0, 0.0, 0.0, 0.0, 0.0, 0.0, 0.0, 0.0, 0.0, 0.0, 0.0, 0.0, 0.0, 0.0, 0.0, 0.0, 0.0, 0.0, 0.0, 0.0, 0.0, 0.0, 0.0, 0.0, 0.0, 0.0, 0.0, 0.0, 0.0, 0.0, 0.0, 0.0, 0.0, 0.0, 0.0, 0.0, 0.0, 0.0, 0.0, 0.0, 0.0, 0.0, 0.0, 0.0, 0.0, 0.0, 0.0, 0.0, 0.0, 0.0, 0.0, 0.0, 0.0, 0.0, 0.0, 0.0, 0.0, 0.0]"
F153,"[0.03985295817255974, 0.044423721730709076, 0.060452282428741455, 0.0023811685387045145, 0.05802905559539795, 0.02679385058581829, 0.12266091257333755, 0.03015335462987423, 0.0581497922539711, 0.023891035467386246, 0.09339193999767303, 0.0763663798570633, 0.0816318541765213, 0.05899105966091156, 0.15685918927192688, 0.14543740451335907, 0.12277941405773163, 0.01609487272799015, 0.0372905433177948, 0.09920608997344971, 0.10117950290441513, 0.13335052132606506, 0.03021056577563286, 0.031177943572402, 0.05462400242686272, 0.07087362557649612, 0.043106090277433395, 0.0714617520570755, 0.10496246814727783, 0.08818887174129486, 0.1348603516817093, 0.10541003197431564, 0.12471037358045578, 0.06273294240236282, 0.04102068766951561, 0.08419055491685867, 0.12964046001434326, 0.03730590641498566, 0.03652404248714447, 0.12922173738479614, 0.01533416286110878, 0.12713512778282166, 0.04803461581468582, 0.11774031817913055, 0.02869988977909088, 0.1136050894856453, 0.14939261972904205, 0.02219812385737896, 0.007498336024582386, 0.16450586915016174, 0.03551232069730759, 0.008881310001015663, 0.051433052867650986, 0.027908502146601677, 0.1521761268377304, 0.004489862825721502, 0.046049755066633224, 0.14247234165668488, 0.1336531788110733, 0.07118600606918335, 0.007249165792018175, 0.04224064573645592, 0.0048425449058413506, 0.10230005532503128, 0.01950567029416561, 0.014855291694402695, 0.07417480647563934, 0.18476414680480957, 0.007713338825851679, 0.12976457178592682, 0.08364123851060867, 0.06854458898305893, 0.024359650909900665, 0.1360790878534317, 0.012970573268830776, 0.030523469671607018, 0.09506714344024658, 0.04411479830741882, 0.03614227846264839, 0.01978832669556141, 0.08340397477149963, 0.05315493792295456, 0.017970168963074684, 0.08569776266813278, 0.060541294515132904, 0.003550102934241295, 0.10249676555395126, 0.11438927799463272, 0.03661321476101875, 0.058631304651498795, 0.0888620987534523, 0.0817103311419487, 0.044398654252290726, 0.017579684033989906, 0.03248101472854614, 0.11722121387720108, 0.0031706548761576414, 0.0013844521017745137, 0.005498065147548914, 0.07165870815515518, 0.05022338032722473, 0.016027294099330902, 0.23927907645702362, 0.1118408814072609, 0.03022419847548008, 0.05878867208957672, 0.024998094886541367, 0.026443570852279663, 0.15336810052394867, 0.109909787774086, 0.09081852436065674, 0.09344887733459473, 0.11708243191242218, 0.015343993902206421, 0.0011298604076728225, 0.10644251108169556, 0.10853727906942368, 0.12150542438030243, 0.09013988822698593, 0.0799097791314125, 0.0711287260055542, 0.06929599493741989, 0.1295272707939148, 0.1456078588962555, 0.004156522918492556, 0.003122835885733366, 0.11182943731546402, 0.027475576847791672]"
F154,"[0.00981727335602045, 0.013280106708407402, 0.004257882945239544, 0.012695305980741978, 0.012410310097038746, 0.005926182959228754, 0.002895780373364687, 0.006946365814656019, 0.008548247627913952, 0.0026145700830966234, 0.016450533643364906, 0.01168808899819851, 0.0010773359099403024, 0.011829184368252754, 0.01366050448268652, 0.007691048085689545, 0.013915471732616425, 0.0024974620901048183, 0.01139062736183405, 0.011329328641295433, 0.008568834513425827, 0.005194450728595257, 0.004483197815716267, 0.00299422862008214, 0.0037438953295350075, 0.008739348500967026, 0.004531307145953178, 0.014955040067434311, 0.012519621290266514, 0.014166832901537418, 0.00833399873226881, 0.00383186643011868, 0.0021746561396867037, 0.016298657283186913, 0.009629819542169571, 0.001371575053781271, 0.012437110766768456, 0.005432718899101019, 0.009515102952718735, 0.0223177969455719, 0.006941325031220913, 0.0038164048455655575, 0.0032545384019613266, 0.00885935127735138, 0.005669514648616314, 0.00635267561301589, 0.021604515612125397, 0.013644768856465816, 0.012510332278907299, 0.0010467707179486752, 0.005742034409195185, 0.017613034695386887, 0.0029754952993243933, 0.01447924505919218, 0.0020420399960130453, 0.007992110215127468, 0.0024207134265452623, 0.00620654970407486, 0.0038015455938875675, 0.00037178024649620056, 0.016733786091208458, 0.0005941428826190531, 0.01002024207264185, 0.005361924879252911, 0.0005411284510046244, 0.0004639228282030672, 0.00901043601334095, 0.0013610243331640959, 0.008061820641160011, 0.002213582629337907, 0.01995587721467018, 0.009139027446508408, 0.005264416802674532, 0.019298695027828217, 0.006592307705432177, 0.0021805716678500175, 0.010075883008539677, 0.0008804675890132785, 0.004151344299316406, 0.011111540719866753, 0.0025995683390647173, 0.00949388463050127, 0.0046662637032568455, 0.0076090628281235695, 0.003761834930628538, 0.014411166310310364, 0.014018558897078037, 0.0021186708472669125, 0.011170892976224422, 0.002150122309103608, 0.015450840815901756, 0.013312858529388905, 0.007008655928075314, 0.017270797863602638, 0.00967289786785841, 0.001518290606327355, 0.00239414325915277, 0.0031890212558209896, 0.005208898801356554, 0.006026939023286104, 0.006136234384030104, 0.0029747451189905405, 0.004085354506969452, 0.004209322854876518, 0.004510767757892609, 0.00381520320661366, 0.004270852077752352, 0.018804315477609634, 0.0064729005098342896, 0.002036398509517312, 0.016728775575757027, 0.005956346169114113, 0.01650029607117176, 0.013934541493654251, 0.00306331692263484, 0.002513042651116848, 0.004693000577390194, 0.01752837747335434, 0.011969521641731262, 0.0008222967153415084, 0.002610007068142295, 0.009462735615670681, 0.0034744020085781813, 0.0016150230076164007, 0.0004622586420737207, 0.0068457950837910175, 0.0037481957115232944, 0.012912152335047722]"
F155,"[0.0005466789589263499, 0.006126124411821365, 0.016962656751275063, 0.0006722505786456168, 0.009729723446071148, 0.010501988232135773, 0.0014074558857828379, 0.0018515156116336584, 0.011672704480588436, 0.003819576697424054, 0.004314601421356201, 0.015331229194998741, 0.006904080975800753, 0.006379848811775446, 0.0006653076852671802, 0.004239901900291443, 0.0018243871163576841, 0.003088271012529731, 0.003998897038400173, 0.002886092523112893, 0.0009112220723181963, 0.002702681114897132, 0.01129521057009697, 0.0020931148901581764, 0.0009568292880430818, 0.005359048023819923, 0.00861105415970087, 0.006028616800904274, 0.01511737983673811, 0.004108910448849201, 0.0024715508334338665, 0.004285712260752916, 0.004335776437073946, 0.003570335218682885, 0.0022353290114551783, 0.006081386003643274, 0.0011961597483605146, 0.002195662120357156, 0.004090969916433096, 0.009519083425402641, 0.005596086382865906, 0.0062469118274748325, 0.0018410057527944446, 0.010166001506149769, 0.0006491564563475549, 0.0027991498354822397, 0.024433011189103127, 0.003207955276593566, 0.002737936330959201, 0.006705882493406534, 0.014493372291326523, 0.006113719195127487, 0.011785939335823059, 0.0014098992105573416, 0.0058981627225875854, 0.005211236886680126, 0.006395862437784672, 0.0028258326929062605, 0.002607101807370782, 0.01420091837644577, 0.0009107047808356583, 0.0012474071700125933, 0.0028605209663510323, 0.010644294321537018, 0.01176244392991066, 0.005564611870795488, 0.0056792963296175, 0.024745246395468712, 0.004318138584494591, 0.0007981870439834893, 0.010352147743105888, 0.000829972792416811, 0.007097064051777124, 0.0038008501287549734, 0.00011329032713547349, 0.001979115651920438, 0.014278028160333633, 0.004515578038990498, 0.003785931970924139, 0.0063523841090500355, 0.005382850766181946, 0.012886608950793743, 0.004435062408447266, 0.0072825257666409016, 0.007760385051369667, 0.001428365707397461, 0.00500620948150754, 0.0007316151750274003, 0.0028501166962087154, 0.010579348541796207, 0.0037999472115188837, 0.010271918028593063, 0.003426268231123686, 0.005149935372173786, 0.008850038051605225, 0.0034242989495396614, 0.0012520394520834088, 0.009604780934751034, 0.012206385843455791, 0.013390692882239819, 0.010501539334654808, 0.009135755710303783, 0.011823251843452454, 0.008765281178057194, 0.006383255589753389, 0.0011584559688344598, 0.006469356827437878, 0.0017566116293892264, 0.00351173197850585, 0.0011085144942626357, 0.005527982953935862, 0.0014879537047818303, 0.004949493333697319, 7.531981100328267e-05, 0.0023870025761425495, 0.01107882708311081, 0.01419302262365818, 0.0029280302114784718, 0.0028174594044685364, 0.0039054262451827526, 0.0008879993110895157, 0.0006421058205887675, 0.0017755877925083041, 0.0036343103274703026, 0.01025803666561842, 0.011493625119328499, 0.013733014464378357, 0.002548046875745058]"
F156,"[0.009154959581792355, 0.010038454085588455, 0.005962294526398182, 0.0023633912205696106, 0.018774406984448433, 0.0071890829131007195, 0.0025030658580362797, 0.009660901501774788, 0.0036333247553557158, 0.014567936770617962, 0.00830881018191576, 0.010044722817838192, 0.005422599148005247, 0.01522238738834858, 0.015445420518517494, 0.014307349920272827, 0.0075491443276405334, 0.002635305281728506, 0.008817407302558422, 0.0011729153338819742, 0.004479638766497374, 0.024457711726427078, 0.006256189197301865, 0.0026420822832733393, 0.0230439230799675, 0.011157477274537086, 0.012639252468943596, 0.005087407771497965, 0.020724928006529808, 0.002490245271474123, 0.008075355552136898, 0.016005247831344604, 0.01954629458487034, 0.005507242400199175, 0.0013945280807092786, 0.016296790912747383, 0.014600665308535099, 0.008614140562713146, 0.017502130940556526, 0.023130163550376892, 0.006304468028247356, 0.014786036685109138, 0.023875053972005844, 0.017620662227272987, 0.014758026227355003, 0.017037957906723022, 0.005122990347445011, 0.0011698085581883788, 0.017837801948189735, 0.005315978545695543, 0.003388945944607258, 0.005556507036089897, 0.008927438408136368, 0.0069237505085766315, 0.004857518710196018, 0.0009955981513485312, 0.005488984286785126, 0.004222771152853966, 0.010683334432542324, 0.011723365634679794, 0.009923459030687809, 0.01108507253229618, 0.004631636664271355, 0.027673248201608658, 0.009757786989212036, 0.024792995303869247, 0.0004477973561733961, 0.005324468016624451, 0.001083700335584581, 0.0002877489023376256, 0.0021557756699621677, 0.006461537908762693, 0.0037620950024574995, 0.026735389605164528, 0.014804740436375141, 0.0076880306005477905, 0.002672832226380706, 0.010503953322768211, 0.021879643201828003, 0.011111494153738022, 0.019779540598392487, 0.013823369517922401, 0.020058341324329376, 0.0019872202537953854, 0.01348018553107977, 0.0028428668156266212, 0.012978050857782364, 0.018401222303509712, 0.0038518200162798166, 0.0248715803027153, 0.0028182577807456255, 0.009337302297353745, 0.009924253448843956, 0.015255240723490715, 0.009291447699069977, 0.012335769832134247, 0.004635841120034456, 0.007562005892395973, 0.013806839473545551, 0.00919033121317625, 0.002616511657834053, 0.006614474579691887, 0.02036953717470169, 0.001127074472606182, 0.0013404175406321883, 0.008195032365620136, 0.017198923975229263, 0.0036502371076494455, 0.019935837015509605, 0.009996231645345688, 0.004905651789158583, 0.004583918023854494, 0.005914779379963875, 0.00236335932277143, 0.006505229510366917, 0.020557189360260963, 0.00674819340929389, 0.009814742021262646, 0.0116459084674716, 0.02318856306374073, 0.003087240271270275, 0.007155269384384155, 0.001270805369131267, 0.009220317006111145, 0.014181412756443024, 0.004447645042091608, 0.012722216546535492, 0.004289677366614342]"
F157,"[0.0, 0.0, 0.0, 0.0, 0.0, 0.0, 0.0, 0.0, 0.0, 0.0, 0.0, 0.0, 0.0, 0.0, 0.0, 0.0, 0.0, 0.0, 0.0, 0.0, 0.0, 0.0, 0.0, 0.0, 0.0, 0.0, 0.0, 0.0, 0.0, 0.0, 0.0, 0.0, 0.0, 0.0, 0.0, 0.0, 0.0, 0.0, 0.0, 0.0, 0.0, 0.0, 0.0, 0.0, 0.0, 0.0, 0.0, 0.0, 0.0, 0.0, 0.0, 0.0, 0.0, 0.0, 0.0, 0.0, 0.0, 0.0, 0.0, 0.0, 0.0, 0.0, 0.0, 0.0, 0.0, 0.0, 0.0, 0.0, 0.0, 0.0, 0.0, 0.0, 0.0, 0.0, 0.0, 0.0, 0.0, 0.0, 0.0, 0.0, 0.0, 0.0, 0.0, 0.0, 0.0, 0.0, 0.0, 0.0, 0.0, 0.0, 0.0, 0.0, 0.0, 0.0, 0.0, 0.0, 0.0, 0.0, 0.0, 0.0, 0.0, 0.0, 0.0, 0.0, 0.0, 0.0, 0.0, 0.0, 0.0, 0.0, 0.0, 0.0, 0.0, 0.0, 0.0, 0.0, 0.0, 0.0, 0.0, 0.0, 0.0, 0.0, 0.0, 0.0, 0.0, 0.0, 0.0, 0.0]"
F158,"[0.0, 0.0, 0.0, 0.0, 0.0, 0.0, 0.0, 0.0, 0.0, 0.0, 0.0, 0.0, 0.0, 0.0, 0.0, 0.0, 0.0, 0.0, 0.0, 0.0, 0.0, 0.0, 0.0, 0.0, 0.0, 0.0, 0.0, 0.0, 0.0, 0.0, 0.0, 0.0, 0.0, 0.0, 0.0, 0.0, 0.0, 0.0, 0.0, 0.0, 0.0, 0.0, 0.0, 0.0, 0.0, 0.0, 0.0, 0.0, 0.0, 0.0, 0.0, 0.0, 0.0, 0.0, 0.0, 0.0, 0.0, 0.0, 0.0, 0.0, 0.0, 0.0, 0.0, 0.0, 0.0, 0.0, 0.0, 0.0, 0.0, 0.0, 0.0, 0.0, 0.0, 0.0, 0.0, 0.0, 0.0, 0.0, 0.0, 0.0, 0.0, 0.0, 0.0, 0.0, 0.0, 0.0, 0.0, 0.0, 0.0, 0.0, 0.0, 0.0, 0.0, 0.0, 0.0, 0.0, 0.0, 0.0, 0.0, 0.0, 0.0, 0.0, 0.0, 0.0, 0.0, 0.0, 0.0, 0.0, 0.0, 0.0, 0.0, 0.0, 0.0, 0.0, 0.0, 0.0, 0.0, 0.0, 0.0, 0.0, 0.0, 0.0, 0.0, 0.0, 0.0, 0.0, 0.0, 0.0]"
F159,"[0.029886659234762192, 0.04835166037082672, 0.02086295746266842, 0.014892272651195526, 0.00971319992095232, 0.0029344342183321714, 0.03162486106157303, 0.029258660972118378, 0.013646888546645641, 0.030519338324666023, 0.008289222605526447, 0.0080540981143713, 0.015272357501089573, 0.03878195956349373, 0.015260223299264908, 0.002273345598950982, 0.013198777101933956, 0.011819232255220413, 0.006791567429900169, 0.014504602178931236, 0.012007622048258781, 0.0030016654636710882, 0.019415253773331642, 0.001163860084488988, 0.01151740550994873, 0.03475355729460716, 0.0070136734284460545, 0.013031861744821072, 0.0007944775861687958, 0.0033061010763049126, 0.020053686574101448, 0.03451298922300339, 0.042614493519067764, 0.024329816922545433, 0.008820385672152042, 0.01622978039085865, 0.006418667733669281, 0.01065847184509039, 0.01029583066701889, 0.0019898749887943268, 0.020561693236231804, 0.004255486186593771, 0.001343956682831049, 0.03899805620312691, 0.013366341590881348, 0.02915806695818901, 0.02879759855568409, 0.038820780813694, 0.023841753602027893, 0.011659005656838417, 0.010712940245866776, 9.862147635431029e-06, 0.00017031280731316656, 0.005062297452241182, 0.0020933784544467926, 0.020060785114765167, 0.020049186423420906, 0.035230789333581924, 0.008042450062930584, 0.026904091238975525, 0.02203983999788761, 0.020559214055538177, 0.00618304219096899, 0.014515937305986881, 0.0004322701133787632, 0.03917153552174568, 0.009148448705673218, 0.030184142291545868, 0.035500667989254, 0.0022766324691474438, 0.0015347343869507313, 0.028604650869965553, 0.025834601372480392, 0.0058485278859734535, 0.013772670179605484, 0.007027411833405495, 0.006326490081846714, 0.024200445041060448, 0.007915382273495197, 0.02156933955848217, 0.02400374412536621, 0.022109219804406166, 0.014289080165326595, 0.01324259489774704, 0.00458246236667037, 0.029788777232170105, 0.01898038759827614, 0.0159026850014925, 0.027340063825249672, 0.008904720656573772, 0.0008060642867349088, 0.028217514976859093, 0.014010900631546974, 0.01779427006840706, 0.006930196657776833, 0.0057352567091584206, 0.00028905339422635734, 0.005254506133496761, 0.00047520894440822303, 0.024271029978990555, 0.004147656261920929, 0.021211156621575356, 0.007857639342546463, 0.03998681530356407, 0.0021781479008495808, 0.011123981326818466, 0.0037841303274035454, 0.02306065522134304, 0.004337206948548555, 0.005604913923889399, 0.007273964583873749, 0.028979893773794174, 0.029142111539840698, 0.014868195168673992, 0.005778685212135315, 0.019727332517504692, 0.0008810582221485674, 0.006733686197549105, 0.026101918891072273, 0.00652516633272171, 0.025629354640841484, 0.027437828481197357, 0.021570507436990738, 0.02964155562222004, 0.010021724738180637, 0.028057338669896126, 0.017804957926273346, 0.028918907046318054]"
F160,"[0.062259022146463394, 0.031700730323791504, 0.04476047679781914, 0.07428666204214096, 0.06097172945737839, 0.07406454533338547, 0.054292380809783936, 0.037594985216856, 0.09463002532720566, 0.04940488561987877, 0.059402961283922195, 0.020037831738591194, 0.028753025457262993, 0.013662302866578102, 0.034693703055381775, 0.08725634217262268, 0.11147458106279373, 0.07157520949840546, 0.07963091135025024, 0.0010634493082761765, 0.09315845370292664, 0.04740353301167488, 0.001792610390111804, 0.11261139810085297, 0.12369398027658463, 8.965130837168545e-05, 0.03393961861729622, 0.07584063708782196, 0.07040629535913467, 0.07159709930419922, 0.0661749616265297, 0.021091187372803688, 0.007428881246596575, 0.05012921988964081, 0.08471643924713135, 0.014393599703907967, 0.011972213163971901, 0.05092828720808029, 0.06240128353238106, 0.05205206200480461, 0.09439598768949509, 0.021634245291352272, 0.047137387096881866, 0.05221996083855629, 0.10105384886264801, 0.04173053056001663, 0.08200068771839142, 0.0526481457054615, 0.052146557718515396, 0.004637493286281824, 0.03117946721613407, 0.03751397505402565, 0.03030293807387352, 0.0029662076849490404, 0.009482597932219505, 0.05582505464553833, 0.07110299170017242, 0.0010229977779090405, 0.011946383863687515, 0.04793408513069153, 0.0003913684922736138, 0.08720158785581589, 0.06417933106422424, 0.0014506980078294873, 0.10308560729026794, 0.06421712785959244, 0.011397977359592915, 0.11053770035505295, 0.08142039179801941, 0.08318886160850525, 0.03180316090583801, 0.09110122174024582, 0.053964532911777496, 0.09236067533493042, 0.06700756400823593, 0.04835517704486847, 0.028782272711396217, 0.06548357009887695, 0.12703779339790344, 0.0800580084323883, 0.051540449261665344, 0.02949926070868969, 0.09897393733263016, 0.023945054039359093, 0.036442358046770096, 0.014215700328350067, 0.05020296201109886, 0.07635220885276794, 0.04929308965802193, 0.13768595457077026, 0.06163452938199043, 0.024317676201462746, 0.07076039165258408, 0.012363173998892307, 0.003199587110430002, 0.03386756032705307, 0.04704459384083748, 0.04308538883924484, 0.022947221994400024, 0.025315754115581512, 0.0050668539479374886, 0.061385318636894226, 0.007925985381007195, 0.026507973670959473, 0.04033556208014488, 0.09646554291248322, 0.027026349678635597, 0.041766244918107986, 0.04407788813114166, 0.04367569461464882, 0.0165957510471344, 0.07515127211809158, 0.019532611593604088, 0.04456407576799393, 0.054708387702703476, 0.0025922413915395737, 0.033773962408304214, 0.06256585568189621, 0.05705719441175461, 0.02349638193845749, 0.03227277845144272, 0.06559401750564575, 0.001505400869064033, 0.06460215151309967, 0.06859143823385239, 0.017117943614721298, 0.02800515666604042, 0.010754643008112907]"
F161,"[0.06634736061096191, 0.09113795310258865, 0.06310976296663284, 0.06702222675085068, 0.040402818471193314, 0.08059576898813248, 0.001863550627604127, 0.038683272898197174, 0.03943492844700813, 0.0033360831439495087, 0.02277625910937786, 0.11723898351192474, 0.03132173791527748, 0.040207669138908386, 0.04363409802317619, 0.13678684830665588, 0.004333518445491791, 0.019667241722345352, 0.0341138057410717, 0.04530685022473335, 0.010067330673336983, 0.10144273191690445, 0.025521056726574898, 0.018745766952633858, 0.0328361913561821, 0.06495798379182816, 0.024656271561980247, 0.07867327332496643, 0.014605151489377022, 0.005886742379516363, 0.09836062043905258, 0.08997774869203568, 0.006893970537930727, 0.10373430699110031, 0.0018179405014961958, 0.06039276719093323, 0.021261507645249367, 0.08193936944007874, 0.020507024601101875, 0.12265048176050186, 0.019391246140003204, 0.06951213628053665, 0.04553832858800888, 0.012335054576396942, 0.042996302247047424, 0.043304868042469025, 0.02622118592262268, 0.019967343658208847, 0.018775062635540962, 0.009045486338436604, 0.13090679049491882, 0.09387238323688507, 0.08208028972148895, 0.006135969888418913, 0.08314488083124161, 0.03524332121014595, 0.0200081467628479, 0.02962985448539257, 0.009651745669543743, 0.06797652691602707, 0.006723108701407909, 0.014329695142805576, 0.04575870558619499, 0.0437421053647995, 0.10086210072040558, 0.05327890068292618, 0.11920472979545593, 0.06626937538385391, 0.011575303040444851, 0.006614733953028917, 0.0707988366484642, 0.06927864253520966, 0.016469478607177734, 0.043134063482284546, 0.11434188485145569, 0.0631379634141922, 0.04444640129804611, 0.04080860689282417, 0.0917336642742157, 0.13529007136821747, 0.026267172768712044, 0.04459413141012192, 0.014398324303328991, 0.008625147864222527, 0.014200116507709026, 0.04270875081419945, 0.07742895185947418, 0.014749371446669102, 0.019025376066565514, 0.16716228425502777, 0.06534941494464874, 0.009511725977063179, 0.015883564949035645, 0.0582309365272522, 0.006658377591520548, 0.05619107559323311, 0.020759746432304382, 0.035135190933942795, 0.1284666359424591, 0.033686231821775436, 0.020844709128141403, 0.10316242277622223, 0.08682866394519806, 0.09499789774417877, 0.01711486093699932, 0.11298778653144836, 0.11497346311807632, 0.062085460871458054, 0.08239711821079254, 0.044236112385988235, 0.0842883512377739, 0.02393415756523609, 0.0007675886736251414, 0.0325649194419384, 0.08382771164178848, 0.03301401808857918, 0.03017820045351982, 0.07320516556501389, 0.0820411965250969, 0.024644209071993828, 0.09004496783018112, 0.06969347596168518, 0.034162718802690506, 0.051152247935533524, 0.04860544949769974, 0.1093137115240097, 0.058970771729946136, 0.004056024365127087]"
F162,"[0.07281003892421722, 0.06398657709360123, 0.006498977541923523, 0.0787915512919426, 0.01732734963297844, 0.08749016374349594, 0.029763517901301384, 0.08080219477415085, 0.09103002399206161, 0.1242414191365242, 0.017357315868139267, 0.0911431834101677, 0.053186118602752686, 0.050233837217092514, 0.09429324418306351, 0.03469451144337654, 0.08641133457422256, 0.02795017883181572, 0.04713987186551094, 0.014515773393213749, 0.07712560147047043, 0.06858739256858826, 0.13180305063724518, 0.01883224956691265, 0.004448326770216227, 0.1267945021390915, 0.044462110847234726, 0.05908801034092903, 0.14605623483657837, 0.03458976373076439, 0.00961854588240385, 0.04696771129965782, 0.04097685217857361, 0.12613710761070251, 0.029186999425292015, 0.04251668229699135, 0.08734115213155746, 0.11885016411542892, 0.0036778554785996675, 0.05800824612379074, 0.03712530806660652, 0.021512221544981003, 0.05314786359667778, 0.03978270664811134, 0.01797708310186863, 0.09097585827112198, 0.057430874556303024, 0.08542738854885101, 0.12750665843486786, 0.052388548851013184, 0.021198682487010956, 0.07368028908967972, 0.08461398631334305, 0.059956055134534836, 0.06314682960510254, 0.07751863449811935, 0.1130986139178276, 0.024272022768855095, 0.04838592931628227, 0.02072124183177948, 0.06873651593923569, 0.0002554810489527881, 0.003000319469720125, 0.11315959692001343, 0.08433084189891815, 0.08374333381652832, 0.08569648116827011, 0.0036788361612707376, 0.07889614254236221, 0.05703508481383324, 0.035309456288814545, 0.04790980741381645, 0.051577888429164886, 0.0881241038441658, 0.15614518523216248, 0.10244531184434891, 0.013574846088886261, 0.05721212550997734, 0.02258523926138878, 0.09980008751153946, 0.021102938801050186, 0.08505932241678238, 0.0020140823908150196, 0.007904695346951485, 0.033303774893283844, 0.027791036292910576, 0.13306711614131927, 0.08217183500528336, 0.09719672799110413, 0.00024491059593856335, 0.023401819169521332, 0.1097700223326683, 0.14669840037822723, 0.08744671940803528, 0.02785142883658409, 0.04135960713028908, 0.07463470101356506, 0.0413581021130085, 0.15457023680210114, 0.015572687610983849, 0.08770319074392319, 0.07268045842647552, 0.04001997411251068, 0.01802719756960869, 0.009586380794644356, 0.1380041390657425, 0.027678562328219414, 0.11795393377542496, 0.04594876617193222, 0.023352330550551414, 0.05190715566277504, 0.012733365409076214, 0.030182844027876854, 0.03032112866640091, 0.02797604724764824, 0.06524333357810974, 0.027425939217209816, 0.014915666542947292, 0.03346990793943405, 0.015817904844880104, 0.015697918832302094, 0.13235776126384735, 0.035632986575365067, 0.013003193773329258, 0.028983814641833305, 0.12107265740633011, 0.03009173274040222, 0.10538031160831451]"
F163,"[0.02039959654211998, 0.06353657692670822, 0.10973318666219711, 0.024527456611394882, 0.005227344110608101, 0.09627794474363327, 0.05477195978164673, 0.06966880708932877, 0.02707260102033615, 0.09424261003732681, 0.056780457496643066, 0.045042846351861954, 0.060201019048690796, 0.03150390833616257, 0.1233299970626831, 0.004048032220453024, 0.017615526914596558, 0.02363213524222374, 0.05572659149765968, 0.06109246984124184, 0.010940279811620712, 0.016029438003897667, 0.009069651365280151, 0.0007230795454233885, 0.0888637900352478, 0.05268437787890434, 0.050237420946359634, 0.08053663372993469, 0.061215825378894806, 0.033311136066913605, 0.01129946205765009, 0.11041411012411118, 0.0008070209878496826, 0.01504192128777504, 0.05884575471282005, 0.05948924645781517, 0.027842704206705093, 0.04945841059088707, 0.01739850454032421, 0.06679540872573853, 0.0016378096770495176, 0.020246034488081932, 0.07318931818008423, 0.08350647985935211, 0.03251589834690094, 0.014962008222937584, 0.13286906480789185, 0.01908320002257824, 0.07760672271251678, 0.002984419697895646, 0.0579373873770237, 0.04022660851478577, 0.0568426214158535, 0.10633496940135956, 0.08499743044376373, 0.022350233048200607, 0.004943853709846735, 0.05285339802503586, 0.09228478372097015, 0.01284530945122242, 0.03218058496713638, 0.06999844312667847, 0.011667540296912193, 0.0475851334631443, 0.004221320617944002, 0.061318881809711456, 0.007464659865945578, 0.004817723762243986, 0.06091462820768356, 0.07300085574388504, 0.01131281815469265, 0.08788740634918213, 0.00596907502040267, 0.10257525742053986, 0.03391994163393974, 0.02967643178999424, 0.03396697714924812, 0.06962297856807709, 0.06628676503896713, 0.0189356729388237, 0.013623364269733429, 0.07865411043167114, 0.042488764971494675, 0.03668508678674698, 0.04821553826332092, 0.055249858647584915, 0.055262260138988495, 0.03390008956193924, 0.02384019084274769, 0.005852483678609133, 0.038217589259147644, 0.11497468501329422, 0.06085668504238129, 0.031339310109615326, 0.07953107357025146, 0.034763313829898834, 0.029664047062397003, 0.02721126563847065, 0.05259928107261658, 0.009226202964782715, 0.04592101648449898, 0.01239765528589487, 0.10131867974996567, 0.048366665840148926, 0.02947342023253441, 0.031123574823141098, 0.04610121250152588, 0.06448742747306824, 0.1263214498758316, 0.11578657478094101, 0.06222674623131752, 0.02146255597472191, 0.05860469862818718, 0.003937664441764355, 0.044238749891519547, 0.03433425724506378, 0.08041802793741226, 0.049365803599357605, 0.022103333845734596, 0.030614374205470085, 0.011793109588325024, 0.04016131907701492, 0.038241688162088394, 0.033683083951473236, 0.015173859894275665, 0.002813326194882393, 0.008157850243151188, 0.08530810475349426]"
F164,"[0.013887531124055386, 0.014662421308457851, 0.0030466802418231964, 0.01448786724358797, 0.005411564838141203, 0.025832440704107285, 0.022060511633753777, 0.014236604794859886, 0.0023568356409668922, 0.015042571350932121, 0.009328917600214481, 0.0012901752488687634, 0.008129529654979706, 0.015724744647741318, 0.005587912164628506, 0.030891353264451027, 0.02211744524538517, 0.006529423873871565, 0.021969938650727272, 0.0023619206622242928, 0.01925409957766533, 0.007172700949013233, 0.006353869568556547, 0.0021948942448943853, 0.023693636059761047, 0.001899485825560987, 0.008755790069699287, 0.018327247351408005, 0.028124352917075157, 0.020595455542206764, 0.038061246275901794, 0.01640101708471775, 0.025373365730047226, 0.00250414852052927, 0.013450843282043934, 0.010371316224336624, 0.00012847929610870779, 0.014700866304337978, 0.019674254581332207, 0.01972394809126854, 0.0069046332500875, 0.014190041460096836, 0.004518980160355568, 0.003116127336397767, 0.012592354789376259, 0.009262515231966972, 0.007799148093909025, 0.004606040194630623, 0.033445507287979126, 0.01056858990341425, 0.007330602966248989, 0.0022617499344050884, 0.003705293871462345, 0.019381631165742874, 0.008881529793143272, 0.017137931659817696, 0.0044580912217497826, 0.01896052248775959, 0.01977415196597576, 0.017112528905272484, 0.0007621261174790561, 0.007493915967643261, 0.008622256107628345, 0.013537874445319176, 0.011856835335493088, 0.006375131197273731, 0.010919441469013691, 0.01702285185456276, 0.020747309550642967, 0.016109101474285126, 0.0001772320392774418, 0.02254045568406582, 0.011471272446215153, 0.015679283067584038, 0.017034418880939484, 0.008012637495994568, 0.005401665344834328, 0.006610991898924112, 0.009968842379748821, 3.241469676140696e-05, 0.020029254257678986, 0.021409964188933372, 0.00317312590777874, 0.012409108690917492, 0.011413668282330036, 0.010552188381552696, 0.02378193289041519, 0.0014250220265239477, 0.007869794964790344, 0.016520200297236443, 0.022373368963599205, 0.01488887146115303, 0.024744240567088127, 0.0034362822771072388, 0.003197283949702978, 0.01030789315700531, 0.02173079177737236, 0.023819681257009506, 0.0033337112981826067, 0.010020973160862923, 0.0024356998037546873, 0.0031049565877765417, 0.020068807527422905, 0.002591651864349842, 0.014427639544010162, 0.001727834576740861, 0.018166901543736458, 0.008880754932761192, 0.03122931532561779, 0.025677720084786415, 0.017908066511154175, 0.003724450245499611, 0.02833287976682186, 0.004149541258811951, 0.0012286563869565725, 3.126765659544617e-05, 0.008214527741074562, 0.007756861392408609, 0.0025132508017122746, 0.015852371230721474, 0.0030457638204097748, 0.0005670759710483253, 0.013243943452835083, 0.00041503048851154745, 0.015318549238145351, 0.02128545008599758, 0.013814057223498821, 0.011828802525997162]"
F165,"[0.0, 0.0, 0.0, 0.0, 0.0, 0.0, 0.0, 0.0, 0.0, 0.0, 0.0, 0.0, 0.0, 0.0, 0.0, 0.0, 0.0, 0.0, 0.0, 0.0, 0.0, 0.0, 0.0, 0.0, 0.0, 0.0, 0.0, 0.0, 0.0, 0.0, 0.0, 0.0, 0.0, 0.0, 0.0, 0.0, 0.0, 0.0, 0.0, 0.0, 0.0, 0.0, 0.0, 0.0, 0.0, 0.0, 0.0, 0.0, 0.0, 0.0, 0.0, 0.0, 0.0, 0.0, 0.0, 0.0, 0.0, 0.0, 0.0, 0.0, 0.0, 0.0, 0.0, 0.0, 0.0, 0.0, 0.0, 0.0, 0.0, 0.0, 0.0, 0.0, 0.0, 0.0, 0.0, 0.0, 0.0, 0.0, 0.0, 0.0, 0.0, 0.0, 0.0, 0.0, 0.0, 0.0, 0.0, 0.0, 0.0, 0.0, 0.0, 0.0, 0.0, 0.0, 0.0, 0.0, 0.0, 0.0, 0.0, 0.0, 0.0, 0.0, 0.0, 0.0, 0.0, 0.0, 0.0, 0.0, 0.0, 0.0, 0.0, 0.0, 0.0, 0.0, 0.0, 0.0, 0.0, 0.0, 0.0, 0.0, 0.0, 0.0, 0.0, 0.0, 0.0, 0.0, 0.0, 0.0]"
F166,"[0.0627477690577507, 0.0825270339846611, 0.0065992106683552265, 0.06362135708332062, 0.04328706115484238, 0.02148880437016487, 0.1410682499408722, 0.10429991781711578, 0.00048352309386245906, 0.012668962590396404, 0.015709295868873596, 0.07481561601161957, 0.09076014161109924, 0.127023383975029, 0.08068862557411194, 0.019068194553256035, 0.03645835071802139, 0.08621146529912949, 0.05832540988922119, 0.020487656816840172, 0.1343907117843628, 0.028168054297566414, 0.058629922568798065, 0.1597185581922531, 0.12231728434562683, 0.06633681058883667, 0.01546664722263813, 0.013836205936968327, 0.062193214893341064, 0.010560542345046997, 0.09798673540353775, 0.05258042365312576, 0.08032489567995071, 0.014569014310836792, 0.1447288990020752, 0.0566733255982399, 0.11262600868940353, 0.06104515120387077, 0.10369052737951279, 0.22072212398052216, 0.012545835226774216, 0.04259505122900009, 0.018259376287460327, 0.05281255021691322, 0.09443052858114243, 0.042657654732465744, 0.11284450441598892, 0.12711265683174133, 0.05171167477965355, 0.04921426624059677, 0.09491433203220367, 0.005848971661180258, 0.0541873425245285, 0.10900647938251495, 0.14762479066848755, 0.03113345056772232, 0.10231099277734756, 0.011009245179593563, 0.03707507625222206, 0.0788491740822792, 0.0631239041686058, 0.05833609029650688, 0.021531356498599052, 0.026339394971728325, 0.035169847309589386, 0.016330668702721596, 0.02707284316420555, 0.10161963850259781, 0.10305307805538177, 0.05828077718615532, 0.06027096137404442, 0.0007800557650625706, 0.06900586187839508, 0.06686011701822281, 0.11991193890571594, 0.05790194496512413, 0.07305102795362473, 0.1372937262058258, 0.11436226963996887, 0.12496667355298996, 0.032277025282382965, 0.0054275658912956715, 0.03781053051352501, 0.011066229082643986, 0.024450425058603287, 0.0285799577832222, 0.02172156609594822, 0.06001843139529228, 0.03389855846762657, 0.12335683405399323, 0.0005825296393595636, 0.010054104961454868, 0.05987812578678131, 0.05099396035075188, 0.03995947539806366, 0.006540673319250345, 0.024287056177854538, 0.005598840769380331, 0.031874287873506546, 0.05968116968870163, 0.03110313229262829, 0.027041682973504066, 0.004869356751441956, 0.0007742399466224015, 0.06524889171123505, 0.03521159291267395, 0.0315796323120594, 0.0016513935988768935, 0.128350168466568, 0.12435763329267502, 0.15161211788654327, 0.027513133361935616, 0.07470635324716568, 0.03254038840532303, 0.030823102220892906, 0.07566048949956894, 0.06154479458928108, 0.011692828498780727, 0.04600023850798607, 0.08683803677558899, 0.002332979580387473, 0.061312250792980194, 0.0705093964934349, 0.07353930175304413, 0.047894664108753204, 0.10731068253517151, 0.04582766816020012, 0.0798366367816925]"
F167,"[0.00752948597073555, 0.093459852039814, 0.03892799839377403, 0.0966067761182785, 0.09906281530857086, 0.0669921487569809, 0.01771847903728485, 0.03321871906518936, 0.05143653601408005, 0.0028726959135383368, 0.0029034616891294718, 0.05020197108387947, 0.00015218490443658084, 0.05092775076627731, 0.0412498414516449, 0.11185921728610992, 0.07284035533666611, 0.043583571910858154, 0.04037564992904663, 0.08823801577091217, 0.031897444278001785, 0.023582283407449722, 0.022705700248479843, 0.06878519058227539, 0.07536239922046661, 0.08374947309494019, 0.024497324600815773, 0.0869290679693222, 0.01579766348004341, 0.012933634221553802, 0.023121677339076996, 0.009700546972453594, 0.0052196793258190155, 0.048645827919244766, 0.09475275129079819, 0.014274113811552525, 0.0785091444849968, 0.08349166065454483, 0.05248557776212692, 0.06294497847557068, 0.04819202050566673, 0.0341472290456295, 0.021208954975008965, 0.08304756134748459, 0.006472528912127018, 0.003893021261319518, 0.004094586241990328, 0.06317181885242462, 0.02012590877711773, 0.06861559301614761, 0.07412637770175934, 0.020417330786585808, 0.004934082739055157, 0.0812113955616951, 0.15114323794841766, 0.013088413514196873, 0.023928575217723846, 0.13328738510608673, 0.03266029804944992, 0.05749305337667465, 0.11790502071380615, 0.10310778766870499, 0.07439521700143814, 0.046079013496637344, 0.07577177882194519, 0.03997817263007164, 0.07818789780139923, 0.09735321998596191, 0.03473372384905815, 0.014653248712420464, 0.0249507874250412, 0.06056947633624077, 0.008913715369999409, 0.09893865883350372, 0.017542334273457527, 0.12509585916996002, 0.044486649334430695, 0.018137158825993538, 0.013153188861906528, 0.09760531783103943, 0.04561872035264969, 0.031302858144044876, 0.04171663150191307, 0.10461356490850449, 0.08541186153888702, 0.001129072392359376, 0.011216521263122559, 0.024804426357150078, 0.04358438029885292, 0.051252443343400955, 0.12031818181276321, 0.11537447571754456, 0.04684991016983986, 0.045353081077337265, 0.04428599774837494, 0.007259881589561701, 0.08556050062179565, 0.10491200536489487, 0.07371215522289276, 0.11283297836780548, 0.06009901314973831, 0.05613679066300392, 0.01980314962565899, 0.042654216289520264, 0.05515085160732269, 0.04634421318769455, 0.00027157505974173546, 0.03363873064517975, 0.04987429082393646, 0.0397648848593235, 0.053522150963544846, 0.09775431454181671, 0.037446219474077225, 0.06694488972425461, 0.014710967428982258, 0.033932238817214966, 0.04845002666115761, 0.04144398495554924, 0.12488988786935806, 0.07675496488809586, 0.12848882377147675, 0.00021838427346665412, 0.038976024836301804, 0.01036627683788538, 0.11955461651086807, 0.04106524586677551, 0.02761538326740265, 0.007005686406046152]"
F168,"[0.01482296735048294, 0.09543386101722717, 0.012174122035503387, 0.08214686065912247, 0.03336568921804428, 0.03036436066031456, 0.02955072745680809, 0.036567989736795425, 0.023119401186704636, 0.042286887764930725, 0.04290115460753441, 0.013993529602885246, 0.005784378387033939, 0.040864262729883194, 0.046028684824705124, 0.003675655461847782, 0.08040016144514084, 0.08166557550430298, 0.06567927449941635, 0.07372850924730301, 0.04936908558011055, 0.05342016741633415, 0.02971762605011463, 0.056088224053382874, 0.03658892586827278, 0.08651585876941681, 0.01891857385635376, 0.08848735690116882, 0.10566495358943939, 0.0019472796702757478, 0.0519186407327652, 0.004535893443971872, 0.14903245866298676, 0.05717968940734863, 0.09594909101724625, 0.0509561263024807, 0.08156846463680267, 0.0025931007694453, 0.01689373515546322, 0.06655772030353546, 0.04790830239653587, 0.03279268741607666, 0.05922863632440567, 0.006327070761471987, 0.06470894068479538, 0.08190848678350449, 0.040532246232032776, 0.10434043407440186, 0.01746007800102234, 0.07745809853076935, 0.02268107235431671, 0.046249859035015106, 0.02432825230062008, 0.012448790483176708, 0.0464838407933712, 0.0516236275434494, 0.061632800847291946, 0.027666687965393066, 0.07774534821510315, 0.00368478917516768, 0.09927622973918915, 0.05459599569439888, 0.06921728700399399, 0.01119577419012785, 0.09631943702697754, 0.05996840074658394, 0.06965190917253494, 0.09006419032812119, 0.04523763433098793, 0.06676137447357178, 0.11249937117099762, 0.05434158444404602, 0.035619474947452545, 0.004919272847473621, 0.08380039036273956, 0.048454128205776215, 0.10346073657274246, 0.0021473916713148355, 0.04486288130283356, 0.10385136306285858, 0.029998579993844032, 0.04783998429775238, 0.018490035086870193, 0.049491558223962784, 0.009031904861330986, 0.07200562208890915, 0.02928055264055729, 0.10444685071706772, 0.05123579502105713, 0.06022544205188751, 0.0423084981739521, 0.0034712243359535933, 0.010313260369002819, 0.020633693784475327, 0.04268662631511688, 0.061510343104600906, 0.04762101545929909, 0.030947638675570488, 0.025424661114811897, 0.0465783067047596, 0.017571458593010902, 0.027786334976553917, 0.08558942377567291, 0.10695022344589233, 0.07751421630382538, 0.041387613862752914, 0.026613570749759674, 0.009464239701628685, 0.12144002318382263, 0.04082150757312775, 0.036627527326345444, 0.052602145820856094, 0.06654156744480133, 0.01938547194004059, 0.018171124160289764, 0.08953051269054413, 0.07214359194040298, 0.03283151984214783, 0.03482017666101456, 0.026520565152168274, 0.06086192652583122, 0.03438238054513931, 0.05614915490150452, 0.0031010673847049475, 0.0027829124592244625, 0.020111314952373505, 0.048294275999069214, 0.001507237320765853]"
F169,"[0.03279160335659981, 0.009320111013948917, 0.034609973430633545, 0.05232280492782593, 0.07580631971359253, 0.005153329111635685, 0.10849595814943314, 0.03264738246798515, 0.028488242998719215, 0.0398033931851387, 0.0779210776090622, 0.1185486763715744, 0.03266591578722, 0.15934233367443085, 0.011121523566544056, 0.10441433638334274, 0.04508758336305618, 0.07663632184267044, 0.004010594449937344, 0.003055027686059475, 0.017747316509485245, 0.04358649626374245, 0.00795699842274189, 0.005293150898069143, 0.02570994384586811, 0.048871152102947235, 0.008533806540071964, 0.037354856729507446, 0.03116527758538723, 0.012754888273775578, 0.0181239303201437, 0.06421586871147156, 0.1318545639514923, 0.039816826581954956, 0.027007536962628365, 0.13402387499809265, 0.010217774659395218, 0.02161606401205063, 0.10064733028411865, 0.00963219441473484, 0.09276124089956284, 0.02909308671951294, 0.08925454318523407, 0.09440124034881592, 0.023710479959845543, 0.11122868955135345, 0.01702449657022953, 0.12748968601226807, 0.06011740118265152, 0.0514746829867363, 0.03264999762177467, 0.08345886319875717, 0.1473701149225235, 0.04518776014447212, 0.12435388565063477, 0.02789030224084854, 0.001624852535314858, 0.05686500295996666, 0.007949751801788807, 0.009078467264771461, 0.005518034100532532, 0.0854874923825264, 0.02910647727549076, 0.053731195628643036, 0.003117508487775922, 0.07228145003318787, 0.09595168381929398, 0.12713006138801575, 0.04589799791574478, 0.10105844587087631, 0.11565733700990677, 0.07259316742420197, 0.09269601851701736, 0.05036185309290886, 0.016084205359220505, 0.12437181919813156, 0.09151548892259598, 0.06873730570077896, 0.05807613208889961, 0.006773401517421007, 0.026211565360426903, 0.0479741171002388, 0.03784759342670441, 0.09161721169948578, 0.11463792622089386, 0.034366052597761154, 0.049756523221731186, 0.07281163334846497, 0.036981694400310516, 0.0633140280842781, 0.04357939586043358, 0.041871633380651474, 0.03985189273953438, 0.1457228809595108, 0.03350621089339256, 0.06715082377195358, 0.03223508596420288, 0.04215894266963005, 0.02490321919322014, 0.06175707280635834, 0.09906221926212311, 0.047870054841041565, 0.0012330516474321485, 0.0031537902541458607, 0.030272619798779488, 0.041410185396671295, 0.014695261605083942, 0.03445572406053543, 0.06961984187364578, 0.04736141487956047, 0.02664630487561226, 0.061162009835243225, 0.04507562890648842, 0.08737763017416, 0.07489883899688721, 0.10824602842330933, 0.029248801991343498, 0.0854116827249527, 0.04785982519388199, 0.08341816067695618, 0.11110781133174896, 0.10577753186225891, 0.04117318242788315, 0.0015715527115389705, 0.046110931783914566, 0.09223216027021408, 0.005502935964614153, 0.014822139404714108]"
F170,"[0.06753756105899811, 0.004487472586333752, 0.03142780810594559, 0.028980396687984467, 0.09739270061254501, 0.08528254926204681, 0.011091265827417374, 0.07560596615076065, 0.04250172898173332, 0.05745631828904152, 0.04278415068984032, 0.05167069658637047, 0.07484462112188339, 0.044983815401792526, 0.06383265554904938, 0.039314430207014084, 0.03422539681196213, 0.0038133389316499233, 0.014977277256548405, 0.07259945571422577, 0.098918117582798, 0.03309391438961029, 0.019947262480854988, 0.01270338986068964, 0.01854742504656315, 0.029859378933906555, 0.06826379895210266, 0.09031776338815689, 0.02506457082927227, 0.08378435671329498, 0.10400326550006866, 0.009220469743013382, 0.0678345337510109, 0.08339930325746536, 0.07409203052520752, 0.009894449263811111, 0.045383911579847336, 0.08115991204977036, 0.08614277839660645, 0.011786382645368576, 0.1179502084851265, 0.021876754239201546, 0.04680917412042618, 0.11666461825370789, 0.005174438934773207, 0.004072953946888447, 0.03417389839887619, 0.10212282091379166, 0.055700745433568954, 0.0458587110042572, 0.0418417751789093, 0.06035742908716202, 0.03881705924868584, 0.07044682651758194, 0.023115500807762146, 0.04830557852983475, 0.08839084953069687, 0.03573395684361458, 0.08754489570856094, 0.0948355570435524, 0.03013673797249794, 0.013273157179355621, 0.014431469142436981, 0.03923140466213226, 0.0003885157348122448, 0.043487679213285446, 0.05818917229771614, 0.019968414679169655, 0.021851275116205215, 0.03544725477695465, 0.012860320508480072, 0.07619345933198929, 0.09019488096237183, 0.1183173805475235, 0.007269877474755049, 0.07676401734352112, 0.05978424474596977, 0.07608003169298172, 0.05379491299390793, 0.03524237498641014, 0.050753720104694366, 0.03416680544614792, 0.0659874677658081, 0.009678412228822708, 0.0033965485636144876, 0.0012178282486274838, 0.002749884268268943, 0.06291024386882782, 0.09504897147417068, 0.10494383424520493, 0.07175964117050171, 0.07893946766853333, 0.04750056937336922, 0.046941112726926804, 0.061049934476614, 0.020578185096383095, 0.018974855542182922, 0.009971961379051208, 0.0202625785022974, 0.05062539502978325, 0.051677219569683075, 0.038790490478277206, 0.0352388471364975, 0.08743168413639069, 0.043082524091005325, 0.03281897306442261, 0.01683122105896473, 0.07367341220378876, 0.051210906356573105, 0.027758793905377388, 0.03873218223452568, 0.006838349159806967, 0.00874270312488079, 0.017754558473825455, 0.046452026814222336, 0.05882778391242027, 0.12118104845285416, 0.07676918059587479, 0.01701357029378414, 0.049035314470529556, 0.021419119089841843, 0.011048372834920883, 0.04766406863927841, 0.057672977447509766, 0.09404731541872025, 0.018526680767536163, 0.04922477528452873, 0.05267505347728729]"
F171,"[0.022729482501745224, 0.07991516590118408, 0.03811067342758179, 0.02349703572690487, 0.011599699966609478, 0.07130212336778641, 0.026336317881941795, 0.020717408508062363, 0.02538510411977768, 0.04660209268331528, 0.02894665114581585, 0.05813564732670784, 0.02322109416127205, 0.02029813453555107, 0.030233649536967278, 0.07938777655363083, 0.004659743048250675, 0.07312868535518646, 0.08684378117322922, 0.03187229856848717, 0.030372796580195427, 0.018775714561343193, 0.05731683596968651, 0.03589233383536339, 0.033558189868927, 0.010804470628499985, 0.06784744560718536, 0.06553586572408676, 0.056547582149505615, 0.05088290944695473, 0.02222888544201851, 0.03907541558146477, 0.048011623322963715, 0.020478518679738045, 0.009046636521816254, 0.003747706301510334, 0.028655605390667915, 0.0408252589404583, 0.05999137833714485, 0.04657084867358208, 0.0011636490235105157, 0.0687614306807518, 0.05047814920544624, 0.030729155987501144, 0.011452246457338333, 0.02695544995367527, 0.12927177548408508, 0.07592148333787918, 0.06806398928165436, 0.0037226034328341484, 0.006358950864523649, 0.020445464178919792, 0.006735402159392834, 0.009490535594522953, 0.02432667464017868, 0.02211610972881317, 0.0445265993475914, 0.07414138317108154, 0.05950835719704628, 0.019543256610631943, 0.09047271311283112, 0.006753958761692047, 0.03977212309837341, 0.07260328531265259, 0.043206069618463516, 0.006335998419672251, 0.0033065667375922203, 0.0960390716791153, 0.046512097120285034, 0.09033537656068802, 0.022816546261310577, 0.10784263163805008, 0.11217599362134933, 0.0330364815890789, 0.05770297721028328, 0.05874003469944, 0.00015353626804426312, 0.030360767617821693, 0.0037639408838003874, 0.017768824473023415, 0.013032757677137852, 0.01732596382498741, 0.006024633068591356, 0.11171797662973404, 0.07439473271369934, 0.018532732501626015, 0.08156874775886536, 0.019642241299152374, 0.004688524641096592, 0.005247195716947317, 0.029090652242302895, 0.03575005382299423, 0.0026324233040213585, 0.04576236754655838, 0.09196557849645615, 0.10852252691984177, 0.037525247782468796, 0.01853024773299694, 0.017084956169128418, 0.08437253534793854, 0.04378354921936989, 0.056379783898591995, 0.017861315980553627, 0.02701004222035408, 0.010807609185576439, 0.05513419955968857, 0.04759920760989189, 0.0987698882818222, 0.030925489962100983, 0.09471920132637024, 0.1204441636800766, 0.17209291458129883, 0.027779094874858856, 0.1075669378042221, 0.00276843155734241, 0.0554426833987236, 0.12517090141773224, 0.07932009547948837, 0.04899345338344574, 0.05237767472863197, 0.0609462596476078, 0.042573317885398865, 0.041523732244968414, 0.028339453041553497, 0.09279274940490723, 0.047947511076927185, 0.004046901129186153, 0.01694037765264511]"
F172,"[0.1401907205581665, 0.2561645805835724, 0.1777011603116989, 0.1014588475227356, 0.1731995940208435, 0.010743166320025921, 0.09374385327100754, 0.18752770125865936, 0.19582615792751312, 0.10995999723672867, 0.22215636074543, 0.11772425472736359, 0.11019782721996307, 0.1885203719139099, 0.019769037142395973, 0.07914447039365768, 0.05190800130367279, 0.1263769268989563, 0.06084732338786125, 0.2273106575012207, 0.1047070100903511, 0.19489313662052155, 0.1949838250875473, 0.05969352647662163, 0.06713574379682541, 0.14861157536506653, 0.10999023914337158, 0.07295917719602585, 0.19502127170562744, 0.009412742219865322, 0.013569208793342113, 0.0032765904907137156, 0.04320994392037392, 0.0867914929986, 0.035357579588890076, 0.01595841720700264, 0.1719418317079544, 0.19994017481803894, 0.10496591776609421, 0.004663570784032345, 0.04388801380991936, 0.1047729104757309, 0.08025797456502914, 0.04224270209670067, 0.17471402883529663, 0.22230155766010284, 0.1235220804810524, 0.06020088121294975, 0.06675713509321213, 0.15896396338939667, 0.13203540444374084, 0.15160861611366272, 0.143260657787323, 0.17785145342350006, 0.049776673316955566, 0.05561694875359535, 0.26085636019706726, 0.06553138047456741, 0.05071642994880676, 0.12709543108940125, 0.19613511860370636, 0.10829035937786102, 0.020787229761481285, 0.07223549485206604, 0.06918064504861832, 0.14370547235012054, 0.18736137449741364, 0.04211597517132759, 0.15593619644641876, 0.04509818181395531, 0.1674860566854477, 0.07726535201072693, 0.1689121276140213, 0.027422074228525162, 0.10236776620149612, 0.06553999334573746, 0.1319410800933838, 0.1591620147228241, 0.09975028783082962, 0.1608894169330597, 0.032647185027599335, 0.0806800052523613, 0.19175352156162262, 0.06417994201183319, 0.21477670967578888, 0.18814431130886078, 0.17715159058570862, 0.1576063334941864, 0.16540159285068512, 0.05268830433487892, 0.08168991655111313, 0.0547620952129364, 0.1422753781080246, 0.09189727902412415, 0.14733338356018066, 0.02191554382443428, 0.21729776263237, 0.03397147357463837, 0.160539910197258, 0.07848087698221207, 0.13501735031604767, 0.18409930169582367, 0.020206397399306297, 0.096453458070755, 0.17947570979595184, 0.16007013618946075, 0.171519935131073, 0.17317718267440796, 0.04703531041741371, 0.13363727927207947, 0.032113656401634216, 0.14442110061645508, 0.18805381655693054, 0.2730291783809662, 0.09745489805936813, 0.06154433637857437, 0.03783684968948364, 0.12320880591869354, 0.1153191328048706, 0.1956823468208313, 0.09498971700668335, 0.07177943736314774, 0.1107153594493866, 0.11086346209049225, 0.12603211402893066, 0.22146518528461456, 0.10428856313228607, 0.026492943987250328]"
F173,"[0.072475366294384, 0.026235515251755714, 0.09233426302671432, 0.0650222972035408, 0.023973368108272552, 0.0565105639398098, 0.11123945564031601, 0.019747501239180565, 0.0019901059567928314, 0.1043725535273552, 0.04991728439927101, 0.06581331789493561, 0.05428590252995491, 0.04933430999517441, 0.030143801122903824, 0.03194289654493332, 0.01083531603217125, 0.10288126766681671, 0.010450047440826893, 0.00805789977312088, 0.028542445972561836, 0.11688333004713058, 0.10098710656166077, 0.008692204020917416, 0.013813595287501812, 0.09820139408111572, 0.09735722839832306, 0.1180414929986, 0.14614073932170868, 0.058162376284599304, 0.006197555921971798, 0.13231982290744781, 0.14556172490119934, 0.04165486618876457, 0.056506697088479996, 0.014350139535963535, 0.016168316826224327, 0.0430154874920845, 0.11213884502649307, 0.05688490718603134, 0.012690492905676365, 0.003853287547826767, 0.033217743039131165, 0.14674539864063263, 0.08550895750522614, 0.05999400466680527, 0.08127223700284958, 0.05105484649538994, 0.006823827046900988, 0.10229125618934631, 0.018636764958500862, 0.0399508997797966, 0.00941082276403904, 0.005232703406363726, 0.0024510789662599564, 0.005897941999137402, 0.10034569352865219, 0.030561920255422592, 0.014696289785206318, 0.01420516986399889, 0.060690537095069885, 0.09653790295124054, 0.0018960757879540324, 0.011644359678030014, 0.12285611033439636, 0.05761478841304779, 0.013389810919761658, 0.13065490126609802, 0.1222638413310051, 0.013661354780197144, 0.16026462614536285, 0.04526801034808159, 0.06906338781118393, 0.00772641459479928, 0.04679253324866295, 0.10976625978946686, 0.044021155685186386, 0.015323232859373093, 0.011557291261851788, 0.05704393610358238, 0.008156395517289639, 0.030583707615733147, 0.1582244336605072, 0.02447170577943325, 0.018426503986120224, 0.004237632732838392, 0.031153930351138115, 0.0755678340792656, 0.029639342799782753, 0.010933560319244862, 0.008775090798735619, 0.09249129891395569, 0.001153759309090674, 0.009302492253482342, 0.15108639001846313, 0.0370812714099884, 0.05667455494403839, 0.0930153951048851, 0.0791972205042839, 0.0688319131731987, 0.02270987257361412, 0.04287373274564743, 0.01920326240360737, 0.03530536964535713, 0.054543692618608475, 0.07718883454799652, 0.05843200534582138, 0.11398083716630936, 0.004152308683842421, 0.09671363234519958, 0.046291377395391464, 0.14793556928634644, 0.04131849855184555, 0.16757240891456604, 0.06308836489915848, 0.04399677366018295, 0.06528019905090332, 0.0025508806575089693, 0.06805507093667984, 0.03674440458416939, 0.050460152328014374, 0.05953381583094597, 0.03708028420805931, 0.05588872730731964, 0.031086577102541924, 0.055136196315288544, 0.03219744935631752, 0.04751243442296982]"
F174,"[0.026715122163295746, 0.015569224022328854, 0.02117365039885044, 0.017290640622377396, 0.009442688897252083, 0.018663881346583366, 0.006114177405834198, 0.02594076469540596, 0.02227054536342621, 0.012009556405246258, 0.0030283904634416103, 0.012571967206895351, 0.020199494436383247, 0.0020123112481087446, 0.0035491897724568844, 0.02718752808868885, 0.01139199361205101, 0.007856013253331184, 0.0035950723104178905, 0.006841646041721106, 0.004782144911587238, 0.0021785609424114227, 0.022389743477106094, 0.008456086739897728, 1.1343129699525889e-05, 0.032938890159130096, 0.023339200764894485, 0.01596907153725624, 0.01019535306841135, 0.0014851003652438521, 0.003320635762065649, 0.024691177532076836, 0.020586514845490456, 0.024580081924796104, 0.011827225796878338, 0.013583563268184662, 0.009700603783130646, 0.006703407038003206, 0.011247800663113594, 0.01769551821053028, 0.02148529514670372, 0.014867689460515976, 0.024967454373836517, 0.01762516237795353, 0.007918097078800201, 0.03849567100405693, 0.03333215415477753, 0.01103698555380106, 0.019773906096816063, 0.003315252484753728, 0.023539872840046883, 0.002889849478378892, 0.0031835741829127073, 0.01948867365717888, 0.012897451408207417, 0.0033123004250228405, 3.8258904169197194e-06, 0.026343759149312973, 0.016928894445300102, 0.024727631360292435, 0.020285559818148613, 0.0033225121442228556, 0.013452468439936638, 0.023998772725462914, 0.023700978606939316, 0.029627807438373566, 0.02621583826839924, 0.01794051006436348, 0.01583031378686428, 0.02852785587310791, 0.01587209291756153, 0.00980579387396574, 0.008846638724207878, 0.024434804916381836, 0.0272452924400568, 0.012194035574793816, 0.016788825392723083, 0.009896731935441494, 0.027968524023890495, 0.02671409212052822, 0.007987214252352715, 0.01214505173265934, 0.011479170992970467, 0.017044682055711746, 0.007905381731688976, 0.0029146389570087194, 0.01589043252170086, 0.0018762501422315836, 0.02787596732378006, 0.03648421913385391, 0.041174326092004776, 0.007797361351549625, 0.009853451512753963, 0.005986213218420744, 0.019708115607500076, 0.006502189207822084, 0.011886242777109146, 0.01982973888516426, 0.015674622729420662, 0.013956423848867416, 0.00781745184212923, 0.017683641985058784, 0.01520832534879446, 0.029772603884339333, 0.017250906676054, 0.007643533870577812, 0.022772151976823807, 0.020700128749012947, 0.003404070623219013, 0.024417130276560783, 0.03431179001927376, 0.0023062394466251135, 0.024094391614198685, 0.021153125911951065, 0.007497354410588741, 0.040638960897922516, 0.036277033388614655, 0.02500981278717518, 0.018073974177241325, 0.01159778330475092, 0.023729203268885612, 0.02368227019906044, 0.0005710118566639721, 0.003176305443048477, 0.018776342272758484, 0.021996766328811646, 0.018483953550457954, 0.007833952084183693]"
F175,"[0.0010798665462061763, 0.007594007533043623, 0.019115513190627098, 0.005680752452462912, 0.01099501084536314, 0.007290615234524012, 0.01695403642952442, 0.004116394091397524, 0.005051045678555965, 0.005291775334626436, 0.007903693243861198, 0.003012749832123518, 0.015470086596906185, 0.0014585026074200869, 0.013183039613068104, 0.008562514558434486, 0.009317421354353428, 0.007820535451173782, 0.016268596053123474, 0.01775270141661167, 0.021403340622782707, 0.013476635329425335, 0.00971965305507183, 0.003952163737267256, 0.004033615812659264, 0.009170948527753353, 0.02559303306043148, 0.008323851972818375, 0.011787761934101582, 0.02155693806707859, 0.009470074437558651, 0.0008892730693332851, 0.014995178207755089, 0.0010615052888169885, 0.012462664395570755, 0.009164082817733288, 0.011928836815059185, 0.007815465331077576, 0.002701458288356662, 0.017167434096336365, 0.004990088287740946, 0.012195025570690632, 0.00027557977591641247, 0.0024829816538840532, 0.013911210931837559, 0.008137679658830166, 0.00010103402746608481, 0.0029647802002727985, 0.007157562300562859, 0.008953440934419632, 0.005499057471752167, 0.013941320590674877, 0.00903311837464571, 0.0041857692413032055, 0.018306879326701164, 0.0004441767814569175, 0.005448443815112114, 0.011706531047821045, 0.0001555202907184139, 0.0033725483808666468, 0.017668744549155235, 0.005926902871578932, 0.006509872153401375, 0.023233821615576744, 0.01071032602339983, 0.009493473917245865, 0.009621466509997845, 0.013402578420937061, 0.0054628122597932816, 0.0012945877388119698, 0.009429611265659332, 0.0021604644134640694, 0.0075682089664042, 0.0054380702786147594, 0.012432266026735306, 0.009201525710523129, 0.013458037748932838, 0.009504667483270168, 0.008977373130619526, 0.011135423555970192, 0.021678388118743896, 0.002277393126860261, 0.004521569702774286, 0.0001984367991099134, 0.002922869985923171, 0.022382009774446487, 0.01296910084784031, 0.011013221926987171, 0.0021799500100314617, 0.01745210774242878, 0.01783340610563755, 0.006366460118442774, 0.0036174366250634193, 0.014523548074066639, 0.014238422736525536, 0.0019815205596387386, 0.011788362637162209, 0.012245608493685722, 0.014455046504735947, 0.009868715889751911, 0.021334800869226456, 0.017957156524062157, 0.024108458310365677, 0.0017074132338166237, 0.01835852861404419, 0.01207733154296875, 0.007463410962373018, 0.021867666393518448, 0.014702083542943, 0.005856759380549192, 0.01639559678733349, 0.001268090563826263, 0.010486459359526634, 0.010600795038044453, 0.0034338959958404303, 0.0101776123046875, 0.0029362989589571953, 0.005183447152376175, 0.009483597241342068, 0.006254066247493029, 0.0024825038854032755, 0.0032725955825299025, 0.003949396777898073, 0.00039762520464137197, 0.01300196722149849, 0.010973836295306683, 0.004691416397690773, 0.008301823399960995]"
F176,"[0.035159632563591, 0.020883411169052124, 0.0045120990835130215, 0.020018374547362328, 0.0007525176042690873, 0.019408758729696274, 0.002603847300633788, 0.03954266384243965, 0.05817189812660217, 0.06724333763122559, 0.02631756290793419, 0.057092372328042984, 0.011648857034742832, 0.09291534125804901, 0.06472194939851761, 0.07406174391508102, 0.007079985458403826, 0.009755311533808708, 0.055566225200891495, 0.09199272096157074, 0.0305876936763525, 0.06515654176473618, 0.003073450643569231, 0.1129964217543602, 0.035599686205387115, 0.06943397223949432, 0.08882465213537216, 0.06730695813894272, 0.036241162568330765, 0.01932288147509098, 0.050930868834257126, 0.026905786246061325, 0.03466799855232239, 0.036001212894916534, 0.008078217506408691, 0.003227958222851157, 0.04357677698135376, 0.09350170940160751, 0.03875691816210747, 0.07610850036144257, 0.07963580638170242, 0.003244583262130618, 0.09853516519069672, 0.038742296397686005, 0.014350841753184795, 0.07290241122245789, 0.08590322732925415, 0.0059920731000602245, 0.02453186921775341, 0.029787413775920868, 0.026272837072610855, 0.0159444697201252, 0.018074829131364822, 0.04905429109930992, 0.0147194042801857, 0.02819710597395897, 0.011809054762125015, 0.017989417538046837, 0.026770366355776787, 0.07090795785188675, 0.004386447370052338, 0.01672639325261116, 0.020443379878997803, 0.029766498133540154, 0.00911208987236023, 0.043048590421676636, 0.01640031300485134, 0.020661069080233574, 0.019091250374913216, 0.0025050947442650795, 0.05205812677741051, 0.09650128334760666, 0.08337949216365814, 0.01975846290588379, 0.006849557626992464, 0.06832222640514374, 0.0018088851356878877, 0.09115473926067352, 0.02164037711918354, 0.06478884816169739, 0.03224081173539162, 0.011778720654547215, 0.04641864076256752, 0.09378646314144135, 0.06087322533130646, 0.053870417177677155, 0.04170135408639908, 0.013261512853205204, 0.05686626583337784, 0.01416722871363163, 0.0691845491528511, 0.07867603749036789, 0.01432470977306366, 0.008523212745785713, 0.06348960846662521, 0.05088619515299797, 0.04778684675693512, 0.06384596228599548, 0.08774419128894806, 0.03705770894885063, 0.017959654331207275, 0.04916152358055115, 0.06493695080280304, 0.04256375879049301, 0.08609466254711151, 0.017679641023278236, 0.008815577253699303, 0.07451785355806351, 0.05305802449584007, 0.03964598476886749, 0.07622727006673813, 0.04569387435913086, 0.04249104857444763, 0.05707322806119919, 0.0920681357383728, 0.00355974561534822, 0.006772735621780157, 0.022520914673805237, 0.09009227901697159, 0.07484909892082214, 0.07543639093637466, 0.02661796659231186, 0.052161261439323425, 0.04225838929414749, 0.06338319182395935, 0.07737897336483002, 0.06906353682279587, 0.07718517631292343]"
F177,"[0.028315162286162376, 0.005964042618870735, 0.06515543907880783, 0.02239355258643627, 0.05652632936835289, 0.14416639506816864, 0.10361131280660629, 0.05754215642809868, 0.02779029868543148, 0.014059863984584808, 0.076670341193676, 0.023059291765093803, 0.05495114251971245, 0.09015338122844696, 0.05832325294613838, 0.02798670344054699, 0.09094744175672531, 0.028918486088514328, 0.09079468250274658, 0.09714804589748383, 0.07986687123775482, 0.062410175800323486, 0.04539160057902336, 0.02663245238363743, 0.02249758131802082, 0.15391811728477478, 0.0799437016248703, 0.08069516718387604, 0.03961567208170891, 0.05275504291057587, 0.00680607371032238, 0.0037342477589845657, 0.04057585448026657, 0.10647989809513092, 0.1272008866071701, 0.10715163499116898, 0.1860552281141281, 0.1417694389820099, 0.008389604277908802, 0.040320318192243576, 0.0753440335392952, 0.12565673887729645, 0.02302154339849949, 0.004855934996157885, 0.09855008870363235, 0.1799704134464264, 0.03232232481241226, 0.17186272144317627, 0.07216116040945053, 0.01571364514529705, 0.15770873427391052, 0.1436135321855545, 0.09437502175569534, 0.05527995526790619, 0.09326272457838058, 0.03800993785262108, 0.06557212024927139, 0.04608617350459099, 0.07181724160909653, 0.05952376127243042, 0.11793646961450577, 0.015898527577519417, 0.013949583284556866, 0.03065105341374874, 0.008694068528711796, 0.09454414993524551, 0.10973373800516129, 0.030984332785010338, 0.03086249530315399, 0.031578999012708664, 0.026661919429898262, 0.005686497315764427, 0.06983010470867157, 0.13147567212581635, 0.007498442195355892, 0.10931194573640823, 0.014107145369052887, 0.11903543025255203, 0.040962714701890945, 0.004031320568174124, 0.029703615233302116, 0.13127875328063965, 0.06339690089225769, 0.05163219943642616, 0.045099060982465744, 0.09904307872056961, 0.14233246445655823, 0.012835214845836163, 0.11216526478528976, 0.027671799063682556, 0.08480712026357651, 0.007852047681808472, 0.0885879397392273, 0.02815282717347145, 0.014470182359218597, 0.060234107077121735, 0.1393042951822281, 0.023123029619455338, 0.05231862515211105, 0.057699475437402725, 0.08735120296478271, 0.15266893804073334, 0.003071821993216872, 0.10786723345518112, 0.10311346501111984, 0.03679455816745758, 0.06250790506601334, 0.03746410086750984, 0.02222333662211895, 0.05921177193522453, 0.10394946485757828, 0.09127573668956757, 0.01825510896742344, 0.11613134294748306, 0.09989475458860397, 0.08279716223478317, 0.039338018745183945, 0.009134091436862946, 0.059192512184381485, 0.03799693286418915, 0.03914662078022957, 0.05524393543601036, 0.10577832907438278, 0.0572698712348938, 0.056359101086854935, 0.09846525639295578, 0.13762842118740082, 0.09168152511119843]"
F178,"[0.15089789032936096, 0.12406045943498611, 0.17834870517253876, 0.23441855609416962, 0.12676213681697845, 0.07946384698152542, 0.09221095591783524, 0.062011029571294785, 0.20126144587993622, 0.25416693091392517, 0.05004469305276871, 0.19612494111061096, 0.12066161632537842, 0.16048474609851837, 0.007992149330675602, 0.07155769318342209, 0.08427995443344116, 0.1463029533624649, 0.09712038189172745, 0.14466609060764313, 0.005202054511755705, 0.2270352989435196, 0.06051245331764221, 0.03221295028924942, 0.06423310935497284, 0.04340338706970215, 0.14747610688209534, 0.16479544341564178, 0.14237990975379944, 0.2197393774986267, 0.023799162358045578, 0.10664068907499313, 0.10193236917257309, 0.13383576273918152, 0.043104302138090134, 0.01969490759074688, 0.20913119614124298, 0.1641853302717209, 0.08667705208063126, 0.014663445763289928, 0.07005085796117783, 0.16784004867076874, 0.12714502215385437, 0.06634247303009033, 0.015380868688225746, 0.17973420023918152, 0.0840863287448883, 0.17031709849834442, 0.13175392150878906, 0.2026188224554062, 0.06054266169667244, 0.12441422790288925, 0.03326908499002457, 0.13383887708187103, 0.08523049205541611, 0.07731589674949646, 0.2619442641735077, 0.18237538635730743, 0.05827692151069641, 0.058176491409540176, 0.17427827417850494, 0.03498978912830353, 0.04826238006353378, 0.12369381636381149, 0.09216897189617157, 0.135081484913826, 0.050608035176992416, 0.056879203766584396, 0.07178902626037598, 0.11110425740480423, 0.178193137049675, 0.1385425180196762, 0.1951189786195755, 0.12639112770557404, 0.08498147130012512, 0.11957431584596634, 0.1596820205450058, 7.00829696143046e-05, 0.0019085837993770838, 0.24292230606079102, 0.17571885883808136, 0.2661305069923401, 0.2868221402168274, 0.17052333056926727, 0.18364377319812775, 0.027016300708055496, 0.15080714225769043, 0.15595516562461853, 0.2671375572681427, 0.019437503069639206, 0.14299359917640686, 0.17420266568660736, 0.04609701782464981, 0.18725794553756714, 0.1588207334280014, 0.06421808153390884, 0.09053705632686615, 0.19715513288974762, 0.13918301463127136, 0.013686664402484894, 0.06725308299064636, 0.2541590631008148, 0.01732613891363144, 0.24661296606063843, 0.13399526476860046, 0.24921438097953796, 0.13194352388381958, 0.15212246775627136, 0.04414406418800354, 0.11375895142555237, 0.10445447266101837, 0.07117985188961029, 0.14474889636039734, 0.23615910112857819, 0.1787041276693344, 0.10613513737916946, 0.04467615485191345, 0.14440177381038666, 0.1517166644334793, 0.14481018483638763, 0.017968839034438133, 0.16246657073497772, 0.19327056407928467, 0.03677074611186981, 0.22457553446292877, 0.21543753147125244, 0.1901874542236328, 0.09954600036144257]"
F179,"[0.1483744978904724, 0.22449365258216858, 0.1885429322719574, 0.2418583333492279, 0.053989965468645096, 0.21858298778533936, 0.08399809151887894, 0.18984700739383698, 0.08786004781723022, 0.07655095309019089, 0.17817039787769318, 0.21206915378570557, 0.05552582070231438, 0.2559381127357483, 0.11253237724304199, 0.020926550030708313, 0.03828833997249603, 0.13249565660953522, 0.048852648586034775, 0.25785714387893677, 0.2090684473514557, 0.08669427782297134, 0.19852858781814575, 0.07309913635253906, 0.09186968952417374, 0.14772172272205353, 0.24680456519126892, 0.07973844558000565, 0.2832892835140228, 0.026881109923124313, 0.17311909794807434, 0.1810382604598999, 0.10199809819459915, 0.14290544390678406, 0.002400209428742528, 0.06958794593811035, 0.11876790225505829, 0.12689228355884552, 0.18853241205215454, 0.007075727917253971, 0.029255341738462448, 0.162075474858284, 0.17804571986198425, 0.1839400827884674, 0.10059893131256104, 0.10247227549552917, 0.1337030827999115, 0.053484104573726654, 0.1197139248251915, 0.08482668548822403, 0.10259959846735, 0.08592087030410767, 0.09095226973295212, 0.0828077644109726, 0.10769827663898468, 0.23259946703910828, 0.2739224433898926, 0.23521827161312103, 0.12410759925842285, 0.14713631570339203, 0.20727171003818512, 0.21208308637142181, 0.12075081467628479, 0.03925943002104759, 0.21262355148792267, 0.15908236801624298, 0.08384489268064499, 0.15883490443229675, 0.07602153718471527, 0.17005470395088196, 0.06424721330404282, 0.13828764855861664, 0.10522454977035522, 0.026413261890411377, 0.17008067667484283, 0.10463039577007294, 0.17502081394195557, 0.19220462441444397, 0.07121644914150238, 0.06288625299930573, 0.15071411430835724, 0.21378247439861298, 0.22677315771579742, 0.12859301269054413, 0.16405430436134338, 0.1316749006509781, 0.10264009237289429, 0.05652640014886856, 0.1401674598455429, 0.03884932026267052, 0.12221485376358032, 0.1712401658296585, 0.14744682610034943, 0.2536246180534363, 0.20529797673225403, 0.02443019114434719, 0.22698122262954712, 0.03411291539669037, 0.1618313491344452, 0.10841867327690125, 0.09011407196521759, 0.19666296243667603, 0.1325240582227707, 0.2581992447376251, 0.1022610068321228, 0.23048946261405945, 0.05188889056444168, 0.2027309089899063, 0.2329396903514862, 0.08140472322702408, 0.018387630581855774, 0.04307561367750168, 0.16266189515590668, 0.2111964374780655, 0.2197309136390686, 0.02965301088988781, 0.14428026974201202, 0.15276648104190826, 0.17355665564537048, 0.07790902256965637, 0.051067184656858444, 0.18821722269058228, 0.26664140820503235, 0.1132374182343483, 0.1594260334968567, 0.22704355418682098, 0.08726165443658829, 0.06139884889125824]"
F180,"[0.005794300232082605, 0.04069214314222336, 0.020495954900979996, 0.022532876580953598, 0.05564700439572334, 0.00771039305254817, 0.014717151410877705, 0.006981960032135248, 0.019175365567207336, 0.04631185159087181, 0.032792314887046814, 0.03499514237046242, 0.01940261572599411, 0.04082909971475601, 0.12074986100196838, 0.05879799276590347, 0.10280334949493408, 0.03761326149106026, 0.018758727237582207, 0.060342296957969666, 0.03142956644296646, 0.05843072757124901, 0.0300523079931736, 0.06941976398229599, 0.04576810076832771, 0.02727985940873623, 0.022532198578119278, 0.01732751354575157, 0.002305836882442236, 0.05626599118113518, 0.06508026272058487, 0.0517343170940876, 0.0341813750565052, 0.044434335082769394, 0.09687379002571106, 0.00048531097127124667, 0.05540725588798523, 0.04614110291004181, 0.047344911843538284, 0.10303273797035217, 0.06255961209535599, 0.04022445157170296, 0.1121888980269432, 0.03315244987607002, 0.09125642478466034, 0.02992347814142704, 0.008932095021009445, 0.07715499401092529, 0.029007891193032265, 0.03556390851736069, 0.0978904440999031, 0.017662961035966873, 0.013895628042519093, 0.033348944038152695, 0.024292660877108574, 0.08595175296068192, 0.03937636315822601, 0.06249315291643143, 0.026354828849434853, 0.02776537835597992, 0.04022533446550369, 0.018924860283732414, 0.000621615385171026, 0.06090625748038292, 0.048051513731479645, 0.0063211447559297085, 0.03405921533703804, 0.03979094326496124, 0.07625281810760498, 0.02763928472995758, 0.08456273376941681, 0.007313186302781105, 0.06577688455581665, 0.04701223596930504, 0.027277812361717224, 0.05036443471908569, 0.02606607973575592, 0.0785563662648201, 0.03620654717087746, 0.004105220548808575, 0.05982139706611633, 0.004183037672191858, 0.057162217795848846, 0.06011442467570305, 0.018370799720287323, 0.020377131178975105, 0.0017701437463983893, 0.07048556953668594, 0.10789788514375687, 0.04191196337342262, 0.021605048328638077, 0.02758786454796791, 0.03989456221461296, 0.01212200429290533, 0.08639150857925415, 0.08278773725032806, 0.05262221768498421, 0.012580745853483677, 0.034871961921453476, 0.03922232985496521, 0.026018932461738586, 0.06522499769926071, 0.0011570424539968371, 0.01111001055687666, 0.035324450582265854, 0.02433181181550026, 0.04212944209575653, 0.006411532871425152, 0.05559399724006653, 0.02384190447628498, 0.026153234764933586, 0.05764921009540558, 0.08386669307947159, 0.006334076635539532, 0.013358949683606625, 0.015333187766373158, 0.0035523620899766684, 0.047409866005182266, 0.05132121220231056, 0.0698033943772316, 0.07476335018873215, 0.03873586654663086, 0.07205832749605179, 0.02589239925146103, 0.050106968730688095, 0.10653090476989746, 0.06084488704800606, 0.0855339840054512]"
F181,"[0.06472130864858627, 0.045548416674137115, 0.05423419550061226, 0.09283945709466934, 0.03306560963392258, 0.0714532658457756, 0.037241797894239426, 0.0920281708240509, 0.006481382064521313, 0.10046108812093735, 0.01619076542556286, 0.03832172974944115, 0.04339387267827988, 0.025284405797719955, 0.024866482242941856, 0.09151642769575119, 0.0645575299859047, 0.045196015387773514, 0.08792108297348022, 0.12305009365081787, 0.006176266819238663, 0.073478102684021, 0.054729755967855453, 0.03030947782099247, 0.02038828656077385, 0.017910946160554886, 0.009115641005337238, 0.09618590772151947, 0.012102928943932056, 0.022458933293819427, 0.02204102836549282, 0.023458240553736687, 0.07656543701887131, 0.029902096837759018, 0.005388292018324137, 0.019636211916804314, 0.029687127098441124, 0.014784748665988445, 0.05019725114107132, 0.12490053474903107, 0.021264061331748962, 0.07866966724395752, 0.023694589734077454, 0.023280072957277298, 0.019258828833699226, 0.0631854459643364, 8.638520375825465e-05, 0.06322067230939865, 0.03154595568776131, 0.05948004499077797, 0.01614936999976635, 0.022499646991491318, 0.002976149320602417, 0.05272301286458969, 0.024448266252875328, 0.03945793956518173, 0.035434309393167496, 0.040495771914720535, 0.06383007764816284, 0.09888365119695663, 0.08302617818117142, 0.061988715082407, 0.020873909816145897, 0.031652841717004776, 0.06049933284521103, 0.07833254337310791, 0.022053852677345276, 0.09880691766738892, 0.02851337008178234, 0.023787613958120346, 0.010963563807308674, 0.034588828682899475, 0.05854053795337677, 0.05933263525366783, 0.015554039739072323, 0.08406095951795578, 0.05346730723977089, 0.038815319538116455, 0.04807625338435173, 0.04935019463300705, 0.0648922249674797, 0.054813776165246964, 0.10410434007644653, 0.0371834859251976, 0.018677184358239174, 0.06192605569958687, 0.033258531242609024, 0.0840415433049202, 0.08814641833305359, 0.039665497839450836, 0.02405104786157608, 0.08530808240175247, 0.06799130886793137, 0.07465443760156631, 0.007475658319890499, 0.03065957874059677, 0.04797385632991791, 0.049953799694776535, 0.08707666397094727, 0.05049462988972664, 0.059096358716487885, 0.001997464569285512, 0.007181775756180286, 0.010480167344212532, 0.09288279712200165, 0.05604792386293411, 0.0969519317150116, 0.012218846008181572, 0.003392348764464259, 0.039334580302238464, 0.09881702810525894, 0.11393146961927414, 0.07447390258312225, 0.09900275617837906, 0.0435330793261528, 0.0261443629860878, 0.044120777398347855, 0.0025497041642665863, 0.025009874254465103, 0.0025131097063422203, 0.005718157161027193, 0.0005506752640940249, 0.007369012571871281, 0.06211969628930092, 0.07604314386844635, 0.024430597200989723, 0.024249546229839325, 0.01973639987409115]"
F182,"[0.24199748039245605, 0.09742086380720139, 0.0975203812122345, 0.13380375504493713, 0.13208501040935516, 0.051434434950351715, 0.11782296746969223, 0.1155182272195816, 0.20250488817691803, 0.20904994010925293, 0.2059861421585083, 0.19991101324558258, 0.13414697349071503, 0.13225573301315308, 0.03946133702993393, 0.013516214676201344, 0.019752906635403633, 0.056119151413440704, 0.11134254932403564, 0.14579162001609802, 0.004819827154278755, 0.10872403532266617, 0.04610323905944824, 0.04425954073667526, 0.08690712600946426, 0.09178835898637772, 0.08638225495815277, 0.11752435564994812, 0.15010926127433777, 0.030526308342814445, 0.16651442646980286, 0.17586515843868256, 0.1477106213569641, 0.15562249720096588, 0.027439745143055916, 0.04477215185761452, 0.14131733775138855, 0.2091883271932602, 0.02186208963394165, 0.07422233372926712, 0.037123363465070724, 0.1651705503463745, 0.12135125696659088, 0.09554070979356766, 0.045286647975444794, 0.08282139897346497, 0.0880710631608963, 0.01568482629954815, 0.10089362412691116, 0.056488409638404846, 0.12973237037658691, 0.11426814645528793, 0.1538773477077484, 0.1564663201570511, 0.003813859773799777, 0.10089428722858429, 0.16310061514377594, 0.16068017482757568, 0.15729035437107086, 0.19304989278316498, 0.14741437137126923, 0.09307017177343369, 0.04165824502706528, 0.14463718235492706, 0.18293632566928864, 0.06187589466571808, 0.07994737476110458, 0.13491752743721008, 0.20601405203342438, 0.06488794833421707, 0.0685175433754921, 0.10910244286060333, 0.13465029001235962, 0.09928691387176514, 0.10742008686065674, 0.05754212290048599, 0.019055312499403954, 0.1281103789806366, 0.13150103390216827, 0.17468422651290894, 0.02367001585662365, 0.20032167434692383, 0.20624558627605438, 0.03455205634236336, 0.10651011019945145, 0.11702951788902283, 0.051892414689064026, 0.012533826753497124, 0.07406723499298096, 0.09015631675720215, 0.06636903434991837, 0.16740359365940094, 0.08210993558168411, 0.0387442409992218, 0.16643664240837097, 0.01679641753435135, 0.05977499485015869, 0.03144213184714317, 0.12633953988552094, 0.16411542892456055, 0.1147032156586647, 0.18280766904354095, 0.12370069324970245, 0.18973508477210999, 0.13018544018268585, 0.06611417233943939, 0.20779335498809814, 0.04703989252448082, 0.09851858019828796, 0.1172834038734436, 0.0004281479341443628, 0.15768489241600037, 0.09268759191036224, 0.12533064186573029, 0.05524406582117081, 0.05922938883304596, 0.03399277478456497, 0.07788694649934769, 0.04447908326983452, 0.1835869550704956, 0.1064627468585968, 0.09683165699243546, 0.02992088906466961, 0.05742056295275688, 0.03337202966213226, 0.14800532162189484, 0.09287995845079422, 0.06963057070970535]"
F183,"[0.10644510388374329, 0.13433489203453064, 0.008847813121974468, 0.1076522171497345, 0.0854351595044136, 0.013617847114801407, 0.052172914147377014, 0.04523506015539169, 0.10337292402982712, 0.02440001629292965, 0.04271487519145012, 0.04923592135310173, 0.03549908101558685, 0.06260423362255096, 0.021866988390684128, 0.06450733542442322, 0.0074890730902552605, 0.0695587620139122, 0.0563029870390892, 0.05472712591290474, 0.06081261485815048, 0.05694345012307167, 0.023159047588706017, 0.029424285516142845, 0.09282277524471283, 0.1227172315120697, 0.05406259372830391, 0.046490736305713654, 0.05510547757148743, 0.033414434641599655, 0.10047561675310135, 0.08277031034231186, 0.07619461417198181, 0.1136724054813385, 0.002291991375386715, 0.04907204210758209, 0.013299984857439995, 0.1189623475074768, 0.014687739312648773, 0.12259507179260254, 0.034804876893758774, 0.07209506630897522, 0.022072553634643555, 0.11118248850107193, 0.10818836838006973, 0.00503064040094614, 0.003232915187254548, 0.07592954486608505, 0.039498113095760345, 0.040892161428928375, 0.04371083527803421, 0.040387265384197235, 0.008411332964897156, 0.022118685767054558, 0.05552337318658829, 0.07357730716466904, 0.019612781703472137, 0.020234426483511925, 0.03800690174102783, 0.12634339928627014, 0.10073187947273254, 0.06225930154323578, 0.12615811824798584, 0.056297481060028076, 0.04855920001864433, 0.00942351296544075, 0.12067948281764984, 0.05399828404188156, 0.041752737015485764, 0.05878930911421776, 0.09871399402618408, 0.04436269402503967, 0.019046315923333168, 0.021983787417411804, 0.11587441712617874, 0.07560111582279205, 0.013719726353883743, 0.06981368362903595, 0.04676690325140953, 0.13276943564414978, 0.04492124170064926, 0.04115833714604378, 0.11613964289426804, 0.027009250596165657, 0.011024745181202888, 0.02920883148908615, 0.07828334718942642, 0.03171171620488167, 0.007007894571870565, 0.00814700685441494, 0.010173147544264793, 0.09866327792406082, 0.045131634920835495, 0.0958419069647789, 0.07805967330932617, 0.04344937950372696, 0.06764321774244308, 0.04467657580971718, 0.060986846685409546, 0.04733601585030556, 0.00011759846529457718, 0.07321225106716156, 0.06718073040246964, 0.00951460562646389, 0.02961883507668972, 0.0609561912715435, 0.0222987812012434, 0.10650795698165894, 0.04019308090209961, 0.039751727133989334, 0.07375320792198181, 0.019162479788064957, 0.03268778696656227, 0.13855905830860138, 0.03913136199116707, 0.06792382895946503, 0.037147264927625656, 0.03823985159397125, 0.030306795611977577, 0.04456301033496857, 0.02760845050215721, 0.10018811374902725, 0.019655046984553337, 0.11086812615394592, 0.060286734253168106, 0.1548861861228943, 0.04777674376964569, 0.01684926636517048]"
F184,"[0.006856284569948912, 0.027821669355034828, 0.01126768160611391, 0.046207573264837265, 0.028083955869078636, 0.011306749656796455, 0.010457473807036877, 0.008525857701897621, 0.01966552808880806, 0.005671503953635693, 0.01969471201300621, 0.04103062301874161, 0.009134449996054173, 0.010316332802176476, 0.0742160975933075, 0.001526430482044816, 0.033655740320682526, 0.02704639919102192, 0.03367524966597557, 0.017355164512991905, 0.011836100369691849, 0.011412270367145538, 0.03196362406015396, 0.00964969489723444, 0.025745710358023643, 0.007107911165803671, 0.004015994258224964, 0.0298966895788908, 0.027589034289121628, 0.026268640533089638, 0.016675977036356926, 0.009770913980901241, 0.031228376552462578, 0.02704758755862713, 0.036225978285074234, 0.027988718822598457, 0.015558918006718159, 0.007637737784534693, 0.01877717114984989, 0.00933929905295372, 0.010353194549679756, 0.007424900773912668, 0.009537741541862488, 0.025972792878746986, 0.0033305808901786804, 0.014846770092844963, 0.044071950018405914, 0.006886115297675133, 0.015427488833665848, 0.051239363849163055, 0.03772501274943352, 0.004022906068712473, 0.040053170174360275, 0.03015519492328167, 0.00471312552690506, 0.012372494675219059, 0.0459757037460804, 0.038432538509368896, 0.02660675346851349, 0.00820427481085062, 0.024360157549381256, 0.020843276754021645, 0.01789497211575508, 0.012856360524892807, 0.052444323897361755, 0.049774326384067535, 0.012395434081554413, 0.03725402057170868, 0.018649838864803314, 0.02243068628013134, 0.005716489162296057, 0.014085755683481693, 0.020897867158055305, 0.0230130422860384, 0.053767163306474686, 0.009313639253377914, 0.04743468761444092, 0.03716189041733742, 0.00596853531897068, 0.024384083226323128, 0.01523924432694912, 0.022696850821375847, 0.050333719700574875, 0.044627845287323, 0.04463363066315651, 0.033973608165979385, 0.023294609040021896, 0.014012356288731098, 0.028268497437238693, 0.016371941193938255, 0.036535825580358505, 0.022858627140522003, 0.0245132427662611, 0.00431789318099618, 0.016956236213445663, 0.03631143271923065, 0.039784155786037445, 0.021484127268195152, 0.059561293572187424, 0.011715970933437347, 0.006016779690980911, 0.0008490004111081362, 0.027532894164323807, 0.036790914833545685, 0.010089791379868984, 0.024526888504624367, 0.0347759909927845, 0.02982337400317192, 0.01978357508778572, 0.007464792113751173, 0.014100703410804272, 0.006790029350668192, 0.022100532427430153, 0.00983016099780798, 0.0022484648507088423, 0.03936752304434776, 0.04568984732031822, 0.01811947487294674, 0.040434565395116806, 0.016212426126003265, 0.03100714460015297, 0.01741858571767807, 0.025851808488368988, 0.007336420007050037, 0.024894071742892265, 0.00692439079284668, 0.03427252173423767, 0.008074790239334106]"
F185,"[0.01685420610010624, 0.00724152522161603, 0.018723979592323303, 0.015509208664298058, 0.009983512572944164, 0.025984855368733406, 0.029872853308916092, 0.009938583709299564, 0.00277557410299778, 0.01782170869410038, 0.013220622204244137, 0.0032180396374315023, 0.022108066827058792, 0.01863885670900345, 0.014535735361278057, 0.02150479517877102, 0.023994576185941696, 0.0006953331176191568, 0.01260087639093399, 0.015984157100319862, 0.005655928049236536, 0.01025427971035242, 0.0004753684042952955, 0.037176791578531265, 0.03465040400624275, 0.0013185671996325254, 0.006571062840521336, 0.0020776623860001564, 0.003829730674624443, 0.008512620814144611, 0.027877241373062134, 0.01770954020321369, 0.008694354444742203, 0.011285681277513504, 0.003986312076449394, 0.010960271582007408, 0.01507924310863018, 0.017300762236118317, 0.0262103583663702, 0.042472753673791885, 0.00017376075265929103, 0.03453145548701286, 0.0013218672247603536, 0.031684812158346176, 0.012850566767156124, 0.005943227093666792, 0.009109076112508774, 0.019799914211034775, 0.016710374504327774, 0.0025443192571401596, 0.024623924866318703, 0.01121421717107296, 0.02349858172237873, 0.025600485503673553, 0.011917974799871445, 0.008872414007782936, 0.012226172722876072, 0.005227367393672466, 0.0005607462371699512, 0.03394898772239685, 0.02675751782953739, 0.012597224675118923, 0.03180810436606407, 0.012396520003676414, 0.010647166520357132, 0.036549121141433716, 0.013841132633388042, 0.02350785955786705, 0.0025986621621996164, 0.03434514254331589, 0.014695472083985806, 0.027608957141637802, 0.0027608349919319153, 0.011478654108941555, 0.026871228590607643, 0.006030342075973749, 0.003784169675782323, 0.02508777752518654, 0.02749321609735489, 0.022978398948907852, 0.002663782797753811, 0.016879776492714882, 0.01814073882997036, 0.02471388690173626, 0.016908520832657814, 0.005269819870591164, 0.013977233320474625, 0.0027532828971743584, 0.019152695313096046, 0.022505372762680054, 0.011132641695439816, 0.008331055752933025, 0.006406653206795454, 0.025557849556207657, 0.0164509117603302, 0.005514208693057299, 0.01467063743621111, 0.02235385775566101, 0.02357596531510353, 0.030671976506710052, 0.003231352660804987, 0.0037894733250141144, 0.03815506771206856, 0.007895858027040958, 0.002713496331125498, 0.010918528772890568, 0.030186932533979416, 0.01753212697803974, 0.012179890647530556, 0.020850468426942825, 0.02406858094036579, 0.019680669531226158, 0.006306004710495472, 0.006211527157574892, 0.016772640869021416, 0.011930789798498154, 0.028596166521310806, 0.028400685638189316, 0.016213582828640938, 0.022583885118365288, 0.01813269779086113, 0.01602482981979847, 0.008842230774462223, 0.034212734550237656, 0.012263067066669464, 0.007265562657266855, 0.011336729861795902, 0.006719582248479128]"
F186,"[0.09999123960733414, 0.10914810746908188, 0.006840649526566267, 0.04778279736638069, 0.07862935215234756, 0.011223893612623215, 0.010802483186125755, 0.09114129096269608, 0.01566476747393608, 0.02882790006697178, 0.02010084129869938, 0.10019742697477341, 0.011712774634361267, 0.020990556105971336, 0.02097243443131447, 0.09701318293809891, 0.0081036277115345, 0.04848943650722504, 0.04379212483763695, 0.008323512971401215, 0.05385608226060867, 0.09397122263908386, 0.05888707563281059, 0.04724806174635887, 0.11809220910072327, 0.0974804162979126, 0.06043609604239464, 0.014552243985235691, 0.009533318690955639, 0.034750696271657944, 0.015215062536299229, 0.06449452042579651, 0.08424390852451324, 0.06874173134565353, 0.08729412406682968, 0.09042187035083771, 0.03426150605082512, 0.035468462854623795, 0.0870235413312912, 0.061863191425800323, 0.05831931531429291, 0.031705912202596664, 0.03389395773410797, 0.018814053386449814, 0.050094861537218094, 0.023147892206907272, 0.045863717794418335, 0.013276437297463417, 0.10663513839244843, 0.03204066678881645, 0.02355102077126503, 0.01347114983946085, 0.012685292400419712, 0.0787663608789444, 0.05320490524172783, 0.10729654133319855, 0.017613014206290245, 0.07284168899059296, 0.009126298129558563, 0.10345274209976196, 0.07248503714799881, 0.046346914023160934, 0.059308696538209915, 0.023081708699464798, 0.029212402179837227, 0.0441201888024807, 0.059756286442279816, 0.01732897385954857, 0.0002555588725954294, 0.006643152330070734, 0.04075738415122032, 0.03972659260034561, 0.005256172269582748, 0.10087782889604568, 0.10132911056280136, 0.0054340180940926075, 0.03190171718597412, 0.010276498273015022, 0.004652770701795816, 0.0691264420747757, 0.09367303550243378, 0.08367903530597687, 0.059923239052295685, 0.015083287842571735, 0.04817222058773041, 0.031303513795137405, 0.05643375962972641, 0.03955627977848053, 0.010220790281891823, 0.07178914546966553, 0.016808418557047844, 0.025275902822613716, 0.028804492205381393, 0.049929987639188766, 0.06237885355949402, 0.06441255658864975, 0.029840001836419106, 0.06271417438983917, 0.04243205860257149, 0.0061259581707417965, 0.026225337758660316, 0.07525967061519623, 0.06891739368438721, 0.021940166130661964, 0.007103645708411932, 0.031868480145931244, 0.12272848188877106, 0.061573803424835205, 0.04235593602061272, 0.035985514521598816, 0.0072258831933140755, 0.004521287512034178, 0.01373704057186842, 0.07169503718614578, 0.0654749944806099, 0.04019133746623993, 0.03140067309141159, 0.05001502484083176, 0.030133292078971863, 0.026508325710892677, 0.06431445479393005, 0.02529189921915531, 0.042274799197912216, 0.010679095983505249, 0.007411971688270569, 0.08973850309848785, 0.08192266523838043, 0.03653653711080551]"
F187,"[0.06880457699298859, 0.08501562476158142, 0.019241899251937866, 0.11177574843168259, 0.008994010277092457, 0.023406438529491425, 0.0022599240764975548, 0.06689564883708954, 0.033377066254615784, 0.03199001029133797, 0.0349985808134079, 0.07081585377454758, 0.08206377923488617, 0.12330588698387146, 0.025202278047800064, 0.031078923493623734, 0.035170551389455795, 0.08074594289064407, 0.04544573649764061, 0.0570933036506176, 0.012970253825187683, 0.03261498361825943, 0.09736786782741547, 0.06351279467344284, 0.03886111453175545, 0.044394392520189285, 0.028425125405192375, 0.003867672523483634, 0.04621315002441406, 0.02519484981894493, 0.06689205765724182, 0.0003771748743019998, 0.0010897538159042597, 0.024769138544797897, 0.04190586507320404, 0.022274861112236977, 0.0720290020108223, 0.030291013419628143, 0.07798682153224945, 0.008308574557304382, 0.026470759883522987, 0.016405386850237846, 0.016618549823760986, 0.012008232064545155, 0.048658620566129684, 0.048280179500579834, 0.02873462438583374, 0.07393889129161835, 0.001502137747593224, 0.04367963224649429, 0.014465494081377983, 0.06295718252658844, 0.02892429195344448, 0.02088283747434616, 0.06258262693881989, 0.11908210068941116, 0.14780710637569427, 0.026994554325938225, 0.09598834812641144, 0.07813509553670883, 0.039440542459487915, 0.028436794877052307, 0.028405435383319855, 0.0924956351518631, 0.04171784967184067, 0.0013340255245566368, 0.01282937079668045, 0.029895853251218796, 0.0008089058101177216, 0.025600705295801163, 0.011488554067909718, 0.03039856255054474, 0.03774638846516609, 0.06352987885475159, 0.02251286245882511, 0.0443110428750515, 0.011348150670528412, 0.08749373257160187, 0.037007153034210205, 0.0338040255010128, 0.049539513885974884, 0.10303010046482086, 0.038364652544260025, 0.0359589084982872, 0.03555877506732941, 0.017104554921388626, 0.04137358441948891, 0.008937998674809933, 0.0475706122815609, 0.01784050092101097, 0.010661246255040169, 0.11444823443889618, 0.019502362236380577, 0.012451269663870335, 0.09700001031160355, 0.024202028289437294, 0.008361585438251495, 0.05123022571206093, 0.06970112025737762, 0.06552417576313019, 0.10448281466960907, 0.13862541317939758, 0.06459678709506989, 0.027302104979753494, 0.030426908284425735, 0.05122411623597145, 0.0077446335926651955, 0.005337997805327177, 0.02022436261177063, 0.08075356483459473, 0.004557801876217127, 0.016126057133078575, 0.05544224753975868, 0.04149170592427254, 0.09891004860401154, 0.042864225804805756, 0.016324009746313095, 0.037947751581668854, 0.012466891668736935, 0.0007092170417308807, 0.012719439342617989, 0.056687816977500916, 0.05061782896518707, 0.05024676024913788, 0.012195566669106483, 0.0255903210490942, 0.03140159323811531, 0.025014178827404976]"
F188,"[0.14182303845882416, 0.253811240196228, 0.05262971296906471, 0.11739055812358856, 0.07828355580568314, 0.03789171949028969, 0.12913240492343903, 0.14125865697860718, 0.04420723766088486, 0.21402661502361298, 0.18386554718017578, 0.16857387125492096, 0.11719769239425659, 0.012575210072100163, 0.07077845931053162, 0.10176164656877518, 0.019428972154855728, 0.20019763708114624, 0.005545099265873432, 0.14993953704833984, 0.04655328392982483, 0.14993247389793396, 0.06276188790798187, 0.05878405645489693, 0.05908536911010742, 0.16097980737686157, 0.012252217158675194, 0.04461117088794708, 0.10713201761245728, 0.1842450648546219, 0.1260523796081543, 0.05223746597766876, 0.1750568300485611, 0.19894540309906006, 0.10221484303474426, 0.04410102963447571, 0.06087566167116165, 0.03670357167720795, 0.10792852938175201, 0.03735123947262764, 0.09344681352376938, 0.1238706186413765, 0.16279764473438263, 0.15128034353256226, 0.08111809194087982, 0.05419549345970154, 0.16368839144706726, 0.07915034145116806, 0.19980409741401672, 0.020655468106269836, 0.18707425892353058, 0.0991859957575798, 0.06454665213823318, 0.07582839578390121, 0.09149935096502304, 0.1480712890625, 0.17452768981456757, 0.20992669463157654, 0.03231646120548248, 0.19444027543067932, 0.07618886232376099, 0.09259874373674393, 0.00956542044878006, 0.20055674016475677, 0.11696674674749374, 0.12412295490503311, 0.013103179633617401, 0.03892308473587036, 0.06070069223642349, 0.14743638038635254, 0.22145356237888336, 0.050479643046855927, 0.17391839623451233, 0.008258501067757607, 0.08122064918279648, 0.15552547574043274, 0.08954861015081406, 0.0585666224360466, 0.01071840152144432, 0.11417756974697113, 0.11139369755983353, 0.15438108146190643, 0.1801057606935501, 0.1643156260251999, 0.051135819405317307, 0.13707852363586426, 0.1456172615289688, 0.03101637400686741, 0.1853732168674469, 0.06960534304380417, 0.07580990344285965, 0.10623586177825928, 0.08761954307556152, 0.16574768722057343, 0.2053917646408081, 0.14881207048892975, 0.11369895190000534, 0.051739417016506195, 0.07605735212564468, 0.08128847181797028, 0.1484082043170929, 0.18235374987125397, 0.06321316957473755, 0.12195678800344467, 0.15114258229732513, 0.03132990747690201, 0.19191482663154602, 0.06317571550607681, 0.13611973822116852, 0.0581299364566803, 0.001582766999490559, 0.1980689913034439, 0.17875564098358154, 0.1384260356426239, 0.07035695016384125, 0.0579412542283535, 0.006126285530626774, 0.06363768130540848, 0.09755174070596695, 0.07056805491447449, 0.01659155637025833, 0.167816162109375, 0.08177116513252258, 0.07780690491199493, 0.03204565867781639, 0.11672639101743698, 0.19597795605659485, 0.09842609614133835]"
F189,"[0.1631055474281311, 0.22393424808979034, 0.16201382875442505, 0.17375922203063965, 0.04629397392272949, 0.08399737626314163, 0.15003517270088196, 0.18471910059452057, 0.11957109719514847, 0.09801805764436722, 0.08175592124462128, 0.09338217228651047, 0.1729384958744049, 0.10087738931179047, 0.015439420007169247, 0.027666836977005005, 0.04819280654191971, 0.1261228770017624, 0.09723321348428726, 0.09985314309597015, 0.14326786994934082, 0.10598050802946091, 0.16997727751731873, 0.02179795317351818, 0.03152069076895714, 0.17888657748699188, 0.10874772071838379, 0.010791409760713577, 0.11678425967693329, 0.0788545310497284, 0.07271841168403625, 0.1891421228647232, 0.07180826365947723, 0.06420808285474777, 0.13149581849575043, 0.11947250366210938, 0.1333632469177246, 0.06342212855815887, 0.0737314522266388, 0.12521770596504211, 0.11664256453514099, 0.1662440448999405, 0.12652672827243805, 0.06553994119167328, 0.08298351615667343, 0.09988110512495041, 0.12798115611076355, 0.010083891451358795, 0.18420223891735077, 0.03852560371160507, 0.17318013310432434, 0.11094468086957932, 0.0007147510768845677, 0.14824789762496948, 0.013840176165103912, 0.21141867339611053, 0.11196856200695038, 0.15743063390254974, 0.16316917538642883, 0.13558058440685272, 0.18948516249656677, 0.16135726869106293, 0.11735786497592926, 0.17174787819385529, 0.22231553494930267, 0.1524563729763031, 0.19373750686645508, 0.06364760547876358, 0.19075916707515717, 0.11359459161758423, 0.1338503360748291, 0.15337809920310974, 0.006334884092211723, 0.018400687724351883, 0.18327195942401886, 0.20560160279273987, 0.05883827805519104, 0.19660276174545288, 0.08086943626403809, 0.244472935795784, 0.20946013927459717, 0.09492188692092896, 0.15415774285793304, 0.08377283811569214, 0.05475451797246933, 0.04034735634922981, 0.07656177133321762, 0.08645576983690262, 0.09149948507547379, 0.04389210045337677, 0.08065444976091385, 0.14414499700069427, 0.10123715549707413, 0.0998571440577507, 0.24922345578670502, 0.02527378872036934, 0.052501130849123, 0.103949174284935, 0.21928583085536957, 0.07793021202087402, 0.19290447235107422, 0.21475671231746674, 0.07610547542572021, 0.15647248923778534, 0.04124508053064346, 0.1170288473367691, 0.051837895065546036, 0.19345813989639282, 0.1771221160888672, 0.14201566576957703, 0.06397347897291183, 0.19335263967514038, 0.22940002381801605, 0.13789065182209015, 0.029872212558984756, 0.0036378204822540283, 0.16246020793914795, 0.1573924869298935, 0.024747692048549652, 0.07998008280992508, 0.05559813603758812, 0.15161672234535217, 0.0414992980659008, 0.09192561358213425, 0.12666179239749908, 0.18708330392837524, 0.19638985395431519, 0.11193874478340149]"
F190,"[0.0011290217516943812, 0.047668926417827606, 0.002982234349474311, 0.03381290286779404, 0.009818535298109055, 0.01563754305243492, 0.024970458820462227, 0.07356934994459152, 0.049294766038656235, 0.020427975803613663, 0.041642580181360245, 0.05820067971944809, 0.03521522507071495, 0.004235808737576008, 0.04097696766257286, 0.040793295949697495, 0.025173187255859375, 0.02921527437865734, 0.05466456338763237, 0.046050794422626495, 0.08321927487850189, 0.0449102520942688, 0.06079544126987457, 0.07451070845127106, 0.07530838251113892, 0.12906670570373535, 0.10964594036340714, 0.10942427068948746, 0.06590938568115234, 0.0780261754989624, 0.0074327848851680756, 0.029654409736394882, 0.02897629141807556, 0.06668270379304886, 0.0490424782037735, 0.09093138575553894, 0.02796461619436741, 0.06266848742961884, 0.0815855860710144, 0.01493008341640234, 0.045461367815732956, 0.0373111367225647, 0.0875152200460434, 0.027781633660197258, 0.05231669172644615, 0.030769674107432365, 0.05084424465894699, 0.011962098069489002, 0.015574519522488117, 0.07714372128248215, 0.09041958302259445, 0.07179474830627441, 0.04968744143843651, 0.03991289809346199, 0.001484889187850058, 0.06656315922737122, 0.050849445164203644, 0.06207805126905441, 0.00036331635783426464, 0.029837194830179214, 0.03224999085068703, 0.002173300366848707, 0.06296944618225098, 0.0880252793431282, 0.006340797524899244, 0.05051816627383232, 0.07171501964330673, 0.0019889476243406534, 0.08637017011642456, 0.05849288031458855, 0.08939320594072342, 0.08521106839179993, 0.05557390674948692, 0.07008717209100723, 0.026752401143312454, 0.046895839273929596, 0.008936082944273949, 0.05960116907954216, 0.0033185197971761227, 0.04186160862445831, 0.06879471242427826, 0.015838928520679474, 0.06258939951658249, 0.05196978896856308, 0.06981915980577469, 0.0038677265401929617, 0.0398554690182209, 0.017295721918344498, 0.10213615000247955, 0.04153267666697502, 0.0141012417152524, 0.006466694176197052, 0.06224305182695389, 0.006954913027584553, 0.00039743914385326207, 0.0026652109809219837, 0.08754876255989075, 0.06575004011392593, 0.08518695831298828, 0.03530745208263397, 0.007177920080721378, 0.022889962419867516, 0.0411640889942646, 0.04825437813997269, 0.08153966814279556, 0.033447232097387314, 0.11338025331497192, 0.050725873559713364, 0.032282754778862, 0.053126249462366104, 0.09066060930490494, 0.049224603921175, 0.014659271575510502, 0.05545448884367943, 0.04319170489907265, 0.027943532913923264, 0.04725668579339981, 0.09535424411296844, 0.010719566605985165, 0.00044940554653294384, 0.06534752994775772, 0.02179061248898506, 0.014747360721230507, 0.00943218357861042, 0.049262650310993195, 0.05458803102374077, 0.06128331646323204, 0.07490869611501694]"
F191,"[0.11528287827968597, 0.12204919010400772, 0.020408257842063904, 0.07297275215387344, 0.072995126247406, 0.08920915424823761, 0.053754162043333054, 0.06164326146245003, 0.09265980124473572, 0.017612647265195847, 0.036048222333192825, 0.18969354033470154, 0.008409976027905941, 0.038178350776433945, 0.046119239181280136, 0.049755021929740906, 0.08704151958227158, 0.03518852964043617, 0.11477261036634445, 0.09763961285352707, 0.02900286205112934, 0.12425906211137772, 0.1005696952342987, 0.13144280016422272, 0.01653355173766613, 0.08617597818374634, 0.01321335881948471, 0.024698777124285698, 0.1709562987089157, 0.06142502278089523, 0.12797389924526215, 0.036592185497283936, 0.06484899669885635, 0.11699113249778748, 0.03247695788741112, 0.02269144169986248, 0.0908500999212265, 0.03511744365096092, 0.05846315622329712, 0.09926067292690277, 0.014338266104459763, 0.02880210615694523, 0.01897328346967697, 0.011233440600335598, 0.10687118768692017, 0.035850223153829575, 0.02477755956351757, 0.01588078960776329, 0.007641554344445467, 0.08549946546554565, 0.036393482238054276, 0.06858186423778534, 0.04191428795456886, 0.06341754645109177, 0.0182966161519289, 0.05207343026995659, 0.0694536492228508, 0.037341292947530746, 0.04029247164726257, 0.12487431615591049, 0.03918945789337158, 0.025690220296382904, 0.09146906435489655, 0.0406515896320343, 0.039047323167324066, 0.06343041360378265, 0.0011595316464081407, 0.05125487223267555, 0.10077282786369324, 0.033180102705955505, 0.08253147453069687, 0.013038761913776398, 0.07153500616550446, 0.006678038276731968, 0.1531742513179779, 0.07863958179950714, 0.028214553371071815, 0.026813937351107597, 0.11200931668281555, 0.016874777153134346, 0.023832332342863083, 0.07501126825809479, 0.05210248753428459, 0.15540637075901031, 0.1703469306230545, 0.04329686984419823, 0.1291636973619461, 0.0552947074174881, 0.027822598814964294, 0.008856221102178097, 0.011669508181512356, 0.014376035891473293, 0.06896775960922241, 0.00048336965846829116, 0.020124631002545357, 0.0021677480544894934, 0.08239532262086868, 0.0065482258796691895, 0.06215880811214447, 0.11211231350898743, 0.07194431126117706, 0.10045558959245682, 0.10108180344104767, 0.009518042206764221, 0.07626520097255707, 0.06976023316383362, 0.019216574728488922, 0.03983669355511665, 0.06732528656721115, 0.10393022745847702, 0.052126601338386536, 0.018221626058220863, 0.05172758921980858, 0.06976518779993057, 0.051357608288526535, 0.08101174980401993, 0.020554136484861374, 0.09831453114748001, 0.00734157906845212, 0.06822959333658218, 0.052140843123197556, 0.06951621919870377, 0.112312912940979, 0.05428032949566841, 0.06014229729771614, 0.11284346133470535, 0.04266578331589699, 0.033113010227680206]"
F192,"[0.07801000028848648, 0.0248469989746809, 0.04272166267037392, 0.020716963335871696, 0.07203444093465805, 0.033524587750434875, 0.04729808494448662, 0.030968893319368362, 0.013084307312965393, 0.07367245107889175, 0.015151824802160263, 0.027227219194173813, 0.015254081226885319, 0.032273195683956146, 0.003815686097368598, 0.03158731013536453, 0.022487318143248558, 0.12756678462028503, 0.03980361297726631, 0.06652513891458511, 0.03572726622223854, 0.008387293666601181, 0.009096314199268818, 0.025750700384378433, 0.045186739414930344, 0.04402009770274162, 0.07851918786764145, 0.03310280293226242, 0.025444593280553818, 0.045347146689891815, 0.003237734083086252, 0.00300409528426826, 0.035436347126960754, 0.004605074413120747, 0.025225801393389702, 0.06998435407876968, 0.027707701548933983, 0.07909199595451355, 0.09687729924917221, 0.008735543116927147, 0.06808134913444519, 0.01542732771486044, 0.016647595912218094, 0.091211698949337, 0.10040166229009628, 0.07332513481378555, 0.0349612794816494, 0.0006198706687428057, 0.07497686892747879, 0.05269351229071617, 0.0035659335553646088, 0.027385082095861435, 0.06460942327976227, 0.06977236270904541, 0.054126106202602386, 0.10949847102165222, 0.11458955705165863, 0.08284755051136017, 0.09527626633644104, 0.03740820288658142, 0.06825528293848038, 0.03360757231712341, 0.0567491389811039, 0.028434768319129944, 0.024518264457583427, 0.05133047327399254, 0.08036217838525772, 0.0004036459722556174, 0.040065571665763855, 0.020857974886894226, 0.007052324246615171, 0.10205522179603577, 0.04772213473916054, 0.1082848608493805, 0.07524789869785309, 0.0689360499382019, 0.07374051213264465, 0.04070351645350456, 0.018996035680174828, 0.0042867460288107395, 0.02766421064734459, 0.037928223609924316, 0.1438034027814865, 0.01379573903977871, 0.08035564422607422, 0.03594055026769638, 0.01340775191783905, 0.048158712685108185, 0.03484860435128212, 0.10415790230035782, 0.07543002814054489, 0.026642629876732826, 0.07651209086179733, 0.05551357567310333, 0.018485600128769875, 0.06940706819295883, 0.04410004988312721, 0.05823024734854698, 0.1124650314450264, 0.021649900823831558, 0.014698131941258907, 0.007591432426124811, 0.030557632446289062, 0.10514914244413376, 0.060667891055345535, 0.04154244065284729, 0.12801159918308258, 0.014550297521054745, 0.06877415627241135, 0.06819947808980942, 0.0719141811132431, 0.03378872200846672, 0.023615257814526558, 0.04192361235618591, 0.03358924761414528, 0.04759155213832855, 0.058225154876708984, 0.044042330235242844, 0.031196121126413345, 0.08642527461051941, 0.04847230389714241, 0.04834238439798355, 0.10526964068412781, 0.018174806609749794, 0.10609661042690277, 0.061525166034698486, 0.07533491402864456, 0.032448284327983856]"
F193,"[0.016246963292360306, 0.025088217109441757, 0.03350481390953064, 0.05039350315928459, 0.01492964569479227, 0.029541995376348495, 0.011866594664752483, 0.025213295593857765, 0.07982353121042252, 0.008209189400076866, 0.058199383318424225, 3.0321592930704355e-05, 0.02868320234119892, 0.0007798235164955258, 0.11495237052440643, 0.09685425460338593, 0.12084543704986572, 0.0281571876257658, 0.10632681846618652, 0.01648852974176407, 0.02093059942126274, 0.032787274569272995, 0.02725999616086483, 0.1562502086162567, 0.10141349583864212, 0.06442102044820786, 0.0006649884744547307, 0.06439094990491867, 0.027922248467803, 0.13452503085136414, 0.08188435435295105, 0.11382967978715897, 0.054456908255815506, 0.037830475717782974, 0.10467410087585449, 0.04360603541135788, 0.012827347964048386, 0.0488085076212883, 0.061811890453100204, 0.10195761173963547, 0.06221075356006622, 0.05970742553472519, 0.013526728376746178, 0.08966219425201416, 0.03511982783675194, 0.036757297813892365, 0.11353781819343567, 0.034527458250522614, 0.008708218112587929, 0.013760014437139034, 0.0017508981982246041, 0.027820060029625893, 0.0948798805475235, 0.10086806863546371, 0.07182954996824265, 0.09335964918136597, 0.08461644500494003, 0.03924974799156189, 0.07704119384288788, 0.02328294701874256, 0.01800861582159996, 0.05008869990706444, 0.003182364394888282, 0.006708803121000528, 0.039012838155031204, 0.048289451748132706, 0.016274472698569298, 0.027142642065882683, 0.04813066124916077, 0.019928978756070137, 0.014042986556887627, 0.003673234023153782, 0.020572911947965622, 0.013074644841253757, 0.07673823088407516, 0.060196153819561005, 0.12790988385677338, 0.06651590019464493, 0.09703439474105835, 0.02913683094084263, 0.08912090212106705, 0.07799553871154785, 0.01880778558552265, 0.06425875425338745, 0.02942568063735962, 0.01495604682713747, 0.12359800934791565, 0.03154614940285683, 0.08517441153526306, 0.08785287290811539, 0.08148901164531708, 0.018629467114806175, 0.049475278705358505, 0.007083286065608263, 0.038358867168426514, 0.0991072878241539, 0.07526399940252304, 0.024627327919006348, 0.041209422051906586, 0.007757758256047964, 0.006543957628309727, 0.0981382504105568, 6.169518746901304e-05, 0.02610190212726593, 0.02279023267328739, 0.007413274142891169, 0.07590197771787643, 0.013958962634205818, 0.05283352732658386, 0.02331986092031002, 0.05419225990772247, 0.10329277068376541, 0.015968559309840202, 0.03568575158715248, 0.08010182529687881, 0.03521148860454559, 0.11558134853839874, 0.04882468283176422, 0.02847900427877903, 0.039339158684015274, 0.0788654163479805, 0.02899855002760887, 0.006630426738411188, 0.015520015731453896, 0.0019463786156848073, 0.01877606473863125, 0.012925658375024796, 0.031415876001119614]"
F194,"[0.04268859326839447, 0.02994578145444393, 0.0018395287916064262, 0.02343696355819702, 0.026367062702775, 0.02661379799246788, 0.0606573149561882, 0.02076483704149723, 0.03737488389015198, 0.012115612626075745, 0.016645042225718498, 0.010852676816284657, 0.01681377738714218, 0.047437943518161774, 0.11242219805717468, 0.06050867959856987, 0.03641177713871002, 0.012365411967039108, 0.05308602377772331, 0.010877520777285099, 0.0008795924368314445, 0.03219655528664589, 0.026927359402179718, 0.062398314476013184, 0.08934139460325241, 0.029186846688389778, 0.008229813538491726, 0.03247372433543205, 0.02495800144970417, 0.03256276249885559, 0.05430464446544647, 0.05870172753930092, 0.06347449868917465, 0.020393071696162224, 0.034566935151815414, 0.06414759904146194, 0.013085485436022282, 0.04390515387058258, 0.04700425639748573, 0.019417930394411087, 0.037973396480083466, 0.005925332196056843, 0.026324838399887085, 0.05663805827498436, 0.025187231600284576, 0.03161642700433731, 0.0838206559419632, 0.01568564586341381, 0.03493661433458328, 0.023844141513109207, 0.015249528922140598, 0.0033362770918756723, 0.06947711855173111, 0.038364674896001816, 0.061982378363609314, 0.026608377695083618, 0.002644405234605074, 0.042374834418296814, 0.04018888995051384, 0.044230010360479355, 0.06035088375210762, 0.06769180297851562, 0.03498305380344391, 0.054426975548267365, 0.06511297076940536, 0.10124614089727402, 0.025579381734132767, 0.08633074164390564, 0.034587495028972626, 0.00015819250256754458, 0.007584961596876383, 0.0645647868514061, 0.08517411351203918, 0.0766032412648201, 0.00011356161849107593, 0.020245034247636795, 0.036786507815122604, 0.055459458380937576, 0.03420776501297951, 0.017366353422403336, 0.019248299300670624, 0.016155477613210678, 0.03100496344268322, 0.007674798369407654, 0.062457866966724396, 0.018263593316078186, 0.04995791241526604, 0.006529170088469982, 0.042477644979953766, 0.038644060492515564, 0.05990217998623848, 0.03293633833527565, 0.002962671220302582, 0.024529069662094116, 0.07028011977672577, 0.054336562752723694, 0.047925323247909546, 0.06091657280921936, 0.021731307730078697, 0.05207352712750435, 0.07667918503284454, 0.06001058965921402, 0.032478880137205124, 0.00168454903177917, 0.0876086950302124, 0.04475674033164978, 0.024692555889487267, 0.035024140030145645, 0.057138841599226, 0.00901684071868658, 0.007435902487486601, 0.08882659673690796, 0.06391114741563797, 0.06691868603229523, 0.06930311769247055, 0.10496357828378677, 0.037532906979322433, 0.06948298960924149, 0.01437896303832531, 0.021249113604426384, 0.015473414212465286, 0.03696807473897934, 0.07885091006755829, 0.0011360050411894917, 0.030555997043848038, 0.023295875638723373, 0.06551184505224228, 0.0036329198628664017]"
F195,"[0.002798661822453141, 0.006358166225254536, 0.0016300476854667068, 0.003181377425789833, 0.005974423605948687, 0.002097348915413022, 0.004947510547935963, 0.007735730614513159, 0.0017628248315304518, 0.0028930911794304848, 0.0041275122202932835, 0.0028624532278627157, 2.04490188480122e-05, 0.0036389802116900682, 0.002084955805912614, 0.0012647290714085102, 0.005539655219763517, 0.007117419503629208, 0.006423850078135729, 0.0020362301729619503, 0.006046293303370476, 0.0012311554746702313, 0.0029896472115069628, 0.0019470247207209468, 0.0026335110887885094, 0.003446103073656559, 0.008771671913564205, 0.009267105720937252, 0.0035238636191934347, 0.007558037526905537, 0.0005021380493417382, 0.0003415051905903965, 0.004705914296209812, 0.005672816652804613, 0.01003366056829691, 0.0027760821394622326, 0.002692044712603092, 0.0046472204849123955, 0.0038068722933530807, 0.0055294279009103775, 0.0004504618118517101, 0.0014185326872393489, 0.00864630751311779, 0.003755491692572832, 0.0011425702832639217, 0.006268022581934929, 0.0017116295639425516, 0.005773178301751614, 0.003862741170451045, 0.0020596343092620373, 0.007119825575500727, 0.007290619891136885, 0.0018693156307563186, 0.005205152556300163, 0.0063653201796114445, 0.002928029978647828, 0.0009304854902438819, 0.009293250739574432, 0.004846691619604826, 0.001300185453146696, 0.0031315761152654886, 0.002927258610725403, 0.0015586561057716608, 0.007051154505461454, 0.006313344929367304, 0.001424312125891447, 0.0017251373501494527, 0.008150340057909489, 0.001929639489389956, 0.008055383339524269, 0.0017435726476833224, 0.010026943869888783, 0.004433005582541227, 0.005476953461766243, 0.0036364817060530186, 0.0020519050303846598, 0.0017149641644209623, 0.0022208725567907095, 0.005129550117999315, 0.0013891765847802162, 0.00024973065592348576, 5.6336784837185405e-06, 0.002943872706964612, 0.0024583893828094006, 0.0034786558244377375, 0.0026704524643719196, 0.0002466465812176466, 0.007226313464343548, 0.0071061355993151665, 0.004400730598717928, 0.003327250247821212, 0.004713919013738632, 8.469817112199962e-05, 0.0015435217646881938, 0.002559077925980091, 0.002860727719962597, 0.0012287121498957276, 0.0002474164648447186, 0.0019319045823067427, 0.0033684847876429558, 0.009133582003414631, 0.00022173956676851958, 0.004775049164891243, 0.00876753032207489, 0.0004615146026480943, 0.0037934756837785244, 0.0015746017452329397, 0.006005675997585058, 0.0012531498214229941, 0.00013055023737251759, 0.0008314574370160699, 0.004557166714221239, 0.004948704037815332, 0.0005250435788184404, 0.0007721218280494213, 0.006059088744223118, 0.0011394534958526492, 0.00883406400680542, 0.0014958976535126567, 0.0069918823428452015, 0.0017631661612540483, 0.004861386492848396, 0.006327254232019186, 0.0011429787846282125, 0.007961351424455643, 0.009108301252126694, 0.007412671577185392, 0.0030790965538471937]"
F196,"[0.024847250431776047, 0.03262365236878395, 0.024777833372354507, 0.015423781238496304, 0.06533394753932953, 0.07421552389860153, 0.05491093173623085, 0.03315285965800285, 0.0018749622395262122, 0.047686584293842316, 0.009016318246722221, 0.0034242875408381224, 0.010577176697552204, 0.04648770019412041, 0.011256116442382336, 0.017161261290311813, 0.051558855921030045, 0.026079539209604263, 0.001705286791548133, 0.05440465360879898, 0.020775722339749336, 0.051668424159288406, 0.08790097385644913, 0.05620216578245163, 0.057362597435712814, 0.05374358221888542, 0.06880201399326324, 0.040111903101205826, 0.02653699927031994, 0.14248067140579224, 0.005541018210351467, 0.03908358886837959, 0.04068370163440704, 0.02946397475898266, 0.039873603731393814, 0.053913794457912445, 0.07218724489212036, 0.046634528785943985, 0.0567358061671257, 0.011601967737078667, 0.19414658844470978, 0.03775254264473915, 0.02067626640200615, 0.07249607145786285, 0.04546550661325455, 0.051002830266952515, 0.11254974454641342, 0.0073560080491006374, 0.08564110100269318, 0.05171319469809532, 0.08293956518173218, 0.06147005409002304, 0.05857507884502411, 0.06318989396095276, 0.030444184318184853, 0.049966517835855484, 0.016378266736865044, 0.1449543982744217, 0.10852400958538055, 0.10009346902370453, 0.10390415787696838, 0.04112192615866661, 0.035090092569589615, 0.030723843723535538, 0.05850088968873024, 0.0751470997929573, 0.07750114798545837, 0.14216895401477814, 0.010295451618731022, 0.07294802367687225, 0.053194161504507065, 0.09604725986719131, 0.07359287887811661, 0.1335209757089615, 0.11120995134115219, 0.08207288384437561, 0.03660270571708679, 0.07331019639968872, 0.016480490565299988, 0.032726362347602844, 0.0240029189735651, 0.017169306054711342, 0.03923541307449341, 0.0001454264420317486, 0.04046215862035751, 0.0012345126597210765, 0.08082887530326843, 0.053483571857213974, 0.056968480348587036, 0.07240316271781921, 0.001463749329559505, 0.009608251973986626, 0.054858628660440445, 0.002334119053557515, 0.00024330585438292474, 0.0206014271825552, 0.041846271604299545, 0.03213479742407799, 0.06263476610183716, 0.09205162525177002, 0.05371839553117752, 0.04171335697174072, 0.05800659582018852, 0.10018020123243332, 0.060180120170116425, 0.02165670320391655, 0.09111825376749039, 0.10914219170808792, 0.0762510821223259, 0.0015578542370349169, 0.0975479930639267, 0.06384442001581192, 0.09051220864057541, 0.024164441972970963, 0.07753852754831314, 0.03474041819572449, 0.014815506525337696, 0.03830692544579506, 0.03135344758629799, 0.00887607503682375, 0.08440456539392471, 0.009670070372521877, 0.06750210374593735, 0.04159523546695709, 0.033502452075481415, 0.035592980682849884, 0.0067130583338439465, 0.040144626051187515]"
F197,"[0.08436494320631027, 0.051792602986097336, 0.04123665392398834, 0.020607780665159225, 0.14093559980392456, 0.02554553560912609, 0.10253975540399551, 0.061248090118169785, 0.1286846101284027, 0.03924386948347092, 0.08543136715888977, 0.06547115743160248, 0.02978150174021721, 0.08274542540311813, 0.06068076565861702, 0.017802277579903603, 0.12797558307647705, 0.0053605432622134686, 0.0836804062128067, 0.08416250348091125, 0.07837347686290741, 0.054495904594659805, 0.005468987859785557, 0.07475612312555313, 0.012139441445469856, 0.13096699118614197, 0.02599676512181759, 0.07388821244239807, 0.029568126425147057, 0.10616756975650787, 0.02628854289650917, 0.02412627451121807, 0.0979229062795639, 0.06288310140371323, 0.08860223740339279, 0.063949353992939, 0.09082606434822083, 0.1238114982843399, 0.0642244815826416, 0.022011207416653633, 0.02279023267328739, 0.022641021758317947, 0.10447592288255692, 0.008268597535789013, 0.009981132112443447, 0.02315128780901432, 0.007600228302180767, 0.008427184075117111, 0.033449187874794006, 0.08060667663812637, 0.0025355960242450237, 0.024375353008508682, 0.09984004497528076, 0.044987112283706665, 0.11104978621006012, 0.12486744672060013, 0.018368421122431755, 0.10925509035587311, 0.06519956886768341, 0.027996480464935303, 0.09940293431282043, 0.0380508191883564, 0.13198250532150269, 0.049542807042598724, 0.06858906894922256, 0.03172469884157181, 0.022929955273866653, 0.026180870831012726, 0.11228182911872864, 0.08126828819513321, 0.0816875472664833, 0.0029212008230388165, 0.04989746958017349, 0.14709961414337158, 0.048757635056972504, 0.13996522128582, 0.049375057220458984, 0.051394302397966385, 0.03959091752767563, 0.015220140106976032, 0.005855970550328493, 0.06522282212972641, 0.11663492023944855, 0.0013354873517528176, 0.014025794342160225, 0.08494964241981506, 0.11434189975261688, 0.05007938668131828, 0.05226653814315796, 0.011087868362665176, 0.04158084839582443, 0.02777099795639515, 0.1060258001089096, 0.03869042545557022, 0.026656288653612137, 0.06564362347126007, 0.040004536509513855, 0.0161607563495636, 0.06894902884960175, 0.03257882222533226, 0.06504267454147339, 0.11769645661115646, 0.10520521551370621, 0.13396373391151428, 0.000393155962228775, 0.08750207722187042, 0.057800427079200745, 0.03961237519979477, 0.011864359490573406, 0.0049700685776770115, 0.0852009505033493, 0.04638702794909477, 0.021743491291999817, 0.10520602762699127, 0.049315195530653, 0.06242725998163223, 0.07721088826656342, 0.1052689403295517, 0.10712052136659622, 0.10362599045038223, 0.12360133230686188, 0.05078979209065437, 0.044829994440078735, 0.03634186089038849, 0.04995300620794296, 0.062038522213697433, 0.08227246254682541, 0.0385906808078289]"
F198,"[0.05718440189957619, 0.058978013694286346, 0.005126969888806343, 0.03527158126235008, 0.002121265511959791, 0.01606796495616436, 0.08228359371423721, 0.1389198899269104, 0.16741962730884552, 0.1652994602918625, 0.10747642070055008, 0.042914748191833496, 0.07526218146085739, 0.07368986308574677, 0.04047304019331932, 0.09332208335399628, 0.046242911368608475, 0.11373914778232574, 0.009250550530850887, 0.13566356897354126, 0.04629577323794365, 0.06919679790735245, 0.07641803473234177, 0.027199288830161095, 0.0742838978767395, 0.07973059266805649, 0.02608501724898815, 0.021125394850969315, 0.07585548609495163, 0.05877251923084259, 0.09828777611255646, 0.01433299109339714, 0.03832336887717247, 0.1630466878414154, 0.03910978510975838, 0.018676940351724625, 0.13475094735622406, 0.009649256244301796, 0.05587238818407059, 0.04556791111826897, 0.047915540635585785, 0.10123381018638611, 0.04477856680750847, 0.15059013664722443, 0.09906607121229172, 0.02314547263085842, 0.01016014814376831, 0.042972639203071594, 0.0026726177893579006, 0.003766633803024888, 0.16397710144519806, 0.002745789708569646, 0.0735090970993042, 0.040716636925935745, 0.025269288569688797, 0.07898393273353577, 0.05785747617483139, 0.11042746901512146, 0.08165466040372849, 0.1271703690290451, 0.03427084535360336, 0.0414205826818943, 0.05652901530265808, 0.03280646353960037, 0.03144967183470726, 0.03085523657500744, 0.10908742249011993, 0.08164875954389572, 0.10300754755735397, 0.024890119209885597, 0.011319011449813843, 0.03525687754154205, 0.1467997282743454, 0.04044688493013382, 0.030089743435382843, 0.18037478625774384, 0.052715886384248734, 0.015012667514383793, 0.0172773078083992, 0.14730125665664673, 0.06704512983560562, 0.027788886800408363, 0.09833735972642899, 0.09045674651861191, 0.1169700101017952, 0.11791979521512985, 0.01885916106402874, 0.045271001756191254, 0.19189591705799103, 0.09270264208316803, 0.03572855889797211, 0.07960576564073563, 0.030186742544174194, 0.1548842489719391, 0.14423629641532898, 0.057848818600177765, 0.08009849488735199, 0.06404492259025574, 0.04586907848715782, 0.05548517778515816, 0.011236784048378468, 0.07603280991315842, 0.03544175252318382, 0.006458350922912359, 0.07426340132951736, 0.015451041050255299, 0.04737374186515808, 0.030932346358895302, 0.050382912158966064, 0.06860058754682541, 0.07941509783267975, 0.010674197226762772, 0.06134715676307678, 0.029198581352829933, 0.0039636823348701, 0.028868766501545906, 0.023909933865070343, 0.03026159107685089, 0.0227164588868618, 0.08014564216136932, 0.127170130610466, 0.10543633997440338, 0.01959136314690113, 0.05464893579483032, 0.06057395786046982, 0.07862251996994019, 0.07410648465156555, 0.10652492940425873]"
F199,"[0.11533099412918091, 0.04809390380978584, 0.08537515252828598, 0.14144174754619598, 0.09340295940637589, 0.017556902021169662, 0.02498425729572773, 0.03900017589330673, 0.10957048088312149, 0.06664282083511353, 0.029627518728375435, 0.05143202841281891, 0.05525706708431244, 0.01293871644884348, 0.05072597414255142, 0.061799563467502594, 0.08486426621675491, 0.02158188447356224, 0.1527341604232788, 0.1767987608909607, 0.08568177372217178, 0.0205996111035347, 0.1290709674358368, 0.1242675855755806, 0.07181763648986816, 0.003476575016975403, 0.01361928228288889, 0.021157030016183853, 0.025487583130598068, 0.052042920142412186, 0.007032237481325865, 0.09075912833213806, 0.0592479445040226, 0.13842274248600006, 0.023678336292505264, 0.06733804941177368, 0.10019813477993011, 0.15464241802692413, 0.004247352015227079, 0.03620327636599541, 0.016623206436634064, 0.0007247257744893432, 0.1508598029613495, 0.08455263078212738, 0.10032524168491364, 0.12888184189796448, 0.021108100190758705, 0.002465503988787532, 0.010327620431780815, 0.024313509464263916, 0.07937948405742645, 0.01886996254324913, 0.08293257653713226, 0.09070613980293274, 0.08017909526824951, 0.09419228881597519, 0.19660741090774536, 0.04767776280641556, 0.06997508555650711, 0.14661799371242523, 0.08566998690366745, 0.044588591903448105, 0.10585374385118484, 0.05136922374367714, 0.0823226273059845, 0.12959511578083038, 0.1210758164525032, 0.05867323651909828, 0.11087588965892792, 0.06862446665763855, 0.008393717929720879, 0.021411936730146408, 0.04923868551850319, 0.014011611230671406, 0.07223562896251678, 0.06029389798641205, 0.0045209298841655254, 0.037819936871528625, 0.08696115761995316, 0.1055840253829956, 0.06613864004611969, 0.19536879658699036, 0.07049819082021713, 0.09092601388692856, 0.05729370191693306, 0.12917128205299377, 0.11099560558795929, 0.15317021310329437, 0.040940530598163605, 0.018410703167319298, 0.15626563131809235, 0.07471612840890884, 0.0694054365158081, 0.21281154453754425, 0.039809029549360275, 0.026633528992533684, 0.0346660315990448, 0.07117700576782227, 0.11710339784622192, 0.010015862993896008, 0.07755330950021744, 0.16540326178073883, 0.010596176609396935, 0.013997886329889297, 0.055355992168188095, 0.03881995007395744, 0.13832788169384003, 0.09697150439023972, 0.024171952158212662, 0.06391901522874832, 0.0958588719367981, 0.02754390425980091, 0.05690945312380791, 0.1280425488948822, 0.07831266522407532, 0.055454231798648834, 0.08267295360565186, 0.09446563571691513, 0.08662699162960052, 0.1054978147149086, 0.11207534372806549, 0.16167770326137543, 0.11536111682653427, 0.049131546169519424, 0.09194573014974594, 0.07619793713092804, 0.09207005053758621, 0.0675816759467125]"
F200,"[0.05673917382955551, 0.09118726849555969, 0.07615313678979874, 0.0780641958117485, 0.09117913246154785, 0.016158102080225945, 0.038121938705444336, 0.10110116004943848, 0.009866397827863693, 0.07262320071458817, 0.05254397913813591, 0.1204061433672905, 0.0023140276316553354, 0.0007638675160706043, 0.012617697939276695, 0.07867332547903061, 0.03367098048329353, 0.06764167547225952, 0.09197265654802322, 0.07174671441316605, 0.005671569146215916, 0.047773972153663635, 0.01328403688967228, 0.09995069354772568, 0.08231545984745026, 0.0747971385717392, 0.012857294641435146, 0.08829334378242493, 0.08018241077661514, 0.06591594964265823, 0.010405629873275757, 0.019778171554207802, 0.004073139745742083, 0.01062373723834753, 0.03756807744503021, 0.030766941606998444, 0.09927816689014435, 0.009963751770555973, 0.11165801435709, 0.10076173394918442, 0.09071345627307892, 0.05184490606188774, 0.013828335329890251, 0.03208744525909424, 0.03989671543240547, 0.03371770307421684, 0.060807958245277405, 0.02285190299153328, 0.03428369760513306, 0.044136930257081985, 0.029477586969733238, 0.08033319562673569, 0.009916406124830246, 0.048720136284828186, 0.07528799027204514, 0.08699790388345718, 0.05922383442521095, 0.017399128526449203, 0.06389322131872177, 0.03360246494412422, 0.013884455896914005, 0.025967329740524292, 0.08382947742938995, 0.03950510546565056, 0.005376249086111784, 0.06587203592061996, 0.0023992026690393686, 0.08642465621232986, 0.05556941032409668, 0.046893395483493805, 0.1196773573756218, 0.03710799664258957, 0.06258533895015717, 0.028441889211535454, 0.013528346084058285, 0.00804537907242775, 0.04659806191921234, 0.04476255178451538, 0.0062938593327999115, 0.010739648714661598, 0.036230504512786865, 0.042008668184280396, 0.009683756157755852, 0.11210012435913086, 0.10237933695316315, 0.01378559973090887, 0.03622369468212128, 0.028632501140236855, 0.09964660555124283, 0.03609121963381767, 0.10761067271232605, 0.07042014598846436, 0.045198846608400345, 0.10279026627540588, 0.007377818692475557, 0.05302145332098007, 0.034300126135349274, 0.06390171498060226, 0.002442051889374852, 0.015305900946259499, 0.05312974378466606, 0.06740305572748184, 0.068733349442482, 0.014999235048890114, 0.011830666102468967, 0.0658140704035759, 0.00879580993205309, 0.012000969611108303, 0.05906393378973007, 0.046203576028347015, 0.06001678854227066, 0.0050141639076173306, 0.07250232249498367, 0.03682045638561249, 0.0026649413630366325, 0.018306033685803413, 0.043909862637519836, 0.044750601053237915, 0.02293924242258072, 0.08006555587053299, 0.051282282918691635, 0.027336660772562027, 0.07182885706424713, 0.025941362604498863, 0.05098585784435272, 0.09907948970794678, 0.01845945604145527, 0.01690429076552391]"
F201,"[0.021972086280584335, 0.05999476835131645, 0.023000497370958328, 0.07926785945892334, 0.0018397861858829856, 0.07035855948925018, 0.0009248035494238138, 0.05321256071329117, 0.05631323531270027, 0.007043310906738043, 0.054536569863557816, 0.0008138726116158068, 0.06246946007013321, 0.04771927744150162, 0.027475649490952492, 0.03592721000313759, 0.02651223912835121, 0.07388856261968613, 0.00812933687120676, 0.0220886692404747, 0.017104869708418846, 0.009557768702507019, 0.03250684589147568, 0.07893302291631699, 0.046878449618816376, 0.02588089369237423, 0.06122296303510666, 0.062410395592451096, 0.03707117959856987, 0.014563994482159615, 0.03866378962993622, 0.02172568254172802, 0.07100408524274826, 0.04131235182285309, 0.022762708365917206, 0.03853810578584671, 0.013504182919859886, 0.0352228544652462, 0.029537102207541466, 0.01552979089319706, 0.01585306227207184, 0.021342197433114052, 0.05999942868947983, 0.058209002017974854, 0.0163281112909317, 0.054954856634140015, 0.0345250628888607, 0.007251293398439884, 0.04442630335688591, 0.029127096757292747, 0.041596610099077225, 0.053957946598529816, 0.03970613703131676, 0.08529146015644073, 0.048478662967681885, 0.0665844976902008, 0.05556553974747658, 0.05031846836209297, 0.003911933861672878, 0.015419171191751957, 0.02769087441265583, 0.03191943094134331, 0.10727148503065109, 0.03573605418205261, 0.033169519156217575, 0.0056345704942941666, 0.048130057752132416, 0.006329868454486132, 0.004833709914237261, 0.02454572357237339, 0.07409404963254929, 0.044101789593696594, 0.07170571386814117, 0.04711610823869705, 0.05078677460551262, 0.08127953112125397, 0.07636991888284683, 0.03685322776436806, 0.0650632306933403, 0.10874778777360916, 0.012919390574097633, 0.05223851278424263, 0.0439322330057621, 0.02055499143898487, 0.07561130076646805, 0.03372960910201073, 0.030963202938437462, 0.0254987720400095, 0.01464529987424612, 0.04407697170972824, 0.0002291701821377501, 0.003240100108087063, 0.019800422713160515, 0.05911191552877426, 0.021103179082274437, 0.010738486424088478, 0.0489550344645977, 0.05245685204863548, 0.057615239173173904, 0.02615238167345524, 0.005743381567299366, 0.009359057992696762, 0.09156163781881332, 0.05379069969058037, 0.030705882236361504, 0.04698304086923599, 0.018217802047729492, 0.10463112592697144, 0.05653632804751396, 0.0031813969835639, 0.014797295443713665, 0.09668752551078796, 0.025131095200777054, 0.0720577985048294, 0.009541445411741734, 0.02794373221695423, 0.08550313860177994, 0.03194420039653778, 0.05125027149915695, 0.05926325172185898, 0.07164087146520615, 0.026896800845861435, 0.046169865876436234, 0.01514415442943573, 0.03653373941779137, 0.09196092933416367, 0.08116190880537033, 0.059826627373695374]"
F202,"[0.11942501366138458, 0.1599365472793579, 0.06623818725347519, 0.03696942701935768, 0.0353691540658474, 0.014552123844623566, 0.00010913190635619685, 0.10897853970527649, 0.07723270356655121, 0.1640634685754776, 0.13384892046451569, 0.11670612543821335, 0.13043658435344696, 0.04067893698811531, 0.0032795723527669907, 0.004416711162775755, 0.1520994007587433, 0.18046770989894867, 0.02616025134921074, 0.12953194975852966, 0.07321388274431229, 0.1957067847251892, 0.04138980060815811, 0.021491339430212975, 0.1445690244436264, 0.001475366298109293, 0.14020191133022308, 0.017611229792237282, 0.050307776778936386, 0.030937811359763145, 0.00618218258023262, 0.12404539436101913, 0.03729439899325371, 0.1786257028579712, 0.03645475581288338, 0.013414513319730759, 0.0320228673517704, 0.1522553712129593, 0.055851295590400696, 0.06335065513849258, 0.025848951190710068, 0.07941678911447525, 0.0777028277516365, 0.04195708781480789, 0.07565192133188248, 0.11000808328390121, 0.017893634736537933, 0.06193036586046219, 0.09781229496002197, 0.035711441189050674, 0.14177310466766357, 0.03260686621069908, 0.03220628201961517, 0.07812114804983139, 0.03182391822338104, 0.06777133047580719, 0.15190629661083221, 0.07624232769012451, 0.005579252261668444, 0.12631292641162872, 0.1020069271326065, 0.10433094948530197, 0.05222148075699806, 0.008920038118958473, 0.08311261981725693, 0.01905369572341442, 0.01447721291333437, 0.05644011124968529, 0.038730327039957047, 0.07507836073637009, 0.07324794679880142, 0.11851610988378525, 0.0006596904131583869, 0.00037985434755682945, 0.1635516881942749, 0.01896427571773529, 0.004550759214907885, 0.028219755738973618, 0.06901673972606659, 0.030106153339147568, 0.02549595572054386, 0.17690345644950867, 0.18011485040187836, 0.05710075423121452, 0.1623944491147995, 0.0625796988606453, 0.03744829446077347, 0.041299112141132355, 0.10269761830568314, 0.1550029218196869, 0.10855243355035782, 0.10988176614046097, 0.1573854684829712, 0.03115115687251091, 0.05773746594786644, 0.02310013771057129, 0.17424149811267853, 0.013045642524957657, 0.17379644513130188, 0.039973337203264236, 0.02317976765334606, 0.002318525919690728, 0.042899515479803085, 0.15640860795974731, 0.030306048691272736, 0.18757466971874237, 0.14128051698207855, 0.13308405876159668, 0.028126932680606842, 0.10655384510755539, 0.053245920687913895, 0.06432826071977615, 0.11476615816354752, 0.06773698329925537, 0.09528426826000214, 0.05120890215039253, 0.06644715368747711, 0.07153993099927902, 0.01071900874376297, 0.022121431306004524, 0.01800493896007538, 0.08485732227563858, 0.05565941706299782, 0.018756702542304993, 0.131689190864563, 0.10435029119253159, 0.011837687343358994, 0.027258608490228653]"
F203,"[0.11267362534999847, 0.07220739871263504, 0.08999534696340561, 0.0029888739809393883, 0.06346580386161804, 0.10577885806560516, 0.032201867550611496, 0.07191121578216553, 0.07201744616031647, 0.07281288504600525, 0.0009456092957407236, 0.03777921572327614, 0.07403910905122757, 0.042788274586200714, 0.014865132048726082, 0.061606597155332565, 0.03668779879808426, 0.004673142451792955, 0.0844055712223053, 0.026904335245490074, 0.01768636144697666, 0.021268010139465332, 0.03567396104335785, 0.034835152328014374, 0.009466787800192833, 0.0776798278093338, 0.04363289847970009, 0.0064721186645329, 0.009335684590041637, 0.11648973077535629, 0.12757490575313568, 0.035165704786777496, 0.05037422850728035, 0.021971609443426132, 0.057559192180633545, 0.030306179076433182, 0.10429120808839798, 0.07687205821275711, 0.046916183084249496, 0.06594240665435791, 0.034587208181619644, 0.035936616361141205, 0.014836751855909824, 0.11555662006139755, 0.07192615419626236, 0.0924004539847374, 0.07555609196424484, 0.02874511107802391, 0.012626874260604382, 0.02280154824256897, 0.00656760111451149, 0.05994193255901337, 0.01221687626093626, 0.04448336735367775, 0.10079646855592728, 0.0153052918612957, 0.07336462289094925, 0.06849586963653564, 0.037231285125017166, 0.058739569038152695, 0.01963130012154579, 0.06591806560754776, 0.0692400112748146, 0.0842386782169342, 0.1276467740535736, 0.005932624451816082, 0.08574682474136353, 0.10954582691192627, 0.004215751774609089, 0.09239913523197174, 0.08091360330581665, 0.10697277635335922, 0.07220569998025894, 0.00046160034253261983, 0.0412776917219162, 0.08890530467033386, 0.007145044393837452, 0.052951693534851074, 0.0021865328308194876, 0.020858706906437874, 0.039920032024383545, 0.015693433582782745, 0.009315879084169865, 0.05752785503864288, 0.0038037183694541454, 0.01389066781848669, 0.027673467993736267, 0.019489888101816177, 0.01781213842332363, 0.002322638873010874, 0.004502865485846996, 0.14699043333530426, 0.032634686678647995, 0.01173468679189682, 0.09180531650781631, 0.04372648522257805, 0.0324263833463192, 0.051494766026735306, 0.11562100797891617, 0.03243163600564003, 0.12845183908939362, 0.04919111356139183, 0.003291800618171692, 0.005477247294038534, 0.019584672525525093, 0.002621018560603261, 0.031032642349600792, 0.0915326252579689, 0.0977456197142601, 0.1423002928495407, 0.06120855733752251, 0.01673106662929058, 0.07030634582042694, 0.010851613245904446, 0.005274891387671232, 0.0459209643304348, 0.01988266222178936, 0.0756453350186348, 0.011746983975172043, 0.010019159875810146, 0.015334149822592735, 0.047000784426927567, 0.06555068492889404, 0.0303462203592062, 0.006323173176497221, 0.08048678934574127, 0.06916706264019012, 0.025026174262166023]"
F204,"[0.0052366359159350395, 5.965429954812862e-05, 0.010858847759664059, 0.02646632306277752, 0.026189429685473442, 0.011326290667057037, 0.010985495522618294, 0.014379688538610935, 0.001981272827833891, 0.02973117306828499, 0.008408491499722004, 0.030975809320807457, 0.012763254344463348, 0.017941957339644432, 0.036876827478408813, 0.007628310937434435, 0.005585267674177885, 0.017355946823954582, 0.03445610776543617, 0.016968468204140663, 0.020674319937825203, 0.009431973099708557, 0.00906551443040371, 0.037009451538324356, 0.013378042727708817, 0.03009681962430477, 0.014619937166571617, 0.05088847503066063, 0.03514877334237099, 5.992639853502624e-05, 0.031360894441604614, 0.00038314040284603834, 0.02654440701007843, 0.02716565504670143, 0.024200959131121635, 0.014226787723600864, 0.01752578094601631, 0.004803808405995369, 0.01894637756049633, 0.011866179294884205, 0.001514781848527491, 0.01781478151679039, 0.008785530924797058, 0.03420282155275345, 0.013803054578602314, 0.0007527961861342192, 0.02705977112054825, 0.01290852390229702, 0.01207332219928503, 0.008746749721467495, 0.01976545713841915, 0.006074094213545322, 0.012204021215438843, 0.012009354308247566, 0.015932774171233177, 0.011850684881210327, 0.030236132442951202, 0.02229948155581951, 0.0163665022701025, 0.013086478225886822, 0.0092496732249856, 0.028676318004727364, 0.02723611332476139, 0.00841432623565197, 0.028692353516817093, 0.01350474264472723, 0.0068387058563530445, 0.009190225973725319, 0.0012215976603329182, 0.006093698553740978, 0.0054719396866858006, 0.029333414509892464, 0.0029959073290228844, 0.008228041231632233, 0.011259819380939007, 0.020484941080212593, 0.013867245987057686, 0.015076951123774052, 0.021260928362607956, 5.9207708545727655e-05, 0.04051728546619415, 0.0019198692170903087, 0.008009584620594978, 0.0022704736329615116, 0.028047624975442886, 0.02351897582411766, 0.005044213496148586, 0.011570735834538937, 0.03185397386550903, 0.04371238499879837, 0.014008636586368084, 0.007823185995221138, 0.023239945992827415, 0.013238953426480293, 0.00787943135946989, 0.0177056435495615, 0.019172338768839836, 0.0013237298699095845, 0.02299387939274311, 0.013724694028496742, 0.009513871744275093, 0.021623944863677025, 0.008960963226854801, 0.012362323701381683, 0.008687308989465237, 0.013609065674245358, 0.004211456514894962, 0.006196411792188883, 0.017855865880846977, 0.012601494789123535, 0.024051008746027946, 0.03222818672657013, 0.010487415827810764, 0.010404238477349281, 0.012837390415370464, 0.008898494765162468, 0.003929066471755505, 0.024711409583687782, 0.005085642449557781, 0.020238934084773064, 0.014928360469639301, 0.019087251275777817, 0.023397762328386307, 0.024553073570132256, 0.004387312568724155, 0.006187844090163708, 0.004130932502448559, 0.01562342420220375]"
F205,"[0.0, 0.0, 0.0, 0.0, 0.0, 0.0, 0.0, 0.0, 0.0, 0.0, 0.0, 0.0, 0.0, 0.0, 0.0, 0.0, 0.0, 0.0, 0.0, 0.0, 0.0, 0.0, 0.0, 0.0, 0.0, 0.0, 0.0, 0.0, 0.0, 0.0, 0.0, 0.0, 0.0, 0.0, 0.0, 0.0, 0.0, 0.0, 0.0, 0.0, 0.0, 0.0, 0.0, 0.0, 0.0, 0.0, 0.0, 0.0, 0.0, 0.0, 0.0, 0.0, 0.0, 0.0, 0.0, 0.0, 0.0, 0.0, 0.0, 0.0, 0.0, 0.0, 0.0, 0.0, 0.0, 0.0, 0.0, 0.0, 0.0, 0.0, 0.0, 0.0, 0.0, 0.0, 0.0, 0.0, 0.0, 0.0, 0.0, 0.0, 0.0, 0.0, 0.0, 0.0, 0.0, 0.0, 0.0, 0.0, 0.0, 0.0, 0.0, 0.0, 0.0, 0.0, 0.0, 0.0, 0.0, 0.0, 0.0, 0.0, 0.0, 0.0, 0.0, 0.0, 0.0, 0.0, 0.0, 0.0, 0.0, 0.0, 0.0, 0.0, 0.0, 0.0, 0.0, 0.0, 0.0, 0.0, 0.0, 0.0, 0.0, 0.0, 0.0, 0.0, 0.0, 0.0, 0.0, 0.0]"
F206,"[0.04742405563592911, 0.015824057161808014, 0.07526110112667084, 0.027945108711719513, 0.0806766226887703, 0.10044972598552704, 0.05926046147942543, 0.015626847743988037, 0.031172221526503563, 0.08676900714635849, 0.07897250354290009, 0.0038198144175112247, 0.04149094223976135, 0.08102528005838394, 0.1249329224228859, 0.1621437966823578, 0.021095292642712593, 0.02490440011024475, 0.04401661083102226, 0.11855281889438629, 0.05222887918353081, 0.06584585458040237, 0.027508307248353958, 0.1083904504776001, 0.006574652157723904, 0.03906969726085663, 0.016374744474887848, 0.1312173455953598, 0.11315231025218964, 0.12693284451961517, 0.017480164766311646, 0.013210766948759556, 0.08108197897672653, 0.023895196616649628, 0.10795951634645462, 0.025655753910541534, 0.02942151390016079, 0.12663793563842773, 0.12596766650676727, 0.08698060363531113, 0.054474495351314545, 0.050937116146087646, 0.03577219322323799, 0.007983812130987644, 0.12077730894088745, 0.03596716746687889, 0.016692733392119408, 0.043531350791454315, 0.03236503526568413, 0.16483861207962036, 0.048878468573093414, 0.08461672067642212, 0.010517159476876259, 0.0720897763967514, 0.1036478653550148, 0.07872557640075684, 0.03759437054395676, 0.04060070961713791, 0.14914155006408691, 0.05088501051068306, 0.07367692142724991, 0.11814255267381668, 0.018153807148337364, 0.023664390668272972, 0.05962042137980461, 0.07536094635725021, 0.029951205477118492, 0.0351966992020607, 0.0713338702917099, 0.08449351042509079, 0.08599528670310974, 0.02536209113895893, 0.041655536741018295, 0.07926174253225327, 0.14186301827430725, 0.0338682122528553, 0.16405326128005981, 0.012121099047362804, 0.005827681161463261, 0.004388205241411924, 0.030400430783629417, 0.07623559981584549, 0.11163792759180069, 0.1391173005104065, 0.0744393989443779, 0.11290422081947327, 0.010645688511431217, 0.08155618607997894, 0.09595096856355667, 0.1263451725244522, 0.08400368690490723, 0.036790695041418076, 0.03141902759671211, 0.006081545725464821, 0.012299313209950924, 0.007634649984538555, 0.11162221431732178, 0.02441880665719509, 0.04011974856257439, 0.0008073101053014398, 0.005749021656811237, 0.06937316805124283, 0.009783273562788963, 0.05925840139389038, 0.024368301033973694, 0.018579479306936264, 0.14694391191005707, 0.03287158161401749, 0.07935213297605515, 0.031413231045007706, 0.0077176690101623535, 0.05993803218007088, 0.02169765718281269, 0.0013929479755461216, 0.028645463287830353, 0.16687330603599548, 0.09001406282186508, 0.01454158965498209, 0.1229984313249588, 0.018801754340529442, 0.06095535680651665, 0.06392405927181244, 0.045368753373622894, 0.09584525972604752, 0.11612002551555634, 0.03970327600836754, 0.10633263736963272, 0.07778604328632355]"
F207,"[0.028121910989284515, 0.03767870366573334, 0.049636632204055786, 0.05112171918153763, 0.030114369466900826, 0.1164156049489975, 0.013010449707508087, 0.044594813138246536, 0.105892613530159, 0.08703172951936722, 0.0035234324168413877, 0.03673209995031357, 0.07769045233726501, 0.0037667290307581425, 0.06203453242778778, 0.055945780128240585, 0.06737232208251953, 0.003676739754155278, 0.02410249039530754, 0.008020211942493916, 0.04755830019712448, 0.03688982501626015, 0.005983375012874603, 0.08318093419075012, 0.023387715220451355, 0.012489895336329937, 0.024709753692150116, 0.02044232375919819, 0.03471493721008301, 0.10654714703559875, 0.01434148009866476, 0.01701703481376171, 0.002531411126255989, 0.07526913285255432, 0.06819581240415573, 0.0233759805560112, 0.05970429256558418, 0.030283084139227867, 0.06724461913108826, 0.08676189184188843, 0.005986408796161413, 0.05457103252410889, 0.06703779846429825, 0.008137667551636696, 0.04164246469736099, 0.0464959479868412, 0.09747490286827087, 0.04498246684670448, 0.08807269483804703, 0.06431718915700912, 0.07793298363685608, 0.038225676864385605, 0.018562739714980125, 0.06184893101453781, 0.029253844171762466, 0.004081246443092823, 0.08049890398979187, 0.06597442924976349, 0.08598218858242035, 0.11111569404602051, 0.022072413936257362, 0.0792110487818718, 0.0554344579577446, 0.07984352856874466, 0.03932756558060646, 0.05590694397687912, 0.05831841751933098, 0.04041075333952904, 0.004579449538141489, 0.06420058012008667, 0.019424982368946075, 0.015159920789301395, 0.04267963767051697, 0.07712210714817047, 0.06061859056353569, 0.032356128096580505, 0.01896149478852749, 0.04608168825507164, 0.037920884788036346, 0.0032237209379673004, 0.008695577271282673, 0.014453747309744358, 0.030350511893630028, 0.06820356100797653, 0.00340726668946445, 0.042275723069906235, 0.08474908769130707, 0.0933835580945015, 0.04777112975716591, 0.04426845535635948, 0.10899724811315536, 0.028269292786717415, 0.06150306761264801, 0.016945023089647293, 0.04848099872469902, 0.045396048575639725, 0.021900013089179993, 0.06445010751485825, 0.008855711668729782, 0.04936692863702774, 0.020557641983032227, 0.08926693350076675, 0.029885023832321167, 0.0561487153172493, 0.008585876785218716, 0.029797568917274475, 0.044863760471343994, 0.08039244264364243, 0.04015081748366356, 0.03228216990828514, 0.03157362714409828, 0.06556231528520584, 0.041205573827028275, 0.061420951038599014, 0.026118958368897438, 0.0026887902058660984, 0.02760499157011509, 0.0058860476128757, 0.008233925327658653, 0.013919863849878311, 0.04402758553624153, 0.02330746501684189, 0.08947201073169708, 0.037820965051651, 0.013728274963796139, 0.037225574254989624, 0.0907244086265564, 0.017914004623889923]"
F208,"[0.12994766235351562, 0.15681859850883484, 0.10948560386896133, 0.037520527839660645, 0.03056921996176243, 0.11275358498096466, 0.006635085679590702, 0.04585717245936394, 0.031416624784469604, 0.02925119549036026, 0.1296389102935791, 0.10634630918502808, 0.022164618596434593, 0.0009680850780569017, 0.09353004395961761, 0.15228962898254395, 0.05712149664759636, 0.13598570227622986, 0.0238091591745615, 0.0125599205493927, 0.01038060151040554, 0.10034911334514618, 0.020104486495256424, 0.026107165962457657, 0.11878504604101181, 0.03039085678756237, 0.09144920110702515, 0.08748885244131088, 0.0027899115812033415, 0.005452709272503853, 0.02679823338985443, 0.15367324650287628, 0.1435154676437378, 0.159025639295578, 0.00511736748740077, 0.08213961124420166, 0.05032672733068466, 0.0008615563856437802, 0.10082485526800156, 0.029032869264483452, 0.06864138692617416, 0.011982366442680359, 0.11508270353078842, 0.11763200908899307, 0.021489745005965233, 0.08832243829965591, 0.04530901834368706, 0.09659004956483841, 0.00421565817669034, 0.051518432796001434, 0.07374685257673264, 0.015392417088150978, 0.04214733466506004, 0.03493349999189377, 0.04043906182050705, 0.12627728283405304, 0.053645793348550797, 0.0817379504442215, 0.06823259592056274, 0.05495626479387283, 0.09289265424013138, 0.028874598443508148, 0.05278841778635979, 0.03811042010784149, 0.08787526190280914, 0.0190667025744915, 0.13252197206020355, 0.035535987466573715, 0.07706370204687119, 0.06014532223343849, 0.07637739181518555, 0.006101379171013832, 0.02613985165953636, 0.002451009349897504, 0.11375891417264938, 0.12747520208358765, 0.11307922005653381, 0.047103285789489746, 0.013698390685021877, 0.14963112771511078, 0.08712870627641678, 0.010151341557502747, 0.07611514627933502, 0.12938812375068665, 0.044836509972810745, 0.12907487154006958, 0.010277745313942432, 0.02520749345421791, 0.07453253865242004, 0.1409042626619339, 0.037904202938079834, 0.05198291689157486, 0.0033949832431972027, 0.11110472679138184, 0.05999566614627838, 0.08000228554010391, 0.006932434160262346, 0.1463019698858261, 0.0662686824798584, 0.09458263963460922, 0.01488510798662901, 0.026119880378246307, 0.05503655597567558, 0.1615542620420456, 0.011287561617791653, 0.12471591681241989, 0.015047806315124035, 0.08818741887807846, 0.0016391081735491753, 0.02313850261271, 0.0633603110909462, 0.06299209594726562, 0.015754790976643562, 0.03270779550075531, 0.004114463459700346, 0.05519386753439903, 0.01893645152449608, 0.04122227802872658, 0.005422712303698063, 0.03268667683005333, 0.07276403903961182, 0.021600550040602684, 0.08986446261405945, 0.0469428226351738, 0.13890770077705383, 0.06280949711799622, 0.15376465022563934, 0.14011132717132568]"
F209,"[0.1596449464559555, 0.07784824818372726, 0.11216634511947632, 0.024589836597442627, 0.0960693284869194, 0.040371090173721313, 0.016714945435523987, 0.16784492135047913, 0.1537798047065735, 0.11391261965036392, 0.1785179078578949, 0.10545870661735535, 0.07652761787176132, 0.02411545440554619, 0.01011651661247015, 0.06333289295434952, 0.05993065983057022, 0.14077910780906677, 0.1110437884926796, 0.07540273666381836, 0.025894910097122192, 0.12096668034791946, 0.003611213294789195, 0.004268427845090628, 0.049601998180150986, 0.017816195264458656, 0.04931334778666496, 0.11359674483537674, 0.1877404898405075, 0.15185095369815826, 0.10778980702161789, 0.027791626751422882, 0.11758217215538025, 0.052552394568920135, 0.012675060890614986, 0.030780889093875885, 0.04697223752737045, 0.10623350739479065, 0.10832785069942474, 0.04058436304330826, 0.1127222552895546, 0.049547936767339706, 0.07491620630025864, 0.13063377141952515, 0.05857044458389282, 0.1322776973247528, 0.14946776628494263, 0.03011023811995983, 0.18331000208854675, 0.016313927248120308, 0.08222946524620056, 0.060419656336307526, 0.024111144244670868, 0.00947051215916872, 0.027753926813602448, 0.010695740580558777, 0.16811537742614746, 0.12093912065029144, 0.031672295182943344, 0.12062665075063705, 0.070170097053051, 0.09631624817848206, 0.013013969175517559, 0.15763401985168457, 0.02601567842066288, 0.05133047699928284, 0.010747483000159264, 0.12222795188426971, 0.05905976891517639, 0.04861804470419884, 0.1592869609594345, 0.01816519722342491, 0.040904827415943146, 0.010685253888368607, 0.0413757860660553, 0.13743628561496735, 0.045419469475746155, 0.06495767086744308, 0.011461387388408184, 0.09125121682882309, 0.05469287559390068, 0.10118578374385834, 0.00914756953716278, 0.009930453263223171, 0.052526459097862244, 0.056884974241256714, 0.09462280571460724, 0.07148265838623047, 0.15333378314971924, 0.014481700956821442, 0.01903223991394043, 0.006962227635085583, 0.06307005137205124, 0.09083756059408188, 0.12221114337444305, 0.07249225676059723, 0.08402096480131149, 0.05066388100385666, 0.06728888303041458, 0.08082166314125061, 0.11481791734695435, 0.10266905277967453, 0.013282201252877712, 0.015550758689641953, 0.13018180429935455, 0.10255361348390579, 0.0055376444943249226, 0.18505370616912842, 0.03577912598848343, 0.1737545281648636, 0.01927884854376316, 0.0008565400494262576, 0.10864774882793427, 0.1443130224943161, 0.08268899470567703, 0.06257495284080505, 0.0014597387053072453, 0.08828994631767273, 0.07282133400440216, 0.06826268881559372, 0.013104841113090515, 0.1373097002506256, 0.03956088051199913, 0.05110931769013405, 0.005488771479576826, 0.19066040217876434, 0.016839100047945976, 0.11998302489519119]"
F210,"[0.02839982882142067, 0.014524279162287712, 0.021242385730147362, 0.04679987579584122, 0.07779281586408615, 0.017040729522705078, 0.05760589614510536, 0.06540723890066147, 0.03351198509335518, 0.09068625420331955, 0.021423861384391785, 0.019119704142212868, 0.06596111506223679, 0.055951278656721115, 0.03343794122338295, 0.10910049080848694, 0.006394429598003626, 0.0759732723236084, 0.07314250618219376, 0.0629529282450676, 0.04673532024025917, 0.06997565925121307, 0.048642415553331375, 0.06591466069221497, 0.006820066832005978, 0.09125572443008423, 0.05317269265651703, 0.007666498888283968, 0.09859095513820648, 0.056768517941236496, 0.06702105700969696, 0.031601715832948685, 0.019864290952682495, 0.07430964708328247, 0.007099855225533247, 0.035298049449920654, 0.06669379770755768, 0.03818441554903984, 0.002354143187403679, 0.0669904574751854, 0.03801027685403824, 0.05800093710422516, 0.02914743311703205, 0.09082798659801483, 0.10186075419187546, 0.07814499735832214, 0.06889432668685913, 0.04692953824996948, 0.0467405766248703, 0.05629248917102814, 0.03909128159284592, 0.06743299216032028, 0.018433595076203346, 0.10414723306894302, 0.0023612198419868946, 0.04909996688365936, 0.04317330941557884, 0.048780255019664764, 0.041263483464717865, 0.03917112201452255, 0.04053444787859917, 0.056204501539468765, 0.052643220871686935, 0.06655025482177734, 0.05750687047839165, 0.040794312953948975, 0.05117614567279816, 0.0321827158331871, 0.0916881188750267, 0.019037073478102684, 0.020159509032964706, 0.08036396652460098, 0.054543640464544296, 0.06562463939189911, 0.07496814429759979, 0.025337206199765205, 0.010380689986050129, 0.010574945248663425, 0.02999432198703289, 0.012207139283418655, 0.03541336953639984, 0.059954505413770676, 0.013415835797786713, 0.024191556498408318, 0.07769367098808289, 0.08627629280090332, 0.08184027671813965, 0.07123380154371262, 0.051499124616384506, 0.04241541773080826, 0.019559912383556366, 0.03426248952746391, 0.06881123036146164, 0.022775493562221527, 0.039682209491729736, 0.058692775666713715, 0.005210070870816708, 0.037219271063804626, 0.062277503311634064, 0.05657600611448288, 0.017195753753185272, 0.000702526478562504, 0.027927283197641373, 0.04748149961233139, 0.01125579047948122, 0.02709702029824257, 0.10709196329116821, 0.008762191981077194, 0.05069496110081673, 0.025709087029099464, 0.009889171458780766, 0.022958306595683098, 0.055772922933101654, 0.040708575397729874, 0.08927766978740692, 0.011752700433135033, 0.07198266685009003, 0.034193750470876694, 0.011432063765823841, 0.003500883001834154, 0.06170261278748512, 0.05803676322102547, 0.022540034726262093, 0.030056647956371307, 0.07200015336275101, 0.01669468730688095, 0.022286342456936836, 0.061488233506679535]"
F211,"[0.03839431703090668, 0.0619189590215683, 0.008847318589687347, 0.0879204124212265, 0.05660918354988098, 0.025683512911200523, 0.0404786542057991, 0.07841889560222626, 0.08290255069732666, 0.02553737908601761, 0.07024949789047241, 0.07299723476171494, 0.015846233814954758, 0.018947143107652664, 0.13097797334194183, 0.006115547381341457, 0.06552600860595703, 0.04719465970993042, 0.005990803707391024, 0.07114525139331818, 0.057187266647815704, 0.08879122883081436, 0.014051622711122036, 0.11329349130392075, 0.060202814638614655, 0.032301295548677444, 0.05694840848445892, 0.11297714710235596, 0.03701779991388321, 0.06817921996116638, 0.12321669608354568, 0.020083582028746605, 0.020884647965431213, 0.06757999211549759, 0.0027795627247542143, 0.020832901820540428, 0.012639304623007774, 0.039904143661260605, 0.06537303328514099, 0.0827970802783966, 0.00620361790060997, 0.009608711116015911, 0.0627024695277214, 0.02698293700814247, 0.054265428334474564, 0.03401466831564903, 0.05911513417959213, 0.03523912653326988, 0.04179074615240097, 0.014316478744149208, 0.05042815953493118, 0.021918965503573418, 0.074772909283638, 0.03125963732600212, 0.06980907171964645, 0.01925305835902691, 0.09654809534549713, 0.04200119525194168, 0.00433134101331234, 0.03243821859359741, 0.013666106387972832, 0.019893791526556015, 0.05816272646188736, 0.03905617445707321, 0.02086813747882843, 0.038345471024513245, 0.04731869697570801, 0.07313618808984756, 0.014595485292375088, 0.022715652361512184, 0.01998482458293438, 0.038587599992752075, 0.007405091542750597, 0.013881135731935501, 0.03078876994550228, 0.06614729017019272, 0.0003140959015581757, 0.02738051675260067, 0.05693884566426277, 0.00549268675968051, 0.014940105378627777, 0.022244814783334732, 0.018503809347748756, 0.008808708749711514, 0.022178461775183678, 0.018737979233264923, 0.0026811868883669376, 0.010796966962516308, 0.030024757608771324, 0.0688152089715004, 0.04783913120627403, 0.08893614262342453, 0.011903091333806515, 0.06803043186664581, 0.03548220917582512, 0.06553466618061066, 0.029812397435307503, 0.08289267867803574, 0.013455270789563656, 0.02869519777595997, 0.006591229233890772, 0.0994110032916069, 0.03546864911913872, 0.08612193167209625, 0.0036474012304097414, 0.036910273134708405, 0.028159314766526222, 0.02319774031639099, 0.07361804693937302, 0.032481539994478226, 0.0922161191701889, 0.1269168257713318, 0.005436019506305456, 0.0027673570439219475, 0.016037369146943092, 0.12326744943857193, 0.004784409888088703, 0.03688625618815422, 0.0497620515525341, 0.08543374389410019, 0.0060594030655920506, 0.016991490498185158, 0.0062704021111130714, 0.03286417946219444, 0.0074523272924125195, 0.004664255306124687, 0.049474313855171204, 0.04565323144197464]"
F212,"[0.12912796437740326, 0.2292279750108719, 0.19767090678215027, 0.2021145075559616, 0.09477407485246658, 0.03600258380174637, 0.09487347304821014, 0.104437455534935, 0.09522060304880142, 0.1370263248682022, 0.15365521609783173, 0.09446454048156738, 0.15870052576065063, 0.05579690635204315, 0.017488669604063034, 0.11178675293922424, 0.05637907609343529, 0.2556210160255432, 0.1513601392507553, 0.2330564707517624, 0.01281533669680357, 0.08197128772735596, 0.1673668473958969, 0.06286901235580444, 0.013530140742659569, 0.16854128241539001, 0.07889478653669357, 0.1850164383649826, 0.24463245272636414, 0.0378936231136322, 0.1421218365430832, 0.09346082806587219, 0.16035878658294678, 0.22488506138324738, 0.07694143801927567, 0.0572698712348938, 0.03392863646149635, 0.20176713168621063, 0.15047529339790344, 0.1067795604467392, 0.20082813501358032, 0.07600237429141998, 0.05983872711658478, 0.06283437460660934, 0.14916019141674042, 0.0834425538778305, 0.06725888699293137, 0.024229880422353745, 0.1972891241312027, 0.011252954602241516, 0.2314455807209015, 0.012032200582325459, 0.15949977934360504, 0.11188044399023056, 0.01913381740450859, 0.17066389322280884, 0.1727098822593689, 0.07520134001970291, 0.11854519695043564, 0.21847717463970184, 0.15855130553245544, 0.13919800519943237, 0.06352626532316208, 0.10126311331987381, 0.06815488636493683, 0.06419689208269119, 0.059469860047101974, 0.08153896778821945, 0.17700232565402985, 0.1322217583656311, 0.07925307005643845, 0.0020359032787382603, 0.001546356244944036, 0.16740292310714722, 0.08216789364814758, 0.1328413337469101, 0.04371083155274391, 0.07667838782072067, 0.031289681792259216, 0.09072019904851913, 0.06687863171100616, 0.14818860590457916, 0.10346398502588272, 0.17005555331707, 0.07522770762443542, 0.17687343060970306, 0.11487958580255508, 0.16910004615783691, 0.09586407244205475, 0.10902171581983566, 0.18677884340286255, 0.0808902457356453, 0.12842662632465363, 0.15663491189479828, 0.15871043503284454, 0.12007205933332443, 0.16548745334148407, 0.06862984597682953, 0.12405335903167725, 0.07216788083314896, 0.08799558877944946, 0.13517944514751434, 0.1161666065454483, 0.12483532726764679, 0.184017613530159, 0.10410962998867035, 0.06310008466243744, 0.14696985483169556, 0.11995042860507965, 0.10657574236392975, 0.04053235426545143, 0.04263202100992203, 0.07151899486780167, 0.1040899008512497, 0.10924708843231201, 0.07508718967437744, 0.059810493141412735, 0.1051192432641983, 0.03379402309656143, 0.0795132964849472, 0.0446624755859375, 0.1265929937362671, 0.1784444898366928, 0.053232837468385696, 0.21393679082393646, 0.09163117408752441, 0.06187564879655838, 0.035755276679992676]"
F213,"[0.01113913394510746, 0.012487472966313362, 0.03155311569571495, 0.093913234770298, 0.0136231305077672, 0.0478680245578289, 0.004116974305361509, 0.01495953369885683, 0.004553918726742268, 0.13604697585105896, 0.03783723711967468, 0.04217705503106117, 0.006283654365688562, 0.05811994895339012, 0.047072406858205795, 0.09316189587116241, 0.01828157715499401, 0.06102092191576958, 0.030905134975910187, 0.008356896229088306, 0.06331048905849457, 0.0019367288332432508, 0.05029136314988136, 0.018963413313031197, 0.02208506129682064, 0.04193534702062607, 0.02994568459689617, 0.04384523630142212, 0.025961371138691902, 0.01622755639255047, 0.06363452225923538, 0.019056295976042747, 0.02777501754462719, 0.03481626883149147, 0.011567510664463043, 0.013682625256478786, 0.038898684084415436, 0.05092371627688408, 0.049339618533849716, 0.13272516429424286, 0.09683632105588913, 0.02333294041454792, 0.10100991278886795, 0.03891333192586899, 0.03203023225069046, 0.07457160204648972, 0.028903532773256302, 0.04806488752365112, 0.012375935912132263, 0.055081840604543686, 0.02937503717839718, 0.017154479399323463, 0.02093171328306198, 0.02331547439098358, 0.0425664484500885, 0.06949131190776825, 0.007637726608663797, 0.02245701104402542, 0.04907815530896187, 0.010048894211649895, 0.07861873507499695, 0.0599348321557045, 0.1149597242474556, 0.03229226544499397, 0.0554436631500721, 0.05524471774697304, 0.07373429089784622, 0.01479732058942318, 0.028767120093107224, 0.10876845568418503, 0.053507838398218155, 0.0345672108232975, 0.08988012373447418, 0.0647411197423935, 0.0749732181429863, 0.04069393128156662, 0.0437549389898777, 0.039409320801496506, 0.03329385071992874, 0.11026301234960556, 0.04915115609765053, 0.03638236224651337, 0.013265972025692463, 0.07953568547964096, 0.03838847205042839, 0.031168919056653976, 0.05381361395120621, 0.022951627150177956, 0.005490536335855722, 0.0726151168346405, 0.0642474889755249, 0.06572925299406052, 0.06111464276909828, 0.06182696297764778, 0.06839191168546677, 0.04566655680537224, 0.03111245483160019, 0.09937077015638351, 0.02265023998916149, 0.008609173819422722, 0.009067430160939693, 0.058496784418821335, 0.09405753761529922, 0.026881834492087364, 0.037656236439943314, 0.026736201718449593, 0.0375903882086277, 0.09741216152906418, 0.073426753282547, 0.013835418038070202, 0.07988256961107254, 0.09821745753288269, 0.07067882269620895, 0.03528742864727974, 0.010880465619266033, 0.11311190575361252, 0.014427969232201576, 0.06670615077018738, 0.02022838033735752, 0.06106486916542053, 0.024778438732028008, 0.07121466845273972, 0.11207490414381027, 0.005775792524218559, 0.06468307971954346, 0.04641896113753319, 0.08318447321653366, 0.08953963965177536]"
F214,"[0.004623786546289921, 0.015973925590515137, 0.005737731233239174, 0.011133004911243916, 0.02055693231523037, 0.00014802333316765726, 0.009900183416903019, 0.010864004492759705, 0.005889725871384144, 0.018427647650241852, 0.025216659530997276, 0.008203350007534027, 0.004584735259413719, 0.007279204670339823, 0.04256941005587578, 0.038372237235307693, 0.0008964737644419074, 0.007413868792355061, 0.007767730858176947, 0.01217213086783886, 0.0037615259643644094, 0.014705289155244827, 0.02087971195578575, 0.030124995857477188, 0.0017295629950240254, 0.013431341387331486, 0.008259929716587067, 0.02389087714254856, 0.006678116973489523, 0.022107603028416634, 0.0016490468988195062, 0.002845684764906764, 0.021886074915528297, 0.007217911537736654, 0.019533513113856316, 0.017897021025419235, 0.007745021488517523, 0.007034306414425373, 0.0037425956688821316, 0.036177825182676315, 0.017014360055327415, 0.018067358061671257, 0.02010643668472767, 0.0029871852602809668, 0.019185204058885574, 0.003534401534125209, 0.012010769918560982, 0.008193641901016235, 0.02219436876475811, 0.0023902980610728264, 0.021786320954561234, 0.01495091337710619, 0.027284488081932068, 0.009930402971804142, 0.006016956642270088, 0.02500402182340622, 0.010482818819582462, 0.019333934411406517, 0.009716705419123173, 0.003671417711302638, 0.007275203708559275, 0.0005238375742919743, 0.0005611611413769424, 0.012008205987513065, 0.008887879550457, 0.010424718260765076, 0.004707261919975281, 0.00993202906101942, 0.013227729126811028, 0.010700017213821411, 0.008335615508258343, 0.0009019668796099722, 0.007706217467784882, 0.0034791326615959406, 0.024655969813466072, 0.015256313607096672, 0.007754681631922722, 0.023491399362683296, 0.010014020837843418, 0.010755754075944424, 0.00688840402290225, 0.013740159571170807, 0.018469512462615967, 0.0245855413377285, 0.0017749903490766883, 0.006679109763354063, 0.01887916773557663, 0.005359569098800421, 0.0036255510058254004, 0.035590142011642456, 0.006531650200486183, 0.02232462726533413, 0.013482727110385895, 0.00872253067791462, 0.033746138215065, 0.009602315723896027, 0.0017716808943077922, 0.005649701692163944, 0.006925801280885935, 0.006452757865190506, 0.024646293371915817, 0.022694185376167297, 0.02194279618561268, 0.013782089576125145, 0.001362934010103345, 0.016993042081594467, 0.006984952371567488, 0.013667519204318523, 0.01894712634384632, 0.02472805604338646, 0.0363733246922493, 0.012162786908447742, 0.002913763979449868, 0.01982893794775009, 0.011362616904079914, 0.02620050311088562, 0.004617458675056696, 0.011333396658301353, 0.005246329121291637, 0.021361323073506355, 0.011715502478182316, 0.005467658396810293, 0.008386658504605293, 0.007905643433332443, 0.007516080513596535, 0.020130466669797897, 0.008172581903636456, 0.014956212602555752]"
F215,"[0.009439616464078426, 0.007715579122304916, 0.015656141564249992, 0.0033812960609793663, 0.00473801651969552, 0.006379977334290743, 0.00037958024768158793, 0.001913584303110838, 0.012513570487499237, 0.013349788263440132, 0.006427420768886805, 0.003994092810899019, 0.014467030763626099, 0.0014189372304826975, 0.007232841104269028, 0.016337335109710693, 0.0019569317810237408, 0.00801453273743391, 0.007758240681141615, 0.005032805725932121, 0.006280005909502506, 0.009646829217672348, 0.01522715575993061, 0.002754335291683674, 0.013017005287110806, 0.004287952557206154, 0.012629806995391846, 0.004737392999231815, 0.00346249807626009, 0.010713279247283936, 0.0028234331402927637, 0.004339639563113451, 0.003884526202455163, 0.012125784531235695, 0.003273487789556384, 0.009869981557130814, 0.0004996286588720977, 0.011235635727643967, 0.0040892791002988815, 0.00036530036595650017, 0.00723375054076314, 0.010834543034434319, 0.010943176224827766, 0.012049909681081772, 0.0034815696999430656, 0.006337152328342199, 0.015659470111131668, 0.008881531655788422, 0.005901276133954525, 0.007306249346584082, 0.00775957154110074, 0.0004077883204445243, 0.00820576585829258, 0.01419417280703783, 0.014723674394190311, 0.009509284049272537, 0.0047828503884375095, 0.005785451736301184, 0.014450987800955772, 0.010278092697262764, 0.005173178389668465, 0.005049406085163355, 0.00522227305918932, 0.0075176311656832695, 0.000733949535060674, 0.011675512418150902, 0.006459235679358244, 0.008363795466721058, 0.011907100677490234, 0.001020386116579175, 0.013337800279259682, 0.014264234341681004, 0.011715667322278023, 0.01197329256683588, 0.004254188388586044, 0.004013169091194868, 0.005527576897293329, 0.010379775427281857, 0.014215650036931038, 0.016170045360922813, 0.004433942027390003, 0.010273111052811146, 0.011816023848950863, 0.003783123567700386, 0.014664298854768276, 0.01602121815085411, 0.012791396118700504, 0.00726138474419713, 0.006791769526898861, 0.0023765761870890856, 0.001106159295886755, 0.013041552156209946, 0.002132726600393653, 0.013166888616979122, 0.002984442748129368, 0.015967126935720444, 0.004662500228732824, 0.01480941753834486, 0.0028116353787481785, 0.004246164578944445, 0.015685807913541794, 0.016465473920106888, 0.018485547974705696, 0.007984204217791557, 0.008750022388994694, 0.004445153288543224, 0.001167259062640369, 0.006070754956454039, 0.01907571591436863, 0.0006593324360437691, 0.015727579593658447, 0.013586283661425114, 0.013553370721638203, 0.008568758144974709, 0.008594956248998642, 0.004398188088089228, 0.0005145318573340774, 0.01898445002734661, 0.00030929490458220243, 0.013401703909039497, 0.00567906117066741, 0.004241584800183773, 0.008956307545304298, 0.0065436214208602905, 0.0012939287116751075, 0.00880737416446209, 0.006943963933736086, 0.0037144627422094345]"
F216,"[0.011846210807561874, 0.009058000519871712, 0.06910906732082367, 0.006472889333963394, 0.0749918520450592, 0.00417920108884573, 0.038926862180233, 0.021183360368013382, 0.021601535379886627, 0.030001502484083176, 0.058831531554460526, 0.025106068700551987, 0.007005876861512661, 0.12455394119024277, 0.021151592954993248, 0.04552175849676132, 0.07706515491008759, 0.012660762295126915, 0.049026746302843094, 0.051054973155260086, 0.0023035677149891853, 0.0038476299960166216, 0.02742963284254074, 0.04423221945762634, 0.08983153104782104, 0.0010327525669708848, 0.005462937988340855, 0.16137002408504486, 0.02395070157945156, 0.016206298023462296, 0.07466428726911545, 0.10419809818267822, 0.08302696794271469, 0.09197565168142319, 0.02088484913110733, 0.05915317311882973, 0.002042895182967186, 0.024333570152521133, 0.027879294008016586, 0.025639358907938004, 0.10859750211238861, 0.1074613630771637, 0.09841766208410263, 0.025585122406482697, 0.04022269323468208, 0.08279677480459213, 0.119233638048172, 0.06472820788621902, 0.06337585300207138, 0.12446056306362152, 0.017976874485611916, 0.03838725388050079, 0.05225132405757904, 0.0014772508293390274, 0.010206499136984348, 0.03412698954343796, 0.02432410605251789, 0.027440115809440613, 0.06251455843448639, 0.07361394912004471, 0.023599468171596527, 0.055754125118255615, 0.07369068264961243, 0.030429372563958168, 0.02815886214375496, 0.030969643965363503, 0.007840397767722607, 0.11398956179618835, 0.0926608070731163, 0.06742199510335922, 0.07012420892715454, 0.016759881749749184, 0.00732667138800025, 0.04423423483967781, 0.006532629020512104, 0.09252463281154633, 0.03274373337626457, 0.04118678346276283, 0.07878360897302628, 0.05157428979873657, 0.01480740588158369, 0.016222966834902763, 0.06669724732637405, 0.020932063460350037, 0.04502140358090401, 0.029728194698691368, 0.008475800976157188, 0.005115940701216459, 0.03981636092066765, 0.014232279732823372, 0.0024885842576622963, 0.027495110407471657, 0.04799727723002434, 0.06647724658250809, 0.0066561331041157246, 0.07838204503059387, 0.040773358196020126, 0.09169795364141464, 0.053329113870859146, 0.09170090407133102, 0.08619632571935654, 0.021755533292889595, 0.08564393222332001, 0.04456989839673042, 0.05518710985779762, 0.09673656523227692, 0.024827394634485245, 0.07957351207733154, 0.05617043375968933, 0.07123712450265884, 0.012190446257591248, 0.07062473893165588, 0.10019081085920334, 0.030185483396053314, 0.016285495832562447, 0.008168146014213562, 0.01171706710010767, 0.06048138067126274, 0.08928006142377853, 0.09688713401556015, 0.004081679508090019, 0.04213985428214073, 0.001999226398766041, 0.07577183097600937, 0.020086409524083138, 0.07621593028306961, 0.015623539686203003, 0.07470594346523285]"
F217,"[0.03736618161201477, 0.06519005447626114, 0.0230108629912138, 0.0019149541622027755, 0.01851896569132805, 0.1573513299226761, 0.031150754541158676, 0.027211401611566544, 0.05506075546145439, 0.0011500671971589327, 0.02000376209616661, 0.1277248114347458, 0.0006626098765991628, 0.09057176113128662, 0.06641250848770142, 0.043039772659540176, 0.09463901072740555, 0.03308045119047165, 0.05253998562693596, 0.058591365814208984, 0.04649299383163452, 0.008641629479825497, 0.055357273668050766, 0.05685005709528923, 0.09965050220489502, 0.0635036751627922, 0.026690859347581863, 0.0827043354511261, 0.08580785989761353, 0.08768334239721298, 0.07268548011779785, 0.06206611171364784, 0.05050665885210037, 0.05417933687567711, 0.07974056899547577, 0.13304173946380615, 0.046731166541576385, 0.005114592146128416, 0.01755429431796074, 0.04913279786705971, 0.03936261683702469, 0.02634754776954651, 0.04702133685350418, 0.01979205571115017, 0.10658205300569534, 0.10718682408332825, 0.048493608832359314, 0.007646728772670031, 0.0992041602730751, 0.03077669069170952, 0.0014456015778705478, 0.04521353170275688, 0.016004998236894608, 0.0655076876282692, 0.10176480561494827, 0.0026427186094224453, 0.04623175412416458, 0.07801583409309387, 0.017752250656485558, 0.05319596454501152, 0.12289237231016159, 0.011110120452940464, 0.001181155676022172, 0.08838075399398804, 0.058684300631284714, 0.1236223578453064, 0.003522239625453949, 0.06685933470726013, 0.008611162193119526, 3.8483194657601416e-05, 0.07332339882850647, 0.0518316887319088, 0.01640654169023037, 0.07965293526649475, 0.04370998591184616, 0.09973234683275223, 0.08735357969999313, 0.10963548719882965, 0.008811770007014275, 0.0322880782186985, 0.03909112140536308, 0.059262216091156006, 0.0571635477244854, 0.1834508776664734, 0.009654426947236061, 0.03725998103618622, 0.026041081175208092, 0.06387630850076675, 0.0028316276147961617, 0.004526121541857719, 0.014933871105313301, 0.017587954178452492, 0.13619188964366913, 0.10809025168418884, 0.008794146589934826, 0.0016067430842667818, 0.012991420924663544, 0.022754518315196037, 0.03213212639093399, 0.008182945661246777, 0.08030448108911514, 0.0632038339972496, 0.04078393429517746, 0.11062166094779968, 0.039200421422719955, 0.02486996352672577, 0.05355057492852211, 0.02481216751039028, 0.006040011532604694, 0.07960841059684753, 0.02747279219329357, 0.0030812639743089676, 0.02601007930934429, 0.01972658559679985, 0.07887889444828033, 0.053446218371391296, 0.06948909163475037, 0.12950682640075684, 0.10658557713031769, 0.053048986941576004, 0.04801847040653229, 0.00018219492631033063, 0.06303449720144272, 0.04210985451936722, 0.11180173605680466, 0.08277478814125061, 0.036951497197151184, 0.009450850076973438]"
F218,"[0.1715657114982605, 0.22710448503494263, 0.07927684485912323, 0.10086329281330109, 0.025456734001636505, 0.01124328188598156, 0.009309171698987484, 0.2189832329750061, 0.05497147515416145, 0.10657786577939987, 0.13888803124427795, 0.0889146700501442, 0.010063019581139088, 0.06975921988487244, 0.023654282093048096, 0.06991903483867645, 0.035724904388189316, 0.2151891142129898, 0.13105762004852295, 0.13910022377967834, 0.05950131267309189, 0.1432012915611267, 0.2279106080532074, 0.01374017633497715, 0.007990383543074131, 0.12008024007081985, 0.11221866309642792, 0.19712013006210327, 0.13802136480808258, 0.057740215212106705, 0.15199200809001923, 0.12408402562141418, 0.0604231059551239, 0.20471599698066711, 0.04034758359193802, 0.048187438398599625, 0.06251976639032364, 0.17451691627502441, 0.16494068503379822, 0.08220785856246948, 0.06839266419410706, 0.14631949365139008, 0.19093666970729828, 0.028027521446347237, 0.09636472165584564, 0.18745315074920654, 0.02745952643454075, 0.09627363830804825, 0.20190928876399994, 0.12752629816532135, 0.11217369139194489, 0.10754937678575516, 0.0684569925069809, 0.1876382976770401, 0.09182443469762802, 0.11125639826059341, 0.15818749368190765, 0.13075804710388184, 0.04416292905807495, 0.06074964627623558, 0.07114169746637344, 0.14099448919296265, 0.08701054006814957, 0.13489893078804016, 0.07676344364881516, 0.08448584377765656, 0.17456552386283875, 0.05115487053990364, 0.07750895619392395, 0.02344408445060253, 0.13117952644824982, 0.10779280960559845, 0.026357144117355347, 0.0013840303290635347, 0.13760747015476227, 0.1594070941209793, 0.11768048256635666, 0.047295551747083664, 0.0022690880578011274, 0.08581487834453583, 0.09005479514598846, 0.16846126317977905, 0.12939295172691345, 0.23985928297042847, 0.19171753525733948, 0.06601156294345856, 0.10439877212047577, 0.008464009501039982, 0.17270606756210327, 0.014057372696697712, 0.07325026392936707, 0.16376902163028717, 0.17767350375652313, 0.19212129712104797, 0.14078891277313232, 0.018939457833766937, 0.17972493171691895, 0.10717044025659561, 0.27056458592414856, 0.11256435513496399, 0.023861926048994064, 0.23140482604503632, 0.13177840411663055, 0.12061810493469238, 0.11757338792085648, 0.17928579449653625, 0.12259480357170105, 0.14029771089553833, 0.02349771559238434, 0.03481512889266014, 0.037634119391441345, 0.05774504691362381, 0.0922149121761322, 0.13952715694904327, 0.22162452340126038, 0.06901316344738007, 0.07847336679697037, 0.08382450044155121, 0.12405315041542053, 0.19759276509284973, 0.13452105224132538, 0.0869050845503807, 0.10779252648353577, 0.13929568231105804, 0.14412470161914825, 0.23235377669334412, 0.1396837681531906, 0.14846529066562653]"
F219,"[0.05844103544950485, 0.18378548324108124, 0.1568063199520111, 0.11011668294668198, 0.07878288626670837, 0.06781255453824997, 0.15330463647842407, 0.20839551091194153, 0.17622604966163635, 0.17001397907733917, 0.09900107234716415, 0.2367139458656311, 0.15906491875648499, 0.0400475449860096, 0.0593993254005909, 0.03177295997738838, 0.005154043901711702, 0.06020551547408104, 0.168431356549263, 0.21291212737560272, 0.15131135284900665, 0.1903625726699829, 0.12582023441791534, 0.017506366595625877, 0.10617734491825104, 0.05888514965772629, 0.15066039562225342, 0.16691790521144867, 0.1554109752178192, 0.14086322486400604, 0.0242645051330328, 0.1283530443906784, 0.08141884207725525, 0.10083082318305969, 0.015985630452632904, 0.0910501629114151, 0.1222139224410057, 0.17791643738746643, 0.11018256843090057, 0.032548535615205765, 0.03034169226884842, 0.07308679074048996, 0.10349193960428238, 0.20150086283683777, 0.15280278027057648, 0.11333075910806656, 0.08875567466020584, 0.1337912231683731, 0.183010533452034, 0.19435188174247742, 0.24405357241630554, 0.10784893482923508, 0.010063949972391129, 0.16776007413864136, 0.022508185356855392, 0.1816147118806839, 0.17791134119033813, 0.10065341740846634, 0.01753905788064003, 0.14968271553516388, 0.1334739625453949, 0.1535179764032364, 0.08815425634384155, 0.18374502658843994, 0.10617049038410187, 0.1468629240989685, 0.0456581637263298, 0.019180243834853172, 0.20151177048683167, 0.012775609269738197, 0.1853204220533371, 0.04754183068871498, 0.15300105512142181, 0.04948830232024193, 0.03788120672106743, 0.12781932950019836, 0.036971092224121094, 0.09035606682300568, 0.038801949471235275, 0.08082560449838638, 0.03536051884293556, 0.08307922631502151, 0.12498635053634644, 0.14848966896533966, 0.16066080331802368, 0.06127433106303215, 0.05482420325279236, 0.1275739073753357, 0.23866812884807587, 0.038712628185749054, 0.18255959451198578, 0.10929907113313675, 0.13553188741207123, 0.09616691619157791, 0.07860901951789856, 0.1441621631383896, 0.059789203107357025, 0.02228594571352005, 0.09466656297445297, 0.03684291988611221, 0.02178345061838627, 0.1361631453037262, 0.13012096285820007, 0.12258266657590866, 0.0804031640291214, 0.1576310396194458, 0.158078134059906, 0.23857878148555756, 0.1477927267551422, 0.19774462282657623, 0.09200506657361984, 0.03236295282840729, 0.1494343876838684, 0.12116590887308121, 0.11121015250682831, 0.03991658240556717, 0.06346673518419266, 0.20238962769508362, 0.06559138000011444, 0.1919880509376526, 0.15362651646137238, 0.12033036351203918, 0.13358092308044434, 0.1319541335105896, 0.11771904677152634, 0.2388313114643097, 0.06386768072843552, 0.10693120956420898]"
F220,"[0.06516148149967194, 0.06409237533807755, 0.03765232861042023, 0.08979319036006927, 0.0982661023736, 0.0712522342801094, 0.09568504244089127, 0.006050474476069212, 0.02670167200267315, 0.028060615062713623, 0.003912258893251419, 0.035399097949266434, 0.007023386191576719, 0.04489326477050781, 0.0033882015850394964, 0.08015312999486923, 0.03761883080005646, 0.05290692299604416, 0.05033312737941742, 0.04469119384884834, 0.020206891000270844, 0.00457792729139328, 0.015772078186273575, 0.0740075632929802, 0.0061905113980174065, 0.026793647557497025, 0.10247070342302322, 0.051128216087818146, 0.015239352360367775, 0.06221742555499077, 0.08876309543848038, 0.06155475974082947, 0.014735535718500614, 0.07851185649633408, 0.1051725447177887, 0.008739600889384747, 0.09318636357784271, 0.08568119257688522, 0.026699693873524666, 0.0782303586602211, 0.019558049738407135, 0.012806539423763752, 0.010238214395940304, 0.018021447584033012, 0.039162527769804, 0.09060482680797577, 0.0011014684569090605, 0.08093957602977753, 0.03494373336434364, 0.053264692425727844, 0.07937318086624146, 0.0418267659842968, 0.019314125180244446, 0.08969733864068985, 0.0012802492128685117, 0.021796122193336487, 0.03827878460288048, 0.06849014759063721, 0.04645223915576935, 0.07881247997283936, 0.04248875752091408, 0.04981169477105141, 0.09002905339002609, 0.015638170763850212, 0.015548116527497768, 0.02524896152317524, 0.036878302693367004, 0.01891457661986351, 0.053655024617910385, 0.06670306622982025, 0.015966732054948807, 0.03385904058814049, 0.027521083131432533, 0.044674813747406006, 0.030211325734853745, 0.052560582756996155, 0.036472782492637634, 0.047775886952877045, 0.0684257224202156, 0.05007419362664223, 0.07865043729543686, 0.017702113837003708, 0.03721664100885391, 0.0023481352254748344, 0.028282711282372475, 0.016917362809181213, 0.06393033266067505, 0.016838913783431053, 0.0661836564540863, 0.038094837218523026, 0.03769659996032715, 0.04236378148198128, 0.049997251480817795, 0.05208626762032509, 0.06616116315126419, 0.06545258313417435, 0.09843302518129349, 0.028554275631904602, 0.019196638837456703, 0.025883454829454422, 0.04222330451011658, 0.006441209930926561, 0.10403558611869812, 0.03144056722521782, 0.03101653791964054, 0.09984572976827621, 0.018390018492937088, 0.07073541730642319, 0.051863573491573334, 0.03404872119426727, 0.015536302700638771, 0.007253051269799471, 0.007226885296404362, 0.014027656987309456, 0.007862569764256477, 0.07581506669521332, 0.05128683149814606, 0.02843436598777771, 0.07456419616937637, 0.004296431317925453, 0.013281728141009808, 0.07284924387931824, 0.03539798781275749, 0.09647946059703827, 0.014859349466860294, 0.051772382110357285, 0.06807392090559006, 0.08007468283176422]"
F221,"[0.008515657857060432, 0.016600782051682472, 0.027728987857699394, 0.03443637117743492, 0.025152381509542465, 0.02009333297610283, 0.018516508862376213, 0.04483317956328392, 0.02333245798945427, 0.011563356965780258, 0.003377120476216078, 0.0066306814551353455, 0.010749146342277527, 0.005583697929978371, 0.018705246970057487, 0.07863724231719971, 0.08949531614780426, 0.03922547399997711, 0.05217114835977554, 0.08410318940877914, 0.002207230543717742, 0.007910349406301975, 0.023205457255244255, 0.03846514970064163, 0.04509127885103226, 0.04923935607075691, 0.0021019685082137585, 0.0082461042329669, 0.014254926703870296, 0.02595248632133007, 0.05616952106356621, 0.014771569520235062, 0.00483767269179225, 0.04598411172628403, 0.01867559924721718, 0.06302940100431442, 0.03247012943029404, 0.039440687745809555, 0.0005815357435494661, 0.036586467176675797, 0.0803041085600853, 0.011914140544831753, 0.03993167728185654, 0.015247269533574581, 0.033528026193380356, 0.02406432293355465, 0.07200881093740463, 0.0017083981074392796, 0.011073637753725052, 0.017730847001075745, 0.02522946149110794, 0.034722261130809784, 0.024874448776245117, 0.0545576736330986, 0.03360014781355858, 0.02414722740650177, 0.0157539714127779, 0.012898551300168037, 0.05711757764220238, 0.03136429935693741, 0.039175231009721756, 0.06071256473660469, 0.022458121180534363, 0.02218521572649479, 0.015536476857960224, 0.02286735363304615, 0.07864958047866821, 0.016057681292295456, 0.04329340532422066, 0.0854613408446312, 0.04432515799999237, 0.06627310812473297, 0.06006599962711334, 0.023583872243762016, 0.012540409341454506, 0.03847162798047066, 0.01142384298145771, 0.0537455715239048, 0.11500068753957748, 0.0487961582839489, 0.08813167363405228, 0.06692318618297577, 0.01874781772494316, 0.03494269400835037, 0.07686523348093033, 0.05551839992403984, 0.028691085055470467, 0.10714740306138992, 0.0014854999026283622, 0.05989823490381241, 0.061263557523489, 0.05335993692278862, 0.047766342759132385, 0.007649952080100775, 0.013543615117669106, 0.06874601542949677, 0.08145123720169067, 0.07527058571577072, 0.0059739346615970135, 0.07510414719581604, 0.016119785606861115, 0.00637496542185545, 0.045261282473802567, 0.018310150131583214, 0.05498669669032097, 0.008992874994874, 0.041426610201597214, 0.014826446771621704, 0.04414396360516548, 0.020160706713795662, 0.03538944944739342, 0.06373291462659836, 0.06059790775179863, 0.1147766187787056, 0.06210862845182419, 0.04412047937512398, 0.029680250212550163, 0.07128749042749405, 0.039618536829948425, 0.042616382241249084, 0.05457090586423874, 0.03410317003726959, 0.04567578807473183, 0.06512641161680222, 0.003330846782773733, 0.006013865582644939, 0.06324531883001328, 0.013943876139819622]"
F222,"[0.012251262553036213, 0.011943391524255276, 0.00563347851857543, 0.06820523738861084, 0.034637704491615295, 0.07832206040620804, 0.05464689061045647, 0.06402239203453064, 0.04394923150539398, 0.04217628017067909, 0.05794171243906021, 0.04156242683529854, 0.028926854953169823, 0.009060675278306007, 0.01912548393011093, 0.05532468482851982, 0.07961136102676392, 0.0961124449968338, 0.055358778685331345, 0.03171475976705551, 0.08794622868299484, 0.038370560854673386, 0.023320037871599197, 0.04574895277619362, 0.0744987279176712, 0.028471045196056366, 0.026227878406643867, 0.14075985550880432, 0.05069110915064812, 0.09312296658754349, 0.1849917322397232, 0.12115473300218582, 0.03662421181797981, 0.020556168630719185, 0.10246074944734573, 0.045339688658714294, 0.0968063548207283, 0.036899685859680176, 0.057261887937784195, 0.06227312982082367, 0.07732440531253815, 0.020544735714793205, 0.03319372609257698, 0.027654487639665604, 0.04366074129939079, 0.013375185430049896, 0.09940498322248459, 0.07036474347114563, 0.019666042178869247, 0.0819772407412529, 0.015165501274168491, 0.06118106096982956, 0.003838580334559083, 0.0814618319272995, 0.11134444922208786, 0.0035063407849520445, 0.10021689534187317, 0.0734541118144989, 0.03238041326403618, 0.030726339668035507, 0.04785272851586342, 0.03925750032067299, 0.08451345562934875, 0.12937313318252563, 0.0034976087044924498, 0.06613915413618088, 0.04278102144598961, 0.11690246313810349, 0.052947837859392166, 0.08070232719182968, 0.007229357026517391, 0.06444685161113739, 0.005055647809058428, 0.0849158838391304, 0.03211119771003723, 0.05171780660748482, 0.004085211548954248, 0.024580059573054314, 0.12681186199188232, 0.04721731320023537, 0.03888237848877907, 0.017125366255640984, 0.04978435859084129, 0.08241037279367447, 0.009467811323702335, 0.08593310415744781, 0.04140450805425644, 0.07722046971321106, 0.05366440862417221, 0.020708251744508743, 0.009228921495378017, 0.0407569482922554, 0.012021568603813648, 0.0481717549264431, 0.09925338625907898, 0.07793552428483963, 0.007040969096124172, 0.0919341966509819, 0.0087418332695961, 0.037130944430828094, 0.006864109542220831, 0.005169798154383898, 0.09696698933839798, 0.07760820537805557, 0.06974541395902634, 0.05429048836231232, 0.004620588384568691, 0.07656247913837433, 0.1297283172607422, 0.04207604005932808, 0.13044211268424988, 0.02830202504992485, 0.085175059735775, 0.033790312707424164, 0.0681430920958519, 0.0630514845252037, 0.06626977026462555, 0.010987079702317715, 0.012261440046131611, 0.07108238339424133, 0.023187603801488876, 0.0023646848276257515, 0.09472186863422394, 0.10714440792798996, 0.0045229108072817326, 0.05851375684142113, 0.02034754864871502, 0.039409536868333817]"
F223,"[0.006752997171133757, 0.09017742425203323, 0.002542977686971426, 0.11624838411808014, 0.09207692742347717, 0.026952359825372696, 0.1093040332198143, 0.04886443167924881, 0.056923460215330124, 0.09191577881574631, 0.009892653673887253, 0.10152795165777206, 0.08417735248804092, 0.018555589020252228, 0.0033107155468314886, 0.07163666188716888, 0.016630271449685097, 0.07395916432142258, 0.0576343797147274, 0.011978703550994396, 0.04570673406124115, 0.03945678472518921, 0.12921839952468872, 0.022031350061297417, 0.06452597677707672, 0.08836109936237335, 0.10783558338880539, 0.024245023727416992, 0.0945047065615654, 0.04797016829252243, 0.005191904027014971, 0.019944218918681145, 0.047350503504276276, 0.08168860524892807, 0.1282835304737091, 0.11880850791931152, 0.06308035552501678, 0.004902409389615059, 0.06508112698793411, 0.01937692053616047, 0.03772991895675659, 0.044043511152267456, 0.09394180774688721, 0.06799166649580002, 0.034698352217674255, 0.05270912125706673, 0.05852215364575386, 0.02470029518008232, 0.024582240730524063, 0.05832701548933983, 0.024429399520158768, 0.11258790642023087, 0.07171155512332916, 0.04059452563524246, 0.030211156234145164, 0.08554238826036453, 0.020141540095210075, 0.0850260928273201, 0.03839566558599472, 0.049740731716156006, 0.08116075396537781, 0.0966872125864029, 0.09167680889368057, 0.0911916121840477, 0.07551687210798264, 0.07245667278766632, 0.0090493680909276, 0.04214281961321831, 0.11254096031188965, 0.029187645763158798, 0.07034782320261002, 0.09189050644636154, 0.101761095225811, 0.09115512669086456, 0.09232169389724731, 0.05949082970619202, 0.07652924209833145, 0.10293680429458618, 0.051490668207407, 0.06564396619796753, 0.08425058424472809, 0.0726056918501854, 0.011669635772705078, 0.06881186366081238, 0.11886103451251984, 0.04718533530831337, 0.09563196450471878, 0.024410512298345566, 0.1031419187784195, 0.12678112089633942, 0.02095109038054943, 0.0009343206766061485, 0.07406651228666306, 0.07088840752840042, 0.08734205365180969, 0.04453539475798607, 0.11796640604734421, 0.0031604846008121967, 0.05149173364043236, 0.07198698818683624, 0.03549746051430702, 0.009562036022543907, 0.03336583077907562, 0.0529073104262352, 0.018890053033828735, 0.1164800226688385, 0.06814967840909958, 0.05502457916736603, 0.007333157118409872, 0.03895562142133713, 0.09475383907556534, 0.04330597072839737, 0.023914745077490807, 0.06508723646402359, 0.10048279166221619, 0.02639348991215229, 0.07244434952735901, 0.05310061201453209, 0.06504476070404053, 0.11348023265600204, 0.03539980947971344, 0.1579292118549347, 0.010338237509131432, 0.00863572582602501, 0.07353956252336502, 0.09855485707521439, 0.05820274353027344, 0.12279612571001053]"
F224,"[0.02097325213253498, 0.015203329734504223, 0.03694373741745949, 0.015607409179210663, 0.030641380697488785, 0.009899956174194813, 0.05170116573572159, 0.009994491003453732, 0.03441590815782547, 0.019904673099517822, 0.006499194540083408, 0.006094503216445446, 0.001731032389216125, 0.061931755393743515, 0.004899562336504459, 0.07355040311813354, 0.02855706959962845, 0.041859906166791916, 0.0026424829848110676, 0.01785816252231598, 0.048950858414173126, 0.007376900874078274, 0.010254567489027977, 0.025017080828547478, 0.01431182585656643, 0.006933027878403664, 0.008231903426349163, 0.010432117618620396, 0.0046006254851818085, 0.03830703720450401, 0.0074543398804962635, 0.007815797813236713, 0.004238575231283903, 0.004953483585268259, 0.01794477552175522, 0.005331220105290413, 0.05230949446558952, 0.018167907372117043, 0.01939636841416359, 0.013362168334424496, 0.001647049910388887, 0.046709686517715454, 0.01902330294251442, 0.0519503615796566, 0.0010868841782212257, 0.045675549656152725, 0.0011626654304564, 0.02559947967529297, 0.01460660807788372, 0.004048746079206467, 0.013293151743710041, 0.00775190768763423, 0.020718654617667198, 0.02110549993813038, 0.014573083259165287, 0.0001812244881875813, 0.021055757999420166, 0.015098344534635544, 0.014452327974140644, 0.00910982210189104, 0.00563762616366148, 0.02083144150674343, 0.02062026970088482, 0.05816685035824776, 0.017495613545179367, 0.003864438971504569, 0.06030979007482529, 0.005407178308814764, 0.02082430198788643, 0.052268337458372116, 0.004767472855746746, 0.001860530232079327, 0.04662610962986946, 0.046866659075021744, 0.027615288272500038, 0.01272022258490324, 0.07114500552415848, 0.04609252139925957, 0.0048899417743086815, 0.040963225066661835, 0.021793074905872345, 0.0260145366191864, 0.012704378925263882, 0.0021525733172893524, 0.04881594330072403, 0.03118016943335533, 0.02411710098385811, 0.02364814653992653, 0.013285879977047443, 0.020714836195111275, 0.020341109484434128, 0.07648484408855438, 0.060372427105903625, 0.021331418305635452, 0.010616373270750046, 0.014094449579715729, 0.03352344408631325, 0.018999721854925156, 0.027202950790524483, 0.02423361875116825, 0.004823033232241869, 0.023645102977752686, 0.026147006079554558, 0.0055361115373671055, 0.04927639290690422, 0.0319402739405632, 0.05032546818256378, 0.0031163659878075123, 0.08054905384778976, 0.09066199511289597, 0.038555145263671875, 0.0013081665383651853, 0.04123445972800255, 0.0386703796684742, 0.025084052234888077, 0.025375809520483017, 0.015344210900366306, 0.031353406608104706, 0.03996208310127258, 0.022944943979382515, 0.016566697508096695, 0.04039347171783447, 0.0594579316675663, 0.01762997917830944, 0.059599731117486954, 0.013411984778940678, 0.06368653476238251, 0.011824078857898712]"
F225,"[0.007130146026611328, 0.007771489210426807, 0.009679517708718777, 0.010328587144613266, 0.00710638053715229, 0.007137755863368511, 0.010671577416360378, 0.009486387483775616, 0.011646031402051449, 0.013731185346841812, 0.0037738289684057236, 0.012677723541855812, 0.003981736488640308, 0.001869741827249527, 0.004597657825797796, 0.00988225918263197, 0.007454586680978537, 0.00367470970377326, 0.007562835700809956, 0.005977811757475138, 0.010075903497636318, 0.0022838369477540255, 0.00982159748673439, 0.00403834693133831, 0.0030185154173523188, 0.002775587374344468, 0.0017927261069417, 0.008022038266062737, 0.005747542250901461, 0.001975246239453554, 0.006957042962312698, 0.005619818344712257, 0.00642943661659956, 0.002221417147666216, 0.009464092552661896, 0.0025338358245790005, 0.013714677654206753, 0.011173756793141365, 0.010165276005864143, 0.002713437657803297, 0.0036167504731565714, 0.0075852833688259125, 0.004860440734773874, 0.008052085526287556, 0.004111335147172213, 0.008648750372231007, 0.0029408300761133432, 0.0011123723816126585, 0.001420360873453319, 0.006392379757016897, 0.008351661264896393, 0.009436950087547302, 0.011624488979578018, 0.008358722552657127, 0.002148900181055069, 0.0009471976663917303, 0.003612806787714362, 0.007117754314094782, 0.0033014637883752584, 0.004130276385694742, 0.0024425226729363203, 0.012812436558306217, 0.010216010734438896, 0.005524398759007454, 0.0040250010788440704, 0.007430537603795528, 0.013582436367869377, 0.0055343471467494965, 0.012155256234109402, 0.014412629418075085, 0.0012267156271263957, 0.0021655727177858353, 0.011704188771545887, 0.014044112525880337, 0.009142743423581123, 0.0067254831083118916, 0.02255343645811081, 0.008867764845490456, 0.003037684364244342, 0.0005928743630647659, 0.006802082061767578, 0.005496860481798649, 0.0031000820454210043, 0.010469541884958744, 0.0006315524806268513, 0.013425683602690697, 0.006674403790384531, 0.013203407637774944, 0.0042702993378043175, 0.009982498362660408, 5.291102206683718e-05, 0.009325213730335236, 0.008447530679404736, 0.002235986990854144, 0.004526021424680948, 0.0042638024315238, 0.005189904011785984, 0.0050255670212209225, 0.003362757619470358, 0.012424822896718979, 0.0031770956702530384, 0.0039737350307404995, 0.0011127111501991749, 0.011030580848455429, 0.0107430936768651, 0.00908714160323143, 0.01135343499481678, 0.009864388033747673, 0.01708344556391239, 0.016270535066723824, 0.006532200146466494, 0.00031137114274315536, 0.008781186304986477, 0.0008385778055526316, 6.200467032613233e-05, 0.0018133880803361535, 0.010178372263908386, 0.008594918996095657, 0.011335060931742191, 0.0021967634093016386, 0.0025466152001172304, 0.008019095286726952, 0.007624810561537743, 0.009052344597876072, 0.013496396131813526, 0.0016980547225102782, 0.005529426969587803, 0.017234385013580322]"
F226,"[0.05035071820020676, 0.03949452191591263, 0.04537563771009445, 0.07989200204610825, 0.12789106369018555, 0.003576960414648056, 0.10245591402053833, 0.012422104366123676, 0.05177103728055954, 0.08619031310081482, 0.015471908263862133, 0.010164382867515087, 0.04953410103917122, 0.03027201071381569, 0.015229676850140095, 0.06291654706001282, 0.024820547550916672, 0.01742386445403099, 0.03946782648563385, 0.02224564738571644, 0.07953205704689026, 0.08407115936279297, 0.06239263340830803, 0.06613613665103912, 0.06560972332954407, 0.0171385258436203, 0.06225976347923279, 0.01790526881814003, 0.09542851150035858, 0.025708826258778572, 0.014732642099261284, 0.03854551538825035, 0.08273694664239883, 0.02020357921719551, 0.036228541284799576, 0.10614223778247833, 0.04043269902467728, 0.057871878147125244, 0.017419759184122086, 0.028268255293369293, 0.004243187606334686, 0.08971220254898071, 0.057550206780433655, 0.07474467903375626, 0.07984396070241928, 0.008220546878874302, 0.04507797583937645, 0.053437408059835434, 0.13212667405605316, 0.010563712567090988, 0.0788208618760109, 0.003342302283272147, 0.13564805686473846, 0.00947196502238512, 0.0498800091445446, 0.03579370304942131, 0.02243642322719097, 0.06292033940553665, 0.039396122097969055, 0.03284541517496109, 0.07155017554759979, 0.051969245076179504, 0.032558511942625046, 0.027200626209378242, 0.024059245362877846, 0.05818004906177521, 0.009049685671925545, 0.01473900955170393, 0.06855397671461105, 0.042477961629629135, 0.02719970792531967, 0.012315507046878338, 0.013669230975210667, 0.051462553441524506, 0.014296350069344044, 0.00929657556116581, 0.007521327584981918, 0.101801298558712, 0.09076783806085587, 0.02724943310022354, 0.014038125053048134, 0.05007725954055786, 0.09808814525604248, 0.015134012326598167, 0.04900595173239708, 0.019902322441339493, 0.062256794422864914, 0.036626361310482025, 0.10685166716575623, 0.06458568572998047, 0.09463335573673248, 0.10964429378509521, 0.09213767200708389, 0.08387625962495804, 0.02734229527413845, 0.09319313615560532, 0.02703084796667099, 0.0713968276977539, 0.04313861206173897, 0.03467728942632675, 0.035300686955451965, 0.00508513581007719, 0.012814243324100971, 0.08524426072835922, 0.09356643259525299, 0.019988609477877617, 0.020291147753596306, 0.08282577991485596, 0.00020489766029641032, 0.01565028540790081, 0.018617738038301468, 0.030956346541643143, 0.02301103062927723, 0.03752713277935982, 0.06717901676893234, 0.00751112075522542, 0.07640888541936874, 0.004164361394941807, 0.09610448032617569, 0.034789957106113434, 0.047766756266355515, 0.03478504717350006, 0.03275838494300842, 0.06648757308721542, 0.04121440649032593, 0.051829393953084946, 0.04598422721028328, 0.06362589448690414]"
F227,"[0.07031881809234619, 0.01130007766187191, 0.07112301141023636, 0.05281898379325867, 0.03184724226593971, 0.012792070396244526, 0.04261321574449539, 0.03234899416565895, 0.0029192049987614155, 0.03950374200940132, 0.04843971133232117, 0.11200081557035446, 0.061855897307395935, 0.0621458925306797, 0.0020615500397980213, 0.04250064864754677, 0.06384675204753876, 0.05424538627266884, 0.07740047574043274, 0.06396356970071793, 0.030866792425513268, 0.049447908997535706, 0.07434073835611343, 0.049952808767557144, 0.02568553015589714, 0.02946428768336773, 0.04059029743075371, 0.04300280660390854, 0.048267532140016556, 0.056593433022499084, 0.02300216257572174, 0.06575080007314682, 0.016918102279305458, 0.04247921332716942, 0.032697439193725586, 0.04308617115020752, 0.08379422873258591, 0.012178041972219944, 0.03973665460944176, 0.044761933386325836, 0.0038256936240941286, 0.003001755801960826, 0.009063166566193104, 0.029420068487524986, 0.013100335374474525, 0.015420316718518734, 0.01296728104352951, 0.017407290637493134, 0.02945881150662899, 0.07668469101190567, 0.06703317910432816, 0.04157496243715286, 0.005837505217641592, 0.02986200712621212, 0.06352304667234421, 0.01031019352376461, 0.11168394982814789, 0.018491633236408234, 0.037236396223306656, 0.00965387187898159, 0.1059030070900917, 0.02995939739048481, 0.04177118465304375, 0.060696884989738464, 0.089487224817276, 0.08245895802974701, 0.06426555663347244, 0.0365666002035141, 0.037572409957647324, 0.027072172611951828, 0.039079055190086365, 0.07184670120477676, 0.056663330644369125, 0.07423518598079681, 0.0633140578866005, 0.029307512566447258, 0.09173387289047241, 0.026215357705950737, 0.07591094821691513, 0.07609991729259491, 0.015102258883416653, 0.060365233570337296, 0.04715312272310257, 0.07292790710926056, 0.05313209071755409, 0.03780074045062065, 0.0006887951749376953, 0.005121578462421894, 0.025148658081889153, 0.08971395343542099, 0.05752269923686981, 0.06806876510381699, 0.021847732365131378, 0.015196829102933407, 0.05152260884642601, 0.09835909307003021, 0.07032674551010132, 0.04124823957681656, 0.05877266451716423, 0.08519530296325684, 0.06681536138057709, 0.03176571801304817, 0.019859805703163147, 0.0774916410446167, 0.08171278983354568, 0.028870802372694016, 0.00527840293943882, 0.027303732931613922, 0.04410241171717644, 0.06131573021411896, 0.02519163116812706, 0.02948954328894615, 0.09383683651685715, 0.09252431988716125, 0.029806900769472122, 0.02492612600326538, 0.04465029016137123, 0.019671570509672165, 0.03151125833392143, 0.036659132689237595, 0.0016304499004036188, 9.388687612954527e-05, 0.06095529720187187, 0.023877181112766266, 0.06329555064439774, 0.09307544678449631, 0.01339704729616642, 0.0717366561293602]"
F228,"[0.008220138028264046, 0.008633683435618877, 0.082811139523983, 0.004057534970343113, 0.0453416183590889, 0.02664923667907715, 0.011022723279893398, 0.04206926003098488, 0.026184499263763428, 0.02527284249663353, 0.05670928955078125, 0.07657909393310547, 0.03273686766624451, 0.09415750205516815, 0.023675477132201195, 0.03330543264746666, 0.00577529426664114, 0.04786123335361481, 0.03840411826968193, 0.06830062717199326, 0.05089560151100159, 0.03674544394016266, 0.0315232053399086, 0.0017219306901097298, 0.041858650743961334, 0.018083009868860245, 0.003461419604718685, 0.042303841561079025, 0.09833524376153946, 0.006767619866877794, 0.047991540282964706, 0.02385103330016136, 0.030078453943133354, 0.06805586069822311, 0.043576810508966446, 0.023244086652994156, 0.03505226597189903, 0.10936537384986877, 0.10172061622142792, 0.01658010296523571, 0.0017208731733262539, 0.05117333307862282, 0.009312799200415611, 0.008344842121005058, 0.06794914603233337, 0.0800619125366211, 0.052619703114032745, 0.06445956230163574, 0.09846598654985428, 0.022473664954304695, 0.08379434049129486, 0.057425547391176224, 0.024560803547501564, 0.07670536637306213, 0.08299719542264938, 0.1038786992430687, 0.07691235840320587, 0.05533319711685181, 0.05961431562900543, 0.07978997379541397, 0.03426850959658623, 0.04678886756300926, 0.022826936095952988, 0.07960064709186554, 0.007184967864304781, 0.044957827776670456, 0.03386848792433739, 0.004821997135877609, 0.0368998758494854, 0.04799230396747589, 0.04702011123299599, 0.017581649124622345, 0.010556918568909168, 0.024835826829075813, 0.017967747524380684, 0.03138607367873192, 0.02053818292915821, 0.10791602730751038, 0.02559470944106579, 0.051835209131240845, 0.02926206961274147, 0.02277250774204731, 0.04561052843928337, 0.017397183924913406, 0.044037580490112305, 0.05332736298441887, 0.01189746055752039, 0.08569782972335815, 0.022462882101535797, 0.05838295444846153, 0.023186437785625458, 0.020548507571220398, 0.08028055727481842, 0.019197333604097366, 0.039850134402513504, 0.07255086302757263, 0.12111043930053711, 0.024805355817079544, 0.0064241234213113785, 0.04203343018889427, 0.0416288785636425, 0.07040522247552872, 0.020627561956644058, 0.06477829068899155, 0.05564850568771362, 0.04787316173315048, 0.068029023706913, 0.06862106174230576, 0.07900944352149963, 0.037337590008974075, 0.01648690551519394, 0.046091239899396896, 0.03399032726883888, 0.061689235270023346, 0.02926190011203289, 0.04268902912735939, 0.08330323547124863, 0.0009194479207508266, 0.09180806577205658, 0.0452503003180027, 0.015926558524370193, 0.05921287462115288, 0.035785749554634094, 0.06861043721437454, 0.035913772881031036, 0.028917362913489342, 0.08102280646562576, 0.004730454180389643]"
F229,"[0.027439311146736145, 0.009628401137888432, 0.08704457432031631, 0.055921461433172226, 0.15553165972232819, 0.09916894882917404, 0.036792583763599396, 0.09123717993497849, 0.08047638833522797, 0.052927445620298386, 0.02567393146455288, 0.019760945811867714, 0.05337151139974594, 0.02078932337462902, 0.04130765423178673, 0.08583203703165054, 0.032311346381902695, 0.08760391920804977, 0.0637521743774414, 0.0965837687253952, 0.0033071301877498627, 0.029407981783151627, 0.11847294867038727, 0.04693813994526863, 0.0126927699893713, 0.09876394271850586, 0.024274729192256927, 0.008325491100549698, 0.06982313841581345, 0.030764902010560036, 0.0813591405749321, 0.03552927076816559, 0.025462612509727478, 0.030477430671453476, 0.028679367154836655, 0.1165413185954094, 0.03416096791625023, 0.08805370330810547, 0.008823240175843239, 0.046578098088502884, 0.027045289054512978, 0.04503977671265602, 0.09428271651268005, 0.029699979349970818, 0.012955494225025177, 0.05330547317862511, 0.025932196527719498, 0.09443731606006622, 0.047540660947561264, 0.06775102764368057, 0.06029370054602623, 0.046054475009441376, 0.028354035690426826, 0.026809992268681526, 0.06794736534357071, 0.09013677388429642, 0.013983109965920448, 0.0613333098590374, 0.010565362870693207, 0.011090206913650036, 0.10278701782226562, 0.06282472610473633, 0.07508471608161926, 0.04217648133635521, 0.07897418737411499, 0.026311129331588745, 0.01922696828842163, 0.05530995875597, 0.0812540128827095, 0.05283745378255844, 0.0685243234038353, 0.019431238994002342, 0.0016550137661397457, 0.05288410559296608, 0.07545457780361176, 0.09438126534223557, 0.009192084893584251, 0.021159997209906578, 0.027220681309700012, 0.008740109391510487, 0.01804565079510212, 0.11831273138523102, 0.025496354326605797, 0.13098829984664917, 0.10732961446046829, 0.11313576996326447, 0.024513334035873413, 0.12103774398565292, 0.02491077594459057, 0.007218807004392147, 0.0728619396686554, 0.01652088761329651, 0.1342582106590271, 0.04435794800519943, 0.07444973289966583, 0.07527424395084381, 0.10346683114767075, 0.006879767403006554, 0.11771725118160248, 0.15941071510314941, 0.052284929901361465, 0.06122901663184166, 0.02834661304950714, 0.0061794789507985115, 0.047301385551691055, 0.11093612760305405, 0.046776026487350464, 0.05741012096405029, 0.08289530128240585, 0.03285832703113556, 0.052558571100234985, 0.03995637595653534, 0.06603322923183441, 0.0632498487830162, 0.02767235040664673, 0.07632213830947876, 0.04070541635155678, 0.020654942840337753, 0.059301022440195084, 0.07648005336523056, 0.06150471419095993, 0.1184229925274849, 0.026536349207162857, 0.03567766770720482, 0.11814013123512268, 0.01362547930330038, 0.006843095179647207, 0.11999953538179398]"
F230,"[0.03135740011930466, 0.039703164249658585, 0.062177542597055435, 0.013632291927933693, 0.13827380537986755, 0.03486160561442375, 0.023895051330327988, 0.023607494309544563, 0.08103302121162415, 0.014509503729641438, 0.040070269256830215, 0.03048636019229889, 0.07198026031255722, 0.019312316551804543, 0.037967417389154434, 0.030275125056505203, 0.014881804585456848, 0.03245113417506218, 0.004425194580107927, 0.06406461447477341, 0.018942754715681076, 0.0932619497179985, 0.060918934643268585, 0.0400882214307785, 0.03238337114453316, 0.033431943506002426, 0.013981997035443783, 0.010083216242492199, 0.09973863512277603, 0.05094895139336586, 0.02137511409819126, 0.0007117061759345233, 0.02315189503133297, 0.04607880860567093, 0.07548970729112625, 0.11367706209421158, 0.07569670677185059, 0.009460194036364555, 0.008346456103026867, 0.021306581795215607, 0.01869921013712883, 0.04957830533385277, 0.09963291138410568, 0.0616556778550148, 0.01395847462117672, 0.0007049239939078689, 0.03066486120223999, 0.0951627790927887, 0.06820656359195709, 0.004319422412663698, 0.01954103820025921, 0.039559975266456604, 0.11189881712198257, 0.052380021661520004, 0.03839324414730072, 0.068386510014534, 0.015042833052575588, 0.039658840745687485, 0.02868412435054779, 0.008194845169782639, 0.06681209802627563, 0.03403381630778313, 0.028753183782100677, 0.02582128345966339, 0.060441698879003525, 0.03521374985575676, 0.06814705580472946, 0.015147941187024117, 0.013978127390146255, 0.048990435898303986, 0.019277237355709076, 0.04286159574985504, 0.014507228508591652, 0.02744295261800289, 0.07941906154155731, 0.05360187217593193, 0.036161623895168304, 0.029071809723973274, 0.02419237606227398, 0.05886001139879227, 0.046687159687280655, 0.1004393994808197, 0.02754565142095089, 0.09841153025627136, 0.02294372208416462, 0.0742640420794487, 0.0055800131522119045, 0.021100714802742004, 0.05523613095283508, 0.03498386591672897, 0.07637718319892883, 0.06168152764439583, 0.03496692702174187, 0.10215464234352112, 0.03647526353597641, 0.0812702625989914, 0.019769825041294098, 0.01913842186331749, 0.031904637813568115, 0.04662446677684784, 0.05569729208946228, 0.056059665977954865, 0.10466818511486053, 0.101943239569664, 0.015795566141605377, 0.08909572660923004, 0.03226183354854584, 0.02794426865875721, 0.02720900997519493, 0.06830794364213943, 0.10684037208557129, 0.04771849140524864, 0.020171893760561943, 0.017548348754644394, 0.0053558992221951485, 0.00994889996945858, 0.014252900145947933, 0.07272537797689438, 0.006143240258097649, 0.037331853061914444, 0.1040797159075737, 0.08181275427341461, 0.025865165516734123, 0.0299850907176733, 0.0998593270778656, 0.05157095566391945, 0.003804464591667056, 0.04014928266406059]"
F231,"[0.01082224678248167, 0.018655816093087196, 0.0034634710755199194, 0.02810303121805191, 0.0026141642592847347, 0.01770256832242012, 0.030366742983460426, 0.008609123528003693, 0.0419837087392807, 0.006036035250872374, 0.03902025520801544, 0.03527000918984413, 0.04364462196826935, 0.01848464272916317, 0.017432691529393196, 0.04738282412290573, 0.020611843094229698, 0.025370242074131966, 0.007199183572083712, 0.023763032630085945, 0.02457731030881405, 0.0007768775685690343, 0.02739882469177246, 0.016673969104886055, 0.04536857455968857, 0.015841646119952202, 0.03720981627702713, 0.0030771216843277216, 0.03271089494228363, 0.016100414097309113, 0.041940443217754364, 0.025368131697177887, 0.03867409750819206, 0.01977439783513546, 0.06419568508863449, 0.002731496701017022, 0.035400308668613434, 0.044579215347766876, 0.022845208644866943, 0.06880022585391998, 0.002494184533134103, 0.04318255931138992, 0.013119451701641083, 0.01357970666140318, 0.0007897575269453228, 0.0117358872666955, 0.044059768319129944, 0.021795017644762993, 0.00016052905994001776, 0.031689565628767014, 0.0002476665540598333, 0.022223535925149918, 0.04416755959391594, 0.050574153661727905, 0.0495164580643177, 0.044674113392829895, 0.06261391937732697, 0.014920545741915703, 0.0013371518580242991, 0.01601826399564743, 0.00875596608966589, 0.019524073228240013, 0.0011453921906650066, 0.04273119941353798, 0.009647412225604057, 0.023369748145341873, 0.013058628886938095, 0.007684874348342419, 0.05182906985282898, 0.03843287006020546, 0.01373458094894886, 0.013946332968771458, 0.03192845731973648, 0.012888090685009956, 0.015852397307753563, 0.07048361748456955, 0.012911427766084671, 0.03747493401169777, 0.026840975508093834, 0.023129267618060112, 0.009882597252726555, 0.0060195764526724815, 0.006744971498847008, 0.013756702654063702, 0.03353533893823624, 0.0009076414280571043, 0.01427406445145607, 0.0009493749239481986, 0.0648094192147255, 0.010148998349905014, 0.019732482731342316, 0.025941794738173485, 0.050785332918167114, 0.06028524413704872, 0.004864270333200693, 0.02452174760401249, 0.029080742970108986, 0.01017087884247303, 0.018571147695183754, 0.044750459492206573, 0.00612671161070466, 0.029233932495117188, 0.038982465863227844, 0.008335073478519917, 0.02720874547958374, 0.0338410921394825, 0.038371291011571884, 0.03310084342956543, 0.0387607105076313, 0.023945333436131477, 0.014196732081472874, 0.051652029156684875, 0.017222551628947258, 0.048405785113573074, 0.009607980959117413, 0.024740343913435936, 0.03753317892551422, 0.011960441246628761, 0.03881395608186722, 0.0011896542273461819, 0.03453337401151657, 0.019119326025247574, 0.038915473967790604, 0.00045021955156698823, 0.05874933302402496, 0.036830950528383255, 0.019187990576028824, 0.045252759009599686]"
F232,"[0.12793980538845062, 0.010835612192749977, 0.057817377150058746, 0.11300873756408691, 0.04056644067168236, 0.0012453399831429124, 0.08745810389518738, 0.01939699798822403, 0.013833025470376015, 0.03086892142891884, 0.06135000288486481, 0.04941704124212265, 0.02785978466272354, 0.003984231036156416, 0.1394297182559967, 0.06787355989217758, 0.07501008361577988, 0.007239640690386295, 0.08984639495611191, 0.02292831800878048, 0.08459609746932983, 0.004462266340851784, 0.0018569567473605275, 0.06086807698011398, 0.0044903685338795185, 0.015019462443888187, 0.08736708760261536, 0.1277482956647873, 0.07634441554546356, 0.13847416639328003, 0.05773735046386719, 0.06865902990102768, 0.051587581634521484, 0.017327258363366127, 0.1234918162226677, 0.08603853732347488, 0.08740231394767761, 0.07667140662670135, 0.01389425341039896, 0.13507376611232758, 0.0827593058347702, 0.0029714794363826513, 0.09770786017179489, 0.09998206794261932, 0.021455688402056694, 0.03593689203262329, 0.12887471914291382, 0.010031023994088173, 0.01765187457203865, 0.06287435442209244, 0.011562821455299854, 0.07791959494352341, 0.06335879862308502, 0.00877483282238245, 0.06818795204162598, 0.04287146404385567, 0.010904602706432343, 0.036448121070861816, 0.11744562536478043, 0.06652502715587616, 0.05401851236820221, 0.018298689275979996, 0.07736111432313919, 0.003746508853510022, 0.042875587940216064, 0.08995980024337769, 0.05663006752729416, 0.12238410860300064, 0.008350766263902187, 0.10023006051778793, 0.022822406142950058, 0.00299043208360672, 0.0918317437171936, 0.013756954111158848, 0.0014974900986999273, 0.08930126577615738, 0.19039858877658844, 0.03481372073292732, 0.06909210234880447, 0.013709425926208496, 0.05336468294262886, 0.01045022252947092, 0.05989186093211174, 0.013881395570933819, 0.05615277588367462, 0.07225731760263443, 0.12515132129192352, 0.041977327316999435, 0.04361569136381149, 0.19083167612552643, 0.1292656660079956, 0.09921275079250336, 0.11262670159339905, 0.05787958204746246, 0.06345788389444351, 0.008654233068227768, 0.038809213787317276, 0.005930292420089245, 0.025755487382411957, 0.05149016156792641, 0.11121020466089249, 0.01622382178902626, 0.14117726683616638, 0.0434524342417717, 0.05938001722097397, 0.04490845650434494, 0.10203390568494797, 0.04980607330799103, 0.12299054116010666, 0.08787328749895096, 0.05220814049243927, 0.1495186686515808, 0.045448798686265945, 0.07313065975904465, 0.08778614550828934, 0.09834518283605576, 0.03635945916175842, 0.10358861833810806, 0.022596146911382675, 0.005863705184310675, 0.0296734981238842, 0.039934225380420685, 0.05332336574792862, 0.04663874953985214, 0.015187951736152172, 0.028172263875603676, 0.05313814803957939, 0.08164416998624802]"
F233,"[0.010742759332060814, 0.04220147803425789, 0.011260880157351494, 0.017903897911310196, 0.001992621459066868, 0.12172575294971466, 0.08759618550539017, 0.12420973181724548, 0.007046038284897804, 0.05147089436650276, 0.02277941256761551, 0.023419249802827835, 0.0871611014008522, 0.012102250009775162, 0.09066876769065857, 0.0779254212975502, 0.09457404911518097, 0.018420115113258362, 0.017333218827843666, 0.10751374810934067, 0.048918332904577255, 0.007215817924588919, 0.0565180703997612, 0.021792830899357796, 0.09545878320932388, 0.13089163601398468, 0.05560426041483879, 0.03434400260448456, 0.06465432792901993, 0.049416616559028625, 0.0936022475361824, 0.05315055325627327, 0.04082415997982025, 0.052987854927778244, 0.04817766696214676, 0.11591733992099762, 0.027593299746513367, 0.08528877049684525, 0.038421548902988434, 0.10583441704511642, 0.0242546908557415, 0.10927566140890121, 0.07614093273878098, 0.043871305882930756, 0.0006790423067286611, 0.14248183369636536, 0.024387435987591743, 0.0721859559416771, 0.026647666469216347, 0.03540812060236931, 0.1128983274102211, 0.009962708689272404, 0.035016920417547226, 0.06793258339166641, 0.00368261500261724, 0.11647345870733261, 0.0029709264636039734, 0.060176100581884384, 0.002638628939166665, 0.10597997903823853, 0.023889418691396713, 0.06920376420021057, 0.026888849213719368, 0.0458725281059742, 0.02917294390499592, 0.1273980289697647, 0.08885549008846283, 0.05584599822759628, 0.02858276106417179, 0.011198553256690502, 0.06865744292736053, 0.07288114726543427, 0.07003740966320038, 0.12735602259635925, 0.01882709003984928, 0.007226034067571163, 0.008525526151061058, 0.0013453704304993153, 0.0670025497674942, 0.021161755546927452, 0.1107451319694519, 0.09587834775447845, 0.01932310312986374, 0.11825751513242722, 0.09144724160432816, 0.033119119703769684, 0.07123328745365143, 0.14924563467502594, 0.035733576864004135, 0.004889303352683783, 0.08090205490589142, 0.05851379409432411, 0.14204926788806915, 0.08525428175926208, 0.09400155395269394, 0.05049404129385948, 0.04390959069132805, 0.09745834767818451, 0.02435791864991188, 0.00879618339240551, 0.023137876763939857, 0.10911518335342407, 0.08670517057180405, 0.0338907316327095, 0.04271735996007919, 0.08695375919342041, 0.023461056873202324, 0.06092488393187523, 0.09475098550319672, 0.013058176264166832, 0.09581266343593597, 0.03150184452533722, 0.08912860602140427, 0.020724449306726456, 0.025996234267950058, 0.05367996543645859, 0.0758330374956131, 0.10478862375020981, 0.04158877208828926, 0.04500614479184151, 0.07556063681840897, 0.1473778784275055, 0.044756367802619934, 0.020633893087506294, 0.0019639276433736086, 0.04901939257979393, 0.05470317229628563, 0.05219906195998192]"
F234,"[0.05550871416926384, 0.054559677839279175, 0.025836685672402382, 0.024190152063965797, 0.01176215149462223, 0.02232637070119381, 0.05138537660241127, 0.04292673245072365, 0.003144395537674427, 0.012995406053960323, 0.036901604384183884, 0.0071846735663712025, 0.04352011904120445, 0.007408031262457371, 0.011313063092529774, 0.04021403193473816, 0.030349181964993477, 0.020971069112420082, 0.015118482522666454, 0.03085046447813511, 0.02865223027765751, 0.0005516557721421123, 0.052108801901340485, 0.003668090095743537, 0.03631102293729782, 0.025900451466441154, 0.03865829482674599, 0.015163727104663849, 0.00848572701215744, 0.02312818355858326, 0.0036718258634209633, 0.009685322642326355, 0.0028612646274268627, 0.009769738651812077, 0.03752197325229645, 0.0009603862999938428, 0.044862501323223114, 0.025232166051864624, 0.024053076282143593, 0.030535949394106865, 0.03226080164313316, 0.03394896537065506, 0.004418204538524151, 0.015387077815830708, 0.026311833411455154, 0.017155369743704796, 0.013616828247904778, 0.038803547620773315, 0.0655428096652031, 0.0020615621469914913, 0.024976160377264023, 0.030357101932168007, 0.0063667926006019115, 0.03457975387573242, 0.00246662856079638, 0.018945585936307907, 0.045065898448228836, 0.008595073595643044, 0.006408713757991791, 0.013846748508512974, 0.03881903737783432, 0.043667446821928024, 0.008048023097217083, 0.04752200469374657, 0.00975443422794342, 0.004358172882348299, 0.016802221536636353, 0.0424356684088707, 0.046524643898010254, 0.021177884191274643, 0.018134761601686478, 0.008203007280826569, 0.05671848729252815, 0.0426035150885582, 0.01688968576490879, 0.03489553555846214, 0.0018875501118600368, 0.008386343717575073, 0.0007041726494207978, 0.03533775359392166, 0.015049333684146404, 0.050610288977622986, 0.03595361113548279, 0.007845918647944927, 0.0334499292075634, 0.03723916783928871, 0.0108575951308012, 0.020261937752366066, 0.017709489911794662, 0.007180583663284779, 0.006833300460129976, 0.014889477752149105, 0.04448183998465538, 0.023947345092892647, 0.01731746271252632, 0.05254775285720825, 0.027303937822580338, 0.012540153227746487, 0.010739369317889214, 0.018451811745762825, 0.034199412912130356, 0.005168591160327196, 0.04673806205391884, 0.007636097259819508, 0.008409570902585983, 0.0043996176682412624, 0.007737024687230587, 0.01373276486992836, 0.013177509419620037, 0.02917431853711605, 0.039005059748888016, 0.010658777318894863, 0.01880929060280323, 0.055180374532938004, 0.01431369874626398, 0.04393809661269188, 0.0018326094141229987, 0.05102289095520973, 0.02570299431681633, 0.028499344363808632, 0.024996846914291382, 0.013537008315324783, 0.0009677737252786756, 0.018739238381385803, 0.01434757374227047, 0.02611076459288597, 0.036350831389427185, 0.030567416921257973]"
F235,"[0.013281001709401608, 0.02261107973754406, 0.006237274967133999, 0.022387463599443436, 0.012976700440049171, 0.019181599840521812, 0.017144756391644478, 0.007217678241431713, 0.01224256120622158, 0.015134862624108791, 0.005319535732269287, 0.013963919132947922, 0.004264455754309893, 0.01509798038750887, 0.00582895427942276, 0.009578677825629711, 0.00764432130381465, 0.0011223468463867903, 0.02391830086708069, 0.003173250937834382, 0.007020838558673859, 0.012914376333355904, 0.011126191355288029, 0.02029094286262989, 0.01792154088616371, 0.0020399480126798153, 0.001634907559491694, 0.0010218162788078189, 0.0057470290921628475, 0.0021869423799216747, 0.019929267466068268, 0.0014677513390779495, 0.004230021964758635, 0.00325330370105803, 0.02083129994571209, 0.005767486989498138, 0.01575765199959278, 0.005595055874437094, 0.0013912826543673873, 0.010535973124206066, 0.012496397830545902, 0.018160726875066757, 0.0162369217723608, 0.024594448506832123, 0.003981835208833218, 0.017994865775108337, 0.000675124756526202, 0.0020782118663191795, 0.022249547764658928, 0.007616586983203888, 0.01864592730998993, 0.007361575961112976, 0.003146566217765212, 0.008046641014516354, 0.018758967518806458, 0.014226369559764862, 0.004105361644178629, 0.01086398959159851, 0.020033303648233414, 0.0027579693123698235, 0.003286367980763316, 0.006714925169944763, 0.0159467626363039, 0.006854101549834013, 0.008960556238889694, 0.0006612195284105837, 0.003978169988840818, 0.004084565676748753, 0.014464971609413624, 0.00825298111885786, 0.01681603491306305, 0.008161244913935661, 0.010679426603019238, 0.011462023481726646, 0.014256473630666733, 0.015336752869188786, 0.0120198093354702, 0.020118510350584984, 0.002126588486135006, 0.011326675303280354, 0.010471330024302006, 0.012642944231629372, 0.008218381553888321, 0.014041440561413765, 0.008868487551808357, 0.0038236912805587053, 0.0033221659250557423, 0.005457425955682993, 0.015132815577089787, 0.003998426720499992, 0.013482766225934029, 0.007168340031057596, 0.013569899834692478, 0.0002011461474467069, 0.0003223693638574332, 0.005479265004396439, 0.0030266535468399525, 0.0038801489863544703, 0.0199428778141737, 0.005442996043711901, 0.014477625489234924, 0.003344976808875799, 0.009363435208797455, 0.009941351599991322, 0.005138730630278587, 0.006225923541933298, 0.006465532351285219, 0.018805542960762978, 0.009629675187170506, 0.02419525571167469, 0.022533148527145386, 0.007547634653747082, 0.02015671320259571, 0.0184452123939991, 0.014752957969903946, 0.018742982298135757, 0.016767023131251335, 0.017225682735443115, 0.011360593140125275, 0.0043454598635435104, 0.01614600419998169, 0.00018623021605890244, 0.018423812463879585, 0.001126389834098518, 0.013715166598558426, 0.009999464266002178, 0.001124767237342894, 0.0035420292988419533]"
F236,"[0.01986759714782238, 0.11911419034004211, 0.07079833745956421, 0.03721219673752785, 0.021392377093434334, 0.01575617678463459, 0.06687591224908829, 0.07169274985790253, 0.07584168761968613, 0.07100025564432144, 0.05903252214193344, 0.016846992075443268, 0.04647310823202133, 0.01455940492451191, 0.021085307002067566, 0.06586528569459915, 0.028357025235891342, 0.04166855663061142, 0.07470566779375076, 0.07659310102462769, 0.0896066352725029, 0.11229874193668365, 0.027399159967899323, 0.037997353821992874, 0.004233933053910732, 0.06012916937470436, 0.08136641979217529, 0.10059480369091034, 0.053433582186698914, 0.00937542412430048, 0.0815458744764328, 0.08922754228115082, 0.012098381295800209, 0.0018340126844123006, 0.041365548968315125, 0.07134317606687546, 0.07562066614627838, 0.08103915303945541, 0.06193581223487854, 0.036526016891002655, 0.0037712620105594397, 0.018446143716573715, 0.09097185730934143, 0.016799548640847206, 0.04508598521351814, 0.04664194956421852, 0.0996338501572609, 0.027888532727956772, 0.024222666397690773, 0.0670723244547844, 0.018267860636115074, 0.05773913115262985, 0.03533312305808067, 0.00824363436549902, 0.003405545838177204, 0.06174684315919876, 0.014706321991980076, 0.006103103514760733, 0.038493793457746506, 0.029333900660276413, 0.06287858635187149, 0.02117295004427433, 0.04037366807460785, 0.043067384511232376, 0.09078747779130936, 0.0379737950861454, 0.00844161119312048, 0.01834205910563469, 0.06288085877895355, 0.050612933933734894, 0.039007365703582764, 0.06024467200040817, 0.05520840361714363, 0.06811492890119553, 0.023750372231006622, 0.03688707947731018, 0.019299250096082687, 0.05440674349665642, 0.022484488785266876, 0.054427050054073334, 0.06343574821949005, 0.0564393512904644, 0.0646706074476242, 0.0069241453893482685, 0.0526353195309639, 0.05621961131691933, 0.023230256512761116, 0.012579811736941338, 0.024000240489840508, 0.0856715515255928, 0.04914763942360878, 0.047372933477163315, 0.03318319842219353, 0.06860657036304474, 0.10860662907361984, 0.08926497399806976, 0.04375988245010376, 0.044257793575525284, 0.06709419935941696, 0.03225855156779289, 0.021989893168210983, 0.05948961153626442, 0.014680840075016022, 0.01107005774974823, 0.005948835983872414, 0.10202524065971375, 0.0981488823890686, 0.032216716557741165, 0.008992611430585384, 0.10387244075536728, 0.011365093290805817, 0.017887631431221962, 0.033998969942331314, 0.08242436498403549, 0.03077356517314911, 0.03147747740149498, 0.05664654076099396, 0.06680799275636673, 0.03555648773908615, 0.04031692445278168, 0.03361498564481735, 0.04097259044647217, 0.013107934966683388, 0.0005110453930683434, 0.015856070443987846, 0.051812544465065, 0.018298476934432983, 0.06957202404737473]"
F237,"[0.020453397184610367, 0.021806703880429268, 0.07543797791004181, 0.019996514543890953, 0.14012764394283295, 0.022898394614458084, 0.04155520722270012, 0.025941530242562294, 0.10495578497648239, 0.03331682085990906, 0.07853972166776657, 0.12435482442378998, 0.07830487191677094, 0.1069587916135788, 0.013338621705770493, 0.0008792057633399963, 0.03683006018400192, 0.06728585064411163, 0.10317563265562057, 0.023097842931747437, 0.0703706219792366, 0.04002592712640762, 0.10591864585876465, 0.011871954426169395, 0.03230370208621025, 0.008379410021007061, 0.14152128994464874, 0.037122637033462524, 0.032562363892793655, 0.08598782122135162, 0.002325809560716152, 0.00024289476277772337, 0.016838476061820984, 0.04033950716257095, 0.006197451148182154, 0.03784996271133423, 0.033417172729969025, 0.0207689106464386, 0.08101668208837509, 0.003452703356742859, 0.042807769030332565, 0.023160168901085854, 0.14150267839431763, 0.04478264972567558, 0.012713827192783356, 0.11274433881044388, 0.08441954106092453, 0.10803769528865814, 0.03111165761947632, 0.0610336996614933, 0.013025746680796146, 0.10348926484584808, 0.07011324167251587, 0.053226538002491, 0.003853605827316642, 0.09761246293783188, 0.0070748040452599525, 0.09492531418800354, 0.027348460629582405, 0.04827939346432686, 0.11814724653959274, 0.038066502660512924, 0.06245271489024162, 0.021883094683289528, 0.010215675458312035, 0.1081480160355568, 0.11380995810031891, 0.06317708641290665, 0.025068460032343864, 0.0030272300355136395, 0.055621255189180374, 0.06704240292310715, 0.05173571780323982, 0.04215789958834648, 0.007952079176902771, 0.08489417284727097, 0.03095540590584278, 0.001364064635708928, 0.11320885270833969, 0.01444406807422638, 0.08934654295444489, 0.14218062162399292, 0.01872684806585312, 0.152671217918396, 0.05718064680695534, 0.11171049624681473, 0.075164295732975, 0.006215190049260855, 0.0514492392539978, 0.05600724369287491, 0.017031298950314522, 0.03974069282412529, 0.049579836428165436, 0.10977990180253983, 0.06242849677801132, 0.047545190900564194, 0.04676346853375435, 0.0009704774129204452, 0.03456801176071167, 0.06297355145215988, 0.012861760333180428, 0.043930791318416595, 0.033689748495817184, 0.1218751072883606, 0.04218027740716934, 0.054009757936000824, 0.03643261268734932, 0.018490150570869446, 0.01266905665397644, 0.04858357831835747, 0.016428032889962196, 0.09643033146858215, 0.09697743505239487, 0.02082553319633007, 0.1375417560338974, 0.014472905546426773, 0.11001044511795044, 0.05660192295908928, 0.050924863666296005, 0.04153440147638321, 0.11973100155591965, 0.004546348471194506, 0.0189568679779768, 0.1022908017039299, 0.09357437491416931, 0.06207448989152908, 0.03032471425831318, 0.030353736132383347]"
F238,"[0.005879186559468508, 0.039728570729494095, 0.02105410024523735, 0.057378754019737244, 0.0032923552207648754, 0.010581858456134796, 0.08544280380010605, 0.022007817402482033, 0.010908075608313084, 0.026389095932245255, 0.0896368995308876, 0.027184462174773216, 0.010836366564035416, 0.029959606006741524, 0.019312024116516113, 0.07537844777107239, 0.0004236677195876837, 0.06385944038629532, 0.023282205685973167, 0.018540117889642715, 0.10149475187063217, 0.008454052731394768, 0.014019642025232315, 0.014394472353160381, 0.03156086802482605, 0.00603899359703064, 0.01777111366391182, 0.02821759693324566, 0.046130213886499405, 0.038451410830020905, 0.05884290114045143, 0.03758740797638893, 0.03130722790956497, 0.11639941483736038, 0.06783876568078995, 0.013539161533117294, 0.009665518067777157, 0.0574369877576828, 0.00637228274717927, 0.012145493179559708, 0.037183355540037155, 0.0736406147480011, 0.06258002668619156, 0.03777754679322243, 0.0888957604765892, 0.013192919082939625, 0.053752586245536804, 0.013563577085733414, 0.006296735722571611, 0.007448944263160229, 0.05696513503789902, 0.00797046534717083, 0.09412956982851028, 0.0663013756275177, 0.03794454038143158, 0.05875058099627495, 0.07031573355197906, 0.012705307453870773, 0.019270364195108414, 0.07291502505540848, 0.06179958954453468, 0.01625388115644455, 0.022732041776180267, 0.02994801290333271, 0.04099176079034805, 0.021544983610510826, 0.004413992632180452, 0.011577343568205833, 0.03785383328795433, 0.01845579966902733, 0.012099855579435825, 0.006981249433010817, 0.0022834267001599073, 0.037415433675050735, 0.031519632786512375, 0.019250333309173584, 0.04690491780638695, 0.04011600837111473, 0.0321592316031456, 0.035802021622657776, 0.0056383335031569, 0.0020124083384871483, 0.05448814108967781, 0.011510089039802551, 0.056600455194711685, 0.008471115492284298, 0.03831418976187706, 0.03881566599011421, 0.06127755716443062, 0.0669017806649208, 0.060764431953430176, 0.05301377922296524, 0.02766398899257183, 0.06695085018873215, 0.06394606083631516, 0.07238726317882538, 0.08503914624452591, 0.060704778879880905, 0.018266674131155014, 0.03731396421790123, 0.05025562644004822, 0.06257623434066772, 0.0243996549397707, 0.08754804730415344, 0.0625714361667633, 0.011679036542773247, 0.05890977382659912, 0.03554939106106758, 0.016657432541251183, 0.010012655518949032, 0.028364988043904305, 0.04827612638473511, 0.07749664783477783, 0.05370762571692467, 0.04142056778073311, 0.013869763351976871, 0.0599752776324749, 0.07307204604148865, 0.026175614446401596, 0.025643521919846535, 0.05381707102060318, 0.029813053086400032, 0.09045130014419556, 0.002300659893080592, 0.03604555130004883, 0.07538698613643646, 0.007030503824353218, 0.045719947665929794]"
F239,"[0.017231209203600883, 0.06990985572338104, 0.004412503447383642, 0.07261446118354797, 0.06762795150279999, 0.057735804468393326, 0.025155896320939064, 0.018569769337773323, 0.08872786164283752, 0.006924198009073734, 0.09098266065120697, 0.04306755214929581, 0.10015793889760971, 0.03858433663845062, 0.0965004488825798, 0.11959569156169891, 0.015978358685970306, 0.07853250205516815, 0.07487694919109344, 0.04792278632521629, 0.08244579285383224, 0.06348663568496704, 0.016392238438129425, 0.1417696177959442, 0.06172637268900871, 0.0040851859375834465, 0.023535214364528656, 0.00662181805819273, 0.022051725536584854, 0.014426060020923615, 0.08987951278686523, 0.020841477438807487, 0.06114239618182182, 0.011541733518242836, 0.03999696299433708, 0.02744527906179428, 0.009358719922602177, 0.009799768216907978, 0.04385578632354736, 0.047183845192193985, 0.00279635819606483, 0.010525106452405453, 0.07972350716590881, 0.023700475692749023, 0.05561439320445061, 0.02636076509952545, 0.008018644526600838, 0.03876183182001114, 0.025661982595920563, 0.016878565773367882, 0.015213237144052982, 6.36535114608705e-05, 0.026377618312835693, 0.07464036345481873, 0.07108374685049057, 0.021936507895588875, 0.1172831803560257, 0.06450988352298737, 0.08843529969453812, 0.09643957763910294, 0.012600142508745193, 0.028112348169088364, 0.09366436302661896, 0.023587683215737343, 0.02586851827800274, 0.06116620823740959, 0.07056737691164017, 0.030455267056822777, 0.07118047028779984, 0.00861367303878069, 0.051589734852313995, 0.08701907843351364, 0.05681512504816055, 0.07585349678993225, 0.019402457401156425, 0.08227726817131042, 0.02670717053115368, 0.04253631457686424, 0.02528395690023899, 0.06149812415242195, 0.016737185418605804, 0.021908370777964592, 0.051559191197156906, 0.09684738516807556, 0.00010574780753813684, 0.08942821621894836, 0.015112890861928463, 0.12159357219934464, 0.01910802163183689, 0.04976794123649597, 0.04117051884531975, 0.02247648686170578, 0.026167867705225945, 0.10021951049566269, 0.035670142620801926, 0.045526422560214996, 0.05865294113755226, 0.08950741589069366, 0.029204577207565308, 0.025285571813583374, 0.05987347662448883, 0.026394112035632133, 0.012937646359205246, 0.03403567150235176, 0.012625358067452908, 0.028541915118694305, 0.030497608706355095, 0.0011072218185290694, 0.022343996912240982, 0.09689798206090927, 0.029921043664216995, 0.10596773028373718, 0.10654955357313156, 0.04566819220781326, 0.028555836528539658, 0.013720693066716194, 0.04645838961005211, 0.1257116198539734, 0.02463221549987793, 0.07714041322469711, 0.029784034937620163, 0.051550913602113724, 0.060717638581991196, 0.01978393830358982, 0.08084738254547119, 0.07959228754043579, 0.11092104017734528, 0.056250229477882385]"
F240,"[0.03925566002726555, 0.0364421047270298, 0.0647611990571022, 0.011706591583788395, 0.07634427398443222, 0.04620940238237381, 0.002765359589830041, 0.04707165062427521, 0.0443793460726738, 0.00305005325935781, 0.02436562441289425, 0.017488963901996613, 0.017142456024885178, 0.07689657062292099, 0.001644445932470262, 0.03984875604510307, 0.05431753769516945, 0.028484610840678215, 0.0006178839248605072, 0.01886548101902008, 0.09978684037923813, 0.09373049437999725, 0.005503892432898283, 0.023897623643279076, 0.1150127574801445, 0.06982924044132233, 0.028725402429699898, 0.06169573590159416, 0.04938623681664467, 0.06568865478038788, 0.03375166654586792, 0.047084514051675797, 0.0419892892241478, 0.037508681416511536, 0.007522681728005409, 0.09220704436302185, 0.013133076019585133, 0.02931186743080616, 0.007331055123358965, 0.07858534157276154, 0.05768611282110214, 0.061039816588163376, 0.039394743740558624, 0.06032511591911316, 0.09330825507640839, 0.037710342556238174, 0.056381404399871826, 0.04145730286836624, 0.04725835099816322, 0.001537382253445685, 0.02209373190999031, 0.013431687839329243, 0.1052563488483429, 0.03711295500397682, 0.020930567756295204, 0.020181071013212204, 0.003236492397263646, 0.025754252448678017, 0.0404122918844223, 0.04439973086118698, 0.020280642434954643, 0.11958464235067368, 0.09660004079341888, 0.03031838871538639, 0.06524457782506943, 0.08203490078449249, 0.007865008898079395, 0.04054456576704979, 0.04200417548418045, 0.12670859694480896, 0.03707760572433472, 0.004473532550036907, 0.027067750692367554, 0.011124903336167336, 0.015608904883265495, 0.026879090815782547, 0.07492455840110779, 0.032951097935438156, 0.004738135263323784, 0.00915494654327631, 0.058873388916254044, 0.0014572538202628493, 0.06409658491611481, 0.009094166569411755, 0.004462954588234425, 0.02881334349513054, 0.016352273523807526, 0.006954547017812729, 0.09323135763406754, 0.09526332467794418, 0.051183804869651794, 0.002775780390948057, 0.10730582475662231, 0.10890727490186691, 0.06230849027633667, 0.011586075648665428, 0.08737010508775711, 0.0028516307938843966, 0.03377209231257439, 0.01699228398501873, 0.0828588679432869, 0.0638311356306076, 0.06104888767004013, 0.08601341396570206, 0.015219133347272873, 0.022837501019239426, 0.06911098212003708, 0.06227434054017067, 0.007201732136309147, 0.0024713401217013597, 0.06635813415050507, 0.013224141672253609, 0.06307625770568848, 0.06435509026050568, 0.07702861726284027, 0.11636804789304733, 0.016378270462155342, 0.03245071321725845, 0.019953900948166847, 0.08288591355085373, 0.021398767828941345, 0.1138816848397255, 0.08050249516963959, 0.0010463109938427806, 0.028928609564900398, 0.034413762390613556, 0.04411305859684944, 0.03673609718680382]"
F241,"[0.006768703460693359, 0.0034425288904458284, 0.022609690204262733, 0.020142044872045517, 0.0437438003718853, 0.02109634503722191, 0.023570386692881584, 0.019183851778507233, 0.0003217786434106529, 0.014500692486763, 0.007853076793253422, 0.023522811010479927, 0.019354507327079773, 0.02945844642817974, 0.004284750670194626, 0.024882785975933075, 0.041084952652454376, 0.004630656912922859, 0.021997913718223572, 0.045692842453718185, 0.024405447766184807, 0.03501737490296364, 0.0014086583396419883, 0.03293098136782646, 0.01286613754928112, 0.04648846015334129, 0.030745739117264748, 0.05991367623209953, 0.033041927963495255, 0.0207324530929327, 0.002581823617219925, 0.04330470412969589, 0.022671161219477654, 0.035692743957042694, 0.027423851191997528, 0.031045924872159958, 0.018868308514356613, 0.02401065267622471, 0.032725825905799866, 0.0006410457426682115, 0.0010613971389830112, 0.01155958604067564, 0.03178199753165245, 0.02950720675289631, 0.03169501572847366, 0.02694760076701641, 0.026358742266893387, 0.02616540901362896, 0.04620455950498581, 0.010479305870831013, 0.016662614420056343, 0.002085302723571658, 0.02738255076110363, 0.012689677998423576, 0.033325761556625366, 0.01424301229417324, 0.002780763665214181, 0.01884387992322445, 0.0019336086697876453, 0.007984409108757973, 0.02635154500603676, 0.008548641577363014, 0.015289485454559326, 0.03563195839524269, 0.04124327749013901, 0.014098385348916054, 0.0002542138972785324, 0.03395208716392517, 0.03839624300599098, 0.01903342828154564, 0.002421116689220071, 0.005301398225128651, 0.023350970819592476, 0.010734273120760918, 0.018647326156497, 0.0022478282917290926, 0.011430607177317142, 0.012791542336344719, 0.026562755927443504, 0.014292694628238678, 0.023891739547252655, 0.004324241075664759, 0.01923774741590023, 0.028422003611922264, 0.004888007417321205, 0.03093733638525009, 0.03314031660556793, 0.02298268862068653, 0.04679085686802864, 0.025072595104575157, 0.008056869730353355, 0.01895596832036972, 0.0281438697129488, 0.020729750394821167, 0.015806177631020546, 0.054059356451034546, 0.0416717492043972, 0.02878730744123459, 0.01118373591452837, 0.012269091792404652, 0.017116405069828033, 0.02180415950715542, 0.02228561043739319, 0.0006018877611495554, 0.05129583552479744, 0.01013646088540554, 0.0018262763042002916, 0.025570131838321686, 0.007969748228788376, 0.003926340956240892, 0.009185277856886387, 0.01860000193119049, 0.01924090087413788, 0.0107343764975667, 0.018386324867606163, 0.0013443222269415855, 0.01355419959872961, 0.042967088520526886, 0.010302932001650333, 0.030429566279053688, 0.002046046545729041, 0.03435107320547104, 0.013712279498577118, 0.027776088565587997, 0.037327419966459274, 0.006464782636612654, 0.0373595766723156, 0.023135853931307793]"
F242,"[0.08057700842618942, 0.03840949758887291, 0.11419916898012161, 0.018012573942542076, 0.028566638007760048, 0.039521969854831696, 0.026923833414912224, 0.06134030967950821, 0.044022057205438614, 0.1025966927409172, 0.0012473767856135964, 0.08450504392385483, 0.04112442210316658, 0.07628480345010757, 0.197555810213089, 0.0323321670293808, 0.1832692176103592, 0.012867690064013004, 0.09953445941209793, 0.0668739601969719, 0.04270452633500099, 0.049100860953330994, 0.010745902545750141, 0.16382481157779694, 0.07448507845401764, 0.07238924503326416, 0.10861750692129135, 0.18585585057735443, 0.022943658754229546, 0.15514521300792694, 0.08531277626752853, 0.14182215929031372, 0.16292376816272736, 0.09468341618776321, 0.07888059318065643, 0.011930997483432293, 0.03898734226822853, 0.018428858369588852, 0.0026238136924803257, 0.1551724523305893, 0.01680193468928337, 0.13744895160198212, 0.07689803838729858, 0.09539510309696198, 0.09989521652460098, 0.04269562289118767, 0.18608210980892181, 0.13211964070796967, 0.10037725418806076, 0.06146687641739845, 0.023190420120954514, 0.014363178052008152, 0.037629831582307816, 0.11988960951566696, 0.1580447107553482, 0.05181163549423218, 0.07908117026090622, 0.07334347069263458, 0.05625531077384949, 0.07368224859237671, 0.06717219948768616, 0.007231128867715597, 0.07631465792655945, 0.1342848539352417, 0.0649128258228302, 0.03526876121759415, 0.035325825214385986, 0.19392666220664978, 0.034032974392175674, 0.03646324202418327, 0.034632883965969086, 0.12471865117549896, 0.13342954218387604, 0.08539102971553802, 0.02152129076421261, 0.05286869779229164, 0.11973536014556885, 0.016016503795981407, 0.06520453840494156, 0.0892375037074089, 0.11236187815666199, 0.0819258987903595, 0.010149411857128143, 0.11064282059669495, 0.05209532380104065, 0.01879775896668434, 0.1584533303976059, 0.08363964408636093, 0.08466887474060059, 0.20371921360492706, 0.02872270531952381, 0.07331088930368423, 0.12444735318422318, 0.0029881454538553953, 0.1253633350133896, 0.012091965414583683, 0.10191988945007324, 0.03225722163915634, 0.009459279477596283, 0.10011179745197296, 0.005495648365467787, 0.07071275264024734, 0.14027035236358643, 0.10533756762742996, 0.04483756050467491, 0.007292553316801786, 0.03788801282644272, 0.036430686712265015, 0.1311647742986679, 0.010543890297412872, 0.04170750826597214, 0.00697363680228591, 0.012430544011294842, 0.003414088161662221, 0.0242154523730278, 0.12697242200374603, 0.059544093906879425, 0.10460550338029861, 0.040437981486320496, 0.04138318449258804, 0.006564981769770384, 0.07770311832427979, 0.12009599059820175, 0.19750474393367767, 0.08568146079778671, 0.019493507221341133, 0.1714465171098709, 0.016895059496164322]"
F243,"[0.033896856009960175, 0.04160919040441513, 0.03314349055290222, 0.001455577090382576, 0.05646312236785889, 0.03285498544573784, 0.07822354882955551, 0.08790144324302673, 0.027443066239356995, 0.10820550471544266, 0.04936695471405983, 0.03249191492795944, 0.05016065016388893, 0.03761216253042221, 0.15556123852729797, 0.02450440265238285, 0.018784305080771446, 0.0539194718003273, 0.022009598091244698, 0.018589893355965614, 0.0529848113656044, 0.02857009507715702, 0.0660877451300621, 0.14286966621875763, 0.14184509217739105, 0.03304662927985191, 0.05761620029807091, 0.09020531177520752, 0.06673932820558548, 0.05108817294239998, 0.06954094767570496, 0.06374698132276535, 0.006333785597234964, 0.01961163431406021, 0.03206108137965202, 0.050225626677274704, 0.02646660804748535, 0.023364046588540077, 0.11572813242673874, 0.09311200678348541, 0.01061625313013792, 0.0306546613574028, 0.06887785345315933, 0.0689903199672699, 0.016797561198472977, 0.010252838023006916, 0.01921200565993786, 0.0005136810941621661, 0.0781932920217514, 0.04085893556475639, 0.04673529788851738, 0.015171299688518047, 0.054411910474300385, 0.07274706661701202, 0.022228384390473366, 0.09251294285058975, 0.01277528889477253, 0.0614636093378067, 0.026490094140172005, 0.04980603978037834, 0.03523851931095123, 0.08165197819471359, 0.03709243983030319, 0.045662831515073776, 0.06474950909614563, 0.07135101407766342, 0.04171829670667648, 0.028096821159124374, 0.057847898453474045, 0.0046334415674209595, 0.057628046721220016, 0.013644175603985786, 0.04707246646285057, 0.03642405569553375, 0.043934959918260574, 0.03105049394071102, 0.03302255645394325, 0.045091524720191956, 0.0031439014710485935, 0.012461663223803043, 0.01127967331558466, 0.08067093789577484, 0.015059549361467361, 0.02180321514606476, 0.01459590531885624, 0.04425623640418053, 0.05000980943441391, 0.0807221531867981, 0.012374958954751492, 0.0771271139383316, 0.061669573187828064, 0.039583850651979446, 0.014609693549573421, 0.07447461783885956, 0.04629725590348244, 0.052465151995420456, 0.002265510382130742, 0.05236707627773285, 0.00041329878149554133, 0.07985332608222961, 0.0925668478012085, 0.05426248162984848, 0.03522246703505516, 0.019475489854812622, 0.020056134089827538, 0.04326444864273071, 0.0051501099951565266, 0.012973853386938572, 0.03903001919388771, 0.07566771656274796, 0.050007786601781845, 0.05548087880015373, 0.03480140492320061, 0.08361261337995529, 0.09287718683481216, 0.01908104307949543, 0.0032491073943674564, 0.012665976770222187, 0.07718612253665924, 0.016544241458177567, 0.06792975217103958, 0.03472480922937393, 0.015101674944162369, 0.03191443532705307, 0.0890880823135376, 0.08305206894874573, 0.0071942429058253765, 0.011102183721959591]"
F244,"[0.003846138482913375, 0.0046686772257089615, 0.015529589727520943, 0.0016439424362033606, 0.0031424728222191334, 0.024573132395744324, 0.015959298238158226, 0.013371912762522697, 0.026106959208846092, 0.006929230876266956, 0.012050474062561989, 0.006269196514040232, 0.018833313137292862, 0.004484645090997219, 0.019373150542378426, 0.014173967763781548, 0.02781728282570839, 0.02017776295542717, 0.016873789951205254, 0.002030131407082081, 0.01774897240102291, 0.0060174171812832355, 0.01032690703868866, 0.012167827226221561, 0.020542504265904427, 0.020073337480425835, 0.01444249041378498, 0.021070627495646477, 0.017530253157019615, 0.012800861150026321, 0.026186281815171242, 0.009998411871492863, 0.0039788600988686085, 0.008808199316263199, 0.009509780444204807, 0.009390400722622871, 0.008213031105697155, 0.012452353723347187, 0.0018312615575268865, 0.011524871923029423, 0.013292031362652779, 0.022376930341124535, 0.018740179017186165, 0.006432272028177977, 0.0048920768313109875, 0.007701721508055925, 0.002593054436147213, 0.020227236673235893, 0.0012503502657637, 0.016546661034226418, 0.002398040844127536, 0.017519190907478333, 0.0026429840363562107, 0.028371769934892654, 0.01025177538394928, 0.00932143721729517, 0.003095576772466302, 0.004574452061206102, 0.00221877358853817, 0.009298400953412056, 0.010526778176426888, 0.00074009969830513, 0.0050705247558653355, 0.01861109398305416, 0.012596238404512405, 0.01819762960076332, 0.00414148299023509, 0.0052944207563996315, 0.010711331851780415, 0.0003314001951366663, 0.02837592549622059, 0.0024366299621760845, 0.007344373501837254, 0.0036016523372381926, 0.010595475323498249, 0.023469075560569763, 0.02836313657462597, 0.013286130502820015, 0.018170660361647606, 0.01130974292755127, 0.005888562183827162, 0.010118357837200165, 0.011155043728649616, 0.0029646221082657576, 0.01027378998696804, 0.024085622280836105, 0.004458112176507711, 0.01748637668788433, 0.010418967343866825, 0.02365732565522194, 0.022327175363898277, 0.004874464124441147, 0.019895268604159355, 0.004663387779146433, 0.002208053832873702, 0.0061004264280200005, 0.014242487028241158, 0.011437542736530304, 0.006067899987101555, 0.014647495932877064, 0.001727329334244132, 0.01629527471959591, 0.027889152988791466, 0.0060410648584365845, 0.0015477894339710474, 0.010660981759428978, 0.0008747693500481546, 0.004415680188685656, 0.003071741433814168, 0.028115136548876762, 0.010187861509621143, 0.007020480465143919, 0.013387436047196388, 0.010791239328682423, 0.005502076353877783, 0.004778787028044462, 0.005741777829825878, 0.00256993155926466, 0.016121450811624527, 0.02420217916369438, 0.0037861315067857504, 0.0047019957564771175, 0.009583824314177036, 0.02217896282672882, 0.013830918818712234, 0.010238136164844036, 0.004251507110893726, 0.001985282404348254]"
F245,"[0.003923414275050163, 0.004314199090003967, 0.004513637628406286, 0.014077182859182358, 0.006850081495940685, 0.004411289468407631, 0.012344146147370338, 0.0017745161894708872, 0.003877584356814623, 0.014978761784732342, 0.007755193393677473, 0.005588526371866465, 0.00690181041136384, 0.010716894641518593, 0.017821872606873512, 0.0034357092808932066, 0.00048077397514134645, 0.000348058674717322, 0.014734677039086819, 0.0009319761302322149, 0.0026132273487746716, 0.0028608576394617558, 0.015104565769433975, 0.015224858187139034, 0.007419432047754526, 0.015202675014734268, 0.006833272986114025, 0.0023396082688122988, 0.004181167110800743, 0.00760218221694231, 0.003694201121106744, 0.0023579623084515333, 0.011163990944623947, 0.0075586228631436825, 0.016677450388669968, 0.0091499462723732, 0.00013379847223404795, 0.010946021415293217, 0.012810314074158669, 0.0008751230780035257, 0.022056961432099342, 0.00603391183540225, 0.0023949691094458103, 0.00818992406129837, 0.003936338238418102, 0.003037054557353258, 0.013128952123224735, 0.009486689232289791, 0.020680205896496773, 0.015572194010019302, 0.010492577217519283, 0.004515503067523241, 0.006612716242671013, 0.013092949986457825, 0.011586234904825687, 0.006458471063524485, 0.005451455246657133, 0.018106374889612198, 0.017506282776594162, 0.0070711118169128895, 0.006835363805294037, 0.00786634348332882, 0.006945441477000713, 0.0009306251886300743, 0.007975372485816479, 0.00302342907525599, 0.005864839535206556, 0.026133686304092407, 0.004699382930994034, 0.0035797269083559513, 0.001933914958499372, 0.006297061685472727, 0.005686332006007433, 0.001301292795687914, 0.0028586266562342644, 0.0027644424699246883, 0.01886698417365551, 0.01832895167171955, 0.00011012016329914331, 0.004263551905751228, 0.013289415277540684, 0.007790147326886654, 0.006636244710534811, 0.002481722040101886, 0.006415927782654762, 0.005150782875716686, 0.008028031326830387, 0.0013442618073895574, 0.014030097052454948, 0.004867819137871265, 0.004575669765472412, 0.004739278927445412, 0.0020236719865351915, 0.0033485533203929663, 0.0024317887146025896, 0.00041297648567706347, 0.006489879917353392, 0.007918011397123337, 0.003357887966558337, 0.002510577905923128, 0.003995577339082956, 0.005797182209789753, 0.003738557454198599, 0.0055205137468874454, 0.005767619702965021, 0.014016791246831417, 0.00984963495284319, 0.004084734711796045, 0.026600714772939682, 0.022314690053462982, 0.013789411634206772, 0.004902019165456295, 0.022365828976035118, 0.01161545142531395, 0.0006639788043685257, 0.017319876700639725, 0.00978823285549879, 0.019028525799512863, 0.010219443589448929, 0.011053156107664108, 0.016134636476635933, 1.5863721273490228e-05, 0.0042284526862204075, 0.00046634336467832327, 0.01852312684059143, 0.0073896748945117, 0.012924952432513237, 0.012096395716071129]"
F246,"[0.0432177409529686, 0.033596139401197433, 0.06928824633359909, 0.005943270865827799, 0.04581216350197792, 0.0016224312130361795, 0.05100177228450775, 0.018620282411575317, 0.0788709744811058, 0.0589669793844223, 0.013719506561756134, 0.06519938260316849, 0.02816811390221119, 0.06715263426303864, 0.054128844290971756, 0.026367973536252975, 0.049315210431814194, 0.08132462948560715, 0.06460399180650711, 0.061756033450365067, 0.036274801939725876, 0.04119165614247322, 0.008818015456199646, 0.02359185926616192, 0.09549658000469208, 0.055444084107875824, 0.023123061284422874, 0.07340271025896072, 0.05433977022767067, 0.03327349200844765, 0.08441316336393356, 0.026631368324160576, 0.05704304948449135, 0.03646411746740341, 0.005436871200799942, 0.00433318642899394, 0.06536105275154114, 0.044411562383174896, 0.044675130397081375, 0.012141539715230465, 0.05782420560717583, 0.0012208898551762104, 0.03263184428215027, 0.01027785986661911, 0.0009022150770761073, 0.018489880487322807, 0.028842758387327194, 0.021830106154084206, 0.06057575345039368, 0.01875738427042961, 0.06584497541189194, 0.051595982164144516, 0.0313495434820652, 0.046340618282556534, 0.03803209960460663, 0.049894511699676514, 0.06732238829135895, 0.0461883507668972, 0.025946948677301407, 0.0008349230629391968, 0.01130007952451706, 0.05843833461403847, 0.02322259731590748, 0.027530694380402565, 0.019275302067399025, 0.05197981372475624, 0.033412083983421326, 0.029204050078988075, 0.04580210894346237, 0.013362501747906208, 0.040735773742198944, 0.047842610627412796, 0.06398644298315048, 0.017274416983127594, 0.02265571430325508, 0.03362191841006279, 0.09120447188615799, 0.06665036082267761, 0.018971337005496025, 0.07979915291070938, 0.02381349913775921, 0.018588457256555557, 0.0180585328489542, 0.027523580938577652, 0.05495279282331467, 0.06429870426654816, 0.06630732864141464, 0.036585889756679535, 0.014612684026360512, 0.01184169389307499, 0.04049718379974365, 0.10840773582458496, 0.08481104671955109, 0.0494111031293869, 0.040587130934000015, 0.08009762316942215, 0.01197001151740551, 0.02544163167476654, 0.058665867894887924, 0.012294295243918896, 0.038385938853025436, 0.07531154900789261, 0.057871509343385696, 0.06016967445611954, 0.02264910191297531, 0.051243700087070465, 0.034777961671352386, 0.08688908070325851, 0.06972082704305649, 0.10309860110282898, 0.055286481976509094, 0.07101952284574509, 0.044327687472105026, 0.07512833923101425, 0.010424872860312462, 0.06614972651004791, 0.009801195934414864, 0.004716578871011734, 0.12752696871757507, 0.0002770446881186217, 0.043077606707811356, 0.01159378606826067, 0.08162827044725418, 0.08159290999174118, 0.04493289440870285, 0.015671320259571075, 0.011360672302544117, 0.047570664435625076]"
F247,"[0.043997734785079956, 0.007598827127367258, 0.003527146764099598, 0.01410327572375536, 0.18476414680480957, 0.03298047557473183, 0.16591598093509674, 0.09483756124973297, 0.03947465866804123, 0.021201573312282562, 0.09582600742578506, 0.06449474394321442, 0.004132881760597229, 0.05007372796535492, 0.11435569077730179, 0.03260918706655502, 0.04372861236333847, 0.10123526304960251, 0.009632160887122154, 0.05476038157939911, 0.1558753401041031, 0.00981947872787714, 0.08510445058345795, 0.10073203593492508, 0.10624267160892487, 0.10239657014608383, 0.02306271903216839, 0.08261989802122116, 0.0366971381008625, 0.03343655914068222, 0.0736931711435318, 0.020351244136691093, 0.028657732531428337, 0.15675437450408936, 0.09743937849998474, 0.10894646495580673, 0.054216206073760986, 0.12651896476745605, 0.06018664687871933, 0.09237424284219742, 0.08034010976552963, 0.03529755398631096, 0.009752641431987286, 0.021246159449219704, 0.1250477135181427, 0.14029964804649353, 0.02796206623315811, 0.038075804710388184, 0.04060957580804825, 0.002130527049303055, 0.07287858426570892, 0.11036472022533417, 0.038285478949546814, 0.0683753564953804, 0.051306795328855515, 0.06933537870645523, 0.0643710121512413, 0.01919703371822834, 0.0033690249547362328, 0.00788773875683546, 0.03625285625457764, 0.040765177458524704, 0.15727894008159637, 2.563900670793373e-05, 0.03702768310904503, 0.1509491205215454, 0.021702565252780914, 0.013514530844986439, 0.015350478701293468, 0.10736055672168732, 0.0874980017542839, 0.06621166318655014, 0.023178212344646454, 0.11552402377128601, 0.02634354867041111, 0.13040849566459656, 0.11501813679933548, 0.027432909235358238, 0.025485938414931297, 0.012546532787382603, 0.0148840406909585, 0.15200364589691162, 0.03885534033179283, 0.1044682040810585, 0.042702365666627884, 0.040689561516046524, 0.0869213342666626, 0.05067281797528267, 0.04462985694408417, 0.0774785727262497, 0.013862723484635353, 0.046038735657930374, 0.13857832551002502, 0.11705903708934784, 0.0749732106924057, 0.07230363041162491, 0.0019109637942165136, 0.07067202776670456, 0.03806411847472191, 0.1438964456319809, 0.059838470071554184, 0.0058078039437532425, 0.04837264120578766, 0.05094190686941147, 0.04011913016438484, 0.09220575541257858, 0.0562872551381588, 0.0381828211247921, 0.015267583541572094, 0.023116210475564003, 0.0051108612678945065, 0.02670000120997429, 0.09103744477033615, 0.11443359404802322, 0.05262251943349838, 0.012140489183366299, 0.036445774137973785, 0.10073263198137283, 0.04523879289627075, 0.07243235409259796, 0.03996025398373604, 0.0014255710411816835, 0.018810169771313667, 0.00808597169816494, 0.030337313190102577, 0.06621026247739792, 0.04020377993583679, 0.10385894775390625]"
F248,"[0.06602312624454498, 0.07211355119943619, 0.10643849521875381, 0.0938621386885643, 0.0200177114456892, 0.009767350740730762, 0.05721847712993622, 0.01042296551167965, 0.06945526599884033, 0.038069888949394226, 0.04440072551369667, 0.05114039033651352, 0.08973164856433868, 0.014352279715240002, 0.0603184774518013, 0.03935427591204643, 0.06589705497026443, 0.08029398322105408, 0.09611622989177704, 0.07117880880832672, 0.0018780442187562585, 0.06690395623445511, 0.03126911446452141, 0.02244211547076702, 0.03047613985836506, 0.012970433570444584, 0.055399373173713684, 0.06540309637784958, 0.0073714712634682655, 0.06014489009976387, 0.07149107754230499, 0.08763452619314194, 0.020117025822401047, 0.016871986910700798, 0.0015842424472793937, 0.009474314749240875, 0.021035879850387573, 0.01080856379121542, 0.022643018513917923, 0.08491744846105576, 0.004949261900037527, 0.030247416347265244, 0.0340440608561039, 0.06950518488883972, 0.06784605979919434, 0.003967059776186943, 0.010101376101374626, 0.05271890014410019, 0.015473511070013046, 0.009776201099157333, 0.04006820544600487, 0.043714024126529694, 0.06868000328540802, 0.033565692603588104, 0.026814453303813934, 0.01725163497030735, 0.07656291127204895, 0.05070219188928604, 0.0171741284430027, 0.08123362809419632, 0.08647255599498749, 0.043073274195194244, 0.08188087493181229, 0.007882685400545597, 0.07668574154376984, 0.025677183642983437, 0.012567269615828991, 0.055935461074113846, 0.0028954718727618456, 0.043167173862457275, 0.057443246245384216, 0.07477627694606781, 0.05923956632614136, 0.016666557639837265, 0.07907367497682571, 0.05041377618908882, 0.0064646219834685326, 0.05539315566420555, 0.06785410642623901, 0.04939529672265053, 0.06988759338855743, 0.010887068696320057, 0.07814285159111023, 0.03794747591018677, 0.09315880388021469, 0.08734399825334549, 0.025373399257659912, 0.029093420132994652, 0.053817279636859894, 0.05821001157164574, 0.08005312830209732, 0.01739375665783882, 0.01246674545109272, 0.07324550300836563, 0.02379571832716465, 0.00046002844464965165, 0.011334429495036602, 0.05294635146856308, 0.04755547270178795, 0.028439359739422798, 0.006922838278114796, 0.0384751632809639, 0.07691554725170135, 0.08133678138256073, 0.09094595909118652, 0.08236297219991684, 0.005537611898034811, 0.05787431448698044, 0.0012749885208904743, 0.04985945671796799, 0.06589774787425995, 0.05488903447985649, 0.06095271185040474, 0.06028711050748825, 0.1129605770111084, 0.029861990362405777, 0.028984103351831436, 0.004953141324222088, 0.04343311861157417, 0.0396089069545269, 0.050429679453372955, 0.052534401416778564, 0.02534279227256775, 0.018708785995841026, 0.0810435488820076, 0.07833733409643173, 0.03781219944357872, 0.04690747335553169]"
F249,"[0.08847019076347351, 0.011760600842535496, 0.08589360117912292, 0.008190751075744629, 0.23477283120155334, 0.12923811376094818, 0.15865576267242432, 0.05694139376282692, 0.037674400955438614, 0.04505112022161484, 0.03587988764047623, 0.005241322796791792, 0.0032683645840734243, 0.1499033272266388, 0.05885814130306244, 0.1401529759168625, 0.13026928901672363, 0.13727468252182007, 0.010499486699700356, 0.18492557108402252, 0.07081183791160583, 0.060271117836236954, 0.12205962091684341, 0.008914175443351269, 0.09615442156791687, 0.047650549560785294, 0.15808776021003723, 0.031255945563316345, 0.03988323733210564, 0.02243444137275219, 0.12819352746009827, 0.004087529610842466, 0.058325059711933136, 0.06417974829673767, 0.0415600910782814, 0.15773996710777283, 0.11858145147562027, 0.1321849226951599, 0.008000428788363934, 0.1011609211564064, 0.09862875938415527, 0.07000457495450974, 0.19092419743537903, 0.07212448865175247, 0.0019653725903481245, 0.03327715024352074, 0.09062404185533524, 0.14259693026542664, 0.0403875932097435, 0.03384390473365784, 0.016958225518465042, 0.055565815418958664, 0.07105429470539093, 0.05767713487148285, 0.06546295434236526, 0.05695398524403572, 0.12955181300640106, 0.1080441102385521, 0.023397231474518776, 0.016856344416737556, 0.057284388691186905, 0.04699656739830971, 0.15816977620124817, 0.05869878828525543, 0.04259176924824715, 0.17739784717559814, 0.018243752419948578, 0.06417224556207657, 0.08581016212701797, 0.07002139836549759, 0.07301247119903564, 0.003945513628423214, 0.008666178211569786, 0.17206738889217377, 0.01044376939535141, 0.08992509543895721, 0.08295656740665436, 0.13106249272823334, 0.1310264766216278, 0.021487507969141006, 0.04121297597885132, 0.053407132625579834, 0.0016511378344148397, 0.07353376597166061, 0.04965365305542946, 0.16164414584636688, 0.026624074205756187, 0.1290753185749054, 0.014863264746963978, 0.03324102237820625, 0.12695874273777008, 0.06376912444829941, 0.041937150061130524, 0.07957050204277039, 0.000441387906903401, 0.10367260128259659, 0.0807797983288765, 0.04387925565242767, 0.10664432495832443, 0.06448624283075333, 0.07958528399467468, 0.16860321164131165, 0.07769602537155151, 0.00048646502546034753, 0.03869514912366867, 0.03295675665140152, 0.03857293725013733, 0.003654587548226118, 0.09083094447851181, 0.12126424908638, 0.11584968119859695, 0.04463587701320648, 0.043161459267139435, 0.01830400712788105, 0.06355027854442596, 0.16177929937839508, 0.022229919210076332, 0.056894298642873764, 0.11671224981546402, 0.1237199455499649, 0.059226199984550476, 0.19253280758857727, 0.0853395089507103, 0.11339797079563141, 0.10376261919736862, 0.07760333269834518, 0.12114840000867844, 0.07093970477581024]"
F250,"[0.04333288222551346, 0.10455198585987091, 0.06060623377561569, 0.025631757453083992, 0.10211194306612015, 0.0729677826166153, 0.06137910485267639, 0.032309554517269135, 0.04424262419342995, 0.072845958173275, 0.011482796631753445, 0.0047574411146342754, 0.0498998686671257, 0.054084502160549164, 0.10359624773263931, 0.04944593459367752, 0.05537663772702217, 0.004131559282541275, 0.0430157445371151, 0.062090229243040085, 0.07275201380252838, 0.03641730919480324, 0.0025793525855988264, 0.0006347394082695246, 0.050143275409936905, 0.03449397161602974, 0.0708928182721138, 0.04231078177690506, 0.02000933513045311, 0.01393255963921547, 0.04763834550976753, 0.0030513950623571873, 0.0682373121380806, 0.05492927506566048, 0.07575979083776474, 0.017846887931227684, 0.02912743017077446, 0.046105336397886276, 0.05999879539012909, 0.10450845211744308, 0.06096143275499344, 0.007203685585409403, 0.028149349614977837, 0.040704987943172455, 0.03868301957845688, 0.02672223187983036, 0.008208679966628551, 0.003374317195266485, 0.02147265337407589, 0.0009545044740661979, 0.07270967215299606, 0.01833893172442913, 0.002690080087631941, 0.025202004238963127, 0.09398982673883438, 0.019080158323049545, 0.055110763758420944, 0.02120206318795681, 0.041145216673612595, 0.059518467634916306, 0.05627955123782158, 0.09917958825826645, 0.009860239923000336, 0.03282171115279198, 0.07443016022443771, 0.03669877350330353, 6.138776370789856e-05, 0.038144055753946304, 0.029789011925458908, 0.041737914085388184, 0.0023474479094147682, 0.021065784618258476, 0.06480183452367783, 0.057859599590301514, 0.002232230268418789, 0.043215807527303696, 0.02097226306796074, 0.06043032184243202, 0.05696811527013779, 0.03706810250878334, 0.06893597543239594, 0.03367731720209122, 0.007606412284076214, 0.044768013060092926, 0.01974930614233017, 0.03164984658360481, 0.003457982325926423, 0.03835845738649368, 0.003479615319520235, 0.014692775905132294, 0.061426062136888504, 0.017133066430687904, 0.027523117139935493, 0.07418645918369293, 0.01876579038798809, 0.07379598915576935, 0.016156386584043503, 0.07343655824661255, 0.04716069623827934, 0.01064048707485199, 0.029825644567608833, 0.017933925613760948, 0.02549544908106327, 0.05546575039625168, 0.02439975179731846, 0.05788400024175644, 0.01090170256793499, 0.021889736875891685, 0.0332581102848053, 0.02962767891585827, 0.05866837874054909, 0.03744203597307205, 0.04698558896780014, 0.034216903150081635, 0.04185213893651962, 0.0031165420077741146, 0.01798865757882595, 0.08894544839859009, 0.019627096131443977, 0.015148594044148922, 0.09081414341926575, 0.032805271446704865, 0.029688583686947823, 0.03529573976993561, 0.016404245048761368, 0.017078649252653122, 0.02144966460764408, 0.04358954355120659]"
F251,"[0.008035209029912949, 0.0030461340211331844, 0.015863630920648575, 0.018315335735678673, 0.0020954508800059557, 0.01576196774840355, 0.01628059707581997, 0.013823643326759338, 0.0038599949330091476, 0.023212121799588203, 0.02647468075156212, 0.004082938656210899, 0.032336894422769547, 0.0015762824332341552, 0.03960438817739487, 0.022343834862113, 0.018145419657230377, 0.007613669149577618, 0.001519123325124383, 0.021096061915159225, 0.027107933536171913, 0.0026390072889626026, 0.01177800353616476, 0.026931023225188255, 0.03383930027484894, 0.0005455831997096539, 0.0164745282381773, 0.04590959846973419, 0.023494986817240715, 0.0008012554608285427, 0.033520422875881195, 0.018356943503022194, 0.029743170365691185, 0.02011093683540821, 0.0023437526542693377, 0.021988442167639732, 0.025164572522044182, 0.007839630357921124, 0.018353188410401344, 0.03560485690832138, 0.025784283876419067, 0.004170312080532312, 0.02328556589782238, 0.005236589815467596, 0.02209543250501156, 0.019158711656928062, 0.03672270104289055, 0.028399169445037842, 0.02076759561896324, 0.027513856068253517, 0.008805153891444206, 0.028506482020020485, 0.014634894207119942, 0.030460059642791748, 0.019151462242007256, 0.02228481136262417, 0.013303721323609352, 0.008916255086660385, 0.005761772394180298, 0.00373048335313797, 0.017058808356523514, 0.00857197493314743, 0.0009762063273228705, 0.009751273319125175, 0.023342212662100792, 0.00884815864264965, 0.026237132027745247, 0.0016937117325142026, 6.60843652440235e-05, 0.0036150249652564526, 0.008461063727736473, 0.019305923953652382, 0.020029887557029724, 0.007762195076793432, 0.024809585884213448, 0.00011371953587513417, 0.029255269095301628, 0.0035252936650067568, 0.02993137203156948, 0.00747072184458375, 0.03338135406374931, 0.031443651765584946, 0.008583447895944118, 0.004431977868080139, 0.010965947061777115, 0.007563577964901924, 0.008156092837452888, 0.022887159138917923, 0.004782784730195999, 0.009910555556416512, 0.007195161189883947, 0.003357110545039177, 0.02561226487159729, 0.008897406049072742, 0.01132598239928484, 0.01936708763241768, 0.026884982362389565, 0.017166487872600555, 0.016399221494793892, 0.012386850081384182, 0.01857621595263481, 0.005659943446516991, 0.004363051149994135, 0.0210653655230999, 0.007916849106550217, 0.011456501670181751, 0.00800511334091425, 0.0183612909168005, 0.01406174898147583, 0.0078140739351511, 0.006998158060014248, 0.007039021700620651, 0.030454928055405617, 0.015811460092663765, 0.0030461654532700777, 0.01026875339448452, 0.0076865581795573235, 0.012868518941104412, 0.031565338373184204, 0.010942616499960423, 0.023162834346294403, 0.027475746348500252, 0.00695759104564786, 0.01947067677974701, 0.018209734931588173, 0.008436160162091255, 0.0095453429967165, 0.009200801141560078]"
F252,"[0.03639395162463188, 0.03133304417133331, 0.02025729976594448, 0.04759606719017029, 0.08715067058801651, 0.07413031905889511, 0.05330328643321991, 0.10757025331258774, 0.11581363528966904, 0.0021353974007070065, 0.052499450743198395, 0.051279325038194656, 0.09813658148050308, 0.09190815687179565, 0.14328046143054962, 0.016804378479719162, 0.15435965359210968, 0.06443631649017334, 0.008841283619403839, 0.07888362556695938, 0.05149293318390846, 0.08131101727485657, 0.13661445677280426, 0.1675000935792923, 0.0498734675347805, 0.08695277571678162, 0.1437259167432785, 0.14824368059635162, 0.03854156658053398, 0.05324174463748932, 0.17364442348480225, 0.05952451005578041, 0.09855587780475616, 0.09565913677215576, 0.18506893515586853, 0.0009803728898987174, 0.18194611370563507, 0.06071373447775841, 0.018719075247645378, 0.13118498027324677, 0.18452148139476776, 0.0809018611907959, 0.1430799663066864, 0.046615369617938995, 0.06649446487426758, 0.05231747031211853, 0.2252855896949768, 0.1381804347038269, 0.006175699643790722, 0.05412780120968819, 0.04731645807623863, 0.15406937897205353, 0.11843732744455338, 0.04227282106876373, 0.05169924348592758, 0.142367422580719, 0.03804913908243179, 0.13445521891117096, 0.11897920817136765, 0.04446057230234146, 0.1802818477153778, 0.1123652309179306, 0.1498340517282486, 0.13449588418006897, 0.12431301921606064, 0.08581988513469696, 0.06757096946239471, 0.12415848672389984, 0.08801941573619843, 0.10350705683231354, 0.15370993316173553, 0.16536661982536316, 0.11404620856046677, 0.010485682636499405, 0.018505537882447243, 0.12261474877595901, 0.19326677918434143, 0.1829562932252884, 0.13496236503124237, 0.03128806874155998, 0.17599734663963318, 0.013840807601809502, 0.14395391941070557, 0.02534824050962925, 0.04219597578048706, 0.06316593289375305, 0.0342642106115818, 0.15113836526870728, 0.004837232641875744, 0.13129864633083344, 0.0266487468034029, 0.1533992439508438, 0.0822572261095047, 0.07630472630262375, 0.0011365568498149514, 0.08505585789680481, 0.04652795195579529, 0.08128578960895538, 0.08112291991710663, 0.0725368782877922, 0.15003585815429688, 0.11280747503042221, 0.10022300481796265, 0.17725522816181183, 0.1743830293416977, 0.07955708354711533, 0.11471320688724518, 0.11414873600006104, 0.12685227394104004, 0.09886044263839722, 0.10200752317905426, 0.04884038493037224, 0.10890205949544907, 0.052469756454229355, 0.053270820528268814, 0.06140611693263054, 0.02127585932612419, 0.021774888038635254, 0.05644881725311279, 0.0108878742903471, 0.06863532215356827, 0.13728299736976624, 0.06716658174991608, 0.1565258651971817, 0.053588271141052246, 0.0997391864657402, 0.16992639005184174, 0.04144715517759323]"
F253,"[0.005083611235022545, 0.0800703763961792, 0.015197831206023693, 0.10059169679880142, 0.03606502711772919, 0.0035815287847071886, 0.033438485115766525, 0.08645578473806381, 0.10950534790754318, 0.033017441630363464, 0.009032092057168484, 0.03246099874377251, 0.08933018893003464, 0.029152480885386467, 0.0745844915509224, 0.0648551806807518, 0.013795618899166584, 0.07977733016014099, 0.036793291568756104, 0.013853783719241619, 0.03976862505078316, 0.06431573629379272, 0.1067785695195198, 0.02552846632897854, 0.025396445766091347, 0.021961115300655365, 0.050710391253232956, 0.09157130867242813, 0.11165691912174225, 0.08162914216518402, 0.04274424910545349, 0.054820235818624496, 0.00850612111389637, 0.03207526355981827, 0.01835871860384941, 0.07692969590425491, 0.08225356042385101, 0.06562507897615433, 0.07505478709936142, 0.08849100768566132, 0.025908416137099266, 0.07025130838155746, 0.059764835983514786, 0.04798030108213425, 0.02672145515680313, 0.09760086983442307, 0.02231431007385254, 0.07143926620483398, 0.02661254070699215, 0.0054369461722671986, 0.02001372165977955, 0.11929559707641602, 0.060521937906742096, 0.06958982348442078, 0.008703026920557022, 0.07141658663749695, 0.059210315346717834, 0.04140319675207138, 0.04587813466787338, 0.04790070280432701, 0.02013661153614521, 0.04059191793203354, 0.008202706463634968, 0.07427843660116196, 0.019728299230337143, 0.0552544929087162, 0.0701565220952034, 0.011237374506890774, 0.06663390249013901, 8.365772373508662e-05, 0.024442821741104126, 0.016562897711992264, 0.025825604796409607, 0.014063190668821335, 0.008579172194004059, 0.032980386167764664, 0.030725356191396713, 0.06628058105707169, 0.022179124876856804, 0.06206977367401123, 0.011890296824276447, 0.06677573174238205, 0.015020979568362236, 0.11244692653417587, 0.0851297453045845, 0.01223885640501976, 0.07801863551139832, 0.04553771764039993, 0.05717071518301964, 0.0018046116456389427, 0.08115196228027344, 0.08485213667154312, 0.008052181452512741, 0.02786579169332981, 0.006556893233209848, 0.03255530446767807, 0.044110409915447235, 0.060670047998428345, 0.12661227583885193, 0.04259798303246498, 0.01191485021263361, 0.025959255173802376, 0.050854288041591644, 0.037631019949913025, 0.013945755548775196, 0.08205393701791763, 0.04857350140810013, 0.06261102855205536, 0.03426428884267807, 0.01579267345368862, 0.05100560560822487, 0.00377283850684762, 0.012493908405303955, 0.01161192823201418, 0.03637246415019035, 0.12311907112598419, 0.017148733139038086, 0.009526397101581097, 0.004695252049714327, 0.05785819888114929, 0.05205950140953064, 0.012737797573208809, 0.0953122079372406, 0.017009738832712173, 0.01018262468278408, 0.05354030057787895, 0.03245219960808754, 0.05589347705245018]"
F254,"[0.0054984851740300655, 0.025992365553975105, 0.021931977942585945, 0.011185426265001297, 0.01634853705763817, 0.0022798883728682995, 0.017277266830205917, 0.03347880020737648, 0.005352826789021492, 0.013527755625545979, 0.0348786860704422, 0.005574612878262997, 0.003116339212283492, 0.015945695340633392, 0.002977709285914898, 0.0206884928047657, 0.011926651000976562, 0.023080384358763695, 0.00010213542554993182, 0.015868058428168297, 5.501491614268161e-06, 0.005344369448721409, 0.00603344663977623, 0.005447693634778261, 0.018319981172680855, 0.00932860653847456, 0.01489151082932949, 0.0070360880345106125, 0.010782654397189617, 0.017519855871796608, 0.005789875518530607, 0.009128090925514698, 0.0397937037050724, 0.011556322686374187, 0.031504470854997635, 0.04843932017683983, 0.0099657466635108, 0.012567698024213314, 0.01981576718389988, 0.014211640693247318, 0.021398469805717468, 0.010455964133143425, 0.019713109359145164, 0.021908404305577278, 0.006234265863895416, 0.031217729672789574, 2.9992534109624103e-05, 0.010867898352444172, 0.04924894496798515, 0.02863886021077633, 0.012410594150424004, 0.038570087403059006, 0.020304296165704727, 0.02003450319170952, 0.056906808167696, 0.019520141184329987, 0.04812013730406761, 0.029442526400089264, 0.004119678866118193, 0.03219662606716156, 0.0209937896579504, 0.03550644963979721, 0.02309122495353222, 0.05098271369934082, 0.00014570049825124443, 0.02881620265543461, 0.0189609806984663, 0.015903646126389503, 0.00846030656248331, 0.015058225952088833, 0.0009444360039196908, 0.03391803801059723, 0.016455039381980896, 0.00521471444517374, 0.016981923952698708, 0.0018103261245414615, 0.03096473030745983, 0.019279710948467255, 0.004804773721843958, 0.02714887075126171, 0.014815099537372589, 0.017310304567217827, 0.0282297246158123, 0.009901455603539944, 0.008167451247572899, 0.028409842401742935, 0.035333313047885895, 0.002483360469341278, 0.01781296357512474, 0.03201013058423996, 0.025955071672797203, 0.025347724556922913, 0.04338105767965317, 0.04776766523718834, 0.01810980960726738, 0.01358543336391449, 0.03123169206082821, 0.015442435629665852, 0.023584919050335884, 0.009143550880253315, 0.051695406436920166, 0.010600191541016102, 0.02166837640106678, 0.0033165854401886463, 0.014963727444410324, 0.01884196326136589, 0.00838330015540123, 0.04592575877904892, 0.014202429912984371, 0.003985003102570772, 0.005237100645899773, 0.04157782346010208, 0.0018876382382586598, 0.027059243991971016, 0.017991887405514717, 0.008263636380434036, 0.03806561976671219, 0.0021507719065994024, 0.03514673933386803, 0.03639480099081993, 0.008864684030413628, 0.05323150381445885, 0.015961822122335434, 0.00015001316205598414, 0.029573803767561913, 0.0004245355085004121, 0.025644652545452118, 0.0295292679220438]"
F255,"[0.009963796474039555, 0.010789012536406517, 0.005660339258611202, 0.00824599340558052, 0.0056205084547400475, 0.006086121313273907, 0.014328716322779655, 0.011940228752791882, 0.005608041305094957, 0.015290659852325916, 0.009045607410371304, 0.011149433441460133, 0.005704354029148817, 0.013638963922858238, 0.0045639025047421455, 0.015964338555932045, 0.008942141197621822, 0.0017105807783082128, 0.006573101039975882, 0.0037557249888777733, 0.004988913424313068, 0.008419820107519627, 0.0050810957327485085, 0.012500254437327385, 0.007588937412947416, 0.001255998038686812, 0.004323774017393589, 0.003330112202093005, 0.007336926646530628, 0.004258297383785248, 0.003291898872703314, 0.003773903474211693, 0.012429664842784405, 0.019226696342229843, 0.006296223029494286, 0.0017434111796319485, 0.02088790573179722, 0.0005185449263080955, 0.0007969984435476363, 0.007766006514430046, 0.008850976824760437, 0.010764251463115215, 0.016088921576738358, 0.009860715828835964, 0.00266889575868845, 0.004546124022454023, 0.0071127950213849545, 0.012368626892566681, 0.00039329458377324045, 0.009476485662162304, 0.005047955550253391, 0.007185058668255806, 0.006156003102660179, 0.007663466967642307, 0.013049336150288582, 0.01698647253215313, 0.0033320020884275436, 0.0015319018857553601, 0.013796939514577389, 0.01958225667476654, 0.00017598114209249616, 0.012867690064013004, 9.433152445126325e-05, 0.004561079200357199, 0.0017709598178043962, 0.01788787730038166, 0.002426253166049719, 0.010499210096895695, 0.01879376731812954, 0.001837946125306189, 0.0033853340428322554, 0.0027388192247599363, 0.010240615345537663, 0.0006318407249636948, 0.0037260502576828003, 0.0009702760726213455, 0.002952439710497856, 0.0013548203278332949, 0.005252296105027199, 0.00025655911304056644, 0.014571855776011944, 0.014112262055277824, 0.009764414280653, 0.007034647278487682, 0.007219013292342424, 0.00011492044723127037, 0.0025159057695418596, 0.008119428530335426, 0.017986496910452843, 0.00023242036695592105, 0.009824062697589397, 0.011393445543944836, 0.004812085069715977, 0.008554748259484768, 0.00396520271897316, 0.0001658295514062047, 0.01069511380046606, 0.011928396299481392, 0.0025074162986129522, 0.008283939212560654, 0.006669011898338795, 0.015108280815184116, 0.005805289372801781, 0.003973542712628841, 0.0005135433748364449, 0.007831410504877567, 0.0183347649872303, 0.008214849978685379, 0.005224748980253935, 0.005788763053715229, 0.0035390090197324753, 0.011836075223982334, 0.0006447007181122899, 0.0014134054072201252, 0.0026924777776002884, 0.011788871139287949, 0.003457981161773205, 0.009773760102689266, 0.002586835063993931, 0.00916545931249857, 0.010184436105191708, 0.004858148284256458, 0.011861998587846756, 0.013822733424603939, 0.0112051572650671, 0.004617867060005665, 0.0017205963376909494, 0.0036495861131697893]"
F256,"[0.010812796652317047, 0.005976792424917221, 0.0233217291533947, 0.1041242703795433, 0.006977961864322424, 0.09799545258283615, 0.024335231631994247, 0.04228579252958298, 0.01805678941309452, 0.0646510049700737, 0.02142491564154625, 0.013937410898506641, 0.040328335016965866, 0.0096904831007123, 0.08661003410816193, 0.037073999643325806, 0.00022186314163263887, 0.0968981385231018, 0.02645789086818695, 0.0021593610290437937, 0.03921917825937271, 0.06492786854505539, 0.11149086803197861, 0.011802103370428085, 0.08139842003583908, 0.06537239253520966, 0.08206567913293839, 0.10831428319215775, 0.012984957545995712, 0.07756929844617844, 0.0853673666715622, 0.007801171392202377, 0.04864126071333885, 0.08367301523685455, 0.06468766927719116, 0.04471076652407646, 0.03327923268079758, 0.0009159334003925323, 0.07890617847442627, 0.06445963680744171, 0.03964962810277939, 0.11259960383176804, 0.03734355792403221, 0.10282441228628159, 0.029970888048410416, 0.005541227292269468, 0.032736994326114655, 0.07503259181976318, 0.1062597706913948, 0.022601181641221046, 0.008060549385845661, 0.061923932284116745, 0.02457985281944275, 0.0046479967422783375, 0.05447111651301384, 0.03652361407876015, 0.019137045368552208, 0.028116796165704727, 0.07289456576108932, 0.05581030994653702, 0.06973317265510559, 0.052146993577480316, 0.0444113053381443, 0.05264515429735184, 0.019504649564623833, 0.03009801357984543, 0.010757857002317905, 0.037794359028339386, 0.01752675510942936, 0.08126126974821091, 0.03456311672925949, 0.06571138650178909, 0.10082795470952988, 0.014018046669661999, 0.07804465293884277, 0.06901344656944275, 0.060429129749536514, 0.0250915065407753, 0.025603488087654114, 0.03621504828333855, 0.03406288102269173, 0.028746234253048897, 0.03397541865706444, 0.032132651656866074, 0.0808882936835289, 0.019748475402593613, 0.010572712868452072, 0.04592214152216911, 0.004096720367670059, 0.05681785196065903, 0.0477176196873188, 0.0335923507809639, 0.08911631256341934, 0.06566917151212692, 0.09052181243896484, 0.0528591088950634, 0.015755169093608856, 0.05643557757139206, 0.0019409161759540439, 0.031227940693497658, 0.09479839354753494, 0.06770937144756317, 0.04685679450631142, 0.013867540284991264, 0.11474905908107758, 0.10185430943965912, 0.044525083154439926, 0.06662075221538544, 0.052960436791181564, 0.012426753528416157, 0.03960299864411354, 0.11210427433252335, 0.07930365204811096, 0.00979246012866497, 0.09119446575641632, 0.005855069030076265, 0.007604990154504776, 0.006899006199091673, 0.02712216041982174, 0.012666325084865093, 0.02409437485039234, 0.07265086472034454, 0.006205001380294561, 0.04862748086452484, 0.01258852705359459, 0.00538530433550477, 0.1115252748131752, 0.07126136124134064]"
F257,"[0.04517978057265282, 0.06151993200182915, 0.08797737210988998, 0.11715441197156906, 0.04544314369559288, 0.11914965510368347, 0.10357894003391266, 0.05490734055638313, 0.03953344374895096, 0.04108157753944397, 0.059498924762010574, 0.09151636064052582, 0.017244186252355576, 0.15389880537986755, 0.03697480261325836, 0.011752390302717686, 0.15184037387371063, 0.11077255010604858, 0.09108811616897583, 0.1503705531358719, 0.0998302698135376, 0.1107482984662056, 0.1660107672214508, 0.013021579943597317, 0.016248555853962898, 0.10450442880392075, 0.15240201354026794, 0.03853179141879082, 0.14173269271850586, 0.00637317169457674, 0.007961061783134937, 0.008551642298698425, 0.07047943770885468, 0.02774854376912117, 0.15046550333499908, 0.04740195721387863, 0.11880937218666077, 0.12207061797380447, 0.04965830221772194, 0.11043734848499298, 0.09492240846157074, 0.02341846562922001, 0.10581878572702408, 0.0028715969529002905, 0.15640376508235931, 0.12030527740716934, 0.06993865221738815, 0.10609767585992813, 0.05103178694844246, 0.1205611377954483, 0.15297970175743103, 0.1185740977525711, 0.16535475850105286, 0.03403731435537338, 0.056311484426259995, 0.17424942553043365, 0.07078299671411514, 0.10568318516016006, 0.0467911958694458, 0.08641352504491806, 0.021455248817801476, 0.05797726288437843, 0.14091254770755768, 0.09075774997472763, 0.03383587673306465, 0.09555505961179733, 0.07296978682279587, 0.05251322686672211, 0.024087077006697655, 0.10906035453081131, 0.008083024993538857, 0.01853131130337715, 0.057839635759592056, 0.1419554501771927, 0.00476889917626977, 0.1322561800479889, 0.04176724702119827, 0.1463276892900467, 0.10622517764568329, 0.06101037561893463, 0.11601746082305908, 0.15285150706768036, 0.008404118940234184, 0.05650699511170387, 0.0774417594075203, 0.05340825393795967, 0.0917026698589325, 0.039361607283353806, 0.1217280849814415, 0.02075432427227497, 0.0936533585190773, 0.017394382506608963, 0.09651082754135132, 0.005590071901679039, 0.005421947222203016, 0.07430242002010345, 0.08466832339763641, 0.015667449682950974, 0.04565441235899925, 0.04381972923874855, 0.03341757506132126, 0.075860396027565, 0.16555951535701752, 0.12420908361673355, 0.08100742846727371, 0.09654902666807175, 0.06767528504133224, 0.033292755484580994, 0.014532851986587048, 0.008144097402691841, 0.0706540197134018, 0.007836852222681046, 0.08577784150838852, 0.11795017123222351, 0.09347991645336151, 0.10066726803779602, 0.11107940971851349, 0.10105745494365692, 0.14549484848976135, 0.0983857661485672, 0.04923783242702484, 0.18778538703918457, 0.07535964250564575, 0.023417264223098755, 0.01191751379519701, 0.07832445949316025, 0.06824547797441483, 0.10949595272541046]"
F258,"[0.1161649227142334, 0.07269583642482758, 0.061915379017591476, 0.013277940452098846, 0.03336049243807793, 0.0366620235145092, 0.07830401510000229, 0.01851414144039154, 0.06610462069511414, 0.041656237095594406, 0.02017505094408989, 0.14835083484649658, 0.11491955071687698, 0.07166928052902222, 0.09956778585910797, 0.054713763296604156, 0.0771145299077034, 0.15263858437538147, 0.056405503302812576, 0.09697243571281433, 0.13337598741054535, 0.10549134761095047, 0.16761113703250885, 0.04965159296989441, 0.0072278184816241264, 0.013825885951519012, 0.0933464765548706, 0.046956583857536316, 0.09252843260765076, 0.12861241400241852, 0.007273628376424313, 0.01168929971754551, 0.0049547613598406315, 0.07706311345100403, 0.0736934170126915, 0.022297101095318794, 0.09179511666297913, 0.03456822782754898, 0.010541162453591824, 0.00893300399184227, 0.13963986933231354, 0.12638448178768158, 0.13929054141044617, 0.03837041184306145, 0.005612053442746401, 0.18739652633666992, 0.022059407085180283, 0.007214640267193317, 0.02247505448758602, 0.052956726402044296, 0.005179942585527897, 0.09106918424367905, 0.037775494158267975, 0.12112973630428314, 0.0025420025922358036, 0.047322556376457214, 0.10696046054363251, 0.09622600674629211, 0.1520521491765976, 0.009006492793560028, 0.13512691855430603, 0.028369126841425896, 0.1072629764676094, 0.02732090838253498, 0.07571705430746078, 0.09940940141677856, 0.05303455516695976, 0.09050854295492172, 0.03547930344939232, 0.11384990066289902, 0.08194995671510696, 0.10578380525112152, 0.04457154497504234, 0.06061650812625885, 0.02212240733206272, 0.009657010436058044, 0.016744613647460938, 0.1280682533979416, 0.11816223710775375, 0.04906700924038887, 0.10687092691659927, 0.042284540832042694, 0.11321317404508591, 0.1387825906276703, 0.016011007130146027, 0.10871968418359756, 0.03211265057325363, 0.11415022611618042, 0.11448659747838974, 0.08930255472660065, 0.13767443597316742, 0.030289489775896072, 0.05919133126735687, 0.019509460777044296, 0.08178288489580154, 0.03281187638640404, 0.04865443706512451, 0.05741018429398537, 0.012776420451700687, 0.0035858582705259323, 0.008466018363833427, 0.05207505449652672, 0.04537960886955261, 0.04251576215028763, 0.16712135076522827, 0.08875889331102371, 0.0896700918674469, 0.04741685837507248, 0.03107963688671589, 0.005701227579265833, 0.08067191392183304, 0.09841842949390411, 0.2088841050863266, 0.02822568453848362, 0.06974015384912491, 0.050218697637319565, 0.060179539024829865, 0.12917889654636383, 0.01779033988714218, 0.08371161669492722, 0.10764116048812866, 0.07911214232444763, 0.025019917637109756, 0.05770361050963402, 0.07207393646240234, 0.032480474561452866, 0.13870245218276978, 0.040632374584674835]"
F259,"[0.10261116921901703, 0.08930443227291107, 0.13371208310127258, 0.03876860812306404, 0.22366243600845337, 0.010149247944355011, 0.19889619946479797, 0.1231258362531662, 0.1553819626569748, 0.06884921342134476, 0.12931868433952332, 0.16620533168315887, 0.011680067516863346, 0.15562285482883453, 0.0806182473897934, 0.01477197464555502, 0.15529145300388336, 0.1294357180595398, 0.005214116536080837, 0.10623714327812195, 0.05479235202074051, 0.12324728071689606, 0.039491843432188034, 0.013151351362466812, 0.07652977108955383, 0.2076447606086731, 0.1992381066083908, 0.004483663011342287, 0.20267975330352783, 0.006793184671550989, 0.006966151762753725, 0.06805786490440369, 0.07400522381067276, 0.08205931633710861, 0.12548531591892242, 0.17503376305103302, 0.1894097775220871, 0.16760195791721344, 0.08114756643772125, 0.08790398389101028, 0.14764142036437988, 0.17738762497901917, 0.04476851969957352, 0.0716327354311943, 0.0666336864233017, 0.1755107045173645, 0.01993453875184059, 0.03968815878033638, 0.11875785142183304, 0.14932461082935333, 0.19721192121505737, 0.12881797552108765, 0.07656453549861908, 0.1178792268037796, 0.10171002149581909, 0.17770163714885712, 0.2260325849056244, 0.10829482227563858, 0.14969563484191895, 0.08254081755876541, 0.08610183745622635, 0.11853232979774475, 0.17052431404590607, 0.05478007346391678, 0.08907154947519302, 0.04722226783633232, 0.11877132207155228, 0.02275954745709896, 0.010497975163161755, 0.14851486682891846, 0.016614306718111038, 0.13905979692935944, 0.011530890129506588, 0.1257157176733017, 0.01771973818540573, 0.018289370462298393, 0.021311510354280472, 0.09062979370355606, 0.07121916115283966, 0.07752400636672974, 0.09511996805667877, 0.20310662686824799, 0.1675802767276764, 0.1004725843667984, 0.0327380932867527, 0.1644926369190216, 0.08206697553396225, 0.0715222880244255, 0.12382473796606064, 0.07729139178991318, 0.18157599866390228, 0.013889307156205177, 0.18639016151428223, 0.18004456162452698, 0.10812805593013763, 0.06959870457649231, 0.07349294424057007, 0.01256432756781578, 0.15146899223327637, 0.09943916648626328, 0.06396946310997009, 0.15904764831066132, 0.16671091318130493, 0.1773279905319214, 0.12926943600177765, 0.04620760679244995, 0.15514589846134186, 0.0451909676194191, 0.04516538232564926, 0.12713474035263062, 0.0009685863624326885, 0.0038166020531207323, 0.1150394082069397, 0.08005446195602417, 0.12782102823257446, 0.06536806374788284, 0.058306802064180374, 0.04180142283439636, 0.1422264575958252, 0.11109628528356552, 0.1900215744972229, 0.10947521775960922, 0.1601753681898117, 0.09042386710643768, 0.12030060589313507, 0.12174839526414871, 0.12799248099327087, 0.061097562313079834]"
F260,"[0.07630939036607742, 0.01860845275223255, 0.0012723072431981564, 0.058053772896528244, 0.06069685518741608, 0.08635265380144119, 0.0032426281832158566, 0.07085886597633362, 0.02325282245874405, 0.029931826516985893, 0.01116824708878994, 0.00964318960905075, 0.03672867268323898, 0.041083358228206635, 0.04089178144931793, 0.00016431276162620634, 0.02886299043893814, 0.03508997708559036, 0.0577959306538105, 0.055758923292160034, 0.00989875290542841, 0.012679988518357277, 0.015741612762212753, 0.02641979046165943, 0.09020860493183136, 0.07883676886558533, 0.011342868208885193, 0.021657219156622887, 0.0187752116471529, 0.0517437607049942, 0.04165272042155266, 0.023960215970873833, 0.0036448815371841192, 0.056613970547914505, 0.01866704784333706, 0.01102751400321722, 0.021932870149612427, 0.08250860124826431, 0.05272413417696953, 0.03527648746967316, 0.11384349316358566, 0.012420372106134892, 0.07092982530593872, 0.025886336341500282, 0.053264420479536057, 0.05790609121322632, 0.08181523531675339, 0.02161836251616478, 0.02036728337407112, 0.0697086825966835, 0.013588840141892433, 0.017885815352201462, 0.05853082984685898, 0.023039311170578003, 0.05761323124170303, 0.0075149862095713615, 0.06929425895214081, 0.07170331478118896, 0.026675520464777946, 0.006234871689230204, 0.0480484738945961, 0.009318932890892029, 0.07885827124118805, 0.07991877943277359, 0.008685914799571037, 0.004205451812595129, 0.03691289201378822, 0.05574614554643631, 0.09572752565145493, 0.01790555566549301, 0.0158013254404068, 0.01152557972818613, 0.005555361974984407, 0.0957552045583725, 0.07747732102870941, 0.05483533814549446, 0.10004708170890808, 0.0023740949109196663, 0.07165534049272537, 0.04436332359910011, 0.08919370174407959, 0.01399895828217268, 0.04832645505666733, 0.016592692583799362, 0.04294201359152794, 0.09689391404390335, 0.03553500398993492, 0.041160937398672104, 0.013622494414448738, 0.01386875007301569, 0.013558251783251762, 0.08135669678449631, 0.010819566436111927, 0.0604705847799778, 0.017413072288036346, 0.0022046142257750034, 0.002349929418414831, 0.03559316322207451, 0.058642636984586716, 0.04332428798079491, 0.027578677982091904, 0.0012259876821190119, 0.020246155560016632, 0.03468291461467743, 0.03452007472515106, 0.05890173837542534, 0.007659717928618193, 0.03200666233897209, 0.0814908817410469, 0.014142131432890892, 0.010742968879640102, 0.033542487770318985, 0.037685129791498184, 0.0045500267297029495, 0.046758778393268585, 0.0048065148293972015, 0.08589738607406616, 0.07192949205636978, 0.022230882197618484, 0.08114968240261078, 0.003189991693943739, 0.013904656283557415, 0.027976099401712418, 0.040881555527448654, 0.006350990384817123, 0.03323796018958092, 0.00046565127559006214, 0.034278761595487595]"
F261,"[0.05648518353700638, 0.04773999750614166, 0.08937735110521317, 0.004800613969564438, 0.0840926393866539, 0.11232578754425049, 0.010439008474349976, 0.007921342737972736, 0.020776139572262764, 0.022159215062856674, 0.06808587908744812, 0.010480555705726147, 0.0017578223487362266, 0.08985794335603714, 0.09041042625904083, 0.08416439592838287, 0.07578811049461365, 0.06229204311966896, 0.016094429418444633, 0.053254395723342896, 0.05806998163461685, 0.04276654124259949, 0.005118534434586763, 0.03671318292617798, 0.09909623861312866, 0.07585260272026062, 0.019536582753062248, 0.041820965707302094, 0.030989907681941986, 0.09501246362924576, 0.08278914541006088, 0.09581825882196426, 0.10204391181468964, 0.022422224283218384, 0.06003618240356445, 0.03576943650841713, 0.07572266459465027, 0.018951430916786194, 0.0038923509418964386, 0.07910952717065811, 0.0785834863781929, 0.09647052735090256, 0.013569883070886135, 0.026028648018836975, 0.027812043204903603, 0.016077032312750816, 0.07758621126413345, 0.0915045216679573, 0.04053446277976036, 0.0006216366309672594, 0.005281291902065277, 0.027650704607367516, 0.013877681456506252, 0.08351946622133255, 0.07226267457008362, 0.040432024747133255, 0.03323054313659668, 0.07755688577890396, 0.05161689966917038, 0.012218504212796688, 0.08668756484985352, 0.0250784233212471, 0.052629534155130386, 0.049410268664360046, 0.05772138759493828, 0.01939900778234005, 0.02684095688164234, 0.020660778507590294, 0.05173119902610779, 0.06619030982255936, 0.07193277776241302, 0.08413667231798172, 0.004165205638855696, 0.014712887816131115, 0.0399613194167614, 0.04274999722838402, 0.03320440277457237, 0.0382864847779274, 0.0714535117149353, 0.028834931552410126, 0.001415836508385837, 0.023756086826324463, 0.011463017202913761, 0.03099835477769375, 0.0172040406614542, 0.03067789226770401, 0.01659431867301464, 0.05797133222222328, 0.03532533720135689, 0.06205667927861214, 0.022398903965950012, 0.06400056928396225, 0.0301036573946476, 0.010873062536120415, 0.014383981935679913, 0.027750832960009575, 0.024003533646464348, 0.014948348514735699, 0.005413321778178215, 0.0170432236045599, 0.00465631065890193, 0.04850797355175018, 0.08968431502580643, 0.018650569021701813, 0.046635210514068604, 0.09126260876655579, 0.05235958844423294, 0.01822550594806671, 0.06632519513368607, 0.03183850273489952, 0.00846012681722641, 0.06495355814695358, 0.012819637544453144, 0.033237557858228683, 0.028181830421090126, 0.10520081967115402, 0.09901205450296402, 0.01882154867053032, 0.05194560065865517, 0.014761908911168575, 0.07655339688062668, 0.011781137436628342, 0.0011688070371747017, 0.03685494884848595, 0.014820333570241928, 0.021224137395620346, 0.048572953790426254, 0.032651521265506744]"
F262,"[0.07060317695140839, 0.10130244493484497, 0.05867753177881241, 0.04582502692937851, 0.09613550454378128, 0.1302606612443924, 0.061308830976486206, 0.09587307274341583, 0.011278046295046806, 0.08386527746915817, 0.1403834968805313, 0.10367944836616516, 0.1876169890165329, 0.19643627107143402, 0.05132990702986717, 0.07590140402317047, 0.0593520924448967, 0.08843545615673065, 0.06850150972604752, 0.0834147036075592, 0.07401169836521149, 0.07847929745912552, 0.21501965820789337, 0.03902536630630493, 0.0862090140581131, 0.17809247970581055, 0.214785635471344, 0.16475073993206024, 0.08174940943717957, 0.07252554595470428, 0.1754961460828781, 0.06559250503778458, 0.09638283401727676, 0.1512574404478073, 0.14976003766059875, 0.11511900275945663, 0.01959950476884842, 0.1840154379606247, 0.1373264193534851, 0.24365222454071045, 0.17988857626914978, 0.17290185391902924, 0.16961006820201874, 0.08224495500326157, 0.14420057833194733, 0.13436982035636902, 0.11689706146717072, 0.17091360688209534, 0.15977603197097778, 0.037025559693574905, 0.08536600321531296, 0.09386054426431656, 0.08012351393699646, 0.17419728636741638, 0.06460902839899063, 0.025722673162817955, 0.11045386642217636, 0.19831405580043793, 0.07538813352584839, 0.04409250617027283, 0.10437852889299393, 0.10893986374139786, 0.16949887573719025, 0.15628838539123535, 0.008851195685565472, 0.12005412578582764, 0.1450643092393875, 0.1481555998325348, 0.0998198613524437, 0.19975446164608002, 0.012570193037390709, 0.021626973524689674, 0.12990008294582367, 0.19526636600494385, 0.048193175345659256, 0.04389818385243416, 0.2065631002187729, 0.10378255695104599, 0.1619153618812561, 0.06556383520364761, 0.15270183980464935, 0.0988059714436531, 0.0016776550328359008, 0.0932110920548439, 0.12085983157157898, 0.015022817067801952, 0.007092892657965422, 0.12781842052936554, 0.023791830986738205, 0.12313707917928696, 0.17051298916339874, 0.18557454645633698, 0.08156568557024002, 0.003275098279118538, 0.014018437825143337, 0.08839980512857437, 0.09157802909612656, 0.1538209319114685, 0.0766867995262146, 0.1422685980796814, 0.1626950055360794, 0.10431080311536789, 0.14337888360023499, 0.09231022000312805, 0.05681720748543739, 0.11502280831336975, 0.1346760392189026, 0.11539793759584427, 0.06597992032766342, 0.13154467940330505, 0.18448224663734436, 0.03422379866242409, 0.035098761320114136, 0.03022836148738861, 0.17745229601860046, 0.06558726727962494, 0.19573819637298584, 0.11651914566755295, 0.14011509716510773, 0.13047635555267334, 0.07275030761957169, 0.08313937485218048, 0.08905618637800217, 0.11058176308870316, 0.07578478008508682, 0.05674444139003754, 0.14905132353305817, 0.022666262462735176]"
F263,"[0.042252570390701294, 0.07067257910966873, 0.07187427580356598, 0.12275265157222748, 0.0014323546783998609, 0.05128747224807739, 0.05154038593173027, 0.014701769687235355, 0.13786689937114716, 0.013822074979543686, 0.036777313798666, 0.0918075442314148, 0.03751756250858307, 0.03233516216278076, 0.08588787913322449, 0.0004370407259557396, 0.050298694521188736, 0.02201329916715622, 0.009003839455544949, 0.007122265174984932, 0.05553519353270531, 0.023863567039370537, 0.030232131481170654, 0.046508051455020905, 0.06744754314422607, 0.0487917959690094, 0.0530397854745388, 0.076596200466156, 0.049792591482400894, 0.11195994168519974, 0.0041874609887599945, 0.010038272477686405, 0.12267864495515823, 0.13111446797847748, 0.02902606502175331, 0.0943107083439827, 0.039574768394231796, 0.15759555995464325, 0.060729991644620895, 0.011185292154550552, 0.08334875851869583, 0.033613238483667374, 0.08542200177907944, 0.1240248829126358, 0.0067704664543271065, 0.15810143947601318, 0.043676938861608505, 0.06662098318338394, 0.04206289350986481, 0.06615520268678665, 0.17196975648403168, 0.015626823529601097, 0.08829132467508316, 0.03875963017344475, 0.07223008573055267, 0.004631744232028723, 0.040545735508203506, 0.017333243042230606, 0.05627666786313057, 0.10220886766910553, 0.05760858580470085, 0.03340385854244232, 0.05062367022037506, 0.03406505286693573, 0.0721818208694458, 0.0076697650365531445, 0.13083870708942413, 0.05349944159388542, 0.006666634697467089, 0.026810334995388985, 0.09365053474903107, 0.0195392407476902, 0.01772197149693966, 0.02960086800158024, 0.015148293226957321, 0.032397158443927765, 0.007191136945039034, 0.03964470326900482, 0.028136136010289192, 0.1504972130060196, 0.03079804964363575, 0.05765094980597496, 0.010690668597817421, 0.0015072819078341126, 0.12206250429153442, 0.07172474265098572, 0.028602903708815575, 0.013539087027311325, 0.05449051037430763, 0.00372366514056921, 0.00771630322560668, 0.015523124486207962, 0.03647330403327942, 0.06822924315929413, 0.015271594747900963, 0.09330283105373383, 0.12024001032114029, 0.07263587415218353, 0.021745117381215096, 0.008084127679467201, 0.05401526764035225, 0.11478845030069351, 0.04098784178495407, 0.052480775862932205, 0.1347084790468216, 0.027960723266005516, 0.035673968493938446, 0.021509574726223946, 0.023782281205058098, 0.015850171446800232, 0.00895986519753933, 0.034656424075365067, 0.027230262756347656, 0.0005427983705885708, 0.028713522478938103, 0.03113524056971073, 0.031879935413599014, 0.019969036802649498, 0.04528577998280525, 0.0030161889735609293, 0.003754950128495693, 0.1275666356086731, 0.08475267142057419, 0.04436682164669037, 0.1025385707616806, 0.044056933373212814, 0.009418606758117676, 0.06548420339822769]"
F264,"[0.013926183804869652, 0.012694314122200012, 0.007406129501760006, 0.016177447512745857, 0.011019624769687653, 5.47967865713872e-05, 0.009691482409834862, 0.015710845589637756, 0.008171113207936287, 0.009857586584985256, 0.007115883287042379, 0.01078422088176012, 0.018123360350728035, 0.012366540729999542, 0.011102484539151192, 0.013203809969127178, 0.009476372972130775, 0.0035536508075892925, 0.00839909166097641, 0.00819296482950449, 0.022778328508138657, 0.0007572977337986231, 0.002821210538968444, 0.012250234372913837, 0.006412785034626722, 0.007963533513247967, 0.0086318114772439, 0.0013149906881153584, 0.019481400027871132, 0.014835741370916367, 0.009260034188628197, 0.018443820998072624, 0.018414264544844627, 0.0027057186234742403, 0.006418594159185886, 0.010323682799935341, 0.010370675474405289, 0.008148840628564358, 0.011494600214064121, 0.003302354598417878, 0.0025248436722904444, 0.010483423247933388, 0.0003682812675833702, 0.011865193955600262, 0.0023477482609450817, 0.021198034286499023, 0.0071324738673865795, 0.016557320952415466, 0.013384628109633923, 0.007931805215775967, 0.0006705824052914977, 0.008024265058338642, 0.009866856969892979, 0.004109011497348547, 0.0025561200454831123, 0.01042653527110815, 0.013934112153947353, 0.014074699021875858, 0.008994074538350105, 0.014068123884499073, 0.003206477500498295, 0.006932159420102835, 0.003538015065714717, 0.01975139044225216, 0.014962066896259785, 0.014591398648917675, 0.015275099314749241, 0.015959739685058594, 0.00884771253913641, 0.021283576264977455, 0.0008946428424678743, 0.0009196350583806634, 0.002849965589120984, 0.0026387046091258526, 0.009574810042977333, 0.01382420677691698, 0.0024787941947579384, 0.008789694868028164, 0.012858890928328037, 0.0148576395586133, 0.004143968690186739, 0.008960392326116562, 0.011300060898065567, 0.013596154749393463, 0.011129955761134624, 0.0020619865972548723, 0.007621548138558865, 0.00306552741676569, 0.000578795385081321, 0.014495846815407276, 0.005860375240445137, 0.01052173413336277, 0.007777812425047159, 0.017214182764291763, 0.017062019556760788, 0.008630560711026192, 0.006498773116618395, 0.006782958749681711, 9.204647358274087e-05, 0.014353950507938862, 0.011022859252989292, 0.01045379601418972, 0.020724888890981674, 0.023680809885263443, 0.005038782022893429, 0.010981219820678234, 0.009572244249284267, 0.0017837410559877753, 0.013397612608969212, 0.02204136736690998, 0.015109461732208729, 0.016652818769216537, 0.007687835022807121, 0.005045988131314516, 0.004867219366133213, 0.020151080563664436, 0.0013734538806602359, 0.003610017243772745, 0.009976881556212902, 0.0005817971541546285, 0.0014487343141809106, 0.007290678098797798, 0.006422930397093296, 0.012566271238029003, 0.014695785008370876, 0.002136352239176631, 0.012415014207363129, 0.020122040063142776]"
F265,"[0.0, 0.0, 0.0, 0.0, 0.0, 0.0, 0.0, 0.0, 0.0, 0.0, 0.0, 0.0, 0.0, 0.0, 0.0, 0.0, 0.0, 0.0, 0.0, 0.0, 0.0, 0.0, 0.0, 0.0, 0.0, 0.0, 0.0, 0.0, 0.0, 0.0, 0.0, 0.0, 0.0, 0.0, 0.0, 0.0, 0.0, 0.0, 0.0, 0.0, 0.0, 0.0, 0.0, 0.0, 0.0, 0.0, 0.0, 0.0, 0.0, 0.0, 0.0, 0.0, 0.0, 0.0, 0.0, 0.0, 0.0, 0.0, 0.0, 0.0, 0.0, 0.0, 0.0, 0.0, 0.0, 0.0, 0.0, 0.0, 0.0, 0.0, 0.0, 0.0, 0.0, 0.0, 0.0, 0.0, 0.0, 0.0, 0.0, 0.0, 0.0, 0.0, 0.0, 0.0, 0.0, 0.0, 0.0, 0.0, 0.0, 0.0, 0.0, 0.0, 0.0, 0.0, 0.0, 0.0, 0.0, 0.0, 0.0, 0.0, 0.0, 0.0, 0.0, 0.0, 0.0, 0.0, 0.0, 0.0, 0.0, 0.0, 0.0, 0.0, 0.0, 0.0, 0.0, 0.0, 0.0, 0.0, 0.0, 0.0, 0.0, 0.0, 0.0, 0.0, 0.0, 0.0, 0.0, 0.0]"
F266,"[0.05073259770870209, 0.02825099043548107, 0.09503695368766785, 0.048969902098178864, 0.07615100592374802, 0.09394696354866028, 0.00882883183658123, 0.014895939268171787, 0.06229045242071152, 0.02611110918223858, 0.019383439794182777, 0.08048660308122635, 0.03134994953870773, 0.0018897290574386716, 0.08582252264022827, 0.07186067849397659, 0.023635759949684143, 0.06708434969186783, 0.05725661665201187, 0.021667426452040672, 0.07701785862445831, 0.05931275337934494, 0.025249993428587914, 0.037046026438474655, 0.009861218743026257, 0.004120626952499151, 0.08549642562866211, 0.08248283714056015, 0.07076435536146164, 0.060524117201566696, 0.07216150313615799, 0.06670890003442764, 0.022366652265191078, 0.06572624295949936, 0.006050360854715109, 0.07965132594108582, 0.057159654796123505, 0.0073500461876392365, 0.046534497290849686, 0.007316712290048599, 0.08948764204978943, 0.045594360679388046, 0.004857010208070278, 0.04123629629611969, 0.05302239581942558, 0.03670980781316757, 0.06897969543933868, 0.038922760635614395, 0.010288077406585217, 0.00439865980297327, 0.03811502829194069, 0.0031932576093822718, 0.05932524800300598, 0.06837338209152222, 0.08005014061927795, 0.03019595704972744, 0.03540898859500885, 0.058615751564502716, 0.04986497387290001, 0.014152759686112404, 0.04491119831800461, 0.06251884996891022, 0.026816172525286674, 0.0198692437261343, 0.009980058297514915, 0.034079983830451965, 0.01978909596800804, 0.007066995836794376, 0.002539493842050433, 0.0021006113383919, 0.010046632029116154, 0.039456870406866074, 0.09864864498376846, 0.030229056254029274, 0.032512880861759186, 0.009002533741295338, 0.08217966556549072, 0.0026575045194476843, 0.0029517924413084984, 0.012195087969303131, 0.02733188308775425, 0.06103399023413658, 0.0508524551987648, 0.07429863512516022, 0.03185025230050087, 0.006073350086808205, 0.0014735808363184333, 0.09253845363855362, 0.013554618693888187, 0.07952099293470383, 0.010823644697666168, 0.007636594120413065, 0.05097460746765137, 0.035652223974466324, 0.04161187261343002, 0.01990319788455963, 0.0771961659193039, 0.0194931011646986, 0.03672763332724571, 0.07574689388275146, 0.0638507753610611, 0.02100323885679245, 0.025008589029312134, 0.02493572048842907, 0.03403409570455551, 0.010662425309419632, 0.02486720122396946, 0.03878301382064819, 0.03626111522316933, 0.0435715951025486, 0.013522499240934849, 0.08548519760370255, 0.004744132049381733, 0.07167506963014603, 0.033226195722818375, 0.0010240186238661408, 0.039097853004932404, 0.057288672775030136, 0.10287836939096451, 0.020940396934747696, 0.06413234770298004, 0.03328318148851395, 0.017730221152305603, 0.07476092875003815, 0.05247914046049118, 0.04744851589202881, 0.0891246423125267, 0.047640275210142136]"
F267,"[0.12231521308422089, 0.019949911162257195, 0.12447801232337952, 0.013326139189302921, 0.10045073181390762, 0.10002478957176208, 0.08547913283109665, 0.029634954407811165, 0.0742751732468605, 0.05852353945374489, 0.08187412470579147, 0.06653956323862076, 0.005880792625248432, 0.14579971134662628, 0.007149533834308386, 0.1169775128364563, 0.09262843430042267, 0.04529598355293274, 0.012253101915121078, 0.1294390708208084, 0.1820332556962967, 0.012225615791976452, 0.0684773325920105, 0.08053953945636749, 0.06348002701997757, 0.07634567469358444, 0.16321583092212677, 0.006204987410455942, 0.14462922513484955, 0.06718553602695465, 0.024856455624103546, 0.0522848404943943, 0.045696113258600235, 0.16298708319664001, 0.07314003258943558, 0.10209907591342926, 0.09962683916091919, 0.13715219497680664, 0.0298196692019701, 0.0770605280995369, 0.02122717909514904, 0.10757419466972351, 0.06837920099496841, 0.061845406889915466, 0.005212449934333563, 0.03987332433462143, 0.049239128828048706, 0.13452215492725372, 0.06907583028078079, 0.023840144276618958, 0.04736349731683731, 0.09482447057962418, 0.06422309577465057, 0.01837247982621193, 0.11726954579353333, 0.11704166233539581, 0.1798476129770279, 0.1569412350654602, 0.054122235625982285, 0.025125911459326744, 0.11487504094839096, 0.04787833243608475, 0.03906911611557007, 0.0664328932762146, 0.03610330447554588, 0.14859794080257416, 0.1076030284166336, 0.052913848310709, 0.08299032598733902, 0.055968884378671646, 0.05105310305953026, 0.03328472003340721, 0.08446718007326126, 0.11013204604387283, 0.04723511263728142, 0.026236839592456818, 0.053267184644937515, 0.14640578627586365, 0.18508309125900269, 0.010537980124354362, 0.09925352036952972, 0.016929952427744865, 0.018489345908164978, 0.06398528814315796, 0.03803670033812523, 0.014620755799114704, 0.01635320670902729, 0.04608964920043945, 0.029526514932513237, 0.1562877893447876, 0.018320554867386818, 0.034521009773015976, 0.037322815507650375, 0.10303515195846558, 0.03354461491107941, 0.032376423478126526, 0.11118721216917038, 0.04676614701747894, 0.0993029773235321, 0.1722828596830368, 0.00490548787638545, 0.1078396663069725, 0.06165643408894539, 0.037187349051237106, 0.0017406974220648408, 0.1332593858242035, 0.022976549342274666, 0.020594000816345215, 0.0474344864487648, 0.09493600577116013, 0.07554557919502258, 0.08002190291881561, 0.1491147130727768, 0.0841277539730072, 0.07352922856807709, 0.14790533483028412, 0.06146380305290222, 0.049548257142305374, 0.10114714503288269, 0.1632196456193924, 0.02321852557361126, 0.1527264565229416, 0.008546724915504456, 0.13915444910526276, 0.18559351563453674, 0.041844677180051804, 0.07440188527107239, 0.07035329937934875]"
F268,"[0.2007867842912674, 0.11187141388654709, 0.09059497714042664, 0.13709568977355957, 0.18692801892757416, 0.1526336520910263, 0.07425547391176224, 0.15513785183429718, 0.22532939910888672, 0.12431304901838303, 0.020939582958817482, 0.25361019372940063, 0.21394529938697815, 0.144430473446846, 0.10835572332143784, 0.03464770317077637, 0.043142855167388916, 0.12298163771629333, 0.13063833117485046, 0.16474440693855286, 0.07305719703435898, 0.1969926953315735, 0.08039282262325287, 0.033523354679346085, 0.0022908395621925592, 0.06074388697743416, 0.2278100699186325, 0.11746885627508163, 0.10728736966848373, 0.0052329255267977715, 0.07730251550674438, 0.02839195355772972, 0.02878710627555847, 0.15924574434757233, 0.11846741288900375, 0.07052261382341385, 0.05567934364080429, 0.1852935552597046, 0.13116300106048584, 0.07800538837909698, 0.1128726378083229, 0.12469111382961273, 0.20938856899738312, 0.13747131824493408, 0.0335027240216732, 0.23436352610588074, 0.018371600657701492, 0.17434246838092804, 0.0503060482442379, 0.029452186077833176, 0.1571999192237854, 0.2031223624944687, 0.13644658029079437, 0.018597150221467018, 0.013734380714595318, 0.08901512622833252, 0.10914799571037292, 0.10178808122873306, 0.11570337414741516, 0.19660136103630066, 0.00037934075226075947, 0.15407505631446838, 0.092017762362957, 0.05317143350839615, 0.13536493480205536, 0.04748181253671646, 0.050123244524002075, 0.03687882795929909, 0.050443053245544434, 0.15266062319278717, 0.009332066401839256, 0.06742823123931885, 0.015805743634700775, 0.051765453070402145, 0.03215470910072327, 0.19128386676311493, 0.14298847317695618, 0.1523301899433136, 0.014688897877931595, 0.010128273628652096, 0.13247054815292358, 0.14939944446086884, 0.15951186418533325, 0.08750895410776138, 0.012587693519890308, 0.09899219125509262, 0.10624007135629654, 0.17137126624584198, 0.22707287967205048, 0.015696853399276733, 0.16321229934692383, 0.14762035012245178, 0.03990533575415611, 0.05698275566101074, 0.11477837711572647, 0.01924806833267212, 0.19522298872470856, 0.0334438681602478, 0.19079236686229706, 0.15777695178985596, 0.06760736554861069, 0.0799107477068901, 0.03135819733142853, 0.15521235764026642, 0.16770149767398834, 0.21454530954360962, 0.07790984958410263, 0.014540551230311394, 0.03428056091070175, 0.141775444149971, 0.20991894602775574, 0.1241411566734314, 0.20545190572738647, 0.13743403553962708, 0.2220798283815384, 0.15355205535888672, 0.1407259702682495, 0.12267127633094788, 0.18074829876422882, 0.19726455211639404, 0.15716439485549927, 0.15406270325183868, 0.08687697350978851, 0.13878585398197174, 0.11071943491697311, 0.050721365958452225, 0.13406667113304138, 0.11364708840847015]"
F269,"[0.06875661015510559, 0.20361661911010742, 0.07097756862640381, 0.10671085864305496, 0.13041047751903534, 0.05842805653810501, 0.170087531208992, 0.10313689708709717, 0.22808003425598145, 0.13654270768165588, 0.033033400774002075, 0.24103599786758423, 0.19874052703380585, 0.2481532245874405, 0.11276266723871231, 0.06148539483547211, 0.09201189130544662, 0.07874077558517456, 0.0589728020131588, 0.07635468989610672, 0.19177955389022827, 0.11468077450990677, 0.13114948570728302, 0.05296313762664795, 0.1624985933303833, 0.09780552238225937, 0.2547939121723175, 0.1034088209271431, 0.14843156933784485, 0.09739277511835098, 0.027711356058716774, 0.09720482677221298, 0.04679529368877411, 0.2023865133523941, 0.04238368943333626, 0.0400051549077034, 0.21200218796730042, 0.1876560002565384, 0.07180672138929367, 0.19103527069091797, 0.06767839193344116, 0.18852050602436066, 0.15272365510463715, 0.03753982484340668, 0.14209550619125366, 0.29010382294654846, 0.05220546945929527, 0.16310006380081177, 0.03622773662209511, 0.030316101387143135, 0.13344278931617737, 0.1266101747751236, 0.15267014503479004, 0.0019287794129922986, 0.10945254564285278, 0.19134899973869324, 0.11981938034296036, 0.16065095365047455, 0.011224963702261448, 0.05942749232053757, 0.11457882076501846, 0.18895679712295532, 0.1545151323080063, 0.02245626226067543, 0.010542127303779125, 0.17586573958396912, 0.15378911793231964, 0.044829968363046646, 0.010650122538208961, 0.09791842848062515, 0.12486492842435837, 0.058251891285181046, 0.03549177199602127, 0.18209609389305115, 0.009396728128194809, 0.05770194157958031, 0.10152681916952133, 0.13072504103183746, 0.058854762464761734, 0.005708318669348955, 0.1092061996459961, 0.12325748056173325, 0.19109462201595306, 0.10675686597824097, 0.029074812307953835, 0.09770634025335312, 0.15881691873073578, 0.2292439341545105, 0.1767273098230362, 0.10408790409564972, 0.17472565174102783, 0.1791176199913025, 0.12066816538572311, 0.06471981853246689, 0.016758784651756287, 0.002183610340580344, 0.18191196024417877, 0.03413842245936394, 0.05677370727062225, 0.24239376187324524, 0.06267617642879486, 0.19930499792099, 0.06975392252206802, 0.20619383454322815, 0.18800736963748932, 0.10204323381185532, 0.04253692924976349, 0.15226466953754425, 0.08903879672288895, 0.020882507786154747, 0.17665022611618042, 0.015495414845645428, 0.08741498738527298, 0.15573038160800934, 0.222012460231781, 0.15386846661567688, 0.09686634689569473, 0.08115086704492569, 0.1759478896856308, 0.144987091422081, 0.10351008921861649, 0.1594260036945343, 0.19364099204540253, 0.15333721041679382, 0.17197585105895996, 0.0979924127459526, 0.09927433729171753, 0.05280403420329094]"
F270,"[0.005131702404469252, 0.049981486052274704, 0.09427357465028763, 0.04388325661420822, 0.04520606994628906, 0.07293930649757385, 0.0078002470545470715, 0.009969598613679409, 0.041039079427719116, 0.019173137843608856, 0.08764869719743729, 0.025623507797718048, 0.06168907508254051, 0.036961670964956284, 0.02210787683725357, 0.02147149294614792, 0.03242325782775879, 0.051829997450113297, 0.03342970460653305, 0.0616702102124691, 0.009349562227725983, 0.04897322505712509, 0.015192489139735699, 0.08580756187438965, 0.006090022623538971, 0.08454496413469315, 0.02801155112683773, 0.06559896469116211, 0.02973160892724991, 0.06224589794874191, 0.07325489819049835, 0.004332544282078743, 0.043367501348257065, 0.0534730926156044, 0.09159480035305023, 0.03356093913316727, 0.07304921001195908, 0.054871510714292526, 0.08742129802703857, 0.0681745782494545, 0.034905366599559784, 0.03910716995596886, 0.05447598919272423, 0.016150956973433495, 0.025297757238149643, 0.042611442506313324, 0.007796928286552429, 0.05412750691175461, 0.029185442253947258, 0.015945449471473694, 0.016748229041695595, 0.028329050168395042, 0.050419993698596954, 0.03875076770782471, 0.008225774392485619, 0.07016763836145401, 0.008608359843492508, 0.06366056948900223, 0.013529868796467781, 0.019084488973021507, 0.032560281455516815, 0.03439898416399956, 0.08461108058691025, 0.04332861304283142, 0.09195031970739365, 0.019252236932516098, 0.0339120514690876, 0.028834614902734756, 0.07778862863779068, 0.023150624707341194, 0.08004786819219589, 0.0655297115445137, 0.0692911371588707, 0.0025150312576442957, 0.028060227632522583, 0.04249175265431404, 0.038728244602680206, 0.05363484099507332, 0.02682572230696678, 0.022405922412872314, 0.010415677912533283, 0.004592534154653549, 0.06765375286340714, 0.03049972653388977, 0.043842487037181854, 0.03899738937616348, 0.012108279392123222, 0.1049957200884819, 0.023426374420523643, 0.0460490919649601, 0.08373803645372391, 0.007830500602722168, 0.03086623176932335, 0.009718277491629124, 0.07396422326564789, 0.09464983642101288, 0.05500258505344391, 0.058567147701978683, 0.06325667351484299, 0.030301257967948914, 0.01571735553443432, 0.037500664591789246, 0.025111256167292595, 0.04736987501382828, 0.032636165618896484, 0.07078353315591812, 0.08412391692399979, 0.05208830535411835, 0.028765249997377396, 0.03582366183400154, 0.012888417579233646, 0.039830178022384644, 0.01889689266681671, 0.06916362047195435, 0.06835411489009857, 0.016971588134765625, 0.1142040342092514, 0.03389151766896248, 0.05166584253311157, 0.02650267258286476, 0.011232629418373108, 0.02743634209036827, 0.018811700865626335, 0.06322906911373138, 0.02403188683092594, 0.051607560366392136, 0.03456130996346474, 0.08684328943490982]"
F271,"[0.050888270139694214, 0.1139148622751236, 0.1012144535779953, 0.003471174743026495, 0.07891876250505447, 0.18484093248844147, 0.027601996436715126, 0.08518766611814499, 0.011558630503714085, 0.038397014141082764, 0.022667327895760536, 0.0056208660826087, 0.014604473486542702, 0.02129422500729561, 0.0990217998623848, 0.00397276459261775, 0.13678358495235443, 0.06830312311649323, 0.015116559341549873, 0.07250026613473892, 0.03442206606268883, 0.08767621964216232, 0.10404226183891296, 0.05447214096784592, 0.018293490633368492, 0.030960984528064728, 0.004045059438794851, 0.21348275244235992, 0.059680577367544174, 0.05361999571323395, 0.08553959429264069, 0.14773476123809814, 0.07480104267597198, 0.00777904549613595, 0.10735354572534561, 0.0022401600144803524, 0.029572835192084312, 0.024281488731503487, 0.02884512022137642, 0.15824629366397858, 0.04255938157439232, 0.01403587032109499, 0.10836410522460938, 0.09003860503435135, 0.023409001529216766, 0.015409385785460472, 0.12943920493125916, 0.1135777086019516, 0.13649019598960876, 0.13458330929279327, 0.10957157611846924, 0.05015303194522858, 0.03848845511674881, 0.12815575301647186, 0.0470559224486351, 0.04387764260172844, 0.011279388330876827, 0.009118502028286457, 0.1539052128791809, 0.006984340958297253, 0.007913164794445038, 0.010699640959501266, 0.050020940601825714, 0.10192546993494034, 0.017453240230679512, 0.05590500682592392, 0.07995093613862991, 0.09536023437976837, 0.06605248898267746, 0.04359625279903412, 0.007682753726840019, 0.1279861330986023, 0.09461528807878494, 0.09827736765146255, 0.05585618317127228, 0.04059344530105591, 0.13261455297470093, 0.01991119608283043, 0.08427306264638901, 0.07778631895780563, 0.09473154693841934, 0.0031491024419665337, 0.08221123367547989, 0.012359998188912868, 0.004839268513023853, 0.026401391252875328, 0.06433074176311493, 0.009753035381436348, 0.0764312818646431, 0.05734334513545036, 0.01630045659840107, 0.04674501344561577, 0.01599304936826229, 0.040134645998477936, 0.01480361819267273, 0.03393971547484398, 0.04481534659862518, 0.15724797546863556, 0.03080224059522152, 0.00772938784211874, 0.0804220512509346, 0.0570499524474144, 0.03459480404853821, 0.014482672326266766, 0.09760676324367523, 0.021189166232943535, 0.04227196052670479, 0.01577480509877205, 0.02801893651485443, 0.02985231578350067, 0.12615948915481567, 0.08107940107584, 0.08192003518342972, 0.09698813408613205, 0.01754070818424225, 0.17507308721542358, 0.15089847147464752, 0.00317031005397439, 0.008968042209744453, 0.028026048094034195, 0.04987264797091484, 0.06980544328689575, 0.0491098128259182, 0.05578100308775902, 0.07004446536302567, 0.006161582190543413, 0.04893263801932335, 0.09809022396802902]"
F272,"[0.20088538527488708, 0.04165145009756088, 0.1053101196885109, 0.07731033116579056, 0.06876235455274582, 0.12782056629657745, 0.13335439562797546, 0.18819870054721832, 0.07694556564092636, 0.11914791911840439, 0.08361145108938217, 0.10180386155843735, 0.11711286008358002, 0.14293277263641357, 0.13359223306179047, 0.09229674935340881, 0.09544146806001663, 0.04746483638882637, 0.18834379315376282, 0.21824203431606293, 0.06323951482772827, 0.08896035701036453, 0.08821089565753937, 0.05040617287158966, 0.038769979029893875, 0.21534468233585358, 0.21815484762191772, 0.12279809266328812, 0.042249277234077454, 0.07631371915340424, 0.0678877979516983, 0.020791321992874146, 0.05952366441488266, 0.1560603529214859, 0.13425596058368683, 0.17261327803134918, 0.10464693605899811, 0.13634178042411804, 0.10099362581968307, 0.058109987527132034, 0.16665641963481903, 0.1984652578830719, 0.06638362258672714, 0.14445455372333527, 0.021922726184129715, 0.090605728328228, 0.15108415484428406, 0.10598370432853699, 0.1491311937570572, 0.14104799926280975, 0.08463003486394882, 0.1749514788389206, 0.11973828077316284, 0.13422024250030518, 0.15218937397003174, 0.2165025919675827, 0.2069799154996872, 0.2009964883327484, 0.07686459273099899, 0.09659955650568008, 0.07194330543279648, 0.07577332109212875, 0.05787482112646103, 0.08068666607141495, 0.15639472007751465, 0.09146501868963242, 0.02667221985757351, 0.13567213714122772, 0.0094376802444458, 0.11649060249328613, 0.05543145909905434, 0.056934308260679245, 0.05788305774331093, 0.10295604914426804, 0.09008873999118805, 0.10753602534532547, 0.17747138440608978, 0.13449648022651672, 0.035336706787347794, 0.10010717809200287, 0.17776955664157867, 0.10284096747636795, 0.1488286852836609, 0.21411709487438202, 0.09712772816419601, 0.1738259196281433, 0.15964454412460327, 0.11765477061271667, 0.1211499348282814, 0.11024212837219238, 0.08568666875362396, 0.19902385771274567, 0.0659952461719513, 0.08573753386735916, 0.07276194542646408, 0.019950851798057556, 0.12827640771865845, 0.03765726089477539, 0.17056730389595032, 0.06433438509702682, 0.011801603250205517, 0.06807810813188553, 0.03693970665335655, 0.13021904230117798, 0.04130343720316887, 0.0888073518872261, 0.20538727939128876, 0.18621109426021576, 0.11389466375112534, 0.046857692301273346, 0.0558943971991539, 0.06330782920122147, 0.028845883905887604, 0.04382048174738884, 0.08200991898775101, 0.11669382452964783, 0.16784672439098358, 0.1088346317410469, 0.04128297418355942, 0.04611848667263985, 0.06260232627391815, 0.2413320690393448, 0.06956145912408829, 0.03875148296356201, 0.181121826171875, 0.05128089711070061, 0.008269364014267921, 0.04920433834195137]"
F273,"[0.012095771729946136, 0.08409027010202408, 0.030236925929784775, 0.013330128975212574, 0.004501883871853352, 0.00897376798093319, 0.010833574458956718, 0.025514841079711914, 0.07030940800905228, 0.04459502175450325, 0.04444066807627678, 0.06401468813419342, 0.06404415518045425, 0.04433104023337364, 0.03443731367588043, 0.08897089213132858, 0.06942933052778244, 0.012450084090232849, 0.04473230987787247, 0.01002244558185339, 0.03180655837059021, 0.01732046902179718, 0.02739354968070984, 0.0629589706659317, 0.11948636174201965, 0.01394819188863039, 0.004639993421733379, 0.04971190541982651, 0.038364432752132416, 0.0019782837480306625, 0.06153826788067818, 0.0029891780577600002, 0.03575612232089043, 0.04888147860765457, 0.02722138911485672, 0.031276121735572815, 0.050997570157051086, 0.017139224335551262, 0.017806081101298332, 0.0540606826543808, 0.06456802040338516, 0.0028682120610028505, 0.022071339190006256, 0.038606297224760056, 0.03594207018613815, 0.03650536388158798, 0.032230328768491745, 0.04171246662735939, 0.03986222669482231, 0.0017086440930142999, 0.009681180119514465, 0.0259656123816967, 0.008613530546426773, 0.01910982094705105, 0.019614970311522484, 0.03160547837615013, 0.05766240879893303, 0.012278249487280846, 0.01841386780142784, 0.003857092000544071, 0.08770902454853058, 0.031967002898454666, 0.004712650552392006, 0.04166218638420105, 0.09121733158826828, 0.043021854013204575, 0.026768550276756287, 0.031040171161293983, 0.09140297770500183, 0.030414076521992683, 0.0017660483717918396, 0.048551205545663834, 0.05796384811401367, 0.09514469653367996, 0.008426583372056484, 0.005619000643491745, 0.08458501100540161, 0.01024561282247305, 0.017765287309885025, 0.12601983547210693, 0.01119873858988285, 0.09041431546211243, 0.05275387316942215, 0.030251281335949898, 0.041830774396657944, 0.07727716118097305, 0.01408813800662756, 0.0030166110955178738, 0.06048941984772682, 0.05774535983800888, 0.08152436465024948, 0.0664076954126358, 0.053671374917030334, 0.03816549852490425, 0.05613559111952782, 0.021191248670220375, 0.08238695561885834, 0.06446802616119385, 0.07257083058357239, 0.030566060915589333, 0.038156621158123016, 0.07012183964252472, 0.0983680933713913, 0.05115997791290283, 0.015306390821933746, 0.07617869228124619, 0.07927974313497543, 0.023465070873498917, 0.04385765269398689, 0.09120884537696838, 0.027320140972733498, 0.008585566654801369, 0.03961995244026184, 0.017053062096238136, 0.08451759815216064, 0.020408742129802704, 0.018310142681002617, 0.004549115896224976, 0.07691548019647598, 0.02633000537753105, 0.017021574079990387, 0.018031949177384377, 0.03361090272665024, 0.057097166776657104, 0.052916284650564194, 0.019953079521656036, 0.044452209025621414, 0.06096785515546799]"
F274,"[0.007664879783987999, 0.017073409631848335, 0.001161906635388732, 0.0011069647734984756, 0.013849821873009205, 0.0010837720474228263, 0.023880217224359512, 0.009458791464567184, 0.004659475293010473, 0.01150024589151144, 0.011118139140307903, 0.006398082710802555, 0.023251701146364212, 0.014008882455527782, 0.024251459166407585, 0.007256316486746073, 0.014020232483744621, 0.008718165569007397, 0.011667585000395775, 0.004807621706277132, 0.00034921601763926446, 0.01633313298225403, 0.002247691387310624, 0.005101007409393787, 0.013385072350502014, 0.009283461607992649, 0.012705757282674313, 0.001091611571609974, 0.010711697861552238, 0.004654228687286377, 0.01451309397816658, 0.00870225578546524, 0.011795937083661556, 0.0015329938614740968, 0.0037142718210816383, 0.015538002364337444, 0.0024940825533121824, 0.0014569913037121296, 0.0012970477109774947, 0.00029783579520881176, 0.014605153352022171, 0.0024762859102338552, 0.019672933965921402, 0.007899562828242779, 0.0020825364626944065, 0.01145742367953062, 0.017324715852737427, 0.004076124634593725, 0.004728672094643116, 0.008280572481453419, 0.011928862892091274, 0.00248712208122015, 0.013598150573670864, 0.004856658633798361, 0.01908831112086773, 0.004202140029519796, 0.019030895084142685, 0.007655024994164705, 0.02007703110575676, 0.0013819198356941342, 0.016977882012724876, 0.0008093222277238965, 0.01072155125439167, 0.017532767727971077, 0.01993129774928093, 0.020255569368600845, 0.014953332021832466, 0.011960513889789581, 0.01785258762538433, 0.0003321276744827628, 0.018505632877349854, 0.0057112374342978, 0.019296536222100258, 0.020536281168460846, 0.004432149697095156, 0.002911328338086605, 0.0014363317750394344, 0.010711188428103924, 0.015835823491215706, 0.00704475212842226, 0.0044308677315711975, 0.006385073531419039, 0.0052576628513634205, 0.00023596362734679133, 0.007125208619982004, 0.004551728721708059, 0.01645277813076973, 0.007388888392597437, 0.005649091210216284, 0.02780359797179699, 0.0060639167204499245, 0.010158351622521877, 0.011223910376429558, 0.012814865447580814, 0.013606535270810127, 0.006357494741678238, 0.010377186350524426, 0.0014727249508723617, 0.005525978282094002, 0.027267228811979294, 0.009646592661738396, 0.009944019839167595, 0.010738355107605457, 0.002900501247495413, 0.007522027939558029, 0.011167318560183048, 0.009972615167498589, 0.0041427300311625, 0.0026559431571513414, 0.007369120605289936, 0.0018607880920171738, 0.016998136416077614, 0.009917955845594406, 0.01668033003807068, 0.013435306027531624, 0.006653468124568462, 0.0009387888130731881, 0.008442534133791924, 0.010166872292757034, 0.001906626159325242, 0.006899021100252867, 0.0014352700673043728, 0.020968688651919365, 0.014973231591284275, 0.0017746415687724948, 0.009071674197912216, 0.003491864539682865, 0.0014032130129635334]"
F275,"[0.0, 0.0, 0.0, 0.0, 0.0, 0.0, 0.0, 0.0, 0.0, 0.0, 0.0, 0.0, 0.0, 0.0, 0.0, 0.0, 0.0, 0.0, 0.0, 0.0, 0.0, 0.0, 0.0, 0.0, 0.0, 0.0, 0.0, 0.0, 0.0, 0.0, 0.0, 0.0, 0.0, 0.0, 0.0, 0.0, 0.0, 0.0, 0.0, 0.0, 0.0, 0.0, 0.0, 0.0, 0.0, 0.0, 0.0, 0.0, 0.0, 0.0, 0.0, 0.0, 0.0, 0.0, 0.0, 0.0, 0.0, 0.0, 0.0, 0.0, 0.0, 0.0, 0.0, 0.0, 0.0, 0.0, 0.0, 0.0, 0.0, 0.0, 0.0, 0.0, 0.0, 0.0, 0.0, 0.0, 0.0, 0.0, 0.0, 0.0, 0.0, 0.0, 0.0, 0.0, 0.0, 0.0, 0.0, 0.0, 0.0, 0.0, 0.0, 0.0, 0.0, 0.0, 0.0, 0.0, 0.0, 0.0, 0.0, 0.0, 0.0, 0.0, 0.0, 0.0, 0.0, 0.0, 0.0, 0.0, 0.0, 0.0, 0.0, 0.0, 0.0, 0.0, 0.0, 0.0, 0.0, 0.0, 0.0, 0.0, 0.0, 0.0, 0.0, 0.0, 0.0, 0.0, 0.0, 0.0]"
F276,"[0.09203410893678665, 0.08057739585638046, 0.054444875568151474, 0.06457914412021637, 0.0038494309410452843, 0.029292138293385506, 0.035907141864299774, 0.028235793113708496, 0.02487003616988659, 0.014610763639211655, 0.0634484514594078, 0.067351795732975, 0.014023485593497753, 0.042498644441366196, 0.024468526244163513, 0.08598340302705765, 0.028121156617999077, 0.07452306151390076, 0.00876621250063181, 0.0647515133023262, 0.00579838827252388, 0.05575519800186157, 0.004691512323915958, 0.04025007039308548, 0.06395643204450607, 0.02394116297364235, 0.09732180833816528, 0.033209990710020065, 0.007655351888388395, 0.025917353108525276, 0.016115132719278336, 0.03657417744398117, 0.022288450971245766, 0.05641058459877968, 0.0577353797852993, 0.09729040414094925, 0.06642726063728333, 0.031247295439243317, 0.05211963877081871, 0.047173477709293365, 0.057243213057518005, 0.06582285463809967, 0.0440390482544899, 0.06756404787302017, 0.02923324517905712, 0.06219642981886864, 0.054267700761556625, 0.012118629179894924, 0.1199474036693573, 0.018526634201407433, 0.06078290566802025, 0.039201948791742325, 0.06851506978273392, 0.04909450188279152, 0.06497591733932495, 0.04824598506093025, 0.0025882695335894823, 0.04109803959727287, 0.09742014855146408, 0.019190378487110138, 0.0835007056593895, 0.0012630685232579708, 0.01858474686741829, 0.060982972383499146, 0.017935633659362793, 0.0887427031993866, 0.0013802350731566548, 0.045035745948553085, 0.03326917812228203, 0.036221008747816086, 0.01934613287448883, 0.00540376640856266, 0.04442291334271431, 0.01765609160065651, 0.06552593410015106, 0.028508557006716728, 0.04097272455692291, 0.01689414121210575, 0.06811381131410599, 0.06763572245836258, 0.038107745349407196, 0.03233756124973297, 0.06913167238235474, 0.03342590853571892, 0.08478406816720963, 0.01945933699607849, 0.0534202940762043, 0.06497092545032501, 0.02174563519656658, 0.058101046830415726, 0.007282169535756111, 0.035723499953746796, 0.03533795475959778, 0.028285235166549683, 0.07259704917669296, 0.005421903450042009, 0.029668254777789116, 0.022780653089284897, 0.04445986449718475, 0.044340237975120544, 0.03429359942674637, 0.05678002908825874, 0.05469426140189171, 0.06503643095493317, 0.053857989609241486, 0.04265925660729408, 0.035909254103899, 0.060931138694286346, 0.0714905858039856, 0.0004635471268557012, 0.06253937631845474, 0.07250706106424332, 0.07115758955478668, 0.017110735177993774, 0.03408760577440262, 0.021340327337384224, 0.03811507672071457, 0.025589004158973694, 0.06229037418961525, 0.03143175318837166, 0.04735534265637398, 0.06392888724803925, 0.021953394636511803, 0.031362101435661316, 0.008034574799239635, 0.07194302976131439, 0.059460170567035675, 0.06334304809570312]"
F277,"[0.09182010591030121, 0.012110702693462372, 0.008259531110525131, 0.03666266053915024, 0.059943001717329025, 0.12181504815816879, 0.14230792224407196, 0.06916256994009018, 0.052856214344501495, 0.011234761215746403, 0.06483805924654007, 0.07750106602907181, 0.09114808589220047, 0.06914258748292923, 0.02703448012471199, 0.02842395380139351, 0.047834787517786026, 0.030828185379505157, 0.10341823101043701, 0.09925702959299088, 0.04786306247115135, 0.012623528018593788, 0.06991121172904968, 0.012397916056215763, 0.08364848047494888, 0.1285279542207718, 0.08609256893396378, 0.021604159846901894, 0.02509675920009613, 0.014322049915790558, 0.0005806618719361722, 0.01437459047883749, 0.008573859930038452, 0.031669773161411285, 0.022629236802458763, 0.010395639576017857, 0.15931692719459534, 0.10120676457881927, 0.010984609834849834, 0.012488455511629581, 0.03802900016307831, 0.0191905926913023, 0.01846926473081112, 0.0016894307918846607, 0.1206074133515358, 0.16153262555599213, 0.030591309070587158, 0.10321628302335739, 0.07320437580347061, 0.13904601335525513, 0.08627238124608994, 0.10086841136217117, 0.012819192372262478, 0.03782356157898903, 0.028656557202339172, 0.029701653867959976, 0.1042751595377922, 0.037660691887140274, 0.045799631625413895, 0.08968067914247513, 0.10055308043956757, 0.12355350703001022, 0.04593818262219429, 0.11091296374797821, 0.0279329065233469, 0.032707031816244125, 0.10542742908000946, 0.06764743477106094, 0.04356404021382332, 0.08927514404058456, 0.08125356584787369, 0.0190951656550169, 0.020994070917367935, 0.009021278470754623, 0.05137583240866661, 0.03031964972615242, 0.007669439539313316, 0.08324741572141647, 0.05571478605270386, 0.09107319265604019, 0.04198333993554115, 0.03580668196082115, 0.04244975373148918, 0.13341553509235382, 0.056347087025642395, 0.012686078436672688, 0.012388353236019611, 0.04688079655170441, 0.11667085438966751, 0.014286398887634277, 0.16426101326942444, 0.018777864053845406, 0.028901951387524605, 0.017308274284005165, 0.08072738349437714, 0.052957430481910706, 0.08117444068193436, 0.012833237648010254, 0.017064489424228668, 0.06655089557170868, 0.0266097504645586, 0.032719068229198456, 0.03237317502498627, 0.017763353884220123, 0.0017124742735177279, 0.04608716070652008, 0.007283713202923536, 0.04782167077064514, 0.12806162238121033, 0.02170325256884098, 0.01893223635852337, 0.06773336231708527, 0.0017473929328843951, 0.03550069406628609, 0.022332988679409027, 0.00969365518540144, 0.060874536633491516, 0.0997336283326149, 0.10541022568941116, 0.11002705246210098, 0.05000372976064682, 0.02859252691268921, 0.01517042238265276, 0.03570491448044777, 0.09600288420915604, 0.020209677517414093, 0.006403697654604912, 0.07699105888605118]"
F278,"[0.11475149542093277, 0.21499508619308472, 0.06089174374938011, 0.05133866146206856, 0.17714135348796844, 0.015933237969875336, 0.18737222254276276, 0.0782085508108139, 0.21162836253643036, 0.04542597383260727, 0.09126847982406616, 0.21617728471755981, 0.1938621997833252, 0.17020617425441742, 0.020032845437526703, 0.10291736572980881, 0.012064647860825062, 0.07241170853376389, 0.12225910276174545, 0.1299332231283188, 0.06887275725603104, 0.02552982233464718, 0.059316493570804596, 0.06428130716085434, 0.02494160830974579, 0.20761419832706451, 0.233598992228508, 0.05352805554866791, 0.055447012186050415, 0.010155792348086834, 0.0018191930139437318, 0.11898022890090942, 0.0019923485815525055, 0.20326799154281616, 0.13510094583034515, 0.06265591830015182, 0.055053386837244034, 0.15055198967456818, 0.08147845417261124, 0.05157535895705223, 0.1923716515302658, 0.014245552010834217, 0.08637607842683792, 0.006710099056363106, 0.13600479066371918, 0.18624162673950195, 0.13887159526348114, 0.053306128829717636, 0.11095716804265976, 0.13433204591274261, 0.1611194610595703, 0.13604792952537537, 0.03812721371650696, 0.07696913182735443, 0.12287712842226028, 0.16036789119243622, 0.2053513377904892, 0.1135183796286583, 0.18819597363471985, 0.1511172503232956, 0.15682543814182281, 0.07321874797344208, 0.070712611079216, 0.03243130072951317, 0.17200922966003418, 0.11215019971132278, 0.08295794576406479, 0.0459788478910923, 0.10232865065336227, 0.048426587134599686, 0.13294897973537445, 0.02186237834393978, 0.00855183694511652, 0.0012083662441000342, 0.1557844579219818, 0.21861836314201355, 0.11411970108747482, 0.011048895306885242, 0.011538154445588589, 0.12282809615135193, 0.0871870294213295, 0.12389157712459564, 0.13625258207321167, 0.1892818659543991, 0.14377903938293457, 0.07563341408967972, 0.12948668003082275, 0.21481899917125702, 0.11372992396354675, 0.12818752229213715, 0.17276689410209656, 0.09477709233760834, 0.06948225200176239, 0.06777570396661758, 0.1206502839922905, 0.07325319945812225, 0.09688591957092285, 0.10594255477190018, 0.116561159491539, 0.0597325824201107, 0.03656724840402603, 0.2002268135547638, 0.00017167627811431885, 0.21520571410655975, 0.17024558782577515, 0.043188463896512985, 0.07426153868436813, 0.14318051934242249, 0.13436788320541382, 0.06488735228776932, 0.06575778126716614, 0.09798859059810638, 0.18918058276176453, 0.1263076215982437, 0.12418507784605026, 0.036829277873039246, 0.006145629566162825, 0.1063118502497673, 0.12888121604919434, 0.17427688837051392, 0.11424629390239716, 0.11122308671474457, 0.2026507407426834, 0.18057781457901, 0.15588724613189697, 0.00922462623566389, 0.15992292761802673, 0.05724120885133743]"
F279,"[0.027411052957177162, 0.19840280711650848, 0.052549440413713455, 0.1156122162938118, 0.18908147513866425, 0.004436146467924118, 0.16872340440750122, 0.170579195022583, 0.13700664043426514, 0.06920703500509262, 0.20667405426502228, 0.15948621928691864, 0.19216224551200867, 0.12416227161884308, 0.0669921264052391, 0.010103904642164707, 0.09981642663478851, 0.1533997654914856, 0.18515418469905853, 0.14487585425376892, 0.05135207623243332, 0.028372712433338165, 0.07367122918367386, 0.07444185018539429, 0.11638236790895462, 0.18554440140724182, 0.14486776292324066, 0.021234633401036263, 0.17615270614624023, 0.09824880212545395, 0.03180651366710663, 0.005302072037011385, 0.082605741918087, 0.1683746725320816, 0.16717912256717682, 0.054559070616960526, 0.19234631955623627, 0.19580069184303284, 0.03553630784153938, 0.09548070281744003, 0.1225716695189476, 0.225946843624115, 0.25176021456718445, 0.11123508960008621, 0.19088709354400635, 0.1506110578775406, 0.06372394412755966, 0.12332460284233093, 0.1071905866265297, 0.14577288925647736, 0.055739231407642365, 0.05523079261183739, 0.15085609257221222, 0.0399482361972332, 0.12546168267726898, 0.1321965754032135, 0.14916899800300598, 0.04019729793071747, 0.07974429428577423, 0.16943544149398804, 0.049324579536914825, 0.18769338726997375, 0.14096297323703766, 0.05502934008836746, 0.11548595875501633, 0.11400773376226425, 0.1435721516609192, 0.005904406774789095, 0.06704196333885193, 0.16297724843025208, 0.12900324165821075, 0.0029667301569133997, 0.020861046388745308, 0.20188121497631073, 0.0877566933631897, 0.15102405846118927, 0.019643273204565048, 0.1372961550951004, 0.1050090342760086, 0.11408136785030365, 0.05764057859778404, 0.2376745492219925, 0.15470248460769653, 0.15119992196559906, 0.05346216633915901, 0.1377243846654892, 0.1462474763393402, 0.16783808171749115, 0.22028429806232452, 0.14619311690330505, 0.07447463274002075, 0.0017281920881941915, 0.17764723300933838, 0.18731187283992767, 0.03952357545495033, 0.10350518673658371, 0.14925706386566162, 0.1249808669090271, 0.010022229515016079, 0.07008476555347443, 0.0026685604825615883, 0.08561008423566818, 0.13662898540496826, 0.1005505844950676, 0.1747046709060669, 0.2396285980939865, 0.10001405328512192, 0.05028924345970154, 0.1510215401649475, 0.12623238563537598, 0.09943968057632446, 0.03292558342218399, 0.13642971217632294, 0.1853656768798828, 0.19863170385360718, 0.03231270983815193, 0.06669081747531891, 0.20673131942749023, 0.18761463463306427, 0.15544924139976501, 0.22431224584579468, 0.21934275329113007, 0.18436728417873383, 0.14702342450618744, 0.085121288895607, 0.06723161041736603, 0.15707843005657196, 0.0455179288983345]"
