feature,weight_list
F1,"[0.028643645346164703, 0.04516160860657692, 0.09753921627998352, 0.002465564990416169, 0.016296690329909325, 0.012447269633412361, 0.08245141059160233, 0.03835301101207733, 0.06132248044013977, 0.07103350758552551, 0.0010574654443189502, 0.06200897693634033, 0.06250029057264328, 0.012875372543931007, 0.009422953240573406, 0.09341957420110703, 0.035568974912166595, 0.04291658103466034, 0.03263039141893387, 0.02973851189017296, 0.054202668368816376, 0.11842332780361176, 0.03432261943817139, 0.036672014743089676, 0.003503126325085759, 0.011324607767164707, 0.04196202754974365, 0.14104299247264862, 0.06662756949663162, 0.13027368485927582, 0.11947529762983322, 0.03606431931257248, 0.018403038382530212, 0.03305428847670555, 0.024881161749362946, 0.05792149156332016, 0.027761513367295265, 0.01737641915678978, 0.013339570723474026, 0.1350792646408081, 0.013914650306105614, 0.025114839896559715, 0.0342823751270771, 0.003950995858758688, 0.05014146864414215, 0.006556140724569559, 0.09974831342697144, 0.039325471967458725, 0.04791463911533356, 0.018261533230543137, 0.03813486546278, 0.04580546170473099, 0.022896969690918922, 0.02949681133031845, 0.10905493050813675, 0.04082091525197029, 0.06589734554290771, 0.09581449627876282, 0.03331417962908745, 0.08284008502960205, 0.07545790821313858, 0.04630981758236885, 0.01457354798913002, 0.06517522782087326, 0.09048844128847122, 0.023699739947915077, 0.03749139979481697, 0.0009512173128314316, 0.041297443211078644, 0.0797889456152916, 0.11089831590652466, 0.06578329205513, 0.05377965793013573, 0.020950814709067345, 0.042272549122571945, 0.008628049865365028, 0.08971549570560455, 0.026439305394887924, 0.0033253279980272055, 0.013626597821712494, 0.016722850501537323, 0.09498462080955505, 0.018668044358491898, 0.0047602117992937565, 0.05516214668750763, 0.07628476619720459, 0.040459759533405304, 0.0148770771920681, 0.009289347566664219, 0.0032837626058608294, 0.1064847782254219, 0.06896957755088806, 0.033817559480667114, 0.0021804957650601864, 0.020432015880942345, 0.01556344609707594, 0.10325130075216293, 0.11846926063299179, 0.10272051393985748, 0.07742109149694443, 0.03429325670003891, 0.012014552019536495, 0.01509983278810978, 0.08583733439445496, 0.04912874847650528, 0.08000052720308304, 0.11603836715221405, 0.02378048002719879, 0.061515454202890396, 0.04329933598637581, 0.04769941791892052, 0.03291022405028343, 0.047374047338962555, 0.06332752108573914, 0.0385044664144516, 0.00333191966637969, 0.04716756194829941, 0.07783988118171692, 0.13097800314426422, 0.05281911417841911, 0.035402003675699234, 0.005159568972885609, 0.0607198104262352, 0.0606561154127121, 0.0025910260155797005, 0.018883006647229195, 0.0425964891910553, 0.06129830330610275]"
F2,"[0.19379331171512604, 0.09734025597572327, 0.012708566151559353, 0.10712165385484695, 8.879597999111866e-07, 0.14713256061077118, 0.047204118221998215, 0.04663162678480148, 0.13946481049060822, 0.047070104628801346, 0.13525933027267456, 0.048329323530197144, 0.028191804885864258, 0.16606535017490387, 0.15499287843704224, 0.061624135822057724, 0.14432001113891602, 0.048743147403001785, 0.10558967292308807, 0.010018272325396538, 0.1126641035079956, 0.09941734373569489, 0.09274531155824661, 0.12419387698173523, 0.00589320482686162, 0.06803734600543976, 0.05221261829137802, 0.0934068039059639, 0.05570541322231293, 0.11280720680952072, 0.1185961589217186, 0.07787151634693146, 0.045734427869319916, 0.043433647602796555, 0.03540314361453056, 0.07557014375925064, 0.03213097155094147, 0.13887406885623932, 0.0904410257935524, 0.07853927463293076, 0.010853991843760014, 0.039437659084796906, 0.0768100917339325, 0.004408020060509443, 0.02322852984070778, 0.012355023063719273, 0.027222028002142906, 0.11641993373632431, 0.07492236793041229, 0.009931523352861404, 0.042936112731695175, 0.04857684671878815, 0.06258200854063034, 0.006564076524227858, 0.1170857697725296, 0.029063506051898003, 0.08467616885900497, 0.1003030464053154, 0.08867764472961426, 0.1614943891763687, 0.12698744237422943, 0.027390098199248314, 0.01766933500766754, 0.03728858754038811, 0.025742238387465477, 0.09992963075637817, 0.06453761458396912, 0.0730082243680954, 0.17865365743637085, 0.07735271006822586, 0.05329763889312744, 0.12351538985967636, 0.04362225905060768, 0.00401232298463583, 0.15941345691680908, 0.1220536008477211, 0.09957076609134674, 0.04894427955150604, 0.2389412224292755, 0.06904018670320511, 0.07563156634569168, 0.051820337772369385, 0.011767333373427391, 0.09544655680656433, 0.03072967194020748, 0.18025465309619904, 0.0035296129062771797, 0.1829742193222046, 0.0988502949476242, 0.049027811735868454, 0.0016593912150710821, 0.11726958304643631, 0.12845423817634583, 0.08658014237880707, 0.07899224758148193, 0.024643033742904663, 0.0530211515724659, 0.17102262377738953, 0.11237454414367676, 0.046681929379701614, 0.218992680311203, 0.06923514604568481, 0.1372767686843872, 0.06906280666589737, 0.0955759659409523, 0.07842003554105759, 0.08219654858112335, 0.005631638690829277, 0.037605393677949905, 0.004712846130132675, 0.1354232132434845, 0.1558898538351059, 0.15172548592090607, 0.14769315719604492, 0.013628807850182056, 0.08073040843009949, 0.019699357450008392, 0.07245024293661118, 0.03810727223753929, 0.028689423575997353, 0.05160431191325188, 0.060085657984018326, 0.11879543215036392, 0.14401985704898834, 0.17906324565410614, 0.15694516897201538, 0.02001640573143959, 0.17193415760993958]"
F3,"[0.002277285559102893, 0.021784167736768723, 0.005300035700201988, 0.02820012904703617, 0.021426226943731308, 0.006661278661340475, 0.0034699393436312675, 0.025810308754444122, 0.03244081139564514, 0.018541766330599785, 0.016383489593863487, 0.003910255618393421, 0.02316024713218212, 0.03800166770815849, 0.009652302600443363, 0.007522354833781719, 0.008417526260018349, 0.025273388251662254, 0.003791471477597952, 0.003244151594117284, 0.00025346328038722277, 0.0296635739505291, 0.015338851138949394, 0.013921244069933891, 0.00673105800524354, 0.020848404616117477, 0.018999405205249786, 0.012410393916070461, 0.01764608919620514, 0.012731630355119705, 0.010206417180597782, 0.008404619991779327, 0.00018703282694332302, 0.007332272827625275, 0.02917153388261795, 0.028703289106488228, 0.0162259079515934, 0.00040656578494235873, 0.00793445948511362, 0.00560348154976964, 0.008709379471838474, 0.02218068763613701, 0.0007421481423079967, 0.01828034780919552, 0.002805449767038226, 0.03392685204744339, 0.013172503560781479, 0.011243723332881927, 0.023241205140948296, 0.020133126527071, 0.011751528829336166, 0.00508754700422287, 0.012562254443764687, 0.009549167938530445, 0.015268014743924141, 0.004381915088742971, 0.03176381438970566, 0.012128918431699276, 0.012579110451042652, 0.016708454117178917, 0.028514331206679344, 0.017631782218813896, 0.02929043397307396, 0.020759567618370056, 0.0014368209522217512, 0.02121621184051037, 0.018947388976812363, 0.0014958507381379604, 0.011645631864666939, 0.028939103707671165, 0.008900849148631096, 0.03697016090154648, 0.0034535692539066076, 0.03870464116334915, 0.011958550661802292, 0.056540265679359436, 0.03478454798460007, 0.024862822145223618, 0.019792115315794945, 0.023234618827700615, 0.005863710772246122, 0.02877696044743061, 0.02530083805322647, 0.019269777461886406, 0.02150723710656166, 0.00961088016629219, 0.005888603162020445, 0.017089633271098137, 0.012206277810037136, 0.029487578198313713, 0.0347985215485096, 0.00643724761903286, 0.019358118996024132, 0.024003351107239723, 0.007351018954068422, 0.014732683077454567, 0.007282468024641275, 0.00399734266102314, 0.002051637275144458, 0.013895677402615547, 8.32111036288552e-05, 0.012567847035825253, 0.002995672868564725, 0.03636034578084946, 0.009477526880800724, 0.020207656547427177, 0.009995321743190289, 0.02678721770644188, 0.008773598819971085, 0.04987487941980362, 0.014206797815859318, 0.009212982840836048, 0.01683814823627472, 0.0027223220095038414, 0.029375756159424782, 0.024788472801446915, 0.005439430940896273, 0.0060928016901016235, 0.013765650801360607, 0.01795555278658867, 0.014679929241538048, 0.034385260194540024, 0.0061556254513561726, 0.011808100156486034, 0.036490485072135925, 0.006531594321131706, 0.011576213873922825, 0.019497191533446312]"
F4,"[0.06262364983558655, 0.0725143700838089, 0.006111742928624153, 0.008393479511141777, 0.03337753936648369, 0.0956239178776741, 0.05480250343680382, 0.012029754929244518, 0.011702358722686768, 0.07271149009466171, 0.06981758028268814, 0.01009850949048996, 0.014935743995010853, 0.00612910371273756, 0.03184189274907112, 0.02847146801650524, 0.010416964069008827, 0.07490410655736923, 0.06033698469400406, 0.04763222113251686, 0.042836032807826996, 0.0952875092625618, 0.08050144463777542, 0.016284124925732613, 0.03760881721973419, 0.004654956050217152, 0.09183847159147263, 0.08995795249938965, 0.04015060514211655, 0.032261647284030914, 0.015585704706609249, 0.012798559851944447, 0.0005653695552609861, 0.003344090422615409, 0.03760707378387451, 0.08474753797054291, 0.09405743330717087, 0.04866510257124901, 0.06119171530008316, 0.014529290609061718, 0.10667651146650314, 0.0243150033056736, 0.0034749472979456186, 0.040784288197755814, 0.04296562448143959, 0.05449395999312401, 0.07401467114686966, 0.036111436784267426, 0.0116759417578578, 0.04939543455839157, 0.09248946607112885, 0.025663023814558983, 0.01545347087085247, 0.013727664947509766, 0.00019256472296547145, 0.08285722881555557, 0.0718487873673439, 0.00720631517469883, 0.024444717913866043, 0.003933130297809839, 0.054438184946775436, 0.08512844890356064, 0.018158122897148132, 0.019359156489372253, 0.03284098207950592, 0.008461146615445614, 0.1238279715180397, 0.026778578758239746, 0.06374894082546234, 0.06111719459295273, 0.03342489153146744, 0.02897907979786396, 0.02644149772822857, 0.017729446291923523, 0.0970969870686531, 0.02826657146215439, 0.06243971735239029, 0.0720076709985733, 0.04695428907871246, 0.05350234732031822, 0.05499686300754547, 0.029421182349324226, 0.00638926587998867, 0.032850489020347595, 0.04250190779566765, 0.031189151108264923, 0.056329064071178436, 0.05251907557249069, 0.002233899896964431, 0.08095754683017731, 0.12737153470516205, 0.06524781882762909, 0.10051625221967697, 0.08769918233156204, 0.012539652176201344, 0.05366334319114685, 0.03397582098841667, 0.03326563164591789, 0.03515513613820076, 0.0034737077075988054, 0.02442886494100094, 0.02356758341193199, 0.14395856857299805, 0.0025751139037311077, 0.01031354907900095, 0.01385191734880209, 0.11872316151857376, 0.002459891140460968, 0.011060761287808418, 0.07789427042007446, 0.03130223974585533, 0.017720621079206467, 0.006657650228589773, 0.08135861158370972, 0.05188785865902901, 0.028484491631388664, 0.006867147516459227, 0.042782012373209, 0.07972600311040878, 0.002690363908186555, 0.06271681934595108, 0.01264001801609993, 0.09694269299507141, 0.07057565450668335, 0.05375878885388374, 0.07082255929708481, 0.008691648952662945, 0.006197532173246145]"
F5,"[0.04254920780658722, 0.09480311721563339, 0.06332112103700638, 0.013484666123986244, 0.043590378016233444, 0.06041843444108963, 0.04662675783038139, 0.05902821943163872, 0.008473766967654228, 0.17136447131633759, 0.0011529122712090611, 0.09976769983768463, 0.10079693794250488, 0.07784020900726318, 0.06814467906951904, 0.041975416243076324, 0.05022183433175087, 0.08244670927524567, 0.021678391844034195, 0.09038963913917542, 0.08192502707242966, 0.05339120328426361, 0.1087159737944603, 0.006339040584862232, 0.03569420427083969, 0.03669352829456329, 0.012149927206337452, 0.02970033325254917, 0.09825567156076431, 0.07361110299825668, 0.10414893925189972, 0.014436782337725163, 0.11179252713918686, 0.0690700113773346, 0.06134912744164467, 0.06833187490701675, 0.03865350782871246, 0.053713731467723846, 0.020525826141238213, 0.08292172104120255, 0.06194283440709114, 0.008780988864600658, 0.07529038935899734, 0.043006833642721176, 0.12781432271003723, 0.02151378057897091, 0.007920712232589722, 0.0427083745598793, 0.07934877276420593, 0.04900383576750755, 0.09972010552883148, 0.1575227826833725, 0.006914474535733461, 0.12488722801208496, 0.05380040034651756, 0.05705685168504715, 0.024427171796560287, 0.005393737927079201, 0.0943496897816658, 0.06673076748847961, 0.0325300469994545, 0.12231634557247162, 0.01306966319680214, 0.011426524259150028, 0.07161613553762436, 0.027484191581606865, 0.12230591475963593, 0.13103552162647247, 0.0025346155744045973, 0.02431301400065422, 0.04102145507931709, 0.006267002783715725, 0.11317482590675354, 0.05597243085503578, 0.06550314277410507, 0.10316451638936996, 0.01691487804055214, 0.07533483952283859, 0.053116586059331894, 0.10576774179935455, 0.0995030328631401, 0.07021340727806091, 0.013301629573106766, 0.13834239542484283, 0.16809916496276855, 0.047837600111961365, 0.05620330572128296, 0.02699487842619419, 0.0837581604719162, 0.025891868397593498, 0.17367814481258392, 0.07175096869468689, 0.03982248157262802, 0.0849027931690216, 0.02756720967590809, 0.0880301296710968, 0.003519917605444789, 0.04451657086610794, 0.10813652724027634, 0.07104628533124924, 0.016861537471413612, 0.05933314934372902, 0.12097740918397903, 0.11926108598709106, 0.029434703290462494, 0.07634636759757996, 0.015631087124347687, 0.004957972094416618, 0.049266330897808075, 0.06045978516340256, 0.14377039670944214, 0.09808850288391113, 0.025137873366475105, 0.050448425114154816, 0.029044341295957565, 0.09701824188232422, 0.010417592711746693, 0.144254669547081, 0.06258014589548111, 0.058981459587812424, 0.10160090029239655, 0.11140913516283035, 0.09263885766267776, 0.02829509600996971, 0.07723132520914078, 0.1018543541431427, 0.05167686194181442, 0.006530484184622765]"
F6,"[0.035619862377643585, 0.06211869791150093, 0.01991983689367771, 0.025374125689268112, 0.035273049026727676, 0.058518826961517334, 0.03020283952355385, 0.045487258583307266, 0.03345164284110069, 0.06295445561408997, 0.015390236862003803, 0.014071212150156498, 0.09529189020395279, 0.04636792093515396, 0.04394238442182541, 0.025900082662701607, 0.036289528012275696, 0.010393857024610043, 0.005428438074886799, 0.009869501926004887, 0.013495347462594509, 0.007615440990775824, 0.03443119674921036, 0.007393995765596628, 0.0008886129362508655, 0.01872025802731514, 0.06387785077095032, 0.03800825774669647, 0.0367351733148098, 0.004541656468063593, 0.012735927477478981, 0.05547652021050453, 0.04060014709830284, 0.006998744793236256, 0.07676650583744049, 0.020248664543032646, 0.048353999853134155, 0.02334725111722946, 0.0016435559373348951, 0.0474204458296299, 0.010333610698580742, 0.06432322412729263, 0.03860431909561157, 0.02162734977900982, 0.0387202724814415, 0.01991051249206066, 0.0693860799074173, 0.011122800409793854, 0.08788507431745529, 0.04498744755983353, 0.0691261738538742, 0.041438184678554535, 0.008170688524842262, 0.05459127947688103, 0.012351280078291893, 0.006071074865758419, 0.09791990369558334, 0.02061918005347252, 0.023353857919573784, 0.009005708619952202, 0.06044953316450119, 0.028047893196344376, 0.00748093705624342, 0.0016456488519906998, 0.012659182772040367, 0.01632113568484783, 0.059409573674201965, 0.005596644710749388, 0.04628746956586838, 0.035961251705884933, 0.05656125769019127, 0.005328245460987091, 0.06671954691410065, 0.03708630055189133, 0.045006562024354935, 0.04828526824712753, 0.037675876170396805, 0.05202087387442589, 0.015340960584580898, 0.007867572829127312, 0.014142230153083801, 0.04944255203008652, 0.06680363416671753, 0.03946975991129875, 0.04635706916451454, 0.050495728850364685, 0.04203873500227928, 0.048358358442783356, 0.014008871279656887, 0.06272462755441666, 0.05092070624232292, 0.006758309900760651, 0.036138202995061874, 0.07820907235145569, 0.012821640819311142, 0.0678366869688034, 0.08734336495399475, 0.0483088344335556, 0.08136069774627686, 0.04209462180733681, 0.04458663985133171, 0.04099813103675842, 0.006422484293580055, 0.051717936992645264, 0.020658617839217186, 0.03593546897172928, 0.08427800238132477, 0.041514016687870026, 0.011609171517193317, 0.003291406435891986, 0.011584694497287273, 0.03466871380805969, 0.024726716801524162, 0.06323256343603134, 0.09884537756443024, 0.07280746847391129, 0.029683321714401245, 0.034927260130643845, 0.04606262594461441, 0.051324158906936646, 0.00034019738086499274, 0.08848749101161957, 0.008877690881490707, 0.08432160317897797, 0.05599857121706009, 0.08813432604074478, 0.018677450716495514, 0.07174786925315857]"
F7,"[0.1306741088628769, 0.000432660395745188, 0.04901357740163803, 0.05780822038650513, 0.023086708039045334, 0.015723474323749542, 0.060903482139110565, 0.04138956591486931, 0.013374951668083668, 0.015355709940195084, 0.05256972461938858, 0.044211290776729584, 0.07461085170507431, 0.03778117522597313, 0.015409853309392929, 0.0370992086827755, 0.10037613660097122, 0.08997419476509094, 0.03925100713968277, 0.07058629393577576, 0.02388274483382702, 0.00920181442052126, 0.06775985658168793, 0.11429829895496368, 0.07830953598022461, 0.039021264761686325, 0.025434700772166252, 0.06387019902467728, 0.05965691804885864, 0.04237353801727295, 0.09350975602865219, 0.05215907096862793, 0.03919673711061478, 0.015845848247408867, 0.06189066171646118, 0.05061936751008034, 0.013105873018503189, 0.09026318788528442, 0.07617402821779251, 0.017840584740042686, 0.08802026510238647, 0.03237922117114067, 0.03654175251722336, 0.06314259022474289, 0.11081939935684204, 0.05500524863600731, 0.00283300899900496, 0.1003001406788826, 0.012794513255357742, 0.010535405948758125, 0.04155486449599266, 0.017811017110943794, 0.022556189447641373, 0.019190380349755287, 0.013832091353833675, 0.022788487374782562, 0.02780555561184883, 0.05269220843911171, 0.01849396899342537, 0.13130240142345428, 0.03009386733174324, 0.030324596911668777, 0.02622745931148529, 0.1087293028831482, 0.08464330434799194, 0.01628989353775978, 0.01410223264247179, 0.0972520187497139, 0.017628036439418793, 0.013358600437641144, 0.02114579640328884, 0.04766197130084038, 0.021644990891218185, 0.0027034124359488487, 0.018765024840831757, 0.04058271273970604, 0.1251288801431656, 0.03692122548818588, 0.03087432309985161, 0.03037196211516857, 0.07159869372844696, 0.014132698066532612, 0.022033242508769035, 0.0343022346496582, 0.07493109256029129, 0.07524057477712631, 0.054191313683986664, 0.02480490133166313, 0.03691260144114494, 0.019133875146508217, 0.06026338413357735, 0.05032147467136383, 0.006905997171998024, 0.012331223115324974, 0.026017654687166214, 0.038886506110429764, 0.08216041326522827, 0.07930619269609451, 0.07216014713048935, 0.08050312101840973, 0.0022590889129787683, 0.03793024644255638, 0.03243238478899002, 0.05336536839604378, 0.0828896313905716, 0.07065693289041519, 0.030116554349660873, 0.1136828362941742, 0.03127524256706238, 0.08755258470773697, 0.014883031137287617, 0.010889836587011814, 0.08487486094236374, 0.14366719126701355, 0.07329858094453812, 0.07914668321609497, 0.03091472201049328, 0.015799332410097122, 0.061189498752355576, 0.04908561706542969, 0.033888109028339386, 0.08582604676485062, 0.07256276160478592, 0.014677849598228931, 0.11120837181806564, 0.024408679455518723, 0.04342162609100342, 0.05085553601384163]"
F8,"[0.06627573072910309, 0.04579919949173927, 0.021927380934357643, 0.03333829715847969, 0.04422129690647125, 0.089056096971035, 0.06153878942131996, 0.007419005502015352, 0.12163545936346054, 0.09518178552389145, 0.02339061349630356, 0.0061902920715510845, 0.0019453762797638774, 0.01254214160144329, 0.051956888288259506, 0.06244050711393356, 0.0709756389260292, 0.036969348788261414, 0.09975415468215942, 0.08275879174470901, 0.022980619221925735, 0.01532205380499363, 0.1412813514471054, 0.04585209861397743, 0.14623062312602997, 0.07184890657663345, 0.028902126476168633, 0.11149779707193375, 0.0003943934279959649, 0.09246159344911575, 0.01451367512345314, 0.008116177283227444, 0.007600618526339531, 0.042755044996738434, 0.031634099781513214, 0.03930820897221565, 0.0008615335100330412, 0.025831155478954315, 0.010308723896741867, 0.005688200704753399, 0.05220266431570053, 0.04960457608103752, 0.052850984036922455, 0.019946379587054253, 0.01167015265673399, 0.05920138955116272, 0.12400825321674347, 0.0858750268816948, 0.10693899542093277, 0.0014363385271281004, 0.013313270173966885, 0.04648500680923462, 0.08685522526502609, 0.057141151279211044, 0.020955201238393784, 0.032740287482738495, 0.07234363257884979, 0.009185947477817535, 0.11123514920473099, 0.01195084024220705, 0.06532906740903854, 0.15784548223018646, 0.008684725500643253, 0.009766773320734501, 0.07926568388938904, 0.025515059009194374, 0.10093227028846741, 0.07412630319595337, 0.050594866275787354, 0.04301882162690163, 0.021754980087280273, 0.024045582860708237, 0.01190196257084608, 0.11176043003797531, 0.03706980496644974, 0.0012451960938051343, 0.0611974261701107, 0.0005817280616611242, 0.02049255184829235, 0.07016345858573914, 0.03293482959270477, 0.050783198326826096, 0.03359837085008621, 0.0033838641829788685, 0.013431101106107235, 0.010864397510886192, 0.05288513004779816, 0.039094794541597366, 0.06392431259155273, 0.08335912227630615, 0.0008136109099723399, 0.04668761044740677, 0.028232211247086525, 0.08835811167955399, 0.13000448048114777, 0.005011584609746933, 0.0016887058736756444, 0.07155054062604904, 0.029432781040668488, 0.1364845335483551, 0.06678707897663116, 0.05670778825879097, 0.01512718852609396, 0.02319764345884323, 0.11613135039806366, 0.02330796979367733, 0.019174354150891304, 0.047768089920282364, 0.01859218440949917, 0.022665243595838547, 0.021932706236839294, 0.08754028379917145, 0.004854298196732998, 0.09633590281009674, 0.01591145060956478, 0.034612320363521576, 0.12028519064188004, 0.09451340138912201, 0.01787642575800419, 0.0683613196015358, 0.07978297024965286, 0.08704893290996552, 0.03768996521830559, 0.041438110172748566, 0.06447457522153854, 0.06664057075977325, 0.06689529865980148, 0.04262278974056244]"
F9,"[0.02939312532544136, 0.12073462456464767, 0.11679472029209137, 0.015394123271107674, 0.024858713150024414, 0.06533026695251465, 0.02172001451253891, 0.0212046280503273, 0.11856761574745178, 0.10042333602905273, 0.027295779436826706, 0.028891539201140404, 0.07346171885728836, 0.01782415807247162, 0.0752808228135109, 0.045603279024362564, 0.0441594123840332, 0.08003751188516617, 0.02916576899588108, 0.011058920063078403, 0.05241774022579193, 0.047262128442525864, 0.07654127478599548, 0.012464316561818123, 0.003992877434939146, 0.023753125220537186, 0.007499550003558397, 0.01741831935942173, 0.012729895301163197, 0.09313008189201355, 0.031108194962143898, 0.033977627754211426, 0.039070628583431244, 0.002577001228928566, 0.048294395208358765, 0.04686155915260315, 0.03723423555493355, 0.08809809386730194, 0.019496677443385124, 0.0080953324213624, 0.03513151407241821, 0.07152415066957474, 0.0065560839138925076, 0.02696259692311287, 0.03753824532032013, 0.06067566201090813, 0.04716955125331879, 0.02033405564725399, 0.047185882925987244, 0.08341609686613083, 0.17327934503555298, 0.05420365557074547, 0.030098579823970795, 0.06686130911111832, 0.007460102438926697, 0.13260138034820557, 0.00831899605691433, 0.11147353053092957, 0.03265969082713127, 0.0773078054189682, 0.007950164377689362, 0.09374190121889114, 0.013894006609916687, 0.01315136905759573, 0.04480187967419624, 0.04055873304605484, 0.10441822558641434, 0.003033306449651718, 0.0780799612402916, 0.04780788719654083, 0.02703242190182209, 0.006017112638801336, 0.046634335070848465, 0.058159809559583664, 0.04828831925988197, 0.08379550278186798, 0.06189809739589691, 0.12635472416877747, 0.09841259568929672, 0.0342974029481411, 0.11151938140392303, 0.040666062384843826, 0.02693704143166542, 0.054648980498313904, 0.06140829995274544, 0.11073220521211624, 0.03026045672595501, 0.04117899015545845, 0.04217103496193886, 0.07622049003839493, 0.02118060551583767, 0.0660952553153038, 0.07076627016067505, 0.04921074956655502, 0.10388544946908951, 0.08502119779586792, 0.12749752402305603, 0.010391195304691792, 0.012098971754312515, 0.040621716529130936, 0.0386199876666069, 0.13236187398433685, 0.04057159274816513, 0.07636090368032455, 0.08587156981229782, 0.013125433586537838, 0.023089999333024025, 0.031378068029880524, 0.0029451814480125904, 0.00831411313265562, 0.1378478854894638, 0.11326723545789719, 0.022914819419384003, 0.001775416312739253, 0.007809027098119259, 0.0027123219333589077, 0.002061881823465228, 0.032607607543468475, 0.0067176418378949165, 0.04722204804420471, 0.08286751806735992, 0.07230401039123535, 0.020945845171809196, 0.06418699026107788, 0.0011460552923381329, 0.034527506679296494, 0.04944370314478874, 0.0524769052863121]"
F10,"[0.10521256178617477, 0.03542426973581314, 0.0715256780385971, 0.10390058904886246, 0.16672062873840332, 0.1358921080827713, 0.0039019668474793434, 0.03788748010993004, 0.05069011077284813, 0.027515001595020294, 0.14718647301197052, 0.0964098572731018, 0.07866669446229935, 0.009570203721523285, 0.05738075077533722, 0.0477757602930069, 0.12464050203561783, 0.09046618640422821, 0.06197657808661461, 0.14637090265750885, 0.10295362770557404, 0.07215560227632523, 0.05921904742717743, 0.06420666724443436, 0.02006332203745842, 0.08325360715389252, 0.0054317377507686615, 0.12517030537128448, 0.0223104115575552, 0.007372139021754265, 0.12034934759140015, 0.01432802900671959, 0.09503210335969925, 0.008571778424084187, 0.08339830487966537, 0.09138818085193634, 0.03710870072245598, 0.012882116250693798, 0.0415097177028656, 0.04027680680155754, 0.14065741002559662, 0.05662335827946663, 0.03203403949737549, 0.04190010577440262, 0.0032681517768651247, 0.009867739863693714, 0.06649915874004364, 0.061393242329359055, 0.1324479728937149, 0.022982357069849968, 0.06257538497447968, 0.0013959934003651142, 0.07194355130195618, 0.036257337778806686, 0.036556363105773926, 0.015337382443249226, 0.006247396115213633, 0.10080171376466751, 0.060177240520715714, 0.11156503111124039, 0.09093745797872543, 0.0026401092763990164, 0.0030181051697582006, 0.014776626601815224, 0.05713997408747673, 0.02926025167107582, 0.025548739358782768, 0.02405843883752823, 0.07845542579889297, 0.0023692846298217773, 0.0621989369392395, 0.017704740166664124, 0.13526181876659393, 0.06405720114707947, 0.038593679666519165, 0.03402393311262131, 0.08819524943828583, 0.008216336369514465, 0.008226555772125721, 0.031615208834409714, 0.006227379199117422, 0.03245943412184715, 0.12275256961584091, 0.05403235927224159, 0.05651874840259552, 0.0709482729434967, 0.07618293911218643, 0.15333545207977295, 0.05823197215795517, 0.11120662838220596, 0.013603412546217442, 0.03235803171992302, 0.17170077562332153, 0.06362728774547577, 0.12346513569355011, 0.06366278231143951, 0.05542799457907677, 0.029075488448143005, 0.11583520472049713, 0.07582632452249527, 0.04629825800657272, 0.033581748604774475, 0.030540354549884796, 0.07051615417003632, 0.06130211800336838, 0.030673474073410034, 0.04064003378152847, 0.11508262157440186, 0.07872184365987778, 0.07776172459125519, 0.08599866926670074, 0.013108448125422001, 0.037502165883779526, 0.09487366676330566, 0.019963137805461884, 0.05039136856794357, 0.12431357055902481, 0.10069850087165833, 0.10856416076421738, 0.15570615231990814, 0.1330397129058838, 0.09291117638349533, 0.09854322671890259, 0.1085134819149971, 0.047503940761089325, 0.12048656493425369, 0.0717383474111557, 0.05365487188100815]"
F11,"[0.0216054767370224, 0.0699121356010437, 0.05655860900878906, 0.07428011298179626, 0.08793383091688156, 0.023747490718960762, 0.02534662000834942, 0.039430782198905945, 0.08036759495735168, 0.009461421519517899, 0.025445502251386642, 0.04038001224398613, 0.009180866181850433, 0.0649530366063118, 0.048852041363716125, 0.017214175313711166, 0.012625133618712425, 0.0976007729768753, 0.0776667520403862, 0.052877772599458694, 0.03984216973185539, 0.03727683052420616, 0.049518074840307236, 0.025005556643009186, 0.09295842051506042, 0.014828313142061234, 0.03073161095380783, 0.018256958574056625, 0.0724262148141861, 0.034040417522192, 0.09542142599821091, 0.07975652813911438, 0.022305157035589218, 0.003921722061932087, 0.07732143998146057, 0.04218881577253342, 0.012301844544708729, 0.05712209641933441, 0.053711600601673126, 0.0020605844911187887, 0.08924484997987747, 0.06855077296495438, 0.006800818257033825, 0.016651036217808723, 0.03769514709711075, 0.01255757175385952, 0.055083997547626495, 0.07019304484128952, 0.0041750334203243256, 0.09249477833509445, 0.010541466064751148, 0.08135788887739182, 0.06387194246053696, 0.03283862769603729, 0.05079483240842819, 0.009491747245192528, 0.03260856121778488, 0.0813446119427681, 0.0025886117946356535, 0.06862977147102356, 0.0395531989634037, 0.05567402392625809, 0.006558367982506752, 0.09154479205608368, 0.07592704892158508, 0.00022581258963327855, 0.0018628129037097096, 0.0027847702149301767, 0.022942759096622467, 0.02193639613687992, 0.0023124725557863712, 0.07605791091918945, 0.06062689423561096, 0.0908389762043953, 0.010131072252988815, 0.06765730679035187, 0.09496670961380005, 0.10809068381786346, 0.0721437931060791, 0.03995131701231003, 0.01123538613319397, 0.028767526149749756, 0.08343484997749329, 0.06189730763435364, 0.0356888510286808, 0.0002889414899982512, 0.033528562635183334, 0.0485960878431797, 0.05153680220246315, 0.039219930768013, 0.029673434793949127, 6.882675279484829e-06, 0.04138237610459328, 0.01310062687844038, 0.06266551464796066, 0.05361247807741165, 0.0946781113743782, 0.04467380419373512, 0.029296448454260826, 0.02509390190243721, 0.06778114289045334, 0.10753968358039856, 0.018512941896915436, 0.0637500137090683, 0.06407877057790756, 0.032758887857198715, 0.018063873052597046, 0.0870596244931221, 0.056051310151815414, 0.03600708395242691, 0.00014595180982723832, 0.032827623188495636, 0.06756793707609177, 0.023114582523703575, 0.031054917722940445, 0.01769331656396389, 0.06722275912761688, 0.06323029845952988, 0.03933202847838402, 0.03739563003182411, 0.019365442916750908, 0.04484532028436661, 0.0791379064321518, 0.10180573910474777, 0.027734212577342987, 0.03287952020764351, 0.00870821438729763, 0.07389125972986221]"
F12,"[0.06420876830816269, 0.05352255329489708, 0.05453359708189964, 0.06123843416571617, 0.03845587372779846, 0.0518021397292614, 0.028318345546722412, 0.005534252617508173, 0.05231689661741257, 0.042629774659872055, 0.06389227509498596, 0.07534889131784439, 0.03998852148652077, 0.09941182285547256, 0.010692141950130463, 0.0006859205313958228, 0.09919165819883347, 0.004627527669072151, 0.04994894564151764, 0.045101284980773926, 0.033159393817186356, 0.043914325535297394, 0.11866235733032227, 0.014025470241904259, 0.03283260017633438, 0.09490569680929184, 0.04066464304924011, 0.025995435193181038, 0.007548254914581776, 0.05110125616192818, 0.03382439911365509, 0.031210562214255333, 0.04876582697033882, 0.07494955509901047, 0.010812943801283836, 0.05815231800079346, 0.017631789669394493, 0.010092396289110184, 0.07101379334926605, 0.07268930971622467, 0.06030404567718506, 0.033328041434288025, 0.04226238653063774, 0.012735838070511818, 0.08589105308055878, 0.03328492119908333, 0.1069912314414978, 0.03026944026350975, 0.07596279680728912, 0.0035129226744174957, 0.014237120747566223, 0.09051553159952164, 0.03279682993888855, 0.028505507856607437, 0.010143687017261982, 0.040604367852211, 0.02206876128911972, 0.08968281000852585, 0.005624143406748772, 0.07245924323797226, 0.04546051472425461, 0.026218894869089127, 0.07635460793972015, 0.061520159244537354, 0.09329936653375626, 0.0036935596726834774, 0.03950171172618866, 0.03921393305063248, 0.07727926969528198, 0.05458853393793106, 0.07904501259326935, 0.04766993969678879, 0.038769349455833435, 0.08640407770872116, 0.00041434692684561014, 0.0003385032759979367, 0.017414454370737076, 0.0385255329310894, 0.06577982753515244, 0.03141532838344574, 0.013514451682567596, 0.048206474632024765, 0.028618888929486275, 0.01148789282888174, 0.0023120036348700523, 0.06783522665500641, 0.05822870507836342, 0.03259962424635887, 0.05801481008529663, 0.017556117847561836, 0.0073707024566829205, 0.011322746984660625, 0.0627710372209549, 0.09278391301631927, 0.04688545688986778, 0.09835368394851685, 0.006813238840550184, 0.048269834369421005, 0.04095560684800148, 0.05754232034087181, 0.01880974881350994, 0.010241498239338398, 0.03905355557799339, 0.06507662683725357, 0.010516908951103687, 0.0014162911102175713, 0.05579422041773796, 0.015431717969477177, 0.010005038231611252, 0.06856639683246613, 0.0333574153482914, 0.0375608392059803, 0.06471221894025803, 0.043479546904563904, 0.03531365469098091, 0.03306726738810539, 0.026448916643857956, 0.011950782500207424, 0.05278788506984711, 0.03286340832710266, 0.01770945079624653, 0.08584563434123993, 0.024248123168945312, 0.0501101091504097, 0.009637015871703625, 0.008330139331519604, 0.033694978803396225, 0.01560948509722948]"
F13,"[0.1026403158903122, 0.0284474678337574, 0.06064359098672867, 0.1538914144039154, 0.15600010752677917, 0.0197361521422863, 0.024689065292477608, 0.1181979775428772, 0.11371529847383499, 0.00018110880046151578, 0.15507861971855164, 0.04118189215660095, 0.0690566673874855, 0.09237323701381683, 0.12895210087299347, 0.05748174339532852, 0.01835966669023037, 0.0075923181138932705, 0.014396044425666332, 0.07620570808649063, 0.0181208997964859, 0.09466268122196198, 0.10735874623060226, 0.11099027842283249, 0.030810674652457237, 0.08914469927549362, 0.08233088254928589, 0.030609723180532455, 0.008802804164588451, 0.0969306230545044, 0.06682229042053223, 0.017602281644940376, 0.12182497978210449, 0.009812033735215664, 0.12355279922485352, 0.1225305125117302, 0.1315717250108719, 0.1847091019153595, 0.012781969271600246, 0.010045989416539669, 0.12966658174991608, 0.0003395309904590249, 0.014809386804699898, 0.026038026437163353, 0.11889899522066116, 0.0733221098780632, 0.05440732464194298, 0.00459938682615757, 0.1512969434261322, 0.02375488355755806, 0.09111825376749039, 0.07028351724147797, 0.05990609526634216, 0.04543541744351387, 0.001647515338845551, 0.003629885846748948, 0.10274090617895126, 0.049341652542352676, 0.018843669444322586, 0.16708379983901978, 0.02099027670919895, 0.011055395938456059, 0.0706452950835228, 0.09543094038963318, 0.001321233925409615, 0.09237923473119736, 0.06462251394987106, 0.08971075713634491, 0.13847395777702332, 0.1233493760228157, 0.006483198143541813, 0.04608326777815819, 0.06473782658576965, 0.08782528340816498, 0.05861946940422058, 0.05284624919295311, 0.1311272233724594, 0.05581189692020416, 0.030998339876532555, 0.006803595460951328, 0.030235420912504196, 0.07213513553142548, 0.0059378002770245075, 0.007684125564992428, 0.13074800372123718, 0.00848210696130991, 0.06644251942634583, 0.05487582087516785, 0.03906137868762016, 0.08703220635652542, 0.016314225271344185, 0.03271210566163063, 0.18568414449691772, 0.00023635260004084557, 0.04690565913915634, 0.016300886869430542, 0.0020269439555704594, 0.012717113830149174, 0.010783705860376358, 0.024042312055826187, 0.05049214884638786, 0.00593281164765358, 0.09090098738670349, 0.03111303597688675, 0.06319663673639297, 0.09150539338588715, 0.039010390639305115, 0.05245976895093918, 0.07346317172050476, 0.03570583462715149, 0.07207515090703964, 0.05748152360320091, 0.05140068009495735, 0.11386030167341232, 0.06425238400697708, 0.06033312529325485, 0.0004033164295833558, 0.011627407744526863, 0.004191400483250618, 0.06010553985834122, 0.029153143987059593, 0.019012020900845528, 0.1508680284023285, 0.021993590518832207, 0.036222100257873535, 0.16971099376678467, 0.010934130288660526, 0.029794612899422646]"
F14,"[0.020863255485892296, 0.004745917860418558, 0.01141087245196104, 0.025481659919023514, 0.04367288202047348, 0.020859044045209885, 0.04441997408866882, 0.055834684520959854, 0.009780451655387878, 0.016564244404435158, 0.027226900681853294, 0.04521961510181427, 0.031195593997836113, 0.027967233210802078, 0.05253683030605316, 0.0030036461539566517, 0.05613899603486061, 0.021763326600193977, 0.025876769796013832, 0.006508791819214821, 0.045605845749378204, 0.035329148173332214, 0.030473759397864342, 0.00886051170527935, 0.0351685993373394, 0.008912015706300735, 0.009737782180309296, 0.04548094421625137, 0.03958902880549431, 0.012425913475453854, 0.008539088070392609, 0.04498971998691559, 0.033143192529678345, 0.03351355716586113, 0.03630959615111351, 0.03115934319794178, 0.0598110556602478, 0.04721984267234802, 0.03351763263344765, 0.04247190058231354, 0.034706808626651764, 0.012759741395711899, 0.007439347915351391, 0.0698574110865593, 0.059095598757267, 0.01742735505104065, 0.027910266071558, 0.01565486751496792, 0.0052799624390900135, 0.03828253969550133, 0.036279354244470596, 0.00785738229751587, 0.028231080621480942, 0.01359387394040823, 0.031448159366846085, 0.012706547975540161, 0.015708468854427338, 0.020290786400437355, 0.0032889528665691614, 0.04993392899632454, 0.038264092057943344, 0.027722839266061783, 0.011505980044603348, 0.03957855701446533, 0.0062774610705673695, 0.0013350679073482752, 0.03979474678635597, 0.022289548069238663, 0.012098110280930996, 0.05491208657622337, 0.07856768369674683, 0.03688573092222214, 0.07367102056741714, 0.007554273586720228, 0.03344189003109932, 0.019832437857985497, 0.012815271504223347, 0.02300512231886387, 0.03046642802655697, 0.0024843323044478893, 0.004129061475396156, 0.03381769359111786, 0.028875870630145073, 0.0385536290705204, 0.06096354499459267, 0.011169723235070705, 0.03998592495918274, 0.00027723514358513057, 0.04183362424373627, 0.02680114284157753, 0.002713884459808469, 0.019677158445119858, 0.0036864643916487694, 0.0036019249819219112, 0.02803655155003071, 0.030540097504854202, 0.024452313780784607, 0.011616384610533714, 0.007399757392704487, 0.01652422733604908, 0.007643763441592455, 0.0022724142763763666, 0.035664964467287064, 0.006621021311730146, 0.00558976735919714, 0.004923732485622168, 0.02899305336177349, 0.05860090255737305, 0.018756896257400513, 0.014284179545938969, 0.0393664576113224, 0.01118865329772234, 0.029614122584462166, 0.011008907109498978, 0.009664495475590229, 0.052006009966135025, 0.005642639007419348, 0.04520699009299278, 0.013672517612576485, 0.03390935808420181, 0.037092458456754684, 0.01900654286146164, 0.032853297889232635, 0.020879752933979034, 0.020732620730996132, 0.01571103371679783, 0.018291406333446503, 0.030609598383307457]"
F15,"[0.026615722104907036, 0.07460049539804459, 0.06690701842308044, 0.0557643324136734, 0.06917893141508102, 0.07631160318851471, 0.057339638471603394, 0.06318515539169312, 0.03130056709051132, 0.0894320011138916, 0.04097448289394379, 0.08597875386476517, 0.12324868142604828, 0.1557079702615738, 0.07763301581144333, 0.10085488110780716, 0.11312269419431686, 0.06120830029249191, 0.001261318102478981, 0.02434314228594303, 0.037485331296920776, 0.11281611025333405, 0.15508127212524414, 0.08129613846540451, 0.018507644534111023, 0.0002509758051019162, 0.01517151203006506, 0.0553082600235939, 0.06877175718545914, 0.16402322053909302, 0.018170034512877464, 0.08983933925628662, 0.03651619330048561, 0.0034206018317490816, 0.06925919651985168, 0.03222891315817833, 0.034961454570293427, 0.033715732395648956, 0.00231631170026958, 0.09826257824897766, 0.030531026422977448, 0.06171116605401039, 0.11533727496862411, 0.06267029047012329, 0.10462348908185959, 0.05126956105232239, 0.023526132106781006, 0.004722168669104576, 0.0637616366147995, 0.072627954185009, 0.005858449265360832, 0.008092470467090607, 0.0062849861569702625, 0.02236262522637844, 0.08534452319145203, 0.027918616309762, 0.060126543045043945, 0.034888122230768204, 0.017335020005702972, 0.03188202902674675, 0.09009487926959991, 0.16494014859199524, 0.07565674930810928, 0.01636274717748165, 0.03913138434290886, 0.06411191821098328, 0.06160730496048927, 0.001913948100991547, 0.030865857377648354, 0.05648185685276985, 0.052242666482925415, 0.06093784421682358, 0.02608194574713707, 0.07928027957677841, 0.09342195838689804, 0.06605920940637589, 0.07262706011533737, 0.008811387233436108, 0.005586604122072458, 0.03502115607261658, 0.07743409276008606, 0.0023266677744686604, 0.10217064619064331, 0.010956746526062489, 0.03506283462047577, 0.12695364654064178, 0.031027527526021004, 0.07502910494804382, 0.006826682481914759, 0.13113990426063538, 0.10941775888204575, 0.02579525113105774, 0.023089753463864326, 0.1327211707830429, 0.04546672850847244, 0.07300151139497757, 0.001259575947187841, 0.06645375490188599, 0.01196075975894928, 0.11844178289175034, 0.04150178283452988, 0.04589768871665001, 0.05065839737653732, 0.08539535850286484, 0.02784986048936844, 0.03938404098153114, 0.10672590881586075, 0.05789324268698692, 0.02705332636833191, 0.036764807999134064, 0.09444689005613327, 0.045633550733327866, 0.07322496175765991, 0.019611123949289322, 0.10647247731685638, 0.12035369873046875, 0.003764183260500431, 0.017790762707591057, 0.013814711011946201, 0.08931753039360046, 0.062002114951610565, 0.02528376132249832, 0.023949621245265007, 0.02444029599428177, 0.031496938318014145, 0.11237544566392899, 0.006896883249282837, 0.05404248833656311]"
F16,"[0.09023510664701462, 0.040633171796798706, 0.07056762278079987, 0.01577918604016304, 0.04784778505563736, 0.029119081795215607, 0.014280812814831734, 0.08102624863386154, 0.007168623618781567, 0.011965936981141567, 0.005810188129544258, 0.07921433448791504, 0.08447860181331635, 0.05316142737865448, 0.007377476431429386, 0.04862218350172043, 0.05104595422744751, 0.06401173025369644, 0.03641718253493309, 0.05318422615528107, 0.07722704857587814, 0.12846305966377258, 0.010206462815403938, 0.014993399381637573, 0.07857862114906311, 0.07521504908800125, 0.0005387418204918504, 0.0474323108792305, 0.03707345575094223, 0.0023846926633268595, 0.026351187378168106, 0.12442825734615326, 0.10606516152620316, 0.07225074619054794, 0.019143378362059593, 0.022477567195892334, 0.04438163712620735, 0.11673212796449661, 0.09985668957233429, 0.03472837060689926, 0.08475358039140701, 0.06065595895051956, 0.0012516590068116784, 0.08838579058647156, 0.05029748007655144, 0.05289812386035919, 0.00320701883174479, 0.0622718445956707, 0.00036921032005921006, 0.08293718099594116, 0.13409234583377838, 0.09685105830430984, 0.08944564312696457, 0.025231152772903442, 0.00031208372092805803, 0.000791506958194077, 0.0688718631863594, 0.046624135226011276, 0.10364922136068344, 0.04564730077981949, 0.01761232689023018, 0.037952955812215805, 0.008017322048544884, 0.008467662148177624, 0.027681926265358925, 0.034369587898254395, 0.09682706743478775, 0.15012240409851074, 0.17081092298030853, 0.03279339149594307, 0.07259122282266617, 0.04611395299434662, 0.025901691988110542, 0.11979306489229202, 0.09207729995250702, 0.051736701279878616, 0.12242022156715393, 0.026853226125240326, 0.08163302391767502, 0.0248686745762825, 0.02102995477616787, 0.115606889128685, 0.05755503475666046, 0.06498218327760696, 0.004835436120629311, 0.0023114136420190334, 0.012758282013237476, 0.11751286685466766, 0.050138410180807114, 0.04513832926750183, 0.0065588317811489105, 0.0846346840262413, 0.022282762452960014, 0.004994583316147327, 0.02478432096540928, 0.010066522285342216, 0.022170204669237137, 0.0013945837272331119, 0.03376549109816551, 0.08057565242052078, 0.0008210627711378038, 0.14330695569515228, 0.07300553470849991, 0.0827794224023819, 0.014635575003921986, 0.04769221320748329, 0.1114552840590477, 0.05804013833403587, 0.07553933560848236, 0.08877688646316528, 0.025896921753883362, 0.027280425652861595, 0.059228431433439255, 0.018362296745181084, 0.01710144244134426, 0.1364174485206604, 0.13188859820365906, 0.1918252408504486, 0.06592237204313278, 0.03136477246880531, 0.1206292062997818, 0.11550531536340714, 0.03125740587711334, 0.056608498096466064, 0.03157057985663414, 0.08421718329191208, 0.07371414452791214, 0.06725144386291504]"
F17,"[0.1070222482085228, 0.07460378855466843, 0.04857504740357399, 0.041976816952228546, 0.0235158558934927, 0.045969776809215546, 0.010454274713993073, 0.02342631109058857, 0.012046176008880138, 0.04592355340719223, 0.008640721440315247, 0.02352830208837986, 0.03581607714295387, 0.09560579061508179, 0.07262147963047028, 0.028090864419937134, 0.08844912797212601, 0.03160709887742996, 0.07115830481052399, 0.05095750465989113, 0.061352189630270004, 0.07790599018335342, 0.03926723822951317, 0.007767148781567812, 0.009053210727870464, 0.09569744765758514, 0.00634744530543685, 0.07286053150892258, 0.05013010650873184, 0.06727186590433121, 0.019210942089557648, 0.06354911625385284, 0.08445201814174652, 0.07867734134197235, 0.01790059730410576, 0.07983307540416718, 0.08017311990261078, 0.09415963292121887, 0.00484939431771636, 0.059538405388593674, 0.0696202889084816, 0.011208480224013329, 0.007186805363744497, 0.060207899659872055, 0.03486620634794235, 0.018709056079387665, 0.014602048322558403, 0.08682224154472351, 0.11158337444067001, 0.025004886090755463, 0.09396276623010635, 0.03909379616379738, 0.0018077337881550193, 0.018412066623568535, 0.03750242665410042, 0.017923464998602867, 0.07432683557271957, 0.11451562494039536, 0.03197441250085831, 0.03385982662439346, 0.017557570710778236, 0.03813401237130165, 0.01055565569549799, 0.05823524296283722, 0.02984284982085228, 0.07599636912345886, 0.015029942616820335, 0.08832179754972458, 0.0925280973315239, 0.07325481623411179, 0.01986600086092949, 0.08588788658380508, 0.004440878052264452, 0.06660929322242737, 0.018313366919755936, 0.014048770070075989, 0.04525453597307205, 0.06626852601766586, 0.03414498642086983, 0.07783970981836319, 0.07912725955247879, 0.06735685467720032, 0.018061211332678795, 0.004383007995784283, 0.09827356040477753, 0.06393743306398392, 0.030393261462450027, 0.02283838950097561, 0.12900622189044952, 0.050508588552474976, 0.033216044306755066, 0.007767513394355774, 0.010241635143756866, 0.10032829642295837, 0.024281999096274376, 0.03039965219795704, 0.012937424704432487, 0.09327170252799988, 0.060898199677467346, 0.0840706154704094, 0.06132996827363968, 0.034524448215961456, 0.03659076616168022, 0.0800391435623169, 0.049165818840265274, 0.008830402046442032, 0.04691675677895546, 0.013630413450300694, 0.0009761889232322574, 0.03629212826490402, 0.02366291545331478, 0.1017468199133873, 0.03545519337058067, 0.05710182338953018, 0.1053660660982132, 0.05561603978276253, 0.06884197145700455, 0.019573992118239403, 0.06879109144210815, 0.00447350088506937, 0.05801491066813469, 0.10209748893976212, 0.08823125809431076, 0.09810064733028412, 0.08877243846654892, 0.013082558289170265, 0.03800562769174576, 0.0144224027171731]"
F18,"[0.01162682380527258, 0.05727051943540573, 0.1126970499753952, 0.011939740739762783, 0.017183393239974976, 0.0061102816835045815, 0.021775484085083008, 0.02765796333551407, 0.08500665426254272, 0.09914501756429672, 0.052478983998298645, 0.0564948245882988, 0.060983240604400635, 0.04704207926988602, 0.030949637293815613, 0.027368692681193352, 0.11144191026687622, 0.09618313610553741, 0.010933957993984222, 0.0287313275039196, 0.02346399426460266, 0.017471447587013245, 0.007742281537503004, 0.07970845699310303, 0.052071575075387955, 0.005846512038260698, 0.013522516936063766, 0.06060313805937767, 0.05027493089437485, 0.07515152543783188, 0.06619678437709808, 0.07455939054489136, 0.0180957093834877, 0.06546453386545181, 0.028704706579446793, 0.047515515238046646, 0.11746405810117722, 0.058060772716999054, 0.08091200888156891, 0.016835061833262444, 0.056512415409088135, 0.059077437967061996, 0.07468032091856003, 0.03621400520205498, 0.06026746332645416, 0.07613902539014816, 0.06727538257837296, 0.07577171921730042, 0.05373309925198555, 0.04842642322182655, 0.031063392758369446, 0.020403344184160233, 0.09066054224967957, 0.10257162153720856, 0.07151693850755692, 0.17604075372219086, 0.0907754972577095, 0.03001326695084572, 0.08943603932857513, 0.022839894518256187, 0.12283499538898468, 0.06562932580709457, 0.08896192908287048, 0.060750581324100494, 0.03972148895263672, 0.0739642083644867, 0.029293272644281387, 0.07097631692886353, 0.07594168931245804, 0.04489769786596298, 0.11578463017940521, 0.005367953330278397, 0.025030212476849556, 0.03524450585246086, 0.059647440910339355, 0.12986765801906586, 0.04055388644337654, 0.1286146342754364, 0.07961437851190567, 0.07630649209022522, 0.09077396243810654, 0.1021346002817154, 0.05794471874833107, 0.030927008017897606, 0.048476580530405045, 0.08677363395690918, 0.10141456127166748, 0.07057803869247437, 0.040064211934804916, 0.06777848303318024, 0.02212199568748474, 0.0455346554517746, 0.01618126966059208, 0.04333406686782837, 0.06649283319711685, 0.038769643753767014, 0.09477750211954117, 0.04976102337241173, 0.09607792645692825, 0.051265884190797806, 0.0014395104954019189, 0.059399716556072235, 0.12904800474643707, 0.07769692689180374, 0.040640413761138916, 0.05763830244541168, 0.027584394440054893, 0.11446396261453629, 0.13411475718021393, 0.0704251080751419, 0.010480547323822975, 0.04133876785635948, 0.10743854194879532, 0.0046961004845798016, 0.03572002053260803, 0.015042304992675781, 0.05376848578453064, 0.006494369823485613, 0.039915718138217926, 0.08287010341882706, 0.05306875333189964, 0.06018434837460518, 0.14441326260566711, 0.034343644976615906, 0.10384075343608856, 0.022316571325063705, 0.07884196937084198, 0.017627274617552757]"
F19,"[0.030445853248238564, 0.0026398482732474804, 0.01863071322441101, 0.010389341972768307, 0.013445290736854076, 0.013296840712428093, 0.020950544625520706, 0.02460634894669056, 0.03053000010550022, 0.018016045913100243, 0.017043931409716606, 0.025057068094611168, 0.013635695911943913, 0.03427154943346977, 0.012375932186841965, 0.003848087042570114, 0.031062573194503784, 0.015710441395640373, 0.018625721335411072, 0.029831698164343834, 0.004901436623185873, 0.03353118151426315, 0.0033643017522990704, 0.009279514662921429, 0.019476983696222305, 0.0020626408513635397, 0.01626540720462799, 0.004353471100330353, 0.003871804103255272, 0.031156230717897415, 0.018295982852578163, 0.01539363618940115, 0.005537448450922966, 0.03168827295303345, 0.017388222739100456, 0.037556834518909454, 0.023635845631361008, 0.0023589010816067457, 0.012935418635606766, 0.0005590970977209508, 0.005287870764732361, 0.01309341099113226, 0.021086687222123146, 0.010654082521796227, 0.0389067642390728, 0.003288635751232505, 0.007813465781509876, 0.01861567236483097, 0.006902738474309444, 0.007867741398513317, 0.017383305355906487, 0.0009445022442378104, 0.0031962948851287365, 0.023103253915905952, 0.019178105518221855, 0.012047589756548405, 0.0036217346787452698, 0.03248172253370285, 0.0026069392915815115, 0.007862013764679432, 0.0028715787921100855, 0.01313193328678608, 0.005753959994763136, 0.010959499515593052, 0.00041948206489905715, 0.014992659911513329, 0.013353998772799969, 0.007814927026629448, 0.004734559450298548, 0.014732233248651028, 0.006132055539637804, 0.013096158392727375, 0.030663762241601944, 0.01637430302798748, 0.007892994210124016, 0.007977893576025963, 0.01801760122179985, 0.012061395682394505, 0.034615688025951385, 0.007215411867946386, 0.02499994821846485, 0.043872084468603134, 0.002237617038190365, 0.006140419747680426, 0.0270838625729084, 0.008555916137993336, 0.04348917305469513, 0.0004819185414817184, 0.018420260399580002, 0.0015905104810371995, 0.01061067171394825, 0.026689141988754272, 0.03427145257592201, 0.017788417637348175, 0.003007291117683053, 0.009231111034750938, 0.004457408096641302, 0.003401713212952018, 0.01463443972170353, 0.012613293714821339, 0.0036836806684732437, 0.013655943796038628, 0.0013806788483634591, 0.007651191204786301, 0.01567545160651207, 0.018153449520468712, 0.0057701836340129375, 0.008334700018167496, 0.007809652015566826, 0.0008722285856492817, 0.006304963491857052, 0.011795812286436558, 0.015605006366968155, 0.0015664445236325264, 0.0030631101690232754, 0.016473868861794472, 0.018797293305397034, 0.007911602966487408, 0.010178124532103539, 0.007841636426746845, 0.006320110522210598, 0.0013892025453969836, 0.0021320057567209005, 0.018731921911239624, 0.009159496054053307, 0.0050527858547866344, 0.0036617775913327932, 0.005830033682286739]"
F20,"[0.0, 0.0, 0.0, 0.0, 0.0, 0.0, 0.0, 0.0, 0.0, 0.0, 0.0, 0.0, 0.0, 0.0, 0.0, 0.0, 0.0, 0.0, 0.0, 0.0, 0.0, 0.0, 0.0, 0.0, 0.0, 0.0, 0.0, 0.0, 0.0, 0.0, 0.0, 0.0, 0.0, 0.0, 0.0, 0.0, 0.0, 0.0, 0.0, 0.0, 0.0, 0.0, 0.0, 0.0, 0.0, 0.0, 0.0, 0.0, 0.0, 0.0, 0.0, 0.0, 0.0, 0.0, 0.0, 0.0, 0.0, 0.0, 0.0, 0.0, 0.0, 0.0, 0.0, 0.0, 0.0, 0.0, 0.0, 0.0, 0.0, 0.0, 0.0, 0.0, 0.0, 0.0, 0.0, 0.0, 0.0, 0.0, 0.0, 0.0, 0.0, 0.0, 0.0, 0.0, 0.0, 0.0, 0.0, 0.0, 0.0, 0.0, 0.0, 0.0, 0.0, 0.0, 0.0, 0.0, 0.0, 0.0, 0.0, 0.0, 0.0, 0.0, 0.0, 0.0, 0.0, 0.0, 0.0, 0.0, 0.0, 0.0, 0.0, 0.0, 0.0, 0.0, 0.0, 0.0, 0.0, 0.0, 0.0, 0.0, 0.0, 0.0, 0.0, 0.0, 0.0, 0.0, 0.0, 0.0]"
F21,"[0.0256283450871706, 0.012795234099030495, 0.08382497727870941, 0.06493618339300156, 0.035273898392915726, 0.003926072735339403, 0.07873048633337021, 0.07006919384002686, 0.05906408280134201, 0.0034554684534668922, 0.05132802203297615, 0.02776508405804634, 0.031056417152285576, 0.10657944530248642, 0.07230950891971588, 0.019549066200852394, 0.03687232732772827, 0.1346556842327118, 0.0720030814409256, 0.07895592600107193, 0.00997540820389986, 0.04210398346185684, 0.00829892698675394, 0.02378423511981964, 0.09024708718061447, 0.09939654916524887, 0.06353740394115448, 0.014134709723293781, 0.017229672521352768, 0.021153582260012627, 0.014808651059865952, 0.027061717584729195, 0.09995557367801666, 0.05064981058239937, 0.029289893805980682, 0.05239136517047882, 0.01646689511835575, 0.005687883589416742, 0.08816967159509659, 0.02343396283686161, 0.0571758858859539, 0.009883374907076359, 0.10181518644094467, 0.024205856025218964, 0.01173827052116394, 0.03757239878177643, 0.07703559845685959, 0.036610983312129974, 0.05122163146734238, 0.02897104248404503, 0.0036805113777518272, 0.05306730419397354, 0.07070726156234741, 0.041305605322122574, 0.016886606812477112, 0.0747237578034401, 0.006506617646664381, 0.05574148893356323, 0.002961098914965987, 0.06226969510316849, 0.08009017258882523, 0.08337576687335968, 0.06850258260965347, 0.07267086952924728, 0.0184293445199728, 0.096312515437603, 0.031175529584288597, 0.0794689878821373, 0.03944176062941551, 0.07055597752332687, 0.0372542142868042, 0.048224881291389465, 0.04457921162247658, 0.047652535140514374, 0.09020096063613892, 0.08819331228733063, 0.04517042636871338, 0.0767170861363411, 0.07402588427066803, 0.013700813986361027, 0.0842619240283966, 0.040723226964473724, 0.014338345266878605, 0.07179390639066696, 0.024393321946263313, 0.06149987131357193, 0.039359334856271744, 0.08616933226585388, 0.055817995220422745, 0.003508541267365217, 0.0290122888982296, 0.033863335847854614, 0.05548948422074318, 0.015090717934072018, 0.03929367661476135, 0.028713354840874672, 0.09398544579744339, 0.014178662560880184, 0.048414021730422974, 0.0446125753223896, 0.0044104112312197685, 0.0887700766324997, 0.06444037705659866, 0.040167033672332764, 0.004008106887340546, 0.048690199851989746, 0.008733997121453285, 0.043503426015377045, 0.029523104429244995, 0.05883093923330307, 0.051684796810150146, 0.04773832857608795, 0.003916442859917879, 0.01182467583566904, 0.06398899853229523, 0.10685286670923233, 0.03039710968732834, 0.017154157161712646, 0.009980444796383381, 0.09863843768835068, 0.0655977725982666, 0.06560996919870377, 0.054502032697200775, 0.07243536412715912, 0.112833172082901, 0.04804152995347977, 0.01882745884358883, 0.10248371213674545]"
F22,"[0.0014543646248057485, 0.002153267851099372, 0.003571151988580823, 0.004026508890092373, 0.0016627347795292735, 0.006373481824994087, 0.002504818607121706, 0.007855650037527084, 0.001692699734121561, 0.01926887221634388, 0.0029269340448081493, 0.016205497086048126, 0.004386167973279953, 0.00792798399925232, 0.0007976802298799157, 0.011633454822003841, 0.005665052682161331, 0.007612715475261211, 0.008681361563503742, 0.003532768227159977, 0.014394983649253845, 0.0022020975593477488, 0.014517031610012054, 0.005999602377414703, 0.00572816701605916, 0.005432286765426397, 0.010784215293824673, 0.004614933393895626, 0.008894897066056728, 0.011242291890084743, 0.006207096390426159, 0.001898745191283524, 0.0053874775767326355, 0.007393378298729658, 0.006176257971674204, 0.001624237629584968, 0.006542467046529055, 0.0033104070462286472, 0.01869519054889679, 0.0048413025215268135, 0.0013574270997196436, 0.007126674056053162, 0.013698403723537922, 0.012253033928573132, 0.0037580665666610003, 0.002661100123077631, 0.010379437357187271, 0.005031717475503683, 0.00762449624016881, 0.011385379359126091, 0.011420979164540768, 0.014504007995128632, 0.01084638386964798, 0.015625908970832825, 0.010020553134381771, 0.005568311084061861, 0.01143960002809763, 0.010370147414505482, 0.012939851731061935, 0.00033799052471295, 0.013720239512622356, 0.003299203934147954, 0.005408816039562225, 0.0023589758202433586, 0.0026912535540759563, 0.0016637041699141264, 0.0011806355323642492, 0.011456295847892761, 0.003627784550189972, 0.003375506727024913, 0.02123391069471836, 0.002803032984957099, 0.010212169028818607, 0.0009092262480407953, 0.0053435987792909145, 0.023890607059001923, 0.0018885527970269322, 0.0007002600468695164, 0.00646230997517705, 0.00527883879840374, 0.0062993476167321205, 0.007707516197115183, 0.015383579768240452, 0.0038874049205332994, 0.0010271810460835695, 0.008348260074853897, 0.0067246053367853165, 0.012397481128573418, 0.016270140185952187, 0.002370501635596156, 0.013064498081803322, 0.004714497365057468, 0.00211046589538455, 0.014335650950670242, 0.015236081555485725, 0.008387617766857147, 0.002258982742205262, 0.0004925749381072819, 0.00022952354629524052, 0.0015575469005852938, 0.003997076768428087, 0.00551938870921731, 0.007247741334140301, 0.005197247490286827, 0.005551363807171583, 0.013482398353517056, 0.0015152753330767155, 0.01713303104043007, 0.012125646695494652, 0.012663429602980614, 0.004504005890339613, 0.00046064271009527147, 0.018408700823783875, 0.012513582594692707, 0.018713347613811493, 0.006913386285305023, 0.0068946173414587975, 0.012647310271859169, 0.004801142029464245, 0.0055389790795743465, 0.010986538603901863, 0.0005305386730469763, 0.006786752957850695, 0.010343009606003761, 0.017990736290812492, 0.0016676827799528837, 0.0038748993538320065, 0.012725441716611385]"
F23,"[0.008523494005203247, 0.009946421720087528, 0.0070538329891860485, 0.014840107411146164, 0.0033898265101015568, 0.02335253730416298, 0.02136903628706932, 0.007817476987838745, 0.004847077652812004, 0.009928672574460506, 0.001160221640020609, 0.007465957663953304, 0.011903317645192146, 0.012190873734652996, 0.00514641497284174, 0.0007193101337179542, 0.017705941572785378, 0.019357936456799507, 0.014434046112000942, 0.00036575651029124856, 0.0055685266852378845, 0.015166403725743294, 0.0003854152746498585, 0.005984277464449406, 0.008554881438612938, 0.02526227943599224, 0.03597879782319069, 0.01432752888649702, 0.014371835626661777, 0.035464465618133545, 0.03502649441361427, 0.00802325177937746, 0.01272679679095745, 0.029279228299856186, 0.025780925527215004, 0.007288787048310041, 0.004119313787668943, 0.00735876802355051, 0.006180198863148689, 0.0013047719839960337, 0.03464154154062271, 0.012273554690182209, 0.00500336242839694, 0.0077283866703510284, 0.027182340621948242, 0.010332985781133175, 0.0018782095285132527, 0.02298094518482685, 0.008170170709490776, 0.004431049805134535, 0.03438321128487587, 0.01950407214462757, 0.007478845771402121, 0.02738996036350727, 0.0005154332611709833, 0.006788117811083794, 0.0010030325502157211, 0.0022861259058117867, 5.9246511227684096e-05, 0.011859576217830181, 0.007287843152880669, 0.0029807884711772203, 0.011181126348674297, 0.00989821832627058, 0.026154037564992905, 0.0008358470513485372, 0.010775799863040447, 0.008399448357522488, 0.013161280192434788, 0.01989898458123207, 0.015291571617126465, 0.009304286912083626, 0.013879192061722279, 0.007046477869153023, 0.011966122314333916, 0.007420166861265898, 0.01442420668900013, 0.03144427388906479, 0.013348686508834362, 0.0059905932284891605, 0.01180250197649002, 0.00924600288271904, 0.01891070231795311, 0.005115225911140442, 0.009171069599688053, 0.018381580710411072, 0.004567434079945087, 0.003267723135650158, 0.01661018282175064, 0.00795749481767416, 0.026826748624444008, 0.01737169548869133, 0.011215147562325, 0.0003409425262361765, 0.024758175015449524, 0.01437675766646862, 0.0061945621855556965, 0.023472946137189865, 0.025151507928967476, 0.011996505782008171, 0.006485384423285723, 0.023260317742824554, 0.019468115642666817, 0.010968200862407684, 0.024573927745223045, 4.225604425300844e-05, 0.01457413099706173, 0.025798484683036804, 0.02078859880566597, 0.015662645921111107, 0.03172995522618294, 0.0076568108052015305, 0.019696326926350594, 0.018055174499750137, 0.007546300534158945, 0.027477385476231575, 0.022802717983722687, 0.03189714252948761, 0.026033766567707062, 0.010607300326228142, 0.00980892963707447, 0.0018044786993414164, 0.012640605680644512, 0.009637855924665928, 0.007173655554652214, 0.007129197474569082, 0.013973080553114414, 0.014109446667134762]"
F24,"[0.02858882024884224, 0.008714375086128712, 0.0028905870858579874, 0.014355798251926899, 0.005881759338080883, 0.004303680267184973, 0.005158316344022751, 0.0078668761998415, 0.011817493475973606, 0.006258526351302862, 0.012156328186392784, 0.0016104948008432984, 0.021336978301405907, 0.0032653461676090956, 0.027408866211771965, 0.01716269738972187, 0.011191793717443943, 0.007812651805579662, 0.007423306815326214, 0.0016183059196919203, 0.028580905869603157, 0.01970141939818859, 0.01577271707355976, 0.006763614248484373, 0.006421294063329697, 0.01512928307056427, 0.006375606171786785, 0.02425767108798027, 0.012498320080339909, 0.010393965989351273, 0.02250431850552559, 0.03046237677335739, 0.0182541124522686, 0.015258416533470154, 0.023446299135684967, 0.009666422381997108, 0.004186094738543034, 0.006100029684603214, 0.011944855563342571, 0.0205183457583189, 0.004635883029550314, 0.02885061874985695, 0.01209209393709898, 0.009849891997873783, 0.008466485887765884, 0.0026964202988892794, 0.005731005687266588, 0.00463212700560689, 0.0024909675121307373, 0.009800342842936516, 0.004683330189436674, 0.014615321531891823, 0.007361814379692078, 0.0009411615319550037, 0.0024141394533216953, 0.002205824013799429, 0.021797580644488335, 0.019932184368371964, 0.019950320944190025, 0.005888862535357475, 0.013079911470413208, 0.018240751698613167, 0.01791318878531456, 0.018068237230181694, 0.00787312351167202, 0.010738424956798553, 0.0035243085585534573, 0.03752899914979935, 0.0012609002878889441, 0.02051718905568123, 0.010189101099967957, 0.01364818587899208, 0.01707303151488304, 0.0189168993383646, 0.02776048518717289, 0.014132801443338394, 0.0033134359400719404, 0.004119661636650562, 0.0029127474408596754, 0.011807671748101711, 0.027959324419498444, 0.005231322254985571, 0.004204282537102699, 0.013802394270896912, 0.012010314501821995, 0.022364746779203415, 0.014807124622166157, 0.00303081888705492, 0.0004768602957483381, 0.0010804267367348075, 0.023577651008963585, 0.024305563420057297, 0.008422229439020157, 0.022064464166760445, 0.007602308876812458, 0.014799926429986954, 0.010351334698498249, 0.01010875590145588, 0.023384682834148407, 0.002935024444013834, 0.007746057119220495, 0.007287789601832628, 0.016480671241879463, 0.0010447022505104542, 0.004838164430111647, 0.005043242126703262, 0.012756399810314178, 0.017718687653541565, 0.0006508349324576557, 0.007520280312746763, 0.013721629045903683, 0.011098646558821201, 0.002480694092810154, 0.003562974277883768, 0.01892191916704178, 0.027898427098989487, 0.022568678483366966, 0.0017305649816989899, 0.010291778482496738, 0.0014137105317786336, 0.00010665732406778261, 0.0033417958766222, 0.01665889099240303, 0.00273514143191278, 0.005264943465590477, 0.022765839472413063, 0.0016835363348945975, 0.0004842277558054775]"
F25,"[0.005230029579252005, 0.0006683313404209912, 0.010236416012048721, 0.008127999491989613, 0.013282503932714462, 0.005483230110257864, 0.006177564617246389, 0.005153667647391558, 0.018092254176735878, 0.01837586611509323, 0.014501750469207764, 0.018796812742948532, 0.008232581429183483, 0.006652906071394682, 0.0037158834747970104, 0.00021194589498918504, 0.0007787529029883444, 0.007373141590505838, 0.003462944645434618, 0.000619089521933347, 0.008478055708110332, 0.008664372377097607, 0.0219831932336092, 0.013197596184909344, 0.0100022554397583, 0.011787602677941322, 0.010703434236347675, 0.004856350366026163, 0.010054860264062881, 0.01140737533569336, 0.019579434767365456, 0.016517745330929756, 0.005858525633811951, 0.0015373859787359834, 0.005361448973417282, 0.004430614877492189, 5.556800533668138e-05, 0.000817449064925313, 0.002231435850262642, 0.0012839927803725004, 0.011591148562729359, 0.003517321776598692, 0.013364710845053196, 0.006046207156032324, 0.008987375535070896, 0.007895286194980145, 0.014993692748248577, 0.00843089446425438, 0.00028970494167879224, 0.006333743222057819, 0.01337324921041727, 0.010941303335130215, 0.011622496880590916, 0.00019367611093912274, 0.015151127241551876, 0.0027638860046863556, 0.00010859274334507063, 0.009436394087970257, 0.011437314562499523, 0.0020040639210492373, 0.01357530988752842, 0.017597205936908722, 0.014355975203216076, 0.0003492211690172553, 0.0022847966756671667, 0.01565336063504219, 0.01135984342545271, 0.009735903702676296, 0.008690880611538887, 0.006732712034136057, 0.001183164189569652, 0.003147898940369487, 0.008737889118492603, 0.0024701589718461037, 0.006013569887727499, 0.003577838186174631, 0.002249759854748845, 0.0050462959334254265, 0.012133942916989326, 0.0010780571028590202, 0.0007171710021793842, 0.018638473004102707, 0.006740592885762453, 0.022248022258281708, 0.007645291276276112, 0.007107966113835573, 0.015423057600855827, 0.014324735850095749, 0.0031963344663381577, 0.019827106967568398, 0.01095316931605339, 0.013310457579791546, 0.01309498306363821, 0.0010643930872902274, 0.00296132848598063, 0.009517169557511806, 0.005524869076907635, 0.0180877223610878, 0.01898917183279991, 0.015059182420372963, 0.008046496659517288, 0.020461343228816986, 0.0021718130446970463, 0.0032568543683737516, 0.004478743765503168, 0.013601044192910194, 0.0061196391470730305, 0.005023560486733913, 0.0038553352933377028, 0.005202844273298979, 0.0019096630858257413, 0.01040340680629015, 0.0050280047580599785, 0.005815851967781782, 0.00041134850471280515, 0.007033044937998056, 0.002631524810567498, 0.003657575463876128, 0.005704985465854406, 0.016742262989282608, 0.02106441557407379, 0.005613101180642843, 0.006613266188651323, 0.0085314204916358, 0.0005514624645002186, 0.018166115507483482, 0.0073481774888932705, 0.010576381348073483]"
F26,"[0.006361794658005238, 0.013866431079804897, 0.015103367157280445, 0.0131024569272995, 0.008342907764017582, 0.014204676263034344, 0.005235377233475447, 0.014855715446174145, 0.00835304893553257, 0.007749272044748068, 0.0032204794697463512, 0.0037801899015903473, 0.008743280544877052, 0.003685979638248682, 0.004406253807246685, 0.010802723467350006, 0.005369734950363636, 0.0009933391120284796, 0.0017582554137334228, 0.013369589112699032, 0.009940638206899166, 0.009564561769366264, 0.022354573011398315, 0.0014493349008262157, 0.0032656898256391287, 0.015256064012646675, 0.018760263919830322, 0.00961819663643837, 0.006455643568187952, 0.0014214677503332496, 0.00833199080079794, 0.011976750567555428, 0.0009424405288882554, 0.0014340592315420508, 0.005848592612892389, 0.018329530954360962, 0.002217161701992154, 0.010728277266025543, 0.010308045893907547, 0.003410153789445758, 0.007626031991094351, 0.008165957406163216, 0.015091490000486374, 0.001306877820752561, 0.0003607640974223614, 0.007959963753819466, 0.013743020594120026, 0.007975749671459198, 0.0044353497214615345, 0.008352086879312992, 0.014408617280423641, 0.015521425753831863, 0.007493852637708187, 0.00704581756144762, 0.007984749972820282, 0.004632844123989344, 0.008310616947710514, 0.00788523256778717, 0.005270249675959349, 0.010022617876529694, 0.005681100767105818, 0.0034769747871905565, 0.0072578610852360725, 0.010281842201948166, 0.00038671441143378615, 0.0029616623651236296, 0.0035167455207556486, 0.004559713415801525, 0.005962426774203777, 0.005014578811824322, 0.014890397898852825, 0.0028325302992016077, 0.0004955340991728008, 0.0007932366570457816, 0.003844429040327668, 0.0015138379530981183, 0.013825608417391777, 0.01133955828845501, 0.003490135772153735, 0.013303235173225403, 0.007771444506943226, 0.016682758927345276, 0.01203945279121399, 0.023423612117767334, 0.022553840652108192, 0.00629707146435976, 0.007019304670393467, 0.0002626335481181741, 0.013955550268292427, 0.01249149814248085, 0.0008783742086961865, 0.011513547040522099, 0.014043916016817093, 0.008911553770303726, 0.0032707208301872015, 0.01764119230210781, 0.0038741102907806635, 0.015155705623328686, 0.017640426754951477, 0.015194916166365147, 0.001115060644224286, 0.008988512679934502, 0.01020052470266819, 0.005218041129410267, 0.007169689983129501, 0.0147425951436162, 0.006369816605001688, 0.0011965737212449312, 0.0031193611212074757, 0.00471162423491478, 0.0005922517157159746, 0.010023550130426884, 0.0023139300756156445, 0.015362389385700226, 0.004078288562595844, 0.00921782199293375, 0.010654987767338753, 0.0015330050373449922, 0.00387305929325521, 0.0036622879561036825, 0.016312837600708008, 0.010654106736183167, 0.006944310385733843, 0.0033471493516117334, 0.011082146316766739, 0.006625074427574873, 0.005783536937087774, 0.0176519975066185]"
F27,"[0.009382028132677078, 0.02051178179681301, 0.004811408929526806, 0.0031767680775374174, 0.00035201781429350376, 0.006173629779368639, 0.0006160582997836173, 0.01606770232319832, 0.02521412819623947, 0.003251719055697322, 0.0002931305207312107, 0.0034130332060158253, 0.0044071669690310955, 0.001028823317028582, 0.023777849972248077, 0.01990605518221855, 0.02086521126329899, 0.0006299939122982323, 0.01072070561349392, 0.0018443790031597018, 0.019960932433605194, 0.006968287285417318, 0.02055869624018669, 0.0028607684653252363, 0.010404055938124657, 0.020415399223566055, 0.0017224419862031937, 0.008421873673796654, 0.016839204356074333, 0.00048067225725390017, 0.006183112971484661, 0.004766375292092562, 0.004013820551335812, 0.012467905879020691, 0.009703578427433968, 0.0008594121900387108, 0.0030079171992838383, 0.014223268255591393, 0.0021027771290391684, 0.010055863298475742, 0.012940630316734314, 0.00860995426774025, 0.02489450015127659, 0.024683859199285507, 0.007521047256886959, 0.024880502372980118, 0.011240196414291859, 0.01868470571935177, 0.005524465348571539, 0.015609716065227985, 0.027733972296118736, 0.015344129875302315, 0.007598582189530134, 0.02303297445178032, 0.006452689878642559, 0.007074734196066856, 0.019980765879154205, 0.009407282806932926, 0.006796983070671558, 0.008933656848967075, 0.0002489607722964138, 0.015659885480999947, 0.004543970804661512, 0.0003914960543625057, 0.009083401411771774, 0.009348414838314056, 0.0036419678945094347, 0.0205446258187294, 0.012899336405098438, 0.014151168055832386, 0.0033002004493027925, 0.008856020867824554, 0.009106532670557499, 0.0049177841283380985, 0.0072586736641824245, 0.006215767469257116, 0.00018626131350174546, 0.005726092495024204, 0.013328584842383862, 0.017117323353886604, 0.0014688518131151795, 0.013793403282761574, 0.021798025816679, 0.014065817929804325, 0.013246769085526466, 0.004961089696735144, 0.0086302999407053, 0.009890603832900524, 0.0070212665013968945, 0.01925356313586235, 0.0016036982415243983, 0.0016489254776388407, 0.0014231313252821565, 0.0010511894943192601, 0.001417714636772871, 0.008960102684795856, 0.006494943983852863, 0.020710747689008713, 0.018070025369524956, 0.02475387416779995, 0.004509040620177984, 0.004405660554766655, 0.020743632689118385, 0.013054892420768738, 0.007927066646516323, 0.0004414257127791643, 0.011182781308889389, 0.00024229018890764564, 0.014899973757565022, 0.012469137087464333, 0.007214659824967384, 0.020272552967071533, 0.00029446688131429255, 0.015237882733345032, 0.02032286673784256, 0.01629612222313881, 0.01861278899013996, 0.017253728583455086, 0.019104870036244392, 0.000349869835190475, 0.011655401438474655, 0.013205816969275475, 0.002337343292310834, 0.00567986024543643, 7.986740820342675e-05, 0.014892187900841236, 0.013369714841246605, 0.013207053765654564]"
F28,"[0.1001937985420227, 0.024142460897564888, 0.027363920584321022, 0.061184123158454895, 0.07015175372362137, 0.10701015591621399, 0.07719393819570541, 0.02372574992477894, 0.0008227292564697564, 0.033060092478990555, 0.05837080627679825, 0.14003504812717438, 0.01476646214723587, 0.03428379073739052, 0.05901264399290085, 0.0926886573433876, 0.03666158765554428, 0.033841148018836975, 0.006682271137833595, 0.029865939170122147, 0.11551985889673233, 0.09622547775506973, 0.12383785843849182, 0.015659498050808907, 0.08759156614542007, 0.09584429860115051, 0.11128558963537216, 0.08866524696350098, 0.015383870340883732, 0.1390904188156128, 0.1080026626586914, 0.10596147179603577, 0.09358954429626465, 0.027302078902721405, 0.04750491678714752, 0.005962991155683994, 0.11571638286113739, 0.10825537890195847, 0.012284784577786922, 0.023920247331261635, 0.03783327713608742, 0.12554462254047394, 0.02619529329240322, 0.016198715195059776, 0.06471062451601028, 0.05131663382053375, 0.049898821860551834, 0.09081590175628662, 0.07820607721805573, 0.05556180328130722, 0.027030354365706444, 0.1176898255944252, 0.020193273201584816, 0.006880356464534998, 0.06217138096690178, 0.10653769969940186, 0.005487915128469467, 0.017078867182135582, 0.05154014378786087, 0.04204028472304344, 0.03698429465293884, 0.07390833646059036, 0.010520266368985176, 0.10552770644426346, 0.039054032415151596, 0.025844106450676918, 0.011184264905750751, 0.02592192403972149, 0.05682272091507912, 0.08048786222934723, 0.007061394397169352, 0.12389425188302994, 0.10249751806259155, 0.06536318361759186, 0.0013073640875518322, 0.15257541835308075, 0.0010240242118015885, 0.013342399150133133, 0.05339205637574196, 0.03319878876209259, 0.03339730203151703, 0.005812420044094324, 0.07679222524166107, 0.05662687122821808, 0.12522616982460022, 0.07493755966424942, 0.08676458150148392, 0.06052218750119209, 0.08284925669431686, 0.04355070739984512, 0.04770483821630478, 0.07290266454219818, 0.009899321012198925, 0.01266864500939846, 0.043593984097242355, 0.029912982136011124, 0.12461557984352112, 0.047360610216856, 0.04182915762066841, 0.08534848690032959, 0.014430982992053032, 0.07724617421627045, 0.14289303123950958, 0.04818430915474892, 0.10242496430873871, 0.06841708719730377, 0.07042177766561508, 0.0009699240908958018, 0.0960678830742836, 0.11214708536863327, 0.08271107822656631, 0.02751862443983555, 0.03974718227982521, 0.024224253371357918, 0.11280650645494461, 0.023477334529161453, 0.010694644413888454, 0.13880600035190582, 0.04089532420039177, 0.07873433083295822, 0.04940228909254074, 0.07584141939878464, 0.0008108930196613073, 0.03757207840681076, 0.08757011592388153, 0.01055788155645132, 0.06639456748962402, 0.09748594462871552]"
F29,"[0.13867352902889252, 0.032374195754528046, 0.07922851294279099, 0.1991962194442749, 0.17937800288200378, 0.1325109750032425, 0.06533178687095642, 0.19127199053764343, 0.10543565452098846, 0.007039451040327549, 0.1609199345111847, 0.14523184299468994, 0.04454478994011879, 0.18013036251068115, 0.11716613918542862, 0.05730622634291649, 0.00678557064384222, 0.05161293223500252, 0.052488964051008224, 0.007583419792354107, 0.14010058343410492, 0.06293107569217682, 0.0498478002846241, 0.1278834342956543, 0.11184830218553543, 0.15776249766349792, 0.09651430696249008, 0.010554324835538864, 0.14215299487113953, 0.0324365571141243, 0.053130049258470535, 0.0589400939643383, 0.15883809328079224, 0.045954253524541855, 0.052726201713085175, 0.07133311778306961, 0.11372983455657959, 0.13799747824668884, 0.17460988461971283, 0.19042158126831055, 0.0419563353061676, 0.07413081079721451, 0.08408929407596588, 0.1889900267124176, 0.07737430185079575, 0.15089918673038483, 0.06508655846118927, 0.09858322143554688, 0.1157212033867836, 0.1943589448928833, 0.03903399035334587, 0.007764737121760845, 0.17949753999710083, 0.07883432507514954, 0.05372590199112892, 0.012756415642797947, 0.19030573964118958, 0.09308499842882156, 0.12399531155824661, 0.08732571452856064, 0.07117653638124466, 0.14276044070720673, 0.07244919240474701, 0.006923731882125139, 0.008511479012668133, 0.09227999299764633, 0.1032399833202362, 0.0491032600402832, 0.18981315195560455, 0.09181615710258484, 0.06946306675672531, 0.08825533092021942, 0.0770963728427887, 0.06962310522794724, 0.03912326693534851, 0.10543662309646606, 0.08640976250171661, 0.017009273171424866, 0.19293354451656342, 0.1360316425561905, 0.0008841322851367295, 0.016662389039993286, 0.055259935557842255, 0.1040588766336441, 0.17240113019943237, 0.00656469538807869, 0.13375595211982727, 0.10332320630550385, 0.0008036336512304842, 0.06773804128170013, 0.0005392583552747965, 0.20334774255752563, 0.158755823969841, 0.09685548394918442, 0.1425458788871765, 0.1850786954164505, 0.008613178506493568, 0.11299048364162445, 0.15171179175376892, 0.06441302597522736, 0.09868914633989334, 0.03119605779647827, 0.06188429892063141, 0.08107151836156845, 0.10428180545568466, 0.08064615726470947, 0.05669817328453064, 0.16371093690395355, 0.10223246365785599, 0.08794818818569183, 0.15601737797260284, 0.055742617696523666, 0.06077887490391731, 0.09122689813375473, 0.05554577708244324, 0.003276248462498188, 0.08940145373344421, 0.03316758945584297, 0.032584384083747864, 0.08298613876104355, 0.04971735551953316, 0.11734475195407867, 0.04212450981140137, 0.07804112881422043, 0.07428018003702164, 0.13903287053108215, 0.09249085932970047, 0.05456805229187012]"
F30,"[0.018880387768149376, 0.06628822535276413, 0.01955666020512581, 0.07409428805112839, 0.00307518825866282, 0.0065085673704743385, 0.03473399579524994, 0.005383554380387068, 0.0936141163110733, 0.019592873752117157, 0.0767708271741867, 0.0327104814350605, 0.07840075343847275, 0.11277148127555847, 0.011714343912899494, 0.08213198930025101, 0.06156088784337044, 0.04185095056891441, 0.08041468262672424, 0.06806638836860657, 0.11380352079868317, 0.04991951584815979, 0.15674366056919098, 0.08433365821838379, 0.10328488051891327, 0.11467672884464264, 0.004449563566595316, 0.13065670430660248, 0.055082231760025024, 0.034033894538879395, 0.013318235985934734, 0.01905813440680504, 0.05205218866467476, 0.05663463473320007, 0.032811038196086884, 0.01020082738250494, 0.08911954611539841, 0.022769063711166382, 0.0005277525051496923, 0.10685115307569504, 0.05354353040456772, 0.010914232581853867, 0.03333931416273117, 0.016616733744740486, 0.015729965642094612, 0.1917436569929123, 0.1655433624982834, 0.061909426003694534, 0.056986596435308456, 0.04132799431681633, 0.022971881553530693, 0.0030896710231900215, 0.13117296993732452, 0.02264367789030075, 0.056744106113910675, 0.054455336183309555, 0.06683041900396347, 0.166239395737648, 0.09011504054069519, 0.05992133915424347, 0.0574205256998539, 0.08622364699840546, 0.17852799594402313, 0.025974109768867493, 0.046707674860954285, 0.10348619520664215, 0.06960374861955643, 0.13483287394046783, 0.14853668212890625, 0.0015658254269510508, 0.07845806330442429, 0.015312140807509422, 0.019906312227249146, 0.05701648071408272, 0.04852348193526268, 0.035159558057785034, 0.10435283184051514, 0.015193711966276169, 0.061820194125175476, 0.058559659868478775, 0.051388632506132126, 0.03413606435060501, 0.07728412747383118, 0.08085517585277557, 0.004618718754500151, 0.02327067218720913, 0.052234064787626266, 0.10524702817201614, 0.11344894766807556, 0.13148564100265503, 0.08123551309108734, 0.05918189883232117, 0.056430358439683914, 0.019423456862568855, 0.03627900034189224, 0.010003466159105301, 0.051999736577272415, 0.03154664859175682, 0.08956406265497208, 0.013375685550272465, 0.005986898206174374, 0.12264583259820938, 0.04984559491276741, 0.05186014622449875, 0.032869480550289154, 0.021717654541134834, 0.06014847382903099, 0.08494003862142563, 0.047480758279561996, 0.04167729616165161, 0.11253741383552551, 0.004167590290307999, 0.008614362217485905, 0.0002224567870143801, 0.03459801524877548, 0.0382416695356369, 0.0251160878688097, 0.11824183911085129, 0.04510655254125595, 0.06462125480175018, 0.02320215478539467, 0.07183777540922165, 0.01844337023794651, 0.022630957886576653, 0.07934708893299103, 0.044098641723394394, 0.05004463344812393, 0.04114368557929993]"
F31,"[0.017195744439959526, 0.016611255705356598, 0.038843438029289246, 0.039366498589515686, 0.023931503295898438, 0.030271686613559723, 0.009735005907714367, 0.035814281553030014, 0.0019139733631163836, 0.04075521230697632, 0.01206186879426241, 0.028021613135933876, 0.02582254633307457, 0.027266457676887512, 0.00028707145247608423, 0.031547240912914276, 0.02998281456530094, 0.005456996150314808, 0.04166986793279648, 0.00607031537219882, 0.01595183275640011, 0.0132752088829875, 0.025957653298974037, 0.012167708948254585, 0.025540735572576523, 0.02384367398917675, 0.03061634674668312, 0.015721561387181282, 0.014259455725550652, 0.023249050602316856, 0.02821464091539383, 0.012572973035275936, 0.0008641092572361231, 0.027810413390398026, 0.02575722336769104, 0.03978198021650314, 0.021091928705573082, 0.001480443635955453, 0.02217046171426773, 0.029583605006337166, 0.007361685857176781, 0.019872628152370453, 0.03345583379268646, 0.009516319260001183, 0.0016304717864841223, 0.03369125351309776, 0.01191988680511713, 0.012477606534957886, 0.006213331129401922, 0.04589689522981644, 0.005159724038094282, 0.009759259410202503, 0.006822105962783098, 0.023675475269556046, 0.0060843792743980885, 0.01769600249826908, 0.012420455925166607, 0.021803492680191994, 0.014381674118340015, 0.03306333348155022, 0.001793583738617599, 0.025634102523326874, 0.004847497213631868, 0.03262830525636673, 0.024119865149259567, 0.0072381156496703625, 0.013104415498673916, 0.016046714037656784, 0.004410791210830212, 0.004280831199139357, 0.002371538430452347, 0.037812456488609314, 0.01669357903301716, 0.0043274033814668655, 0.017472214996814728, 0.04946903511881828, 0.008527824655175209, 0.014344926923513412, 0.033329449594020844, 0.01169280894100666, 0.03167196363210678, 0.011261816136538982, 0.020759593695402145, 0.005673740990459919, 0.020745594054460526, 0.01759139634668827, 0.003567654872313142, 0.04148342087864876, 0.025057800114154816, 0.05222398042678833, 0.020548617467284203, 0.019894998520612717, 0.017053913325071335, 0.013633368536829948, 0.04236379265785217, 0.005465205293148756, 0.006000128109008074, 0.03438274562358856, 0.00549756083637476, 0.039356108754873276, 0.02041880041360855, 0.025269746780395508, 0.007653617300093174, 0.03469475358724594, 0.04265132546424866, 0.011437717825174332, 0.029415391385555267, 0.008845333941280842, 0.010437991470098495, 0.03151782974600792, 0.006435765419155359, 0.01734810322523117, 0.034341953694820404, 0.017301565036177635, 0.029132822528481483, 0.02279808185994625, 0.03928101807832718, 0.04413800314068794, 0.0035656229592859745, 0.01710330694913864, 0.004153350368142128, 0.010566065087914467, 0.01145136822015047, 0.026725275442004204, 0.028737831860780716, 0.02135193534195423, 0.00340208294801414, 0.024200674146413803]"
F32,"[0.004964041989296675, 0.007958171889185905, 0.018428917974233627, 0.0045272293500602245, 0.0033401958644390106, 0.0019371542148292065, 0.010136710479855537, 0.009443109855055809, 0.008915315382182598, 0.011075451970100403, 0.012182486243546009, 0.0054519521072506905, 0.0017911166651174426, 0.009158662520349026, 0.014469071291387081, 0.0016704375157132745, 0.0038351763505488634, 0.025325125083327293, 0.006569231394678354, 0.0016384676564484835, 0.0034818032290786505, 0.010503423400223255, 0.005145756993442774, 0.01798303984105587, 0.0017592599615454674, 0.013000122271478176, 0.002791814971715212, 0.014095541089773178, 0.00843607448041439, 0.013721343129873276, 0.003856947412714362, 0.0033394601196050644, 0.001619246555492282, 0.004418983124196529, 0.001610569073818624, 0.0028249055612832308, 0.009131797589361668, 0.011303781531751156, 0.013786791823804379, 0.009713969193398952, 0.0017571781063452363, 0.01022111065685749, 0.01181790605187416, 0.014849653467535973, 0.0017415196634829044, 0.003958691842854023, 0.009386243298649788, 0.009593896567821503, 0.005794062744826078, 0.004621810745447874, 0.004539654590189457, 0.0030929497443139553, 0.0013271808857098222, 0.0144836800172925, 0.0024086867924779654, 0.01933242194354534, 0.0032512990292161703, 0.0009017818374559283, 0.010257218033075333, 0.015874050557613373, 0.001534743350930512, 0.005035040900111198, 0.005911271087825298, 0.001321242074482143, 0.010938243940472603, 0.011081835255026817, 0.00546242343261838, 0.003494682488963008, 0.008866334334015846, 0.012317930348217487, 0.012593727558851242, 0.011224308051168919, 0.0014272186672315001, 0.015914682298898697, 0.010507427155971527, 0.006574536208063364, 0.011964090168476105, 0.0014676586724817753, 0.004057241603732109, 0.017443319782614708, 0.010165409184992313, 0.010823949240148067, 0.009759249165654182, 0.012243786826729774, 0.010412315838038921, 0.0013878530589863658, 0.009353406727313995, 0.00889972411096096, 0.0034997244365513325, 0.0015248056733980775, 0.0030532320961356163, 0.007868642918765545, 0.00030939243151806295, 0.024204593151807785, 0.0021282753441482782, 0.003570500062778592, 0.00418751360848546, 0.011063349433243275, 0.0056292591616511345, 0.004487102851271629, 0.0016856180736795068, 0.011287994682788849, 0.014815615490078926, 0.013590533286333084, 0.0068785822950303555, 0.01948653720319271, 0.002174012828618288, 0.006877112668007612, 0.004885420203208923, 0.0057161725126206875, 0.011137565597891808, 0.0035382802598178387, 0.014012874104082584, 0.010272749699652195, 0.0074249631725251675, 0.013634677976369858, 0.017276477068662643, 0.007967500016093254, 0.011621633544564247, 0.014674014411866665, 0.025575220584869385, 0.014613248407840729, 0.011501990258693695, 0.00985962338745594, 0.008553310297429562, 0.0015243478119373322, 0.008486459963023663, 0.0005897754454053938]"
F33,"[0.013426720164716244, 0.037246596068143845, 0.0890224277973175, 0.08624239265918732, 0.014501799829304218, 0.02322709560394287, 0.0031638885848224163, 0.056629229336977005, 0.07644744217395782, 0.015932856127619743, 0.006668237037956715, 0.0351591594517231, 2.788972960843239e-05, 0.12070941925048828, 0.058869343250989914, 0.02763938158750534, 0.07586821168661118, 0.0007807132205925882, 0.013646918348968029, 0.09283257275819778, 0.04506134241819382, 0.04268486425280571, 0.05251705273985863, 0.02199164591729641, 0.09338737279176712, 0.06591416895389557, 0.055290933698415756, 0.07740552723407745, 0.0006991307018324733, 0.028721723705530167, 0.10438762605190277, 0.0015383746940642595, 0.006499575916677713, 0.09686220437288284, 0.09407157450914383, 0.03167588636279106, 0.11805201321840286, 0.02561674825847149, 0.07289315015077591, 0.038435161113739014, 0.02950809709727764, 0.08903933316469193, 0.11840059608221054, 0.0839468464255333, 0.04025037959218025, 0.040463585406541824, 0.006198363844305277, 0.05218452587723732, 0.02842252515256405, 0.17696432769298553, 0.0949922502040863, 0.059936292469501495, 0.06889770925045013, 0.07747811824083328, 0.04779835045337677, 0.008673288859426975, 0.06396360695362091, 0.004339583683758974, 0.03082025796175003, 0.014091070741415024, 0.03001059964299202, 0.006620876956731081, 0.019751884043216705, 0.1401904970407486, 0.014674220234155655, 0.11859172582626343, 0.05806386098265648, 0.02789677120745182, 0.04593706503510475, 0.15128940343856812, 0.05286259204149246, 0.13182079792022705, 0.028929224237799644, 0.048733122646808624, 0.12340045720338821, 0.02439041994512081, 0.03714190050959587, 0.022472452372312546, 0.05418168008327484, 0.0983390286564827, 0.009384688921272755, 0.0016435652505606413, 0.0824396014213562, 0.007892885245382786, 0.008102302439510822, 0.07659167796373367, 0.033792875707149506, 0.07654110342264175, 0.1808614432811737, 0.1608401983976364, 0.05836136266589165, 0.030608512461185455, 0.034032534807920456, 0.10165061056613922, 0.10254281759262085, 0.026817593723535538, 0.053462084382772446, 0.12146089226007462, 0.060806918889284134, 0.08592842519283295, 0.06973809748888016, 0.062190499156713486, 0.006264899391680956, 0.019388720393180847, 0.07400905340909958, 0.030614562332630157, 0.03212163969874382, 0.12817253172397614, 0.021022334694862366, 0.004791842307895422, 0.04030647128820419, 0.07259069383144379, 0.06775403767824173, 0.08267994225025177, 0.04196977987885475, 0.13157255947589874, 0.07508831471204758, 0.13003361225128174, 0.14340747892856598, 0.014723213389515877, 0.02490197867155075, 0.018569057807326317, 0.051254790276288986, 0.030386872589588165, 0.11933335661888123, 0.08401081711053848, 0.05132829397916794, 0.1694495677947998]"
F34,"[0.009680545888841152, 4.18879535573069e-05, 0.029727468267083168, 0.03238363191485405, 0.025700055062770844, 0.013356344774365425, 0.02666723169386387, 0.024438736960291862, 0.008819139562547207, 0.04834037274122238, 0.014523178339004517, 0.005903381854295731, 0.025712434202432632, 0.01045428216457367, 0.034099288284778595, 0.0020634999964386225, 0.0014411408919841051, 0.013075243681669235, 0.03542252257466316, 0.02599548175930977, 0.01613452285528183, 0.0026641241274774075, 0.046116963028907776, 0.0008625834016129375, 0.01880837045609951, 0.031416475772857666, 0.01785958930850029, 0.015256593935191631, 0.016664382070302963, 0.016671016812324524, 0.0018343344563618302, 0.01361127756536007, 0.009352965280413628, 0.019362013787031174, 0.029451843351125717, 0.0007009705295786262, 0.037212394177913666, 0.019461043179035187, 0.024175897240638733, 0.019156860187649727, 0.0008323939982801676, 0.041407834738492966, 0.003060084767639637, 0.004411465488374233, 0.03797537088394165, 0.009611953049898148, 0.005919912364333868, 0.01662229374051094, 0.03223738819360733, 0.005145283881574869, 0.010843616910278797, 0.029492318630218506, 0.02630637399852276, 0.0012566933874040842, 0.01065436564385891, 0.009605965577065945, 0.00885741226375103, 0.025985099375247955, 0.011791813187301159, 0.036963652819395065, 0.0152231240645051, 0.03248174861073494, 0.012234792113304138, 0.003960144240409136, 0.03918251022696495, 0.01487160474061966, 0.019061138853430748, 0.03320115804672241, 0.018830232322216034, 0.04294710233807564, 0.004853323567658663, 0.003918322268873453, 0.011120553128421307, 0.019522298127412796, 0.022011173889040947, 0.01763182319700718, 0.0260649174451828, 0.0111426105722785, 0.03859984874725342, 0.014257404021918774, 0.023756513372063637, 0.005471286363899708, 0.00870649702847004, 0.025609757751226425, 0.0028916692826896906, 0.014345181174576283, 0.0027165221981704235, 0.02458418533205986, 0.04037928208708763, 0.026556897908449173, 0.004828413482755423, 0.03513797000050545, 0.007128213066607714, 0.026986418291926384, 0.032057978212833405, 0.02061859890818596, 0.015864260494709015, 0.030903184786438942, 0.03530415892601013, 0.007783109322190285, 0.01929248869419098, 0.00891393143683672, 0.018057527020573616, 0.01928712986409664, 0.013539272360503674, 0.011777465231716633, 0.006598567124456167, 0.0019774858374148607, 0.0034341844730079174, 0.028546802699565887, 0.03465850651264191, 0.026242483407258987, 0.009040923789143562, 0.013046429492533207, 0.02572299726307392, 0.007933561690151691, 0.01062643900513649, 0.0015692184679210186, 0.001584665384143591, 0.024214155972003937, 0.037762489169836044, 0.003385593881830573, 0.0017461890820413828, 0.01371404156088829, 0.0077952053397893906, 0.01644091308116913, 0.027465378865599632, 0.012152784503996372]"
F35,"[0.027191922068595886, 0.0010197702795267105, 0.014862729236483574, 0.02310151420533657, 0.024600496515631676, 0.006193671375513077, 0.023256514221429825, 0.015594017691910267, 0.030011357739567757, 0.0031446032226085663, 0.0033281787764281034, 0.026443934068083763, 0.045600514858961105, 0.03453144431114197, 0.023115314543247223, 0.022099759429693222, 0.00509154936298728, 0.047238871455192566, 0.05938518047332764, 0.024904988706111908, 0.03924183174967766, 0.033151883631944656, 0.054821573197841644, 0.018873779103159904, 0.04604853689670563, 0.012966640293598175, 0.033562786877155304, 0.06265196949243546, 0.028676610440015793, 0.031949687749147415, 0.01638256199657917, 0.012842328287661076, 0.040301449596881866, 0.00968635082244873, 0.02986115776002407, 0.06228923052549362, 0.0271360632032156, 0.0157549399882555, 0.018226245418190956, 0.014875862747430801, 0.010463522747159004, 0.0017454975750297308, 0.018284626305103302, 0.01108640618622303, 0.010203001089394093, 0.008962245658040047, 0.00465649226680398, 0.038272783160209656, 0.04798795282840729, 0.01418372243642807, 0.044274065643548965, 0.03312411159276962, 0.04770529270172119, 0.021593552082777023, 0.04646032303571701, 0.020732339471578598, 0.023038312792778015, 0.0012056524865329266, 0.06628227978944778, 0.010600398294627666, 0.00013659786782227457, 0.02557075396180153, 0.06342325359582901, 0.005443033762276173, 0.040560897439718246, 0.008874809369444847, 0.05116141960024834, 0.024349544197320938, 1.8690125216380693e-05, 0.026374993845820427, 0.034837756305933, 0.03376761078834534, 0.008660750463604927, 0.034349068999290466, 0.00205654907040298, 0.031976405531167984, 0.021103886887431145, 0.029713962227106094, 0.008187603205442429, 0.002937671495601535, 0.013114589266479015, 0.0017806963296607137, 0.028229350224137306, 0.027033541351556778, 0.02960633859038353, 0.04051829129457474, 0.041335638612508774, 0.002689649583771825, 0.010176220908761024, 0.015054946765303612, 0.0027025798335671425, 0.0414184033870697, 0.03006969951093197, 0.0034890417009592056, 0.07710184901952744, 0.04939109459519386, 0.02732187882065773, 0.007144104223698378, 0.013735854998230934, 0.018925700336694717, 0.04199264943599701, 0.06347201764583588, 0.01663673296570778, 0.005215394776314497, 0.03532528132200241, 0.0017839126521721482, 0.008440189994871616, 0.0014061469119042158, 0.05171212553977966, 0.0281786248087883, 0.016291160136461258, 0.027267280966043472, 0.026341212913393974, 0.079046830534935, 0.019085418432950974, 0.020383305847644806, 0.0005233172560110688, 0.009357891045510769, 0.06744508445262909, 0.047664809972047806, 0.03402451425790787, 0.005076345521956682, 0.0021512059029191732, 0.04077771678566933, 0.020583368837833405, 0.011861658655107021, 0.003927747253328562, 0.023369738832116127]"
F36,"[0.006238889880478382, 0.00818827748298645, 0.00019896439334843308, 0.004396482836455107, 0.009987059980630875, 0.005951840430498123, 0.00931495986878872, 0.005605621729046106, 0.005658395122736692, 0.0014641368761658669, 0.0010025654919445515, 0.01004275493323803, 0.0032827556133270264, 0.017289629206061363, 0.0032530566677451134, 0.0029737886507064104, 0.008890104480087757, 0.012960043735802174, 0.0016101597575470805, 0.008132091723382473, 0.011561224237084389, 0.009613830596208572, 0.009489638730883598, 0.00830923393368721, 0.006857064086943865, 0.007773371413350105, 0.014159793965518475, 0.0011907157022505999, 0.004535679239779711, 0.0028949568513780832, 0.00414826488122344, 0.016329487785696983, 0.00341038778424263, 0.005420482251793146, 0.005197219084948301, 0.01647266559302807, 0.0029208979103714228, 0.002999888965860009, 0.01118206512182951, 0.014766339212656021, 0.006562359631061554, 0.00802482757717371, 0.007600456941872835, 0.003172085154801607, 0.0014856908237561584, 0.007741475943475962, 0.0019027861999347806, 0.005854402668774128, 0.010778478346765041, 0.0003731556062120944, 0.008899562992155552, 0.017729556187987328, 0.006718382239341736, 0.0011992278741672635, 0.00882803089916706, 0.001111302524805069, 0.00022901791089680046, 0.004965305794030428, 0.00256267748773098, 0.008848764933645725, 0.015005819499492645, 0.00546396616846323, 0.0040176864713430405, 0.006094096228480339, 0.00288242194801569, 0.0030522607266902924, 0.016624215990304947, 0.002657584147527814, 0.0033603711053729057, 0.004777407273650169, 0.0019214446656405926, 0.013343490660190582, 0.004453315399587154, 0.003284212900325656, 0.009124839678406715, 0.00932380836457014, 0.004415119998157024, 0.00936958659440279, 0.0013571230228990316, 0.007135788910090923, 0.0011498512467369437, 0.00016104753012768924, 0.007788342423737049, 0.01047882903367281, 0.012450329028069973, 0.009330444037914276, 0.0027087032794952393, 0.0008983680745586753, 0.00516551686450839, 0.0002364307874813676, 0.013823810033500195, 0.007103344425559044, 0.0077853077091276646, 0.01080990955233574, 0.003345150500535965, 0.009065628051757812, 0.00041300273733213544, 0.008035866543650627, 0.009700649417936802, 0.009800011292099953, 0.008717688731849194, 0.016994545236229897, 0.015510358847677708, 0.011877208016812801, 0.009758512489497662, 0.009770311415195465, 0.016330156475305557, 0.0073247505351901054, 0.009652869775891304, 0.019286764785647392, 0.0009607799001969397, 0.00708046043291688, 0.0005434118211269379, 0.006197335664182901, 0.005477872211486101, 0.0031493916176259518, 0.0010904050432145596, 0.0027625577058643103, 0.008069982752203941, 0.016485705971717834, 0.0031203872058540583, 0.004598350264132023, 0.00409188587218523, 0.00410950742661953, 0.008944487199187279, 0.01362171396613121, 0.006080844439566135, 0.017377356067299843]"
F37,"[0.0037703115958720446, 0.010936866514384747, 0.007705993950366974, 0.0037790017668157816, 0.0019300911808386445, 0.0016410528915002942, 0.0018455832032486796, 0.011002929881215096, 0.01723075844347477, 0.008836163207888603, 0.006819060537964106, 0.007843569852411747, 0.005805325694382191, 0.021288665011525154, 0.012856429442763329, 0.011640461161732674, 0.010163374245166779, 0.0189992506057024, 0.00024884287267923355, 0.00019556187908165157, 0.015293853357434273, 0.0012043346650898457, 0.0023890479933470488, 0.007754174526780844, 0.001292920671403408, 0.008662042208015919, 0.012188822962343693, 0.018871121108531952, 0.01721353642642498, 0.0008343629888258874, 0.00023026028065942228, 0.0014220316661521792, 0.009449325501918793, 0.002041941275820136, 0.008502442389726639, 0.00894934218376875, 0.011133382096886635, 0.007959593087434769, 0.0006161321070976555, 0.010591165162622929, 0.003332691267132759, 0.0003057371941395104, 0.011330380104482174, 0.02283398061990738, 0.003579353215172887, 0.005948141682893038, 0.00284003303386271, 0.01484786905348301, 0.008225024677813053, 0.0017392399022355676, 0.007293485105037689, 0.0015482848975807428, 0.002902575070038438, 0.014827681705355644, 0.01095038466155529, 0.007064060308039188, 0.013286338187754154, 0.01702542044222355, 0.0037072128616273403, 0.00510875228792429, 0.0026676487177610397, 0.016333971172571182, 0.0018216370372101665, 0.010916905477643013, 0.013005007989704609, 0.010412827134132385, 0.00128037272952497, 0.02651655673980713, 0.007022651378065348, 0.00476024579256773, 0.009735708124935627, 0.009491090662777424, 0.02016972377896309, 0.02017182484269142, 0.01064725499600172, 0.002643964486196637, 0.006201241165399551, 0.016468865796923637, 0.015222902409732342, 0.017174705862998962, 0.008288536220788956, 0.01717853732407093, 0.009800592437386513, 0.002719369251281023, 0.020263846963644028, 0.0010524197714403272, 0.004429719410836697, 0.005045964848250151, 7.213652861537412e-05, 0.013275528326630592, 0.01131130289286375, 0.007842603139579296, 0.006942237727344036, 0.008420775644481182, 0.0014207834610715508, 0.01162742543965578, 0.0032102910336107016, 0.004586891736835241, 0.009295577183365822, 0.003298940369859338, 0.009399903938174248, 0.009572152979671955, 0.008839137852191925, 0.018603026866912842, 0.021843720227479935, 0.014103575609624386, 0.0010935922618955374, 0.002446624916046858, 0.0018057512352243066, 0.003387802978977561, 0.0028828990180045366, 0.003038584953173995, 0.011543027125298977, 0.0007047863909974694, 0.013700521551072598, 0.013054820708930492, 0.0074591259472072124, 0.007279751822352409, 0.005033690482378006, 0.02110215090215206, 0.020271578803658485, 0.0026774676516652107, 0.0017606441397219896, 0.001224337494932115, 0.007725433446466923, 0.0012803948484361172, 0.01120849885046482, 0.008702478371560574]"
F38,"[0.005302385427057743, 0.005777342710644007, 0.0036373445764184, 0.0056893243454396725, 0.006393046583980322, 0.0003906379279214889, 0.006219079252332449, 0.003535163588821888, 0.004199545830488205, 0.007257313467562199, 0.0022250269539654255, 0.006521593313664198, 0.004463141318410635, 0.018254246562719345, 0.0021974993869662285, 0.003869978478178382, 0.0008058607345446944, 0.005745542701333761, 0.014008460566401482, 0.009012208320200443, 0.006947959773242474, 0.0073857600800693035, 0.0017389098647981882, 0.0038815897423774004, 0.015937047079205513, 0.0037214765325188637, 0.00946546159684658, 0.008148101158440113, 0.014201612211763859, 0.00983775407075882, 0.0011770710116252303, 0.016308030113577843, 0.012107986025512218, 0.01098999660462141, 0.011851570568978786, 0.0016915504820644855, 0.020078251138329506, 0.0005769190029241145, 0.01687002368271351, 0.006906567607074976, 0.017178477719426155, 0.0003211044822819531, 0.0031157275661826134, 0.0021671841386705637, 0.005895450711250305, 0.0019518627086654305, 0.010176346637308598, 0.005843264516443014, 0.003980835434049368, 0.00332525628618896, 0.01046727318316698, 0.0007005174411460757, 0.00020391533325891942, 0.01362012792378664, 0.004534013103693724, 0.002737328875809908, 0.007936288602650166, 0.00784642156213522, 0.008304577320814133, 0.013053017668426037, 0.013752601109445095, 0.0181950144469738, 2.09401550819166e-05, 0.010013246908783913, 0.00880504585802555, 0.0002772871230263263, 0.009219817817211151, 0.007759235333651304, 0.006893247365951538, 0.0016627731965854764, 0.02519937977194786, 0.02016345039010048, 0.003613583045080304, 0.000696907693054527, 0.010852154344320297, 0.031052730977535248, 0.010206650011241436, 0.003366952296346426, 0.002069579903036356, 0.0034985332749783993, 5.054361099610105e-05, 0.002134376671165228, 0.0022123807575553656, 0.010388852097094059, 0.009342314675450325, 0.002273084130138159, 0.009354019537568092, 0.009713425301015377, 0.01676487736403942, 0.010837403126060963, 0.003129055956378579, 0.005908408667892218, 0.001056396635249257, 0.01721157506108284, 0.002787000499665737, 0.011645901016891003, 0.013130422681570053, 0.005875663366168737, 0.00831111054867506, 0.003512077732011676, 0.01218351349234581, 0.0030888302717357874, 0.015912652015686035, 0.01209910400211811, 0.001597889931872487, 0.0011800328502431512, 0.0021079054567962885, 0.011252205818891525, 0.006678859703242779, 0.021621637046337128, 0.014831623062491417, 0.0008179245633073151, 0.018021415919065475, 0.006974621210247278, 0.007325107231736183, 0.010490510612726212, 0.013155336491763592, 0.005258558318018913, 0.009320879355072975, 0.007684960495680571, 0.0030848851893097162, 0.006186157464981079, 0.007673744112253189, 0.021651791408658028, 0.01055197138339281, 0.01707085408270359, 0.01611800119280815, 0.008037191815674305]"
F39,"[0.015809543430805206, 0.006165346596390009, 0.021759342402219772, 0.03423227742314339, 0.01830567978322506, 0.028999436646699905, 0.011154751293361187, 0.011818213388323784, 0.004350162111222744, 0.004382878541946411, 0.02591048926115036, 0.006955798249691725, 0.023654038086533546, 0.02998732402920723, 0.006668768357485533, 0.011056759394705296, 0.017792532220482826, 0.0027553020045161247, 0.0045698233880102634, 0.014827665872871876, 0.016801875084638596, 0.021427905187010765, 0.02553519234061241, 0.022548694163560867, 0.034996140748262405, 0.000342915125656873, 0.01666175201535225, 0.027395211160182953, 0.014313019812107086, 0.04124903306365013, 0.02611398883163929, 0.003373738145455718, 0.0006723671685904264, 0.010922557674348354, 0.023468658328056335, 0.024271801114082336, 0.014091390185058117, 0.005693868268281221, 0.023071756586432457, 0.02385186403989792, 0.009187992662191391, 0.015629470348358154, 0.0023022189270704985, 0.01768859289586544, 0.014083778485655785, 0.005291348788887262, 0.031163755804300308, 0.0366162434220314, 0.001472632517106831, 0.010259537026286125, 0.0284868236631155, 0.04067930206656456, 0.010264224372804165, 0.02519458904862404, 0.022490182891488075, 0.029343105852603912, 0.005148713942617178, 0.01936800591647625, 0.005813393741846085, 0.0015551967080682516, 0.005242280196398497, 0.03452225401997566, 0.007795482873916626, 0.024682313203811646, 0.0007494110031984746, 0.009410598315298557, 0.007415564265102148, 0.022500280290842056, 0.02241658791899681, 0.031144630163908005, 0.011280071921646595, 0.01775326021015644, 0.02380260080099106, 0.011011583730578423, 0.034182820469141006, 0.0311672855168581, 0.010733496397733688, 0.038834359496831894, 0.015613941475749016, 0.0033198657911270857, 0.00010211246990365908, 0.017592860385775566, 0.01864270679652691, 0.02040022425353527, 0.023647366091609, 0.040725160390138626, 0.015647226944565773, 0.014584696851670742, 0.028092142194509506, 0.021631797775626183, 0.00828663632273674, 0.007373657077550888, 0.01090978179126978, 0.0008665158529765904, 1.7136930182459764e-05, 0.0038060008082538843, 0.0067738075740635395, 0.02168235555291176, 0.009994802065193653, 0.01029899250715971, 0.02476775459945202, 0.028698351234197617, 0.007608842104673386, 0.023290986195206642, 0.007109988946467638, 0.0063613299280405045, 0.00624262448400259, 0.02014368586242199, 0.019983306527137756, 0.023617886006832123, 0.0054758102633059025, 0.016607467085123062, 0.022775541990995407, 0.027331577613949776, 0.006946176290512085, 0.013828449882566929, 0.004229607991874218, 0.001957107335329056, 0.004317954648286104, 0.024382684379816055, 0.04696375131607056, 0.01206592284142971, 0.009871717542409897, 0.000499987043440342, 0.012659832835197449, 0.01964988186955452, 0.019963029772043228, 0.025950582697987556]"
F40,"[0.04161109775304794, 0.1123105064034462, 0.07119753956794739, 0.05002279579639435, 0.039752449840307236, 0.06063562631607056, 0.0027731943409889936, 0.061611004173755646, 0.11042196303606033, 0.022972892969846725, 0.028888950124382973, 0.07547146826982498, 0.04418032988905907, 0.08056724071502686, 0.0380176343023777, 0.0108029218390584, 0.03619715943932533, 0.021039068698883057, 0.052872274070978165, 0.03678316995501518, 0.13877883553504944, 0.079888254404068, 0.05609409511089325, 0.09438943862915039, 0.04855372756719589, 0.053475286811590195, 0.09519491344690323, 0.11445221304893494, 0.048128124326467514, 0.07592634856700897, 0.05829756706953049, 0.002919116523116827, 0.12174341827630997, 0.07591000199317932, 0.018924295902252197, 0.021587789058685303, 0.0940694808959961, 0.036503251641988754, 0.09951859712600708, 0.046670809388160706, 0.010611866600811481, 0.08860795199871063, 0.0052243988029658794, 0.032090477645397186, 0.04674340412020683, 0.019604096189141273, 0.049613941460847855, 0.1012304425239563, 0.07360433042049408, 0.022791169583797455, 0.05536215752363205, 0.0723312571644783, 0.024101683869957924, 0.009797051548957825, 0.10777208209037781, 0.046035490930080414, 0.002650536596775055, 0.0501275360584259, 0.029969559982419014, 0.06136215850710869, 0.04227357357740402, 0.0026495433412492275, 0.047499701380729675, 0.005672328174114227, 0.03749804198741913, 0.04992714896798134, 0.13565775752067566, 0.018659407272934914, 0.010401556268334389, 0.06085830181837082, 0.08595103770494461, 0.01776927337050438, 0.0631556585431099, 0.12223909795284271, 0.03606608137488365, 0.08808764815330505, 0.019001420587301254, 0.07110298424959183, 0.025778379291296005, 0.02932760678231716, 0.10313516855239868, 0.0153276352211833, 0.004577178042382002, 0.05914950370788574, 0.05673385038971901, 0.009207637049257755, 0.01201534178107977, 0.05996069684624672, 0.12414849549531937, 0.06005705147981644, 0.06330075114965439, 0.009208950214087963, 0.15391020476818085, 0.10463888943195343, 0.004616455174982548, 0.006956541910767555, 0.0872337743639946, 0.0031997328624129295, 0.06623373925685883, 0.019172247499227524, 0.0752151608467102, 0.00011725787044269964, 0.11613065004348755, 0.010513518005609512, 0.01150693278759718, 0.0140273068100214, 0.04173890873789787, 0.03503723815083504, 0.03642626851797104, 0.07463060319423676, 0.008996919728815556, 0.04619450494647026, 0.01152653805911541, 0.07388730347156525, 0.16149519383907318, 0.060023434460163116, 0.11880804598331451, 0.013569578528404236, 0.06242896243929863, 0.008183185942471027, 0.014274989254772663, 0.03856963291764259, 0.03179050236940384, 0.015621654689311981, 0.009824318811297417, 0.04217565804719925, 0.025107625871896744, 0.15674810111522675]"
F41,"[0.14580035209655762, 0.1039549708366394, 0.05510750785470009, 0.12400156259536743, 0.17028480768203735, 0.10006140917539597, 0.2495763897895813, 0.19767111539840698, 0.07352495193481445, 0.010385672561824322, 0.16775324940681458, 0.17199718952178955, 0.08465526252985, 0.02674272656440735, 0.1926031857728958, 0.08567929267883301, 0.14647094905376434, 0.02833843231201172, 0.227735698223114, 0.11417039483785629, 0.11903243511915207, 0.009030173532664776, 0.12621241807937622, 0.12659120559692383, 0.10412196069955826, 0.19489094614982605, 0.015894364565610886, 0.044091466814279556, 0.19233611226081848, 0.027000077068805695, 0.003923007752746344, 0.00693256501108408, 0.217806875705719, 0.03899355232715607, 0.13471701741218567, 0.14644813537597656, 0.09486493468284607, 0.27684932947158813, 0.1459067314863205, 0.08411955833435059, 0.17392441630363464, 0.0025552210863679647, 0.10810618102550507, 0.05604736506938934, 0.12226276844739914, 0.21184201538562775, 0.27073609828948975, 0.1494458168745041, 0.18659932911396027, 0.19887559115886688, 0.03870389610528946, 0.042961955070495605, 0.1565883755683899, 0.19620242714881897, 0.09268609434366226, 0.1183195486664772, 0.17861752212047577, 0.19490371644496918, 0.08746389299631119, 0.13041703402996063, 0.258262038230896, 0.029259605333209038, 0.21086783707141876, 0.19431953132152557, 0.1233275756239891, 0.057672251015901566, 0.05907179415225983, 0.03967837244272232, 0.268820196390152, 0.05558653175830841, 0.23842231929302216, 0.1194729134440422, 0.08395568281412125, 0.03452938795089722, 0.07938534766435623, 0.0385398305952549, 0.16316276788711548, 0.009245753288269043, 0.1796128749847412, 0.16723394393920898, 0.011064331978559494, 0.004047642927616835, 0.19644612073898315, 0.13759088516235352, 0.05081140622496605, 0.11529646813869476, 0.21979786455631256, 0.12116999179124832, 0.11725780367851257, 0.038663432002067566, 0.04328174144029617, 0.12477491050958633, 0.19498927891254425, 0.057483427226543427, 0.15351217985153198, 0.21688039600849152, 0.010214701294898987, 0.09839565306901932, 0.10558190196752548, 0.06192266568541527, 0.15039105713367462, 0.03838887810707092, 0.0052000125870108604, 0.033373259007930756, 0.05911378562450409, 0.22983607649803162, 0.11927087604999542, 0.12807852029800415, 0.11903531849384308, 0.18866698443889618, 0.19307973980903625, 0.04734976962208748, 0.05799468979239464, 0.1310768723487854, 0.2462356984615326, 0.041208893060684204, 0.11406369507312775, 0.10841860622167587, 0.03193402662873268, 0.12905137240886688, 0.019120601937174797, 0.010371940210461617, 0.10356082767248154, 0.1484614610671997, 0.19406257569789886, 0.11190121620893478, 0.14302323758602142, 0.07567790150642395]"
F42,"[0.06532222032546997, 0.09530121088027954, 0.06830339133739471, 0.12136831134557724, 0.01438227854669094, 0.066134013235569, 0.1241181269288063, 0.04295967519283295, 0.14006397128105164, 0.08704261481761932, 0.14667540788650513, 0.09944681823253632, 0.09744115173816681, 0.07953203469514847, 0.0967969223856926, 0.05645785480737686, 0.03014037013053894, 0.057968564331531525, 0.1943531185388565, 0.1387985497713089, 0.12248203158378601, 0.09836988896131516, 0.1176493838429451, 0.0044688270427286625, 0.06912228465080261, 0.09999867528676987, 0.05118647590279579, 0.061995476484298706, 0.04907236620783806, 0.1463882029056549, 0.001590432715602219, 0.017509493976831436, 0.010008931159973145, 0.10600647330284119, 0.01927727274596691, 0.06794245541095734, 0.055679257959127426, 0.0879615917801857, 0.04018927365541458, 0.16956886649131775, 0.1319640427827835, 0.1707046777009964, 0.12212543934583664, 0.10479098558425903, 0.01321280375123024, 0.1934366375207901, 0.16954243183135986, 0.026453502476215363, 0.015547508373856544, 0.06420055776834488, 0.04995343089103699, 0.017763013020157814, 0.16909822821617126, 0.0135836536064744, 0.00976195652037859, 0.024390293285250664, 0.07706379145383835, 0.03870326653122902, 0.03987223654985428, 0.025931386277079582, 0.14891798794269562, 0.060851193964481354, 0.13044849038124084, 0.05410199984908104, 0.016969550400972366, 0.01661171019077301, 0.09958446770906448, 0.04719551280140877, 0.13041415810585022, 0.05590389668941498, 0.13928289711475372, 0.06063167005777359, 0.17649489641189575, 0.06541601568460464, 0.02587096393108368, 0.04194849729537964, 0.014245012775063515, 0.006867588963359594, 0.012086763978004456, 0.055555421859025955, 0.050859708338975906, 0.01890759915113449, 0.011687146499752998, 8.775730384513736e-05, 0.07748900353908539, 0.04355412721633911, 0.03861134871840477, 0.04308855161070824, 0.009478320367634296, 0.010225603356957436, 0.012314374558627605, 0.036417245864868164, 0.1663549542427063, 0.06894142925739288, 0.150122731924057, 0.2048201858997345, 0.02943926863372326, 0.02155645191669464, 0.16268929839134216, 0.03928668797016144, 0.059517595916986465, 0.12277451902627945, 0.07717733830213547, 0.018820414319634438, 0.11115417629480362, 0.14615961909294128, 0.034399714320898056, 0.0195408184081316, 0.10791641473770142, 0.04751518368721008, 0.008361461572349072, 0.1073874682188034, 0.04117449000477791, 0.13248124718666077, 0.0063110534101724625, 0.1346980482339859, 0.03993808478116989, 0.009050936438143253, 0.008619667962193489, 0.19638565182685852, 0.023412177339196205, 0.08758598566055298, 0.051670245826244354, 0.05339007452130318, 0.05317424610257149, 0.035087548196315765, 0.12050385028123856, 0.13469959795475006]"
F43,"[0.007876885123550892, 0.041262149810791016, 0.07037892192602158, 0.01831701211631298, 0.03734251484274864, 0.005068343598395586, 0.048469748347997665, 0.003316290443763137, 0.03344881162047386, 0.017131825909018517, 0.009684544056653976, 0.039335526525974274, 0.02019793540239334, 0.03290634974837303, 0.04537200927734375, 0.014615379273891449, 0.058303311467170715, 0.009740762412548065, 0.02214348129928112, 0.016736473888158798, 0.04853091388940811, 0.013386965729296207, 0.051748402416706085, 0.02934354729950428, 0.012916863895952702, 0.0013011492555961013, 0.021664025261998177, 0.03035644069314003, 0.02494657039642334, 0.04865798354148865, 0.03196518123149872, 0.058095838874578476, 0.011817279271781445, 0.019396044313907623, 0.0026146017480641603, 0.0246744267642498, 0.0038944378029555082, 0.014699420891702175, 0.03144416585564613, 0.018400147557258606, 0.030801845714449883, 0.0344868041574955, 0.016635948792099953, 0.006648422218859196, 0.051408447325229645, 0.028407033532857895, 0.022450776770710945, 0.04857991263270378, 0.011157632805407047, 0.014880267903208733, 0.006167885847389698, 0.002975636627525091, 0.03050372190773487, 0.03981466218829155, 0.03546862304210663, 0.004695656709372997, 0.038395341485738754, 0.00878194347023964, 0.002936981851235032, 0.0003076162829529494, 0.032922495156526566, 0.020195281133055687, 0.04482226073741913, 0.04776094853878021, 0.014319082722067833, 0.005651833489537239, 0.005770031828433275, 0.02798508107662201, 0.011145361699163914, 0.04552696272730827, 0.01041398011147976, 0.06639770418405533, 0.04716426506638527, 0.014878470450639725, 0.014249439351260662, 0.04107489436864853, 0.029044318944215775, 0.0314582996070385, 0.026185236871242523, 0.036627840250730515, 0.040245961397886276, 0.04233698174357414, 0.0006044439505785704, 0.02916671335697174, 0.011664428748190403, 0.020366743206977844, 0.009766524657607079, 0.048194434493780136, 0.06949254125356674, 0.008041382767260075, 0.012843841686844826, 0.008181258104741573, 0.008833196945488453, 0.0035815290175378323, 0.06212550774216652, 0.04494791477918625, 0.009122274816036224, 0.0655391588807106, 0.018486453220248222, 0.026671547442674637, 0.033785030245780945, 0.047427352517843246, 0.0408543199300766, 0.008255445398390293, 0.04383191093802452, 0.004207017831504345, 0.0014025191776454449, 0.0086580291390419, 0.059655360877513885, 0.00284025352448225, 0.06194122135639191, 0.04451815411448479, 0.03101266548037529, 0.06167950481176376, 0.04549453780055046, 0.022641869261860847, 0.011055420152842999, 0.015059682540595531, 0.031407054513692856, 0.013025566004216671, 0.04809819534420967, 0.022284960374236107, 0.008601815439760685, 0.014263317920267582, 0.034866660833358765, 0.0059619382955133915, 0.052594687789678574, 0.03379478305578232]"
F44,"[0.006509842351078987, 0.004720333963632584, 0.005624745506793261, 0.018387271091341972, 0.017251159995794296, 0.005219890736043453, 0.006794841960072517, 0.02476496994495392, 0.013563927263021469, 0.009866815991699696, 0.009683565236628056, 0.01268913596868515, 0.012076426297426224, 0.017662348225712776, 0.010707388631999493, 0.0006494877161458135, 0.0051009138114750385, 0.003546752966940403, 0.02035987749695778, 0.012828094884753227, 0.0054122586734592915, 0.006645366549491882, 0.010887930169701576, 0.015903078019618988, 0.003082175040617585, 0.008441628888249397, 0.0072482312098145485, 0.016927562654018402, 0.0064136190339922905, 0.0085370521992445, 0.021096598356962204, 0.0037755798548460007, 0.01507051382213831, 0.0036861991975456476, 0.013825335539877415, 0.01700248010456562, 0.012546087615191936, 0.005802547093480825, 0.011344938538968563, 0.009300559759140015, 0.0016998371575027704, 0.005990377627313137, 0.0060052648186683655, 0.013280346058309078, 0.004632844123989344, 0.004152372945100069, 0.015333898365497589, 0.02472197636961937, 0.010027746669948101, 0.016744159162044525, 0.019833514466881752, 0.00014171484508551657, 0.006419218610972166, 0.00028786418261006474, 0.0006914430996403098, 0.007342654280364513, 0.01861697994172573, 0.02026922069489956, 0.0029772096313536167, 0.029909510165452957, 0.021862216293811798, 0.02885192260146141, 0.015139280818402767, 0.011441877111792564, 0.007267460692673922, 0.010602139867842197, 0.023518523201346397, 0.01866515353322029, 0.02860082872211933, 0.002580248052254319, 0.010666468180716038, 0.005766587797552347, 0.022567274048924446, 0.0058008963242173195, 0.01319411676377058, 0.025711219757795334, 0.002574702724814415, 0.0020201532170176506, 0.0029786908999085426, 0.019974235445261, 0.017598364502191544, 0.01020272821187973, 0.02899886853992939, 0.013598357327282429, 0.004898332059383392, 0.0035929689183831215, 0.005380665883421898, 0.023506248369812965, 0.02152164839208126, 0.013048353604972363, 0.004409607965499163, 0.005347906146198511, 0.002109516877681017, 0.019588258117437363, 0.015701647847890854, 0.013490849174559116, 0.009944991208612919, 0.004655448254197836, 0.0021395275834947824, 0.014868495985865593, 0.0006339882384054363, 0.010126414708793163, 0.0021768310107290745, 0.011420727707445621, 0.019637534394860268, 0.00213002972304821, 0.010450000874698162, 0.010073271580040455, 0.021075230091810226, 0.020815109834074974, 0.0029103585984557867, 0.006036689039319754, 0.010711988434195518, 0.016564270481467247, 0.01556361187249422, 0.02050745114684105, 0.012653494253754616, 0.0009020774159580469, 0.006080762017518282, 0.03162766993045807, 0.027909740805625916, 0.014212848618626595, 0.0011307119857519865, 0.007044325582683086, 0.031186867505311966, 0.00856047309935093, 0.00832576584070921, 0.009246481582522392]"
F45,"[0.046603523194789886, 0.07332061231136322, 0.03992701321840286, 0.007781504187732935, 0.020571991801261902, 0.11857017874717712, 0.07305826246738434, 0.1136079654097557, 0.055713631212711334, 0.12048536539077759, 0.03762553259730339, 0.11665387451648712, 0.027419142425060272, 0.059323664754629135, 0.02910889871418476, 0.02678825519979, 0.03790225833654404, 0.0290005411952734, 0.1443924456834793, 0.0016189536545425653, 0.03018183447420597, 0.09293506294488907, 0.06908346712589264, 0.05875184014439583, 0.03999936953186989, 0.07456113398075104, 0.04986824840307236, 0.12232495844364166, 0.03191371634602547, 0.0817510113120079, 0.009772739373147488, 0.09722138196229935, 0.015444278717041016, 0.04203761741518974, 0.036089710891246796, 0.046070925891399384, 0.040079839527606964, 0.036178410053253174, 0.04492630064487457, 0.02846331149339676, 0.06136700510978699, 0.046814799308776855, 0.003889187006279826, 0.06382542848587036, 0.01786092109978199, 0.04728034511208534, 0.10429143160581589, 0.0539233572781086, 0.11050977557897568, 0.10234388709068298, 0.031827013939619064, 0.07894963026046753, 0.06313006579875946, 0.060784269124269485, 0.0023325085639953613, 0.018485506996512413, 0.06883194297552109, 0.061101313680410385, 0.004082973580807447, 0.01785147748887539, 0.03729156777262688, 0.054926853626966476, 0.06770439445972443, 0.11086463183164597, 0.04966168478131294, 0.02508755773305893, 0.13942523300647736, 0.05475319176912308, 0.024308010935783386, 0.029448943212628365, 0.13081371784210205, 0.04899705946445465, 0.03446259722113609, 0.007068502716720104, 0.05286197364330292, 0.0438377745449543, 0.017191434279084206, 0.06513378024101257, 0.09833827614784241, 0.08558344095945358, 0.05496479570865631, 0.052821870893239975, 0.013556888327002525, 0.15376883745193481, 0.051837462931871414, 0.04593580216169357, 0.11531396955251694, 0.05540633574128151, 0.07646376639604568, 0.06851188838481903, 0.02347179874777794, 0.05466092750430107, 0.047178059816360474, 0.050644777715206146, 0.050469715148210526, 0.1335182636976242, 0.10751190036535263, 0.0792539119720459, 0.10339900106191635, 0.004174907226115465, 0.030347419902682304, 0.10145652294158936, 0.10076312720775604, 0.00948108546435833, 0.05502104014158249, 0.012832378968596458, 0.06666368246078491, 0.012088317424058914, 0.05272596701979637, 0.0892626941204071, 0.11294461786746979, 0.08993411809206009, 0.023801298812031746, 0.06551048159599304, 0.02073529176414013, 0.017850054427981377, 0.11383233219385147, 0.04546530172228813, 0.08136443793773651, 0.14725738763809204, 0.09866447001695633, 0.06964084506034851, 0.009970361366868019, 0.019440846517682076, 0.003256778232753277, 0.07679087668657303, 0.006090305279940367, 0.0681571513414383]"
F46,"[0.008728433400392532, 0.0012052659876644611, 0.005045535042881966, 0.004048315342515707, 0.0007371904794126749, 0.006264069117605686, 0.006019113585352898, 0.005638593342155218, 0.003084424417465925, 0.007206032518297434, 0.00459241820499301, 0.0033071141224354506, 0.002841187408193946, 0.00861151609569788, 0.0007929035928100348, 0.004200925584882498, 0.003974644932895899, 0.00168992904946208, 0.004652766510844231, 0.0024264922831207514, 0.0016179288504645228, 0.0032243041787296534, 0.0034914747811853886, 0.0021072470117360353, 0.00707317003980279, 0.0010576320346444845, 0.0004983443068340421, 0.0026730885729193687, 0.0036886960733681917, 0.00975416786968708, 0.0088081955909729, 0.0019899175968021154, 0.002059163060039282, 0.0038196188397705555, 0.001591854845173657, 0.0029373273719102144, 0.0074999285861849785, 0.0024798952508717775, 0.0015146784717217088, 0.011297876946628094, 0.006660844665020704, 0.00996751245111227, 0.0028229309245944023, 0.007821325212717056, 0.00100084173027426, 0.004161924123764038, 0.007096267770975828, 0.003497435012832284, 0.0020572098437696695, 0.000952313537709415, 0.0011327563552185893, 0.007831397466361523, 0.0007361333700828254, 2.2630807507084683e-05, 0.0036684719379991293, 0.004767926875501871, 0.002928905189037323, 0.0006890289369039237, 0.00240695895627141, 0.005304692313075066, 0.00208665500395, 0.005898326635360718, 0.0014816137263551354, 0.004940039943903685, 0.0007779469015076756, 0.0056761447340250015, 0.0017999366391450167, 0.006915336940437555, 0.0063149151392281055, 0.0012529789237305522, 0.0024946334306150675, 0.008436845615506172, 7.757121784379706e-05, 0.0003394563391339034, 0.006668331101536751, 0.012442592531442642, 0.003546833759173751, 0.0035577574744820595, 0.0008850605809129775, 0.00010230912448605523, 0.0018452364020049572, 0.010983959771692753, 0.001542892656289041, 0.005595334805548191, 0.0028962665237486362, 0.010035766288638115, 0.007149287965148687, 0.008551419712603092, 0.004108517896384001, 0.000699640077073127, 0.0072336927987635136, 0.004733683541417122, 0.0018465904286131263, 0.001797339878976345, 0.0004349991795606911, 0.00023764165234752, 0.004619472194463015, 0.0006134245777502656, 0.0006318359519354999, 0.01281051617115736, 0.0007488600094802678, 0.0008860343950800598, 0.004964972380548716, 0.007131265010684729, 0.006304006092250347, 0.0025222310796380043, 0.0016103399684652686, 0.00185594882350415, 0.0006308288429863751, 0.0001123397596529685, 0.0025896274019032717, 0.0070276265032589436, 0.003145260037854314, 0.007724130991846323, 0.003795983735471964, 0.00840737298130989, 0.001934965723194182, 0.00024766221758909523, 0.002480387920513749, 0.002769054379314184, 0.004006743896752596, 0.006968666333705187, 0.00275891600176692, 0.007161304820328951, 0.00012204058293718845, 0.0021297514904290438, 0.0028369866777211428, 0.0009776349179446697]"
F47,"[0.05986537039279938, 0.0407518669962883, 0.04628792405128479, 0.06424546241760254, 0.008089698851108551, 0.031216580420732498, 0.02163274586200714, 0.06126923859119415, 0.06128564104437828, 0.030640142038464546, 0.061785947531461716, 0.029570000246167183, 0.0020726914517581463, 0.04317401722073555, 0.08045382797718048, 0.05964582413434982, 0.0052263084799051285, 0.03470003232359886, 0.020273482427001, 0.020833231508731842, 0.0011777868494391441, 0.024316662922501564, 0.014535070396959782, 0.05002644658088684, 0.04957306385040283, 0.02585231512784958, 0.020486213266849518, 0.011767951771616936, 0.06984499096870422, 0.007083764765411615, 0.013592135161161423, 0.006827042903751135, 0.022513115778565407, 0.02421381138265133, 0.03429223597049713, 0.0026375395245850086, 0.061028409749269485, 0.03404722362756729, 0.025346845388412476, 0.008001621812582016, 0.0182733703404665, 0.017391854897141457, 0.013092637993395329, 0.0489056222140789, 0.04857137054204941, 0.014618399553000927, 0.0038132076151669025, 0.010311948135495186, 0.06334052234888077, 0.015650838613510132, 0.02647831290960312, 0.005345027893781662, 0.07826896756887436, 0.0008829533471725881, 0.02161186747252941, 0.0552971214056015, 0.06600446999073029, 0.10005725175142288, 0.0041994815692305565, 0.02093943953514099, 0.056086327880620956, 0.00605070311576128, 0.0072629074566066265, 0.012737994082272053, 0.0156042305752635, 0.013051179237663746, 0.016543321311473846, 0.05742097645998001, 0.02525712177157402, 0.0036176133435219526, 0.03794042766094208, 0.032576192170381546, 0.05871492624282837, 0.07833755016326904, 0.0037839559372514486, 0.06541134417057037, 0.09138050675392151, 0.011599079705774784, 0.0567626915872097, 0.025081273168325424, 0.011768393218517303, 0.04271034896373749, 0.05041317269206047, 0.01637876406311989, 0.04509684443473816, 0.009467853233218193, 0.03810207545757294, 0.030932161957025528, 0.050691552460193634, 0.030872177332639694, 0.018993431702256203, 0.0074116503819823265, 0.028127528727054596, 0.008324586786329746, 0.006960488855838776, 0.04003533720970154, 0.03290138021111488, 0.011207167990505695, 0.04117414727807045, 0.001740385894663632, 0.08610843122005463, 0.030326182022690773, 0.05927613750100136, 0.015740690752863884, 0.04290800914168358, 0.0754348561167717, 0.031046444550156593, 0.05687028542160988, 0.0044840676710009575, 0.06233612075448036, 0.06751082092523575, 0.012261522933840752, 0.017901144921779633, 0.00554106617346406, 0.07137732207775116, 0.03063717484474182, 0.014299072325229645, 0.047028809785842896, 0.07378464937210083, 0.05024845153093338, 0.026039890944957733, 0.013355903327465057, 0.005055529996752739, 0.013740403577685356, 0.0036057548131793737, 0.0479915477335453, 0.005976000335067511, 0.013133448548614979]"
F48,"[0.004390242043882608, 0.005296379793435335, 0.0017090394394472241, 0.0005998017732053995, 0.005166999995708466, 0.0046192677691578865, 0.003165086731314659, 0.0039133173413574696, 0.0034295679070055485, 0.010676606558263302, 0.00873351190239191, 0.0026754254940897226, 0.0001310247607761994, 0.003296852810308337, 0.003964056260883808, 0.0037513207644224167, 0.0011101346462965012, 0.007734143175184727, 0.0029175395611673594, 0.001690806238912046, 0.0068011051043868065, 0.0009985242504626513, 0.004503047559410334, 0.004986532963812351, 0.002317562000826001, 0.0016282855067402124, 0.004551408346742392, 0.004616823047399521, 0.002389804692938924, 0.006390576716512442, 0.00047066272236406803, 0.009111459366977215, 0.0005611971719190478, 0.004289895761758089, 0.00589312519878149, 0.0015050837537273765, 0.0028621687088161707, 0.006359098944813013, 3.462570020928979e-05, 0.003977220505475998, 0.004194617737084627, 0.0016120619839057326, 0.001698810257948935, 0.0030541527085006237, 8.79983781487681e-05, 0.0015168191166594625, 0.0002945065207313746, 0.0069306823424994946, 0.00023697265714872628, 0.002556141931563616, 0.004307630471885204, 0.002399819204583764, 0.0017417303752154112, 0.004363663028925657, 0.0017104793805629015, 0.002421437529847026, 0.0018228348344564438, 0.009361284784972668, 0.0058454349637031555, 0.003358089132234454, 0.007068784907460213, 0.006224070675671101, 0.0038453666493296623, 0.005519983358681202, 0.007197453174740076, 0.002073899144306779, 0.008893013931810856, 0.007479359395802021, 0.0032651324290782213, 0.0007736583356745541, 0.005207412876188755, 0.0030622382182627916, 0.007674536667764187, 0.009588544256985188, 0.0117458775639534, 0.011025442741811275, 0.0011314174626022577, 0.003719243686646223, 0.0011281738989055157, 0.005872620735317469, 0.0012550039682537317, 0.01184276957064867, 0.004977830685675144, 0.010353549383580685, 0.0014845987316220999, 0.0027475811075419188, 0.0009063567267730832, 0.008731111884117126, 0.002098638331517577, 0.00600432837381959, 0.0037458031438291073, 0.0006298731314018369, 0.003941408358514309, 0.010615813545882702, 0.009741717018187046, 8.537797111785039e-05, 0.006855887360870838, 0.005377983208745718, 0.0049915253184735775, 0.004658553283661604, 0.0038571457844227552, 0.00016653539205435663, 0.010634244419634342, 0.0006202194490469992, 0.009207234717905521, 0.0034751510247588158, 0.0033315028995275497, 0.005732774268835783, 0.00042784781544469297, 0.0104608666151762, 0.012112305499613285, 0.005337961483746767, 0.00022447164519689977, 0.0035997636150568724, 0.0034778141416609287, 0.0028247288428246975, 0.005161887966096401, 0.0031316792592406273, 0.0020522663835436106, 0.008373917080461979, 0.005905129946768284, 2.848017538781278e-05, 0.0011309593683108687, 0.0025321871507912874, 0.007004283368587494, 0.0005461124237626791, 0.005279873497784138, 0.0007034837617538869]"
F49,"[0.0010215728543698788, 0.0005939671536907554, 0.023531513288617134, 0.00839371606707573, 0.030972817912697792, 0.002430927474051714, 0.0378553681075573, 0.0051437909714877605, 0.02224411442875862, 0.012216934002935886, 0.019603068009018898, 0.035440318286418915, 0.045496609061956406, 0.03462247550487518, 0.020157497376203537, 0.015182622708380222, 0.011943256482481956, 0.02657756209373474, 0.02201029099524021, 0.0007319588912650943, 0.03742152079939842, 0.0219062939286232, 0.024073410779237747, 0.017458805814385414, 0.017050378024578094, 0.0035427946131676435, 0.03480251133441925, 0.01724119484424591, 0.0014634919352829456, 0.03256886452436447, 0.03081667050719261, 0.006140129640698433, 0.027477452531456947, 0.02156953699886799, 0.031278952956199646, 0.005619623698294163, 4.172942499280907e-05, 0.014055822975933552, 0.01896016299724579, 0.04577779769897461, 0.009074190631508827, 0.029621774330735207, 0.01746634766459465, 0.0025249880272895098, 0.013517969287931919, 0.002521020593121648, 0.0025726340245455503, 0.03099950961768627, 0.03454836085438728, 0.011774218641221523, 0.0014363741502165794, 0.03162612020969391, 0.013057861477136612, 0.019738120958209038, 0.024600787088274956, 0.03278922662138939, 0.03501644730567932, 0.022210508584976196, 0.018602604046463966, 0.001485507469624281, 0.026681797578930855, 0.02412933111190796, 0.008222497068345547, 0.00732487253844738, 0.024433381855487823, 0.007842198014259338, 0.014881685376167297, 0.02211928181350231, 0.008608868345618248, 0.026686564087867737, 0.050174932926893234, 0.05079042539000511, 0.010240459814667702, 0.038428377360105515, 0.01158162485808134, 0.0345851294696331, 0.027737442404031754, 0.020964300259947777, 0.012568357400596142, 0.020832130685448647, 0.014241269789636135, 0.00916379876434803, 0.0290839783847332, 0.03126318380236626, 0.04654838889837265, 0.04560421034693718, 0.0007385351345874369, 0.022219274193048477, 0.035650674253702164, 0.017139848321676254, 0.05850434675812721, 0.02375931851565838, 0.007176313549280167, 0.02439964935183525, 0.03322632983326912, 0.0024972253013402224, 0.019291726872324944, 0.0016567237908020616, 0.010906393639743328, 0.02292383834719658, 0.0028386851772665977, 0.047277532517910004, 0.024153469130396843, 0.014866580255329609, 0.02101716957986355, 0.018528347834944725, 0.02680266462266445, 0.0013262317515909672, 0.04073669761419296, 0.042823243886232376, 0.045098673552274704, 0.007862632162868977, 0.006255940068513155, 0.0014159043785184622, 0.010787950828671455, 0.026782572269439697, 0.022532828152179718, 0.027902213856577873, 0.008561545051634312, 0.0011678938753902912, 0.044418059289455414, 0.013233245350420475, 0.018893415108323097, 0.004383185878396034, 0.021937936544418335, 0.025551479309797287, 0.0075769866816699505, 0.0024187809322029352]"
F50,"[0.020791025832295418, 0.015638861805200577, 0.015388598665595055, 0.0169095229357481, 0.021493952721357346, 0.007410762831568718, 0.010119598358869553, 0.017429042607545853, 0.015528636984527111, 0.015125693753361702, 0.013069218024611473, 0.0013356440467759967, 0.02208440564572811, 0.002746437443420291, 0.009738304652273655, 0.034871041774749756, 0.02028830721974373, 9.109961683861911e-05, 0.023333918303251266, 0.008905536495149136, 0.010559364221990108, 0.02944401279091835, 0.005654323846101761, 0.004180773161351681, 0.01892421394586563, 0.012621351517736912, 0.019366318359971046, 0.003767288289964199, 0.005708303302526474, 0.012873807922005653, 0.00880742073059082, 0.015242298133671284, 0.003499232931062579, 0.00019268575124442577, 0.014159202575683594, 0.0094242412596941, 0.012381748296320438, 0.0018637982429936528, 0.014831049367785454, 0.018558060750365257, 0.02475890889763832, 0.027543580159544945, 0.01142875850200653, 0.0037145940586924553, 0.015127244405448437, 0.00010087744158226997, 0.013515099883079529, 0.013740756548941135, 0.017667673528194427, 0.005266005173325539, 0.01359369046986103, 0.003944353200495243, 0.016434861347079277, 0.01773955672979355, 0.003987146075814962, 0.012264443561434746, 0.0012075520353391767, 0.004473824519664049, 0.01073441468179226, 0.012390995398163795, 0.01821744814515114, 0.0012369013857096434, 0.01606181263923645, 0.01771964319050312, 0.023073220625519753, 0.022628556936979294, 0.028030481189489365, 0.01590651273727417, 0.019473211839795113, 0.0025998165365308523, 0.0008907972951419652, 0.027381176128983498, 0.035748742520809174, 0.013970778323709965, 0.013106820173561573, 0.00946990866214037, 0.013282082043588161, 0.021767130121588707, 0.015242621302604675, 0.01283700205385685, 0.017428604885935783, 0.019710486754775047, 0.0007628183811903, 0.02444109506905079, 0.006066787987947464, 0.00984469335526228, 0.002624895889312029, 0.00905589573085308, 0.008059090003371239, 0.04184565320611, 0.006391757633537054, 0.013309232890605927, 0.0063338326290249825, 0.0230875127017498, 0.014265810139477253, 0.004490869119763374, 0.021357376128435135, 0.0004614710924215615, 0.014262906275689602, 0.017344331368803978, 0.01595764420926571, 0.022295530885457993, 0.013167547062039375, 0.008991183713078499, 0.01097890641540289, 0.017685869708657265, 0.012879787012934685, 0.022104276344180107, 0.0039034090004861355, 0.0048764669336378574, 0.015590475872159004, 0.006806249264627695, 0.002247975440695882, 0.018057221546769142, 0.008311687968671322, 0.00322894100099802, 0.021960392594337463, 0.016252214089035988, 0.002906165784224868, 0.0026939120143651962, 0.003610363695770502, 0.023389369249343872, 0.0033684149384498596, 0.00690970104187727, 0.0015531977405771613, 0.013890438713133335, 0.012828310951590538, 0.018906502053141594]"
F51,"[0.007337403483688831, 0.0035439608618617058, 0.0020112807396799326, 0.0019509046105667949, 0.014723401516675949, 0.011303364299237728, 0.0033028528559952974, 0.011732583865523338, 0.011020082980394363, 0.002651581773534417, 0.0034407293424010277, 5.343302836990915e-05, 0.0034912850242108107, 0.010182405821979046, 0.011419517919421196, 0.01567033864557743, 0.009357248432934284, 0.006895169150084257, 0.010654016397893429, 0.017595594748854637, 0.011618201620876789, 0.009054324589669704, 0.004392548464238644, 0.02000255323946476, 0.01153513602912426, 0.007164730224758387, 0.005400612019002438, 0.006291684694588184, 0.011978073976933956, 0.004934318829327822, 0.0014886523131281137, 0.018152540549635887, 0.012804113328456879, 0.002308898838236928, 0.008011134341359138, 0.005941093899309635, 0.001658333814702928, 0.009355480782687664, 0.0026904877740889788, 0.00021940348960924894, 0.00630682148039341, 0.0051030563190579414, 0.00720533262938261, 0.011350106447935104, 0.01315830834209919, 0.005185828078538179, 0.00040737714152783155, 0.003001761855557561, 0.007548074703663588, 0.01380165945738554, 0.004239226225763559, 0.011621790938079357, 0.013082987628877163, 0.009990126825869083, 0.0002375994372414425, 0.023165609687566757, 0.016777323558926582, 0.007693389430642128, 0.015061523765325546, 0.009182610549032688, 0.011775742284953594, 0.011134825646877289, 0.0024245844688266516, 0.0002904475259128958, 0.008444922976195812, 0.003652516519650817, 0.005678081419318914, 0.007730195298790932, 0.011078760027885437, 0.0012735748896375299, 0.001631133141927421, 0.0004277869302313775, 0.017347149550914764, 0.0038651623763144016, 0.0005503211286850274, 0.012431365437805653, 0.007155701983720064, 0.017760327085852623, 0.007750634104013443, 0.01002095639705658, 0.01585816591978073, 0.004369865637272596, 0.006646198686212301, 0.0022318188566714525, 0.0036485737655311823, 0.013641370460391045, 0.013163028284907341, 0.011705921962857246, 0.009659448638558388, 0.020441027358174324, 0.0040466501377522945, 0.01749405823647976, 0.01019113976508379, 0.0026023522950708866, 0.006634179037064314, 0.015230538323521614, 0.007469325326383114, 0.004259725101292133, 0.002759960014373064, 0.012563792988657951, 0.006593814119696617, 0.00010414114512968808, 0.026479942724108696, 0.001472118659876287, 0.0005378579371608794, 0.012186110951006413, 0.0011700898176059127, 0.008765905164182186, 0.01280028373003006, 0.0038840121123939753, 0.005188145209103823, 0.010908429510891438, 0.013076518662273884, 0.01731008291244507, 0.0014035503845661879, 0.004280696623027325, 0.009480580687522888, 0.008844551630318165, 0.00453010993078351, 0.012323115952312946, 0.005382617935538292, 0.008202450349926949, 0.010457323864102364, 0.0015830062329769135, 0.00739282788708806, 0.0051701609045267105, 0.005356661044061184, 0.0023365160450339317]"
F52,"[0.1405666619539261, 0.0012346216244623065, 0.043236277997493744, 0.06795375794172287, 0.035820841789245605, 0.0924365222454071, 0.07866735756397247, 0.06577775627374649, 0.09739828109741211, 0.04795811325311661, 0.1519763171672821, 0.045554883778095245, 0.032918594777584076, 0.007831688039004803, 0.13628998398780823, 0.12589749693870544, 0.04238508641719818, 0.020486965775489807, 0.09581251442432404, 0.016429150477051735, 0.1026703417301178, 0.08043637126684189, 0.0031650965102016926, 0.007108403369784355, 0.017942305654287338, 0.008097998797893524, 0.039460595697164536, 0.048684053122997284, 0.06039360910654068, 0.05828440561890602, 0.030386729165911674, 0.018715806305408478, 0.06729237735271454, 0.06073593720793724, 0.11288592964410782, 0.03492060676217079, 0.10945968329906464, 0.010114399716258049, 0.07146700471639633, 0.009635488502681255, 0.1131363958120346, 0.0992697924375534, 0.06757130473852158, 0.030983226373791695, 0.04914333298802376, 0.10208484530448914, 0.12049294263124466, 0.0065645864233374596, 0.122308149933815, 0.04768690839409828, 0.013595028780400753, 0.008978140540421009, 0.006389424670487642, 0.003701463807374239, 0.09619124978780746, 0.046550046652555466, 0.0755002498626709, 0.06448610126972198, 0.11457294970750809, 0.005835603456944227, 0.05294257402420044, 0.09117648750543594, 0.07738138735294342, 0.05981136113405228, 0.11714409291744232, 0.003753098426386714, 0.0034481992479413748, 0.014677079394459724, 0.05549507215619087, 0.010523656383156776, 0.05583363398909569, 0.011056533083319664, 0.004093762021511793, 0.00256650079973042, 0.07060305774211884, 0.05306802690029144, 0.05109727755188942, 0.016822686418890953, 0.055385950952768326, 0.022633377462625504, 0.07860725373029709, 0.09938415139913559, 0.05162603408098221, 0.05409105867147446, 0.04796171933412552, 0.012693739496171474, 0.08557558804750443, 0.16284507513046265, 0.10850115120410919, 0.05772922933101654, 0.04799104854464531, 0.006061097141355276, 0.17016831040382385, 0.027515210211277008, 0.011361106298863888, 0.009129650890827179, 0.07804799824953079, 0.07086121290922165, 0.08282221108675003, 0.0018597625894472003, 0.12197603285312653, 0.08428678661584854, 0.02705971896648407, 0.04556798189878464, 0.035724617540836334, 0.07596664130687714, 0.07018055766820908, 0.05973607301712036, 0.0093695605173707, 0.023218538612127304, 0.009158588014543056, 0.029877126216888428, 0.021934490650892258, 0.13542690873146057, 0.050525128841400146, 0.07274692505598068, 0.11440308392047882, 0.019244404509663582, 0.0055216774344444275, 0.07264526933431625, 0.09142933785915375, 0.04034287855029106, 0.018831562250852585, 0.017036059871315956, 0.06901997327804565, 0.049679726362228394, 0.05175521597266197, 0.04334336519241333]"
F53,"[0.017739703878760338, 0.056290097534656525, 0.04061661288142204, 0.025984393432736397, 0.04973389580845833, 0.10486828535795212, 0.0561593659222126, 0.017135635018348694, 0.014419082552194595, 0.05537627637386322, 0.0830388069152832, 0.021152373403310776, 0.036909520626068115, 0.09671842306852341, 0.0533142127096653, 0.011612002737820148, 0.03810231015086174, 0.05712295323610306, 0.001428087241947651, 0.04814961925148964, 0.007403112947940826, 0.059978656470775604, 0.03875609114766121, 0.0019006627844646573, 0.08659300953149796, 0.06103434041142464, 0.061355918645858765, 0.026236802339553833, 0.05339618772268295, 0.028445560485124588, 0.02827838435769081, 0.028533754870295525, 0.06436081975698471, 0.005328103434294462, 0.0015009524067863822, 0.07092989236116409, 0.0653773844242096, 0.10173462331295013, 0.09411263465881348, 0.10308005660772324, 0.02256341651082039, 0.04055351763963699, 0.05367239937186241, 0.04260697215795517, 0.019253743812441826, 0.023900186643004417, 0.04717380180954933, 0.052322424948215485, 0.11111540347337723, 0.04865815490484238, 0.0034398213028907776, 0.04530014842748642, 0.09339847415685654, 0.045348651707172394, 0.03338859975337982, 0.015558863058686256, 0.04571791738271713, 0.06352102756500244, 0.008331963792443275, 0.003255845746025443, 0.03935029357671738, 0.0772651955485344, 0.03145311027765274, 0.0802726224064827, 0.04908139631152153, 0.0756349116563797, 0.04349825531244278, 0.07330101728439331, 0.009857026860117912, 0.05901739001274109, 0.0694253146648407, 0.029361512511968613, 0.12372633069753647, 0.05817566066980362, 0.08956102281808853, 0.02767464704811573, 0.09798426181077957, 0.0607810914516449, 0.05286931246519089, 0.053960103541612625, 0.027837280184030533, 0.022791214287281036, 0.046860840171575546, 0.08247775584459305, 0.11971960216760635, 0.00805592630058527, 0.06852079927921295, 0.09932177513837814, 0.041599951684474945, 0.0380408838391304, 0.029689695686101913, 0.011537042446434498, 0.022095831111073494, 0.06970725953578949, 0.03243579715490341, 0.1519261747598648, 0.022926446050405502, 0.042145680636167526, 0.010085897520184517, 0.010874607600271702, 0.0010129841975867748, 0.002967370441183448, 0.039535876363515854, 0.11400233954191208, 0.11406031250953674, 0.020693380385637283, 0.0005640757153742015, 0.06545919924974442, 0.08702675998210907, 0.043529365211725235, 0.0643453598022461, 0.05977239832282066, 0.06217534840106964, 0.1023651733994484, 0.08595522493124008, 0.07326625287532806, 0.05770108103752136, 0.007949301041662693, 0.0718909204006195, 0.025289664044976234, 0.09814927726984024, 0.030412565916776657, 0.06875414401292801, 0.02230747975409031, 0.005292241927236319, 0.09909342974424362, 0.019246386364102364, 0.08842188119888306]"
F54,"[0.00257455138489604, 0.060060348361730576, 0.012019154615700245, 0.038098402321338654, 0.009915385395288467, 0.02682933211326599, 0.04304363206028938, 0.0635586753487587, 0.090468630194664, 0.03668898344039917, 0.040043942630290985, 0.013684608973562717, 0.12932206690311432, 0.04215044155716896, 0.06496373564004898, 0.11525173485279083, 0.06386248767375946, 0.1785966455936432, 0.10480058193206787, 0.04333745688199997, 0.03283778578042984, 0.05601062998175621, 0.1484348475933075, 0.010893910191953182, 0.07965167611837387, 0.07718277722597122, 0.13464124500751495, 0.09129372239112854, 0.030585937201976776, 0.10488993674516678, 0.154170423746109, 0.06436707824468613, 0.02015618048608303, 0.07842586189508438, 0.067385233938694, 0.08747579902410507, 0.09593994170427322, 0.013876106590032578, 0.030202101916074753, 0.02382526360452175, 0.06197265908122063, 0.06272310018539429, 0.04635583609342575, 0.04082009941339493, 0.011049969121813774, 0.07992193847894669, 0.02877623401582241, 0.02127096801996231, 0.03466242179274559, 0.12013626843690872, 0.12998999655246735, 0.04480499401688576, 0.011558230035007, 0.0413898304104805, 0.10772097110748291, 0.07932870090007782, 0.03066202625632286, 0.12952390313148499, 0.1435225009918213, 0.04175111651420593, 0.028832338750362396, 0.08515974879264832, 0.09537588804960251, 0.048253417015075684, 0.14418314397335052, 0.0029233752284199, 0.06750337034463882, 0.11362478137016296, 0.0004224141302984208, 0.024354998022317886, 0.030847622081637383, 0.06698297709226608, 0.03531251102685928, 0.06876873224973679, 0.06834246218204498, 0.04155921936035156, 0.06634827703237534, 0.027016879990696907, 0.024098683148622513, 0.007574345450848341, 0.11927364766597748, 0.13168396055698395, 0.021203164011240005, 0.1260257214307785, 0.11469816416501999, 0.03632332384586334, 0.012481492012739182, 0.08036785572767258, 0.08579964190721512, 0.17591260373592377, 0.15032583475112915, 0.0710863471031189, 0.06926719099283218, 0.20686152577400208, 0.020224831998348236, 0.03149857744574547, 0.10913127660751343, 0.026389094069600105, 0.05421145260334015, 0.06150658056139946, 0.016521211713552475, 0.05883457139134407, 0.10548735409975052, 0.012733491137623787, 0.0638686791062355, 0.040517408400774, 0.06519395858049393, 0.012999908067286015, 0.13711737096309662, 0.08077482134103775, 0.05055789276957512, 0.11252874881029129, 0.12599055469036102, 0.1134711354970932, 0.091645248234272, 0.12950319051742554, 0.1509356051683426, 0.09094259142875671, 0.18282021582126617, 0.06980079412460327, 0.0964946374297142, 0.11967436224222183, 0.04176892340183258, 0.06251362711191177, 0.055815689265728, 0.03926016762852669, 0.07181350141763687, 0.05918336287140846]"
F55,"[0.043521106243133545, 0.08133389800786972, 0.0011537509271875024, 0.0407077930867672, 0.0001565178536111489, 0.021083729341626167, 0.012591403909027576, 0.010670844465494156, 0.05546974390745163, 0.03562936186790466, 0.0002685812651179731, 0.0593281164765358, 0.05990571156144142, 0.06203274056315422, 0.04008219391107559, 0.05683274567127228, 0.011402826756238937, 0.04928366094827652, 0.06835886090993881, 0.06907210499048233, 0.007937539368867874, 0.07322662323713303, 0.11035338044166565, 0.010318273678421974, 0.014891082420945168, 0.06758615374565125, 0.0077858357690274715, 0.09117419272661209, 0.020896829664707184, 0.022018173709511757, 0.052634347230196, 0.05970010161399841, 0.0028015528805553913, 0.05857580527663231, 0.018386028707027435, 0.025816617533564568, 0.0017842482775449753, 0.06661690026521683, 0.07608409970998764, 0.028279896825551987, 0.024254612624645233, 0.009902200661599636, 0.031499527394771576, 0.008645998314023018, 0.002313754288479686, 0.017062844708561897, 0.032501302659511566, 0.02678665705025196, 0.0034316726960241795, 0.040051836520433426, 0.03115447238087654, 0.08068979531526566, 0.007820865139365196, 0.04901060461997986, 0.02182157151401043, 0.07372865825891495, 0.08261819928884506, 0.01728128083050251, 0.06601722538471222, 0.0038020373322069645, 0.05264199152588844, 0.09733866155147552, 0.035465020686388016, 0.01150501985102892, 0.04077507555484772, 0.09626293182373047, 0.0464925616979599, 0.11126433312892914, 0.03664568066596985, 0.07237369567155838, 0.03898092359304428, 0.018283501267433167, 0.067213274538517, 0.014162643812596798, 0.10680588334798813, 0.0974876806139946, 0.016352763399481773, 0.02144578844308853, 0.05298712104558945, 0.04938526824116707, 0.1075548455119133, 0.09571288526058197, 0.015210721641778946, 0.12211232632398605, 0.009630058892071247, 0.014421859756112099, 0.012744942680001259, 0.03416117653250694, 0.030606050044298172, 0.0874302014708519, 0.1017262265086174, 0.06232639402151108, 0.01021667942404747, 0.10958031564950943, 0.0033659397158771753, 0.05163106694817543, 0.09099732339382172, 0.008369031362235546, 0.0364883728325367, 0.051536571234464645, 0.06657865643501282, 0.028560658916831017, 0.12064540386199951, 0.09584912657737732, 0.0017666106577962637, 0.0392858050763607, 0.02677728794515133, 0.008371626026928425, 0.00234586582519114, 0.024709759280085564, 0.05550733208656311, 0.003973434679210186, 0.08179852366447449, 0.04802703857421875, 0.016723597422242165, 0.06941641867160797, 0.015869800001382828, 0.04646620154380798, 0.07987586408853531, 0.060076747089624405, 0.13914582133293152, 0.07956063002347946, 0.059701792895793915, 0.06112000346183777, 0.04541929066181183, 0.02452716790139675, 0.04528212919831276, 0.022715730592608452]"
F56,"[0.0007945031393319368, 0.0041466946713626385, 0.001829742919653654, 0.0073561836034059525, 0.00395106989890337, 0.004717828705906868, 0.006461776327341795, 0.001055839005857706, 0.007723310496658087, 0.0012957175495103002, 0.000724822049960494, 0.001834993134252727, 0.004583475645631552, 0.00032080698292702436, 0.005730362609028816, 0.0075655183754861355, 0.004834301304072142, 0.0024564904160797596, 0.004692281596362591, 0.00048237512237392366, 0.006023563910275698, 0.002867761068046093, 0.002917930483818054, 0.006785850040614605, 0.0037080051843076944, 0.007894521579146385, 0.0026432315353304148, 0.001147993840277195, 0.004010916221886873, 0.007992505095899105, 0.009614705108106136, 0.000424529513111338, 0.0064641437493264675, 0.004230461549013853, 0.0017871871823444963, 0.0030083120800554752, 3.352409521539812e-06, 0.00880116131156683, 0.0012375122169032693, 0.0002649328380357474, 0.0009667255217209458, 0.007490002084523439, 0.0025126924738287926, 0.0005387661512941122, 0.007280042860656977, 0.006582236848771572, 0.005958318244665861, 0.0013768390053883195, 0.00035326179931871593, 0.0004291084478609264, 0.0007904437952674925, 0.0017439727671444416, 0.002663549268618226, 0.0008198649738915265, 0.004072993528097868, 0.006095562130212784, 0.007956677116453648, 0.004913322161883116, 0.004938127472996712, 0.0018058634595945477, 0.0025951710995286703, 0.006904746405780315, 0.007789628580212593, 0.00693089934065938, 0.0015603690408170223, 0.0003794431977439672, 0.0020882084500044584, 0.006340510211884975, 0.003303965087980032, 0.0007914407760836184, 0.0067110853269696236, 0.00965387374162674, 0.01108123455196619, 0.007652284111827612, 0.0015319837257266045, 0.005499267019331455, 0.007078409660607576, 0.00015686529513914138, 0.0028952329885214567, 0.0031696977093815804, 0.008469643071293831, 0.005535013973712921, 0.007328422740101814, 0.011258861050009727, 0.0010988782159984112, 0.006434679497033358, 0.0009366281447000802, 0.008209006860852242, 0.0019500799244269729, 0.003987302538007498, 0.011358261108398438, 0.0010821223258972168, 0.0010266228346154094, 0.0025780757423490286, 0.0014219011645764112, 0.003213116666302085, 0.001861095312051475, 0.007049157749861479, 0.0017728853272274137, 0.0042043100111186504, 0.0022435931023210287, 0.004823687020689249, 0.011100049130618572, 0.0020692755933851004, 0.0036063191946595907, 0.0013047750107944012, 0.006849838886409998, 1.7534019207232632e-05, 8.332532161148265e-05, 0.0032354567665606737, 0.007148719858378172, 0.00803492870181799, 0.004071385134011507, 0.00048517785035073757, 0.0038521629758179188, 0.009233222343027592, 0.0007106029661372304, 0.006253957282751799, 0.002287251641973853, 0.0031701745465397835, 0.009143184870481491, 0.002050955779850483, 0.004187494050711393, 0.003559149568900466, 0.00012339174281805754, 0.0025303494185209274, 0.003982465248554945, 0.004106322303414345]"
F57,"[0.08342372626066208, 0.02480323798954487, 0.018192341551184654, 0.12094321846961975, 0.08520972728729248, 0.03574760630726814, 0.07744359225034714, 0.007538919802755117, 0.05853584036231041, 0.16676045954227448, 0.1178169697523117, 0.017571518197655678, 0.006392244249582291, 0.13855284452438354, 0.09989563375711441, 0.046697359532117844, 0.11639276891946793, 0.13906735181808472, 0.06072376295924187, 0.0881132259964943, 0.0010147308930754662, 0.061792630702257156, 0.05713648721575737, 0.1554030478000641, 0.04863923043012619, 0.033925969153642654, 0.04384168982505798, 0.10708711296319962, 0.005007443018257618, 0.008530964143574238, 0.0014576790854334831, 0.07445941865444183, 0.05277974531054497, 0.10976137965917587, 0.07845580577850342, 0.10377836972475052, 0.09026170521974564, 0.003637079382315278, 0.06756530702114105, 0.04951095953583717, 0.016005398705601692, 0.06509251147508621, 0.09248385578393936, 0.06864681094884872, 0.11018634587526321, 0.017655087634921074, 0.0029189439956098795, 0.042512197047472, 0.016194164752960205, 0.05053957179188728, 0.1033787876367569, 0.028183309361338615, 0.11824873834848404, 0.0711638405919075, 0.1133289709687233, 0.09681903570890427, 0.07831888645887375, 0.11266285181045532, 0.0622357614338398, 0.038288459181785583, 0.058456409722566605, 0.011248993687331676, 0.04301134869456291, 0.005548792891204357, 0.030259698629379272, 0.03213631734251976, 0.09271076321601868, 0.05039859563112259, 0.006300139706581831, 0.009799808263778687, 0.048052433878183365, 0.022544657811522484, 0.14030422270298004, 0.07454229891300201, 0.0031938261818140745, 0.012006707489490509, 0.052283816039562225, 0.0605555959045887, 0.03463376313447952, 0.04757176339626312, 0.06767464429140091, 0.0002599633007775992, 0.07502329349517822, 0.09265697747468948, 0.0064067835919559, 0.0338798351585865, 0.0400194451212883, 0.07076866924762726, 0.01525958813726902, 0.08887533098459244, 0.019205445423722267, 0.11930930614471436, 0.0825369656085968, 0.12596194446086884, 0.06914179772138596, 0.04011336341500282, 0.007209641858935356, 0.03229570388793945, 0.053737394511699677, 0.0003854731621686369, 0.08262690156698227, 0.11979258060455322, 0.10940670222043991, 0.023787373676896095, 0.11468347162008286, 0.030345845967531204, 0.1273629069328308, 0.022788841277360916, 0.13088388741016388, 0.02091086097061634, 0.020730121061205864, 0.012466615997254848, 0.05791065841913223, 0.07896538078784943, 0.05564410611987114, 0.008942374028265476, 0.06639638543128967, 0.15169967710971832, 0.08277588337659836, 0.053844813257455826, 0.0035573188215494156, 0.07969728112220764, 0.07550293207168579, 0.13686183094978333, 0.07081855088472366, 0.015020512975752354, 0.047275837510824203, 0.10268689692020416]"
F58,"[0.007693420629948378, 0.025636285543441772, 0.016543066129088402, 0.004939660429954529, 0.0010567746357992291, 0.02759023755788803, 0.003493111813440919, 0.004981037229299545, 0.0018863518489524722, 0.0024110402446240187, 0.009022890590131283, 0.0017027644207701087, 0.013621917925775051, 0.025302529335021973, 0.013630233705043793, 0.0008857267093844712, 0.01469526905566454, 0.03247945010662079, 0.02707686834037304, 0.020487861707806587, 0.023601563647389412, 0.0012498395517468452, 0.001629179809242487, 0.01834193803369999, 0.0008929535397328436, 0.0037421395536512136, 0.004238121677190065, 0.004927719943225384, 0.0005808668211102486, 0.022207200527191162, 0.02202952653169632, 0.010910232551395893, 0.0036111786030232906, 0.001850392553023994, 0.019190777093172073, 0.016444122418761253, 0.007911799475550652, 0.02146010659635067, 0.002557631814852357, 0.01028413139283657, 0.018242863938212395, 0.006197515409439802, 0.01215174701064825, 0.014278479851782322, 0.017618468031287193, 0.016013910993933678, 0.022087479010224342, 0.007607479114085436, 0.011824747547507286, 0.001491228467784822, 0.0015533213736489415, 0.01603451743721962, 0.008440397679805756, 0.0037565003149211407, 0.007094975560903549, 0.01837906427681446, 0.01390017382800579, 0.014825578778982162, 0.01946442946791649, 0.01063478458672762, 0.003162987530231476, 0.014483312144875526, 0.015322119928896427, 0.008643534034490585, 0.0004278880951460451, 0.00912356749176979, 0.0053467825055122375, 0.017081985250115395, 0.013092610985040665, 0.007705226540565491, 0.001138439285568893, 0.013538834638893604, 0.004920443054288626, 0.02216099575161934, 0.007892441004514694, 0.012198509648442268, 0.017115125432610512, 0.011815404519438744, 0.01155796181410551, 0.0026206159964203835, 0.004857467487454414, 0.0058144936338067055, 0.009178713895380497, 0.01789461076259613, 0.018202783539891243, 0.009338093921542168, 0.020804109051823616, 0.008944467641413212, 0.0037240097299218178, 0.0005227599176578224, 0.02855614200234413, 0.004180428571999073, 0.007293215952813625, 0.00039179634768515825, 0.020001474767923355, 0.010420693084597588, 0.005929083563387394, 0.012192219495773315, 0.014330556616187096, 0.0016631769249215722, 0.012202538549900055, 0.009055458940565586, 0.013516574166715145, 0.018549703061580658, 0.015257144346833229, 0.0028469718527048826, 0.011964959092438221, 0.01423571165651083, 0.011101632378995419, 0.001576154725626111, 0.007742531597614288, 0.017088616266846657, 0.01105885673314333, 0.008900086395442486, 0.030852830037474632, 0.010214375331997871, 0.008643345907330513, 0.0029584160074591637, 0.01529943011701107, 0.010598985478281975, 0.005749985110014677, 0.014276675879955292, 0.019221456721425056, 0.02776593714952469, 2.669449895620346e-05, 0.02818475477397442, 0.005657356232404709, 0.015277949161827564]"
F59,"[0.006012892350554466, 0.012277577072381973, 0.010935031808912754, 0.01081333588808775, 0.010921317152678967, 0.003977213054895401, 0.00937911868095398, 0.01438118889927864, 0.011908985674381256, 0.014594110660254955, 0.00042555038817226887, 0.000828817137517035, 0.006163452751934528, 0.012259437702596188, 0.009038264863193035, 0.011418555863201618, 0.007845246233046055, 0.002850607270374894, 0.013145213946700096, 0.01943087950348854, 0.004769735969603062, 0.011799013242125511, 0.019955681636929512, 0.016497967764735222, 0.01739976368844509, 0.011762331239879131, 0.005981974303722382, 0.009615663439035416, 0.0007676642271690071, 0.013537867926061153, 0.013171717524528503, 0.010859806090593338, 0.01923779956996441, 0.014230647124350071, 0.012792617082595825, 0.0028336811810731888, 0.01710578240454197, 0.000493146013468504, 0.00038455051253549755, 0.0029423609375953674, 0.0061429208144545555, 0.018053647130727768, 0.020455865189433098, 5.696763037121855e-05, 0.008974609896540642, 0.006615008227527142, 0.006416323594748974, 0.0008989290799945593, 0.007206969894468784, 0.013798581436276436, 0.009860824793577194, 0.001148120267316699, 0.0014917480293661356, 0.002486508572474122, 0.005772495176643133, 0.015441861934959888, 0.013932263478636742, 0.00019804495968855917, 0.002161640441045165, 0.004882080480456352, 0.012616296298801899, 0.024491971358656883, 0.021920206025242805, 0.0058292546309530735, 0.009025401435792446, 0.019599461928009987, 0.017469458281993866, 0.012671522796154022, 0.008226321078836918, 0.013552509248256683, 0.003440337022766471, 0.028182625770568848, 0.004984159488230944, 0.009089645929634571, 0.019878119230270386, 0.008318210020661354, 0.015097427181899548, 0.02055349014699459, 0.000510224315803498, 0.009432904422283173, 0.010298161767423153, 0.023173794150352478, 0.016050411388278008, 0.004808416590094566, 0.0020755247678607702, 0.01699152961373329, 0.005443586502224207, 0.023541593924164772, 0.007167214993387461, 0.01233476959168911, 0.0001259483688045293, 0.012835112400352955, 0.0041000558994710445, 0.0036246119998395443, 0.00991905014961958, 0.020137162879109383, 0.017889194190502167, 0.003753637196496129, 0.0038544831331819296, 0.011543248780071735, 0.003030659630894661, 0.019449232146143913, 0.010322104208171368, 0.010027310810983181, 0.0004163583798799664, 0.020466309040784836, 0.0042355176992714405, 0.005655758548527956, 0.009382827207446098, 0.009095744229853153, 0.007155901286751032, 0.008285646326839924, 0.010686449706554413, 0.021569062024354935, 0.0019589660223573446, 0.0068869758397340775, 0.00020565265731420368, 0.02422855794429779, 0.005196171812713146, 0.0037288374733179808, 0.010870285332202911, 0.009856252931058407, 0.010624440386891365, 0.014751476235687733, 0.008879945613443851, 0.007158882450312376, 0.007318628020584583, 0.012970230542123318]"
F60,"[0.017529025673866272, 0.0012279098154976964, 0.012717155739665031, 0.005780286155641079, 0.0010975131299346685, 0.02214137278497219, 0.016678515821695328, 0.0019211489707231522, 0.01139185018837452, 0.00820793304592371, 0.004060762468725443, 0.011419269256293774, 0.0030154678970575333, 0.02891140803694725, 0.00622347230091691, 0.012462197802960873, 0.0037829268258064985, 0.0016048271209001541, 0.0012133122654631734, 0.004729336127638817, 0.0061232480220496655, 0.002137207891792059, 0.002035298850387335, 0.012462485581636429, 0.02339036948978901, 0.014197204262018204, 0.001902386429719627, 0.013820705935359001, 0.022722426801919937, 6.207436672411859e-05, 0.003932472318410873, 0.009798488579690456, 0.0095021678134799, 0.0025488752871751785, 0.026217907667160034, 0.0022798324935138226, 0.00932357832789421, 0.02638406679034233, 0.008148151449859142, 0.005170695949345827, 0.009162909351289272, 0.022364512085914612, 0.011360352858901024, 0.013102611526846886, 0.007840175181627274, 0.018462110310792923, 0.004748267121613026, 0.0060255881398916245, 0.0003883067984133959, 0.0013087032129988074, 0.01853138394653797, 0.01918863318860531, 0.008876481093466282, 0.004186544567346573, 0.01930335909128189, 0.00839041918516159, 0.0006864519091323018, 0.008520929142832756, 0.019838770851492882, 0.0025689215399324894, 0.0054443771950900555, 0.008357545360922813, 0.017660463228821754, 0.011833561584353447, 0.01424042135477066, 0.0029526965226978064, 0.018074221909046173, 0.003527962602674961, 0.002626161789521575, 0.022485926747322083, 0.0008395420154556632, 0.004495041910558939, 0.0016517301555722952, 0.006174661219120026, 0.014535592868924141, 0.008341258391737938, 0.007627828046679497, 0.00928450282663107, 0.0032167281024158, 0.010212089866399765, 0.0019034914439544082, 0.0065579647198319435, 0.0050228131003677845, 0.011431528255343437, 0.0048659443855285645, 0.007768033072352409, 0.016513757407665253, 0.0195729099214077, 0.009733598679304123, 0.0018458671402186155, 4.931323928758502e-05, 0.011002612300217152, 0.005979769863188267, 0.0038630838971585035, 0.0022767751943320036, 0.007947769947350025, 0.019558271393179893, 0.002158711664378643, 0.0129069983959198, 0.02366022951900959, 0.002450684318318963, 0.029710369184613228, 0.007375973742455244, 0.021976063027977943, 0.023508362472057343, 0.007122863549739122, 0.0168545413762331, 0.006867785472422838, 0.005128250923007727, 0.021749867126345634, 0.0046682208776474, 0.002458134200423956, 0.010311366058886051, 0.00025843092589639127, 0.00836270209401846, 0.012303164228796959, 0.019025111570954323, 0.004053106531500816, 0.0015704566612839699, 0.024600282311439514, 0.018437732011079788, 0.013267172500491142, 0.022299623116850853, 0.0214970912784338, 0.012629532255232334, 0.009984984993934631, 0.021017318591475487, 0.022144565358757973]"
F61,"[0.0021605906076729298, 0.012251144275069237, 0.015877217054367065, 0.01639925315976143, 0.008113788440823555, 0.00834709033370018, 0.009484170004725456, 0.009173552505671978, 0.018136411905288696, 0.006942737381905317, 0.007340658456087112, 0.006610941607505083, 0.020985007286071777, 0.003019843017682433, 0.0097013209015131, 0.002387124579399824, 0.01470994297415018, 0.01958422362804413, 0.018968189135193825, 0.014542226679623127, 0.010446597822010517, 0.013110478408634663, 0.009386356920003891, 0.014021588489413261, 0.0022388529032468796, 0.010700313374400139, 0.0013196540530771017, 0.006979338824748993, 0.0073424652218818665, 0.012519700452685356, 0.006623756140470505, 0.003930671606212854, 0.003414132399484515, 0.003975577652454376, 0.005137846805155277, 0.01026761531829834, 0.018062232062220573, 0.00015299180813599378, 0.01298703532665968, 0.017372002825140953, 0.002136683091521263, 0.004578921478241682, 0.0008873868500813842, 0.0030670426785945892, 0.0019001502078026533, 0.01345936767756939, 0.0006330495234578848, 0.009382177144289017, 0.003908749669790268, 0.007430751342326403, 0.004201020114123821, 0.015892744064331055, 0.0033314041793346405, 0.012225189246237278, 0.009841098450124264, 0.010989590547978878, 0.00558663671836257, 0.004892169963568449, 0.007220686413347721, 0.014841338619589806, 0.004392412956804037, 0.004604386165738106, 0.009840409271419048, 0.010406740009784698, 0.011577688157558441, 0.013788829557597637, 0.011592595838010311, 0.0005410058656707406, 0.017845947295427322, 0.00581719446927309, 0.01943991333246231, 0.007982246577739716, 0.005039580632001162, 0.009737050160765648, 0.0005821413942612708, 0.02020048163831234, 0.013103727251291275, 0.00553232803940773, 0.00016454621800221503, 0.008648795075714588, 0.017253492027521133, 0.024891356006264687, 0.009860295802354813, 0.018221214413642883, 0.022783862426877022, 0.011522444896399975, 0.006732034031301737, 0.010931267403066158, 0.015329640358686447, 0.02159310318529606, 0.0016949810087680817, 0.01933487318456173, 0.006844023708254099, 0.004889384843409061, 0.005781941115856171, 0.004005525726824999, 0.02582910843193531, 0.009857222437858582, 0.009740399196743965, 0.002740143798291683, 0.013328627683222294, 0.006127780303359032, 0.01622018963098526, 0.0038561380933970213, 0.007745975162833929, 0.0034573387820273638, 0.014763280749320984, 0.000644117419142276, 0.005689747165888548, 0.02445540763437748, 0.0006687246495857835, 0.02052421309053898, 0.0070250388234853745, 0.0039148819632828236, 0.008135657757520676, 0.0038654122035950422, 0.004725240170955658, 0.011483389884233475, 0.016501668840646744, 0.001957103842869401, 0.01007006224244833, 0.004404481966048479, 0.026389621198177338, 0.008362318389117718, 0.0017358689801767468, 0.005632314365357161, 0.0025892741978168488, 0.002357904799282551]"
F62,"[0.008450893685221672, 0.013009234331548214, 0.011308878660202026, 0.008001894690096378, 0.016215858981013298, 0.006429748609662056, 0.0033711614087224007, 0.014750413596630096, 0.020146721974015236, 0.004816623404622078, 0.008073417469859123, 0.0041870735585689545, 0.006877817679196596, 0.027263939380645752, 0.01468250434845686, 0.022637683898210526, 0.016752928495407104, 0.0025266078300774097, 4.562230515148258e-06, 0.011619784869253635, 0.017046071588993073, 0.012236186303198338, 0.0014241840690374374, 0.0020426528062671423, 0.007835542783141136, 0.0045779249630868435, 0.0207634549587965, 0.0013502498622983694, 0.007243724539875984, 0.011863237246870995, 0.010859784670174122, 0.0063590700738132, 0.012520037591457367, 0.0011232144897803664, 0.012358535081148148, 0.00800342857837677, 0.019601941108703613, 0.012706425040960312, 0.011180817149579525, 0.006578577216714621, 0.022282613441348076, 0.019423261284828186, 0.016370687633752823, 0.007829565554857254, 0.009067735634744167, 0.010230240412056446, 0.008626251481473446, 0.008473874069750309, 0.014388885349035263, 0.0019063354702666402, 0.007337289396673441, 0.0034085747320204973, 0.002427842700853944, 0.007123371120542288, 0.0028567786794155836, 0.002322014421224594, 0.0010505735408514738, 0.017946310341358185, 0.01612168736755848, 0.01480916514992714, 0.0038119168020784855, 0.005560658872127533, 0.013542519882321358, 0.001476747216656804, 0.006433691829442978, 0.003998461179435253, 0.0027093193493783474, 0.014502845704555511, 0.014835196547210217, 0.009762476198375225, 0.0030998217407613993, 0.0151791637763381, 0.008386521600186825, 0.006190738175064325, 0.01094884891062975, 0.024677813053131104, 0.006714413408190012, 0.01044059731066227, 0.0025964381638914347, 0.012824179604649544, 0.006703091319650412, 0.007021581754088402, 0.012056264095008373, 0.0027714308816939592, 0.02329740673303604, 0.012613044120371342, 0.0012176558375358582, 0.00408211862668395, 0.020411161705851555, 0.028450537472963333, 0.014046018011868, 0.0010726253967732191, 0.007854226976633072, 0.006608748808503151, 0.011476238258183002, 0.0037760951090604067, 0.010638224892318249, 0.00134745251853019, 0.01443515159189701, 0.02447684481739998, 0.0038852901197969913, 0.02531907521188259, 0.009779728017747402, 0.0007112746243365109, 0.02259277179837227, 0.01566004753112793, 0.003334268694743514, 0.019887980073690414, 0.010727855376899242, 0.006814113352447748, 0.004352472722530365, 0.005425742827355862, 0.01104731485247612, 0.005688686855137348, 0.006496313959360123, 0.02111743949353695, 0.022931840270757675, 0.01936247944831848, 0.012880254536867142, 0.005671035964041948, 0.02018924243748188, 0.012709597125649452, 0.009836145676672459, 0.017488902434706688, 0.010693366639316082, 0.0013455506414175034, 0.009503459557890892, 0.008500463329255581]"
F63,"[0.016893906518816948, 0.033000025898218155, 0.02763090468943119, 0.0077588255517184734, 0.016773752868175507, 0.010542995296418667, 0.032471220940351486, 0.008376112207770348, 0.023941928520798683, 0.003374903229996562, 0.013638457283377647, 0.0029328258242458105, 0.01227355096489191, 0.022165492177009583, 0.016068316996097565, 0.021490849554538727, 0.02758440189063549, 0.001852360786870122, 0.015459553338587284, 0.026160214096307755, 0.005087635014206171, 0.0046738870441913605, 0.031219571828842163, 0.0005658383015543222, 0.03649252653121948, 0.02096707560122013, 0.033253323286771774, 0.006655013654381037, 0.007177343592047691, 0.022248534485697746, 0.011534885503351688, 0.028593575581908226, 0.026253629475831985, 0.0017546449089422822, 0.013365230523049831, 0.01576530747115612, 0.026016799733042717, 0.0007605267455801368, 0.03228459507226944, 0.006959091406315565, 0.013406376354396343, 0.02752990648150444, 0.026162298396229744, 0.03419509902596474, 0.027194859459996223, 0.011687438003718853, 0.011008484289050102, 0.01648661307990551, 0.013083408586680889, 0.015578912571072578, 0.0011042620753869414, 0.02412295714020729, 0.018575377762317657, 0.0034624263644218445, 0.010999615304172039, 0.013247722759842873, 0.004645941779017448, 0.028526775538921356, 0.0008655918063595891, 0.004604382906109095, 0.005100719165056944, 0.027731403708457947, 0.0025337333790957928, 0.02780810557305813, 0.02319507673382759, 0.014179165475070477, 0.013506278395652771, 0.002238790038973093, 0.002085132524371147, 0.008384318090975285, 0.0036257244646549225, 0.03097730129957199, 0.015624266117811203, 0.01386228110641241, 0.03339693322777748, 0.03864876553416252, 0.02368105761706829, 0.013451448641717434, 0.003428706666454673, 0.009518277831375599, 0.032031066715717316, 0.03359578177332878, 0.006682457868009806, 0.002544532297179103, 0.007342264521867037, 0.008014966733753681, 0.004825362470000982, 0.018491001799702644, 0.02958039380609989, 0.027722250670194626, 0.001267413841560483, 0.0013248672476038337, 0.0007914284360595047, 0.010269539430737495, 2.2270565750659443e-05, 0.01039951853454113, 0.0008222407777793705, 0.000280974229099229, 0.00569807318970561, 0.009950363077223301, 0.0011838620994240046, 0.004604630172252655, 0.017386706545948982, 0.020182805135846138, 0.024063512682914734, 0.022751742973923683, 0.029175931587815285, 0.00703435530886054, 0.0027261029463261366, 0.005333019886165857, 0.03364795818924904, 0.010687428526580334, 0.02910638600587845, 0.03211279958486557, 0.010475541464984417, 0.009820806793868542, 0.01363832876086235, 0.017150333151221275, 0.015209535136818886, 5.497380334418267e-05, 0.00816767942160368, 0.023427050560712814, 0.006226256024092436, 0.007234476041048765, 7.904651283752173e-05, 0.006882610730826855, 0.02749728411436081, 0.001843067235313356]"
F64,"[0.07997534424066544, 0.024790363386273384, 0.07311754673719406, 0.03246302530169487, 0.07557785511016846, 0.03454030305147171, 0.005509654060006142, 0.00489222863689065, 0.015566093847155571, 0.10095710307359695, 0.09382588416337967, 0.10366596281528473, 0.003638330614194274, 0.04761907458305359, 0.0329812616109848, 0.02759741246700287, 0.0029130899347364902, 0.09741880744695663, 0.0180671289563179, 0.04357080161571503, 0.07612808048725128, 0.043045178055763245, 0.09158121049404144, 0.03743999823927879, 0.13198314607143402, 0.03892332315444946, 0.04140874370932579, 0.04473895579576492, 0.12497293949127197, 0.05146706476807594, 0.04326588660478592, 0.046704795211553574, 0.008218761533498764, 0.02145260199904442, 0.04579528048634529, 0.022142071276903152, 0.026258952915668488, 0.03830479830503464, 0.09060303121805191, 0.09129226952791214, 0.02743786759674549, 0.02179860882461071, 0.03949979692697525, 0.04965120181441307, 0.03498394414782524, 0.055586811155080795, 0.09557607024908066, 0.026234926655888557, 0.03165237978100777, 0.03185297176241875, 0.021886447444558144, 0.08403809368610382, 0.09919141978025436, 0.04273479804396629, 0.027778666466474533, 0.03270803019404411, 0.058440200984478, 0.04108859971165657, 0.010412999428808689, 0.055241718888282776, 0.05888088792562485, 0.08409196883440018, 0.06566713750362396, 0.04615230858325958, 0.13417650759220123, 0.042380623519420624, 0.12261147797107697, 0.01878410018980503, 0.018349526450037956, 0.04460957646369934, 0.032308511435985565, 0.08492710441350937, 0.0748809203505516, 0.024973338469862938, 0.03878382220864296, 0.08236588537693024, 0.03750026226043701, 0.05185913294553757, 0.12229877710342407, 0.016373736783862114, 0.0821727067232132, 0.17571507394313812, 0.005588739179074764, 0.06283479928970337, 0.017562536522746086, 0.05769643932580948, 0.042567312717437744, 0.06200256198644638, 0.01600687950849533, 0.13485418260097504, 0.16199995577335358, 0.00583683094009757, 0.07417088001966476, 0.08758192509412766, 0.08680074661970139, 0.09815553575754166, 0.15677157044410706, 0.060695286840200424, 0.052971210330724716, 0.03779955953359604, 0.04590411111712456, 0.13472284376621246, 0.007365863770246506, 0.0961485281586647, 0.04854082688689232, 0.012954415753483772, 0.0064924415200948715, 0.025387289002537727, 0.0036911892239004374, 0.03210275247693062, 0.07668625563383102, 0.0683518648147583, 0.04707733541727066, 0.011000229977071285, 0.05638963356614113, 0.03976646810770035, 0.04292300343513489, 0.04569297656416893, 0.031782958656549454, 0.024781007319688797, 0.08877719193696976, 0.03763047605752945, 0.01785283535718918, 0.01660788431763649, 0.021186547353863716, 0.025025958195328712, 0.09174630045890808, 0.07109715789556503]"
F65,"[0.07275614142417908, 0.06010313332080841, 0.025250179693102837, 0.022191885858774185, 0.029250051826238632, 0.0007452777936123312, 0.0058617135509848595, 0.01009376160800457, 0.000670853944029659, 0.06963543593883514, 0.05307504162192345, 0.010180932469666004, 0.014301407150924206, 0.022217774763703346, 0.023568641394376755, 0.036465439945459366, 0.029061026871204376, 0.05698389187455177, 0.05136891081929207, 0.07466137409210205, 6.046006819815375e-05, 0.11476487666368484, 0.13632211089134216, 0.050830598920583725, 0.021637480705976486, 0.02678719349205494, 0.042191870510578156, 0.06372557580471039, 0.06360291689634323, 0.045599982142448425, 0.08550518751144409, 0.00909730140119791, 0.026246195659041405, 0.11469069868326187, 0.09005779027938843, 0.10258913785219193, 0.0246664360165596, 0.023329390212893486, 0.04222378507256508, 0.013794992119073868, 0.14053142070770264, 0.11024689674377441, 0.004527925048023462, 0.0422695055603981, 0.00905239675194025, 0.07397888600826263, 0.1483626514673233, 0.03342548385262489, 0.08893393725156784, 0.034108515828847885, 0.05790721997618675, 0.014964752830564976, 0.028268348425626755, 0.06963923573493958, 0.055427588522434235, 0.023827066645026207, 0.04254104942083359, 0.1422828882932663, 0.047959309071302414, 0.015018031932413578, 0.07970993965864182, 0.07980582118034363, 0.08979771286249161, 0.06751744449138641, 0.058081116527318954, 0.0873475894331932, 0.03545227274298668, 0.015026076696813107, 0.04819019138813019, 0.035129252821207047, 0.014928415417671204, 0.015933576971292496, 0.010231465101242065, 0.03296474739909172, 0.08565327525138855, 0.03790329024195671, 0.08223386853933334, 0.023620428517460823, 0.03423783928155899, 0.01915671117603779, 0.03251869976520538, 0.04301372915506363, 0.04667287319898605, 0.054880786687135696, 0.09308828413486481, 0.019320562481880188, 0.007487444207072258, 0.03218778595328331, 0.02407444454729557, 0.07581137865781784, 0.11191673576831818, 0.0011116212699562311, 0.07960265874862671, 0.06215503811836243, 0.06870531290769577, 0.01098509319126606, 0.06476082652807236, 0.02485043555498123, 0.005868849810212851, 0.040136534720659256, 0.024668505415320396, 0.03640579432249069, 0.06813521683216095, 0.11531657725572586, 0.12821857631206512, 0.08546996116638184, 0.02534046396613121, 0.061367955058813095, 0.03235216438770294, 0.002839539898559451, 0.016214832663536072, 0.0011445366544649005, 0.0491764172911644, 0.09061786532402039, 0.002794118132442236, 0.041555680334568024, 0.027641957625746727, 0.04279068112373352, 0.014456654898822308, 0.12429754436016083, 0.0043976497836411, 0.0384870283305645, 0.06729526817798615, 0.006243128329515457, 0.10706286132335663, 0.06810705363750458, 0.0229472853243351, 0.00023120698460843414]"
F66,"[0.15803368389606476, 0.01454099453985691, 0.010006051510572433, 0.05119463801383972, 0.08297117799520493, 0.13254618644714355, 0.07129378616809845, 0.11962740868330002, 0.05257362499833107, 0.06431648880243301, 0.002672420348972082, 0.12245544046163559, 0.07806941866874695, 0.0905195027589798, 0.0760333389043808, 0.008314240723848343, 0.03281725198030472, 0.041283685714006424, 0.13048936426639557, 0.016185251995921135, 0.05877973884344101, 0.05365091189742088, 0.10919550806283951, 0.1455555409193039, 0.0811174139380455, 0.030386412516236305, 0.0804387703537941, 0.043715476989746094, 0.042106859385967255, 0.11895542591810226, 0.16418948769569397, 0.14027386903762817, 0.017978282645344734, 0.021673129871487617, 0.08512254804372787, 0.08976864069700241, 0.014104402624070644, 0.06889902055263519, 0.03959179297089577, 0.08852159976959229, 0.010224172845482826, 0.14797429740428925, 0.056030601263046265, 0.07604075968265533, 0.021925227716565132, 0.001513108960352838, 0.05267193540930748, 0.07107213884592056, 0.03670618683099747, 0.021620504558086395, 0.0823214203119278, 0.025932716205716133, 0.04326339811086655, 0.024001963436603546, 0.012981302104890347, 0.019338812679052353, 0.05379718542098999, 0.17942343652248383, 0.015867913141846657, 0.039750076830387115, 0.15576690435409546, 0.03702673316001892, 0.0460212305188179, 0.00583617202937603, 0.06989443302154541, 0.039091385900974274, 0.016562722623348236, 0.09363224357366562, 0.13050960004329681, 0.044437434524297714, 0.10435005277395248, 0.08816980570554733, 0.0782601535320282, 0.07867381721735, 0.0036898786202073097, 0.038239408284425735, 0.04180321469902992, 0.14422398805618286, 0.1465597003698349, 0.16902469098567963, 0.03727995231747627, 0.01471984013915062, 0.17624932527542114, 0.02239741012454033, 0.0744088664650917, 0.0897231325507164, 0.12839901447296143, 0.097122423350811, 0.11243011057376862, 0.0669136717915535, 0.1011403426527977, 0.010206225328147411, 0.024101179093122482, 0.09699887037277222, 0.1973143219947815, 0.1652805209159851, 0.08174498379230499, 0.007415497675538063, 0.03725024312734604, 0.004205045755952597, 0.07092125713825226, 0.03312434256076813, 0.0019129592692479491, 0.11488866060972214, 0.0781460627913475, 0.014048951677978039, 0.01644843816757202, 0.15000101923942566, 0.049739379435777664, 0.10967060923576355, 0.21178025007247925, 0.13543251156806946, 0.09812212735414505, 0.09953545033931732, 0.044722892343997955, 0.10452408343553543, 0.05392787232995033, 0.016144268214702606, 0.07330669462680817, 0.1398129016160965, 0.019276466220617294, 0.0023991253692656755, 0.023130035027861595, 0.042577534914016724, 0.08381369709968567, 0.13316980004310608, 0.12477251887321472, 0.11380212008953094]"
F67,"[0.03040717914700508, 0.010687284171581268, 0.006663145497441292, 0.004926236812025309, 0.009022676385939121, 0.008119570091366768, 0.014585355296730995, 0.010977938771247864, 0.01440941821783781, 0.0280626080930233, 0.015298756770789623, 0.0023607967887073755, 0.00871488731354475, 0.0011760409688577056, 0.025432255119085312, 0.01492525264620781, 0.010017949156463146, 0.03156592324376106, 0.016354046761989594, 0.03162958845496178, 0.031753458082675934, 0.00169305969029665, 0.021674778312444687, 0.008306445553898811, 0.03649352490901947, 0.03833621367812157, 0.021461090072989464, 0.003662961767986417, 0.004461818374693394, 0.04223567619919777, 0.030861100181937218, 0.0248090997338295, 0.0262420866638422, 0.03372493013739586, 0.0007595914066769183, 0.02750120498239994, 0.022603703662753105, 0.011834189295768738, 0.00941817183047533, 0.025020800530910492, 0.016218891367316246, 0.041813842952251434, 0.005614826921373606, 0.038048435002565384, 0.016502076759934425, 0.01735699735581875, 0.04578806832432747, 0.013815504498779774, 0.013192201964557171, 0.014060361310839653, 0.01642131246626377, 0.02891426533460617, 0.0322219543159008, 0.02320479042828083, 0.008421092294156551, 0.005312538705766201, 0.022041046991944313, 0.020208802074193954, 0.021637514233589172, 0.022769024595618248, 0.02455870248377323, 0.012930280528962612, 0.019773216918110847, 0.00012141303159296513, 0.04683800786733627, 0.017361273989081383, 0.012511104345321655, 0.034816842526197433, 0.01461759116500616, 0.011960958130657673, 0.01497269980609417, 0.05115008354187012, 0.004228499718010426, 0.01582624949514866, 0.010139540769159794, 0.042563941329717636, 0.011070682667195797, 0.0348384827375412, 0.015522955916821957, 0.01181848719716072, 0.0381302535533905, 0.007110430393368006, 0.013481713831424713, 0.019166354089975357, 0.04704669862985611, 0.010301382280886173, 0.011583687737584114, 0.018952161073684692, 0.029274098575115204, 0.010148906148970127, 0.028348000720143318, 0.022497715428471565, 0.010790640488266945, 0.014445985667407513, 0.05522426962852478, 0.02716085873544216, 0.010260026901960373, 0.005462166853249073, 0.022387031465768814, 0.005046832840889692, 0.024777600541710854, 0.04094473272562027, 0.012412229552865028, 0.033877816051244736, 0.01094221044331789, 0.012952135875821114, 0.03139956295490265, 0.009635894559323788, 0.03730251267552376, 0.016415772959589958, 0.012417725287377834, 0.003658801317214966, 0.007877967320382595, 0.01975558139383793, 0.026401806622743607, 0.034611620008945465, 0.03264114633202553, 0.02302880398929119, 0.004124573897570372, 0.010960923507809639, 0.0030091905500739813, 0.022396134212613106, 0.03665919229388237, 0.003561412449926138, 0.01657237857580185, 0.011030679568648338, 0.017965298146009445, 0.047766175121068954]"
F68,"[0.0, 0.0, 0.0, 0.0, 0.0, 0.0, 0.0, 0.0, 0.0, 0.0, 0.0, 0.0, 0.0, 0.0, 0.0, 0.0, 0.0, 0.0, 0.0, 0.0, 0.0, 0.0, 0.0, 0.0, 0.0, 0.0, 0.0, 0.0, 0.0, 0.0, 0.0, 0.0, 0.0, 0.0, 0.0, 0.0, 0.0, 0.0, 0.0, 0.0, 0.0, 0.0, 0.0, 0.0, 0.0, 0.0, 0.0, 0.0, 0.0, 0.0, 0.0, 0.0, 0.0, 0.0, 0.0, 0.0, 0.0, 0.0, 0.0, 0.0, 0.0, 0.0, 0.0, 0.0, 0.0, 0.0, 0.0, 0.0, 0.0, 0.0, 0.0, 0.0, 0.0, 0.0, 0.0, 0.0, 0.0, 0.0, 0.0, 0.0, 0.0, 0.0, 0.0, 0.0, 0.0, 0.0, 0.0, 0.0, 0.0, 0.0, 0.0, 0.0, 0.0, 0.0, 0.0, 0.0, 0.0, 0.0, 0.0, 0.0, 0.0, 0.0, 0.0, 0.0, 0.0, 0.0, 0.0, 0.0, 0.0, 0.0, 0.0, 0.0, 0.0, 0.0, 0.0, 0.0, 0.0, 0.0, 0.0, 0.0, 0.0, 0.0, 0.0, 0.0, 0.0, 0.0, 0.0, 0.0]"
F69,"[0.008550675585865974, 0.027328938245773315, 0.0779251828789711, 0.02597952075302601, 0.04191266745328903, 0.05788359418511391, 0.08486844599246979, 0.18508484959602356, 0.07567655295133591, 0.05217893421649933, 0.05260854586958885, 0.004355858080089092, 0.017626669257879257, 0.12870413064956665, 0.01789284497499466, 0.050879694521427155, 0.05142365023493767, 0.06940855085849762, 0.06655006110668182, 0.100286565721035, 0.05648975074291229, 0.02161400206387043, 0.017344260588288307, 0.044813740998506546, 0.034559208899736404, 0.026992687955498695, 0.03642789646983147, 0.05597863346338272, 0.050589047372341156, 0.01880459673702717, 0.05777478218078613, 0.004046812653541565, 0.005887642968446016, 0.013221931643784046, 0.050269223749637604, 0.10512438416481018, 0.046504247933626175, 0.06547234207391739, 0.015251150354743004, 0.03142860531806946, 0.023948628455400467, 0.07049098610877991, 0.031664423644542694, 0.06289878487586975, 0.018686387687921524, 0.005606661085039377, 0.06370288133621216, 0.09323059767484665, 0.031809959560632706, 0.01418270729482174, 0.02985706552863121, 0.05859748646616936, 0.02240675315260887, 0.02253616228699684, 0.03484460711479187, 0.044635046273469925, 0.03846015781164169, 0.043346941471099854, 0.011080452241003513, 0.15442317724227905, 0.11533045023679733, 0.01328831072896719, 0.02181542105972767, 0.05577236786484718, 0.0721181333065033, 0.058088045567274094, 0.015907829627394676, 0.035127539187669754, 0.052632249891757965, 0.040730129927396774, 0.012449628673493862, 0.015743263065814972, 0.042746447026729584, 0.030851200222969055, 0.15371762216091156, 0.012585202232003212, 0.09253931790590286, 0.1437685787677765, 0.05268195644021034, 0.012666365131735802, 0.0006605124799534678, 0.004357270896434784, 0.07538757473230362, 0.052271679043769836, 0.11036383360624313, 0.008414740674197674, 0.03385471552610397, 0.04149262234568596, 0.015672815963625908, 0.059413276612758636, 0.029735155403614044, 0.047657884657382965, 0.11288086324930191, 0.08430978655815125, 0.049401331692934036, 0.007384400814771652, 0.08889314532279968, 0.011925368569791317, 0.04067346081137657, 0.1196170300245285, 0.1299085170030594, 0.047791872173547745, 0.0071488190442323685, 0.041961174458265305, 0.029182737693190575, 0.05866504833102226, 0.043598152697086334, 0.03424173593521118, 0.03938860446214676, 0.05827248841524124, 0.08538446575403214, 0.05199429392814636, 0.014993774704635143, 0.00919269397854805, 0.0031329726334661245, 0.019316570833325386, 0.06595458835363388, 0.0274761114269495, 0.0025010029785335064, 0.018174918368458748, 0.001254627830348909, 0.08395430445671082, 0.05946663022041321, 0.0596318319439888, 0.0025624274276196957, 0.0560591034591198, 0.05043694004416466, 0.01836027204990387]"
F70,"[0.0, 0.0, 0.0, 0.0, 0.0, 0.0, 0.0, 0.0, 0.0, 0.0, 0.0, 0.0, 0.0, 0.0, 0.0, 0.0, 0.0, 0.0, 0.0, 0.0, 0.0, 0.0, 0.0, 0.0, 0.0, 0.0, 0.0, 0.0, 0.0, 0.0, 0.0, 0.0, 0.0, 0.0, 0.0, 0.0, 0.0, 0.0, 0.0, 0.0, 0.0, 0.0, 0.0, 0.0, 0.0, 0.0, 0.0, 0.0, 0.0, 0.0, 0.0, 0.0, 0.0, 0.0, 0.0, 0.0, 0.0, 0.0, 0.0, 0.0, 0.0, 0.0, 0.0, 0.0, 0.0, 0.0, 0.0, 0.0, 0.0, 0.0, 0.0, 0.0, 0.0, 0.0, 0.0, 0.0, 0.0, 0.0, 0.0, 0.0, 0.0, 0.0, 0.0, 0.0, 0.0, 0.0, 0.0, 0.0, 0.0, 0.0, 0.0, 0.0, 0.0, 0.0, 0.0, 0.0, 0.0, 0.0, 0.0, 0.0, 0.0, 0.0, 0.0, 0.0, 0.0, 0.0, 0.0, 0.0, 0.0, 0.0, 0.0, 0.0, 0.0, 0.0, 0.0, 0.0, 0.0, 0.0, 0.0, 0.0, 0.0, 0.0, 0.0, 0.0, 0.0, 0.0, 0.0, 0.0]"
F71,"[0.008532440289855003, 0.00408936757594347, 0.002301891567185521, 0.01636081375181675, 0.00644100783392787, 0.010204529389739037, 0.01721261441707611, 0.01599263772368431, 0.015183371491730213, 0.004234675783663988, 0.012514016591012478, 0.009204612113535404, 0.015619336627423763, 0.006111191585659981, 0.04443154111504555, 0.0157410129904747, 0.023899132385849953, 0.013453581370413303, 0.012787625193595886, 0.011569881811738014, 0.01398602407425642, 0.01953607052564621, 0.012866546399891376, 0.023577149957418442, 0.013746011070907116, 0.01597285456955433, 0.01602899469435215, 0.03401569649577141, 0.029988260939717293, 0.008294442668557167, 0.0010324795730412006, 0.009144920855760574, 0.018919937312602997, 0.01662851870059967, 0.001139579457230866, 0.011090677231550217, 0.0322255901992321, 0.002717504510655999, 0.009259444661438465, 0.02301281876862049, 0.03679884970188141, 0.009445436298847198, 0.015408107079565525, 0.015607966110110283, 0.011731511913239956, 0.001156569691374898, 0.0026595727540552616, 0.022672541439533234, 0.020973635837435722, 0.010634610429406166, 0.020853672176599503, 0.027672717347741127, 0.02846590243279934, 0.022627128288149834, 0.0037961434572935104, 0.019339896738529205, 0.011548059061169624, 0.0030630589462816715, 0.015228113159537315, 0.04009660333395004, 0.026533111929893494, 0.023585544899106026, 0.04623314365744591, 0.015620436519384384, 0.001660324283875525, 0.004332645796239376, 0.01234486699104309, 0.0010076044127345085, 0.0025205849669873714, 0.010076886974275112, 0.003902704454958439, 0.006707319058477879, 0.01561778038740158, 0.019964484497904778, 0.02036426030099392, 0.012661379761993885, 0.029930904507637024, 0.010446680709719658, 0.005621921271085739, 0.02373151294887066, 0.02299724519252777, 0.02635008655488491, 0.030737122520804405, 0.015473893843591213, 0.0004890242125838995, 0.005477061495184898, 0.02179439179599285, 0.01678706333041191, 0.009809867478907108, 0.00020769188995473087, 0.011697687208652496, 0.021555127575993538, 0.011929240077733994, 0.007327535655349493, 0.01928831823170185, 0.00916846003383398, 0.012111649848520756, 0.013795173726975918, 0.0032165900338441133, 0.008127850480377674, 0.008902200497686863, 0.024616550654172897, 0.000584869587328285, 0.024555303156375885, 0.009368851780891418, 0.010004880838096142, 0.0020500821992754936, 0.009633013047277927, 0.018943684175610542, 0.006177447736263275, 0.012029560282826424, 0.00919307954609394, 0.016003470867872238, 0.003815039526671171, 0.029955852776765823, 0.017493121325969696, 0.05392182245850563, 0.0038441817741841078, 0.003323941258713603, 0.006880938075482845, 0.03725484386086464, 0.018279682844877243, 0.0023804884403944016, 0.016747454181313515, 0.0077164024114608765, 0.016342921182513237, 0.0037310777697712183, 0.02709205262362957]"
F72,"[0.016112705692648888, 0.012436630204319954, 0.013743874616920948, 0.01923159323632717, 0.012008112855255604, 0.01594221591949463, 0.009646322578191757, 0.004184776451438665, 0.012284464202821255, 0.008140801452100277, 0.007798437960445881, 0.013930394314229488, 0.0021458002738654613, 0.005375722888857126, 0.0043148472905159, 0.0006347279995679855, 0.000979245058260858, 0.012653321027755737, 0.001627459074370563, 0.0023627246264368296, 0.009051132015883923, 0.005812536459416151, 0.011903648264706135, 0.017466936260461807, 0.00902972836047411, 0.01827176846563816, 0.0076135811395943165, 0.004658188670873642, 0.01869276538491249, 0.006503477692604065, 0.015070178546011448, 0.0017877666978165507, 0.01158310379832983, 0.01095511857420206, 0.0045585124753415585, 0.0024903796147555113, 0.009049373678863049, 0.013555984012782574, 0.005059955175966024, 0.00418474618345499, 0.0018443255685269833, 0.006015671882778406, 0.0025848732329905033, 0.00269603100605309, 0.01093275286257267, 0.0010339553700760007, 0.013517038896679878, 0.008389751426875591, 0.004781123250722885, 0.00972361396998167, 0.009708167985081673, 0.0029878299683332443, 0.010017681866884232, 0.008033407852053642, 0.004755653440952301, 0.009709406644105911, 0.007461648900061846, 0.004471066407859325, 0.00498343026265502, 0.014469875954091549, 0.0032429462298750877, 0.002477044705301523, 0.002947274362668395, 0.011420550756156445, 0.007086424622684717, 0.008815998211503029, 0.02014472894370556, 0.00903129018843174, 0.0004393787821754813, 0.011671650223433971, 0.010321499779820442, 0.000568252697121352, 0.006581494584679604, 0.0003638593771029264, 0.0001926765835378319, 0.005333162844181061, 0.0044890777207911015, 0.012834697030484676, 0.012496532872319221, 0.012823961675167084, 0.014910825528204441, 0.004410839173942804, 0.004027577117085457, 0.009099049493670464, 0.01291582640260458, 0.003573215799406171, 0.006364917848259211, 0.0006753713823854923, 0.004812407307326794, 0.01096116378903389, 0.0021880955900996923, 0.007731079123914242, 0.0029506844002753496, 0.0049652159214019775, 0.0051676370203495026, 0.0037013955879956484, 0.005100984126329422, 0.012414935044944286, 0.001991866622120142, 0.002746353391557932, 0.007854059338569641, 0.00897733774036169, 0.0008306826348416507, 0.011331072077155113, 0.0008538179099559784, 0.0008491013431921601, 0.0004803341580554843, 0.0040814559906721115, 0.013682379387319088, 0.005453834775835276, 0.00516991363838315, 0.004897756967693567, 0.012893167324364185, 0.0035485764965415, 0.015502813272178173, 0.007875882089138031, 0.009110786952078342, 0.010266228578984737, 0.0029412962030619383, 0.003696122672408819, 0.0114246541634202, 0.006790947634726763, 0.004410852678120136, 0.006731717847287655, 0.01708921045064926, 0.0149427130818367, 0.012337046675384045, 0.01177476067095995]"
F73,"[0.0031770411878824234, 0.010710875503718853, 0.008660363964736462, 0.010747537948191166, 0.007917403243482113, 0.01047523133456707, 0.002934232586994767, 0.0013593051116913557, 0.009279838763177395, 0.010352601297199726, 0.002172590931877494, 0.0015834319638088346, 0.0013607684522867203, 0.013085276819765568, 0.007282477803528309, 0.00459588598459959, 0.00016905987286008894, 7.03787081874907e-05, 0.006766340229660273, 0.006852015852928162, 0.012554732151329517, 0.008845754899084568, 0.012836997397243977, 0.0030953509267419577, 0.0012250874424353242, 0.00993786659091711, 0.004479638766497374, 0.008671034127473831, 0.010649590753018856, 0.003242704551666975, 0.007643239572644234, 0.002344394801184535, 0.006090026814490557, 0.005770006682723761, 0.008934125304222107, 0.0020058189984411, 0.007942995056509972, 0.011974233202636242, 0.008036483079195023, 0.0016682877903804183, 0.004053141921758652, 0.0003606400277931243, 0.010050146840512753, 0.0072030904702842236, 0.006360796745866537, 0.0017504009883850813, 0.00937323272228241, 0.011721993796527386, 0.0109328618273139, 0.012536780908703804, 0.005294176749885082, 0.011343813501298428, 0.005131640937179327, 0.004911649040877819, 0.004721218720078468, 0.005669300444424152, 0.01126846019178629, 0.006189040839672089, 0.0023132755886763334, 0.0015008511254563928, 6.642649532295763e-05, 0.0029855198226869106, 0.0024042881559580564, 0.010938765481114388, 0.009696077555418015, 0.0015934495022520423, 0.0065809800289571285, 0.008134535513818264, 0.00659785745665431, 0.011030420660972595, 0.0037979648914188147, 0.009470164775848389, 0.004579557571560144, 0.009345886297523975, 0.008250032551586628, 0.004845733754336834, 0.004164134152233601, 0.009798086248338223, 0.004064255394041538, 0.010700171813368797, 0.00369343557395041, 0.0008641846943646669, 0.006189803592860699, 0.0035217024851590395, 0.006989153567701578, 0.0008657530415803194, 0.0009764962596818805, 0.0035787560045719147, 0.0033612195402383804, 0.0018722020322456956, 0.015484325587749481, 0.0025850164238363504, 0.004557155072689056, 0.0100584477186203, 0.015317371115088463, 0.008323957212269306, 0.010852325707674026, 0.0005704710492864251, 0.003606427228078246, 0.0010782884201034904, 0.007377295289188623, 0.008974321186542511, 0.0026189552154392004, 0.012796223163604736, 0.009075760841369629, 0.005445871967822313, 0.01118642371147871, 0.0026671336963772774, 0.005611351225525141, 0.008641213178634644, 0.0052102128975093365, 0.007090697064995766, 0.012125219218432903, 0.006892694626003504, 0.0011732077691704035, 0.0002901795960497111, 0.009297146461904049, 0.00010118988575413823, 0.010474862530827522, 0.0024290678557008505, 0.009905737824738026, 0.008967846632003784, 0.011158417910337448, 0.004787968471646309, 0.008288213983178139, 0.0042121680453419685, 0.007110917009413242, 0.003206436987966299]"
F74,"[0.01628715917468071, 0.021170809864997864, 0.005569505505263805, 0.006853198166936636, 0.009430056437849998, 0.0003315585490781814, 0.006072918884456158, 0.00300710485316813, 0.002941135549917817, 0.023201463744044304, 0.002096550539135933, 0.02339990623295307, 0.013068018481135368, 0.0014329723780974746, 0.0014411209849640727, 0.002830474404618144, 0.012739373371005058, 0.007544496096670628, 0.010047214105725288, 0.016942407935857773, 0.021564124152064323, 0.01618483103811741, 0.0011973738437518477, 0.012063194997608662, 0.0021687583066523075, 0.0047833858989179134, 0.0024998404551297426, 0.014396268874406815, 0.0002234182902611792, 0.002806894015520811, 0.023045850917696953, 0.0051470231264829636, 0.007057381793856621, 0.01338256150484085, 0.019740810617804527, 0.004220773931592703, 0.00400652177631855, 0.0078021022491157055, 0.00735085504129529, 0.002561767352744937, 0.0076466756872832775, 0.0065726242028176785, 0.0053830817341804504, 0.005915867164731026, 0.01542233768850565, 0.0060925292782485485, 0.01961379684507847, 0.021628256887197495, 0.011606105603277683, 0.016748342663049698, 0.004698624834418297, 0.000607555964961648, 0.005687284283339977, 0.006557706277817488, 0.005106453783810139, 0.02003086917102337, 0.011351033113896847, 0.021291980519890785, 0.01833534799516201, 0.002957375720143318, 0.00015927257481962442, 0.009919111616909504, 0.011180764064192772, 0.0076353237964212894, 0.018418924883008003, 0.009001403115689754, 0.003409213852137327, 0.011895286850631237, 0.01081196591258049, 0.002895812736824155, 0.007095239125192165, 0.030071279034018517, 0.013156799599528313, 0.012645159848034382, 0.027219077572226524, 0.03252311050891876, 0.005024378187954426, 0.02246774733066559, 0.007259028498083353, 0.0003175788442604244, 0.0028287917375564575, 0.0006412992370314896, 0.014822795055806637, 0.030102144926786423, 0.012141337618231773, 0.029116252437233925, 0.007560418918728828, 0.019959531724452972, 0.005870999302715063, 0.019139401614665985, 0.017928533256053925, 0.0049648829735815525, 0.0027316880878061056, 0.004694614093750715, 0.026506522670388222, 0.022724637761712074, 0.007278236094862223, 0.018238490447402, 0.023284047842025757, 0.0426001250743866, 0.006155781447887421, 0.004415853414684534, 0.02482564188539982, 0.00013499928172677755, 0.0018830227199941874, 0.009840212762355804, 0.005243654828518629, 0.015283886343240738, 0.0014755084412172437, 0.00031787596526555717, 0.014273110777139664, 0.0011820187792181969, 0.004438933450728655, 0.0057145594619214535, 0.006097144912928343, 0.006585429422557354, 0.02148440293967724, 0.010579667054116726, 0.005786647088825703, 0.0033682910725474358, 0.025698475539684296, 0.010135175660252571, 0.004684716463088989, 0.010915533639490604, 0.0017041589599102736, 0.020023467019200325, 0.02117227017879486, 0.013803776353597641]"
F75,"[0.0016531392466276884, 0.004893876612186432, 0.00456622801721096, 0.008136514574289322, 0.0058505116030573845, 0.0077894944697618484, 0.0027385170105844736, 0.0016076345928013325, 0.0009474492399021983, 0.006842465605586767, 0.008872011676430702, 0.006581470835953951, 0.0017545503797009587, 0.003903667675331235, 0.0035799313336610794, 0.007024523802101612, 0.008222353644669056, 0.001956603256985545, 0.004056408070027828, 0.001981344074010849, 0.0009649929124861956, 0.005259549245238304, 0.009774661622941494, 0.0021321445237845182, 0.005004578270018101, 0.008405260741710663, 0.01057454850524664, 0.0007006748928688467, 0.003956666216254234, 0.0034471086692065, 0.011748936027288437, 0.010553277097642422, 0.005686440970748663, 0.00035716380807571113, 0.008161554113030434, 0.007607949897646904, 0.007688301615417004, 0.0077189113944768906, 9.489930562267546e-06, 0.0004983754479326308, 0.011171963065862656, 0.009068146347999573, 0.004025486297905445, 0.006672506686300039, 0.012288926169276237, 0.011913643218576908, 0.00322641059756279, 0.004870128817856312, 0.010460973717272282, 0.005665923934429884, 0.0050161294639110565, 0.004052803851664066, 0.0008673035772517323, 0.006667544133961201, 0.0003190687275491655, 0.013605429790914059, 0.0011516143567860126, 0.0014755174051970243, 0.002212970284745097, 0.009901498444378376, 0.011106646619737148, 0.005113997496664524, 0.01096209604293108, 0.002683559199795127, 0.003034963272511959, 0.00431445986032486, 0.00920077133923769, 0.015628663823008537, 0.006634647026658058, 0.004304619040340185, 0.0028767099138349295, 0.00495864637196064, 0.0069109415635466576, 0.010345442220568657, 0.0006231055594980717, 0.021866241469979286, 0.0005355256726033986, 0.0045449803583323956, 0.0017805250827223063, 0.007807029876857996, 0.00959901325404644, 0.01073689479380846, 0.0026219403371214867, 0.0058815074153244495, 0.009075088426470757, 0.005195013713091612, 0.0003548663225956261, 0.00476484652608633, 0.006988730281591415, 0.006762640550732613, 0.011384068056941032, 0.004493130836635828, 0.008491392247378826, 0.0032774023711681366, 0.002283288398757577, 0.011739240027964115, 0.013105612248182297, 0.004790090024471283, 0.0003831163630820811, 0.0198319461196661, 0.0050221337005496025, 0.010827270336449146, 0.0015560679603368044, 0.006123548839241266, 0.008005642332136631, 0.0119551420211792, 0.0045690229162573814, 0.0015344030689448118, 0.009334532544016838, 0.0027341877575963736, 0.0015874386299401522, 0.0063351779244840145, 0.008360862731933594, 0.005211017094552517, 0.011678427457809448, 0.014439129270613194, 0.001593555323779583, 0.01474667526781559, 0.0011170214274898171, 0.002151144901290536, 0.017604883760213852, 0.00975142139941454, 0.007354556582868099, 0.0022773987147957087, 0.005218734033405781, 0.006151795852929354, 0.006572279147803783, 0.006292087957262993]"
F76,"[0.09631482511758804, 0.0777878537774086, 0.0020523632410913706, 0.06955066323280334, 0.08928338438272476, 0.05908617377281189, 0.056392852216959, 0.004255327861756086, 0.036698296666145325, 0.042656052857637405, 0.01230709534138441, 0.049324799329042435, 0.1139361634850502, 0.03996261581778526, 0.03570323437452316, 0.14099310338497162, 0.060229696333408356, 0.12492477148771286, 0.007653526961803436, 0.023693472146987915, 0.08221651613712311, 0.06501216441392899, 0.1193324476480484, 0.07471225410699844, 0.013554878532886505, 0.023157857358455658, 0.0892009437084198, 0.009052573703229427, 0.04238208010792732, 0.034662581980228424, 0.022601237520575523, 0.078445203602314, 0.017363959923386574, 0.008726561442017555, 0.08151818811893463, 0.027169687673449516, 0.011541048064827919, 0.015106718055903912, 0.05080738291144371, 0.024928534403443336, 0.0672922432422638, 0.12378411740064621, 0.016977719962596893, 0.0010518650524318218, 0.00529456464573741, 0.06783414632081985, 0.0118747279047966, 0.04355530068278313, 0.015579154714941978, 0.008352882228791714, 0.02930888906121254, 0.03427748382091522, 0.0067889089696109295, 0.05990619212388992, 0.09840737283229828, 0.03723350912332535, 0.020317217335104942, 0.09676791727542877, 0.10218577831983566, 0.018177514895796776, 0.044336892664432526, 0.030222352594137192, 0.09872930496931076, 0.03455875441431999, 0.07433643192052841, 0.03827768191695213, 0.07507319003343582, 0.012232543900609016, 0.00525541789829731, 0.0917992889881134, 0.0610167533159256, 0.024497007951140404, 0.034766655415296555, 0.08383320271968842, 0.06387875974178314, 0.08885268121957779, 0.038930099457502365, 0.017741253599524498, 0.02748897485435009, 0.03225984796881676, 0.0012095952406525612, 0.05915900319814682, 0.03757509961724281, 0.0398453064262867, 0.07801993191242218, 0.036264754831790924, 0.06716234236955643, 0.08332493156194687, 0.12768299877643585, 0.11028657853603363, 0.08745666593313217, 0.044746801257133484, 0.04256601631641388, 0.05682186037302017, 0.031244026497006416, 0.058220673352479935, 0.0780172348022461, 0.04037519171833992, 0.0184942539781332, 0.02779225818812847, 0.10515614598989487, 0.09812653064727783, 0.036558978259563446, 0.0658358484506607, 0.05259467288851738, 0.02762898989021778, 0.0006393049261532724, 0.07707788050174713, 0.04952448979020119, 0.017916977405548096, 0.04919193312525749, 0.0011788225965574384, 0.03482329845428467, 0.025012938305735588, 0.07681058347225189, 0.1353227198123932, 0.0513375885784626, 0.12364082783460617, 0.013999313116073608, 0.030532505363225937, 0.11482657492160797, 0.04653960093855858, 0.03238363936543465, 0.03172595798969269, 0.04066258296370506, 0.06722278147935867, 0.025414854288101196, 0.04151083901524544]"
F77,"[0.1617574244737625, 0.0417785570025444, 0.08604966104030609, 0.09656856954097748, 0.11077313125133514, 0.13107489049434662, 0.12270672619342804, 0.17706148326396942, 0.06245935335755348, 0.031852420419454575, 0.0788949653506279, 0.10783730447292328, 0.09324609488248825, 0.012123988009989262, 0.09194515645503998, 0.06139371171593666, 0.1327991485595703, 0.08898452669382095, 0.12574270367622375, 0.07895636558532715, 0.03963145613670349, 0.03178554028272629, 0.059810537844896317, 0.1325717717409134, 0.002962780650705099, 0.20436283946037292, 0.11130260676145554, 0.1308082640171051, 0.02434336021542549, 0.010237861424684525, 0.08148360252380371, 0.04092824086546898, 0.1756529062986374, 0.07710517197847366, 0.022345926612615585, 0.1689920723438263, 0.1687735617160797, 0.15288254618644714, 0.0043701110407710075, 0.05773235112428665, 0.1358647346496582, 0.12549914419651031, 0.18142098188400269, 0.1894170492887497, 0.08339647948741913, 0.03140043839812279, 0.08502424508333206, 0.13300757110118866, 0.06770221143960953, 0.18861174583435059, 0.06136166676878929, 0.04457412660121918, 0.18320442736148834, 0.09534969925880432, 0.05751211568713188, 0.024829067289829254, 0.13818685710430145, 0.22229549288749695, 0.02190004289150238, 0.11998185515403748, 0.0359567254781723, 0.043479856103658676, 0.1372516006231308, 0.14691244065761566, 0.04582716152071953, 0.035500477999448776, 0.09576401114463806, 0.0752299502491951, 0.21347445249557495, 0.17740589380264282, 0.09198760241270065, 0.03493775427341461, 0.019627604633569717, 0.05248835310339928, 0.04133090004324913, 0.018225427716970444, 0.13751573860645294, 0.0017534842481836677, 0.12812450528144836, 0.11392505466938019, 0.04857662692666054, 0.10732988268136978, 0.11435569077730179, 0.0017200229922309518, 0.08910398185253143, 0.058463312685489655, 0.18631277978420258, 0.08564696460962296, 0.06597234308719635, 0.05346092954277992, 0.13255123794078827, 0.14185111224651337, 0.19218111038208008, 0.06716836243867874, 0.08125384896993637, 0.13808515667915344, 0.1110985204577446, 0.08546067029237747, 0.08105558902025223, 0.02629019133746624, 0.16199608147144318, 0.08311671763658524, 0.014558366499841213, 0.005333508364856243, 0.14101001620292664, 0.17844532430171967, 0.09267245978116989, 0.056962475180625916, 0.05504991114139557, 0.05838306248188019, 0.03426142781972885, 0.09018567949533463, 0.047294165939092636, 0.19518664479255676, 0.12290357798337936, 0.007817319594323635, 0.02907448261976242, 0.10616497695446014, 0.12694478034973145, 0.15777753293514252, 0.048965808004140854, 0.03581547737121582, 0.15955255925655365, 0.01597238890826702, 0.19917598366737366, 0.07349081337451935, 0.02234092354774475, 0.06323929131031036]"
F78,"[0.10955584049224854, 0.05059938132762909, 0.04606826975941658, 0.0075393239967525005, 0.0784914493560791, 0.05680595338344574, 0.08727850019931793, 0.05442842096090317, 0.08479338884353638, 0.10557255893945694, 0.061620671302080154, 0.11138787120580673, 0.01557840034365654, 0.042586393654346466, 0.032336317002773285, 0.02792752906680107, 0.1412576586008072, 0.07386112958192825, 0.1720099151134491, 0.0032783488277345896, 0.029329532757401466, 0.1546347588300705, 0.04352753981947899, 0.04809135943651199, 0.008549115620553493, 0.07977304607629776, 0.0930694043636322, 0.14349094033241272, 0.08879901468753815, 0.06321167945861816, 0.04855094850063324, 0.20954027771949768, 0.07699450850486755, 0.10878446698188782, 0.0335884653031826, 0.03160650283098221, 0.05463417246937752, 0.06502015888690948, 0.05825567990541458, 0.008208776824176311, 0.08821827918291092, 0.01878649741411209, 0.09393772482872009, 0.09342199563980103, 0.01148271281272173, 0.09833527356386185, 0.006621868349611759, 0.001577366841956973, 0.010464494116604328, 0.005090571008622646, 0.009746234863996506, 0.07973163574934006, 0.06886247545480728, 0.045056961476802826, 0.06511247903108597, 0.079307422041893, 0.049210596829652786, 0.057141631841659546, 0.031082114204764366, 0.03999767452478409, 0.12116758525371552, 0.0883336141705513, 0.08264247328042984, 0.03628292307257652, 0.1399538815021515, 0.07704226672649384, 0.023853560909628868, 0.031118249520659447, 0.040858861058950424, 0.06806057691574097, 0.04740259796380997, 0.13893644511699677, 0.08272194862365723, 0.04242146015167236, 0.1207459345459938, 0.07313801348209381, 0.039445117115974426, 0.18760141730308533, 0.02058107778429985, 0.020958084613084793, 0.0445619560778141, 0.01426653377711773, 0.004333049990236759, 0.030576571822166443, 0.13022398948669434, 0.12561923265457153, 0.006263690534979105, 0.10076345503330231, 0.0875619575381279, 0.029514292255043983, 0.10396800935268402, 0.058241911232471466, 0.0004218545800540596, 0.08958575129508972, 0.02871514856815338, 0.09417321532964706, 0.025076672434806824, 0.04448065161705017, 0.013911666348576546, 0.12581706047058105, 0.038911122828722, 0.004709998145699501, 0.06793700903654099, 0.029903728514909744, 0.05733973905444145, 0.04546789452433586, 0.03594919666647911, 0.08621875196695328, 0.10259026288986206, 0.059301573783159256, 0.0649486780166626, 0.12252230942249298, 0.009641086682677269, 0.014717048034071922, 0.041956041008234024, 0.1523459553718567, 0.00516725005581975, 0.17078331112861633, 0.07711873203516006, 0.11718279868364334, 0.14547909796237946, 0.013848777860403061, 0.09491971135139465, 0.11218848079442978, 0.0077660889364778996, 0.05825488641858101, 0.038400955498218536, 0.08062797039747238]"
F79,"[0.01854180172085762, 0.049896568059921265, 0.05455875024199486, 0.015539350919425488, 0.003053288208320737, 0.001959368120878935, 0.02200356312096119, 0.014858252368867397, 0.025567175820469856, 0.045864418148994446, 0.03767966106534004, 0.035864755511283875, 0.004888557363301516, 0.0027442730497568846, 0.005256349220871925, 0.02532852813601494, 0.01717054843902588, 0.0005930782062932849, 0.047001663595438004, 0.01636560447514057, 0.02988770604133606, 0.011960238218307495, 0.027101926505565643, 0.016457006335258484, 0.014099882915616035, 0.033413514494895935, 0.022222429513931274, 0.047190748155117035, 0.030045170336961746, 0.032198235392570496, 0.04473939538002014, 0.011904433369636536, 0.020512539893388748, 0.041665177792310715, 0.03274194896221161, 0.01587670110166073, 0.013769762590527534, 0.001128942472860217, 0.009783337824046612, 0.026596659794449806, 0.02219749055802822, 0.004179966636002064, 0.013591396622359753, 0.008914009667932987, 0.021857867017388344, 0.03359972685575485, 0.05278947949409485, 0.02456231787800789, 0.04837912321090698, 0.019048571586608887, 0.03189787268638611, 0.03915586322546005, 0.01891661435365677, 0.007809126283973455, 0.060681283473968506, 0.025585224851965904, 0.021313773468136787, 0.002343640197068453, 0.030088217929005623, 0.0048609040677547455, 0.04052652418613434, 0.007710797246545553, 0.027179449796676636, 0.0023877827916294336, 0.006851681042462587, 0.028135143220424652, 0.005178952123969793, 0.015182116068899632, 0.04300415888428688, 0.018556715920567513, 0.021672414615750313, 0.010907942429184914, 0.039796534925699234, 0.001361857634037733, 0.010249106213450432, 0.031162528321146965, 0.0027454823721200228, 0.025883257389068604, 0.03463233634829521, 0.02401573583483696, 0.021119968965649605, 0.005145234987139702, 0.012242314405739307, 0.05516752973198891, 0.006331572309136391, 0.02504158206284046, 0.021198678761720657, 0.03538565710186958, 0.029215635731816292, 0.059415243566036224, 0.00637039402499795, 0.026074156165122986, 0.01372559554874897, 0.0052129230462014675, 0.016508957371115685, 0.0378013476729393, 0.03339846432209015, 0.005282879341393709, 0.03303682431578636, 0.02314128912985325, 0.005229135975241661, 0.0051081120036542416, 0.0425419881939888, 0.020516930148005486, 0.04548510164022446, 0.005854916293174028, 0.04665866866707802, 0.014872602187097073, 0.01376502774655819, 0.013250257819890976, 0.0328555703163147, 0.011598316952586174, 0.04947696998715401, 0.02233143150806427, 0.013306011445820332, 0.013325990177690983, 0.017482155933976173, 0.027594486251473427, 0.004438257776200771, 0.03792451694607735, 0.02034926600754261, 0.031116921454668045, 0.013544682413339615, 0.023278815671801567, 0.021728958934545517, 0.02569613978266716, 0.04122199863195419, 0.025445282459259033]"
F80,"[0.030421406030654907, 0.01804022118449211, 0.005540864076465368, 0.004211872816085815, 0.01030791737139225, 0.022687995806336403, 0.017106570303440094, 0.000807802309282124, 0.013871916569769382, 0.009975435212254524, 0.006005076225847006, 0.0035621244460344315, 0.02771131508052349, 0.003786073997616768, 0.009963820688426495, 0.007565631531178951, 0.0015103233745321631, 0.01617112010717392, 0.01667916215956211, 0.011405137367546558, 0.007720913738012314, 0.016439251601696014, 0.0038294605910778046, 0.006666846573352814, 0.002461496274918318, 0.020152248442173004, 0.005232502706348896, 0.0017816417384892702, 0.01654018834233284, 0.014469214715063572, 0.00870316568762064, 0.00038486841367557645, 0.0202237069606781, 0.003878683550283313, 0.014405934140086174, 0.012549524195492268, 0.014285862445831299, 0.016907189041376114, 0.01988224871456623, 0.006770509760826826, 0.02308444119989872, 0.011773569509387016, 0.012547111138701439, 0.0039724321104586124, 0.020305132493376732, 0.004191635642200708, 0.0022589233703911304, 0.012097329832613468, 0.016042066738009453, 0.006267596501857042, 0.00568806380033493, 0.009779313579201698, 0.01693902537226677, 0.0064404914155602455, 0.01150219514966011, 0.0015565818175673485, 0.013058687560260296, 0.011557625606656075, 0.019785968586802483, 0.018608858808875084, 0.02012227661907673, 0.0025365997571498156, 0.007210472133010626, 0.004133311565965414, 0.00630940729752183, 0.0034580985084176064, 0.002836364321410656, 0.0005609244690276682, 0.019251996651291847, 0.008100094273686409, 0.0038536665961146355, 0.019963912665843964, 0.006752961315214634, 0.012434888631105423, 0.009590654633939266, 0.006788184400647879, 0.0008079500985331833, 0.01327828224748373, 0.017346685752272606, 0.008209574967622757, 0.005318061914294958, 0.0013665629085153341, 0.015573651529848576, 0.006656917277723551, 0.019537096843123436, 0.003428050549700856, 0.01285623386502266, 0.012708083726465702, 0.006276637781411409, 0.017103303223848343, 0.018293719738721848, 0.01252800039947033, 0.003160812659189105, 0.005909842438995838, 0.01207458134740591, 0.002623004373162985, 0.00710343848913908, 0.009877432137727737, 0.013825550675392151, 0.004915987141430378, 0.006845422089099884, 0.007235554978251457, 0.007849270477890968, 0.006133802700787783, 0.013051273301243782, 0.010548667050898075, 0.018156828358769417, 0.005307276267558336, 0.01608850434422493, 0.010837982408702374, 0.012098337523639202, 0.02452046610414982, 0.008542451076209545, 0.017336329445242882, 0.01271813828498125, 0.008554528467357159, 0.017886627465486526, 0.012042033486068249, 0.011427058838307858, 0.008973067626357079, 0.005327946972101927, 0.012726952321827412, 0.01656625233590603, 0.004800095688551664, 0.014509066939353943, 0.014229976572096348, 0.0024516908451914787, 0.0045097703114151955]"
F81,"[0.005212397314608097, 0.004792024847120047, 0.04266282171010971, 0.04591429606080055, 0.0019708885811269283, 0.037974972277879715, 0.05502167344093323, 0.022051388397812843, 0.07544756680727005, 0.01989864930510521, 0.0890597403049469, 0.025930847972631454, 0.07335422933101654, 0.04844656214118004, 0.016388796269893646, 0.039330773055553436, 0.05635662376880646, 0.00520655931904912, 0.03817327693104744, 0.05568834766745567, 0.034474972635507584, 0.01901169680058956, 0.02147510088980198, 0.10573923587799072, 0.03259947896003723, 0.13867637515068054, 0.0009460461442358792, 0.09453509747982025, 0.0046066478826105595, 0.02454207092523575, 0.04097627475857735, 0.06484198570251465, 0.04594116657972336, 0.13635137677192688, 0.047791268676519394, 0.060254115611314774, 0.016226882115006447, 0.04056758061051369, 0.0044994051568210125, 0.07405295222997665, 0.015837710350751877, 0.0072393883019685745, 0.09096605330705643, 0.08756697922945023, 0.07362911105155945, 0.046118006110191345, 0.00032252343953587115, 0.014795470982789993, 0.07377765327692032, 0.16606548428535461, 0.04446699097752571, 0.049660611897706985, 0.09593384712934494, 0.1186307966709137, 0.08590562641620636, 0.06357818841934204, 0.004354530945420265, 0.044087983667850494, 0.030339771881699562, 0.0715508759021759, 0.0030990149825811386, 0.012607749551534653, 0.04378979653120041, 0.036246877163648605, 0.03898636996746063, 0.06221678853034973, 0.08752693980932236, 0.0011561599094420671, 0.06981589645147324, 0.15369758009910583, 0.07693157345056534, 0.011306600645184517, 0.042973048985004425, 0.0023668594658374786, 0.12702946364879608, 0.025670383125543594, 0.04166710749268532, 0.05033660680055618, 0.04349656403064728, 0.10109283030033112, 0.029827797785401344, 0.05394354462623596, 0.059223342686891556, 0.04236344248056412, 0.0336499847471714, 0.09989389777183533, 0.08353504538536072, 0.006395359989255667, 0.019235942512750626, 0.05877351760864258, 0.10545003414154053, 0.1126815602183342, 0.011229436844587326, 0.12818226218223572, 0.05386869236826897, 0.0899975523352623, 0.012157660908997059, 0.04068676754832268, 0.05005276948213577, 0.011839347891509533, 0.08325232565402985, 0.10284128040075302, 0.010697223246097565, 0.1077890694141388, 0.0942336916923523, 0.05147453024983406, 0.06790538132190704, 0.05770796537399292, 0.04637787863612175, 0.00928744301199913, 0.09244195371866226, 0.036922864615917206, 0.054713357239961624, 0.05456070974469185, 0.043641991913318634, 0.009940785355865955, 0.01682424359023571, 0.0385761559009552, 0.07335574179887772, 0.07025082409381866, 0.04395861551165581, 0.06091928482055664, 0.0460672602057457, 0.058330751955509186, 0.12870053946971893, 0.026335425674915314, 0.057851288467645645, 0.16218124330043793]"
F82,"[0.015148741193115711, 0.020348936319351196, 0.005423686467111111, 0.01081776712089777, 0.005814152769744396, 0.014067796058952808, 0.00045643115299753845, 0.003553313435986638, 4.697190524893813e-05, 0.012045089155435562, 0.005827039014548063, 0.025228118523955345, 0.0006383516010828316, 0.028651755303144455, 0.006674142088741064, 0.0070305028930306435, 0.005307537503540516, 0.003365551820024848, 0.018141670152544975, 0.006961674429476261, 0.0070693641901016235, 0.0038869772106409073, 0.02066841349005699, 0.004874680191278458, 0.004961749538779259, 0.005233434494584799, 0.013659434393048286, 0.01341549213975668, 0.015585030429065228, 4.171984619461e-05, 0.00023447828425560147, 0.0031394788529723883, 0.005170306656509638, 0.01237527746707201, 0.017832675948739052, 0.017257539555430412, 0.0012382182758301497, 0.003149956464767456, 0.019608136266469955, 0.026995152235031128, 0.017090292647480965, 0.01976054161787033, 0.015613558702170849, 0.01065138354897499, 0.0035617670509964228, 0.015838637948036194, 0.010405590757727623, 0.013515801168978214, 0.006010571029037237, 0.0070809535682201385, 0.0031521099153906107, 0.006525525823235512, 0.015873374417424202, 0.0009264954132959247, 0.007930446416139603, 0.019078711047768593, 0.006954677868634462, 0.003958181012421846, 0.0028765336610376835, 0.002790894592180848, 0.00658581405878067, 0.020171407610177994, 0.0016790360677987337, 0.008347641676664352, 0.015482082031667233, 0.011001032777130604, 0.0038335872814059258, 0.0022057942114770412, 0.001315747620537877, 0.018245290964841843, 0.006800608243793249, 0.01399745512753725, 0.0029380801133811474, 0.018477698788046837, 0.0003978806489612907, 0.023859739303588867, 0.0040008677169680595, 0.02452315017580986, 0.011151525191962719, 0.010753538459539413, 0.004370174370706081, 0.016586918383836746, 0.0006764116114936769, 0.004666817840188742, 0.018141278997063637, 0.005616862326860428, 0.006775259505957365, 0.02604694850742817, 0.0013130272272974253, 0.02275722473859787, 0.002611821051687002, 0.008308816701173782, 0.0010643941350281239, 0.007559382356703281, 0.02330450341105461, 0.002104574115946889, 0.000410150911193341, 0.0038402366917580366, 0.006019019987434149, 0.0011881558457389474, 0.008599870838224888, 0.004004375077784061, 0.009042537771165371, 0.0071457764133811, 0.009211044758558273, 0.0005684842471964657, 0.003995640203356743, 0.0037375695537775755, 0.012722632847726345, 0.0021031310316175222, 0.017588717862963676, 0.007860898040235043, 0.0077262879349291325, 0.0033047026954591274, 0.0016264946898445487, 0.008444728329777718, 0.008174218237400055, 0.0026134615764021873, 0.00028884891071356833, 0.014112686738371849, 0.0008635257836431265, 0.020134013146162033, 0.016441838815808296, 0.006875432096421719, 0.003697852836921811, 0.0046243383549153805, 0.014169089496135712, 0.003906237194314599]"
F83,"[0.020995084196329117, 0.013128334656357765, 0.05666827782988548, 0.010721906088292599, 0.009902813471853733, 0.018220162019133568, 0.02981874905526638, 0.029813053086400032, 0.02210911177098751, 0.01576261781156063, 0.048497073352336884, 0.03696984797716141, 0.032378457486629486, 0.03202756866812706, 0.020520279183983803, 0.032160717993974686, 0.008771785534918308, 0.01583215408027172, 0.04834400862455368, 0.014807297848165035, 0.019408389925956726, 0.04477852210402489, 0.04032622650265694, 0.018942998722195625, 0.009035534225404263, 0.03073333017528057, 0.015952138230204582, 0.07844151556491852, 0.017184481024742126, 0.001867489656433463, 0.02019902877509594, 0.019372841343283653, 0.002096989657729864, 0.051740944385528564, 0.03623635321855545, 0.03578416258096695, 0.004292520694434643, 0.028792785480618477, 0.015539337880909443, 0.014723094180226326, 0.024500565603375435, 0.046736110001802444, 0.008224982768297195, 0.01673409901559353, 0.011102910153567791, 0.008728955872356892, 0.035005711019039154, 0.03204083442687988, 0.022437848150730133, 0.009611611254513264, 0.013959916308522224, 0.030995938926935196, 0.032440200448036194, 0.003549128770828247, 0.08287601917982101, 0.03911625221371651, 0.012358497828245163, 0.022231243550777435, 0.016807975247502327, 0.008353803306818008, 0.01748005673289299, 0.026606855913996696, 0.031823158264160156, 0.040773432701826096, 0.02717590518295765, 0.059263501316308975, 0.02437083050608635, 0.024063948541879654, 0.02657049521803856, 0.027987193316221237, 0.027000989764928818, 0.04997881129384041, 0.04792981222271919, 0.02309558540582657, 0.02811347506940365, 0.011098617687821388, 0.018085520714521408, 0.006514726206660271, 0.0030553224496543407, 0.017579661682248116, 0.03781832754611969, 0.00884599331766367, 0.03430912271142006, 0.0015029358910396695, 0.026384063065052032, 0.02890804409980774, 0.010869686491787434, 0.010925312526524067, 0.027392758056521416, 0.0306727085262537, 0.04525198042392731, 0.028588710352778435, 0.035452794283628464, 0.024667395278811455, 0.02302967756986618, 0.031904276460409164, 0.009585901163518429, 0.025442475453019142, 0.023393912240862846, 0.03594054654240608, 0.01214611902832985, 0.02023329958319664, 0.03214246779680252, 0.021463757380843163, 0.03915676102042198, 0.029390159994363785, 0.027145210653543472, 0.023241154849529266, 0.024591920897364616, 0.024755405262112617, 0.012408139184117317, 0.04915127158164978, 0.046292126178741455, 0.01430315338075161, 0.026815522462129593, 0.015452126041054726, 0.018197469413280487, 0.02583424746990204, 0.005590996239334345, 0.030383609235286713, 0.03308235481381416, 0.04496053233742714, 0.02125205285847187, 0.02954454906284809, 0.01696537435054779, 0.02544885128736496, 0.04766594246029854, 0.0036334628239274025]"
F84,"[0.0, 0.0, 0.0, 0.0, 0.0, 0.0, 0.0, 0.0, 0.0, 0.0, 0.0, 0.0, 0.0, 0.0, 0.0, 0.0, 0.0, 0.0, 0.0, 0.0, 0.0, 0.0, 0.0, 0.0, 0.0, 0.0, 0.0, 0.0, 0.0, 0.0, 0.0, 0.0, 0.0, 0.0, 0.0, 0.0, 0.0, 0.0, 0.0, 0.0, 0.0, 0.0, 0.0, 0.0, 0.0, 0.0, 0.0, 0.0, 0.0, 0.0, 0.0, 0.0, 0.0, 0.0, 0.0, 0.0, 0.0, 0.0, 0.0, 0.0, 0.0, 0.0, 0.0, 0.0, 0.0, 0.0, 0.0, 0.0, 0.0, 0.0, 0.0, 0.0, 0.0, 0.0, 0.0, 0.0, 0.0, 0.0, 0.0, 0.0, 0.0, 0.0, 0.0, 0.0, 0.0, 0.0, 0.0, 0.0, 0.0, 0.0, 0.0, 0.0, 0.0, 0.0, 0.0, 0.0, 0.0, 0.0, 0.0, 0.0, 0.0, 0.0, 0.0, 0.0, 0.0, 0.0, 0.0, 0.0, 0.0, 0.0, 0.0, 0.0, 0.0, 0.0, 0.0, 0.0, 0.0, 0.0, 0.0, 0.0, 0.0, 0.0, 0.0, 0.0, 0.0, 0.0, 0.0, 0.0]"
F85,"[0.006452212110161781, 0.003017587121576071, 0.011869634501636028, 0.014558156952261925, 0.012835988774895668, 0.0005446127615869045, 0.004111176356673241, 0.0003116196603514254, 0.001778100267983973, 0.021883316338062286, 0.015401497483253479, 0.021322794258594513, 0.007925756275653839, 0.01754622720181942, 0.0025606441777199507, 0.013635846786201, 0.0021600909531116486, 0.013490566052496433, 0.005592898931354284, 0.0059560793451964855, 0.00030431561754085124, 0.0003401169669814408, 0.018469974398612976, 0.012604762800037861, 0.002022357890382409, 0.007296007126569748, 0.0007265564636327326, 0.0060382867231965065, 0.000302799919154495, 0.0015400677220895886, 0.003130857367068529, 0.004102202132344246, 0.00874157715588808, 0.013697130605578423, 0.0057364823296666145, 0.003666339907795191, 0.010451395064592361, 0.007772999815642834, 0.0017727360827848315, 0.009522126987576485, 0.011999386362731457, 0.010120045393705368, 0.0003917841531801969, 0.014902028255164623, 0.0024776021018624306, 0.0019570477306842804, 0.000602597079705447, 0.007108352612704039, 0.005032331217080355, 0.005291956476867199, 0.005772204603999853, 0.006322329863905907, 0.009023201651871204, 0.005040053743869066, 0.004915581084787846, 0.012834913097321987, 0.01278002467006445, 0.0057327644899487495, 0.004055534489452839, 0.004010966047644615, 0.001065935124643147, 0.0030062764417380095, 0.006727335974574089, 0.004863644950091839, 0.004274459555745125, 0.0001570466411067173, 0.015698982402682304, 0.0037846514023840427, 0.005241491831839085, 0.0068495203740894794, 0.016060980036854744, 0.0018361982656642795, 0.0010719503043219447, 0.016519106924533844, 0.015552780590951443, 0.0008471545879729092, 0.007124015130102634, 0.017934106290340424, 0.011676414869725704, 0.009130566380918026, 0.003293102839961648, 0.005197592079639435, 0.008983306586742401, 3.8952595787122846e-05, 0.006797621957957745, 0.002913735108450055, 0.003605450736358762, 0.004339220002293587, 0.014054123312234879, 0.0007762992172501981, 0.0026042598765343428, 0.007956147193908691, 0.01154026947915554, 0.012550159357488155, 0.006707758642733097, 0.013340580277144909, 0.011617638170719147, 0.004181044176220894, 0.002385185332968831, 0.02545928955078125, 0.004644760396331549, 0.012190873734652996, 0.010594229213893414, 0.0023391481954604387, 0.018939167261123657, 0.012415886856615543, 0.008171909488737583, 0.0019062657374888659, 0.00233460427261889, 0.006152745336294174, 0.00611866544932127, 0.003678862703964114, 0.0088830990716815, 0.012163602747023106, 0.005389641039073467, 0.016891738399863243, 0.008637834340333939, 0.013612243346869946, 0.00015423701552208513, 0.007128915283828974, 0.017637496814131737, 0.000274168502073735, 0.004983457736670971, 0.010414795950055122, 0.0008508285973221064, 0.010630286298692226, 0.0105696190148592, 0.00135705410502851]"
F86,"[0.004899513442069292, 0.010851328261196613, 0.005552611779421568, 0.00850779190659523, 0.003100032452493906, 0.0012543525081127882, 0.003799717640504241, 0.010547003708779812, 0.011531198397278786, 0.004037405829876661, 0.0015233802841976285, 0.006410663481801748, 0.010256096720695496, 0.0035343363415449858, 0.0016546217957511544, 0.015571974217891693, 0.010679273866117, 0.011193591170012951, 0.001323091215454042, 0.0073215290904045105, 0.013126441277563572, 0.0009560704929754138, 0.008006849326193333, 0.004462054464966059, 0.00023334471916314214, 0.0038075486663728952, 0.010754404589533806, 1.968321157619357e-06, 0.006553487852215767, 0.0020243001636117697, 0.00465221144258976, 0.007393359672278166, 0.003796414704993367, 0.009383725002408028, 0.002336469478905201, 0.008782067336142063, 0.005075379740446806, 0.004841352812945843, 0.006367128808051348, 0.01385587640106678, 0.007636659312993288, 0.004278641659766436, 0.007533802185207605, 0.0024939985014498234, 0.005798209924250841, 0.0013076255563646555, 0.0032998681999742985, 0.006736492272466421, 0.008428397588431835, 0.00454196659848094, 0.009549057111144066, 0.00464789941906929, 0.0055465782061219215, 0.0018810163019225001, 0.008855116553604603, 0.0070841447450220585, 0.0048186262138187885, 0.0029198513366281986, 0.006349172908812761, 0.00798027403652668, 0.005195168312638998, 0.00329197128303349, 0.0008693111012689769, 0.0044904244132339954, 0.011880544014275074, 0.0017971348715946078, 4.393852213979699e-05, 0.006695374380797148, 0.01105351373553276, 0.007543064653873444, 0.005506020504981279, 0.011083618737757206, 0.001818483811803162, 0.0041018021292984486, 0.00799893494695425, 0.014867577701807022, 0.0077215214259922504, 0.0038041744846850634, 0.010372797027230263, 0.005404421128332615, 0.005395327229052782, 0.00011814611934823915, 0.0014841241063550115, 0.008087758906185627, 0.003430311568081379, 0.00189946498721838, 0.012789894826710224, 0.016694607213139534, 0.01344222854822874, 0.010665730573236942, 0.011530161835253239, 0.00507830735296011, 0.008614192716777325, 0.001774931326508522, 0.001916789566166699, 0.01151263527572155, 0.0037031362298876047, 0.005886546801775694, 0.004099881276488304, 0.006221796851605177, 0.0048734163865447044, 0.00234343227930367, 0.005922313779592514, 0.010656633414328098, 0.01415205653756857, 0.005944918375462294, 0.00807048287242651, 0.006031445227563381, 0.0024757974315434694, 0.0046537211164832115, 0.014925009571015835, 0.005137192085385323, 0.002292804652824998, 0.012228382751345634, 0.0056879958137869835, 0.001135355676524341, 0.0034617616329342127, 0.01578834466636181, 0.005314675159752369, 0.008261029608547688, 0.0027040885761380196, 0.013467620126903057, 0.0052742185071110725, 0.003197895595803857, 0.002720022341236472, 0.008176800794899464, 0.00029962603002786636, 0.005633464083075523]"
F87,"[0.004690820351243019, 0.0016855557914823294, 0.0016386702191084623, 0.00570730771869421, 0.003184317611157894, 0.005193324293941259, 0.01589195802807808, 0.010007084347307682, 0.009411639533936977, 0.018706105649471283, 0.0028122009243816137, 0.014606968499720097, 0.015268567949533463, 0.015496516600251198, 0.005678702145814896, 0.004810399375855923, 0.012261527590453625, 0.002739326097071171, 0.007451245095580816, 0.00115945003926754, 0.004627341870218515, 0.0014774090377613902, 0.00047342866309918463, 0.0014455439522862434, 0.004690376576036215, 0.005957335699349642, 0.0014885857235640287, 0.007346654310822487, 0.006387596949934959, 0.011661381460726261, 0.0006946437060832977, 0.013125082477927208, 0.0056839981116354465, 0.007777333725243807, 0.012720669619739056, 0.009208433330059052, 0.00805846881121397, 0.01346234604716301, 0.0021281722001731396, 0.0012680888175964355, 0.005353180225938559, 0.0049326312728226185, 0.006780280265957117, 0.005623328033834696, 0.003758553881198168, 0.008526247926056385, 0.0016730637289583683, 0.00041642875294201076, 0.01744225062429905, 0.001897847163490951, 0.003321600379422307, 0.004882640205323696, 0.0077482531778514385, 0.005513899493962526, 0.00018730141164269298, 0.019497616216540337, 5.853116817888804e-05, 0.00010300610301783308, 0.007696329616010189, 0.013293473981320858, 0.002252263016998768, 0.0032780480105429888, 0.012516484595835209, 0.015189122408628464, 0.000941262929700315, 0.006264256779104471, 0.001542709651403129, 0.009545779787003994, 0.01169527042657137, 0.00026685200282372534, 0.00923994556069374, 0.015280168503522873, 0.015016050077974796, 0.004021482542157173, 0.008149351924657822, 0.0022544816602021456, 0.005454891826957464, 0.002564910566434264, 9.009797940962017e-05, 0.00012184056686237454, 0.005429976154118776, 0.022395264357328415, 0.01342756673693657, 0.0016230985056608915, 0.004555944819003344, 0.00011784000525949523, 0.0031582668889313936, 0.007507507223635912, 0.005412225145846605, 0.005901007913053036, 0.009752266108989716, 0.010122072882950306, 0.0008815721957944334, 0.0005981899448670447, 0.01306832954287529, 0.007946206256747246, 0.00227312627248466, 0.00837994460016489, 0.02022186480462551, 0.011228694580495358, 0.004831286147236824, 0.0062090447172522545, 0.007072727661579847, 0.0028472626581788063, 0.006803801748901606, 0.016952354460954666, 0.00540006160736084, 0.009396840818226337, 0.00436337711289525, 0.001822914695367217, 0.0054591805674135685, 0.015183178707957268, 0.016713822260499, 0.017289740964770317, 0.013415491208434105, 0.005313498433679342, 0.009774448350071907, 0.004136302508413792, 0.012671360746026039, 0.0016935551539063454, 0.0033375860657542944, 0.000572813383769244, 0.014091599732637405, 0.0024924478493630886, 0.010096822865307331, 0.0021546802017837763, 0.0007320859585888684, 0.006858097855001688]"
F88,"[0.02328355424106121, 0.041098613291978836, 0.0012853702064603567, 0.014683091081678867, 0.05661803111433983, 0.07134927064180374, 0.10054576396942139, 0.07592232525348663, 0.08720990270376205, 0.009083369746804237, 0.06426961719989777, 0.019930066540837288, 0.05625146999955177, 0.02033296413719654, 0.050892408937215805, 0.08040060847997665, 0.08893654495477676, 0.08168534934520721, 0.011829440481960773, 0.08707566559314728, 0.05744961276650429, 0.10093535482883453, 0.014019953086972237, 0.07353146374225616, 0.06746712327003479, 0.020697996020317078, 0.011488758958876133, 0.053385160863399506, 0.013251774944365025, 0.04145920276641846, 0.08609180152416229, 0.040219828486442566, 0.04025617986917496, 0.025075502693653107, 0.02757229469716549, 0.05737527832388878, 0.07939400523900986, 0.09515490382909775, 0.07320395857095718, 0.03173563629388809, 0.03640800714492798, 0.05893232673406601, 0.03333393484354019, 0.058155667036771774, 0.04132405295968056, 0.083059161901474, 0.017829477787017822, 0.09805212169885635, 0.020636165514588356, 0.025475509464740753, 0.026276489719748497, 0.03174861893057823, 0.011954126879572868, 0.10446363687515259, 0.004435551818460226, 0.007644285447895527, 0.01301058940589428, 0.04883759468793869, 0.014242872595787048, 0.0008820994407869875, 0.04168614000082016, 0.010822152718901634, 0.031216757372021675, 0.04946808144450188, 0.053535398095846176, 0.02513989806175232, 0.11869188398122787, 0.012690906412899494, 0.027348823845386505, 0.06610757112503052, 0.021708255633711815, 0.03180820122361183, 0.04693349450826645, 0.025742221623659134, 0.020702894777059555, 0.04067187011241913, 0.08748070895671844, 0.04975558817386627, 0.096231609582901, 0.05999378114938736, 0.051976874470710754, 0.022290652617812157, 0.09401508420705795, 0.015650156885385513, 0.03141682967543602, 0.01844211295247078, 0.005485385190695524, 0.02885688655078411, 0.08949625492095947, 0.033769529312849045, 0.007918722927570343, 0.005959765985608101, 0.008004970848560333, 0.03489895537495613, 0.042584870010614395, 0.007018351927399635, 0.030353346839547157, 0.05567042902112007, 0.0912567749619484, 0.05910784751176834, 0.004285353701561689, 0.019570769742131233, 0.0009450506768189371, 0.019947627559304237, 0.016360964626073837, 0.06260427087545395, 0.08543483912944794, 0.06574708223342896, 0.012056473642587662, 0.052515096962451935, 0.012703767977654934, 0.0879710242152214, 0.10165957361459732, 0.06446835398674011, 0.012955088168382645, 0.009568482637405396, 0.14059530198574066, 0.047070302069187164, 0.031706567853689194, 0.04210159182548523, 0.006311466917395592, 0.046091336756944656, 0.04451390728354454, 0.0716320127248764, 0.07749329507350922, 0.07826399058103561, 0.010618047788739204, 0.0041345395147800446]"
F89,"[0.05441078171133995, 0.028915464878082275, 0.007886323146522045, 0.03632597252726555, 0.05599725618958473, 0.009569790214300156, 0.052413009107112885, 0.018859900534152985, 0.0629049688577652, 0.04210931807756424, 0.06140550598502159, 0.058566879481077194, 0.03847752884030342, 0.04158680886030197, 0.06067679077386856, 0.11089003086090088, 0.08736879378557205, 0.004013356287032366, 0.000811705831438303, 0.05688156932592392, 0.0007177498773671687, 0.08114953339099884, 0.02010997012257576, 0.0360775850713253, 0.01566384918987751, 0.002077908953651786, 0.018855350092053413, 0.015935786068439484, 0.012231661938130856, 0.006959335878491402, 0.07449978590011597, 0.06697536259889603, 0.024416249245405197, 0.02848641388118267, 0.0034727139864116907, 0.018016578629612923, 0.01926000416278839, 0.03957194834947586, 0.025592617690563202, 0.046583373099565506, 0.03730108216404915, 0.04656834527850151, 0.04946427419781685, 0.05676766857504845, 0.03147203475236893, 0.031180206686258316, 0.002948166336864233, 0.06023029610514641, 0.025957327336072922, 0.016036473214626312, 0.004776910413056612, 0.05064496770501137, 0.055828757584095, 0.06291312724351883, 0.022615937516093254, 0.002924310276284814, 0.0592888779938221, 0.05219423398375511, 0.028807003051042557, 0.0555553063750267, 0.03729085251688957, 0.005494547076523304, 0.006240531336516142, 0.031421855092048645, 0.09167340397834778, 0.03868043050169945, 0.006400366313755512, 0.0036451551131904125, 0.053685858845710754, 0.003011820837855339, 0.03348547965288162, 0.05648785084486008, 0.031622130423784256, 0.02554774098098278, 0.022945066913962364, 0.042896125465631485, 0.0784541592001915, 0.02844329923391342, 0.059131864458322525, 0.030395256355404854, 0.046526629477739334, 0.027601376175880432, 0.04655306041240692, 0.016047019511461258, 0.04137633740901947, 0.025910016149282455, 0.031124891713261604, 0.002926232060417533, 0.04508088529109955, 0.09294428676366806, 0.0013180917594581842, 0.021762605756521225, 0.057041462510824203, 0.016425009816884995, 0.0527019239962101, 0.0256314966827631, 0.07063364237546921, 0.043290674686431885, 0.07955116033554077, 0.019531279802322388, 0.05449254810810089, 0.09994525462388992, 0.048518840223550797, 0.00302310474216938, 0.05059300363063812, 0.02033540979027748, 0.04993106424808502, 0.03577756509184837, 0.00427559157833457, 0.0747116357088089, 0.04944874346256256, 0.03620891645550728, 0.040676262229681015, 0.05157476291060448, 0.023317569866776466, 0.0045562246814370155, 0.13531430065631866, 0.052174221724271774, 0.07819616794586182, 0.044564370065927505, 0.00030803270055912435, 0.05372362956404686, 0.08688927441835403, 0.02492009475827217, 0.0032871474977582693, 0.08562495559453964, 0.04839271679520607, 0.06882733106613159]"
F90,"[0.022134825587272644, 0.08263777196407318, 0.005467708222568035, 0.05982602387666702, 0.035647571086883545, 0.09911671280860901, 0.08259953558444977, 0.08038883656263351, 0.0193374864757061, 0.03113030269742012, 0.04616423696279526, 0.051341596990823746, 0.027217527851462364, 0.027958648279309273, 0.02296707034111023, 0.07308680564165115, 0.021754316985607147, 0.008197968825697899, 0.01486598327755928, 0.024167535826563835, 0.05615699291229248, 0.006768246181309223, 0.053756870329380035, 0.016078976914286613, 0.04807319492101669, 0.03945714607834816, 0.023790664970874786, 0.056047890335321426, 0.026118231937289238, 0.020130548626184464, 0.011581243015825748, 0.05369279533624649, 0.03488854318857193, 0.029107166454195976, 0.06921965628862381, 0.07043012976646423, 0.01763387955725193, 0.051540642976760864, 0.08685455471277237, 0.047834619879722595, 0.0746452659368515, 0.07817182689905167, 0.028722167015075684, 0.01304562482982874, 0.024601571261882782, 0.013744509778916836, 0.008896056562662125, 0.09084546566009521, 0.03109503723680973, 0.0006457275594584644, 0.04852985590696335, 0.00857831072062254, 0.06437329202890396, 0.008693804033100605, 0.021263331174850464, 0.01704157143831253, 0.03001282922923565, 0.05208563432097435, 0.03622507303953171, 0.05072451010346413, 0.08497589081525803, 0.017787234857678413, 0.076593779027462, 0.0038849918637424707, 0.009188163094222546, 0.02862008847296238, 0.05824296548962593, 0.049680907279253006, 0.039490532130002975, 0.041065432131290436, 0.03685790300369263, 0.010088601149618626, 0.00808639358729124, 0.09941864758729935, 0.07403642684221268, 0.016466263681650162, 0.08467031270265579, 0.010341382585465908, 0.022723592817783356, 0.03714017942547798, 0.10851381719112396, 0.05945941060781479, 0.03457556664943695, 0.07631150633096695, 0.039235517382621765, 0.0673578530550003, 0.028337227180600166, 0.0571669265627861, 0.05956260859966278, 0.0546308234333992, 0.05265171453356743, 0.049690838903188705, 0.01635049469769001, 0.04406620189547539, 0.02838090807199478, 0.08866505324840546, 0.03593520447611809, 0.014291225001215935, 0.013279424048960209, 0.01274100225418806, 0.02744212932884693, 0.029762379825115204, 0.08734866231679916, 0.1048961728811264, 0.08198641240596771, 0.03020087443292141, 0.01971370168030262, 0.025992516428232193, 0.04099896177649498, 0.017580488696694374, 0.09612984955310822, 0.032123129814863205, 0.054524339735507965, 0.07096177339553833, 0.03413375839591026, 0.06095093488693237, 0.020556645467877388, 0.03083694726228714, 0.0013746485346928239, 0.007777754217386246, 0.03268706798553467, 0.1020047515630722, 0.04273234307765961, 0.09083425253629684, 0.025305982679128647, 0.054190073162317276, 0.039478469640016556, 0.1033841073513031]"
F91,"[0.049926936626434326, 0.02863212302327156, 0.02635117806494236, 0.029637202620506287, 0.030240558087825775, 0.020346151664853096, 0.00044082733802497387, 0.025809144601225853, 0.05881602689623833, 0.01895589381456375, 0.009093180298805237, 0.03470280021429062, 0.008403428830206394, 0.05051465332508087, 0.04341006651520729, 0.04409037157893181, 0.008195135742425919, 0.05942602828145027, 0.04533904790878296, 0.002681856509298086, 0.0070146843791007996, 0.06760933250188828, 0.030797770246863365, 0.02046220190823078, 0.05874458700418472, 0.03698241710662842, 0.029839159920811653, 0.01240280456840992, 0.019986514002084732, 0.038199421018362045, 0.04526324197649956, 0.04318232089281082, 0.006949035916477442, 0.041088130325078964, 0.041378043591976166, 0.021527152508497238, 0.03316592052578926, 0.04414035752415657, 0.0379091314971447, 0.035472288727760315, 0.03066694177687168, 0.007557200733572245, 0.01221632119268179, 0.04597155377268791, 0.05795856565237045, 0.041718997061252594, 0.049264468252658844, 0.04245574399828911, 0.02829284407198429, 0.04878127574920654, 0.007484324276447296, 0.035320181399583817, 0.005951233208179474, 0.04065154865384102, 0.0033235689625144005, 0.05338219925761223, 0.04432765394449234, 0.002286495640873909, 0.016616685315966606, 0.00936118233948946, 0.06746895611286163, 0.09507445245981216, 0.0456947423517704, 0.019451512023806572, 0.03622329235076904, 0.0026570961344987154, 0.016513604670763016, 0.008289720863103867, 0.040304429829120636, 0.03177845478057861, 0.030109964311122894, 0.056084733456373215, 0.005928742233663797, 0.09633971750736237, 0.05347374081611633, 0.051391586661338806, 0.02660544589161873, 0.053403597325086594, 0.03118114173412323, 0.04369088634848595, 0.030641281977295876, 0.006523213814944029, 0.007213504984974861, 0.07542020082473755, 0.04124872758984566, 0.026606090366840363, 0.060472823679447174, 0.029555669054389, 0.0550336092710495, 0.0078867943957448, 0.008082522079348564, 0.021528933197259903, 0.04693146422505379, 0.004923617467284203, 0.0333830863237381, 0.04306308925151825, 0.00046470880624838173, 0.03232106566429138, 0.028378447517752647, 0.023618405684828758, 0.023800350725650787, 0.04103263095021248, 0.03184529021382332, 0.003630975494161248, 0.05745832249522209, 0.032601598650217056, 0.021753650158643723, 0.0388544499874115, 0.02584737539291382, 0.02378290519118309, 0.04072895646095276, 0.07755781710147858, 0.05989094451069832, 0.05731534957885742, 0.03350307047367096, 0.05496537312865257, 0.04884272441267967, 0.04636344313621521, 0.02725750394165516, 0.03453637659549713, 0.04584906995296478, 0.027844281867146492, 0.06267289072275162, 0.022069381549954414, 0.025054408237338066, 0.006577908061444759, 0.0628189891576767, 0.0665355771780014]"
F92,"[0.003276810282841325, 0.010796324349939823, 0.00880864541977644, 0.009250372648239136, 0.0018171967240050435, 0.004052216652780771, 0.0038677058182656765, 0.0017050437163561583, 0.011149568483233452, 0.03146437928080559, 0.013600981794297695, 0.02774716541171074, 0.0033327064011245966, 0.013997123576700687, 0.009826784022152424, 0.010333335027098656, 0.014296424575150013, 0.0071818032301962376, 0.007696834392845631, 0.00861979741603136, 0.006424261722713709, 0.009176544845104218, 0.007156335283070803, 0.00038849454722367227, 0.012967952527105808, 0.00976109504699707, 0.007788600865751505, 0.0035010227002203465, 0.005938919261097908, 0.004239712376147509, 0.010514160618185997, 0.005504346452653408, 0.01772368885576725, 0.006797104142606258, 0.00048450904432684183, 0.011447679251432419, 0.013693883083760738, 0.016144024208188057, 0.0015861672582104802, 0.019336802884936333, 0.00908209290355444, 0.00705396244302392, 0.010562530718743801, 0.016787579283118248, 0.012410033494234085, 0.01567046158015728, 0.007707585580646992, 0.012435153126716614, 0.010960595682263374, 0.0068748644553124905, 0.01870046555995941, 0.002213671337813139, 0.0016375589184463024, 0.014034143649041653, 0.00966699980199337, 0.004503856413066387, 0.0017690594540908933, 0.024567123502492905, 0.023890651762485504, 0.0074544339440763, 0.022088289260864258, 0.02302962727844715, 0.0028607682324945927, 0.007780957035720348, 0.0023643686436116695, 0.003998546861112118, 0.024691635742783546, 0.005794800352305174, 0.012052569538354874, 0.006498214788734913, 0.020649416372179985, 0.015433684922754765, 0.012775765731930733, 0.008882918395102024, 0.00460447184741497, 0.024200651794672012, 0.00020146628958173096, 0.017209472134709358, 0.007611896377056837, 0.00036764913238584995, 0.006244882009923458, 0.01277571264654398, 0.005433488171547651, 0.02015545219182968, 0.0051614148542284966, 0.0015201359055936337, 0.00445628771558404, 0.005595540162175894, 0.01855952851474285, 0.03168555349111557, 0.0012423655716702342, 0.011053021065890789, 0.013519125059247017, 0.01133908424526453, 0.0027410059701651335, 0.011305047199130058, 0.008390896953642368, 0.0011755962623283267, 0.0029399206396192312, 0.029998917132616043, 0.005494295619428158, 0.00337100843898952, 0.012439131736755371, 0.00039507076144218445, 0.02843117155134678, 0.023276381194591522, 0.01916375942528248, 0.010438578203320503, 0.0031811685767024755, 0.01172467041760683, 0.0008704725187271833, 0.009627191349864006, 0.002020803978666663, 0.009996072389185429, 0.012180526740849018, 0.017055880278348923, 0.0052720485255122185, 0.004866921342909336, 0.008339555002748966, 0.0167254526168108, 0.01722494699060917, 0.00048296558088622987, 0.018366102129220963, 0.0010452866554260254, 0.006668181158602238, 0.01264941319823265, 0.0033370167948305607, 0.0033630288671702147]"
F93,"[0.00019469254766590893, 0.0416029691696167, 0.01819702796638012, 0.03482116758823395, 0.06768760830163956, 0.03484930098056793, 0.04960181191563606, 0.07145535945892334, 0.03886428847908974, 0.04839572682976723, 0.03753779083490372, 0.09204988181591034, 0.009844135493040085, 0.03046952374279499, 0.05494089424610138, 0.007832729257643223, 0.1184232234954834, 0.01626061648130417, 0.012760967016220093, 0.011369078420102596, 0.05879691243171692, 0.009918984025716782, 0.01428341306746006, 0.005212352145463228, 0.04457457736134529, 0.013185030780732632, 0.03049972467124462, 0.035014018416404724, 0.004045507404953241, 0.0756957083940506, 0.07633962482213974, 0.02558189630508423, 0.08729370683431625, 0.07067012786865234, 0.007715035229921341, 0.002576154889538884, 0.01721147820353508, 0.08804848045110703, 0.056559428572654724, 0.02287924848496914, 0.011232346296310425, 0.016112959012389183, 0.026762885972857475, 0.003771173069253564, 0.07691657543182373, 0.03796835243701935, 0.010387284681200981, 0.022941965609788895, 0.02511487901210785, 0.007889438420534134, 0.016842350363731384, 0.0032895058393478394, 0.001881203381344676, 0.004097010474652052, 0.04139193147420883, 0.03537887707352638, 0.058608319610357285, 0.07608798146247864, 0.06411523371934891, 0.05354727804660797, 0.056962620466947556, 0.058878954499959946, 0.06651415675878525, 0.03266746178269386, 0.0680295005440712, 0.015526856295764446, 0.04475818946957588, 0.01458906289190054, 0.08708326518535614, 0.03057710826396942, 0.0017160219140350819, 0.05256923660635948, 0.035432714968919754, 0.11980163305997849, 0.029380761086940765, 0.04339657723903656, 0.03792860731482506, 0.017518220469355583, 0.05343561992049217, 0.06574228405952454, 0.06306827068328857, 0.011541152372956276, 0.032570067793130875, 0.005899899639189243, 0.012865680269896984, 0.04440997540950775, 0.00994308851659298, 0.009281149134039879, 0.02920100837945938, 0.025881564244627953, 0.07060924917459488, 0.04618304967880249, 0.008733482100069523, 0.04104897379875183, 0.04947444051504135, 0.041567884385585785, 0.05961843580007553, 0.03553376346826553, 0.007933053188025951, 0.00012495594273786992, 0.013655442744493484, 0.0666947141289711, 0.01805226504802704, 0.007849276065826416, 0.022267933934926987, 0.017886176705360413, 0.03305545076727867, 0.05073396489024162, 0.07506407052278519, 0.04480975493788719, 0.05401039123535156, 0.023191366344690323, 0.022568559274077415, 0.07694016396999359, 0.018078472465276718, 0.04591967537999153, 0.009762458503246307, 0.0023470036685466766, 0.06817948818206787, 0.000900923740118742, 0.01646902784705162, 0.04359021410346031, 0.046890806406736374, 0.047641322016716, 0.03452203422784805, 0.013981837779283524, 0.03535431995987892, 0.05285094305872917]"
F94,"[0.010271207429468632, 0.015719687566161156, 0.014602959156036377, 0.014896131120622158, 0.015989001840353012, 0.01725427806377411, 0.0017695586429908872, 0.007268166169524193, 0.03268806263804436, 0.008240070194005966, 0.000996629474684596, 0.009358308278024197, 0.008997050113976002, 0.022925492376089096, 0.027228113263845444, 0.004131796769797802, 0.006621526554226875, 0.017335282638669014, 0.009118705987930298, 0.00508623942732811, 0.017926178872585297, 0.0012075449340045452, 0.008650795556604862, 0.019333157688379288, 0.006455454044044018, 0.027276916429400444, 0.006677570752799511, 0.005366314202547073, 0.015347486361861229, 0.005429510027170181, 0.016899213194847107, 0.022724399343132973, 0.010711542330682278, 0.009351949207484722, 0.02793138660490513, 0.019927775487303734, 0.0004591572505887598, 0.01898794248700142, 0.008604876697063446, 0.005245839711278677, 0.01836496964097023, 0.0021459090057760477, 0.0006777844973839819, 0.0038961574900895357, 0.0038742125034332275, 0.021299153566360474, 0.001313833869062364, 0.01213113870471716, 0.0024717887863516808, 0.01764000579714775, 0.015236595645546913, 0.001647881232202053, 0.003532958682626486, 0.0050131953321397305, 0.025913037359714508, 0.009801187552511692, 0.02169712260365486, 0.01362867746502161, 0.007693523075431585, 0.0030646559316664934, 0.01568770594894886, 0.01342097483575344, 0.013515539467334747, 0.0021026881877332926, 0.004552279599010944, 6.391406350303441e-05, 0.011269552633166313, 0.026009973138570786, 0.010523508302867413, 0.01350568886846304, 0.007175993639975786, 0.00961981900036335, 0.00010019719047704712, 0.017955828458070755, 0.002003265544772148, 0.0009814646327868104, 0.007405232638120651, 0.009490720927715302, 0.025708476081490517, 0.0021032551303505898, 0.004162151366472244, 0.014305693097412586, 0.025529321283102036, 0.008415008895099163, 0.007382028270512819, 0.016785774379968643, 0.0021340828388929367, 0.009873705916106701, 0.022589704021811485, 0.019075602293014526, 0.008529670536518097, 0.01862146146595478, 0.021510353311896324, 0.005424497649073601, 0.012871907092630863, 0.004531866870820522, 0.019301388412714005, 0.008486978709697723, 0.020841190591454506, 0.014208430424332619, 0.005692874081432819, 0.01653815433382988, 0.019813189283013344, 0.0005501133273355663, 0.011361640878021717, 0.007735016755759716, 0.005792826879769564, 0.018189845606684685, 0.009775182232260704, 0.015011852607131004, 0.012889050878584385, 0.019494475796818733, 0.012628274038434029, 0.020857330411672592, 0.007683348376303911, 0.009854957461357117, 0.01661432906985283, 0.008139774203300476, 0.000781010661739856, 0.014214670285582542, 0.005129819270223379, 0.028800692409276962, 0.00560111366212368, 0.023045243695378304, 0.013702739030122757, 0.025171097368001938, 0.000648589339107275, 0.014555159024894238]"
F95,"[0.013281876221299171, 0.0031826579943299294, 0.005964555311948061, 0.0398779921233654, 0.0255145113915205, 0.00036309691495262086, 0.027567874640226364, 0.0014162890147417784, 0.038055047392845154, 0.025208640843629837, 0.04195524379611015, 0.0019532719161361456, 0.017061451449990273, 0.032502736896276474, 0.0007439563632942736, 0.029208878055214882, 0.0009574427385814488, 0.04269338771700859, 0.019959911704063416, 0.02552061155438423, 0.029757123440504074, 0.02761211059987545, 0.03414834290742874, 0.03410469368100166, 0.02538830228149891, 0.007005182094871998, 0.011922690086066723, 0.01384042203426361, 0.0037748576141893864, 0.04023264721035957, 0.01997835747897625, 0.00944297295063734, 0.0011238359147682786, 0.010213511064648628, 0.010934353806078434, 0.0305939968675375, 0.027004899457097054, 0.0479595772922039, 0.009078225120902061, 0.003484549932181835, 0.024304401129484177, 0.04143056273460388, 0.013111285865306854, 0.01606661081314087, 0.026751836761832237, 0.005186024587601423, 0.009129884652793407, 0.01547742448747158, 0.024808552116155624, 0.030732830986380577, 0.011610215529799461, 0.03844607248902321, 3.136840314255096e-05, 0.01742025464773178, 0.0014811992878094316, 0.013261126354336739, 0.018216542899608612, 0.010627876035869122, 0.020219650119543076, 0.03215847909450531, 0.013981579802930355, 0.03199128806591034, 0.003193332115188241, 0.013864671811461449, 0.01605062745511532, 0.002785163465887308, 0.015455017797648907, 0.0323978029191494, 0.006027144379913807, 0.033469367772340775, 0.0003153399156872183, 0.04593321308493614, 0.005395879969000816, 0.043284013867378235, 0.031479362398386, 0.03950464725494385, 0.0014707109658047557, 0.017725717276334763, 0.0006768954917788506, 0.016068382188677788, 0.0016342749586328864, 0.001211938913911581, 0.02347531169652939, 0.0323464535176754, 0.00011582078877836466, 0.005459298845380545, 0.0066664922051131725, 0.021343469619750977, 0.007989121600985527, 0.037595152854919434, 0.031587667763233185, 0.02469182014465332, 0.04224530979990959, 0.027537500485777855, 0.011498195119202137, 0.045961081981658936, 0.03362620249390602, 0.007126358337700367, 0.03743395209312439, 0.039205580949783325, 0.04591725021600723, 0.0026400198694318533, 0.0032983231358230114, 0.014569276943802834, 0.022942710667848587, 0.024688422679901123, 0.00073161197360605, 0.02072068676352501, 0.012252670712769032, 0.027719538658857346, 0.04311685264110565, 2.870109028663137e-06, 0.007151660043746233, 0.007523413747549057, 0.01531551405787468, 0.008089913055300713, 0.03661123290657997, 0.035669997334480286, 0.023952074348926544, 0.030619516968727112, 0.011536880396306515, 0.008135063573718071, 0.009815491735935211, 0.002954070921987295, 0.007056215312331915, 0.031738948076963425, 0.04041857644915581, 0.007030955981463194]"
F96,"[0.008115346543490887, 0.042482905089855194, 0.017562801018357277, 0.00314536364749074, 0.026957189664244652, 0.02188657782971859, 0.03486248850822449, 0.03895438835024834, 0.008054721169173717, 0.029272209852933884, 0.034706711769104004, 0.0356629379093647, 0.010125787928700447, 0.017558729276061058, 0.020412331447005272, 0.01580345816910267, 0.010979747399687767, 0.0028782400768250227, 0.003161689732223749, 0.00808777380734682, 0.01840052753686905, 0.0031412849202752113, 0.0017315623117610812, 0.004058631602674723, 0.005724553018808365, 0.03283281624317169, 0.009207125753164291, 0.009391059167683125, 0.03244911506772041, 0.014579792506992817, 0.004375248681753874, 0.006971335969865322, 0.00929848849773407, 0.009398487396538258, 0.00256704306229949, 0.030621269717812538, 0.027569064870476723, 0.02387583814561367, 0.005129789002239704, 0.019704164937138557, 0.0037330002523958683, 0.004961731843650341, 0.032363422214984894, 0.018142640590667725, 0.02299092896282673, 0.00270644947886467, 0.024398351088166237, 0.03761788830161095, 0.03753037750720978, 0.026488952338695526, 0.007786982227116823, 5.9995862102368847e-05, 0.0064955540001392365, 0.022336862981319427, 0.005771786440163851, 0.02466678060591221, 0.005101561080664396, 0.015419910661876202, 0.015111612156033516, 0.02047993429005146, 0.03801930323243141, 0.002466877456754446, 0.0037408522330224514, 0.00269888062030077, 0.006231302861124277, 0.014100555330514908, 0.03422383591532707, 0.004254186060279608, 0.033378422260284424, 0.03270688280463219, 0.015567830763757229, 0.04439765214920044, 0.010588360019028187, 0.007305093575268984, 0.009678293019533157, 0.005638482980430126, 0.02004491351544857, 0.01387972105294466, 0.036287784576416016, 0.009109579026699066, 0.01571844145655632, 0.008569289930164814, 0.017348485067486763, 0.0036910672206431627, 0.0016141266096383333, 0.04154999181628227, 0.0019376268610358238, 0.024173174053430557, 0.012168343178927898, 0.030878527089953423, 0.007195707410573959, 0.031218381598591805, 0.03237224370241165, 0.0029938528314232826, 0.0026361453346908092, 0.004239936824887991, 0.005992279853671789, 0.004794538952410221, 0.04215468466281891, 0.009687906131148338, 0.018869008868932724, 0.015368503518402576, 0.0039177630096673965, 0.041378334164619446, 0.03193759545683861, 0.02372349426150322, 0.017133068293333054, 0.0018591135740280151, 0.022061919793486595, 0.003535892814397812, 0.01313205249607563, 0.0012210910208523273, 0.012907372787594795, 0.027086982503533363, 0.04172036051750183, 0.02298959530889988, 0.011965576559305191, 0.010092630982398987, 0.01722092367708683, 0.002405846258625388, 0.005725855473428965, 0.010454606264829636, 0.02298249863088131, 0.03854633495211601, 0.00922829657793045, 0.007562583778053522, 0.01886223442852497, 0.04173722490668297]"
F97,"[0.004272462334483862, 0.0015364430146291852, 0.010084923356771469, 0.01204291544854641, 0.011354189366102219, 0.008826822973787785, 0.012036715634167194, 0.007711647544056177, 0.005785254295915365, 0.0011091851629316807, 0.0026395132299512625, 0.011783253401517868, 0.02500656247138977, 0.025907142087817192, 0.00906185619533062, 0.011174097657203674, 0.027223948389291763, 0.024331379681825638, 0.006578986998647451, 0.008202485740184784, 0.027998553588986397, 0.023982133716344833, 0.020386893302202225, 0.021242057904601097, 0.032640863209962845, 0.009930552914738655, 0.018246997147798538, 0.02398466318845749, 0.003195391967892647, 0.011454247869551182, 0.003345817793160677, 0.008589247241616249, 0.013408992439508438, 0.011114724911749363, 0.0022210481110960245, 0.007732649799436331, 0.001233578659594059, 0.004606733564287424, 0.03747143596410751, 0.03786669671535492, 0.018131742253899574, 0.0034002100583165884, 0.021636102348566055, 0.014871123246848583, 0.005721233785152435, 0.021857228130102158, 0.018395256251096725, 0.014473412185907364, 0.008577929809689522, 0.021112632006406784, 0.005673056002706289, 0.0056450460106134415, 0.018133100122213364, 0.004559681285172701, 0.015569927170872688, 0.0013561684172600508, 0.005425937939435244, 0.01625308394432068, 0.010466058738529682, 0.0034880705643445253, 0.01764576882123947, 0.0010660614352673292, 0.003574119880795479, 0.019136719405651093, 0.01080199982970953, 0.03439072519540787, 0.016275063157081604, 0.010656122118234634, 0.013655191287398338, 0.007645391393452883, 0.01501879096031189, 0.003766738111153245, 0.0022677690722048283, 0.001465609297156334, 0.025647304952144623, 0.02429964207112789, 0.01768716610968113, 0.005027456674724817, 0.007354608736932278, 0.014843075536191463, 0.009598398581147194, 0.011989172548055649, 0.022314583882689476, 0.019433438777923584, 0.008012861013412476, 0.00022469329996965826, 0.005583964288234711, 0.0070974258705973625, 0.01373355183750391, 0.03451494127511978, 0.004504818934947252, 0.00646323524415493, 0.010758321732282639, 0.028518039733171463, 0.0019756765104830265, 0.014091764576733112, 0.010142521932721138, 0.010739210061728954, 0.00571487657725811, 0.010311775840818882, 0.019291376695036888, 0.006280858535319567, 0.01572955586016178, 0.005427131429314613, 0.030652767047286034, 0.004324338398873806, 0.0029226571787148714, 0.011536529287695885, 0.035003431141376495, 0.035932864993810654, 0.014889784157276154, 0.0009028503554873168, 0.004620437044650316, 0.014321540482342243, 0.020010078325867653, 0.008711728267371655, 0.00981447845697403, 0.004798405338078737, 0.00298711727373302, 0.009279042482376099, 0.00366265163756907, 0.0140217375010252, 0.010156523436307907, 0.008152621798217297, 0.02857159823179245, 0.008364801295101643, 0.012152132578194141, 0.01634279079735279]"
F98,"[0.01822316087782383, 0.01350348349660635, 0.0025537654291838408, 0.023120315745472908, 0.011420730501413345, 0.006606495939195156, 0.03133910894393921, 0.0042270771227777, 0.008598484098911285, 0.016154611483216286, 0.02514408528804779, 0.04012669250369072, 0.0043352278880774975, 0.00711750378832221, 0.04032237082719803, 0.013130709528923035, 0.018486332148313522, 0.010507061146199703, 0.009745337069034576, 0.0025468762032687664, 0.019413813948631287, 0.0319763720035553, 0.023011144250631332, 0.02289094217121601, 0.009741679765284061, 0.018827790394425392, 0.010027864016592503, 0.0005008913576602936, 0.019205288961529732, 0.00196647085249424, 0.01190519891679287, 0.0019396384013816714, 0.004777689930051565, 0.0047782291658222675, 0.00505300797522068, 0.01604672521352768, 0.04098667949438095, 0.001903400057926774, 0.0030048955231904984, 0.003947243094444275, 0.017163341864943504, 0.031758297234773636, 0.008640341460704803, 0.009385884739458561, 0.014459357596933842, 0.005439546890556812, 0.006860808935016394, 0.02510286122560501, 0.012687544338405132, 0.0158886406570673, 0.008226478472352028, 0.007999821566045284, 0.0031699847895652056, 0.0071162874810397625, 0.01711129955947399, 0.008151711896061897, 0.020903145894408226, 0.007225929759442806, 0.007395010907202959, 0.010420385748147964, 0.031153567135334015, 0.006893464829772711, 0.006369017064571381, 0.008614770136773586, 0.0235299039632082, 0.002790826605632901, 0.023784412071108818, 0.0021956709679216146, 0.029779575765132904, 0.0021918327547609806, 0.03143450990319252, 0.013216638937592506, 0.009465456008911133, 0.020864956080913544, 0.0033447248861193657, 0.015413888730108738, 0.02100912109017372, 0.022338226437568665, 0.014020842500030994, 0.00643400102853775, 0.0032318313606083393, 0.006604556459933519, 0.010798778384923935, 0.02289729379117489, 0.017638951539993286, 0.016207439824938774, 0.03184264525771141, 0.04606419429183006, 0.0028272834606468678, 0.009107849560678005, 0.0018614291911944747, 0.009528378024697304, 0.03384092450141907, 0.028873104602098465, 0.02083420939743519, 0.0017998807597905397, 0.009196428582072258, 0.020387297496199608, 0.009196586906909943, 0.005790674593299627, 0.014579717069864273, 0.01507939025759697, 0.0026984820142388344, 0.004726715385913849, 0.010126287117600441, 0.011667190119624138, 0.0026882372330874205, 0.036646768450737, 0.012199616059660912, 6.150354602141306e-05, 0.03397969901561737, 0.001156240003183484, 0.008711552247405052, 0.002374873962253332, 0.01372902188450098, 0.004926210269331932, 0.0070113129913806915, 0.006377913989126682, 0.01816648617386818, 0.007406832650303841, 0.014188877306878567, 0.026629280298948288, 0.010118984617292881, 0.018465470522642136, 0.023504264652729034, 0.00040097598684951663, 0.02702387236058712, 0.024330709129571915]"
F99,"[0.006228293292224407, 0.009719072841107845, 0.009858651086688042, 0.005115288309752941, 0.014456089586019516, 0.0348329022526741, 0.025820711627602577, 0.006534641608595848, 0.012701429426670074, 0.03934190049767494, 0.025328610092401505, 0.014955145306885242, 0.046360600739717484, 0.031562093645334244, 0.04888351634144783, 0.022447703406214714, 0.012063669040799141, 0.013318609446287155, 0.0066305953077971935, 0.03330260142683983, 0.01632571965456009, 0.029004666954278946, 0.012424489483237267, 0.0031360434368252754, 0.013321924954652786, 0.01844394952058792, 0.01770680770277977, 0.00039648584788665175, 0.03859671950340271, 0.004504646174609661, 0.030923370271921158, 0.014930367469787598, 0.004160617012530565, 0.030751654878258705, 0.011663711629807949, 0.03036334738135338, 0.01923900842666626, 0.04174875468015671, 0.004003290086984634, 0.04921591281890869, 0.032743826508522034, 0.047976769506931305, 0.002441634424030781, 0.0031899348832666874, 0.03387213870882988, 0.029090413823723793, 0.050294555723667145, 0.04123532399535179, 0.04429665207862854, 0.012026683427393436, 0.020252127200365067, 0.05428023636341095, 0.019163794815540314, 0.012470084242522717, 0.002891466487199068, 0.04385474696755409, 0.03061179630458355, 0.04638715088367462, 0.019358210265636444, 0.012720408849418163, 0.011995717883110046, 0.01912895403802395, 0.03831646963953972, 0.01097846869379282, 0.004389090929180384, 0.02439430169761181, 0.0549168586730957, 0.01732928305864334, 0.0186671894043684, 0.02722848393023014, 0.004243296571075916, 0.025729414075613022, 0.044928014278411865, 0.013046858832240105, 0.02749951183795929, 0.025038179010152817, 0.049136776477098465, 0.006751349661499262, 0.03333796560764313, 0.023143846541643143, 0.012176076881587505, 0.018557976931333542, 0.005785983055830002, 0.005833253264427185, 0.006063150241971016, 0.026399951428174973, 0.04132556542754173, 0.03085087239742279, 0.0009518693550489843, 0.020792700350284576, 0.022388450801372528, 0.002989128464832902, 0.003993151243776083, 0.0010664177825674415, 0.05168020725250244, 0.019526569172739983, 0.027766002342104912, 0.008243047632277012, 0.04975001886487007, 0.04538863152265549, 0.04652361944317818, 0.02035803534090519, 0.002043277258053422, 0.015962595120072365, 0.0017983041470870376, 0.01897628791630268, 0.014747732318937778, 0.001427025068551302, 0.015400714240968227, 0.006293473299592733, 0.002726741135120392, 0.03009117767214775, 0.0069394889287650585, 0.011874591931700706, 0.03523402661085129, 0.014827613718807697, 0.02193649485707283, 0.029928792268037796, 0.028271576389670372, 0.019000470638275146, 0.010965642519295216, 0.009038044139742851, 0.008316920138895512, 0.0269558634608984, 0.03147134929895401, 0.014557932503521442, 0.03073134273290634, 0.010277707129716873]"
F100,"[0.04258018359541893, 0.05625064671039581, 0.0659542977809906, 0.055346906185150146, 0.0690951868891716, 0.05375553295016289, 0.02637343294918537, 0.03887341544032097, 0.04299118369817734, 0.009441390633583069, 0.035858526825904846, 0.015805544331669807, 0.03754865750670433, 0.10054535418748856, 0.005115194246172905, 0.03499137610197067, 0.05949004366993904, 0.05679597333073616, 0.03094484470784664, 0.04585176333785057, 0.04062991589307785, 0.0031752311624586582, 0.04480333626270294, 0.012910312041640282, 0.03717416897416115, 0.0614645779132843, 0.012191425077617168, 0.032506588846445084, 0.037336885929107666, 0.02614710107445717, 0.058244701474905014, 0.020357338711619377, 0.016201863065361977, 0.050192661583423615, 0.024098625406622887, 0.04814748838543892, 0.021952543407678604, 0.0015722861280664802, 0.0077695599757134914, 0.0024174307473003864, 0.004023048095405102, 0.04043355584144592, 0.002751795807853341, 0.04729193076491356, 0.05440496280789375, 0.07142077386379242, 0.05503605306148529, 0.023385748267173767, 0.08459827303886414, 0.08220136910676956, 0.015815159305930138, 0.04614105820655823, 0.0568259134888649, 0.0633699893951416, 0.024135246872901917, 0.0032843216322362423, 0.07181543111801147, 0.008382461033761501, 0.01755145750939846, 0.03895043954253197, 0.024489305913448334, 0.0378313884139061, 0.0214838907122612, 0.016015443950891495, 0.015377575531601906, 0.01149422861635685, 0.06954729557037354, 0.04253159463405609, 0.052610475569963455, 0.04379546642303467, 0.05201885104179382, 0.02210148610174656, 0.05427493155002594, 0.05226654186844826, 0.05695074796676636, 0.05481015518307686, 0.03773237392306328, 0.006798528600484133, 0.04314086213707924, 0.04449707269668579, 0.021923452615737915, 0.05501995235681534, 0.016827065497636795, 0.04776426777243614, 0.05352586880326271, 0.039060745388269424, 0.0294406246393919, 0.027339600026607513, 0.02115160971879959, 0.039981842041015625, 0.025533661246299744, 0.022994013503193855, 0.03153916820883751, 0.06472949683666229, 0.009587583132088184, 0.009559676051139832, 0.02823694795370102, 0.006883775349706411, 0.05964258313179016, 0.03529941663146019, 0.03935617581009865, 0.011514739133417606, 0.007437785621732473, 0.05833526328206062, 0.03871302306652069, 0.04887897148728371, 0.007260228041559458, 0.05251217633485794, 0.04183941334486008, 0.016589008271694183, 0.04811747744679451, 0.05313737317919731, 0.04531453177332878, 0.03423025831580162, 0.019752340391278267, 0.025216946378350258, 0.05411786586046219, 0.007618525065481663, 0.002220344729721546, 0.020605172961950302, 0.048901185393333435, 0.023191295564174652, 0.04489392787218094, 0.02815297618508339, 0.03086700662970543, 0.030741313472390175, 0.02260134182870388, 0.001352588995359838]"
F101,"[0.018268628045916557, 0.0038394546136260033, 0.03872082754969597, 0.054086800664663315, 0.06574719399213791, 0.008265087381005287, 0.05490538850426674, 0.05207408592104912, 0.0265740267932415, 0.030290350317955017, 0.02097676694393158, 0.025073615834116936, 0.010964666493237019, 0.04601374641060829, 0.03727863356471062, 0.0312768816947937, 0.08311917632818222, 0.033354226499795914, 0.03620200604200363, 0.0041835978627204895, 0.04474027082324028, 0.07948821038007736, 0.0350855253636837, 0.07507482171058655, 0.024015311151742935, 0.09886986762285233, 0.040901388972997665, 0.042419273406267166, 0.03346426039934158, 0.011334189213812351, 0.012128308415412903, 0.019599294289946556, 0.01861213706433773, 0.03380695357918739, 0.00358408410102129, 0.08730249851942062, 0.041577670723199844, 0.04072738438844681, 0.003455863334238529, 0.04896829277276993, 0.026193801313638687, 0.012581880204379559, 0.023978719487786293, 0.046956926584243774, 0.02675393782556057, 0.03616227209568024, 0.0671125203371048, 0.046654343605041504, 0.030486060306429863, 0.008231071755290031, 0.10651163756847382, 0.016703413799405098, 0.06798770278692245, 0.019302895292639732, 0.03770506754517555, 0.007177932187914848, 0.07347143441438675, 0.05039625242352486, 0.01581523008644581, 0.02381598763167858, 0.031431011855602264, 0.014452388510107994, 0.06085358187556267, 0.07134518772363663, 0.00048689584946259856, 0.04875335842370987, 0.05040041357278824, 0.0799514651298523, 0.08383328467607498, 0.040793053805828094, 0.006324291229248047, 0.040323592722415924, 0.013863311149179935, 0.10334546864032745, 0.09478803724050522, 0.0893838107585907, 0.015684543177485466, 0.012904778122901917, 0.0880579799413681, 0.04291122034192085, 0.0841120257973671, 0.036544546484947205, 0.05626661330461502, 0.06321220099925995, 0.050160493701696396, 0.016956986859440804, 0.01863749697804451, 0.012455450370907784, 0.017943620681762695, 0.02806226909160614, 0.04219115152955055, 0.064190573990345, 0.006956920959055424, 0.011258183047175407, 0.08183357864618301, 0.04851141199469566, 0.008362410590052605, 0.006800189148634672, 0.029866106808185577, 0.008698279969394207, 0.02539188228547573, 0.014369620010256767, 0.004622563719749451, 0.02298286370933056, 0.04178787022829056, 0.08913878351449966, 0.027943041175603867, 0.022988347336649895, 0.017340796068310738, 0.09548778831958771, 0.0038958992809057236, 0.02242286317050457, 0.01162705384194851, 0.014674194157123566, 0.09654900431632996, 0.0056280517019331455, 0.09527811408042908, 0.04760010167956352, 0.04137102887034416, 0.03832076117396355, 0.004223387222737074, 0.026766037568449974, 0.022642042487859726, 0.08329828083515167, 0.003064068965613842, 0.021210646256804466, 0.04054784029722214, 0.0051717874594032764]"
F102,"[0.02328258380293846, 0.01396973617374897, 0.11440148204565048, 0.0006597019382752478, 0.06739596277475357, 0.05771403759717941, 0.05865707993507385, 0.038019053637981415, 0.08198653161525726, 0.048956602811813354, 0.10475879907608032, 0.062155093997716904, 0.04457099735736847, 0.03984511271119118, 0.03139866143465042, 0.02943604812026024, 0.06707233935594559, 0.062119413167238235, 0.04141340032219887, 0.04989636689424515, 0.007419374771416187, 0.017578717321157455, 0.00040302026900462806, 0.0529741533100605, 0.010377909056842327, 0.06585770845413208, 0.012009847909212112, 0.011518890969455242, 0.07161766290664673, 0.06895407289266586, 0.021937180310487747, 0.022199740633368492, 0.00575323635712266, 0.020219044759869576, 0.008439329452812672, 0.03600262850522995, 0.02910151518881321, 0.028869906440377235, 0.027201250195503235, 0.03461749851703644, 0.029257116839289665, 0.03631674125790596, 0.0071225459687411785, 0.11177462339401245, 0.06943455338478088, 0.04252148047089577, 0.11570292711257935, 0.09306159615516663, 0.010313122533261776, 0.04407339170575142, 0.06725550442934036, 0.0393926240503788, 0.022896409034729004, 0.019544966518878937, 0.1210222914814949, 0.03905000165104866, 0.036127086728811264, 0.007010192610323429, 0.05663924664258957, 0.11008942127227783, 0.0922437459230423, 0.039331208914518356, 0.02052871696650982, 0.001610035658814013, 0.005260850302875042, 0.03704364597797394, 0.03496988117694855, 0.07500559836626053, 0.014808564446866512, 0.02537447214126587, 0.015593012794852257, 0.04843117296695709, 0.07126973569393158, 0.0685778260231018, 0.05579308792948723, 0.005928038153797388, 0.09365084767341614, 0.033148616552352905, 0.06194256246089935, 0.05367818847298622, 0.08123466372489929, 0.0017058950616046786, 0.01174376904964447, 0.04035472124814987, 0.10324818640947342, 0.02856825292110443, 0.09999017417430878, 0.0685277208685875, 0.056475065648555756, 0.01765470579266548, 0.011528893373906612, 0.06700313836336136, 0.04250224307179451, 0.04834931716322899, 0.05539128556847572, 0.052962400019168854, 0.0503833144903183, 0.02423117309808731, 0.03687393292784691, 0.02722127176821232, 0.1153440847992897, 0.0658264085650444, 0.06585296243429184, 0.028334306553006172, 0.061608076095581055, 0.08222024142742157, 0.04500773549079895, 0.013861392624676228, 0.06764500588178635, 0.11484021693468094, 0.03436264768242836, 0.015585075132548809, 0.07933734357357025, 0.09099644422531128, 0.011717423796653748, 0.05666109547019005, 0.07562606036663055, 0.02530485950410366, 0.06555890291929245, 0.01851140335202217, 0.011404043063521385, 0.0346035435795784, 0.06136227026581764, 0.02976495400071144, 0.06845152378082275, 0.001400644308887422, 0.044931232929229736, 0.023045968264341354]"
F103,"[0.06279472261667252, 0.005598988384008408, 0.08818843215703964, 0.0735161080956459, 0.04569794610142708, 0.03098295070230961, 0.02109369821846485, 0.011845673434436321, 0.020661404356360435, 0.018180761486291885, 0.037979647517204285, 0.02500423602759838, 0.026314903050661087, 0.03565991669893265, 0.07245426625013351, 0.025765206664800644, 0.010814160108566284, 0.008033961057662964, 0.010282786563038826, 0.011125211603939533, 0.017897672951221466, 0.024934841319918633, 0.026432465761899948, 0.02850382775068283, 0.030782219022512436, 0.020517578348517418, 0.02383212000131607, 0.05631474405527115, 0.01045859046280384, 0.014928891323506832, 0.012005578726530075, 0.005005647893995047, 0.020874103531241417, 0.02441089227795601, 0.045236196368932724, 0.052515145391225815, 0.019235288724303246, 0.04858868569135666, 0.01767265610396862, 0.031282857060432434, 0.007480360101908445, 0.03398929163813591, 0.03759234398603439, 0.03358514979481697, 0.009493961930274963, 0.045495353639125824, 0.06978041678667068, 0.06778969615697861, 0.06249190494418144, 0.05457484722137451, 0.02775920368731022, 0.03487774729728699, 0.0025269342586398125, 0.0023533529601991177, 0.00015620069461874664, 0.032016512006521225, 0.00046146399108693004, 0.016809141263365746, 0.021267924457788467, 0.10346187651157379, 0.018093470484018326, 0.03146660700440407, 0.03750801831483841, 0.010608401149511337, 0.009757894091308117, 0.03827878460288048, 0.008165916427969933, 0.03801262751221657, 0.0006146478117443621, 0.018509743735194206, 0.028257573023438454, 0.034482426941394806, 0.058392010629177094, 0.011229411698877811, 0.03937331959605217, 0.012572879903018475, 0.057578470557928085, 0.012623102404177189, 0.07432706654071808, 0.022569824010133743, 0.0170228760689497, 0.04089780151844025, 0.018133921548724174, 0.01585075631737709, 0.0023511615581810474, 0.03461034595966339, 0.028848344460129738, 0.037393391132354736, 0.001103617250919342, 0.03758746013045311, 0.00519214803352952, 0.026270197704434395, 0.06059237942099571, 0.0014060072135180235, 0.005888080690056086, 0.042151033878326416, 0.009317305870354176, 0.027942821383476257, 0.014352541416883469, 0.007235758937895298, 0.053617388010025024, 0.02662627398967743, 0.05973352491855621, 0.009214269928634167, 0.01114411186426878, 0.06211244687438011, 0.033073652535676956, 0.02787059359252453, 0.0349249392747879, 0.049935776740312576, 0.02935650199651718, 0.004080767277628183, 0.04600566625595093, 0.029640305787324905, 0.016260411590337753, 0.007374114356935024, 0.025047224014997482, 0.00349749019369483, 0.01116859633475542, 0.0057395757175982, 0.00831183698028326, 0.013179798610508442, 0.02378520369529724, 0.02815951593220234, 0.0005148974014446139, 0.02599969133734703, 0.00841232668608427, 0.008800184354186058]"
F104,"[0.0163678340613842, 0.006609809119254351, 0.0027909260243177414, 0.010609130375087261, 0.012080108746886253, 0.007955633103847504, 0.017532823607325554, 0.005239281803369522, 0.009606696665287018, 0.015774844214320183, 0.0035412174183875322, 0.0020742828492075205, 0.006056344602257013, 0.008699818514287472, 0.019001943990588188, 0.009815431199967861, 0.01009206660091877, 0.0012727291323244572, 0.00830257311463356, 0.01884896494448185, 0.0033483479637652636, 0.004669345449656248, 0.005612730048596859, 0.0008132579969242215, 0.016906537115573883, 0.0013589061563834548, 0.0049755326472222805, 0.0056794495321810246, 0.005445891059935093, 0.011025158688426018, 0.012879353016614914, 0.021422572433948517, 0.001820155419409275, 0.006587464828044176, 0.005341246258467436, 0.01391061581671238, 0.012163801118731499, 0.000764707860071212, 0.004024473950266838, 0.027085596695542336, 0.006791267544031143, 0.011727440170943737, 0.005619187373667955, 0.01507874857634306, 0.0019929588306695223, 0.011121791787445545, 0.019068017601966858, 0.004700082819908857, 0.018332192674279213, 0.005234681069850922, 0.007498602848500013, 0.023307858034968376, 0.010559369809925556, 0.0027645437512546778, 0.014750475063920021, 0.014614289626479149, 0.012249715626239777, 0.00960127916187048, 0.002656560391187668, 0.0005961473798379302, 0.0025758184492588043, 0.018535541370511055, 0.007072736043483019, 0.0018221914069727063, 0.01859106495976448, 0.010241614654660225, 0.015611706301569939, 0.019821420311927795, 0.01160572748631239, 0.003142682136967778, 0.022883012890815735, 0.007933927699923515, 0.0010915301973000169, 0.010482138022780418, 0.014698082581162453, 0.014898988418281078, 0.00487794354557991, 0.006664888001978397, 0.005543700885027647, 0.005297720432281494, 0.018739990890026093, 0.0025135681498795748, 0.011301287449896336, 0.015899723395705223, 0.003531687892973423, 0.0009180519846267998, 0.001069690566509962, 0.011780527420341969, 0.007396986708045006, 0.02743842825293541, 0.0024546519853174686, 0.003732103854417801, 0.005355407018214464, 0.025736406445503235, 0.002635664539411664, 0.00731516582891345, 0.004354171920567751, 0.003523782826960087, 0.01679255999624729, 0.006253098603338003, 0.014259884133934975, 0.003274079179391265, 0.0009659571223892272, 0.0049179368652403355, 0.018266208469867706, 0.006987020373344421, 0.0011526694288477302, 0.013280450366437435, 0.0014655687846243382, 0.02331083081662655, 0.0006623647059313953, 0.01330715324729681, 0.002726692706346512, 0.010621500201523304, 0.0058426884934306145, 0.00353687210008502, 0.009799808263778687, 0.003450404154136777, 0.011774579994380474, 0.0022451530676335096, 0.01947617344558239, 0.01559190358966589, 0.01319204643368721, 0.00032844289671629667, 0.009534684009850025, 0.006930540781468153, 0.0046108178794384, 0.004692901391535997]"
F105,"[0.056100767105817795, 0.016464507207274437, 0.03832739219069481, 0.05048523470759392, 0.03397789224982262, 0.04549460858106613, 0.006999144330620766, 0.04300735890865326, 0.10548427700996399, 0.0031200600787997246, 0.0023898479994386435, 0.07508670538663864, 0.0713430792093277, 0.0406770221889019, 0.0027502302546054125, 0.007389753125607967, 0.09643790870904922, 0.07221849262714386, 0.06710808724164963, 0.007759204600006342, 0.006827560719102621, 0.05052110180258751, 0.00789093878120184, 0.029925398528575897, 0.02957194857299328, 0.05848461762070656, 0.037948936223983765, 0.05489087104797363, 0.03626498952507973, 0.018526367843151093, 0.003546346677467227, 0.020817307755351067, 0.0196671262383461, 0.0282517708837986, 0.013076295144855976, 0.07891522347927094, 0.01736733317375183, 0.0629885196685791, 0.043015021830797195, 0.04396993666887283, 0.0007729663630016148, 0.08488302677869797, 0.034308239817619324, 0.01774856448173523, 0.0004538213834166527, 0.0013588524889200926, 0.011374435387551785, 0.06802792847156525, 0.06514367461204529, 0.05105005204677582, 0.008157867006957531, 0.08762932568788528, 0.04683700576424599, 0.03559685871005058, 0.09786678105592728, 0.05254588648676872, 0.0701884850859642, 0.0031082823406904936, 0.01944788359105587, 0.003854480106383562, 0.029124123975634575, 0.06265044212341309, 0.05521640554070473, 0.00013509452401194721, 0.030475882813334465, 0.06646320223808289, 0.030705232173204422, 0.06319411098957062, 0.04917328804731369, 0.03787906467914581, 0.024737028405070305, 0.0027643765788525343, 0.01754242740571499, 0.09043791145086288, 0.010023931041359901, 0.04434637352824211, 0.008767726831138134, 0.05212688073515892, 0.0682097002863884, 0.009461799636483192, 0.013352776877582073, 0.0021987410727888346, 0.05036509409546852, 0.041071511805057526, 0.005247480235993862, 0.07399693131446838, 0.0354718342423439, 0.06394447386264801, 0.03365470841526985, 0.035154636949300766, 0.05334359407424927, 0.001224545412696898, 0.03657996654510498, 0.007113425526767969, 0.10404366254806519, 0.037463683634996414, 0.04692265763878822, 0.020721809938549995, 0.03021775372326374, 0.008546601980924606, 0.03304487094283104, 0.057058099657297134, 0.0003912761458195746, 0.05113489180803299, 0.06643736362457275, 0.073768250644207, 0.07706700265407562, 0.050154052674770355, 0.049536388367414474, 0.022860931232571602, 0.024423561990261078, 0.07223501056432724, 0.04894335940480232, 0.04977215453982353, 0.050285518169403076, 0.0037385248579084873, 0.02320776879787445, 0.0023360366467386484, 0.0420507937669754, 0.04176114499568939, 0.03472290188074112, 0.05762366205453873, 0.006329452618956566, 0.02649754285812378, 0.008177549578249454, 0.02239515446126461, 0.03275001421570778, 0.032572053372859955]"
F106,"[6.995711737545207e-05, 0.0010444772196933627, 0.0005359392962418497, 0.008429252542555332, 0.020716454833745956, 0.011702881194651127, 0.0005064915167167783, 0.017606297507882118, 0.004783980082720518, 0.02947877161204815, 0.007546267006546259, 0.0022176785860210657, 0.022731812670826912, 0.004877385217696428, 0.005456281825900078, 0.004491924308240414, 0.006738114636391401, 0.0031184982508420944, 0.014907920733094215, 0.0018886339385062456, 0.01103438064455986, 0.01854114979505539, 0.018936865031719208, 0.01634712517261505, 0.0023156176321208477, 0.011509869247674942, 0.0051043094135820866, 0.0040174671448767185, 0.01330110989511013, 0.016336075961589813, 0.0164297167211771, 0.0022712775971740484, 0.011163772083818913, 0.0008569373749196529, 0.009197946637868881, 0.0032386803068220615, 0.0016889271792024374, 0.009651163592934608, 0.004243924748152494, 0.003426669631153345, 0.0016760054277256131, 0.014337705448269844, 0.0006965370266698301, 0.007668265141546726, 0.01742861419916153, 0.015329462476074696, 0.011123514734208584, 0.0005746040842495859, 0.013436075299978256, 0.005643652752041817, 0.0060257622972130775, 0.01953047327697277, 0.018701096996665, 0.010659094899892807, 0.013349841348826885, 0.01808253303170204, 0.018027840182185173, 0.008009974844753742, 0.024825049564242363, 0.005660122260451317, 0.013152080588042736, 0.02690982073545456, 0.019241126254200935, 0.005305615719407797, 0.004162375349551439, 0.005900000687688589, 0.020913636311888695, 0.021625123918056488, 0.017835473641753197, 0.008746209554374218, 0.012435482814908028, 0.0008047681185416877, 0.03590300306677818, 0.005928699858486652, 0.009358280338346958, 0.03487417846918106, 0.00522234383970499, 0.008130948059260845, 0.008985169231891632, 0.006979299709200859, 0.029024280607700348, 0.0022325420286506414, 0.02014593593776226, 0.015450703911483288, 0.008943642489612103, 0.017755601555109024, 0.021374160423874855, 0.022961802780628204, 0.02495201863348484, 0.02435164339840412, 0.01599687896668911, 0.0036478748079389334, 0.01055680587887764, 0.02106449380517006, 0.009046550840139389, 0.004103244282305241, 0.005066067446023226, 0.017510805279016495, 0.009602623991668224, 0.0014129674527794123, 0.0014214774128049612, 0.017088044434785843, 0.02775966376066208, 0.02189924567937851, 0.006825923919677734, 0.013335843570530415, 0.012483246624469757, 0.009818363934755325, 0.02222158946096897, 0.0026426329277455807, 0.02901352196931839, 0.005468687508255243, 0.016923697665333748, 0.003935130778700113, 0.00775999715551734, 0.0016440789913758636, 0.0046062469482421875, 0.0015667126281186938, 0.005614159163087606, 0.0010749944485723972, 0.009281757287681103, 0.003613371169194579, 0.0019688657484948635, 0.01681382581591606, 0.002729705534875393, 0.010348377749323845, 0.009627691470086575, 0.004685753490775824]"
F107,"[0.001729681040160358, 0.020800260826945305, 0.016157763078808784, 0.005599710159003735, 0.020592616870999336, 0.002091736998409033, 0.003342763287946582, 0.00819268450140953, 0.019154245033860207, 0.013586796820163727, 0.0040671974420547485, 0.012141873128712177, 0.007138599641621113, 0.007364377379417419, 0.014610121957957745, 0.008315294981002808, 0.01525985635817051, 0.0032169714104384184, 0.030902596190571785, 0.0035284028854221106, 0.02950456738471985, 0.0007331541273742914, 0.015725525096058846, 0.03241196647286415, 0.008624342270195484, 0.009295486845076084, 0.00882586557418108, 0.015439094044268131, 0.00400408823043108, 0.007516868878155947, 0.02114216797053814, 0.01690085604786873, 0.02743624523282051, 0.0016491489950567484, 0.009555314667522907, 0.0025254013016819954, 0.021364104002714157, 0.031236596405506134, 0.020375635474920273, 0.015821145847439766, 0.023043839260935783, 0.006508014630526304, 0.014241090975701809, 0.0008312489953823388, 0.003466083901003003, 0.009262961335480213, 0.016515476629137993, 0.023852795362472534, 0.01012118998914957, 0.016558866947889328, 0.006794700399041176, 0.0067924680188298225, 0.01619095727801323, 0.020838171243667603, 0.019472213461995125, 0.024202309548854828, 0.03227623552083969, 0.0011579752899706364, 0.012058516964316368, 0.022978246212005615, 0.023332076147198677, 0.0017508224118500948, 0.008348560892045498, 0.024367470294237137, 0.019858652725815773, 0.013065462000668049, 0.009874793700873852, 0.02843671478331089, 0.01604521833360195, 0.005391535349190235, 0.021967120468616486, 0.023941636085510254, 0.0047807712107896805, 0.011621865443885326, 0.003036061068996787, 0.0020653242245316505, 0.00120867183431983, 0.0032013242598623037, 0.023652827367186546, 0.013075023889541626, 0.015753041952848434, 0.0030168527737259865, 0.0041099307127296925, 0.03081503137946129, 0.023648114874958992, 0.006656066048890352, 0.009751034900546074, 0.029412472620606422, 0.031113049015402794, 0.018635159358382225, 0.0026268186047673225, 0.010901685804128647, 0.00717170350253582, 0.002731598913669586, 0.018938560038805008, 0.009938823990523815, 0.012530225329101086, 0.029722202569246292, 0.0011352293659001589, 0.007526571396738291, 0.015824655070900917, 0.008244877681136131, 0.005082051269710064, 0.019618969410657883, 0.023702234029769897, 0.02166326344013214, 0.006714047398418188, 0.028323927894234657, 0.0014604354510083795, 0.02046499028801918, 0.017074212431907654, 0.006223526317626238, 0.022338051348924637, 0.032550930976867676, 0.002411140827462077, 0.006495051085948944, 0.013410419225692749, 0.02389407716691494, 0.019838152453303337, 0.008079047314822674, 0.004789212252944708, 0.015028372406959534, 0.0037294328212738037, 0.0020282494369894266, 0.008179698139429092, 0.007076646201312542, 0.03256705403327942, 0.02967817522585392]"
F108,"[0.022635487839579582, 0.02287217788398266, 0.014155098237097263, 0.02197113260626793, 0.034458551555871964, 0.0353497713804245, 0.01504962332546711, 0.008480757474899292, 0.007269073743373156, 0.029955720528960228, 0.005676968488842249, 0.03663939610123634, 0.03485148027539253, 0.03261813521385193, 0.02301841415464878, 0.034609973430633545, 0.034001197665929794, 0.029865479096770287, 0.0054091461934149265, 0.03463883697986603, 0.04550008475780487, 0.016668975353240967, 0.024717720225453377, 0.010945153422653675, 0.0014982005814090371, 0.024036146700382233, 0.028869464993476868, 0.025770271196961403, 0.03589002043008804, 0.02098720148205757, 7.55056826164946e-05, 0.021693378686904907, 0.012237359769642353, 0.014468709006905556, 0.03313600644469261, 0.02128400094807148, 0.036558594554662704, 0.005697968881577253, 0.007460853550583124, 0.0003431832592468709, 0.008604087866842747, 0.030391467735171318, 0.034357789903879166, 0.017302755266427994, 0.04849053546786308, 0.004104707855731249, 0.0013365995837375522, 0.005246426910161972, 0.007323611062020063, 0.005844183266162872, 0.0016496401512995362, 0.00718442490324378, 0.00040229869773611426, 0.007689754478633404, 0.006322698201984167, 0.00634304154664278, 0.03288594260811806, 0.030296694487333298, 0.02887299656867981, 0.023277228698134422, 0.022447993978857994, 0.011573467403650284, 0.014062871225178242, 0.04020253196358681, 0.03735397383570671, 0.006074588745832443, 0.03237219899892807, 0.03176023066043854, 0.005013295914977789, 0.023995637893676758, 0.0475950688123703, 0.051438022404909134, 0.03637208417057991, 0.0363948829472065, 0.005696194712072611, 0.059132158756256104, 0.015820622444152832, 0.023045234382152557, 0.0172671340405941, 0.02930591255426407, 0.008134580217301846, 0.03373482823371887, 0.03642924502491951, 0.01865454763174057, 0.05000496283173561, 0.012195833027362823, 0.0327237993478775, 0.005608204752206802, 0.013524810783565044, 0.05209999158978462, 0.01519781444221735, 0.01695791259407997, 0.013942308723926544, 0.013092484325170517, 0.04741198569536209, 0.0039030611515045166, 0.0025208403822034597, 0.040051620453596115, 0.021341975778341293, 0.004271681886166334, 0.01939058117568493, 0.012576482258737087, 0.010713832452893257, 0.027367034927010536, 0.008800153620541096, 0.026058243587613106, 0.012207087129354477, 0.00042082410072907805, 0.025471234694123268, 0.0003248172579333186, 0.008276688866317272, 0.020207131281495094, 0.027766836807131767, 0.009163826704025269, 0.021635781973600388, 0.04913541302084923, 0.005091326776891947, 0.019241470843553543, 0.0321166068315506, 0.028094984591007233, 0.023446299135684967, 0.010877721011638641, 0.003447753842920065, 0.029260441660881042, 0.0299928430467844, 0.011992333456873894, 0.005510515533387661, 0.03783176466822624]"
F109,"[0.00401733722537756, 0.012728771194815636, 0.029271328821778297, 0.015040640719234943, 0.012790871784090996, 0.03185565769672394, 0.003508930327370763, 0.015528004616498947, 0.007236237172037363, 0.010488241910934448, 0.0029031389858573675, 0.024320902302861214, 0.012954825535416603, 0.015065819956362247, 0.006852360442280769, 0.014806238003075123, 0.0010828044032678008, 0.0019291099160909653, 0.0021633640863001347, 0.021854396909475327, 0.017015432938933372, 0.004812545143067837, 0.030914658680558205, 0.0032508810982108116, 0.0187737587839365, 0.018687477335333824, 0.0037140564527362585, 0.01243967842310667, 0.03380616009235382, 0.01639387384057045, 0.016409363597631454, 0.005995315965265036, 0.03319624438881874, 0.025956161320209503, 0.002967416075989604, 0.0016310978680849075, 0.009185509756207466, 0.03599395602941513, 0.013802345842123032, 0.02616157755255699, 0.0348544642329216, 0.002903921063989401, 0.019770819693803787, 0.006959328427910805, 0.03276770934462547, 0.01720082201063633, 0.01458060648292303, 0.007688733283430338, 0.022931266576051712, 0.003919392358511686, 0.003972516395151615, 0.03324296697974205, 0.002054220763966441, 0.003972903359681368, 0.029381321743130684, 0.016094718128442764, 0.00650422926992178, 0.010255423374474049, 0.007464023306965828, 0.005300652701407671, 0.03207886219024658, 0.0016087618423625827, 0.03147076070308685, 0.00014729528629686683, 0.002151384251192212, 0.0464661680161953, 0.011890134774148464, 0.001887876889668405, 0.030338726937770844, 0.023569170385599136, 0.04497864097356796, 0.02728002704679966, 0.03500452637672424, 0.03492053225636482, 0.03985147923231125, 0.03172854706645012, 0.012887251563370228, 0.012750807218253613, 0.029887622222304344, 0.0028453608974814415, 0.001664398005232215, 0.028401900082826614, 0.03459790721535683, 0.0245846938341856, 0.01573028229176998, 0.017539020627737045, 0.012178324162960052, 0.020899435505270958, 0.016188787296414375, 0.005696390755474567, 0.027078570798039436, 0.014569385908544064, 0.0027127377688884735, 0.010734360665082932, 0.04528573900461197, 0.030504915863275528, 0.025503035634756088, 0.0019907804671674967, 0.008159177377820015, 0.0036154361441731453, 0.02754979394376278, 0.036520298570394516, 0.030070211738348007, 0.009478116407990456, 0.017140716314315796, 0.031720120459795, 0.004437907598912716, 0.00846984051167965, 0.025078436359763145, 0.0377507209777832, 0.0030900323763489723, 0.013929737731814384, 0.005053028464317322, 0.014746422879397869, 0.028285358101129532, 0.018936658278107643, 0.025507017970085144, 0.04001370072364807, 0.00586572615429759, 0.0291189793497324, 0.025362372398376465, 0.00800173170864582, 0.004785916768014431, 0.013805568218231201, 0.031998515129089355, 0.018218068405985832, 0.009525858797132969, 0.0014185698237270117]"
F110,"[0.011608757078647614, 0.02633633092045784, 0.017052412033081055, 0.023124150931835175, 0.009746740572154522, 0.004688592161983252, 0.018771085888147354, 0.0050275628454983234, 0.018496742472052574, 0.010590060614049435, 0.0066739898175001144, 0.005759893916547298, 0.0012096246937289834, 0.010151461698114872, 0.022861909121274948, 0.014818016439676285, 0.012174305506050587, 0.004976850468665361, 0.020557019859552383, 0.0009908247739076614, 0.006802312098443508, 0.015983641147613525, 0.009563208557665348, 0.004561314824968576, 0.0040627745911479, 0.003985194489359856, 0.029614528641104698, 0.018298011273145676, 0.01756977289915085, 0.015104284510016441, 0.017901990562677383, 0.009271549992263317, 0.004258646164089441, 0.01740678958594799, 0.0014088217867538333, 0.0022186117712408304, 0.008530429564416409, 0.005696588661521673, 0.003940242808312178, 0.007498237304389477, 0.0006131897680461407, 0.0022850946988910437, 0.0005220931489020586, 0.015689082443714142, 0.0018221953650936484, 0.012570837512612343, 0.01175294816493988, 0.016439147293567657, 0.01140606589615345, 0.007001865655183792, 0.007508633192628622, 0.028233176097273827, 0.008135207928717136, 0.0088860047981143, 0.02084820158779621, 0.01316092349588871, 0.02069944143295288, 0.004616216756403446, 0.0019898766186088324, 0.00036704755621030927, 0.00956686120480299, 0.024395152926445007, 0.032671913504600525, 0.011682869866490364, 0.018360475078225136, 0.02184857241809368, 0.021697351709008217, 0.00853585172444582, 0.01729532890021801, 0.00905442051589489, 0.03527853265404701, 0.02306123822927475, 0.009578506462275982, 0.01948850229382515, 0.0023396420292556286, 0.004072926938533783, 0.010431499220430851, 0.0016511736903339624, 0.01337829977273941, 0.009519609622657299, 0.015275458805263042, 0.009426809847354889, 0.02420944906771183, 0.003872067667543888, 0.020217813551425934, 0.02005849778652191, 1.5229832570184954e-05, 0.03173568472266197, 0.012112770229578018, 0.022876784205436707, 0.026227880269289017, 0.004423137288540602, 0.0003552424313966185, 0.001243515289388597, 0.0009211882133968174, 0.004763119388371706, 0.023773541674017906, 0.01263866201043129, 0.007787137292325497, 0.0075902435928583145, 0.0029426238033920527, 0.02786632440984249, 0.02374306321144104, 0.02577335201203823, 0.006291817873716354, 0.004532296676188707, 0.010353201068937778, 0.022420551627874374, 0.0027126544155180454, 0.02233714982867241, 0.011497510597109795, 0.008778208866715431, 0.02414175495505333, 0.019769936800003052, 0.008868272416293621, 0.01206324715167284, 0.002507853088900447, 0.005809267982840538, 0.024218864738941193, 3.456851118244231e-05, 0.005183950997889042, 0.008244539611041546, 0.0011293786810711026, 0.02065085805952549, 0.016161354258656502, 0.004929936956614256, 0.01602979376912117, 0.010134456679224968]"
F111,"[0.029428482055664062, 0.01807584799826145, 0.015351375564932823, 0.016871284693479538, 0.041584912687540054, 0.033402327448129654, 0.03211131691932678, 0.0021358178928494453, 0.01306323241442442, 0.008110701106488705, 0.020897289738059044, 0.021310152485966682, 0.01900346949696541, 0.007901960983872414, 0.02013486810028553, 0.0026634358800947666, 0.0024976821150630713, 0.016439169645309448, 0.01246577873826027, 0.03247722610831261, 0.01533011719584465, 0.011802793480455875, 0.012239811941981316, 0.02809704840183258, 0.04181668162345886, 0.038873087614774704, 0.01057411264628172, 0.019492635503411293, 0.0023625835310667753, 0.011208297684788704, 0.032115478068590164, 0.02612736076116562, 0.023081040009856224, 0.006762285716831684, 0.015301461331546307, 0.04083644226193428, 0.023927390575408936, 0.0053296806290745735, 0.013300285674631596, 0.006168035790324211, 0.012936520390212536, 0.031351376324892044, 0.030592476949095726, 0.026804858818650246, 0.015118449926376343, 0.02174866944551468, 0.021231085062026978, 0.004269017837941647, 0.042275093495845795, 0.014428713358938694, 0.01473823469132185, 0.020104458555579185, 0.01011730544269085, 0.0008599137072451413, 0.004223356954753399, 0.02206992357969284, 0.015032559633255005, 0.042162951081991196, 0.03409116715192795, 0.010719195939600468, 0.0009515187703073025, 0.03547926992177963, 0.0035024031531065702, 0.033469997346401215, 0.006834810599684715, 0.04104353487491608, 0.0236089788377285, 0.01149753574281931, 0.01994217559695244, 0.006727222353219986, 0.010748041793704033, 0.007040767930448055, 0.022211197763681412, 0.011425023898482323, 0.0016042479546740651, 0.0050596450455486774, 0.0202195942401886, 0.01348787359893322, 0.033368729054927826, 0.021950753405690193, 0.020161764696240425, 0.007501149550080299, 0.03263653442263603, 0.00797658134251833, 0.004509902559220791, 0.016905643045902252, 0.03294791281223297, 0.012489552609622478, 0.0012813662178814411, 0.02435256540775299, 0.003359124530106783, 0.017644070088863373, 0.0073069678619503975, 0.03191191703081131, 0.01622280664741993, 0.026401260867714882, 0.0160202793776989, 0.012243852019309998, 0.009368143044412136, 0.0028119923081249, 0.000995942740701139, 0.0012580729089677334, 0.017788298428058624, 0.013508128933608532, 0.025591298937797546, 0.017681661993265152, 0.0147285470739007, 0.04996898025274277, 0.020199179649353027, 0.034660857170820236, 0.012400263920426369, 0.0062793707475066185, 0.018386421725153923, 0.023946641013026237, 0.026832981035113335, 0.010575254447758198, 0.019527873024344444, 0.002001460175961256, 0.03569598123431206, 0.030774647369980812, 0.026720955967903137, 0.003692210651934147, 0.006813801359385252, 0.013907675631344318, 0.02128119207918644, 0.0005781452637165785, 0.021407580003142357, 0.02555621974170208]"
F112,"[0.012615486048161983, 0.04297732189297676, 0.009005261585116386, 0.013019474223256111, 0.030488239601254463, 0.005135158076882362, 0.02264396660029888, 0.008933233097195625, 0.011331610381603241, 0.056774258613586426, 0.001478595077060163, 0.039540331810712814, 0.011660818941891193, 0.07088296860456467, 0.052101019769907, 0.05668406933546066, 0.04627641662955284, 0.0009000228601507843, 0.002520208712667227, 0.028393233194947243, 0.04681553691625595, 0.05724765360355377, 0.050245191901922226, 0.005680495873093605, 0.03509645164012909, 0.02552049420773983, 0.04366450011730194, 0.032229214906692505, 0.04813608527183533, 0.014361961744725704, 0.023578152060508728, 0.03512151166796684, 0.05660033971071243, 0.020789088681340218, 0.036893460899591446, 0.028397858142852783, 0.012646013870835304, 0.005721794441342354, 0.010948807932436466, 0.049102261662483215, 0.03723002225160599, 0.033079687505960464, 0.005732994992285967, 0.006446381099522114, 0.043860793113708496, 0.021063588559627533, 0.031227780506014824, 0.04508255794644356, 0.04251344874501228, 0.0006801658892072737, 0.048783961683511734, 0.014500423334538937, 0.029481133446097374, 0.011178860440850258, 0.058945413678884506, 0.045575592666864395, 0.0032842999789863825, 0.015056001022458076, 0.004495388362556696, 0.06962794810533524, 0.007939480245113373, 0.0017289479728788137, 0.03067878820002079, 0.029760919511318207, 0.0447370819747448, 0.037000738084316254, 0.007709508296102285, 0.023573020473122597, 0.04674161970615387, 0.048304736614227295, 0.03852187097072601, 0.030693436041474342, 0.02118615433573723, 0.036889683455228806, 0.008589616045355797, 0.01729034073650837, 0.01981339417397976, 0.03824147954583168, 0.030806276947259903, 0.025483746081590652, 0.0313943587243557, 0.010126223787665367, 0.0033197677694261074, 0.04779061675071716, 0.03458273410797119, 0.009213999845087528, 0.033272597938776016, 0.021738504990935326, 0.02322799153625965, 0.010057811625301838, 0.0009692962630651891, 0.024006078019738197, 0.062377993017435074, 0.06370027363300323, 0.05077876150608063, 0.0032795292790979147, 0.007339045871049166, 0.00919017568230629, 0.009989127516746521, 0.023446600884199142, 0.01803785003721714, 0.009471419267356396, 0.08810348808765411, 0.04803575947880745, 0.017511466518044472, 0.049962714314460754, 0.03706488758325577, 0.03443960100412369, 0.006711914669722319, 0.01266070082783699, 0.048169683665037155, 0.00792201142758131, 0.004365152213722467, 0.035301171243190765, 0.0350007601082325, 0.025485478341579437, 0.004660013131797314, 0.019949816167354584, 0.04255423694849014, 0.03778812289237976, 0.06760245561599731, 0.018932294100522995, 0.012281971983611584, 0.01674501597881317, 0.06761089712381363, 0.03190189599990845, 0.039832424372434616, 0.018682528287172318]"
F113,"[0.010882464237511158, 0.0012764197308570147, 0.050078343600034714, 0.060531944036483765, 0.009834903292357922, 0.009708824567496777, 0.07555440813302994, 0.07569447159767151, 0.044506072998046875, 0.009041618555784225, 0.07659301906824112, 0.00723451329395175, 0.06312026083469391, 0.08193650096654892, 0.1055321916937828, 0.01693929173052311, 0.011263026855885983, 0.07136501371860504, 0.017458871006965637, 0.006231415551155806, 0.026593675836920738, 0.08731812983751297, 0.08036734908819199, 0.03197387978434563, 0.002948760287836194, 0.11888924986124039, 0.024149484932422638, 0.008524403907358646, 0.012063740752637386, 0.008580779656767845, 0.024865785613656044, 0.09775348007678986, 0.00951225496828556, 0.018643248826265335, 0.021062374114990234, 0.022190310060977936, 0.057416774332523346, 0.034792784601449966, 0.12212426960468292, 0.025551224127411842, 0.08085454255342484, 0.01948380097746849, 0.12003863602876663, 0.03891885653138161, 0.006134289316833019, 0.04620712623000145, 0.03686945140361786, 0.013802341185510159, 0.12784798443317413, 0.053957246243953705, 0.03828350454568863, 0.012571841478347778, 0.0031582959927618504, 0.0812421441078186, 0.035540178418159485, 0.03905009105801582, 0.0710354819893837, 0.09897148609161377, 0.023069366812705994, 0.08439087122678757, 0.047838564962148666, 0.04843036085367203, 0.016764843836426735, 0.0767558291554451, 0.019554555416107178, 0.005039127543568611, 0.00923925917595625, 0.08183208853006363, 0.10414087027311325, 0.13882136344909668, 0.05570122227072716, 0.10527840256690979, 0.0013548005372285843, 0.03338959068059921, 0.012203910388052464, 0.038352131843566895, 0.032301101833581924, 0.0855163037776947, 0.045260846614837646, 0.09353486448526382, 0.016887398436665535, 0.06859832257032394, 0.05544066056609154, 0.04393645375967026, 0.017323801293969154, 0.11801926046609879, 0.0002561662986408919, 0.0433640331029892, 0.015502401627600193, 0.06471773236989975, 0.011240878142416477, 0.1025710254907608, 0.05571230873465538, 0.01576875150203705, 0.0012428598711267114, 0.02873365581035614, 0.05368412658572197, 0.0007763695903122425, 0.05845063179731369, 0.09199775755405426, 0.005049592815339565, 0.06691650301218033, 0.03231272101402283, 0.0997050479054451, 0.06386052817106247, 0.043809354305267334, 0.0115822060033679, 0.14844322204589844, 0.049000807106494904, 0.012747072614729404, 0.04569406434893608, 0.05583010986447334, 0.007878928445279598, 0.08272334933280945, 0.12525713443756104, 0.061342187225818634, 0.0414854995906353, 0.0011652635876089334, 0.04686961695551872, 0.05041774734854698, 0.028334612026810646, 0.04270429536700249, 0.08478580415248871, 0.09885571897029877, 0.06774204224348068, 0.04652634263038635, 0.07330024242401123, 0.1149059385061264]"
F114,"[0.05272252485156059, 0.015041578561067581, 0.11652696877717972, 0.0743529349565506, 0.017099326476454735, 0.008266701363027096, 0.014113808050751686, 0.03735324740409851, 0.059380900114774704, 0.01653626188635826, 0.010644962079823017, 0.0987749695777893, 0.02119087241590023, 0.019840164110064507, 0.02385769970715046, 0.08089842647314072, 0.06577592343091965, 0.0002338626654818654, 0.0894341990351677, 0.03829607367515564, 0.04732029139995575, 0.0019266973249614239, 0.07068022340536118, 0.04453171044588089, 0.027731306850910187, 0.027117017656564713, 0.050207965075969696, 0.027309600263834, 0.05049068480730057, 0.017286360263824463, 0.05399254709482193, 0.06293228268623352, 0.04294921085238457, 0.02523878961801529, 0.06467576324939728, 0.014384782873094082, 0.032393310219049454, 0.0313190296292305, 0.09191717952489853, 0.06443523615598679, 0.016944169998168945, 0.06419124454259872, 0.04032013937830925, 0.04007692635059357, 0.02813919447362423, 0.08904809504747391, 0.022708116099238396, 0.039827778935432434, 0.04247328266501427, 0.008116127923130989, 0.04897931590676308, 0.02922924980521202, 0.033404964953660965, 0.05154548957943916, 0.043603308498859406, 0.07348673790693283, 0.029879532754421234, 0.07822488993406296, 0.06017276272177696, 0.009331471286714077, 0.047965649515390396, 0.047015950083732605, 0.034253038465976715, 0.09488409012556076, 0.030332233756780624, 0.0058122966438531876, 0.023735947906970978, 0.041523441672325134, 0.06172909587621689, 0.057673487812280655, 0.02487960457801819, 0.01987113244831562, 0.004333667457103729, 0.0316440649330616, 0.026293611153960228, 0.022628406062722206, 0.0361996553838253, 0.030672412365674973, 0.06622452288866043, 0.0646682158112526, 0.07914943248033524, 0.040333569049835205, 0.01979154348373413, 0.007862638682126999, 0.05390140041708946, 0.06104172393679619, 0.027804842218756676, 0.00034007130307145417, 0.00533978221938014, 0.0756148174405098, 0.04810923710465431, 0.06879261136054993, 0.017673445865511894, 0.0043157851323485374, 0.09443025290966034, 0.0660017803311348, 0.05302047356963158, 0.06890908628702164, 0.011428622528910637, 0.01670881174504757, 0.058300916105508804, 0.038676854223012924, 0.04486095532774925, 0.0620693638920784, 0.1059633120894432, 0.08639521151781082, 0.04931093007326126, 0.029075713828206062, 0.006161870900541544, 0.01039484329521656, 0.01211340818554163, 0.057838648557662964, 0.018194323405623436, 0.07463943958282471, 0.07920227199792862, 0.10516349971294403, 7.403217750834301e-05, 0.009656905196607113, 0.002045013941824436, 0.10069339722394943, 0.022085847333073616, 0.02368500642478466, 0.02472625859081745, 0.06484529376029968, 0.07180611789226532, 0.04159971699118614, 0.034236036241054535, 0.012741746380925179]"
F115,"[0.0033819666132330894, 0.013764007948338985, 0.015521565452218056, 0.021283693611621857, 0.021330244839191437, 0.012121817097067833, 0.0036339429207146168, 0.01331851165741682, 0.0063385264948010445, 0.0235627181828022, 0.010620146058499813, 0.028314974159002304, 0.0004673655203077942, 0.018413962796330452, 0.02881293185055256, 0.009815293364226818, 0.01611395552754402, 0.00824161060154438, 0.012768332846462727, 0.023798195645213127, 0.008931293152272701, 0.015807850286364555, 0.023137519136071205, 0.005742979235947132, 0.01187316793948412, 0.014320328831672668, 0.00508069759234786, 0.005222855601459742, 0.0022372936364263296, 0.00757615314796567, 0.017484227195382118, 0.012797070667147636, 0.008375958539545536, 0.01604744978249073, 0.00811794400215149, 0.004670066758990288, 0.0022818262223154306, 0.0022781614679843187, 0.007795219775289297, 0.011584842577576637, 0.021157491952180862, 3.1468582164961845e-05, 0.020947817713022232, 0.014749090187251568, 0.012482468038797379, 0.030057460069656372, 0.02683144062757492, 0.0222108606249094, 0.027043743059039116, 0.025547655299305916, 0.020412422716617584, 0.028767617419362068, 0.0033965676557272673, 0.01497146300971508, 0.02222476527094841, 0.018485449254512787, 0.005023909267038107, 0.022905725985765457, 0.0027963980101048946, 0.015410948544740677, 0.021677426993846893, 0.012378470972180367, 0.008998425677418709, 0.01325700432062149, 0.00929150078445673, 0.021076804026961327, 0.0056069702841341496, 0.030256308615207672, 0.006801831070333719, 0.011260241270065308, 0.01562984101474285, 0.012470356188714504, 0.008446421474218369, 0.020655017346143723, 0.017456144094467163, 0.000524315342772752, 0.0010857146698981524, 0.0027723019011318684, 0.020455537363886833, 0.011441311798989773, 0.00012165434600319713, 0.005585771519690752, 0.02019176445901394, 0.008046616800129414, 0.016414044424891472, 0.010520382784307003, 0.007018230855464935, 0.0056862798519432545, 0.017880555242300034, 0.02703767828643322, 0.00463651679456234, 0.0061578829772770405, 0.008933175355196, 0.023049667477607727, 0.007162229157984257, 0.01609409973025322, 0.006019723601639271, 0.017950288951396942, 0.005722265224903822, 0.021790454164147377, 0.020628102123737335, 0.02101513184607029, 0.018285946920514107, 0.011722709983587265, 0.03641717880964279, 0.006819637026637793, 0.0016385576454922557, 0.0072220684960484505, 0.029550090432167053, 0.007713534869253635, 0.007165492512285709, 0.009974237531423569, 0.0008625417249277234, 0.0071978443302214146, 0.006677367724478245, 0.01148756593465805, 0.005844881758093834, 0.010697395540773869, 0.005012270528823137, 0.0019309185445308685, 0.0321534126996994, 0.015279166400432587, 0.009289884008467197, 0.008980494923889637, 0.01295496802777052, 0.005359898321330547, 0.01410155650228262, 0.013112064450979233]"
F116,"[0.004330781754106283, 0.000515553227160126, 0.0006866821786388755, 0.0016538358759135008, 0.018540559336543083, 0.00545969232916832, 0.0035679431166499853, 0.006480867508798838, 0.001714332029223442, 0.008801518008112907, 0.014464420266449451, 0.015468438155949116, 0.004599336069077253, 0.0001249858905794099, 0.004264794755727053, 0.0013872692361474037, 0.004606842994689941, 0.0054787201806902885, 0.00037412092206068337, 0.0002667923690751195, 0.013968611136078835, 0.007840180769562721, 0.01236202847212553, 0.006636667996644974, 0.004097886849194765, 0.007870776578783989, 0.002284304704517126, 0.005903095006942749, 0.008836101740598679, 0.002898177597671747, 0.008816350251436234, 0.006631260737776756, 0.008020823821425438, 0.007162395864725113, 0.012375898659229279, 0.012599493376910686, 0.004538924433290958, 0.013451673090457916, 0.005048393737524748, 0.01386446226388216, 0.0008166544139385223, 0.007624233607202768, 0.000304229324683547, 0.01010497659444809, 0.010874774307012558, 0.016094401478767395, 0.017106547951698303, 0.005791522562503815, 0.009116927161812782, 0.004507807083427906, 0.002243536990135908, 0.006550871767103672, 0.0103200888261199, 0.0057306187227368355, 0.0018337515648454428, 0.0118472371250391, 0.007968119345605373, 0.0012541200267150998, 0.0029250041116029024, 0.001978481886908412, 0.008103693835437298, 0.00576375238597393, 0.010828433558344841, 0.0017076340736821294, 0.004720057360827923, 0.010277227498590946, 0.006494107190519571, 0.0009180111228488386, 0.00941681768745184, 0.011981437914073467, 0.004838458262383938, 0.003657074412330985, 0.020209744572639465, 0.0024983531329780817, 0.012176722288131714, 0.004902506712824106, 0.007382838986814022, 0.007988030090928078, 0.004828715696930885, 0.011753610335290432, 0.012478718534111977, 0.0040459102019667625, 0.0005231051472947001, 5.074155706097372e-05, 0.0019083259394392371, 0.003709270153194666, 0.020791852846741676, 0.011251496151089668, 0.0014403308741748333, 0.006793126463890076, 0.01588795892894268, 0.011428697034716606, 0.0068026352673769, 0.011024423874914646, 0.0007302222074940801, 0.0019039486069232225, 0.0029733034316450357, 0.0005192043608985841, 0.005557316821068525, 0.005568984430283308, 0.00785591546446085, 0.005136565305292606, 0.003578005125746131, 0.01141462754458189, 0.021095942705869675, 0.01310538500547409, 0.0028108120895922184, 0.007061526644974947, 0.012357656843960285, 0.0008568783523514867, 0.010550460778176785, 0.005142181646078825, 0.01077074185013771, 0.0032339678145945072, 0.001264456077478826, 0.006242555566132069, 0.002777185756713152, 0.010300911031663418, 0.0010044940281659365, 0.005395690444856882, 0.002301039407029748, 0.009240694344043732, 0.009853051975369453, 0.011365237645804882, 0.0022931089624762535, 0.0018773562042042613, 0.004135240335017443, 0.010472845286130905]"
F117,"[0.09954782575368881, 0.07431793957948685, 0.06654229015111923, 0.08798851817846298, 0.015675000846385956, 0.03599527105689049, 0.008722756989300251, 0.006323579233139753, 0.04217102751135826, 0.05095815286040306, 0.06543330103158951, 0.003164455061778426, 0.07333482801914215, 0.019778480753302574, 0.016419807448983192, 0.09172719717025757, 0.09542657434940338, 0.08632342517375946, 0.058416832238435745, 0.011313415132462978, 0.03285534679889679, 0.056924816220998764, 0.019495002925395966, 0.05932929739356041, 0.061217181384563446, 0.04050183668732643, 0.024289872497320175, 0.015786774456501007, 0.009768531657755375, 0.03318222612142563, 0.05588632449507713, 0.08412826061248779, 0.08405563980340958, 0.053218841552734375, 0.004161402583122253, 0.005568533670157194, 0.03846779465675354, 0.07133381813764572, 0.046550724655389786, 0.052583202719688416, 0.010283560492098331, 0.015394404530525208, 0.04535293951630592, 0.07635680586099625, 0.058854665607213974, 0.04559000954031944, 0.03797943517565727, 0.024020351469516754, 0.05727381259202957, 0.10064087063074112, 0.006461234763264656, 0.08332107961177826, 0.01382193248718977, 0.030117172747850418, 0.029243048280477524, 0.08141235262155533, 0.024028843268752098, 0.07115285098552704, 0.04262774810194969, 0.06158128380775452, 0.03231964260339737, 0.04917930066585541, 0.08648460358381271, 0.05522964522242546, 0.061819929629564285, 0.02721146121621132, 0.04929783567786217, 0.02573353424668312, 0.02519094944000244, 0.03209655359387398, 0.01974320597946644, 0.0241237822920084, 0.04678845405578613, 0.05462629720568657, 0.03407612442970276, 0.03057672642171383, 0.09698748588562012, 0.024832775816321373, 0.027273977175354958, 0.024303486570715904, 0.04657330363988876, 0.004458731040358543, 0.04526295140385628, 0.08475448191165924, 0.03913920000195503, 0.015062427148222923, 0.0071617309004068375, 0.03712252527475357, 0.03662717342376709, 0.026613635942339897, 0.006087366491556168, 0.05359018221497536, 0.08318956196308136, 0.0457739494740963, 0.013494362123310566, 0.0440450944006443, 0.0245816670358181, 0.025633787736296654, 0.07725555449724197, 0.02602989599108696, 0.03129344806075096, 0.04669486731290817, 0.07700653374195099, 0.011958055198192596, 0.03667254373431206, 0.09872908890247345, 0.03432222455739975, 0.09260501712560654, 0.050355974584817886, 0.025944694876670837, 0.06663249433040619, 0.01737930253148079, 0.060787878930568695, 0.002030604751780629, 0.018483974039554596, 0.03321180120110512, 0.08794704079627991, 0.029424335807561874, 0.026506390422582626, 0.06311456859111786, 0.08490374684333801, 0.049081359058618546, 0.06171436607837677, 0.013135313056409359, 0.024901272729039192, 0.0619567409157753, 0.0872160792350769, 0.02782026305794716]"
F118,"[0.02149382047355175, 0.020532580092549324, 0.032764311879873276, 0.06733802706003189, 0.012352978810667992, 0.002163241384550929, 0.041491106152534485, 0.005745686590671539, 0.011853838339447975, 0.03907574340701103, 0.04333694279193878, 0.04254104942083359, 0.029428629204630852, 0.0014135045930743217, 0.010588856413960457, 0.040192242711782455, 0.017329055815935135, 0.035068120807409286, 0.00738108903169632, 0.004561922512948513, 0.04741733521223068, 0.04351966455578804, 0.023825624957680702, 0.003355716122314334, 0.016637954860925674, 0.05475763976573944, 0.008049016818404198, 0.0015459113055840135, 0.044702623039484024, 0.01833658665418625, 0.0045831771567463875, 0.04866785183548927, 0.004233225714415312, 0.039669785648584366, 0.03631521761417389, 0.02131788060069084, 0.01720721833407879, 0.020933348685503006, 0.026654191315174103, 0.0005122015136294067, 0.003758615581318736, 0.005895314738154411, 0.038752760738134384, 0.0007433391874656081, 0.008870377205312252, 0.016894619911909103, 0.017527906224131584, 0.026648730039596558, 0.015230285003781319, 0.027458705008029938, 0.01896737515926361, 0.00714484415948391, 0.012903791852295399, 0.015351538546383381, 0.0017005266854539514, 0.038725730031728745, 0.0038307388313114643, 0.023913046345114708, 0.024918537586927414, 0.005361773073673248, 0.005701879039406776, 0.025104651227593422, 0.011375850066542625, 0.057033002376556396, 0.02075381763279438, 0.004533777944743633, 0.019015219062566757, 0.0009599729673936963, 0.009946437552571297, 0.05950155854225159, 0.03209704905748367, 0.009411504492163658, 0.02404225431382656, 0.020307131111621857, 0.022014856338500977, 0.030516110360622406, 0.005197544116526842, 0.005256521515548229, 0.03211868181824684, 0.034956902265548706, 0.015478266403079033, 0.038702841848134995, 0.036847975105047226, 0.024064695462584496, 0.006750485859811306, 0.005773137789219618, 0.010019048117101192, 0.026113713160157204, 0.02331172674894333, 0.044563718140125275, 0.005762220360338688, 0.014841089025139809, 0.04414163529872894, 0.016992080956697464, 0.0014184881001710892, 0.025186417624354362, 0.008491079322993755, 0.01605571247637272, 0.004145349375903606, 0.008373881690204144, 0.06467979401350021, 0.016535071656107903, 0.004900442901998758, 0.0568675771355629, 0.010354271158576012, 0.03940063714981079, 0.009144805371761322, 0.0515843965113163, 0.022161386907100677, 0.009198610670864582, 0.009498892351984978, 0.00019666209118440747, 0.008642153814435005, 0.0060700541362166405, 0.04294278845191002, 0.04523976892232895, 0.028074979782104492, 0.055229175835847855, 0.0003048315120395273, 0.020343797281384468, 0.022796818986535072, 0.0038544111885130405, 0.01502720545977354, 0.01669805310666561, 0.01735098287463188, 0.005263852421194315, 0.022054975852370262, 0.015782423317432404]"
F119,"[0.002968181623145938, 0.002879261039197445, 0.01333613321185112, 0.006470044609159231, 0.008273550309240818, 0.007497278042137623, 0.01403016410768032, 0.0017918336670845747, 0.015328851528465748, 0.028118101879954338, 0.00583493011072278, 0.015367267653346062, 0.025477519258856773, 0.02423037774860859, 0.01053126435726881, 0.006937210448086262, 0.009506570175290108, 0.028404684737324715, 0.010299078188836575, 0.010967896319925785, 0.008574876002967358, 0.006748857442289591, 0.017924726009368896, 0.011360116302967072, 0.013344265520572662, 0.013589090667665005, 0.005072860047221184, 0.00908980704843998, 0.0014857362257316709, 0.00899010244756937, 0.0049601453356444836, 0.0021994984708726406, 0.0067969150841236115, 0.017375262454152107, 0.001980772241950035, 0.009599846787750721, 0.0061678290367126465, 0.0014002699172124267, 0.008785801939666271, 0.016381440684199333, 0.010571389459073544, 0.007919132709503174, 0.0005944664590060711, 0.016439296305179596, 0.01039877813309431, 0.0011546137975528836, 0.016446150839328766, 0.014975517988204956, 0.013765789568424225, 0.0031548773404210806, 0.0005208872607909143, 0.016731591895222664, 0.010404021479189396, 0.005647294223308563, 0.004515922628343105, 0.021261990070343018, 0.014103305526077747, 0.00408254936337471, 0.025952300056815147, 0.0015876259421929717, 0.014532831497490406, 0.02372855693101883, 0.008097524754703045, 0.016944950446486473, 0.012263797223567963, 0.015508726239204407, 0.01997133158147335, 0.013671429827809334, 0.01678798347711563, 0.015532555058598518, 0.0021647103130817413, 0.006234350614249706, 0.015289857983589172, 0.005321666598320007, 0.02296026051044464, 0.027391154319047928, 0.012334869243204594, 0.001844783197157085, 0.01492111012339592, 0.015168372541666031, 0.017110053449869156, 0.004615588579326868, 0.02723250538110733, 0.02472238428890705, 0.00990031473338604, 0.009832926094532013, 0.02171434462070465, 0.006036569830030203, 0.008434523828327656, 0.0006021791487000883, 0.005456290673464537, 0.012974671088159084, 0.004214963410049677, 0.01644061505794525, 0.0058975787833333015, 0.0024411510676145554, 0.009275960735976696, 0.0084013557061553, 0.01902911625802517, 0.008119738660752773, 0.009378494694828987, 0.0038210900966078043, 0.027531521394848824, 0.010860299691557884, 0.0201491080224514, 0.004997964482754469, 0.021912245079874992, 0.023101286962628365, 0.02501853182911873, 0.013735512271523476, 0.00273874681442976, 0.010869164951145649, 0.003772945608943701, 0.013549013994634151, 0.0005482968990691006, 0.00489189475774765, 0.0073024807497859, 0.01648910529911518, 0.0037607019767165184, 0.01677894778549671, 0.0017507501179352403, 0.02194279618561268, 0.011736489832401276, 0.012258502654731274, 0.010616285726428032, 0.001988299423828721, 0.005855012219399214, 0.02086109109222889]"
F120,"[0.020821545273065567, 0.00798872858285904, 0.010795666836202145, 0.005810728296637535, 0.0018108251970261335, 0.02767050825059414, 0.020356761291623116, 0.003929884638637304, 0.012832586653530598, 0.018837694078683853, 0.007048529572784901, 0.011033805087208748, 0.024974901229143143, 0.005949398502707481, 0.006814321968704462, 0.0244675911962986, 0.007247408851981163, 0.003994387574493885, 0.003009265987202525, 0.0032318495213985443, 0.0014387069968506694, 0.010546096600592136, 0.019971391186118126, 0.029607390984892845, 0.01744161546230316, 0.0312623605132103, 0.0008788660634309053, 0.017225004732608795, 0.004934296477586031, 0.005700658541172743, 0.010049968957901001, 0.01244055200368166, 0.007462424226105213, 0.0008883322007022798, 0.004667420871555805, 0.014742118306457996, 0.006216608453541994, 0.022524341940879822, 0.01002860814332962, 0.0074195717461407185, 0.0006485441699624062, 0.013514399528503418, 0.02154889889061451, 0.009253461845219135, 0.008102823980152607, 0.0060481298714876175, 0.01918543502688408, 0.004161509219557047, 0.028308875858783722, 0.015645304694771767, 0.02646138146519661, 0.027899937704205513, 0.01841292902827263, 0.03158312663435936, 0.015256143175065517, 0.02740088477730751, 0.02675500139594078, 0.008690579794347286, 0.018932558596134186, 0.009202432818710804, 0.0008886574651114643, 0.003922163974493742, 0.00319058820605278, 0.004408502019941807, 0.0050131273455917835, 0.012878541834652424, 0.0360068641602993, 0.025259610265493393, 0.011058652773499489, 0.018895979970693588, 0.0056656282395124435, 0.030843455344438553, 0.023634878918528557, 0.02954832650721073, 0.022476058453321457, 0.021939178928732872, 0.0021680749487131834, 0.0035826845560222864, 0.007049259264022112, 0.014305347576737404, 0.0012240833602845669, 0.00014052377082407475, 0.03783004358410835, 0.024756520986557007, 0.019658446311950684, 0.014066190458834171, 0.011352620087563992, 0.029765309765934944, 0.03117550164461136, 0.0016249414766207337, 0.026550032198429108, 0.015618544071912766, 0.010804014280438423, 0.014903977513313293, 0.0026206232141703367, 0.01927352510392666, 0.005045796744525433, 0.013260850682854652, 0.026834944263100624, 0.034608881920576096, 0.025234656408429146, 0.01139668095856905, 0.018688414245843887, 0.010906724259257317, 0.02074209414422512, 0.02217136323451996, 0.01774323172867298, 0.021537451073527336, 0.01218132022768259, 0.025692282244563103, 0.041122399270534515, 0.02311372570693493, 0.001541387988254428, 0.012290645390748978, 0.0014087572926655412, 0.0018001303542405367, 0.008576788008213043, 0.007216588594019413, 0.010065954178571701, 0.029149670153856277, 0.001865361467935145, 0.027987390756607056, 0.006328463088721037, 0.023831946775317192, 0.022637683898210526, 0.013623681850731373, 0.025194186717271805, 0.014869154430925846]"
F121,"[0.007708279881626368, 0.0069572762586176395, 0.011583465151488781, 0.010044670663774014, 0.0002553660306148231, 0.012473118491470814, 0.023559944704174995, 0.007710825186222792, 0.010303196497261524, 0.00824942346662283, 0.03560435771942139, 0.0028975773602724075, 0.019398143514990807, 0.02273639291524887, 0.009711148217320442, 0.0020658003631979227, 0.006243088282644749, 0.009564206004142761, 0.0006091651157476008, 0.010187283158302307, 0.004596022889018059, 0.032356809824705124, 0.03523161634802818, 0.012983456254005432, 0.0022749213967472315, 0.001489901915192604, 0.01057346910238266, 0.01740959659218788, 0.015705430880188942, 0.019689368084073067, 0.012112289667129517, 0.023417389020323753, 0.025087065994739532, 0.00784264225512743, 0.015304961241781712, 0.03169374540448189, 0.00904876459389925, 0.00525986822322011, 0.028648829087615013, 0.0340157113969326, 0.011978745460510254, 0.005876310635358095, 0.0036383350379765034, 0.01439717598259449, 0.010702842846512794, 0.01038898155093193, 0.0009055769769474864, 0.012557536363601685, 0.017444472759962082, 0.01995849795639515, 0.005691685248166323, 0.017607897520065308, 0.04320843517780304, 0.02695879153907299, 0.0037529021501541138, 0.015705309808254242, 0.013557388447225094, 0.032080523669719696, 0.01485713105648756, 0.011776369996368885, 0.0036538175772875547, 0.013858386315405369, 0.003870978020131588, 0.006128513719886541, 0.015226621180772781, 0.01646432653069496, 0.006880651693791151, 0.035512764006853104, 0.014936675317585468, 0.020453739911317825, 0.001383043359965086, 0.017555659636855125, 0.013965807855129242, 0.00316628091968596, 0.03675432875752449, 0.0016777657438069582, 0.005953023675829172, 0.0023733852431178093, 0.016479918733239174, 0.0077852001413702965, 0.027776427567005157, 0.02872968651354313, 0.028406649827957153, 0.00451128464192152, 0.03913452848792076, 0.003952261060476303, 0.01151779294013977, 0.012099647894501686, 0.015578831546008587, 0.0039533283561468124, 0.023406416177749634, 0.0008387721609324217, 0.006811049301177263, 0.013524988666176796, 0.01687154546380043, 0.03329896181821823, 0.027769658714532852, 0.00815520528703928, 0.02329091913998127, 0.021800559014081955, 0.0092751644551754, 0.030183404684066772, 0.032054927200078964, 0.026728909462690353, 0.003168497933074832, 0.010428226552903652, 0.011820555664598942, 0.032024167478084564, 0.011018907651305199, 0.0036544983740895987, 0.02769877016544342, 0.0009550486574880779, 0.018707282841205597, 0.022741854190826416, 0.01973719708621502, 0.014899095520377159, 0.003597576403990388, 0.010407302528619766, 0.014683655463159084, 0.00015705487749073654, 0.0030958051793277264, 0.0003943699412047863, 0.019611692056059837, 0.002026219852268696, 0.012819556519389153, 0.0254671648144722, 0.01844778098165989, 0.0039707669056952]"
F122,"[0.0013902210630476475, 0.00013359601143747568, 0.02390008419752121, 0.0024509476497769356, 0.0020779669284820557, 0.01761527732014656, 0.0025727616157382727, 0.0009856182150542736, 0.0007058667251840234, 0.026025647297501564, 0.009995722211897373, 0.02449203096330166, 0.008765647187829018, 0.02005147561430931, 0.008132998831570148, 0.008133991621434689, 0.0034490947145968676, 0.02744309976696968, 0.014522789977490902, 0.013623390346765518, 0.00487744715064764, 0.0013281418941915035, 0.0008829861180856824, 0.005083094350993633, 0.015863176435232162, 0.004691556561738253, 0.011357832700014114, 0.015115763992071152, 0.0022462643682956696, 0.002850313438102603, 0.022694628685712814, 0.007657891139388084, 0.013854342512786388, 0.0032198859844356775, 0.0028016269207000732, 0.011302155442535877, 0.003247503424063325, 0.01327680516988039, 0.0058618211187422276, 0.007522749714553356, 0.002891094423830509, 0.002797367051243782, 0.014960819855332375, 0.0007997843786142766, 0.0071532707661390305, 0.021609239280223846, 0.017355699092149734, 0.005977189168334007, 0.01395870465785265, 0.020148606970906258, 0.024968218058347702, 0.0011531271738931537, 0.014305991120636463, 0.0036648449022322893, 0.005702403374016285, 0.007125533651560545, 0.0220565814524889, 0.001306104357354343, 0.019397376105189323, 0.0037483738269656897, 0.016019335016608238, 0.014906251803040504, 0.014481495134532452, 0.016215896233916283, 0.0019456992158666253, 0.004427592270076275, 0.00930216908454895, 0.008433306589722633, 0.013011428527534008, 0.004549804143607616, 0.018514422699809074, 0.021891990676522255, 0.023784665390849113, 0.002954720053821802, 0.014647724106907845, 0.007741235196590424, 0.001976336119696498, 0.0009565548389218748, 0.00609442638233304, 0.011632174253463745, 0.020737815648317337, 0.001242200843989849, 0.013998415321111679, 0.014872096478939056, 0.004352333955466747, 0.005940470844507217, 0.0002197135181631893, 0.004323690664023161, 0.0005179827567189932, 0.013218555599451065, 0.009587050415575504, 0.0031824393663555384, 0.0009182028588838875, 0.018348578363656998, 0.010618133470416069, 0.010442102327942848, 0.017865873873233795, 0.00940083246678114, 0.007445415016263723, 0.012130354531109333, 0.014010329730808735, 0.0024089121725410223, 0.024467933923006058, 0.008190162479877472, 0.011305060237646103, 0.014636091887950897, 0.007687677163630724, 0.010786985978484154, 0.015463792718946934, 0.0236353762447834, 0.0021266110707074404, 0.0032309701200574636, 0.015434695407748222, 0.01741199754178524, 0.004065693821758032, 0.002648148685693741, 0.015695303678512573, 0.0029495907947421074, 0.009959912858903408, 0.0025181258097290993, 0.02918514795601368, 0.025931207463145256, 0.0020583407022058964, 0.010332654230296612, 0.0034775047097355127, 0.020717842504382133, 0.014467290602624416, 0.020787619054317474]"
F123,"[0.022309569641947746, 0.010665449313819408, 0.00043883101898245513, 0.004928247071802616, 0.019959496334195137, 0.010759260505437851, 0.022270208224654198, 0.0013280779821798205, 0.018459642305970192, 0.016321053728461266, 0.00015062597231008112, 0.009786668233573437, 0.0063041201792657375, 0.010804563760757446, 0.022174686193466187, 0.02990475483238697, 0.014839748851954937, 0.00578047102317214, 0.009578706696629524, 0.006726353894919157, 0.01485837996006012, 0.009948715567588806, 0.01692437380552292, 0.00014190259389579296, 0.005241748411208391, 0.0073713380843400955, 0.024944914504885674, 0.015919329598546028, 0.020041516050696373, 0.010828710161149502, 0.019047826528549194, 0.006034562364220619, 0.025512630119919777, 0.02231210097670555, 0.0011638663709163666, 0.004573914222419262, 0.02790413610637188, 0.012149535119533539, 0.008130359463393688, 0.001576374052092433, 0.008823777548968792, 0.011301868595182896, 0.006890749558806419, 0.00899746734648943, 0.004929027054458857, 0.01614217832684517, 0.011956938542425632, 0.010242384858429432, 0.011030388064682484, 0.023282963782548904, 0.016908233985304832, 0.013786732219159603, 0.01521848514676094, 0.0029355573933571577, 0.019562458619475365, 0.013620282523334026, 0.00099203793797642, 0.017893509939312935, 0.018817894160747528, 0.005415108986198902, 0.0012713653268292546, 0.0017435733461752534, 0.010105009190738201, 0.0011857161298394203, 0.020238051190972328, 0.006260700523853302, 0.022103719413280487, 0.012450789101421833, 0.003021941054612398, 0.005205720197409391, 0.009812898933887482, 0.006880749948322773, 0.018420811742544174, 0.00703663844615221, 0.00014451674360316247, 0.016797052696347237, 0.014996849000453949, 0.018732750788331032, 0.016203591600060463, 0.015909794718027115, 0.0011523356661200523, 0.00012387041351757944, 0.010078630410134792, 0.006191270425915718, 0.009449930861592293, 0.012373950332403183, 0.010790578089654446, 0.004706183914095163, 0.017983395606279373, 0.033804092556238174, 0.026156479492783546, 0.018207021057605743, 0.016504671424627304, 0.0007077784393914044, 0.025828944519162178, 0.009866331703960896, 0.0010059038177132607, 0.0005944532458670437, 0.005835639778524637, 0.01602378860116005, 0.01453627273440361, 0.009497994557023048, 0.020442340523004532, 0.01711023971438408, 0.004205011762678623, 0.015286254696547985, 0.003771717892959714, 0.008634006604552269, 0.00797731801867485, 0.029382716864347458, 0.008894087746739388, 0.01872466318309307, 0.011389181949198246, 0.014215031638741493, 0.010023054666817188, 0.014669657684862614, 0.013493834063410759, 0.014513049274682999, 0.0157171580940485, 0.0026157484389841557, 0.0022413469851017, 0.021089117974042892, 0.004955609794706106, 0.0010920739732682705, 0.013153350912034512, 0.005562524776905775, 0.013925421983003616, 0.011874986812472343]"
F124,"[0.07331223785877228, 0.016464564949274063, 0.0013192531187087297, 0.0501403771340847, 0.058234281837940216, 0.008688991889357567, 0.04333570599555969, 0.03648976981639862, 0.05564216896891594, 0.00768649484962225, 0.00042351745651103556, 0.002607138594612479, 0.009974464774131775, 0.03268972039222717, 0.028733031824231148, 0.11145789921283722, 0.016670040786266327, 0.021259894594550133, 0.01162471529096365, 0.046604547649621964, 0.01055392436683178, 0.06495289504528046, 0.00409735506400466, 0.041267383843660355, 3.7538553442573175e-05, 0.011892778798937798, 0.054848846048116684, 0.019101377576589584, 0.018168935552239418, 0.029025359079241753, 0.08370502293109894, 0.09816236048936844, 0.039610061794519424, 0.01808767579495907, 0.0332956463098526, 0.015420379117131233, 0.016111819073557854, 0.06252054870128632, 0.023301618173718452, 0.0277163777500391, 0.07398968189954758, 0.004177683033049107, 0.05022643133997917, 0.03256263956427574, 0.00852480623871088, 0.025580644607543945, 0.029625587165355682, 0.05844913795590401, 0.027744032442569733, 0.05680094286799431, 0.032012227922677994, 0.015437472611665726, 0.012334447354078293, 0.04133952409029007, 0.07914862036705017, 0.08923357725143433, 0.012607923708856106, 0.025484664365649223, 0.05706705525517464, 0.03664613142609596, 0.0329195074737072, 0.10468792915344238, 0.028926299884915352, 0.03595883399248123, 0.012907455675303936, 0.07526001334190369, 0.05799035727977753, 0.010441992431879044, 0.01052259374409914, 0.027045898139476776, 0.07001344114542007, 0.07658844441175461, 0.059632908552885056, 0.010457007214426994, 0.047858309000730515, 0.018435703590512276, 0.02485622465610504, 0.013527387753129005, 0.035016126930713654, 0.04465587064623833, 0.0055384282022714615, 0.01971914991736412, 0.008985728956758976, 0.09382659941911697, 0.0262706708163023, 0.096242755651474, 0.012836369685828686, 0.036480627954006195, 0.028377695009112358, 0.08485979586839676, 0.11449997872114182, 0.027759648859500885, 0.04720332473516464, 0.0843210443854332, 0.03275103494524956, 0.0043022590689361095, 0.03087814338505268, 0.016712382435798645, 0.02861500345170498, 0.0953856036067009, 0.024572864174842834, 0.09265333414077759, 0.08678461611270905, 0.06565999239683151, 0.05486811697483063, 0.013288033194839954, 0.04953350871801376, 0.04455532878637314, 0.05673734098672867, 0.0772625207901001, 0.007564736530184746, 0.03189663216471672, 0.011637447401881218, 0.027155471965670586, 0.008912782184779644, 0.03767643868923187, 0.005027640610933304, 0.06064940616488457, 0.0030496094841510057, 0.03945918753743172, 0.07131879031658173, 0.04733767732977867, 0.03483949601650238, 0.0297391340136528, 0.04097994044423103, 0.03361694514751434, 0.05034447833895683, 0.0007621408440172672]"
F125,"[0.07291710376739502, 0.031686972826719284, 0.0329870730638504, 0.14455708861351013, 0.05218648910522461, 0.13227751851081848, 0.011502843350172043, 0.07446837425231934, 0.05710066109895706, 0.04942185431718826, 0.03286319226026535, 0.03285561129450798, 0.02658212184906006, 0.050163399428129196, 0.040915071964263916, 0.06408107280731201, 0.03776681050658226, 0.01397641096264124, 0.012683423236012459, 0.03231187164783478, 0.1403622180223465, 0.01735282689332962, 0.030008699744939804, 0.09517893195152283, 0.10392875224351883, 0.11029680073261261, 0.04542554169893265, 0.04168026149272919, 0.06375204771757126, 0.019884208217263222, 0.08403535187244415, 0.0628252699971199, 0.09277384728193283, 0.07897055894136429, 0.03615337610244751, 0.04593720659613609, 0.036973897367715836, 0.013862173072993755, 0.09494061768054962, 0.10188973695039749, 0.06735554337501526, 0.06485194712877274, 0.0651807188987732, 0.03155916556715965, 0.11702482402324677, 0.09847360849380493, 0.08779818564653397, 0.1031724289059639, 0.10856088995933533, 0.09407863020896912, 0.025781651958823204, 0.033546216785907745, 0.1254575550556183, 0.009949900209903717, 0.028846437111496925, 0.0008670150418765843, 0.040920767933130264, 0.10159997642040253, 0.0323512889444828, 0.03033648245036602, 0.013843558728694916, 0.004736242815852165, 0.07197733223438263, 0.15263806283473969, 0.040072377771139145, 0.015167692676186562, 0.054624997079372406, 0.06506315618753433, 0.070531465113163, 0.06623049080371857, 0.0032275356352329254, 0.059189144521951675, 0.028334787115454674, 0.009486878290772438, 0.07087111473083496, 0.011758944019675255, 0.11287318915128708, 0.010482042096555233, 0.05525769293308258, 0.07397983223199844, 0.032268326729536057, 0.0468640998005867, 0.08671078830957413, 0.03239157423377037, 0.06402584910392761, 0.026741476729512215, 0.039180975407361984, 0.12088419497013092, 0.02677297405898571, 0.0574972964823246, 0.05496668443083763, 0.09435492753982544, 0.09233521670103073, 0.05418151617050171, 0.06783183664083481, 0.07571790367364883, 0.0010988978901878, 0.07273752242326736, 0.03902352601289749, 0.042693812400102615, 0.059958867728710175, 0.0751877948641777, 0.05043898895382881, 0.04330125451087952, 0.035579849034547806, 0.09925796091556549, 0.035796985030174255, 0.14850884675979614, 0.07830686122179031, 0.03278827667236328, 0.07966674119234085, 0.05736168101429939, 0.013712532818317413, 0.13449913263320923, 0.1398617923259735, 0.01038055308163166, 0.03626164048910141, 0.012663710862398148, 0.0175231471657753, 0.05538657680153847, 0.00032139994436874986, 0.0982697382569313, 0.09636620432138443, 0.06977659463882446, 0.08738583326339722, 0.14878928661346436, 0.003017930081114173, 0.08535032719373703]"
F126,"[0.007737795822322369, 0.09692829847335815, 0.014109118841588497, 0.030424701049923897, 0.04891335964202881, 0.017664123326539993, 0.03698825091123581, 0.055666226893663406, 0.06851165741682053, 0.01658918336033821, 0.044692736119031906, 0.08267237991094589, 0.01648159883916378, 0.032141007483005524, 0.009585157968103886, 0.05902055278420448, 0.004398757591843605, 0.1145770326256752, 0.05118837580084801, 0.04268353059887886, 0.030535589903593063, 0.005709132645279169, 0.0039871991612017155, 0.04322298988699913, 0.015040101483464241, 0.05122694745659828, 0.0725179985165596, 0.028009628877043724, 0.0015225405804812908, 0.019272543489933014, 0.03984692320227623, 0.0352807343006134, 0.05131813883781433, 0.09573032706975937, 0.058007147163152695, 0.018991796299815178, 0.03714985400438309, 0.01149348821491003, 0.04899265244603157, 0.0416824072599411, 0.004398595076054335, 0.03335307165980339, 0.0929008275270462, 0.043497733771800995, 0.03621113300323486, 0.059715427458286285, 0.020770253613591194, 0.07389696687459946, 0.0692172572016716, 0.0010928541887551546, 0.00724834855645895, 0.030437299981713295, 0.004605719354003668, 0.022431323304772377, 0.008436142466962337, 0.055844713002443314, 0.08399675786495209, 0.023458203300833702, 0.08565922826528549, 0.022018780931830406, 0.005304415710270405, 0.04651687294244766, 0.05098210275173187, 0.010795727372169495, 0.035526763647794724, 0.09457308799028397, 0.029654107987880707, 0.0013944604434072971, 0.017428139224648476, 0.005390977021306753, 0.0509926900267601, 0.02589825727045536, 0.00655919685959816, 0.046858590096235275, 0.01775856502354145, 0.031548988074064255, 0.010777078568935394, 0.08400078117847443, 0.06629166752099991, 0.09580186009407043, 0.07002610713243484, 0.05707113817334175, 0.023740950971841812, 0.08121023327112198, 0.06445425748825073, 0.029356500133872032, 0.016323795542120934, 0.07128807157278061, 0.07671132683753967, 0.033779922872781754, 0.04137575253844261, 0.06017496436834335, 0.07670152932405472, 0.023107079789042473, 0.0385085865855217, 0.003849637694656849, 0.0006532706902362406, 0.11637051403522491, 0.017595328390598297, 0.04034058377146721, 0.024345798417925835, 0.018379993736743927, 0.020327216014266014, 0.07998925447463989, 0.025356601923704147, 0.019513385370373726, 0.06022491306066513, 0.08418108522891998, 0.011749864555895329, 0.05883995443582535, 0.06977076083421707, 0.13320276141166687, 0.09132891893386841, 0.03409770131111145, 0.07178056240081787, 0.03965522721409798, 0.03665731102228165, 0.07609459012746811, 0.009812550619244576, 0.06890776008367538, 0.046577297151088715, 0.03215773031115532, 0.021336369216442108, 0.07826895266771317, 0.006528941914439201, 0.01701625995337963, 0.0077396901324391365, 0.018420636653900146]"
F127,"[0.002809339901432395, 0.04411594569683075, 0.060973018407821655, 0.0117343720048666, 0.018464548513293266, 0.020964644849300385, 0.01254797913134098, 0.018958760425448418, 0.03840747848153114, 0.01673281379044056, 0.025608446449041367, 0.06723557412624359, 0.0024493017699569464, 0.007382029667496681, 0.023974860087037086, 0.016155453398823738, 0.061796508729457855, 0.04430733621120453, 0.009389560669660568, 0.0020407489500939846, 0.017008405178785324, 0.035527244210243225, 0.007982099428772926, 0.002084377920255065, 0.028434261679649353, 0.014873242005705833, 0.00634653540328145, 0.007447501178830862, 0.006517220754176378, 0.036151956766843796, 0.03391270712018013, 0.010947727598249912, 0.00582392793148756, 0.02702084183692932, 0.011493336409330368, 0.004680461250245571, 0.0357397235929966, 0.001236397190950811, 0.01650399900972843, 0.0015062028542160988, 0.023998193442821503, 0.030674422159790993, 0.037727393209934235, 0.023911630734801292, 0.025232715532183647, 0.034434497356414795, 0.02994009293615818, 0.015635116025805473, 0.028772223740816116, 0.05677316337823868, 0.0535961352288723, 0.0030154248233884573, 0.015020091086626053, 0.028458762913942337, 0.031647395342588425, 0.02239171974360943, 0.006552094127982855, 0.017133207991719246, 0.03932523727416992, 0.018374580889940262, 0.00935870036482811, 0.011999834328889847, 0.02921232394874096, 0.013316290453076363, 0.012623218819499016, 0.0037249268498271704, 0.004857538267970085, 0.05581282451748848, 0.03828197345137596, 0.06000347435474396, 0.018139364197850227, 0.009157275781035423, 0.05340772494673729, 0.00012439073179848492, 0.028985483571887016, 0.05905504524707794, 0.04195206239819527, 0.03212222084403038, 0.053959161043167114, 0.008638045750558376, 0.017224464565515518, 0.04127304255962372, 0.0038719899021089077, 0.013694419525563717, 0.026358291506767273, 0.03999217227101326, 0.019913600757718086, 0.021716995164752007, 0.060407038778066635, 0.08476487547159195, 0.01724490150809288, 0.040828313678503036, 0.03710661455988884, 0.00041380120092071593, 0.02584049105644226, 0.016811365261673927, 0.02627735212445259, 0.027010107412934303, 0.002409724285826087, 0.06555814296007156, 0.005571427289396524, 0.04438065364956856, 0.04058890789747238, 0.0020389757119119167, 0.005857071373611689, 0.0024694488383829594, 0.022262578830122948, 0.0389300137758255, 0.04647926986217499, 0.011568033136427402, 0.011067846789956093, 0.007703156676143408, 0.007923061959445477, 0.03008100762963295, 0.026871265843510628, 0.024363139644265175, 0.045489270240068436, 0.04724622145295143, 0.034877877682447433, 0.022704187780618668, 0.024027932435274124, 0.014194752089679241, 0.0375514030456543, 0.026899125427007675, 0.023970844224095345, 0.026733124628663063, 0.045053888112306595, 0.011724320240318775]"
F128,"[0.007207649759948254, 0.005083492491394281, 0.01854356937110424, 0.00964239053428173, 0.00955924205482006, 0.014104921370744705, 0.010996393859386444, 0.003936911467462778, 0.01085620280355215, 0.01888865977525711, 0.012161859311163425, 0.022070668637752533, 0.006194071378558874, 0.008962372317910194, 0.01632239669561386, 0.010863655246794224, 0.009834937751293182, 0.008314495906233788, 0.010583745315670967, 0.001108726137317717, 0.007585290819406509, 0.003999064210802317, 0.0063595823012292385, 0.008088070899248123, 0.010354900732636452, 0.01805400289595127, 0.00202418421395123, 0.004830176010727882, 0.00850773137062788, 0.001942515023984015, 0.007248576730489731, 0.0011369313579052687, 0.0021540315356105566, 0.005059211514890194, 0.010705660097301006, 0.0016777009004727006, 0.007731502875685692, 0.007051172666251659, 0.013516445644199848, 0.0006836546235717833, 0.0017582986038178205, 0.0024369354359805584, 0.005111716687679291, 0.01988924853503704, 0.010543106123805046, 0.012943104840815067, 0.0024376362562179565, 0.002250565681606531, 0.005624284502118826, 0.005734934937208891, 0.008177749812602997, 0.012573560699820518, 0.009689885191619396, 0.00789098720997572, 0.00630612950772047, 0.0007012936403043568, 0.001110936515033245, 0.01412868406623602, 0.022371815517544746, 0.009317193180322647, 0.014838550239801407, 0.015477288514375687, 0.0016242500860244036, 0.010368472896516323, 0.0061448318883776665, 0.003771324409171939, 0.0029179968405514956, 0.01800152286887169, 0.011104314588010311, 0.012342922389507294, 0.01070295087993145, 0.008972200565040112, 0.009171458892524242, 0.006802269723266363, 0.026384588330984116, 0.010293303057551384, 0.015199833549559116, 0.003938599955290556, 0.009394891560077667, 0.004711621906608343, 0.011178732849657536, 0.001139531028456986, 0.0015270853182300925, 0.008272235281765461, 0.008419981226325035, 0.003192616393789649, 0.003388863755390048, 0.01283589843660593, 0.001859836163930595, 0.0037094554863870144, 0.011239123530685902, 0.011416752822697163, 0.013363067060709, 0.012495956383645535, 0.018388010561466217, 0.00732601759955287, 0.01231315452605486, 0.010830061510205269, 0.003920800983905792, 0.006411544047296047, 0.00641435943543911, 0.013853049837052822, 0.006075375713407993, 0.005965931806713343, 0.010950840078294277, 0.006891351658850908, 0.004421200603246689, 0.0016931681893765926, 0.01740092597901821, 0.0207142923027277, 0.010470530949532986, 0.009731097146868706, 0.009624287486076355, 0.0160021111369133, 0.006483383011072874, 0.0034296545200049877, 0.007834689691662788, 0.006365804933011532, 0.0029950528405606747, 0.011625802144408226, 0.011154735460877419, 0.010347465984523296, 0.004323395434767008, 0.006238983944058418, 0.006915722973644733, 0.012424257583916187, 0.016403527930378914, 0.009562201797962189]"
F129,"[0.022913848981261253, 0.13999570906162262, 0.05513449013233185, 0.1461551934480667, 0.050948016345500946, 0.05366833135485649, 0.11917407810688019, 0.08964022248983383, 0.03528990596532822, 0.08639996498823166, 0.033312998712062836, 0.11659181863069534, 0.0934939980506897, 0.0665176659822464, 0.020888719707727432, 0.010775566101074219, 0.04526310786604881, 0.09590097516775131, 0.012160694226622581, 0.01781328022480011, 0.020125264301896095, 0.003954550251364708, 0.11462993919849396, 0.05420907586812973, 0.012230048887431622, 0.04066932201385498, 0.09316876530647278, 0.025472266599535942, 0.04484495893120766, 0.11628986150026321, 0.07743528485298157, 0.04695763811469078, 0.11846794933080673, 0.0894661471247673, 0.0421486496925354, 0.12805528938770294, 0.07734142988920212, 0.09370515495538712, 0.015950677916407585, 0.013120927847921848, 0.057201944291591644, 0.08110123127698898, 0.08558699488639832, 0.01733163557946682, 0.03342896327376366, 0.039313722401857376, 0.06588683277368546, 0.048391640186309814, 0.023947114124894142, 0.03962661325931549, 0.003335698740556836, 0.09293627738952637, 0.019704153761267662, 0.09164401888847351, 0.02612391486763954, 0.03574971854686737, 0.07900109142065048, 0.024875201284885406, 0.08265804499387741, 0.019285209476947784, 0.052110135555267334, 0.0682520717382431, 0.06143438443541527, 0.027153372764587402, 0.0011358847841620445, 0.12103081494569778, 0.009576226584613323, 0.01379266008734703, 0.0983252227306366, 0.09275539964437485, 0.07184124737977982, 0.12938329577445984, 0.030388183891773224, 0.07327578216791153, 0.08551201969385147, 0.0647297203540802, 0.06584019213914871, 0.0028660742100328207, 0.0074126399122178555, 0.07871275395154953, 0.0006566666415892541, 0.04218612238764763, 0.024272197857499123, 0.08352705836296082, 0.11386100202798843, 0.0018973154947161674, 0.004363477695733309, 0.13851182162761688, 0.04526263102889061, 0.1000182256102562, 0.021728508174419403, 0.07374516129493713, 0.06744641065597534, 0.03917277604341507, 0.016110125929117203, 0.08394849300384521, 0.08032561093568802, 0.07642526924610138, 0.02432112582027912, 0.13903754949569702, 0.04477960616350174, 0.03153552860021591, 0.0717257708311081, 0.04928478226065636, 0.11389067023992538, 0.09044063091278076, 0.012925573624670506, 0.0934676006436348, 0.03792315721511841, 0.0551031194627285, 0.05925918370485306, 0.09110579639673233, 0.11575634032487869, 0.02355223149061203, 0.04537538066506386, 0.18660447001457214, 0.02530498430132866, 0.09736309200525284, 0.14475789666175842, 0.07446862012147903, 0.0016051932470872998, 0.014114892110228539, 0.03336023539304733, 0.039601054042577744, 0.05900105461478233, 0.12900783121585846, 0.04383070394396782, 0.03564775362610817]"
F130,"[0.011394414119422436, 0.007180782966315746, 0.007640928961336613, 0.002236379077658057, 0.017001807689666748, 0.01299463864415884, 0.011437141336500645, 0.009314876981079578, 0.015667831525206566, 0.005050258245319128, 0.010933950543403625, 0.009774762205779552, 0.005647843703627586, 0.0072527383454144, 0.00839387346059084, 0.01207817904651165, 0.005583056248724461, 0.00011997759429505095, 0.017087150365114212, 0.0018464555032551289, 0.0010947278933599591, 0.0002454195637255907, 0.003945321775972843, 0.003083202289417386, 0.0010562114184722304, 0.018183302134275436, 0.0013153974432498217, 0.0037874504923820496, 0.00024443393340334296, 0.003994212951511145, 0.0029172792565077543, 0.00493672676384449, 0.014949710108339787, 0.006258274894207716, 8.702681952854618e-05, 0.011163121089339256, 0.005093883257359266, 0.004706589970737696, 0.003723396686837077, 0.012107816524803638, 0.004365033935755491, 0.0070726159028708935, 0.0010882936185225844, 0.006891114171594381, 0.00028363007004372776, 0.00716032087802887, 0.00809998344630003, 0.003063987474888563, 0.016198668628931046, 0.0028637778013944626, 0.00028995497268624604, 0.013235981576144695, 0.022935453802347183, 0.008556323125958443, 0.016039840877056122, 0.0018712091259658337, 0.017193932086229324, 0.003923431504517794, 0.0010151241440325975, 0.014000078663229942, 0.014916988089680672, 9.020334255183116e-05, 0.003820843528956175, 0.012953761965036392, 0.01015555765479803, 0.006132993381470442, 0.009899836964905262, 0.002924717729911208, 0.011264397762715816, 0.003188889939337969, 0.0004632007621694356, 0.00899474322795868, 0.001527405926026404, 0.012505346909165382, 0.0051668621599674225, 0.006707914639264345, 0.01172603014856577, 0.009462856687605381, 0.0033146042842417955, 0.01508107129484415, 0.0020183417946100235, 0.006767467595636845, 0.007631264161318541, 0.015871958807110786, 0.014332297258079052, 0.007758728228509426, 0.010328011587262154, 0.007739243563264608, 0.012501223012804985, 0.0035151091869920492, 0.008817898109555244, 0.0022304579615592957, 0.007293399423360825, 0.008059616200625896, 0.004136129282414913, 0.008231230080127716, 0.005765980109572411, 0.01775081641972065, 0.0016910778358578682, 0.01309913583099842, 0.01526844222098589, 0.010753748938441277, 0.014521530829370022, 0.01228356920182705, 0.0018488506320863962, 0.005632544867694378, 0.007185976020991802, 0.011269183829426765, 0.006885126698762178, 0.0006030494696460664, 0.008964034728705883, 0.0028993450105190277, 0.010109059512615204, 0.008102958090603352, 0.00555921858176589, 0.009299257770180702, 0.0008952402858994901, 0.012816754169762135, 0.015140521340072155, 0.0014315242879092693, 0.010368590243160725, 0.0029661422595381737, 0.006722054444253445, 0.0049781473353505135, 0.016733327880501747, 0.0014032741310074925, 0.006518279667943716, 0.017218029126524925]"
F131,"[0.017532993108034134, 0.014295674860477448, 0.009507746435701847, 0.005894205532968044, 0.021044204011559486, 0.014425871893763542, 0.0015500372974202037, 0.017655733972787857, 0.001356084831058979, 0.013604342006146908, 0.010781238786876202, 0.046799756586551666, 0.04114336147904396, 0.016557112336158752, 0.015199475921690464, 0.0032375857699662447, 0.002102974336594343, 0.012414644472301006, 0.02093997225165367, 0.014077489264309406, 0.014701376669108868, 0.01926160231232643, 0.0034161116927862167, 0.01059581059962511, 0.02741696685552597, 0.00602308614179492, 0.019749389961361885, 0.029348349198698997, 0.009469851851463318, 0.018820278346538544, 0.006237630266696215, 0.009271588176488876, 0.009972580708563328, 0.00853877142071724, 0.010491328313946724, 0.014535695314407349, 0.021051453426480293, 0.002169909654185176, 0.007513147313147783, 0.03340102359652519, 0.007406906224787235, 0.03110690414905548, 0.0164752546697855, 0.03420116379857063, 0.008155218325555325, 0.005809147842228413, 0.006844359450042248, 0.03477662429213524, 0.009261446073651314, 0.02272777073085308, 0.011179677210748196, 0.005329043138772249, 0.02315307967364788, 0.031272534281015396, 0.014479357749223709, 0.033452343195676804, 0.010500336065888405, 0.02168961986899376, 0.019557205960154533, 0.0034553606528788805, 0.016409289091825485, 0.017815159633755684, 0.005859154276549816, 0.014308984391391277, 0.030145958065986633, 0.023080339655280113, 0.028497377410531044, 0.016369333490729332, 0.008747202344238758, 0.016602855175733566, 0.027926497161388397, 0.0015050525544211268, 0.004828052595257759, 0.0025556194595992565, 0.03868699446320534, 0.010232554748654366, 0.016803991049528122, 0.029524318873882294, 0.027836840599775314, 0.0039248340763151646, 0.01196987833827734, 0.02253628894686699, 0.0212449561804533, 0.0059049660339951515, 0.02921930141746998, 0.015635712072253227, 0.010496986098587513, 0.03573130816221237, 0.0326167494058609, 0.008881241083145142, 0.02059377357363701, 0.0012555030407384038, 0.02788611873984337, 0.015291810035705566, 0.04709244892001152, 0.006809987593442202, 0.03209075331687927, 0.010617261752486229, 0.0036137241404503584, 0.026605652645230293, 0.0011423606192693114, 0.03375348821282387, 0.03594711422920227, 0.008328618481755257, 0.019177524372935295, 0.018797311931848526, 0.0028815714176744223, 0.008255917578935623, 0.006273573264479637, 0.02565310150384903, 0.03917764127254486, 0.006267994176596403, 0.024077150970697403, 0.008663869462907314, 0.0033710338175296783, 0.013240853324532509, 0.015739722177386284, 0.0002494962827768177, 0.010467423126101494, 0.0034970566630363464, 0.00423755869269371, 0.026488155126571655, 0.024177193641662598, 0.00042027723975479603, 0.03308046609163284, 0.00425734231248498, 0.04455174133181572, 1.7888436559587717e-05]"
F132,"[0.0, 0.0, 0.0, 0.0, 0.0, 0.0, 0.0, 0.0, 0.0, 0.0, 0.0, 0.0, 0.0, 0.0, 0.0, 0.0, 0.0, 0.0, 0.0, 0.0, 0.0, 0.0, 0.0, 0.0, 0.0, 0.0, 0.0, 0.0, 0.0, 0.0, 0.0, 0.0, 0.0, 0.0, 0.0, 0.0, 0.0, 0.0, 0.0, 0.0, 0.0, 0.0, 0.0, 0.0, 0.0, 0.0, 0.0, 0.0, 0.0, 0.0, 0.0, 0.0, 0.0, 0.0, 0.0, 0.0, 0.0, 0.0, 0.0, 0.0, 0.0, 0.0, 0.0, 0.0, 0.0, 0.0, 0.0, 0.0, 0.0, 0.0, 0.0, 0.0, 0.0, 0.0, 0.0, 0.0, 0.0, 0.0, 0.0, 0.0, 0.0, 0.0, 0.0, 0.0, 0.0, 0.0, 0.0, 0.0, 0.0, 0.0, 0.0, 0.0, 0.0, 0.0, 0.0, 0.0, 0.0, 0.0, 0.0, 0.0, 0.0, 0.0, 0.0, 0.0, 0.0, 0.0, 0.0, 0.0, 0.0, 0.0, 0.0, 0.0, 0.0, 0.0, 0.0, 0.0, 0.0, 0.0, 0.0, 0.0, 0.0, 0.0, 0.0, 0.0, 0.0, 0.0, 0.0, 0.0]"
F133,"[0.0, 0.0, 0.0, 0.0, 0.0, 0.0, 0.0, 0.0, 0.0, 0.0, 0.0, 0.0, 0.0, 0.0, 0.0, 0.0, 0.0, 0.0, 0.0, 0.0, 0.0, 0.0, 0.0, 0.0, 0.0, 0.0, 0.0, 0.0, 0.0, 0.0, 0.0, 0.0, 0.0, 0.0, 0.0, 0.0, 0.0, 0.0, 0.0, 0.0, 0.0, 0.0, 0.0, 0.0, 0.0, 0.0, 0.0, 0.0, 0.0, 0.0, 0.0, 0.0, 0.0, 0.0, 0.0, 0.0, 0.0, 0.0, 0.0, 0.0, 0.0, 0.0, 0.0, 0.0, 0.0, 0.0, 0.0, 0.0, 0.0, 0.0, 0.0, 0.0, 0.0, 0.0, 0.0, 0.0, 0.0, 0.0, 0.0, 0.0, 0.0, 0.0, 0.0, 0.0, 0.0, 0.0, 0.0, 0.0, 0.0, 0.0, 0.0, 0.0, 0.0, 0.0, 0.0, 0.0, 0.0, 0.0, 0.0, 0.0, 0.0, 0.0, 0.0, 0.0, 0.0, 0.0, 0.0, 0.0, 0.0, 0.0, 0.0, 0.0, 0.0, 0.0, 0.0, 0.0, 0.0, 0.0, 0.0, 0.0, 0.0, 0.0, 0.0, 0.0, 0.0, 0.0, 0.0, 0.0]"
F134,"[0.019956320524215698, 0.006563542410731316, 0.016919007524847984, 0.01132160983979702, 0.012751700356602669, 0.018127737566828728, 0.0024224063381552696, 0.006771612912416458, 0.0027618755120784044, 0.0086311474442482, 0.017996177077293396, 0.014212554320693016, 0.004270149394869804, 0.02389225922524929, 0.009284271858632565, 0.01334438193589449, 0.012090330012142658, 0.008511415682733059, 0.012847181409597397, 0.005852209869772196, 0.009724197909235954, 0.005029693711549044, 0.035895366221666336, 0.0035288964863866568, 0.02276938408613205, 0.014933936297893524, 0.029025688767433167, 0.002308594062924385, 0.002487160498276353, 0.0034741314593702555, 0.020350836217403412, 0.02050120383501053, 0.01134058553725481, 0.0035748970694839954, 0.01756362058222294, 0.0019604468252509832, 0.0031052595004439354, 0.023126691579818726, 0.005333626642823219, 0.003185792826116085, 0.014852968044579029, 0.006690851412713528, 0.0024749727454036474, 0.016993019729852676, 0.005125820636749268, 0.01729835942387581, 0.014372693374752998, 0.003653747495263815, 0.00019932645955123007, 0.010536669753491879, 0.004533322993665934, 0.007073219399899244, 0.015242882072925568, 0.003203260712325573, 0.015101922675967216, 0.01892605610191822, 0.006886789109557867, 0.011293093673884869, 0.008983856067061424, 0.0014247797662392259, 0.001764005864970386, 0.002260656328871846, 0.003009137697517872, 0.0008463870035484433, 0.0029265175107866526, 0.00789701845496893, 0.009723209775984287, 0.014679175801575184, 0.009688802994787693, 0.0023527571465820074, 0.024451671168208122, 0.02219477854669094, 0.015647396445274353, 0.02808099426329136, 0.015755917876958847, 0.01748712733387947, 0.004933391697704792, 0.003146169940009713, 0.0013998782960698009, 0.008300342597067356, 0.018378039821982384, 0.007586371619254351, 0.0025034062564373016, 0.005422408692538738, 0.012861437164247036, 0.0031966816168278456, 0.0031204947736114264, 0.004431996960192919, 0.00020606795442290604, 0.01784573867917061, 0.012762676924467087, 0.014020446687936783, 0.01816777139902115, 0.0009671127772890031, 0.008564615622162819, 0.020833730697631836, 0.010639202781021595, 0.013225381262600422, 0.004107743036001921, 0.010972999967634678, 0.007516044657677412, 0.000299528066534549, 0.02063230238854885, 0.02014141157269478, 0.006509213242679834, 0.006367222871631384, 0.018927112221717834, 0.01924053393304348, 0.014532913453876972, 0.02296782284975052, 0.015592261217534542, 0.013778903521597385, 0.016651514917612076, 0.0028225823771208525, 0.012802091427147388, 0.0017509289318695664, 0.0073717935010790825, 0.003452336648479104, 0.002452331129461527, 0.0003425211180001497, 0.007470420096069574, 0.005747334565967321, 0.016658829525113106, 0.004678880330175161, 0.010480404831469059, 0.0049767522141337395, 0.008423940278589725, 0.008170916698873043]"
F135,"[7.790604286128655e-06, 0.0033071311190724373, 0.0034643549006432295, 0.007671676110476255, 0.013609887100756168, 0.006223025266081095, 0.031245004385709763, 0.021668042987585068, 0.009995033964514732, 0.014604744501411915, 0.02658150903880596, 0.011212523095309734, 0.01809888519346714, 0.011505763046443462, 0.001021493342705071, 0.005484660156071186, 0.029895374551415443, 0.03797617182135582, 0.030088281258940697, 0.014499328099191189, 0.031398579478263855, 0.020592665299773216, 0.00827980786561966, 0.029004883021116257, 0.0030344310216605663, 0.020300744101405144, 0.00434886896982789, 0.014738737605512142, 0.009275094605982304, 0.007017687428742647, 0.03888510912656784, 0.00899055227637291, 0.0048593333922326565, 0.026419173926115036, 0.013252634555101395, 0.0014640879817306995, 0.006978997029364109, 0.006978737656027079, 0.007066281978040934, 0.02422885037958622, 0.00273017561994493, 0.04396429657936096, 0.011717799119651318, 0.0029031976591795683, 0.0010739100398495793, 0.007144934497773647, 0.03767196089029312, 0.028416631743311882, 0.0021526911295950413, 0.0010369300143793225, 0.015222650021314621, 0.024555020034313202, 0.00042759787174873054, 0.015055552124977112, 0.004510354250669479, 0.01146005094051361, 0.004131748806685209, 0.003954351879656315, 0.03986161947250366, 0.020267924293875694, 0.03393220528960228, 0.005139751825481653, 0.00828735250979662, 0.015804262831807137, 0.03504422307014465, 0.012730313464999199, 0.014821954071521759, 0.032057181000709534, 0.01048070564866066, 0.02812853269279003, 0.0028688462916761637, 0.012586938217282295, 0.03416997939348221, 0.0010831565596163273, 0.02224084548652172, 0.04752542823553085, 0.0014544879086315632, 0.029101908206939697, 0.023178573697805405, 0.0015249395510181785, 0.008386804722249508, 0.021116262301802635, 0.02301342412829399, 0.014234655536711216, 0.008199664764106274, 0.01684320531785488, 0.013376939110457897, 0.002265709452331066, 0.0025013110134750605, 0.0036430642940104008, 0.03437412902712822, 0.011554938741028309, 0.00914666149765253, 0.019682418555021286, 0.005440966691821814, 0.017113974317908287, 0.0012113368138670921, 0.029664361849427223, 0.0016012485139071941, 0.005117121618241072, 0.015903295949101448, 0.004197313915938139, 0.04668555036187172, 0.018294036388397217, 0.026753198355436325, 0.004285144619643688, 0.01903064176440239, 0.008687540888786316, 0.027701202780008316, 0.039599258452653885, 0.044127922505140305, 0.006797148380428553, 0.042326781898736954, 0.009244565851986408, 0.014239655807614326, 0.03694166615605354, 0.014970162883400917, 0.017861120402812958, 0.02227732539176941, 0.018860245123505592, 0.04735579714179039, 0.03796388953924179, 0.020446909591555595, 0.030843155458569527, 0.013424371369183064, 0.0020949060562998056, 0.027062298730015755, 0.008210713975131512]"
F136,"[0.06633368879556656, 0.003291279310360551, 0.022806407883763313, 0.0854443833231926, 0.019552074372768402, 0.055706609040498734, 0.056431401520967484, 0.04992755874991417, 0.03327292203903198, 0.08074701577425003, 0.01216482650488615, 0.07246344536542892, 0.09960264712572098, 0.13215573132038116, 0.11053086072206497, 0.18512678146362305, 0.09331320226192474, 0.14836625754833221, 0.03448833152651787, 0.03634094074368477, 0.0918198674917221, 0.07628393918275833, 0.1305413693189621, 0.08367590606212616, 0.0019397170981392264, 0.030026914551854134, 0.1433262974023819, 0.0048734163865447044, 0.014849519357085228, 0.06877762824296951, 0.03444774076342583, 0.01959158107638359, 0.03276216611266136, 0.02422826923429966, 0.06033564358949661, 0.0913371592760086, 0.02902478724718094, 0.06836265325546265, 0.09883075952529907, 0.029199261218309402, 0.016520878300070763, 0.04647918418049812, 0.005836485419422388, 0.02579404041171074, 0.09966991096735, 0.020150406286120415, 0.05185892432928085, 0.07817074656486511, 0.1143452376127243, 0.08725995570421219, 0.1371690183877945, 0.006221457850188017, 0.07144992798566818, 0.07329157739877701, 0.012284887954592705, 0.03513192757964134, 0.00743959890678525, 0.02456185407936573, 0.08999433368444443, 0.10173233598470688, 0.030040385201573372, 0.018606388941407204, 0.10153249651193619, 0.03928231820464134, 0.1517897993326187, 0.02727716974914074, 0.10796195268630981, 0.12603884935379028, 0.11549961566925049, 0.06815081834793091, 0.02735213004052639, 0.07124008983373642, 0.10851096361875534, 0.10865174233913422, 0.15227362513542175, 0.12116635590791702, 0.07884614169597626, 0.06745444238185883, 0.028156280517578125, 0.01820099540054798, 0.1338636577129364, 0.09574923664331436, 0.04508431255817413, 0.10928357392549515, 0.08384708315134048, 0.06935931742191315, 0.052342645823955536, 0.04787658154964447, 0.07602521032094955, 0.10645127296447754, 0.09613838791847229, 0.017350085079669952, 0.09383555501699448, 0.11397327482700348, 0.0279995147138834, 0.01789681240916252, 0.15001049637794495, 0.07246841490268707, 0.040448009967803955, 0.0188769418746233, 0.08341150730848312, 0.11161558330059052, 0.09012211114168167, 0.04869874566793442, 0.028195811435580254, 0.02182525396347046, 0.03438292443752289, 0.11736375093460083, 0.02413049153983593, 0.11106716841459274, 0.004327636677771807, 0.12467619776725769, 0.09437685459852219, 0.09764870256185532, 0.06906751543283463, 0.10949768871068954, 0.1539403796195984, 0.06428629904985428, 0.015216704457998276, 0.03581821918487549, 0.14231586456298828, 0.08309153467416763, 0.06165503337979317, 0.053159017115831375, 0.04474538564682007, 0.005096128210425377, 0.012316298671066761, 0.027511518448591232]"
F137,"[0.05437060818076134, 0.058792486786842346, 0.026600660756230354, 0.02005903609097004, 0.10651151835918427, 0.10722053050994873, 0.008872222155332565, 0.056850265711545944, 0.04011557996273041, 0.08538969606161118, 0.033488109707832336, 0.10808594524860382, 0.009791450574994087, 0.01927267573773861, 0.037977807223796844, 0.056531839072704315, 0.10524407029151917, 0.09136393666267395, 0.04392734169960022, 0.03148452937602997, 0.028206704184412956, 0.07185839116573334, 0.032560501247644424, 0.05113830417394638, 0.0002429001178825274, 0.08212774246931076, 0.026694167405366898, 0.026453984901309013, 0.035055164247751236, 0.0014543796423822641, 0.05744178965687752, 0.022670045495033264, 0.06433931738138199, 0.04028260335326195, 0.09589295834302902, 0.09227751940488815, 0.030656568706035614, 0.09836700558662415, 0.10581845045089722, 0.008288782089948654, 0.04454510658979416, 0.006924009881913662, 0.08376900106668472, 0.10736148059368134, 0.043895173817873, 0.022466424852609634, 0.013855116441845894, 0.10303368419408798, 0.03349379077553749, 0.021319109946489334, 0.016694465652108192, 0.0013378644362092018, 0.0015776314539834857, 0.02644810825586319, 0.01990504376590252, 0.05974437668919563, 0.08476408571004868, 0.025605112314224243, 0.001397314597852528, 0.09304562211036682, 0.09111744910478592, 0.025181381031870842, 0.048852209001779556, 0.08104251325130463, 0.043316010385751724, 0.09355274587869644, 0.008258961141109467, 0.007431888021528721, 0.061151664704084396, 0.10624529421329498, 0.023121243342757225, 0.11281736940145493, 0.028868021443486214, 0.08986993879079819, 0.024055039510130882, 0.03050096519291401, 0.023771673440933228, 0.04428967088460922, 0.07041224092245102, 0.06231757253408432, 0.09639949351549149, 0.02226758375763893, 0.05254898965358734, 0.06792690604925156, 0.08618878573179245, 0.10755059123039246, 0.044756509363651276, 0.062432583421468735, 0.036949723958969116, 0.0017858553910627961, 0.0740339383482933, 0.02665727213025093, 0.11261004209518433, 0.03536378964781761, 0.04502226784825325, 0.011936469003558159, 0.07743183523416519, 0.036076877266168594, 0.0428306944668293, 0.019925745204091072, 0.08075859397649765, 0.06325500458478928, 0.0060768453404307365, 0.02697235718369484, 0.04002511873841286, 0.08166975528001785, 0.07851950079202652, 0.11085040122270584, 0.09506837278604507, 0.033070169389247894, 0.00011260787869105116, 0.014346808195114136, 0.06643230468034744, 0.06506834924221039, 0.0037190234288573265, 0.07195314019918442, 0.054914552718400955, 0.08625448495149612, 0.05398435890674591, 0.06806818395853043, 0.0028895793948322535, 0.032774604856967926, 0.06266321241855621, 0.013106739148497581, 0.09018605947494507, 0.009736556559801102, 0.011943689547479153, 0.08996649831533432]"
F138,"[0.03787102550268173, 0.02067055180668831, 0.003554888302460313, 0.061978913843631744, 0.06428640335798264, 0.08539959788322449, 0.04607890918850899, 0.06851499527692795, 0.05430375039577484, 0.026469433680176735, 0.013338114134967327, 0.04437800869345665, 0.023717934265732765, 0.043695349246263504, 0.05605516955256462, 0.01211389247328043, 0.0530230849981308, 0.09387429803609848, 0.05327251926064491, 0.025338321924209595, 0.09795917570590973, 0.12271092087030411, 0.03341173008084297, 0.01827986165881157, 0.028431963175535202, 0.024557262659072876, 0.06465090066194534, 0.0718458890914917, 0.08122565597295761, 0.03531530871987343, 0.12023613601922989, 0.10552529990673065, 0.010269494727253914, 0.07158669829368591, 0.04409012943506241, 0.06509771198034286, 0.04807230457663536, 0.0666562095284462, 0.008560222573578358, 0.017415311187505722, 0.05867471545934677, 0.06964756548404694, 0.02095683477818966, 0.042117003351449966, 0.023528555408120155, 0.10982760787010193, 0.008294932544231415, 0.10324320197105408, 0.035767797380685806, 0.043354958295822144, 0.055268265306949615, 0.07078935950994492, 0.005529820453375578, 0.0028133057057857513, 0.07505425810813904, 0.09306888282299042, 0.03842005506157875, 0.026173552498221397, 0.02884356677532196, 0.08718021214008331, 0.008684907108545303, 0.008094092831015587, 0.07326015830039978, 0.045090191066265106, 0.05313105136156082, 0.13590960204601288, 0.03751024603843689, 0.02967558056116104, 0.10549687594175339, 0.04133453220129013, 0.035209424793720245, 0.09002159535884857, 0.0414569266140461, 0.017834993079304695, 0.012532396242022514, 0.003086759941652417, 0.05231426656246185, 0.08891371637582779, 0.05226557329297066, 0.015190319158136845, 0.09369399398565292, 0.04647129029035568, 0.0033480108249932528, 0.0171345304697752, 0.006468865554779768, 0.1427597999572754, 0.026266157627105713, 0.005630774889141321, 0.006553123239427805, 0.03546041622757912, 0.06317699700593948, 0.058032989501953125, 0.022969616577029228, 0.0793277770280838, 0.016537044197320938, 0.05926146358251572, 0.04336512088775635, 0.02217407152056694, 0.029696352779865265, 0.06881579756736755, 0.0804348886013031, 0.012518665753304958, 0.015599548816680908, 0.008957999758422375, 0.06312866508960724, 0.04907818138599396, 0.0013211853802204132, 0.026945067569613457, 0.030588936060667038, 0.05309167131781578, 0.03414781764149666, 0.03726072236895561, 0.057137180119752884, 0.029771149158477783, 0.018825629726052284, 0.0014063003472983837, 0.05486270412802696, 0.12373340874910355, 0.04608507081866264, 0.09092727303504944, 0.10802055150270462, 0.021721314638853073, 0.0036956965923309326, 0.03674550727009773, 0.02321399189531803, 0.06890980899333954, 0.01815805956721306, 0.07450442016124725]"
F139,"[0.02701575867831707, 0.008601641282439232, 0.005774557590484619, 0.012776300311088562, 0.011307206936180592, 0.0057893721386790276, 0.01862975023686886, 0.014637458138167858, 0.0075757685117423534, 0.019571267068386078, 0.005195862613618374, 0.009085386991500854, 0.00904192216694355, 0.004461934324353933, 0.016012076288461685, 0.023746848106384277, 0.00549305509775877, 0.03085567243397236, 0.011136587709188461, 0.02425398863852024, 0.014659731648862362, 0.012393156997859478, 0.00849401019513607, 0.017301511019468307, 0.019619280472397804, 0.024287909269332886, 0.036217182874679565, 0.01809100992977619, 0.000340409082127735, 0.012655396945774555, 0.0018274232279509306, 0.02080688811838627, 0.024496765807271004, 0.006199585739523172, 0.0118936225771904, 0.001260752440430224, 0.008833575993776321, 0.0025120293721556664, 0.0017534514190629125, 0.025367463007569313, 0.02443712390959263, 0.02220548689365387, 0.016917429864406586, 0.01986738108098507, 0.001756680547259748, 0.022396476939320564, 0.011309519410133362, 0.007449304684996605, 0.0016969050047919154, 0.016515467315912247, 0.02825469709932804, 0.02212722785770893, 0.01795152574777603, 0.014437626115977764, 0.0016643329290673137, 0.026147445663809776, 0.031672850251197815, 0.010975467041134834, 0.03378921002149582, 0.0026732818223536015, 0.01586039736866951, 0.001219854224473238, 0.014549089595675468, 0.004011752083897591, 0.0028156181797385216, 0.009096690453588963, 0.01055052224546671, 0.0006806653109379113, 0.0029924605041742325, 0.005727164447307587, 0.017724184319376945, 0.0036421972326934338, 0.02197682112455368, 0.006581801455467939, 0.0036475537344813347, 0.036023564636707306, 0.015374171547591686, 0.010059962049126625, 0.005639185197651386, 0.009696819819509983, 0.021119384095072746, 0.028359174728393555, 0.016198890283703804, 0.0010198724921792746, 0.026841813698410988, 0.008249576203525066, 0.01107791904360056, 0.010983058251440525, 0.0008268245146609843, 0.04355674237012863, 0.0021413443610072136, 0.00013312840019352734, 0.008348006755113602, 0.027236230671405792, 0.007114367093890905, 0.0011159810237586498, 0.007115085609257221, 0.010386563837528229, 0.0025448172818869352, 0.03925343230366707, 0.007168331649154425, 0.03286661207675934, 0.016676826402544975, 0.005144589114934206, 0.0054214769043028355, 0.0031560733914375305, 0.019293537363409996, 0.0162655021995306, 0.025819454342126846, 0.02459646947681904, 0.021440327167510986, 0.0259093027561903, 0.0012784702703356743, 0.003548460779711604, 0.0015134731074795127, 0.007611402776092291, 0.006730228662490845, 0.007476998493075371, 0.015573686920106411, 0.025173697620630264, 0.006913287099450827, 0.016956962645053864, 0.024036571383476257, 0.01347316987812519, 0.006329923868179321, 0.007753083948045969, 0.005301846656948328, 0.0033699660561978817]"
F140,"[0.0, 0.0, 0.0, 0.0, 0.0, 0.0, 0.0, 0.0, 0.0, 0.0, 0.0, 0.0, 0.0, 0.0, 0.0, 0.0, 0.0, 0.0, 0.0, 0.0, 0.0, 0.0, 0.0, 0.0, 0.0, 0.0, 0.0, 0.0, 0.0, 0.0, 0.0, 0.0, 0.0, 0.0, 0.0, 0.0, 0.0, 0.0, 0.0, 0.0, 0.0, 0.0, 0.0, 0.0, 0.0, 0.0, 0.0, 0.0, 0.0, 0.0, 0.0, 0.0, 0.0, 0.0, 0.0, 0.0, 0.0, 0.0, 0.0, 0.0, 0.0, 0.0, 0.0, 0.0, 0.0, 0.0, 0.0, 0.0, 0.0, 0.0, 0.0, 0.0, 0.0, 0.0, 0.0, 0.0, 0.0, 0.0, 0.0, 0.0, 0.0, 0.0, 0.0, 0.0, 0.0, 0.0, 0.0, 0.0, 0.0, 0.0, 0.0, 0.0, 0.0, 0.0, 0.0, 0.0, 0.0, 0.0, 0.0, 0.0, 0.0, 0.0, 0.0, 0.0, 0.0, 0.0, 0.0, 0.0, 0.0, 0.0, 0.0, 0.0, 0.0, 0.0, 0.0, 0.0, 0.0, 0.0, 0.0, 0.0, 0.0, 0.0, 0.0, 0.0, 0.0, 0.0, 0.0, 0.0]"
F141,"[0.013677523471415043, 0.1001853346824646, 0.02293817512691021, 0.06645987182855606, 0.0388999842107296, 0.014861667528748512, 0.037837814539670944, 0.050669096410274506, 0.022330069914460182, 0.12630505859851837, 0.011664250865578651, 0.06189144775271416, 0.07803532481193542, 0.07869094610214233, 0.02490525133907795, 0.13240574300289154, 0.04059552028775215, 0.10381267219781876, 0.06127459928393364, 0.03617117926478386, 0.07927743345499039, 0.11765344440937042, 0.011409412138164043, 0.09893251210451126, 0.10475634038448334, 0.018256446346640587, 0.05083734542131424, 0.02875077724456787, 0.06480228155851364, 0.056306980550289154, 0.12769417464733124, 0.09287460893392563, 0.01618996635079384, 0.057113293558359146, 0.05965883284807205, 0.018540233373641968, 0.02018839865922928, 0.04626235365867615, 0.09613019227981567, 0.001724723377265036, 0.14015279710292816, 0.010501841083168983, 0.09607364982366562, 0.08799409121274948, 0.04689937084913254, 0.009422309696674347, 0.020536096766591072, 0.06574521958827972, 0.0034805324394255877, 0.05998038873076439, 0.051668256521224976, 0.015724271535873413, 0.05275724083185196, 0.0888579711318016, 0.051520537585020065, 0.06156589090824127, 0.13101626932621002, 0.05566586181521416, 0.10414707660675049, 0.04584873095154762, 0.029878972098231316, 0.05458439514040947, 0.07286256551742554, 0.08764365315437317, 0.06031403690576553, 0.08278527855873108, 0.050942711532115936, 0.10418298840522766, 0.041845884174108505, 0.12035948783159256, 0.017983991652727127, 0.09663975238800049, 0.028163177892565727, 0.012807543389499187, 0.0380697175860405, 0.13816340267658234, 0.05652809515595436, 0.08980559557676315, 0.0012002949370071292, 0.012589646503329277, 0.0752035453915596, 0.10459446161985397, 0.058811526745557785, 0.11621952056884766, 0.008234887383878231, 0.0058251963928341866, 0.018840109929442406, 0.0522066093981266, 0.14525465667247772, 0.17397849261760712, 0.011753516271710396, 0.07223303616046906, 0.05140790715813637, 0.05124744772911072, 0.10170764476060867, 0.008082089945673943, 0.09324328601360321, 0.01660945639014244, 0.054408155381679535, 0.11648032069206238, 0.023063289001584053, 0.10474232584238052, 0.022558648139238358, 0.05304214730858803, 0.028688091784715652, 0.008517861366271973, 0.11026108264923096, 0.009634478017687798, 0.08827777206897736, 0.06802817434072495, 0.01095361728221178, 0.0767616555094719, 0.04547613486647606, 0.05068309232592583, 0.037578284740448, 0.03157708793878555, 0.04189983382821083, 0.11958774924278259, 0.06849394738674164, 0.05719463899731636, 0.04191673547029495, 0.02651284821331501, 0.05358823016285896, 0.05459544062614441, 0.10893358290195465, 0.04384849593043327, 0.012304523028433323, 0.061482589691877365]"
F142,"[0.0, 0.0, 0.0, 0.0, 0.0, 0.0, 0.0, 0.0, 0.0, 0.0, 0.0, 0.0, 0.0, 0.0, 0.0, 0.0, 0.0, 0.0, 0.0, 0.0, 0.0, 0.0, 0.0, 0.0, 0.0, 0.0, 0.0, 0.0, 0.0, 0.0, 0.0, 0.0, 0.0, 0.0, 0.0, 0.0, 0.0, 0.0, 0.0, 0.0, 0.0, 0.0, 0.0, 0.0, 0.0, 0.0, 0.0, 0.0, 0.0, 0.0, 0.0, 0.0, 0.0, 0.0, 0.0, 0.0, 0.0, 0.0, 0.0, 0.0, 0.0, 0.0, 0.0, 0.0, 0.0, 0.0, 0.0, 0.0, 0.0, 0.0, 0.0, 0.0, 0.0, 0.0, 0.0, 0.0, 0.0, 0.0, 0.0, 0.0, 0.0, 0.0, 0.0, 0.0, 0.0, 0.0, 0.0, 0.0, 0.0, 0.0, 0.0, 0.0, 0.0, 0.0, 0.0, 0.0, 0.0, 0.0, 0.0, 0.0, 0.0, 0.0, 0.0, 0.0, 0.0, 0.0, 0.0, 0.0, 0.0, 0.0, 0.0, 0.0, 0.0, 0.0, 0.0, 0.0, 0.0, 0.0, 0.0, 0.0, 0.0, 0.0, 0.0, 0.0, 0.0, 0.0, 0.0, 0.0]"
F143,"[0.012599390000104904, 0.015451928600668907, 0.006306218449026346, 0.007325326558202505, 0.013047954067587852, 0.01807991787791252, 0.0012661272194236517, 0.0010065727401524782, 0.001446700538508594, 0.0007432557176798582, 0.009394841268658638, 0.015325471758842468, 0.01252630166709423, 0.0015784977003932, 0.0032433473970741034, 0.02027846686542034, 0.015525230206549168, 0.0067502218298614025, 0.010123179294168949, 0.006326310336589813, 0.003091821214184165, 0.011174059472978115, 0.00984916090965271, 0.0002957778633572161, 0.001567944884300232, 0.0007916348986327648, 0.005145655013620853, 0.009100859984755516, 0.009585792198777199, 0.012282494455575943, 0.004305033013224602, 0.003229189198464155, 0.001534707611426711, 0.002475640270859003, 0.004936454351991415, 0.006491957698017359, 0.0014572120271623135, 0.005214715842157602, 0.010473884642124176, 0.014174551703035831, 0.002469773404300213, 0.005540007725358009, 0.018896695226430893, 0.006561702117323875, 0.0013676089001819491, 0.010252658277750015, 0.00593786034733057, 0.0073546660132706165, 0.002832193160429597, 0.001599322073161602, 0.006499723065644503, 0.0017933996859937906, 0.005165864713490009, 0.0108348298817873, 0.008752434514462948, 0.003721890039741993, 0.004900631960481405, 0.015451351180672646, 0.0006918501458130777, 0.0037457491271197796, 0.01831229031085968, 0.011453606188297272, 0.003995624836534262, 0.00206490745767951, 0.0011914139613509178, 0.006610387470573187, 0.013074423186480999, 0.0014684234047308564, 0.00222187303006649, 0.006196207366883755, 0.004894050303846598, 0.013853825628757477, 0.00268347910605371, 0.0013240363914519548, 0.009486990980803967, 0.01276408415287733, 0.0066675543785095215, 0.018078384920954704, 0.005035961978137493, 0.005841816309839487, 0.005298334173858166, 0.0025032542180269957, 0.006634874735027552, 0.01392198447138071, 0.01520196720957756, 0.0028963591903448105, 0.008289112709462643, 0.01003269013017416, 0.0023559313267469406, 0.004242709372192621, 0.002615787787362933, 0.004046638496220112, 0.004411759320646524, 0.0013244586298242211, 0.01159726083278656, 0.005067646037787199, 0.0014621717855334282, 0.007314817048609257, 0.007559242192655802, 0.0012754463823512197, 0.003274344140663743, 0.006401493679732084, 0.0057044439017772675, 0.011873215436935425, 0.004206818528473377, 0.016084367409348488, 0.006054428871721029, 0.0009638695046305656, 0.0030955118127167225, 0.0006764952559024096, 0.016930069774389267, 0.0008444641716778278, 0.01292748935520649, 0.0027205029036849737, 0.008236250840127468, 0.011853724718093872, 0.008211393840610981, 0.0048897601664066315, 0.013266402296721935, 0.011409873142838478, 0.007750347256660461, 0.006763172335922718, 0.007575304247438908, 0.010974375531077385, 0.014684288762509823, 0.003881396260112524, 0.005534518044441938, 0.015370040200650692]"
F144,"[0.0, 0.0, 0.0, 0.0, 0.0, 0.0, 0.0, 0.0, 0.0, 0.0, 0.0, 0.0, 0.0, 0.0, 0.0, 0.0, 0.0, 0.0, 0.0, 0.0, 0.0, 0.0, 0.0, 0.0, 0.0, 0.0, 0.0, 0.0, 0.0, 0.0, 0.0, 0.0, 0.0, 0.0, 0.0, 0.0, 0.0, 0.0, 0.0, 0.0, 0.0, 0.0, 0.0, 0.0, 0.0, 0.0, 0.0, 0.0, 0.0, 0.0, 0.0, 0.0, 0.0, 0.0, 0.0, 0.0, 0.0, 0.0, 0.0, 0.0, 0.0, 0.0, 0.0, 0.0, 0.0, 0.0, 0.0, 0.0, 0.0, 0.0, 0.0, 0.0, 0.0, 0.0, 0.0, 0.0, 0.0, 0.0, 0.0, 0.0, 0.0, 0.0, 0.0, 0.0, 0.0, 0.0, 0.0, 0.0, 0.0, 0.0, 0.0, 0.0, 0.0, 0.0, 0.0, 0.0, 0.0, 0.0, 0.0, 0.0, 0.0, 0.0, 0.0, 0.0, 0.0, 0.0, 0.0, 0.0, 0.0, 0.0, 0.0, 0.0, 0.0, 0.0, 0.0, 0.0, 0.0, 0.0, 0.0, 0.0, 0.0, 0.0, 0.0, 0.0, 0.0, 0.0, 0.0, 0.0]"
F145,"[0.00042946639587171376, 0.0001283573656110093, 0.004356181249022484, 0.007170223165303469, 0.009063000790774822, 0.006299016997218132, 0.008126994594931602, 0.00342202209867537, 0.0055388230830430984, 0.009294270537793636, 0.008285458199679852, 0.0005754980375058949, 1.605834040674381e-05, 0.00454005878418684, 0.007311176974326372, 0.0018825368024408817, 0.003193249460309744, 0.0073197102174162865, 0.0007924734964035451, 0.0030829112511128187, 0.0041104876436293125, 0.00338478060439229, 0.009446625597774982, 0.003828448709100485, 0.0013206020230427384, 0.0009714066400192678, 0.00427524046972394, 0.0017938566161319613, 0.0004242796276230365, 0.0023397074546664953, 0.00643160380423069, 0.0017799310153350234, 0.0017099145334213972, 0.00667443685233593, 0.0027169734239578247, 0.00674519594758749, 0.0004278525593690574, 0.005939266178756952, 0.0021889163181185722, 0.003398287808522582, 0.00045247413800098, 0.006599809043109417, 0.0007949373684823513, 0.002253476297482848, 0.0005159489228390157, 0.0029005364049226046, 0.004207022953778505, 0.0023826363030821085, 0.006612301338464022, 0.00015965754573699087, 0.0004038217884954065, 0.0025462545454502106, 0.003643001662567258, 0.0013410972896963358, 0.0037988852709531784, 0.009092992171645164, 0.004236304201185703, 0.006857873406261206, 0.0030452015344053507, 0.00512346439063549, 0.0007047815597616136, 0.003271814901381731, 0.004910350311547518, 0.004308224190026522, 0.0007932610460557044, 0.009045431390404701, 0.0034589297138154507, 0.0013064442900940776, 0.005217431113123894, 0.002120595658197999, 0.007350705564022064, 0.009145035408437252, 0.00814875029027462, 0.01012045331299305, 0.0022671776823699474, 0.01077790092676878, 0.0018398109823465347, 0.003291092114523053, 0.00022815166448708624, 0.002497004345059395, 0.0067925225012004375, 0.003948125522583723, 0.003175128949806094, 0.0041823480278253555, 0.004588120151311159, 0.0006680964725092053, 0.0009355143993161619, 0.006005418486893177, 0.0038360755424946547, 0.00913112610578537, 0.002322511514648795, 0.003958859946578741, 0.0026682463940232992, 0.0014861817471683025, 0.00926686730235815, 0.0010368505027145147, 0.0020806798711419106, 0.008626241236925125, 0.0037419884465634823, 0.006510276813060045, 0.007064489647746086, 0.0028823644388467073, 0.005508278962224722, 0.008504213765263557, 0.001188167603686452, 0.0023034350015223026, 0.003471208969131112, 0.0018908814527094364, 0.008238717913627625, 0.004311082419008017, 0.005491709336638451, 0.0017746688099578023, 0.006229426711797714, 0.00020410047727636993, 0.0010746722109615803, 9.167401731247082e-05, 0.005702111404389143, 0.0011340102646499872, 0.0020818866323679686, 0.002064984291791916, 0.01105040218681097, 0.0031635365448892117, 0.0013257039245218039, 0.0014276881702244282, 0.007889588363468647, 0.002927180612459779, 0.0003522354527376592, 0.007640601601451635]"
F146,"[0.0, 0.0, 0.0, 0.0, 0.0, 0.0, 0.0, 0.0, 0.0, 0.0, 0.0, 0.0, 0.0, 0.0, 0.0, 0.0, 0.0, 0.0, 0.0, 0.0, 0.0, 0.0, 0.0, 0.0, 0.0, 0.0, 0.0, 0.0, 0.0, 0.0, 0.0, 0.0, 0.0, 0.0, 0.0, 0.0, 0.0, 0.0, 0.0, 0.0, 0.0, 0.0, 0.0, 0.0, 0.0, 0.0, 0.0, 0.0, 0.0, 0.0, 0.0, 0.0, 0.0, 0.0, 0.0, 0.0, 0.0, 0.0, 0.0, 0.0, 0.0, 0.0, 0.0, 0.0, 0.0, 0.0, 0.0, 0.0, 0.0, 0.0, 0.0, 0.0, 0.0, 0.0, 0.0, 0.0, 0.0, 0.0, 0.0, 0.0, 0.0, 0.0, 0.0, 0.0, 0.0, 0.0, 0.0, 0.0, 0.0, 0.0, 0.0, 0.0, 0.0, 0.0, 0.0, 0.0, 0.0, 0.0, 0.0, 0.0, 0.0, 0.0, 0.0, 0.0, 0.0, 0.0, 0.0, 0.0, 0.0, 0.0, 0.0, 0.0, 0.0, 0.0, 0.0, 0.0, 0.0, 0.0, 0.0, 0.0, 0.0, 0.0, 0.0, 0.0, 0.0, 0.0, 0.0, 0.0]"
F147,"[0.00352510716766119, 0.015147482044994831, 0.0010213290806859732, 0.0064193857833743095, 0.01053972914814949, 0.009317092597484589, 0.000822974368929863, 0.01230019610375166, 0.010740891098976135, 0.0011491449549794197, 0.013651149347424507, 0.006501656491309404, 0.03134826943278313, 0.005040072835981846, 0.006173559930175543, 0.019537238404154778, 0.0056676664389669895, 0.028692124411463737, 0.0006814258522354066, 0.001749690156430006, 0.011615661904215813, 0.008098465390503407, 0.019519636407494545, 0.021194757893681526, 0.005179691128432751, 0.015891598537564278, 0.010613316670060158, 0.00013632219634018838, 0.00804407149553299, 0.016818802803754807, 0.012072553858160973, 0.005697549320757389, 0.005136730149388313, 0.003761413274332881, 0.007468951400369406, 0.018901757895946503, 0.0013474829029291868, 0.0021564157214015722, 0.016102910041809082, 0.007829757407307625, 0.005487703252583742, 0.0017709400271996856, 0.013003657571971416, 0.010718829929828644, 0.005413045175373554, 0.012895666062831879, 0.005746455397456884, 0.00473028514534235, 0.003939123824238777, 0.006989922374486923, 0.001993221463635564, 0.007659866474568844, 0.011419047601521015, 0.004561235662549734, 0.0036021422129124403, 0.003016706323251128, 0.01495388150215149, 0.0031845862977206707, 0.004397830925881863, 0.005974591244012117, 0.001683089998550713, 0.01803513988852501, 0.0174915362149477, 0.009000622667372227, 0.023526271805167198, 0.007932838052511215, 0.014243084006011486, 0.003921807277947664, 0.0121760293841362, 0.0009771928889676929, 0.02968795783817768, 0.0035240997094660997, 0.006968225352466106, 0.02320450358092785, 0.023387372493743896, 0.02162981405854225, 9.363048593513668e-05, 0.010390019044280052, 0.009484035894274712, 0.002961531514301896, 0.018871216103434563, 0.007855495437979698, 0.012081694789230824, 0.022990504279732704, 0.002098158234730363, 0.007352543994784355, 0.008621075190603733, 0.004284407943487167, 0.008511402644217014, 0.0024039889685809612, 0.005266603082418442, 0.019456572830677032, 0.01424769964069128, 0.014616135507822037, 0.004092036746442318, 0.021614711731672287, 0.012794096022844315, 0.0020365773234516382, 0.007156744599342346, 0.003451430005952716, 0.007736397907137871, 0.023511996492743492, 0.008694863878190517, 0.0189608633518219, 0.023420022800564766, 0.02114046923816204, 0.007707459852099419, 0.0020837753545492887, 0.014813978224992752, 0.029421107843518257, 0.031867291778326035, 0.001947761862538755, 0.016317244619131088, 0.012722320854663849, 0.0030394678469747305, 0.0024590787943452597, 0.00044884285307489336, 0.004541422706097364, 0.014634466730058193, 0.0057088159956038, 0.0018078124849125743, 0.005967793520539999, 0.005521496757864952, 0.020635759457945824, 0.0048093004152178764, 0.009729896672070026, 0.02102944813668728, 0.006089494563639164]"
F148,"[0.004374536219984293, 0.00441192090511322, 0.088803730905056, 0.016612615436315536, 0.04614143818616867, 0.11599402129650116, 0.024987928569316864, 0.10033521056175232, 0.021254820749163628, 0.035070572048425674, 0.024944927543401718, 0.12186192721128464, 0.057143501937389374, 0.11630046367645264, 0.06277725845575333, 0.013925754465162754, 0.04117453470826149, 0.04948766157031059, 0.002131031360477209, 0.10980172455310822, 0.10034724324941635, 0.18780142068862915, 0.18281185626983643, 0.1385473757982254, 0.12048197537660599, 0.10116115212440491, 0.0824669674038887, 0.10556970536708832, 0.1024070456624031, 0.1405581682920456, 0.1267748922109604, 0.12013866752386093, 0.08985498547554016, 0.05376888066530228, 0.05015388876199722, 0.06521229445934296, 0.10282246768474579, 0.08003672957420349, 0.0782637745141983, 0.011036902666091919, 0.04106134548783302, 0.10398685932159424, 0.06012153625488281, 0.05089116096496582, 0.06602552533149719, 0.02356594055891037, 0.07664868235588074, 0.030399348586797714, 0.10876421630382538, 0.04490285366773605, 0.12687887251377106, 0.13856644928455353, 0.08839185535907745, 0.009609791450202465, 0.17946037650108337, 0.1266525536775589, 0.09375733882188797, 0.0687975212931633, 0.0002851072931662202, 0.10587131232023239, 0.09445786476135254, 0.042510736733675, 0.07322980463504791, 0.006529816426336765, 0.1168876439332962, 0.04066070541739464, 0.18079480528831482, 0.0795559287071228, 0.06289220601320267, 0.010080356150865555, 0.11690784245729446, 0.025616612285375595, 0.019343124702572823, 0.1241481751203537, 0.09721138328313828, 0.11680056154727936, 0.010931119322776794, 0.030029453337192535, 0.05773531273007393, 0.01388833299279213, 0.19514302909374237, 0.1760791689157486, 0.044923704117536545, 0.11477907001972198, 0.18172739446163177, 0.02894517220556736, 0.046801142394542694, 0.08083507418632507, 0.016649264842271805, 0.02323252335190773, 0.10464653372764587, 0.019111014902591705, 0.029134944081306458, 0.08289363235235214, 0.16508924961090088, 0.033186305314302444, 0.15759412944316864, 0.004042813554406166, 0.051693402230739594, 0.07696533203125, 0.009114544838666916, 0.10000029951334, 0.09515565633773804, 0.014807246625423431, 0.04872950166463852, 0.06252090632915497, 0.028068115934729576, 0.10863666236400604, 0.12274947762489319, 0.16614317893981934, 0.12384705990552902, 0.013243273831903934, 0.0009751142933964729, 0.10193265974521637, 0.015969226136803627, 0.12205293029546738, 0.07115978747606277, 0.18905919790267944, 0.010778671130537987, 0.011931494809687138, 0.10350996255874634, 0.044982362538576126, 0.05531163513660431, 0.007360492367297411, 0.042945560067892075, 0.11092625558376312, 0.024517739191651344, 0.06555847078561783]"
F149,"[0.1218615174293518, 0.04686398804187775, 0.008213727734982967, 0.035430196672677994, 0.02947685308754444, 0.011290673166513443, 0.031088827177882195, 0.06992637366056442, 0.01131834089756012, 0.06694997847080231, 0.08403783291578293, 0.0016890692058950663, 0.07443827390670776, 0.05721559375524521, 0.04513092711567879, 0.060480665415525436, 0.04598131403326988, 0.0290957223623991, 0.019631672650575638, 0.05125286802649498, 0.06166573241353035, 0.017219511792063713, 0.07203008979558945, 0.031508274376392365, 0.08306889981031418, 0.02982936054468155, 0.05481104925274849, 0.019871162250638008, 0.057727258652448654, 0.007730039302259684, 0.09242399036884308, 0.0022093853913247585, 0.04586740955710411, 0.0395575612783432, 0.040544260293245316, 0.09076189994812012, 0.012677591294050217, 0.1010398343205452, 0.015070030465722084, 0.059406451880931854, 0.013423922471702099, 0.057428933680057526, 0.019808869808912277, 0.12030847370624542, 0.0023500092793256044, 0.016715800389647484, 0.04185210540890694, 0.09942206740379333, 0.1240883320569992, 0.018427342176437378, 0.06036261469125748, 0.00887254998087883, 0.017040658742189407, 0.014757389202713966, 0.022408809512853622, 0.03717372193932533, 0.034430742263793945, 0.12605468928813934, 0.03579264506697655, 0.006024281028658152, 0.04150794446468353, 0.06365854293107986, 0.09241575747728348, 0.007854144088923931, 0.02648383378982544, 0.07883136719465256, 0.057972587645053864, 0.0856180191040039, 0.0794726088643074, 0.07492294162511826, 0.03066229075193405, 0.010931646451354027, 0.0389719121158123, 0.033033840358257294, 0.08554846793413162, 0.013098545372486115, 0.07638555765151978, 0.042302362620830536, 0.0898127406835556, 0.008763865567743778, 0.11841477453708649, 0.03478708490729332, 0.09782599657773972, 0.01972011849284172, 0.036783263087272644, 0.016322428360581398, 0.045335184782743454, 0.03016205132007599, 0.03327582776546478, 0.02237890101969242, 0.010143062099814415, 0.016384314745664597, 0.1442718505859375, 0.0008000329835340381, 0.01784185692667961, 0.007126034703105688, 0.0635276511311531, 0.018452176824212074, 0.041787583380937576, 0.029867656528949738, 0.031103244051337242, 0.009117424488067627, 0.02638288214802742, 0.0320172943174839, 0.047181256115436554, 0.024519791826605797, 0.06399829685688019, 0.0017430566949769855, 0.0003993711725343019, 0.02878333069384098, 0.010374659672379494, 0.030492451041936874, 0.01878216676414013, 0.07440442591905594, 0.021674711257219315, 0.06511273980140686, 0.020974615588784218, 0.04150595888495445, 0.0015924435574561357, 0.017221849411725998, 0.0067556570284068584, 0.06308609247207642, 0.03011343441903591, 0.02597748301923275, 0.035700295120477676, 0.05759644880890846, 0.03408803790807724, 0.08942008018493652]"
F150,"[0.024440811946988106, 0.08277422189712524, 0.04589332640171051, 0.04422992095351219, 0.051683880388736725, 0.011000601574778557, 0.057135507464408875, 0.02243487909436226, 0.09804202616214752, 0.07175199687480927, 0.045252714306116104, 0.021423427388072014, 0.07183624058961868, 0.06795813888311386, 0.037462323904037476, 0.07785311341285706, 0.04677756875753403, 0.04244429990649223, 0.06411977857351303, 0.09807923436164856, 0.07224759459495544, 0.011693678796291351, 0.035430144518613815, 0.0005872214678674936, 0.09147148579359055, 0.02940874546766281, 0.01227379497140646, 0.03358699753880501, 0.06730009615421295, 0.03446533903479576, 0.002238677581772208, 0.0435279980301857, 0.06031690165400505, 0.1231372058391571, 0.08321348577737808, 0.031333912163972855, 0.06412234157323837, 0.10347291827201843, 0.0352257676422596, 0.048650261014699936, 0.07180921733379364, 0.12162923812866211, 0.051769811660051346, 0.04200451821088791, 0.05312304571270943, 0.0012976611033082008, 0.15503455698490143, 0.010823412798345089, 0.02780258283019066, 0.024816637858748436, 0.08830761164426804, 0.07310957461595535, 0.06023801490664482, 0.023242302238941193, 0.07320073992013931, 0.11829011142253876, 0.005355759523808956, 0.038802098482847214, 0.04569172114133835, 0.008779319934546947, 0.10398923605680466, 0.0015547259245067835, 0.043672285974025726, 0.056494902819395065, 0.026165593415498734, 0.06674421578645706, 0.08044852316379547, 0.0440366193652153, 0.0937584638595581, 0.07040322571992874, 0.0756092518568039, 0.04015786200761795, 0.055990610271692276, 0.01931348629295826, 0.0750635489821434, 0.026376979425549507, 0.023837445303797722, 0.01016490813344717, 0.11574456095695496, 0.008496002294123173, 0.04942133277654648, 0.07997438311576843, 0.10842340439558029, 0.007501359097659588, 0.14362865686416626, 0.13794906437397003, 0.02030850201845169, 0.033560242503881454, 0.03420563042163849, 0.026650220155715942, 0.10491590946912766, 0.00671743368729949, 0.06173953041434288, 0.011463119648396969, 0.006831981707364321, 0.021782176569104195, 0.012998606078326702, 0.07953610271215439, 0.033288270235061646, 0.04211956635117531, 0.014751965180039406, 0.025902047753334045, 0.08438720554113388, 0.028465712442994118, 0.14764194190502167, 0.03700198605656624, 0.12241555750370026, 0.037772342562675476, 0.008580155670642853, 0.056405991315841675, 0.10471707582473755, 0.08151188492774963, 0.0007595031056553125, 0.10803676396608353, 0.008003126829862595, 0.09231526404619217, 0.05860389396548271, 0.0057441373355686665, 0.06814396381378174, 0.008028412237763405, 0.0014420738443732262, 0.05919928848743439, 0.020405756309628487, 0.10858218371868134, 0.05638333782553673, 0.007574019953608513, 0.054292209446430206, 0.07670250535011292]"
F151,"[0.015094093047082424, 0.007021565455943346, 0.009434308856725693, 0.005445702932775021, 0.008581464178860188, 0.009148559533059597, 0.014679069630801678, 0.002991728251799941, 0.019412167370319366, 0.014669853262603283, 0.0003425181785132736, 0.024086620658636093, 0.005677169654518366, 0.0024992614053189754, 0.009927528910338879, 0.016832927241921425, 0.0020509453024715185, 0.0017179562710225582, 0.010990725830197334, 0.015241450630128384, 0.008374419063329697, 0.008461570367217064, 0.008626374416053295, 0.010032523423433304, 0.006682525388896465, 0.005482462700456381, 0.006234111730009317, 0.011386314406991005, 0.008686979301273823, 0.007963628508150578, 0.008804254233837128, 0.017008380964398384, 0.006927803624421358, 0.009537728503346443, 0.016629861667752266, 0.022929910570383072, 0.0017149149207398295, 0.008634433150291443, 0.001858098548837006, 0.020314903929829597, 0.02592863328754902, 0.011231337673962116, 0.009379325434565544, 0.013137038797140121, 0.02170376479625702, 0.013811699114739895, 0.008381243795156479, 0.004113127943128347, 0.0011588558554649353, 0.010142005980014801, 0.007732983212918043, 0.019279545173048973, 0.0018353053601458669, 0.021351829171180725, 0.00020925320859532803, 0.016558349132537842, 0.0018884515156969428, 0.010702685452997684, 0.011235223151743412, 0.01203959435224533, 0.0045616948045790195, 0.02110827900469303, 0.01604136824607849, 0.01620231755077839, 0.011434594169259071, 0.010927951894700527, 0.013901921920478344, 0.00848942156881094, 0.010750922374427319, 0.003974423743784428, 0.004980446770787239, 0.008617640472948551, 0.008568212389945984, 0.001418540719896555, 0.026075150817632675, 0.006438954267650843, 0.007610762491822243, 0.011093811132013798, 0.00017779192421585321, 0.012811020947992802, 0.015003236010670662, 0.006533030886203051, 0.0011528934119269252, 0.013563934713602066, 0.012311425060033798, 0.008815073408186436, 0.010353266261518002, 0.008593263104557991, 0.004314871970564127, 0.0026990817859768867, 0.023886866867542267, 0.019676771014928818, 0.0024066315963864326, 0.0008046419825404882, 0.020305674523115158, 0.0067075155675411224, 0.0165290255099535, 0.01039906032383442, 0.008051656186580658, 0.012065739370882511, 0.010165992192924023, 0.005754596088081598, 0.012139576487243176, 0.018301742151379585, 0.010919978842139244, 0.020193899050354958, 0.008047210983932018, 0.010695642791688442, 5.841062738909386e-05, 0.011305605061352253, 0.004114595707505941, 0.00019388353393878788, 0.0033557466231286526, 0.0012301732785999775, 0.020105773583054543, 0.013013451360166073, 0.024310721084475517, 0.010110311210155487, 0.005153685342520475, 0.004900012165307999, 0.004863829351961613, 0.012489146552979946, 0.0062682898715138435, 0.0060150232166051865, 0.0015523076290264726, 0.0002673815470188856, 0.01097036525607109, 0.010168339125812054]"
F152,"[0.0, 0.0, 0.0, 0.0, 0.0, 0.0, 0.0, 0.0, 0.0, 0.0, 0.0, 0.0, 0.0, 0.0, 0.0, 0.0, 0.0, 0.0, 0.0, 0.0, 0.0, 0.0, 0.0, 0.0, 0.0, 0.0, 0.0, 0.0, 0.0, 0.0, 0.0, 0.0, 0.0, 0.0, 0.0, 0.0, 0.0, 0.0, 0.0, 0.0, 0.0, 0.0, 0.0, 0.0, 0.0, 0.0, 0.0, 0.0, 0.0, 0.0, 0.0, 0.0, 0.0, 0.0, 0.0, 0.0, 0.0, 0.0, 0.0, 0.0, 0.0, 0.0, 0.0, 0.0, 0.0, 0.0, 0.0, 0.0, 0.0, 0.0, 0.0, 0.0, 0.0, 0.0, 0.0, 0.0, 0.0, 0.0, 0.0, 0.0, 0.0, 0.0, 0.0, 0.0, 0.0, 0.0, 0.0, 0.0, 0.0, 0.0, 0.0, 0.0, 0.0, 0.0, 0.0, 0.0, 0.0, 0.0, 0.0, 0.0, 0.0, 0.0, 0.0, 0.0, 0.0, 0.0, 0.0, 0.0, 0.0, 0.0, 0.0, 0.0, 0.0, 0.0, 0.0, 0.0, 0.0, 0.0, 0.0, 0.0, 0.0, 0.0, 0.0, 0.0, 0.0, 0.0, 0.0, 0.0]"
F153,"[0.07955877482891083, 0.0993872657418251, 0.018966883420944214, 0.0032904252875596285, 0.004021370783448219, 0.02074882760643959, 0.12742899358272552, 0.02045869268476963, 0.09923761337995529, 0.03136225789785385, 0.03594909608364105, 0.11565276980400085, 0.012098153121769428, 0.08074530214071274, 0.0116884745657444, 0.16108745336532593, 0.11502127349376678, 0.013988906517624855, 0.005244055297225714, 0.0673350989818573, 0.06055989861488342, 3.5310960811330006e-05, 0.08003750443458557, 0.03174048662185669, 0.045979272574186325, 0.11141057312488556, 0.16139042377471924, 0.09624882787466049, 0.017353104427456856, 0.11576482653617859, 0.11789318919181824, 0.07214907556772232, 0.13703450560569763, 0.042299941182136536, 0.10813592374324799, 0.07546307146549225, 0.011052965186536312, 0.03651359677314758, 0.044936053454875946, 0.04574456065893173, 0.03704231604933739, 0.08950544148683548, 0.09791555255651474, 0.09470684081315994, 0.02047612890601158, 0.015631943941116333, 0.07734706252813339, 0.03381216153502464, 0.056717123836278915, 0.09646466374397278, 0.018351854756474495, 0.07469124346971512, 0.07425268739461899, 0.10843738913536072, 0.06654031574726105, 0.15563823282718658, 0.009571969509124756, 0.012121394276618958, 0.12463164329528809, 0.077431820333004, 0.10077124089002609, 0.018894381821155548, 0.03735321760177612, 0.01779092103242874, 0.006043528206646442, 0.006228620186448097, 0.044605374336242676, 0.06588827073574066, 0.06617330014705658, 0.0050796521827578545, 0.15287254750728607, 0.05106542259454727, 0.06891146302223206, 0.04623507708311081, 0.08935573697090149, 0.07197932153940201, 0.09504121541976929, 0.040807612240314484, 0.06475605815649033, 0.026404784992337227, 0.09651913493871689, 0.12946966290473938, 0.01830502785742283, 0.07981199771165848, 0.15628674626350403, 0.0700254887342453, 0.010150452144443989, 0.032706886529922485, 0.056765031069517136, 0.15301452577114105, 0.16834436357021332, 0.02998928166925907, 0.06434274464845657, 0.1608504205942154, 0.03507716953754425, 0.016432397067546844, 0.07709483057260513, 0.076046884059906, 0.0070198592729866505, 0.04371429234743118, 0.11162523925304413, 0.15692389011383057, 0.1342834234237671, 0.1398770660161972, 0.0630413293838501, 0.08500957489013672, 0.05668087303638458, 0.14365819096565247, 0.04335692897439003, 0.1284255087375641, 0.14619116485118866, 0.13842764496803284, 0.0651521235704422, 0.08789759874343872, 0.006508457940071821, 0.002640817314386368, 0.042375996708869934, 0.06001367047429085, 0.1242341622710228, 0.05520199239253998, 0.045928604900836945, 0.07810798287391663, 0.020170578733086586, 0.03333736211061478, 0.06982635706663132, 0.12135452032089233, 0.029552381485700607, 0.1684018224477768]"
F154,"[0.003734258469194174, 0.020141784101724625, 0.0004019523330498487, 0.004618550650775433, 0.011741871014237404, 0.004099005367606878, 0.0019046583911404014, 0.002148495288565755, 0.000653004739433527, 0.0014959188411012292, 0.007927145808935165, 0.003927112091332674, 0.01716216839849949, 0.004693522583693266, 0.008754204027354717, 0.0035721224267035723, 0.004580406937748194, 0.013228614814579487, 0.0034178125206381083, 0.0005622812896035612, 0.004359564743936062, 0.003364692209288478, 0.0070267426781356335, 0.010095144622027874, 0.00048559729475528, 0.00315910205245018, 0.009156784042716026, 0.007736527360975742, 0.0036971205845475197, 0.013588374480605125, 0.0018535908311605453, 0.0002791192091535777, 0.01130201481282711, 0.005342007614672184, 0.004569149110466242, 0.0003646165132522583, 0.0008847221033647656, 0.0033109469804912806, 0.01903419755399227, 0.009035758674144745, 0.014072710648179054, 0.0052648489363491535, 0.016751427203416824, 0.02039647288620472, 0.0010252847569063306, 0.0028210433665663004, 0.004425369668751955, 0.007303155492991209, 0.003807069268077612, 0.0038020131178200245, 0.002987479791045189, 0.016391409561038017, 0.006645556539297104, 0.009549183771014214, 0.002499563153833151, 0.003101077862083912, 1.995016646105796e-05, 0.004506606608629227, 0.0020587751641869545, 0.007590940687805414, 0.0032641005236655474, 0.01106918416917324, 0.0008903910056687891, 0.009678223170340061, 0.017538759857416153, 0.0022538211196660995, 0.009495197795331478, 0.0034317963290959597, 0.011451675556600094, 0.01341935619711876, 0.009480495937168598, 0.018947765231132507, 0.011259280145168304, 0.00675933388993144, 0.01582176238298416, 0.007740786299109459, 0.0015882444567978382, 0.0044226390309631824, 0.0035715154372155666, 0.001676549669355154, 0.002458010334521532, 0.008479094132781029, 0.0013569241855293512, 0.012967478483915329, 0.004739714786410332, 0.020771479234099388, 0.0034385216422379017, 0.0001343694602837786, 0.010123107582330704, 0.014506992883980274, 0.014398823492228985, 0.016137802973389626, 0.0011628017527982593, 0.009034556336700916, 0.006171875633299351, 0.01253126747906208, 0.019225938245654106, 0.007042839191854, 0.006539587862789631, 0.014321700669825077, 0.002406327286735177, 0.017539380118250847, 0.0018868674524128437, 0.0010028070537373424, 0.023273764178156853, 0.0034973842557519674, 0.0007707056356593966, 0.000651625101454556, 0.009554443880915642, 0.023237120360136032, 0.004991552326828241, 0.002671207068488002, 0.004316916689276695, 0.009270638227462769, 0.0031028802040964365, 0.0004524409305304289, 0.00846861395984888, 0.00019089567649643868, 0.011015736497938633, 0.014844411052763462, 0.012500266544520855, 0.022238321602344513, 0.008684000000357628, 0.015237205661833286, 0.010015943087637424, 0.01009029895067215, 0.013756537809967995, 0.00011416483903303742]"
F155,"[0.00993278343230486, 0.0025211134925484657, 0.009093930013477802, 0.013418730348348618, 0.004465984180569649, 0.010850920341908932, 0.00699232891201973, 0.007904275320470333, 0.013256995007395744, 0.009717163629829884, 0.001390033052302897, 0.0020782812498509884, 0.0023048233706504107, 0.0006805945886299014, 0.0037094138097018003, 0.007340822368860245, 0.0020533620845526457, 0.003106796182692051, 0.006247273646295071, 0.012204169295728207, 0.0073803020641207695, 0.002798666711896658, 0.005385067313909531, 0.00204160762950778, 0.001303992816247046, 0.008954198099672794, 0.006343012675642967, 0.004133032634854317, 0.0034646857529878616, 0.002413761569187045, 0.003198376391083002, 0.00944505538791418, 0.0007658732356503606, 0.007814831100404263, 0.004940057173371315, 0.015093797817826271, 0.010086379013955593, 0.006342517677694559, 0.006946512032300234, 0.011462687514722347, 0.0013147869613021612, 0.00018429619376547635, 0.0012824047589674592, 0.01686662621796131, 5.581801087828353e-05, 0.0018831596244126558, 0.002155567752197385, 0.011896099895238876, 0.011049496941268444, 0.010970491915941238, 0.01229353342205286, 0.0077161663211882114, 0.00353579455986619, 0.010886589996516705, 0.006218619644641876, 0.0012792481575161219, 0.005301832687109709, 0.00804666243493557, 0.004840231034904718, 0.0011212381068617105, 0.0052823410369455814, 0.008482170291244984, 0.008235287852585316, 0.0024308261927217245, 0.004171221517026424, 0.00297103775665164, 0.0054091112688183784, 0.00988448690623045, 0.0043379622511565685, 0.011361891403794289, 0.007386505603790283, 0.008572058752179146, 0.005800123792141676, 0.0049360403791069984, 0.013342789374291897, 0.012167423963546753, 0.005539991427212954, 0.005773891229182482, 0.0128568010404706, 0.009095987305045128, 0.0016261222772300243, 0.011227230541408062, 0.004471380263566971, 0.0025082617066800594, 0.0011783160734921694, 0.0035590517800301313, 0.012300497852265835, 0.00842335820198059, 0.013381516560912132, 0.009451042860746384, 0.010350200347602367, 0.009854215197265148, 0.011055820621550083, 0.009593210183084011, 0.007497836370021105, 0.000571920711081475, 0.0015254418831318617, 0.00199619447812438, 0.005557254888117313, 0.002771165920421481, 0.0020464598201215267, 0.017741847783327103, 0.008987224660813808, 0.007616604212671518, 0.015241068787872791, 0.008996531367301941, 0.0043286168947815895, 0.008894557133316994, 0.0005427799769677222, 0.0053960299119353294, 0.008487562648952007, 0.0008961925632320344, 0.007517749443650246, 0.0001457858015783131, 0.006264775525778532, 0.003554931143298745, 0.004514333326369524, 0.016205336898565292, 0.0019141410011798143, 0.002903887303546071, 0.0054438053630292416, 0.008903905749320984, 0.011162864044308662, 0.009685434401035309, 0.005599218420684338, 0.008416792377829552, 0.002800001297146082, 0.0009702727547846735]"
F156,"[0.005534796975553036, 0.017689324915409088, 0.0012828352628275752, 0.014379436150193214, 0.0028830678202211857, 0.005064830649644136, 0.005847971420735121, 0.006980865728110075, 0.021146269515156746, 0.015973037108778954, 0.017161063849925995, 0.021465400233864784, 0.0028121608775109053, 0.017748791724443436, 0.007622005417943001, 0.017872462049126625, 0.0015425564488396049, 0.019522545859217644, 0.002038409002125263, 0.01105453260242939, 0.006991889327764511, 0.01651311106979847, 0.026017578318715096, 0.0005886235157959163, 0.014820137992501259, 0.022070633247494698, 0.004731959663331509, 0.014785838313400745, 0.01303053554147482, 0.019656794145703316, 0.008219650015234947, 0.006267786491662264, 0.008530090562999249, 3.713121986947954e-05, 0.007087650243192911, 0.0010601244866847992, 0.0007262466824613512, 0.014673138968646526, 0.005386631470173597, 0.002765430137515068, 0.015976382419466972, 0.012912084348499775, 0.0017258987063542008, 0.0004222869756631553, 0.015064314939081669, 0.011935040354728699, 0.005367542617022991, 0.01131458394229412, 0.019927822053432465, 0.013157046400010586, 0.011870894581079483, 0.008207404054701328, 0.006583922076970339, 0.011237659491598606, 0.002744289580732584, 0.02651558443903923, 0.012703970074653625, 0.01845521852374077, 0.003044822486117482, 0.0170285627245903, 0.014224449172616005, 0.0018858052790164948, 0.003911096602678299, 0.007531813345849514, 0.012612179853022099, 0.0005920595722272992, 0.025743648409843445, 0.010078812018036842, 0.015183323062956333, 0.007686652708798647, 0.016591455787420273, 0.018355144187808037, 0.016002094373106956, 0.0038488854188472033, 0.007811160758137703, 0.006084991618990898, 0.001700406544841826, 0.0009163983631879091, 0.005954639986157417, 0.0018548720981925726, 0.020595401525497437, 0.02525480091571808, 0.006025277078151703, 0.018240580335259438, 0.014840326271951199, 0.002754239598289132, 0.012430029921233654, 0.004289175383746624, 0.018348952755331993, 0.0061538382433354855, 0.020413346588611603, 0.019717758521437645, 0.004146542400121689, 0.014428986236453056, 0.018712632358074188, 0.015324108302593231, 0.0073193516582250595, 0.004140852019190788, 0.001377999666146934, 0.0026257226709276438, 0.008824178017675877, 0.0028238038066774607, 0.01803547702729702, 0.02005944214761257, 0.017995482310652733, 0.0015264409594237804, 0.024584058672189713, 0.00043389981146901846, 0.007456385064870119, 0.016634467989206314, 0.0014233094407245517, 0.008977596648037434, 0.0008649629889987409, 0.0010800076415762305, 0.02302628383040428, 0.016781022772192955, 0.004571656230837107, 0.014004262164235115, 0.019631996750831604, 0.0037917012814432383, 0.005093663465231657, 0.019137009978294373, 0.009949436411261559, 0.003849898697808385, 0.0027963288594037294, 0.01355185080319643, 0.004648859146982431, 0.002275515114888549]"
F157,"[0.0, 0.0, 0.0, 0.0, 0.0, 0.0, 0.0, 0.0, 0.0, 0.0, 0.0, 0.0, 0.0, 0.0, 0.0, 0.0, 0.0, 0.0, 0.0, 0.0, 0.0, 0.0, 0.0, 0.0, 0.0, 0.0, 0.0, 0.0, 0.0, 0.0, 0.0, 0.0, 0.0, 0.0, 0.0, 0.0, 0.0, 0.0, 0.0, 0.0, 0.0, 0.0, 0.0, 0.0, 0.0, 0.0, 0.0, 0.0, 0.0, 0.0, 0.0, 0.0, 0.0, 0.0, 0.0, 0.0, 0.0, 0.0, 0.0, 0.0, 0.0, 0.0, 0.0, 0.0, 0.0, 0.0, 0.0, 0.0, 0.0, 0.0, 0.0, 0.0, 0.0, 0.0, 0.0, 0.0, 0.0, 0.0, 0.0, 0.0, 0.0, 0.0, 0.0, 0.0, 0.0, 0.0, 0.0, 0.0, 0.0, 0.0, 0.0, 0.0, 0.0, 0.0, 0.0, 0.0, 0.0, 0.0, 0.0, 0.0, 0.0, 0.0, 0.0, 0.0, 0.0, 0.0, 0.0, 0.0, 0.0, 0.0, 0.0, 0.0, 0.0, 0.0, 0.0, 0.0, 0.0, 0.0, 0.0, 0.0, 0.0, 0.0, 0.0, 0.0, 0.0, 0.0, 0.0, 0.0]"
F158,"[0.0, 0.0, 0.0, 0.0, 0.0, 0.0, 0.0, 0.0, 0.0, 0.0, 0.0, 0.0, 0.0, 0.0, 0.0, 0.0, 0.0, 0.0, 0.0, 0.0, 0.0, 0.0, 0.0, 0.0, 0.0, 0.0, 0.0, 0.0, 0.0, 0.0, 0.0, 0.0, 0.0, 0.0, 0.0, 0.0, 0.0, 0.0, 0.0, 0.0, 0.0, 0.0, 0.0, 0.0, 0.0, 0.0, 0.0, 0.0, 0.0, 0.0, 0.0, 0.0, 0.0, 0.0, 0.0, 0.0, 0.0, 0.0, 0.0, 0.0, 0.0, 0.0, 0.0, 0.0, 0.0, 0.0, 0.0, 0.0, 0.0, 0.0, 0.0, 0.0, 0.0, 0.0, 0.0, 0.0, 0.0, 0.0, 0.0, 0.0, 0.0, 0.0, 0.0, 0.0, 0.0, 0.0, 0.0, 0.0, 0.0, 0.0, 0.0, 0.0, 0.0, 0.0, 0.0, 0.0, 0.0, 0.0, 0.0, 0.0, 0.0, 0.0, 0.0, 0.0, 0.0, 0.0, 0.0, 0.0, 0.0, 0.0, 0.0, 0.0, 0.0, 0.0, 0.0, 0.0, 0.0, 0.0, 0.0, 0.0, 0.0, 0.0, 0.0, 0.0, 0.0, 0.0, 0.0, 0.0]"
F159,"[0.007538479287177324, 0.002772322855889797, 0.0018326304852962494, 0.01460909005254507, 0.009826143272221088, 0.047237347811460495, 0.009129618294537067, 0.03419596701860428, 0.005247102584689856, 0.017278652638196945, 0.025233160704374313, 0.012480598874390125, 0.005790687166154385, 0.009692246094346046, 0.02233901619911194, 0.025160126388072968, 0.0142159229144454, 0.027759991586208344, 0.006565699353814125, 0.03302560746669769, 0.0019544220995157957, 0.021201690658926964, 0.012066418305039406, 0.017097843810915947, 0.006973070092499256, 0.022646447643637657, 0.005301773548126221, 0.009742849506437778, 0.03703415393829346, 0.014683878049254417, 0.031122518703341484, 0.015552520751953125, 0.017920851707458496, 0.0049099610187113285, 0.00970278587192297, 0.02134750224649906, 0.011280653066933155, 0.023958720266819, 0.034434184432029724, 0.01203267090022564, 0.0038491536397486925, 0.003678621957078576, 0.03167157992720604, 0.0024302599485963583, 0.015568585135042667, 0.009632064029574394, 0.022845786064863205, 0.029741892591118813, 0.016299940645694733, 0.013646475039422512, 0.014515820890665054, 0.019309302791953087, 0.0023295406717807055, 0.027079729363322258, 0.017738988623023033, 0.007601324934512377, 0.007741007022559643, 0.01765364594757557, 0.010925263166427612, 0.007227199152112007, 0.00219179829582572, 0.005540202837437391, 0.02207496389746666, 0.01651735231280327, 0.024121107533574104, 0.014578321948647499, 0.0036229754332453012, 0.0021886599715799093, 0.011832669377326965, 0.026175322011113167, 0.0038034033495932817, 0.008049145340919495, 0.005982428323477507, 0.014813920482993126, 0.003564891405403614, 0.007386245299130678, 0.01546113658696413, 0.034176673740148544, 0.003294207388535142, 0.002305957255885005, 0.0014441685052588582, 0.014257751405239105, 0.012576901353895664, 0.002415555529296398, 0.006712373811751604, 0.0005225075292401016, 0.020972255617380142, 0.03132857382297516, 0.01286460179835558, 0.004214338958263397, 0.004936764482408762, 0.003795371390879154, 0.004155146423727274, 0.0039614345878362656, 0.009660559706389904, 0.028568552806973457, 0.013506630435585976, 0.005960806272923946, 0.04078390449285507, 0.02117219939827919, 2.9313880077097565e-05, 0.01645858772099018, 0.010838544927537441, 0.010016923770308495, 0.001340610207989812, 0.036846574395895004, 0.00587534299120307, 0.04410974308848381, 0.0003783847496379167, 0.006339227315038443, 0.01655638962984085, 0.010817090049386024, 0.01581629179418087, 0.012901722453534603, 0.01241383608430624, 0.01939959079027176, 0.02037118934094906, 0.00846962071955204, 0.023721911013126373, 0.013653891161084175, 0.005377702880650759, 0.01063157431781292, 0.0012595267035067081, 0.010005141608417034, 0.010968896560370922, 0.03702247142791748, 0.002578064100816846, 0.004346596542745829]"
F160,"[0.016764678061008453, 0.022061949595808983, 0.05442018434405327, 0.056146521121263504, 0.0646006315946579, 0.07615149766206741, 0.06337135285139084, 0.01581660658121109, 0.02839932031929493, 0.059336379170417786, 0.05142802745103836, 0.05312975123524666, 0.044052645564079285, 0.054808974266052246, 0.031215272843837738, 0.01433500088751316, 0.013343083672225475, 0.006004133727401495, 0.021363524720072746, 0.0073925829492509365, 0.030963262543082237, 0.024183468893170357, 0.028452549129724503, 0.022310342639684677, 0.004005609545856714, 0.03151841461658478, 0.003255345392972231, 0.021366730332374573, 0.014256970025599003, 0.03148054704070091, 0.027116764336824417, 0.0013978997012600303, 0.028019672259688377, 0.07386816293001175, 0.028829310089349747, 0.06218518316745758, 0.0073744142428040504, 0.046151481568813324, 0.03889428451657295, 0.005044747609645128, 0.055451489984989166, 0.024981750175356865, 0.08210045099258423, 0.01790502667427063, 0.03534756600856781, 0.045138828456401825, 0.0322040393948555, 0.0011958355316892266, 0.05515681207180023, 0.05180607736110687, 0.07535982131958008, 0.045154374092817307, 0.019134942442178726, 0.04294192045927048, 0.02006448805332184, 0.036342423409223557, 0.03738056495785713, 0.00787969771772623, 0.04812211915850639, 0.011269461363554, 0.04339100047945976, 0.026863565668463707, 0.05103132128715515, 0.0028370616491883993, 0.014791316352784634, 0.02349555864930153, 0.021358542144298553, 0.059810105711221695, 0.03681743144989014, 0.019923647865653038, 0.030090773478150368, 3.2834741432452574e-06, 0.0008876453503035009, 0.04247824847698212, 0.016871217638254166, 0.005810105241835117, 0.0023535992950201035, 0.052636995911598206, 0.012730589136481285, 0.04114244878292084, 0.031999439001083374, 0.07243320345878601, 0.014821493066847324, 0.02748546563088894, 0.060821402817964554, 0.05530356988310814, 0.06432951241731644, 0.03396563604474068, 0.06937430053949356, 0.018209589645266533, 0.045850224792957306, 0.0641566812992096, 0.026390373706817627, 0.01135879848152399, 0.03807134926319122, 0.03919374570250511, 0.0011911682086065412, 0.004201655276119709, 0.05449104309082031, 0.05923483893275261, 0.06416062265634537, 0.03206648305058479, 0.04921143501996994, 0.05018237978219986, 0.05129658803343773, 0.032897014170885086, 0.05018004775047302, 0.06885160505771637, 0.004708639346063137, 0.052634984254837036, 0.04120345786213875, 0.03447060286998749, 0.030198292806744576, 0.009082211181521416, 0.01212723832577467, 0.007522414438426495, 0.07437213510274887, 0.05720475688576698, 0.03650445491075516, 0.06373293697834015, 0.03962889686226845, 0.043250951915979385, 0.03512001782655716, 0.027178198099136353, 0.02900134027004242, 0.038025446236133575, 0.06496917456388474, 0.06197354197502136]"
F161,"[0.07775171101093292, 0.019920306280255318, 0.05735839530825615, 0.07866095751523972, 0.011845957487821579, 0.06246686354279518, 0.006247648969292641, 0.12103816121816635, 0.022614965215325356, 0.10786941647529602, 0.12751908600330353, 0.06561723351478577, 0.01153993234038353, 0.06587914377450943, 0.024865716695785522, 0.15479540824890137, 0.06866006553173065, 0.040430232882499695, 0.09437311440706253, 0.04276907816529274, 0.016160521656274796, 0.015357669442892075, 0.07952110469341278, 0.026378510519862175, 0.024705907329916954, 0.07210782915353775, 0.0552312508225441, 0.01934429071843624, 0.05500181019306183, 0.09041325002908707, 0.123545803129673, 0.002040338236838579, 0.08372429758310318, 0.09919971972703934, 0.02061968855559826, 0.04861947521567345, 0.07602602243423462, 0.01736036315560341, 0.05006583780050278, 0.050743311643600464, 0.035332269966602325, 0.01505016814917326, 0.08915632963180542, 0.058910176157951355, 0.010257470421493053, 0.02029479667544365, 0.017180759459733963, 0.00026236879057250917, 0.09229916334152222, 0.052567023783922195, 0.10575293004512787, 0.007050164043903351, 0.11847259104251862, 0.06478705257177353, 0.00034877093276008964, 0.01970522291958332, 0.012841420248150826, 0.13466520607471466, 0.016386810690164566, 0.021266847848892212, 0.06356976926326752, 0.08103612810373306, 0.12601864337921143, 0.005940476432442665, 0.07997319847345352, 0.056171491742134094, 0.05815666913986206, 0.038487229496240616, 0.0759715586900711, 0.02712356112897396, 0.022478565573692322, 0.0060742986388504505, 0.08294539153575897, 0.09265263378620148, 0.021931245923042297, 0.05798109993338585, 0.10036629438400269, 0.007774700410664082, 0.0057772062718868256, 0.12867315113544464, 0.005486053880304098, 0.03325170651078224, 0.048807598650455475, 0.027809487655758858, 0.07480631023645401, 0.04060516133904457, 0.1488436609506607, 0.015916258096694946, 0.01661030948162079, 0.08870827406644821, 0.002917355624958873, 0.04566028714179993, 0.09776663780212402, 0.13390971720218658, 0.03478512167930603, 0.00694457208737731, 0.006268264725804329, 0.04065076261758804, 0.013763777911663055, 0.057503096759319305, 0.0641913041472435, 0.0846196860074997, 0.10402004420757294, 0.005819755606353283, 0.03919434919953346, 0.045689113438129425, 0.08346719294786453, 0.02885258011519909, 0.10430147498846054, 0.05472433939576149, 0.0028195250779390335, 0.06170325726270676, 0.03006948158144951, 0.0807121992111206, 0.009871804155409336, 0.035445064306259155, 0.1296481043100357, 0.07525595277547836, 0.05248303711414337, 0.08064544200897217, 0.12850512564182281, 0.005967239383608103, 0.033535197377204895, 0.05407103896141052, 0.03880665823817253, 0.07087947428226471, 0.08342229574918747, 0.04876740276813507]"
F162,"[0.05731815844774246, 0.021533504128456116, 0.12845869362354279, 0.07974308729171753, 0.025334754958748817, 0.10854311287403107, 0.026105904951691628, 0.0018386812880635262, 0.044462453573942184, 0.016605373471975327, 0.000703047146089375, 0.038936059921979904, 0.046905145049095154, 0.08360184729099274, 0.13249239325523376, 0.07201257348060608, 0.09235547482967377, 0.06033116206526756, 0.12774737179279327, 0.02582833729684353, 0.0031485429499298334, 0.0692233294248581, 0.12957628071308136, 0.08620328456163406, 0.03661102056503296, 0.01725529134273529, 0.04331917315721512, 0.05576881393790245, 0.03235890716314316, 0.031073439866304398, 0.037555813789367676, 0.02514183335006237, 0.0078040496446192265, 0.030783625319600105, 0.029802026227116585, 0.045685265213251114, 0.002493612002581358, 0.11109781265258789, 0.046967536211013794, 0.10307036340236664, 0.12424404919147491, 0.05398133769631386, 0.11812786757946014, 0.021903879940509796, 0.006740642711520195, 0.11531972140073776, 0.15764743089675903, 0.11869654059410095, 0.013620450161397457, 0.018448082730174065, 0.055238090455532074, 0.07539546489715576, 0.14758333563804626, 0.039327189326286316, 0.0340312160551548, 0.05055665969848633, 0.03442831709980965, 0.06692444533109665, 0.04243343695998192, 0.058965086936950684, 0.1030152440071106, 0.06995317339897156, 0.03407791629433632, 0.04297489672899246, 0.00766455102711916, 0.007943345233798027, 0.12721467018127441, 0.015386762097477913, 0.0010995852062478662, 0.07339979708194733, 0.15577898919582367, 0.0167224183678627, 0.06815973669290543, 0.053545232862234116, 0.008953827433288097, 0.09689653664827347, 0.023939989507198334, 0.042873211205005646, 0.07744364440441132, 0.04007185623049736, 0.052466895431280136, 0.08257626742124557, 0.04309481754899025, 0.034225352108478546, 0.05926510691642761, 0.05113990977406502, 0.06464842706918716, 0.14945094287395477, 0.05651306360960007, 0.13963791728019714, 0.007062797900289297, 0.038937266916036606, 0.08202096819877625, 0.04617757350206375, 0.037269096821546555, 0.03543604165315628, 0.014194546267390251, 0.03858339414000511, 0.05254117771983147, 0.06744924187660217, 0.056127920746803284, 0.04741663485765457, 0.033294785767793655, 0.10138237476348877, 0.004686917178332806, 0.011030224151909351, 0.04533109441399574, 0.0073403664864599705, 0.011668017134070396, 0.03507537767291069, 0.004502083174884319, 0.023284384980797768, 0.06002235785126686, 0.043420035392045975, 0.02918487973511219, 0.0019195530330762267, 0.011641754768788815, 0.08387061953544617, 0.05610930919647217, 0.08596137166023254, 0.11869657039642334, 0.043639276176691055, 0.07293804734945297, 0.09188101440668106, 0.046043939888477325, 0.0020466395653784275, 0.04899914190173149, 0.053615130484104156]"
F163,"[0.04370959475636482, 0.0004509387363214046, 0.02010675147175789, 0.04705513268709183, 0.048538997769355774, 0.08729028701782227, 0.02866450883448124, 0.043553147464990616, 0.023802051320672035, 0.0379214882850647, 0.06361234933137894, 0.019641702994704247, 0.023042861372232437, 0.07699960470199585, 0.00014783321239519864, 0.01243625394999981, 0.063168965280056, 0.06672372668981552, 0.0022587531711906195, 0.05092834681272507, 0.023745538666844368, 0.09195218235254288, 0.048094380646944046, 0.04112975299358368, 0.001995350932702422, 0.0632038563489914, 0.08418243378400803, 0.06011787801980972, 0.0036141793243587017, 0.06165221333503723, 0.012450558133423328, 0.07327105104923248, 0.05898419767618179, 0.05768477916717529, 0.021973226219415665, 0.002153065986931324, 0.016835471615195274, 0.05233079567551613, 0.03380380570888519, 0.021624628454446793, 0.06571757793426514, 0.05498351529240608, 0.05851934105157852, 0.017037393525242805, 0.04456334933638573, 0.031203743070364, 0.05359543487429619, 0.041615668684244156, 0.04046794772148132, 0.04335281625390053, 0.024394173175096512, 0.033152613788843155, 0.05633731558918953, 0.00803745910525322, 0.008948542177677155, 0.01187892910093069, 0.040156684815883636, 0.08669775724411011, 0.02382507547736168, 0.030060753226280212, 0.08631584793329239, 0.022161923348903656, 0.05408153310418129, 0.07115869224071503, 0.07200126349925995, 0.05931079760193825, 0.10117420554161072, 0.06866023689508438, 0.07585588842630386, 0.030281072482466698, 0.011163467541337013, 0.04047659784555435, 0.06983685493469238, 0.01720578782260418, 0.07213984429836273, 0.057664912194013596, 0.021163014695048332, 0.002200024202466011, 0.016798686236143112, 0.060329291969537735, 0.00603054603561759, 0.043446317315101624, 0.008091866038739681, 0.03840212523937225, 0.024471988901495934, 0.03296675905585289, 0.040180325508117676, 0.07062546163797379, 0.0644824430346489, 0.06791018694639206, 0.06763501465320587, 0.06652270257472992, 0.036869343370199203, 0.04544959217309952, 0.030400900170207024, 0.07358571141958237, 0.07462424784898758, 0.029803438112139702, 0.012310102581977844, 0.012536496855318546, 0.07288940995931625, 0.05895690992474556, 0.15007030963897705, 0.0243159718811512, 0.12890781462192535, 0.09303215891122818, 0.012249530293047428, 0.03285776823759079, 0.010102306492626667, 0.10533241182565689, 0.012999866157770157, 0.03526044636964798, 0.029541652649641037, 0.03224366158246994, 0.07657022029161453, 0.0917898416519165, 0.036128852516412735, 0.06408096104860306, 0.0010654040379449725, 0.07278352230787277, 0.042631421238183975, 0.02269488014280796, 0.012490745633840561, 0.08017866313457489, 0.01626214012503624, 0.05590495839715004, 0.023937426507472992, 0.03786878287792206]"
F164,"[0.026026833802461624, 0.0061544799245893955, 0.0022805307526141405, 0.0033267494291067123, 0.009637877345085144, 0.0021967897191643715, 0.011578239500522614, 0.017896005883812904, 0.01073373481631279, 0.00352793512865901, 0.004302710294723511, 0.002989870961755514, 0.01990671083331108, 0.018697747960686684, 0.006541920360177755, 0.018596379086375237, 0.011458899825811386, 0.0036448396276682615, 0.004676846321672201, 0.017605889588594437, 0.011866633780300617, 0.004851109813898802, 0.0035251094959676266, 0.01326706726104021, 0.01444037351757288, 0.02564672753214836, 0.006435699760913849, 0.010643037967383862, 0.008260304108262062, 0.023562053218483925, 0.00118054891936481, 0.011992293410003185, 0.010964260436594486, 0.0060387360863387585, 0.009282523766160011, 0.006001973990350962, 0.006722635123878717, 0.0017279302701354027, 0.011785313487052917, 0.016783857718110085, 0.0067138331942260265, 0.005098565947264433, 0.01138243731111288, 0.0005846064887009561, 0.030911622568964958, 0.004935838282108307, 0.001494343625381589, 0.023218465968966484, 0.001002575969323516, 0.007182870991528034, 0.014020808972418308, 0.010959144681692123, 0.006609506905078888, 0.010976118966937065, 0.0038521692622452974, 0.004434678703546524, 0.0014474127674475312, 0.013334890827536583, 0.0007819121819920838, 0.021183693781495094, 0.0236884243786335, 0.003490985604003072, 0.0013739491114392877, 0.008427392691373825, 0.0088959326967597, 0.0016228561289608479, 0.010756813921034336, 0.0002275496517540887, 0.0010921863140538335, 0.009102811105549335, 0.004014139994978905, 0.017928151413798332, 0.02968502603471279, 0.009441403672099113, 0.007302817888557911, 0.001115756924264133, 0.014959092251956463, 0.003887729486450553, 0.004676662851125002, 0.012970305047929287, 0.022794773802161217, 0.036518849432468414, 0.006631061900407076, 0.0025384477339684963, 0.026227347552776337, 0.009975501336157322, 0.015090030618011951, 0.011275201104581356, 0.00740126334130764, 0.0018345832359045744, 0.0029903594404459, 0.01806163787841797, 0.007842038758099079, 0.0006205842364579439, 0.009774844162166119, 0.01814877800643444, 0.0009588653920218349, 0.007033247034996748, 0.017438996583223343, 0.010190478526055813, 0.0021425969898700714, 0.019642386585474014, 0.0067922682501375675, 0.005562592297792435, 0.022254157811403275, 0.0046827057376503944, 0.004329966381192207, 0.0070550995878875256, 0.006434674374759197, 0.008109507150948048, 0.018134379759430885, 0.005558996461331844, 0.007806872017681599, 0.013724139891564846, 0.0006113749113865197, 0.014613200910389423, 0.017797570675611496, 0.014767645858228207, 0.022518150508403778, 0.01185911800712347, 0.009756538085639477, 0.006967490538954735, 0.004712390247732401, 0.0038856850005686283, 0.004163087345659733, 0.017808454111218452, 0.003464509267359972, 0.016981234773993492]"
F165,"[0.0, 0.0, 0.0, 0.0, 0.0, 0.0, 0.0, 0.0, 0.0, 0.0, 0.0, 0.0, 0.0, 0.0, 0.0, 0.0, 0.0, 0.0, 0.0, 0.0, 0.0, 0.0, 0.0, 0.0, 0.0, 0.0, 0.0, 0.0, 0.0, 0.0, 0.0, 0.0, 0.0, 0.0, 0.0, 0.0, 0.0, 0.0, 0.0, 0.0, 0.0, 0.0, 0.0, 0.0, 0.0, 0.0, 0.0, 0.0, 0.0, 0.0, 0.0, 0.0, 0.0, 0.0, 0.0, 0.0, 0.0, 0.0, 0.0, 0.0, 0.0, 0.0, 0.0, 0.0, 0.0, 0.0, 0.0, 0.0, 0.0, 0.0, 0.0, 0.0, 0.0, 0.0, 0.0, 0.0, 0.0, 0.0, 0.0, 0.0, 0.0, 0.0, 0.0, 0.0, 0.0, 0.0, 0.0, 0.0, 0.0, 0.0, 0.0, 0.0, 0.0, 0.0, 0.0, 0.0, 0.0, 0.0, 0.0, 0.0, 0.0, 0.0, 0.0, 0.0, 0.0, 0.0, 0.0, 0.0, 0.0, 0.0, 0.0, 0.0, 0.0, 0.0, 0.0, 0.0, 0.0, 0.0, 0.0, 0.0, 0.0, 0.0, 0.0, 0.0, 0.0, 0.0, 0.0, 0.0]"
F166,"[0.022263124585151672, 0.03809328004717827, 0.09059560298919678, 0.09683310240507126, 0.08060744404792786, 0.0668281689286232, 0.07779726386070251, 0.08443338423967361, 0.09079553186893463, 0.01865134760737419, 0.010119649581611156, 0.06986743211746216, 0.012497725896537304, 0.10055690258741379, 0.07086862623691559, 0.08280359208583832, 0.07504672557115555, 0.14857499301433563, 0.04691971465945244, 0.06927582621574402, 0.03489438071846962, 0.09126469492912292, 0.12911805510520935, 0.0389438197016716, 0.041827645152807236, 0.011271730065345764, 0.04821984842419624, 0.007063219789415598, 0.05529530718922615, 0.12742853164672852, 0.02158934250473976, 0.016399944201111794, 0.060216229408979416, 0.0439518541097641, 0.044920261949300766, 0.044247932732105255, 0.0015404187142848969, 0.05952644348144531, 0.03668060153722763, 0.06302949786186218, 0.09928534179925919, 0.07219646126031876, 0.005491201765835285, 0.01315920427441597, 0.009625968523323536, 0.037797071039676666, 0.008255078457295895, 0.028119364753365517, 0.02265227772295475, 0.09506326913833618, 0.12181280553340912, 0.04638371989130974, 0.02320133149623871, 0.04069295525550842, 0.11185779422521591, 0.012783056125044823, 0.044038526713848114, 0.002948020352050662, 0.038290757685899734, 0.08447131514549255, 0.07577165961265564, 0.07248257100582123, 0.013367262668907642, 0.0652848333120346, 0.10625778883695602, 0.06206575781106949, 0.08262842148542404, 0.04740508273243904, 0.07541047781705856, 0.00706302048638463, 0.10079104453325272, 0.021418046206235886, 0.013247902505099773, 0.05262722820043564, 0.09644951671361923, 0.01993526890873909, 0.05962425470352173, 0.13060590624809265, 0.047815002501010895, 0.06521322578191757, 0.04225918650627136, 0.007079734466969967, 0.0788220465183258, 0.03504211828112602, 0.03233766555786133, 0.0566844716668129, 0.07197431474924088, 0.05019022896885872, 0.09470027685165405, 0.05599350109696388, 0.07468016445636749, 0.052975721657276154, 0.01602635346353054, 0.07337723672389984, 0.06153018772602081, 0.0944567322731018, 0.007177599705755711, 0.08565700799226761, 0.07640363276004791, 0.024816954508423805, 0.028495997190475464, 0.05679477006196976, 0.07635603845119476, 0.10413189232349396, 0.059316474944353104, 0.026438873261213303, 0.055949896574020386, 0.05092954263091087, 0.028078779578208923, 0.09377441555261612, 0.07200271636247635, 0.04357824847102165, 0.0827871635556221, 0.026634380221366882, 0.05779633671045303, 0.0137789286673069, 0.15791958570480347, 0.17181044816970825, 0.012018931098282337, 0.02006584405899048, 0.0992797240614891, 0.0023256998974829912, 0.07630950957536697, 0.01346889790147543, 0.09469052404165268, 0.04253942519426346, 0.03660944476723671, 0.006948981899768114]"
F167,"[0.008768360130488873, 0.1414227932691574, 0.0026493752375245094, 0.02975575625896454, 0.03937752544879913, 0.005188352894037962, 0.06272530555725098, 0.05324475094676018, 0.009991037659347057, 0.051552414894104004, 0.018481314182281494, 0.041715528815984726, 0.004125812090933323, 0.12426336854696274, 0.05621371418237686, 0.004080148879438639, 0.1006191298365593, 0.06575217843055725, 0.05421130731701851, 0.09186337888240814, 0.05312974378466606, 0.12939094007015228, 0.0852120891213417, 0.04182693362236023, 0.0036739460192620754, 0.030321171507239342, 0.047158822417259216, 0.055277518928050995, 0.053137101233005524, 0.04529348388314247, 0.11278299987316132, 0.10491170734167099, 0.030649458989501, 0.015862612053751945, 0.07516846060752869, 0.03666653856635094, 0.03212561085820198, 0.06070481240749359, 0.042613547295331955, 0.06438615918159485, 0.0968073382973671, 0.07226257026195526, 0.003269182052463293, 0.023194197565317154, 0.07931076735258102, 0.08579588681459427, 0.0057449424639344215, 0.08318252116441727, 0.0431676059961319, 0.061915114521980286, 0.03542624041438103, 0.0606229230761528, 0.059697434306144714, 0.09880521893501282, 0.024848543107509613, 0.03426634147763252, 0.050156816840171814, 0.028056811541318893, 0.06962064653635025, 0.027959296479821205, 0.0026831135619431734, 0.08161681890487671, 0.009169518016278744, 0.05901794508099556, 0.003962935879826546, 0.09817631542682648, 0.0774843692779541, 0.0686933696269989, 0.06139713525772095, 0.0954207330942154, 0.03208049014210701, 0.025527358055114746, 0.04137684404850006, 0.013160820119082928, 0.09528817236423492, 0.001984450500458479, 0.0166860893368721, 0.07961981743574142, 0.035351283848285675, 0.050659917294979095, 0.08152931928634644, 0.050988759845495224, 0.017706947401165962, 0.016594553366303444, 0.06428444385528564, 0.021218767389655113, 0.11692090332508087, 0.1002790704369545, 0.022403333336114883, 0.07731930166482925, 0.01516039576381445, 0.09558211266994476, 0.004883123561739922, 0.11091460287570953, 0.11400235444307327, 0.09461844712495804, 0.09924717992544174, 0.08824319392442703, 0.025436006486415863, 0.07929158210754395, 0.025196895003318787, 0.015604733489453793, 0.019474497064948082, 0.011293504387140274, 0.044710345566272736, 0.029671311378479004, 0.05895321071147919, 0.02980833128094673, 0.017758890986442566, 0.014849848113954067, 0.10936026275157928, 0.04505149647593498, 0.06350501626729965, 0.032102782279253006, 0.01264051254838705, 0.03741919994354248, 0.0007934714667499065, 0.01979251764714718, 0.08611095696687698, 0.027310587465763092, 0.014108575880527496, 0.05162658169865608, 0.025101300328969955, 0.01629652827978134, 0.1376650333404541, 0.015981178730726242, 0.01834860071539879, 0.010809637606143951]"
F168,"[0.06928002089262009, 0.06242714822292328, 0.04806583374738693, 0.01914992183446884, 0.04713710770010948, 0.09706272184848785, 0.03224584087729454, 0.010662104934453964, 0.0068433224223554134, 0.03180136904120445, 0.028114255517721176, 0.048661742359399796, 0.02571216970682144, 0.01918569952249527, 0.03124898113310337, 0.02937314286828041, 0.027699412778019905, 0.03698797523975372, 0.052641019225120544, 0.07227183133363724, 0.02733771502971649, 0.02425721101462841, 0.04347287118434906, 0.04556723311543465, 0.004235922358930111, 0.03383607044816017, 0.061050452291965485, 0.05554872378706932, 0.004351944662630558, 0.010761274956166744, 0.03080194629728794, 0.03595944121479988, 0.06763947755098343, 0.024991799145936966, 0.016585811972618103, 0.07173401117324829, 0.04039136320352554, 0.005197789520025253, 0.03509366884827614, 0.019543873146176338, 0.021697448566555977, 0.026853414252400398, 0.024427207186818123, 0.06925568729639053, 0.009353279136121273, 0.03703008219599724, 0.06455167382955551, 0.02701919712126255, 0.06412593275308609, 0.014756383374333382, 0.0004864315560553223, 0.0879511684179306, 0.051760993897914886, 0.01490725576877594, 0.025104496628046036, 0.0755755826830864, 0.03641277179121971, 0.006837043445557356, 0.04506254196166992, 0.05016997456550598, 0.07697804272174835, 0.030097417533397675, 0.06415178626775742, 0.01432158425450325, 0.046972375363111496, 0.020909005776047707, 0.03917616605758667, 0.053712960332632065, 0.027881870046257973, 0.06220897659659386, 0.05522999167442322, 0.01970575749874115, 0.05371691659092903, 0.04932306334376335, 0.06061815842986107, 0.008474811911582947, 0.011562795378267765, 0.07158702611923218, 0.021897168830037117, 0.017481865361332893, 0.013545241206884384, 0.02888176031410694, 0.00375550938770175, 0.03988679498434067, 0.011451284401118755, 0.05153024569153786, 0.06182548776268959, 0.034894637763500214, 0.05090534687042236, 0.029102487489581108, 0.10255909711122513, 0.05286369472742081, 0.02722415141761303, 0.06749668717384338, 0.03077566623687744, 0.027567293494939804, 0.012965263798832893, 0.0453430600464344, 0.044583141803741455, 0.005466490983963013, 0.01722031831741333, 0.025109896436333656, 0.022370286285877228, 0.056421682238578796, 0.07025673985481262, 0.04011828079819679, 0.032065361738204956, 0.05526846647262573, 0.03241073712706566, 0.0049728648737072945, 0.03862123191356659, 0.021614298224449158, 0.027024446055293083, 0.012393578886985779, 0.057694464921951294, 0.008958132937550545, 0.05825995281338692, 0.004436515271663666, 0.025655880570411682, 0.03309564292430878, 0.04325788468122482, 0.013902094215154648, 0.007890971377491951, 0.04009324312210083, 0.051216043531894684, 0.028209859505295753, 0.08088933676481247, 0.050301432609558105]"
F169,"[0.06311531364917755, 0.15043772757053375, 0.07035330682992935, 0.10336309671401978, 0.07368776947259903, 0.006382017396390438, 0.039099570363759995, 0.056073207408189774, 0.07218190282583237, 0.07922931015491486, 0.07613011449575424, 0.04253954812884331, 0.04129038378596306, 0.12441287189722061, 0.023407066240906715, 0.006668727844953537, 0.05382150784134865, 0.072655588388443, 0.12534326314926147, 0.09121901541948318, 0.054249510169029236, 0.04175260290503502, 0.0162050761282444, 0.06245975196361542, 0.040506187826395035, 0.055442966520786285, 0.004938159603625536, 0.015807729214429855, 0.06345508992671967, 0.012672936543822289, 0.019447701051831245, 0.14786672592163086, 0.06165972724556923, 0.11858666688203812, 0.11212819069623947, 0.0705922394990921, 0.02920915000140667, 0.03184838220477104, 0.01635890267789364, 0.07405410706996918, 0.0403779000043869, 0.12914037704467773, 0.08028123527765274, 0.04666966572403908, 0.04871154576539993, 0.03809734806418419, 0.03614316135644913, 0.039311133325099945, 0.009724601171910763, 0.045220792293548584, 0.02254064939916134, 0.07483593374490738, 0.0851636528968811, 0.07265360653400421, 0.0036244685761630535, 0.04311084374785423, 0.05247575044631958, 0.006698057521134615, 0.08765274286270142, 0.022979237139225006, 0.023616516962647438, 0.035037655383348465, 0.06316191703081131, 0.007594241760671139, 0.0003450206422712654, 0.1844377964735031, 0.05670329928398132, 0.00011471701873233542, 0.06495322287082672, 0.018610304221510887, 0.023884650319814682, 0.13615819811820984, 0.018987275660037994, 0.024982143193483353, 0.07192301005125046, 0.0931377112865448, 0.05227956920862198, 0.08208168298006058, 0.013816420920193195, 0.031431619077920914, 0.017254561185836792, 0.00857022125273943, 0.046674638986587524, 0.08774681389331818, 0.04580424726009369, 0.17475667595863342, 0.012100709602236748, 0.07109037786722183, 0.11988303810358047, 0.03883892297744751, 0.06995957344770432, 0.023524785414338112, 0.10581672191619873, 0.014412108808755875, 0.002121011260896921, 0.05126270651817322, 0.019594291225075722, 0.07158619910478592, 0.03337162360548973, 0.05530698969960213, 0.0055655804462730885, 0.020171048119664192, 0.031078500673174858, 0.03634386882185936, 0.04702671617269516, 0.10784751176834106, 0.006109457928687334, 0.03560786321759224, 0.05619477108120918, 0.018926065415143967, 0.05641161650419235, 0.10873667150735855, 0.025153936818242073, 0.06107188016176224, 0.024968236684799194, 0.07665066421031952, 0.008265637792646885, 0.003391974838450551, 0.040760621428489685, 0.006962284445762634, 0.018547670915722847, 0.10746479034423828, 0.03422649949789047, 0.05578823760151863, 0.09894835948944092, 0.12101350724697113, 0.0175080094486475, 0.10567937046289444]"
F170,"[0.04235308989882469, 0.030981309711933136, 0.028551822528243065, 0.047774359583854675, 0.06730665266513824, 0.009593481197953224, 0.045562125742435455, 0.03655744716525078, 0.1072763130068779, 0.06950270384550095, 0.07080976665019989, 0.038064830005168915, 0.07278090715408325, 0.02136058360338211, 0.0815536230802536, 0.03977683186531067, 0.009464778006076813, 0.047754380851984024, 0.04480446130037308, 0.04204981401562691, 0.12230655550956726, 0.020658766850829124, 0.06297000497579575, 0.053143005818128586, 0.06862997263669968, 0.062457069754600525, 0.11550678312778473, 0.10372169315814972, 0.009294454008340836, 0.06596031039953232, 0.04984743893146515, 0.03232771158218384, 0.01795831136405468, 0.007481522858142853, 0.01924048364162445, 0.009172619320452213, 0.06650447845458984, 0.0018243095837533474, 0.04179844632744789, 0.06635907292366028, 0.0017081747064366937, 0.09267207980155945, 0.10452115535736084, 0.017923977226018906, 0.044580768793821335, 0.03302527219057083, 0.056525785475969315, 0.04616931080818176, 0.02858726494014263, 0.004073727410286665, 0.0014741169288754463, 0.11781886219978333, 0.09597612917423248, 0.05196415260434151, 0.03708557039499283, 0.14121291041374207, 0.0008499022223986685, 0.07288561016321182, 0.04754194989800453, 0.05046131834387779, 0.06541884690523148, 0.04024996981024742, 0.03935236856341362, 0.007263545412570238, 4.123386679566465e-05, 0.010367843322455883, 0.011144382879137993, 0.04421728476881981, 0.004493601154536009, 0.0885426253080368, 0.09859922528266907, 0.05993322655558586, 0.07145843654870987, 0.14190885424613953, 0.012468656525015831, 0.056412480771541595, 0.07862983644008636, 0.06354831904172897, 4.33160166721791e-05, 0.0970977395772934, 0.13214819133281708, 0.08559805154800415, 0.019965076819062233, 0.016352009028196335, 0.020391959697008133, 0.08262759447097778, 0.05986439436674118, 0.04591820761561394, 0.04720493406057358, 0.025290993973612785, 0.04482723027467728, 0.019021062180399895, 0.04986846074461937, 0.02276151441037655, 0.00901647936552763, 0.014893529005348682, 0.034099921584129333, 0.047307565808296204, 0.004102134145796299, 0.02110057882964611, 0.07178909331560135, 0.08001662790775299, 0.028295762836933136, 0.0913722962141037, 0.011601914651691914, 0.018419891595840454, 0.022734880447387695, 0.06339322775602341, 0.03733160346746445, 0.0060187894850969315, 0.04190462455153465, 0.07037569582462311, 0.07763256132602692, 0.0667017325758934, 0.027079589664936066, 0.006526270415633917, 0.1005711480975151, 0.031138405203819275, 0.07288937270641327, 0.02648322470486164, 0.009060167707502842, 0.034311674535274506, 0.08597983419895172, 0.02462892420589924, 0.03764694929122925, 0.0019119847565889359, 0.02848140522837639, 0.04073711857199669]"
F171,"[0.032683372497558594, 0.004903776571154594, 0.062211547046899796, 0.03786831721663475, 0.05801038444042206, 0.0017837907653301954, 0.03368386998772621, 0.07711269706487656, 0.05428940802812576, 0.12146284431219101, 0.0027088348288089037, 0.006043696776032448, 0.11867977678775787, 0.0490247868001461, 0.024843398481607437, 0.08184222131967545, 0.0960005596280098, 0.12554408609867096, 0.016606127843260765, 0.003688335418701172, 0.06264959275722504, 0.03335430100560188, 0.11149275302886963, 0.10740615427494049, 0.01593448780477047, 0.03803655505180359, 0.003763454034924507, 0.012261793948709965, 0.0356520339846611, 0.07017863541841507, 0.04834536090493202, 0.04985978454351425, 0.04732195660471916, 0.14976759254932404, 0.058111630380153656, 0.06582757830619812, 0.026896517723798752, 0.09478949755430222, 0.06001027673482895, 0.11923661082983017, 0.11163952946662903, 0.04832283407449722, 0.011221850290894508, 0.06447098404169083, 0.11007867008447647, 0.06771527975797653, 0.027955060824751854, 0.06980449706315994, 0.07160776853561401, 0.08707064390182495, 0.008756699040532112, 0.062272559851408005, 0.014154923148453236, 0.11474555730819702, 0.06895916908979416, 0.024033546447753906, 0.019063061103224754, 0.05373512580990791, 0.11716562509536743, 0.01804099604487419, 0.06345543265342712, 0.15145589411258698, 0.040277332067489624, 0.04023711383342743, 0.1019064411520958, 0.02941625937819481, 0.008772766217589378, 0.13985878229141235, 0.042221345007419586, 0.059334151446819305, 0.06538143008947372, 0.14173519611358643, 0.06017877161502838, 0.013699175789952278, 0.14074847102165222, 0.040658872574567795, 0.004827281925827265, 0.11587923765182495, 0.0511627234518528, 0.06331481784582138, 0.13013213872909546, 0.14208443462848663, 0.0345810130238533, 0.08446268737316132, 0.06162988394498825, 0.011643675155937672, 0.0022957660257816315, 0.034140799194574356, 0.16164569556713104, 0.18782895803451538, 0.1570277065038681, 0.05649285390973091, 0.09557636082172394, 0.15682865679264069, 0.1124352365732193, 0.00912513118237257, 0.02789973095059395, 0.06431688368320465, 0.025270314887166023, 0.10800381749868393, 0.04610534384846687, 0.08025255799293518, 0.04612278193235397, 0.07433225959539413, 0.06957821547985077, 0.0493256151676178, 0.015395406633615494, 0.035431936383247375, 0.09091850370168686, 0.020124997943639755, 0.08427262306213379, 0.005010583437979221, 0.1294192224740982, 0.08055511862039566, 0.05012011528015137, 0.1109703779220581, 0.09811419993638992, 0.015277089551091194, 0.030394138768315315, 0.04125306382775307, 0.0569223053753376, 0.08753298968076706, 0.08137382566928864, 0.05493023991584778, 0.0790625661611557, 0.07211248576641083, 0.09452269971370697, 0.027876853942871094]"
F172,"[0.1065509244799614, 0.018008306622505188, 0.0334857776761055, 0.07586093246936798, 0.073363296687603, 0.1658860445022583, 0.04307839274406433, 0.17220109701156616, 0.06677883118391037, 0.047485705465078354, 0.19063805043697357, 0.03153859078884125, 0.08311790972948074, 0.039213333278894424, 0.1018141359090805, 0.021228941157460213, 0.009028126485645771, 0.02726631611585617, 0.1511940211057663, 0.16002804040908813, 0.11157559603452682, 0.026792259886860847, 0.045121222734451294, 0.08488767594099045, 0.0779200866818428, 0.17481747269630432, 0.06287234276533127, 0.09226386994123459, 0.21452189981937408, 0.04716721549630165, 0.15093109011650085, 0.14439040422439575, 0.21052415668964386, 0.10862404108047485, 0.16617506742477417, 0.11306887120008469, 0.15930362045764923, 0.13356946408748627, 0.16803529858589172, 0.13213326036930084, 0.046851348131895065, 0.1599130928516388, 0.13465087115764618, 0.008278998546302319, 0.0604761466383934, 0.1179700568318367, 0.03490094840526581, 0.13311751186847687, 0.11145338416099548, 0.1342126727104187, 0.056533511728048325, 0.05637450888752937, 0.07481930404901505, 0.0041103544645011425, 0.1331387609243393, 0.04366430640220642, 0.019976722076535225, 0.19845975935459137, 0.039417095482349396, 0.03768257424235344, 0.17875298857688904, 0.09113853424787521, 0.11288659274578094, 0.0652444064617157, 0.13773038983345032, 0.02489018440246582, 0.0500434935092926, 0.03884940594434738, 0.17957036197185516, 0.18547841906547546, 0.15983006358146667, 0.18726354837417603, 0.001069210353307426, 0.023195499554276466, 0.00016392444376833737, 0.017275240272283554, 0.17980661988258362, 0.11618771404027939, 0.09091869741678238, 0.14490661025047302, 0.005125925410538912, 0.003849656553938985, 0.10180671513080597, 0.09326151013374329, 0.00620116526260972, 0.09839028120040894, 0.1335349977016449, 0.11472753435373306, 0.10454299300909042, 0.052875299006700516, 0.0007241816492751241, 0.022082814946770668, 0.19354113936424255, 0.08608551323413849, 0.11638511717319489, 0.16840676963329315, 0.07335414737462997, 0.11509126424789429, 0.06840059906244278, 0.03344443440437317, 0.1456054002046585, 0.001472842413932085, 0.0069973887875676155, 0.08811812847852707, 0.06627865880727768, 0.026360655203461647, 0.017670314759016037, 0.22789335250854492, 0.010342122055590153, 0.031720440834760666, 0.08269064873456955, 0.12281368672847748, 0.0926913321018219, 0.10317803174257278, 0.15117579698562622, 0.15058988332748413, 0.0691501796245575, 0.06378183513879776, 0.0087039265781641, 0.0614176020026207, 0.07920068502426147, 0.10165978223085403, 0.005394432228058577, 0.12224633246660233, 0.19286948442459106, 0.10394437611103058, 0.1525479108095169, 0.0973697155714035]"
F173,"[0.0044266823679208755, 0.06221050024032593, 0.028347130864858627, 0.004118030890822411, 0.07847665995359421, 0.0008343331865034997, 0.08307503163814545, 0.04587932303547859, 0.09211471676826477, 0.03574099764227867, 0.11542066931724548, 0.05651851370930672, 0.0821160301566124, 0.09436658769845963, 0.012021064758300781, 0.022672226652503014, 0.008863414637744427, 0.010220587253570557, 0.16306526958942413, 0.04047595337033272, 0.007074178196489811, 0.04146398976445198, 0.053639356046915054, 0.030694356188178062, 0.06837870180606842, 0.04211200401186943, 0.015310471877455711, 0.019923998042941093, 0.011201335117220879, 0.05070846900343895, 0.07685128599405289, 0.04342525079846382, 0.056505363434553146, 0.007331790868192911, 0.025749485939741135, 0.03718353062868118, 0.018833959475159645, 0.00020269406377337873, 0.005156983155757189, 0.0922037735581398, 0.03136406093835831, 0.0576152577996254, 0.09028981626033783, 0.106513112783432, 0.04563938453793526, 0.09664040058851242, 0.10570843517780304, 0.06675387918949127, 0.057628173381090164, 0.004178020637482405, 0.07027765363454819, 0.02137744426727295, 0.004713958129286766, 0.08654575049877167, 0.1423790156841278, 0.05000528320670128, 0.11442200839519501, 0.01873788610100746, 0.026587514206767082, 0.09537344425916672, 0.06309065967798233, 0.013067112304270267, 0.049880992621183395, 0.010571975260972977, 0.09850070625543594, 0.053435031324625015, 0.02325650304555893, 0.11907614022493362, 0.08963915705680847, 0.026735534891486168, 0.020427517592906952, 0.010564783588051796, 0.0801105946302414, 0.0218165572732687, 0.05717841535806656, 0.04618988186120987, 0.14141178131103516, 0.000622391642536968, 0.10832143574953079, 0.09684304893016815, 0.11637331545352936, 0.05245520547032356, 0.02586422674357891, 0.0507572703063488, 0.04428562521934509, 0.02254772000014782, 0.05306464806199074, 0.03820740059018135, 0.01894841156899929, 0.07497255504131317, 0.03334745019674301, 0.06135956197977066, 0.12920589745044708, 0.033443551510572433, 0.06105237826704979, 0.009549614042043686, 0.1341705471277237, 0.001506282016634941, 0.15648630261421204, 0.1103823184967041, 0.018124554306268692, 0.08327964693307877, 0.10079304873943329, 0.003197878133505583, 0.1273842453956604, 0.019892467185854912, 0.02743200585246086, 0.012830400839447975, 0.06532084941864014, 0.032425884157419205, 0.08613196760416031, 0.04571828991174698, 0.03160105645656586, 0.017166581004858017, 0.10217388719320297, 0.04866538196802139, 0.017846761271357536, 0.12397249042987823, 0.04252880439162254, 0.02552828937768936, 0.03256481513381004, 0.04086386784911156, 0.08262769877910614, 0.04866114631295204, 0.06228606775403023, 0.11080276966094971, 0.1529131829738617, 0.021066976711153984]"
F174,"[0.008497907780110836, 0.00942144077271223, 0.015211235731840134, 0.009730086661875248, 0.002690321998670697, 0.013987275771796703, 0.01674594171345234, 0.00351463770493865, 0.03489096462726593, 0.014644775539636612, 0.0006889313808642328, 0.007697694469243288, 0.035380762070417404, 0.01166386716067791, 0.030687455087900162, 0.030074995011091232, 0.01030155923217535, 0.041752055287361145, 0.015075885690748692, 0.01745024137198925, 0.005524897947907448, 0.0021065310575067997, 0.008830593898892403, 0.007738667540252209, 0.027548763900995255, 0.03166351467370987, 0.009710529819130898, 0.008329447358846664, 0.012259234674274921, 0.0023871115408837795, 0.016633888706564903, 0.033046476542949677, 0.001985270529985428, 0.01367751881480217, 0.005916059948503971, 0.008150074630975723, 0.0118040656670928, 0.004287934862077236, 0.009693961590528488, 0.007181522436439991, 0.012157086282968521, 0.0070253778249025345, 0.0006554924184456468, 0.009349411353468895, 0.004696233198046684, 0.007992125116288662, 0.025169353932142258, 0.008055219426751137, 0.010728896595537663, 0.009901642799377441, 0.018163613975048065, 0.002564619528129697, 0.024336865171790123, 0.0018520088633522391, 0.006619557738304138, 0.01412012055516243, 0.011433432810008526, 0.013908330351114273, 0.006780528463423252, 0.009845483116805553, 0.007491821888834238, 0.021019557490944862, 0.010425266809761524, 0.005622040014714003, 0.005796406883746386, 0.024191610515117645, 0.033629875630140305, 0.014754927717149258, 0.005694450810551643, 0.004557527601718903, 0.004695252049714327, 0.011666498146951199, 0.007837577722966671, 0.01358483824878931, 0.011807311326265335, 0.02676071971654892, 0.015876250341534615, 0.020139332860708237, 0.0073035410605371, 0.0176155436784029, 0.011806532740592957, 0.007659373804926872, 0.017443962395191193, 0.0097633246332407, 0.004956738092005253, 0.00777661195024848, 0.006417365279048681, 0.011102420277893543, 0.009619692340493202, 0.03707265108823776, 0.015715355053544044, 0.02055090107023716, 0.00829137209802866, 0.007492434699088335, 0.01897856593132019, 0.015168952755630016, 0.026294324547052383, 0.002230064244940877, 0.012829008512198925, 0.008411032147705555, 0.01297456119209528, 0.0031676050275564194, 0.001748364418745041, 0.018127137795090675, 0.01436428539454937, 0.013524600304663181, 0.02520272508263588, 0.021898694336414337, 0.005299178417772055, 0.02498460002243519, 0.010851087048649788, 0.02590891346335411, 0.003486183239147067, 0.002413630485534668, 0.00037048759986646473, 0.01708322763442993, 0.023074593394994736, 0.02740626595914364, 0.024985169991850853, 0.028507765382528305, 0.047085829079151154, 0.006851713638752699, 0.01870693452656269, 0.014401571825146675, 0.006771584507077932, 0.0027557373978197575, 0.006816565990447998, 0.004842660389840603]"
F175,"[0.003080753143876791, 0.00706799142062664, 0.0035228021442890167, 0.010127915069460869, 0.004568604286760092, 0.012709341011941433, 0.011455059982836246, 0.01534291636198759, 0.004074539057910442, 0.007981959730386734, 0.00042812168248929083, 0.007277202792465687, 0.01228906586766243, 0.004128490574657917, 0.01338907890021801, 0.02101747691631317, 0.0032050146255642176, 0.0005082993302494287, 0.01849253848195076, 0.008279971778392792, 0.0062546199187636375, 0.0010550128063187003, 0.004723713267594576, 0.004341662861406803, 0.013678456656634808, 0.0033255701418966055, 0.013091855682432652, 0.02009650133550167, 0.018072068691253662, 0.017678044736385345, 0.010106267407536507, 0.009003575891256332, 0.00438246363773942, 0.010897704400122166, 0.015339769423007965, 0.011533205397427082, 0.0065436284057796, 0.013540457002818584, 0.022570690140128136, 0.0036166487261652946, 0.004036554601043463, 0.011576179414987564, 0.01854999177157879, 0.003724432550370693, 0.013736381195485592, 0.007014396600425243, 0.01521481852978468, 0.01206536777317524, 0.00585680129006505, 0.006510726176202297, 0.010262426920235157, 0.008285226300358772, 0.014734158292412758, 0.005829786881804466, 3.317039954708889e-05, 0.022723035886883736, 0.0010689574992284179, 0.014590677805244923, 0.017395105212926865, 0.011368855834007263, 0.0030467610340565443, 0.005544424057006836, 0.0015412869397550821, 0.010206969454884529, 0.008255577646195889, 0.008884265087544918, 0.0007796281715855002, 0.014064311049878597, 0.004534180276095867, 0.015626676380634308, 0.00037818841519765556, 0.014472323469817638, 0.013575073331594467, 0.00551987998187542, 0.008498920127749443, 0.02181781828403473, 0.012349151074886322, 0.02220669761300087, 0.005124380812048912, 0.007934847846627235, 0.000237322979955934, 0.011558478698134422, 0.006434920243918896, 0.000918886624276638, 0.016673482954502106, 0.009517819620668888, 0.013241554610431194, 0.012450934387743473, 0.001983732683584094, 0.02110821008682251, 0.013651766814291477, 0.011805403977632523, 0.0072425175458192825, 0.01698695868253708, 0.013905598782002926, 0.002952272305265069, 0.014192772097885609, 0.01364150084555149, 0.006864937487989664, 0.02165004424750805, 0.010856595821678638, 0.005487735383212566, 0.022283542901277542, 0.017141427844762802, 0.0026348906103521585, 0.02206052839756012, 0.007875395007431507, 0.0007220208062790334, 0.014556897804141045, 0.02112363465130329, 0.006692738737910986, 0.014133930206298828, 0.013434024527668953, 0.002811415819451213, 0.010086124762892723, 0.01293058693408966, 0.006866005249321461, 0.004336003214120865, 6.670157017651945e-05, 0.0077672796323895454, 0.025203431025147438, 0.01634436659514904, 0.005612964276224375, 0.019666390493512154, 0.01292090117931366, 0.008450678549706936, 0.011311554349958897, 0.016134178265929222]"
F176,"[0.035067301243543625, 0.11230814456939697, 0.03555895760655403, 0.01212364248931408, 0.037286609411239624, 0.04076838120818138, 0.01677044667303562, 0.014111651107668877, 0.07538920640945435, 0.065156951546669, 0.08543039858341217, 0.08549930900335312, 0.05434541404247284, 0.03259370103478432, 0.04700504615902901, 0.03882676735520363, 0.03537633270025253, 0.11307405680418015, 0.0708014965057373, 0.07503079622983932, 0.07140692323446274, 0.059751156717538834, 0.046000149101018906, 0.04620218649506569, 0.06460753828287125, 0.07678356766700745, 0.0565824992954731, 0.0002649766393005848, 0.00454577524214983, 0.05214550718665123, 0.017156589776277542, 0.011560620740056038, 0.01638806238770485, 0.05566837266087532, 0.0599077083170414, 0.002702689729630947, 0.08229006826877594, 0.04083656519651413, 0.017214899882674217, 0.04145466163754463, 0.03189603239297867, 0.007626903243362904, 0.07003838568925858, 0.053179383277893066, 0.03595475107431412, 0.08538379520177841, 0.0011224175104871392, 0.03448696807026863, 0.10010282695293427, 0.08757529407739639, 0.09644228965044022, 0.00711103668436408, 0.06916698813438416, 0.013695587404072285, 0.06880467385053635, 0.023394331336021423, 0.04325000196695328, 0.036043714731931686, 0.07085348665714264, 0.004453540779650211, 0.0062939017079770565, 0.03132699057459831, 0.07294686883687973, 0.008630605414509773, 0.017071682959794998, 0.010208372958004475, 0.04566236585378647, 0.005024577025324106, 0.04152399301528931, 0.0370689257979393, 0.01706787198781967, 0.04003478214144707, 0.019108165055513382, 0.0059313043020665646, 0.07533485442399979, 0.05438457801938057, 0.03021511249244213, 0.01571512222290039, 0.030218234285712242, 0.0551128126680851, 0.05516200140118599, 0.05024798586964607, 0.1154322475194931, 0.11332891881465912, 0.04785846546292305, 0.0026878679636865854, 0.04583905264735222, 0.0761473998427391, 0.07975891977548599, 0.06123872101306915, 0.06560203433036804, 0.00048277064342983067, 0.02621963992714882, 0.04489602521061897, 0.08349940925836563, 0.02481772005558014, 0.04129308462142944, 0.04129759967327118, 0.02678532339632511, 0.06718918681144714, 0.033935997635126114, 0.06255009770393372, 0.008615157566964626, 0.053146906197071075, 0.07185664027929306, 0.11696681380271912, 0.08963708579540253, 0.005042087286710739, 0.022753119468688965, 0.10238772630691528, 0.05232320353388786, 0.06184501200914383, 0.014227835461497307, 0.0571509525179863, 0.06559576094150543, 0.07447844743728638, 0.09028029441833496, 0.004011748358607292, 0.0369204543530941, 0.011179021559655666, 0.08858688920736313, 0.037606917321681976, 0.002096868120133877, 0.08870258182287216, 0.057896923273801804, 0.018138665705919266, 0.08108500391244888, 0.04262391850352287]"
F177,"[0.000496278575155884, 0.18272604048252106, 0.05295874550938606, 0.05284247547388077, 0.06535036116838455, 0.03434488922357559, 0.0483662374317646, 0.06491553783416748, 0.15935198962688446, 0.05170467868447304, 0.11951983720064163, 0.02455504983663559, 0.08108815550804138, 0.15518544614315033, 0.010068245232105255, 0.14448636770248413, 0.021344060078263283, 0.009497173130512238, 0.09553229063749313, 0.057014741003513336, 0.10489984601736069, 0.04004032164812088, 0.01017504371702671, 0.0928630530834198, 0.014244060963392258, 0.029887905344367027, 0.04575224965810776, 0.005767711438238621, 0.013009496033191681, 0.0031574598979204893, 0.12927646934986115, 0.033473167568445206, 0.14490656554698944, 0.1355491280555725, 0.12443311512470245, 0.058445096015930176, 0.026398565620183945, 0.10673894733190536, 0.09347505122423172, 0.03682113438844681, 0.009802502579987049, 0.021004680544137955, 0.09887581318616867, 0.010425826534628868, 0.08044885843992233, 0.011492677964270115, 0.009909997694194317, 0.02393854781985283, 0.08400771021842957, 0.025816626846790314, 0.027453100308775902, 0.06478017568588257, 0.06879517436027527, 0.025643272325396538, 0.023879604414105415, 0.03016677312552929, 0.03627493977546692, 0.020834842696785927, 0.025660814717411995, 0.0009156917803920805, 0.08805321156978607, 0.010034170001745224, 0.04536012187600136, 0.12963232398033142, 0.09781940281391144, 0.13091963529586792, 0.07388581335544586, 0.07707032561302185, 0.025706792250275612, 0.11262945830821991, 0.10973641276359558, 0.11147090792655945, 0.010358751751482487, 0.005370591301470995, 0.11442327499389648, 0.0580921433866024, 0.04287387803196907, 0.02036006934940815, 0.1197330504655838, 0.05605432763695717, 0.06262180954217911, 0.02195851318538189, 0.012242203578352928, 0.09671691805124283, 0.07722552865743637, 0.02352975308895111, 0.02258259430527687, 0.054981529712677, 0.04085680469870567, 0.03719533979892731, 0.08434705436229706, 0.10706745088100433, 0.16528044641017914, 0.02556905522942543, 0.009600391611456871, 0.03257747367024422, 0.011473273858428001, 0.1071479469537735, 0.029140109196305275, 0.07578666508197784, 0.175340473651886, 0.03921831399202347, 0.11322483420372009, 0.05805452913045883, 0.10161582380533218, 0.11622384190559387, 0.04142787680029869, 0.06364259123802185, 0.08653279393911362, 0.020611736923456192, 0.06516102701425552, 0.11329898238182068, 0.056671787053346634, 0.005733504891395569, 0.08458701521158218, 0.023840254172682762, 0.02633906528353691, 0.13096624612808228, 0.07737269252538681, 0.02171340584754944, 0.0604306161403656, 0.062065474689006805, 0.050238236784935, 0.0665266290307045, 0.044036466628313065, 0.14621219038963318, 0.08324446529150009, 0.03773467615246773]"
F178,"[0.22248345613479614, 0.12272288650274277, 0.15627427399158478, 0.18031539022922516, 0.18036894500255585, 0.2227901965379715, 0.26726147532463074, 0.2328893393278122, 0.14115501940250397, 0.15841691195964813, 0.1394854635000229, 0.08678057789802551, 0.0671992376446724, 0.05242028832435608, 0.21005797386169434, 0.024178361520171165, 0.03372855857014656, 0.03546716272830963, 0.09200411289930344, 0.1155756264925003, 0.19433940947055817, 0.011424057185649872, 0.049851786345243454, 0.11550231277942657, 0.009542971849441528, 0.11191075295209885, 0.06468096375465393, 0.007235977798700333, 0.1575091928243637, 0.005770580843091011, 0.01272553764283657, 0.016473252326250076, 0.19247297942638397, 0.03345099091529846, 0.11050277203321457, 0.1855393946170807, 0.2458983063697815, 0.08765783160924911, 0.1425744742155075, 0.15796232223510742, 0.01779206469655037, 0.16510307788848877, 0.1441439986228943, 0.15742680430412292, 0.17158222198486328, 0.21037764847278595, 0.1261252760887146, 0.14135552942752838, 0.23130573332309723, 0.22799383103847504, 0.01319384016096592, 0.0367281548678875, 0.2092864215373993, 0.1091705858707428, 0.14467473328113556, 0.12558914721012115, 0.10087214410305023, 0.1546391248703003, 0.08518804609775543, 0.0762644037604332, 0.12655821442604065, 0.09220197796821594, 0.23252670466899872, 0.07937174290418625, 0.0015597781166434288, 0.1265595406293869, 0.1050947830080986, 0.024057425558567047, 0.1893099993467331, 0.1863323450088501, 0.17845942080020905, 0.12166149914264679, 0.06585770845413208, 0.10632560402154922, 0.06910726428031921, 0.1157507598400116, 0.266816109418869, 0.06049250811338425, 0.21012111008167267, 0.12231774628162384, 0.007813148200511932, 0.13739819824695587, 0.09162627905607224, 0.01215037889778614, 0.07148943096399307, 0.03243602439761162, 0.1319030076265335, 0.20405983924865723, 0.03965136781334877, 0.018506210297346115, 0.017497969791293144, 0.11897622048854828, 0.11759601533412933, 0.14101749658584595, 0.048026349395513535, 0.21621958911418915, 0.07018575817346573, 0.1318798065185547, 0.13174380362033844, 0.15663155913352966, 0.13444550335407257, 0.008895264938473701, 0.009270796552300453, 0.19172002375125885, 0.04257943481206894, 0.11034436523914337, 0.16469521820545197, 0.15210482478141785, 0.12767982482910156, 0.009817911311984062, 0.14413303136825562, 0.06592745333909988, 0.009377500973641872, 0.20242606103420258, 0.16136454045772552, 0.0408383347094059, 0.040202487260103226, 0.01941382698714733, 0.09358081221580505, 0.04633297398686409, 0.08558788895606995, 0.019326185807585716, 0.16710303723812103, 0.03711393475532532, 0.07460399717092514, 0.10696772485971451, 0.21289919316768646, 0.11670845001935959]"
F179,"[0.17936821281909943, 0.18339575827121735, 0.0019346069311723113, 0.20424990355968475, 0.0814976617693901, 0.09302022308111191, 0.15515176951885223, 0.12228982895612717, 0.24187925457954407, 0.028277907520532608, 0.12595558166503906, 0.11422866582870483, 0.0945885106921196, 0.026093672960996628, 0.1302027851343155, 0.026852121576666832, 0.06985676288604736, 0.04523361846804619, 0.08687770366668701, 0.13230179250240326, 0.16164150834083557, 0.05585208535194397, 0.1622089147567749, 0.25286832451820374, 0.04565192013978958, 0.17743782699108124, 0.0694645568728447, 0.05566941946744919, 0.2286277413368225, 0.04826481267809868, 0.1695856750011444, 0.023049939423799515, 0.18743646144866943, 0.0008004854898899794, 0.22137120366096497, 0.17502081394195557, 0.20674534142017365, 0.22060491144657135, 0.16952456533908844, 0.0018697782652452588, 0.10264216363430023, 0.03459765389561653, 0.2930234968662262, 0.07155270129442215, 0.2505662441253662, 0.09818443655967712, 0.0655052438378334, 0.18620096147060394, 0.22477950155735016, 0.10132702440023422, 0.09350007027387619, 0.11427407711744308, 0.2839091122150421, 0.1299464851617813, 0.11068946123123169, 0.07665333896875381, 0.07077781856060028, 0.26091432571411133, 0.06474021822214127, 0.2188887894153595, 0.018443532288074493, 0.12827008962631226, 0.039977770298719406, 0.16356658935546875, 0.012306923978030682, 0.19190354645252228, 0.03399289399385452, 0.001689033000729978, 0.22336836159229279, 0.18580342829227448, 0.058406028896570206, 0.08118721842765808, 0.012933243997395039, 0.14369237422943115, 0.16979943215847015, 0.0672430470585823, 0.23146061599254608, 0.07526210695505142, 0.11829404532909393, 0.13902488350868225, 0.0584307424724102, 0.1734575480222702, 0.2136213183403015, 0.1009264811873436, 0.15177659690380096, 0.07686029374599457, 0.07389815896749496, 0.17193467915058136, 0.010130070149898529, 0.045530568808317184, 0.10249810665845871, 0.16857382655143738, 0.13804888725280762, 0.04632267728447914, 0.02635814994573593, 0.09064605087041855, 0.01779712364077568, 0.09091541171073914, 0.12742158770561218, 0.08491553366184235, 0.17680370807647705, 0.1142851933836937, 0.08832409232854843, 0.18090477585792542, 0.03900400549173355, 0.20298907160758972, 0.1788676232099533, 0.2228608876466751, 0.023640844970941544, 0.07749824225902557, 0.02413446269929409, 0.08936338871717453, 0.08430697023868561, 0.21229775249958038, 0.1989763081073761, 0.04001006484031677, 0.06979717314243317, 0.11195965111255646, 0.10374058037996292, 0.041320718824863434, 0.03684850409626961, 0.1418534815311432, 0.08989858627319336, 0.13747559487819672, 0.15869097411632538, 0.21160005033016205, 0.15497419238090515, 0.1593654304742813]"
F180,"[0.04726773127913475, 0.049971602857112885, 0.03223699331283569, 0.030476126819849014, 0.015197079628705978, 0.03747615963220596, 0.02869587205350399, 0.02750481851398945, 0.03768472373485565, 0.03251147270202637, 0.02942519076168537, 0.0605769157409668, 0.013342608697712421, 0.048876550048589706, 0.06588007509708405, 0.07132746279239655, 0.008493214845657349, 0.04469498246908188, 0.012277941219508648, 0.03224789723753929, 0.05882558971643448, 0.053137071430683136, 0.033839840441942215, 0.03261983022093773, 0.09302090108394623, 0.04877734184265137, 0.07826846837997437, 0.02702411450445652, 0.055104855448007584, 0.024544909596443176, 0.0383426770567894, 0.0759238600730896, 0.007432535756379366, 0.042675286531448364, 0.06300698220729828, 0.05307380482554436, 0.029983799904584885, 0.004106101114302874, 0.03151566535234451, 0.06868430972099304, 0.05009552836418152, 0.06237463653087616, 0.012305655516684055, 0.04275660961866379, 0.03412502631545067, 0.0341518260538578, 0.07695172727108002, 0.023011870682239532, 0.028340980410575867, 0.03916196525096893, 0.0038387319073081017, 0.0008866707212291658, 0.01710072159767151, 0.016289280727505684, 0.023133400827646255, 0.01369956973940134, 0.06686494499444962, 0.07842185348272324, 0.011554490774869919, 0.07547555863857269, 0.029140925034880638, 0.020282886922359467, 0.055860865861177444, 0.08239711821079254, 0.006925099063664675, 0.005905553232878447, 0.057811785489320755, 0.026960236951708794, 0.016918011009693146, 0.034255847334861755, 0.0442771278321743, 0.041827037930488586, 0.001764758606441319, 0.105262391269207, 0.01673188991844654, 0.005390690173953772, 0.0011724125361070037, 0.08375382423400879, 0.08593101799488068, 0.016385966911911964, 0.02882816083729267, 0.06605006009340286, 0.07421623915433884, 0.059882309287786484, 0.07140471786260605, 0.04550626501441002, 0.05102894455194473, 0.08127706497907639, 0.011099481023848057, 0.05940631777048111, 0.033124230802059174, 0.05643821135163307, 0.04915383830666542, 0.032460130751132965, 0.04099292680621147, 0.030323144048452377, 0.0071409922093153, 0.025836171582341194, 0.011039246805012226, 0.028818311169743538, 0.039447806775569916, 0.07167623192071915, 0.017018165439367294, 0.025542978197336197, 0.04825930669903755, 0.028835343196988106, 0.019048579037189484, 0.002683510771021247, 0.06403836607933044, 0.05492701008915901, 0.024251846596598625, 0.04680297523736954, 0.020581962540745735, 0.039803389459848404, 0.012432293966412544, 0.02839013747870922, 0.011693243868649006, 0.0010910574346780777, 0.07297644764184952, 0.026829304173588753, 0.019552309066057205, 0.05010054260492325, 0.01419689878821373, 0.015340529382228851, 0.05105867236852646, 0.005618216935545206, 0.004959544632583857, 0.09422444552183151]"
F181,"[0.11432387679815292, 0.0024029111955314875, 0.056316882371902466, 0.03980531916022301, 0.006333046592772007, 0.051577240228652954, 0.053286660462617874, 0.08678394556045532, 0.011426964774727821, 0.047257233411073685, 0.00660922285169363, 0.006557012442499399, 0.05838116630911827, 0.08879268914461136, 0.04686114192008972, 0.014099908992648125, 0.02754848636686802, 0.04054218530654907, 0.011482481844723225, 0.05407905578613281, 0.005321615841239691, 0.022506821900606155, 0.11642783135175705, 0.0183776393532753, 0.0717327743768692, 0.021082952618598938, 0.01089391391724348, 0.008180364035069942, 0.02809028886258602, 0.004106512293219566, 0.010840199887752533, 0.01325942762196064, 0.046418674290180206, 0.07157870382070541, 0.03716381639242172, 0.03533026576042175, 0.002882622415199876, 0.010491193272173405, 0.05165961757302284, 0.043803323060274124, 0.03785417973995209, 0.044237393885850906, 0.05313354730606079, 0.08355267345905304, 0.0166378952562809, 0.08488206565380096, 0.0028846669010818005, 0.08312395215034485, 0.05869685485959053, 0.06615933775901794, 0.025710487738251686, 0.0017899558879435062, 0.09850583970546722, 0.004892562981694937, 0.01551780290901661, 0.0030897532124072313, 0.048812489956617355, 0.08122939616441727, 0.08501281589269638, 0.02890861965715885, 0.0024283495731651783, 0.011207671836018562, 0.05191238969564438, 0.010197807103395462, 0.0454251803457737, 0.03567908704280853, 0.04543118551373482, 0.08062753826379776, 0.021509254351258278, 0.026459824293851852, 0.05821090564131737, 0.027307160198688507, 0.10922542959451675, 0.017841726541519165, 0.008830012753605843, 0.09045562893152237, 0.010821854695677757, 0.013951892964541912, 0.033706653863191605, 0.021074026823043823, 0.049042943865060806, 0.03198295086622238, 0.08403673022985458, 0.004405075218528509, 0.03331521525979042, 0.013809461146593094, 0.039840683341026306, 0.02530066668987274, 0.023954162374138832, 0.10671485215425491, 0.023645447567105293, 0.0068187047727406025, 0.017875950783491135, 0.08600641787052155, 0.07035212218761444, 0.0015809007454663515, 0.08846373111009598, 0.04576226696372032, 0.0687279999256134, 0.011553388088941574, 0.004841501358896494, 0.06412845104932785, 0.0010117562487721443, 0.005698839668184519, 0.03449629247188568, 0.08703538030385971, 0.015352511778473854, 0.10336311161518097, 0.05757058039307594, 0.04851685091853142, 0.009629670530557632, 0.08304242044687271, 0.0688118115067482, 0.10259628295898438, 0.06947077065706253, 0.06737302243709564, 0.02238433063030243, 0.052712030708789825, 0.0651688501238823, 0.026560548692941666, 0.09176802635192871, 0.06567732244729996, 0.054173026233911514, 0.08198466151952744, 0.056729961186647415, 0.0056068748235702515, 0.0017943385755643249, 0.02530572935938835]"
F182,"[0.031871821731328964, 0.09234499931335449, 0.01153403241187334, 0.04462365806102753, 0.060090962797403336, 0.19117653369903564, 0.17203274369239807, 0.1772364228963852, 0.1592492014169693, 0.040423229336738586, 0.12801852822303772, 0.07890502363443375, 0.13965772092342377, 0.000868932984303683, 0.05968930944800377, 0.08289187401533127, 0.10068866610527039, 0.026629935950040817, 0.06614214181900024, 0.015035250224173069, 0.157364159822464, 0.09085274487733841, 0.04993535950779915, 0.05373768135905266, 0.05159268155694008, 0.16901865601539612, 0.12638990581035614, 0.0029769998509436846, 0.026478435844182968, 0.12712612748146057, 0.005121961236000061, 0.0037833915557712317, 0.03484916314482689, 0.03002074733376503, 0.15386012196540833, 0.016827713698148727, 0.14493249356746674, 0.1338394731283188, 0.004084290936589241, 0.18111659586429596, 0.14748689532279968, 0.11644228547811508, 0.049365803599357605, 0.053240690380334854, 0.08791901171207428, 0.10889053344726562, 0.15782584249973297, 0.15841622650623322, 0.1763686090707779, 0.010783202946186066, 0.019552655518054962, 0.03314220532774925, 0.016812963411211967, 0.0045683011412620544, 0.012693745084106922, 0.07716533541679382, 0.022207966074347496, 0.14804771542549133, 0.012805159203708172, 0.10606062412261963, 0.18208053708076477, 0.04427380487322807, 0.11913043260574341, 0.17492003738880157, 0.11909589171409607, 0.0018683536909520626, 0.018754368647933006, 0.1013140007853508, 0.1797165721654892, 0.04570063203573227, 0.17629855871200562, 0.05804947018623352, 0.19917161762714386, 0.09848865121603012, 0.00875676516443491, 0.014093946665525436, 0.0392720028758049, 0.02822522260248661, 0.17016738653182983, 0.17774181067943573, 0.09705853462219238, 0.09599339962005615, 0.1036839634180069, 0.13333213329315186, 0.06986752152442932, 0.14140628278255463, 0.07642680406570435, 0.18178340792655945, 0.006338478997349739, 0.09051498025655746, 0.014685684815049171, 0.17924447357654572, 0.19183652102947235, 0.026233525946736336, 0.0747162252664566, 0.06757908314466476, 0.05494804307818413, 0.10198193043470383, 0.0658356174826622, 0.10721942782402039, 0.10443278402090073, 0.012800517491996288, 0.08146416395902634, 0.04184725135564804, 0.02100653015077114, 0.16562041640281677, 0.04943224787712097, 0.028634676709771156, 0.019231019541621208, 0.14649194478988647, 0.16676299273967743, 0.04206472262740135, 0.03918277844786644, 0.08575023710727692, 0.16157935559749603, 0.08308474719524384, 0.07491689175367355, 0.0635157972574234, 0.049108702689409256, 0.1865890771150589, 0.06471116840839386, 0.07252949476242065, 0.062093764543533325, 0.029809394851326942, 0.009732402861118317, 0.11897072941064835, 0.09283027052879333, 0.12742771208286285]"
F183,"[0.08232066035270691, 0.03859860822558403, 0.01842455193400383, 0.06085553765296936, 0.0766044557094574, 0.048740554600954056, 0.11426603049039841, 0.06493089348077774, 0.09580700099468231, 0.006372541189193726, 0.08674170821905136, 0.042085789144039154, 0.03123551234602928, 0.08300618082284927, 0.016266483813524246, 0.00391039764508605, 0.0007597993244417012, 0.13292382657527924, 0.046163883060216904, 0.03968396037817001, 0.014620603062212467, 0.066312275826931, 0.04432724788784981, 0.11096147447824478, 0.0347699299454689, 0.030265122652053833, 0.005896009970456362, 0.01060248352587223, 0.0006839454872533679, 0.036440592259168625, 0.06407348066568375, 0.08463578671216965, 0.15744541585445404, 0.002566699171438813, 0.05536629632115364, 0.04880444332957268, 0.12132841348648071, 0.08185777068138123, 0.07434514909982681, 0.06451039016246796, 0.08100566267967224, 0.05433696135878563, 0.05715246498584747, 0.0553961917757988, 0.029986687004566193, 0.07726482301950455, 0.013753959909081459, 0.022489523515105247, 0.14835834503173828, 0.1054161787033081, 0.07700911909341812, 0.06676404178142548, 0.023848500102758408, 0.1259516179561615, 0.03751556947827339, 0.00456274813041091, 0.04489047825336456, 0.027717290446162224, 0.02463318593800068, 0.047291867434978485, 0.13079646229743958, 0.008330469951033592, 0.0041875336319208145, 0.024789389222860336, 0.05598830059170723, 0.055675581097602844, 0.05500863119959831, 0.05076253041625023, 0.06155584007501602, 0.020944958552718163, 0.06194256991147995, 0.037977635860443115, 0.1303163766860962, 0.06977058202028275, 0.017370667308568954, 0.07722389698028564, 0.04523312300443649, 0.06807338446378708, 0.009516141377389431, 0.12210489809513092, 0.0878169983625412, 0.05057499557733536, 0.021589701995253563, 0.08774124830961227, 0.024193044751882553, 0.02767917513847351, 0.07833010703325272, 0.05113549530506134, 0.05995519831776619, 0.06258368492126465, 0.040137216448783875, 0.12407228350639343, 0.06333089619874954, 0.02623099274933338, 0.024882091209292412, 0.11118165403604507, 0.09856022894382477, 0.02799326181411743, 0.09967746585607529, 0.029056653380393982, 0.01733371429145336, 0.034923531115055084, 0.01638205535709858, 0.09515105932950974, 0.0557439923286438, 0.0023643323220312595, 0.09909638017416, 0.15588535368442535, 0.022084329277276993, 0.06977507472038269, 0.0066941906698048115, 0.04524001479148865, 0.04378369078040123, 0.11136820912361145, 0.13904038071632385, 0.09859650582075119, 0.060391899198293686, 0.0037786043249070644, 0.07701096683740616, 0.04012078419327736, 0.12396509945392609, 0.021999701857566833, 0.0715923085808754, 0.0834178626537323, 0.018113715574145317, 0.05358744412660599, 0.0800824910402298, 0.08691243827342987]"
F184,"[0.009598885662853718, 0.027304241433739662, 0.010409378446638584, 0.04907514154911041, 0.014458626508712769, 0.0028684893622994423, 0.020708099007606506, 0.011942247860133648, 0.01263175904750824, 0.02035442180931568, 0.030287334695458412, 0.015029017813503742, 0.008510569110512733, 0.02121897041797638, 0.019295984879136086, 0.022360909730196, 0.008826314471662045, 0.006778901908546686, 0.017665445804595947, 0.0011330591514706612, 0.01508583128452301, 0.015839822590351105, 0.022386925294995308, 0.014521680772304535, 0.010008358396589756, 0.018451916053891182, 0.011856870725750923, 0.010242755524814129, 0.02450745925307274, 0.008113295771181583, 0.03166680410504341, 0.021141210570931435, 0.02628161571919918, 0.0028683776035904884, 0.03735699504613876, 0.006954026408493519, 0.01406512875109911, 0.002188913756981492, 0.02107585035264492, 0.020457103848457336, 0.03431873768568039, 0.019765641540288925, 0.011966199614107609, 0.015096459537744522, 0.03336269035935402, 0.03318806365132332, 0.023934418335556984, 0.004282212350517511, 0.03421058878302574, 0.02684079483151436, 0.046628501266241074, 0.03182061389088631, 0.02776349149644375, 0.044829197227954865, 0.02928156964480877, 0.023889781907200813, 0.01871909201145172, 0.013718394562602043, 0.0007826838409528136, 0.04647311195731163, 0.003985694143921137, 0.016272634267807007, 0.012437188997864723, 0.0401630662381649, 0.03697681054472923, 0.007085115648806095, 0.03666025027632713, 0.008542831987142563, 0.011459886096417904, 0.0026161002460867167, 0.01757858507335186, 0.025217801332473755, 0.01241274829953909, 0.027730463072657585, 0.04046310484409332, 0.029958166182041168, 0.000898290250916034, 0.0071108038537204266, 0.00641079805791378, 0.010992560535669327, 0.03640182316303253, 0.03649597987532616, 0.016480159014463425, 0.001379393506795168, 0.019695892930030823, 0.0024092979729175568, 0.022806640714406967, 0.010256507433950901, 0.0016923523508012295, 0.015621030703186989, 0.022947674617171288, 0.040178101509809494, 0.030909812077879906, 0.011495236307382584, 0.027776947245001793, 0.004753759130835533, 0.015475615859031677, 0.04038265347480774, 0.01998770795762539, 0.03599211946129799, 0.037010375410318375, 0.04179918393492699, 0.0022138210479170084, 0.025095727294683456, 0.03044833615422249, 0.006200135685503483, 0.03159751743078232, 0.026369962841272354, 0.01349305734038353, 0.029368402436375618, 0.024821730330586433, 0.02952457405626774, 0.024079836905002594, 0.028761668130755424, 0.011511527933180332, 0.034736163914203644, 0.02937423437833786, 0.012380190193653107, 0.02801293134689331, 0.009147705510258675, 0.02415030263364315, 0.036867063492536545, 0.017727382481098175, 0.0024053738452494144, 0.00833941251039505, 0.02236785925924778, 0.016579505056142807, 0.01398446038365364]"
F185,"[0.007722232025116682, 0.011618005111813545, 0.03027997724711895, 0.01573839783668518, 0.003182807704433799, 0.015776272863149643, 0.007887967862188816, 0.02592354640364647, 0.02244880422949791, 0.021584847941994667, 0.005294472444802523, 0.006148999556899071, 0.022102322429418564, 0.014127498492598534, 0.004218702204525471, 0.02710784785449505, 0.0233013853430748, 0.02329830266535282, 0.01439078338444233, 0.020418833941221237, 0.012186511419713497, 0.020795881748199463, 0.023399652913212776, 0.0062852948904037476, 0.0013202654663473368, 0.007690634112805128, 0.009700373746454716, 0.027932194992899895, 0.0018228924600407481, 0.01576799713075161, 0.013784735463559628, 0.024650944396853447, 0.005649208556860685, 0.006465977057814598, 0.0033631387632340193, 0.001787253306247294, 0.013861429877579212, 0.004291757009923458, 0.006600468885153532, 0.014848487451672554, 0.0007730817305855453, 0.010423666797578335, 0.0035948941949754953, 0.007993780076503754, 0.008908569812774658, 0.025328895077109337, 0.026718009263277054, 0.0035263721365481615, 9.805706940824166e-05, 0.015264959074556828, 0.011954938992857933, 0.02401900291442871, 0.015027221292257309, 0.025043832138180733, 0.012045392766594887, 0.006512729451060295, 0.024606840685009956, 0.01714000105857849, 0.013779290951788425, 0.00907666515558958, 0.010004204697906971, 0.02097310498356819, 0.006265518255531788, 0.028141405433416367, 0.010073396377265453, 0.005426132585853338, 0.011222634464502335, 0.007492288947105408, 0.00028927469975315034, 0.01987205073237419, 0.011186466552317142, 0.01872136816382408, 0.00851251371204853, 0.0045332168228924274, 0.005818921606987715, 0.018741529434919357, 0.013822956942021847, 0.020462164655327797, 0.026008697226643562, 0.016860058531165123, 0.009564406238496304, 0.0028778957203030586, 0.016102921217679977, 0.031981583684682846, 0.0038320578169077635, 0.016279257833957672, 0.01204909011721611, 0.006167714949697256, 0.01989954523742199, 0.03214864805340767, 0.013263861648738384, 0.009254412725567818, 0.00022492217249237, 0.00025859737070277333, 0.004823348019272089, 0.007368300575762987, 0.013854850083589554, 0.00990054477006197, 0.02245325595140457, 0.01571129634976387, 0.0032189947087317705, 0.012454637326300144, 0.0008567555341869593, 0.006137035321444273, 0.004681682679802179, 0.006160455290228128, 0.029608311131596565, 0.008363678120076656, 0.000893732940312475, 0.013730756007134914, 0.00950635876506567, 0.0029627832118421793, 0.02210051938891411, 0.0012131567345932126, 0.01297086849808693, 0.00041372442501597106, 0.009667882695794106, 0.028703687712550163, 0.009985381737351418, 0.004826970398426056, 0.0115156639367342, 0.004329313524067402, 0.02240290492773056, 0.010340710170567036, 0.024809222668409348, 0.006311948876827955, 0.025982527062296867, 0.014441678300499916]"
F186,"[0.0723472610116005, 0.0003739733074326068, 0.08464574813842773, 0.017638901248574257, 0.04346110299229622, 0.007635204121470451, 0.09630592167377472, 0.019120201468467712, 0.10145613551139832, 0.038809895515441895, 0.06824352592229843, 0.048315007239580154, 0.05099256709218025, 0.11559680104255676, 0.043659284710884094, 0.03821764513850212, 0.05004197731614113, 0.017661767080426216, 0.03193679824471474, 0.07846462726593018, 0.11385553330183029, 0.011987385340034962, 0.04196576029062271, 0.08486231416463852, 0.025796877220273018, 0.04050645977258682, 0.008972138166427612, 0.038922347128391266, 0.007087324280291796, 0.02843579277396202, 0.008128508925437927, 0.021383943036198616, 0.08933746814727783, 0.015882272273302078, 0.007421589456498623, 0.07982505857944489, 0.07103454321622849, 0.08601143956184387, 0.005878076888620853, 0.0588865727186203, 0.033079564571380615, 0.04126505181193352, 0.010167567059397697, 0.06822022050619125, 0.024470802396535873, 0.005314723588526249, 0.037200991064310074, 0.06287065893411636, 0.05604391172528267, 0.01339898444712162, 0.02589474990963936, 0.006366095971316099, 0.09721467643976212, 0.046701472252607346, 0.04852868244051933, 0.07504455000162125, 0.10321514308452606, 0.0652782991528511, 0.038554031401872635, 0.0038532367907464504, 0.08906836062669754, 0.026506269350647926, 0.06561452150344849, 0.03858423978090286, 0.024424398317933083, 0.08819899708032608, 0.03470291569828987, 0.0481647327542305, 0.049491312354803085, 0.03975192457437515, 0.031371522694826126, 0.0533832348883152, 0.06254303455352783, 0.06799177080392838, 0.04053639620542526, 0.06459996104240417, 0.08678090572357178, 0.03928259387612343, 0.06474389135837555, 0.03695465251803398, 0.04757983982563019, 0.06289952248334885, 0.06622547656297684, 0.02802180126309395, 0.02202906645834446, 0.10063452273607254, 0.04394582286477089, 0.0021837109234184027, 0.022601952776312828, 0.03003093972802162, 0.089340940117836, 0.03869329392910004, 0.05149492621421814, 0.04322057217359543, 0.024949541315436363, 0.0288072619587183, 0.004185233730822802, 0.061188455671072006, 0.02557668462395668, 0.05960725620388985, 0.06319905072450638, 0.038387231528759, 0.016521597281098366, 0.027576392516493797, 0.03590130805969238, 0.03433752804994583, 0.048737626522779465, 0.0544343963265419, 0.05614955723285675, 0.012122527696192265, 0.02084723487496376, 0.07015533000230789, 0.010462784208357334, 0.06358689814805984, 0.11643344163894653, 0.08064304292201996, 0.011670364998281002, 0.07243085652589798, 0.04986850172281265, 0.08648283034563065, 0.051360681653022766, 0.0586186982691288, 0.019261877983808517, 0.0002655847929418087, 0.06458403915166855, 0.07437288016080856, 0.07587441802024841, 0.028649842366576195]"
F187,"[0.06834760308265686, 0.07483445107936859, 0.029936233535408974, 0.029725059866905212, 0.04999225214123726, 0.019356463104486465, 0.021030252799391747, 0.005749418865889311, 0.13116557896137238, 0.03714651241898537, 0.027026839554309845, 0.0209044162184, 0.051730189472436905, 0.09620033949613571, 0.06818749755620956, 0.020640835165977478, 0.09549960494041443, 0.0537002868950367, 0.07107183337211609, 0.07196500897407532, 0.09301824867725372, 0.03912785276770592, 0.06872866302728653, 0.0801815539598465, 0.025704357773065567, 0.06670109927654266, 0.03983937203884125, 0.03113359771668911, 0.10399835556745529, 0.01801973581314087, 0.043230313807725906, 5.906617298023775e-05, 0.09726822376251221, 0.05983339622616768, 0.02989647537469864, 0.05358847603201866, 0.03760015591979027, 0.05427718535065651, 0.0012438037665560842, 0.00623641861602664, 0.09015590697526932, 0.018708381801843643, 0.01776716113090515, 0.02569829858839512, 0.04375627264380455, 0.03004898689687252, 0.008971665985882282, 0.0014622495509684086, 0.0030960997100919485, 0.01856277883052826, 0.07101986557245255, 0.0003285556158516556, 0.03169058635830879, 0.032047197222709656, 0.08560007810592651, 0.041987571865320206, 0.029175641015172005, 0.022268787026405334, 0.004012996796518564, 0.07365205883979797, 0.02075139991939068, 0.03527027368545532, 0.017777981236577034, 0.01040190365165472, 0.099707692861557, 0.019801991060376167, 0.04735804349184036, 0.09543485194444656, 0.07804079353809357, 0.07437226176261902, 0.018373169004917145, 0.04950522258877754, 0.056182511150836945, 0.12763869762420654, 0.04579612985253334, 0.048063550144433975, 0.12364581227302551, 0.11301819980144501, 0.07877886295318604, 0.030674053356051445, 0.031919125467538834, 0.11721991002559662, 0.06362026184797287, 0.051258526742458344, 0.06543844938278198, 0.05710220709443092, 0.0523219108581543, 0.02627265639603138, 0.09987802058458328, 0.0006379683036357164, 0.015498713590204716, 0.06410861760377884, 0.01297512836754322, 0.055583029985427856, 0.026723837479948997, 0.03035585768520832, 0.0071000042371451855, 0.006164983380585909, 0.07010897994041443, 0.004025374539196491, 0.016145039349794388, 0.07623762637376785, 0.06631824374198914, 0.0751330778002739, 0.05056125670671463, 0.06044942885637283, 0.08428683131933212, 0.04216423258185387, 0.09544216096401215, 0.009424110874533653, 0.009319175966084003, 0.007693680003285408, 0.010762377642095089, 0.02160453423857689, 0.10558514297008514, 0.020784182474017143, 0.09368481487035751, 0.03718419373035431, 0.04965054243803024, 0.07465923577547073, 0.058100149035453796, 0.07063411176204681, 0.06073034182190895, 0.044006723910570145, 0.03312606364488602, 0.03186577931046486, 0.011983395554125309, 0.05126160383224487]"
F188,"[0.1951911598443985, 0.06417502462863922, 0.0736674889922142, 0.09812707453966141, 0.07061019539833069, 0.14432522654533386, 0.1944483071565628, 0.10536494106054306, 0.05097559094429016, 0.08099138736724854, 0.1763492375612259, 0.14657345414161682, 0.07938991487026215, 0.08767271786928177, 0.13148055970668793, 0.011944199912250042, 0.11386531591415405, 0.004069472197443247, 0.18409889936447144, 0.17336413264274597, 0.04374248534440994, 0.05559639260172844, 0.09900753945112228, 0.05999879539012909, 0.053261127322912216, 0.11443803459405899, 0.03027399443089962, 0.00019238652021158487, 0.10139943659305573, 0.05770803987979889, 0.03907760977745056, 0.0967521145939827, 0.0900665670633316, 0.10289178788661957, 0.06506279855966568, 0.028011366724967957, 0.12374620139598846, 0.05926727503538132, 0.1257098913192749, 0.023735806345939636, 0.09419246017932892, 0.001878154929727316, 0.19846220314502716, 0.1483970582485199, 0.18128837645053864, 0.035715676844120026, 0.1542818695306778, 0.008938135579228401, 0.06199944019317627, 0.02659052237868309, 0.05177920684218407, 0.10262402147054672, 0.04970734566450119, 0.05358169227838516, 0.02233562432229519, 0.006975605618208647, 0.13932940363883972, 0.05494307354092598, 0.028745844960212708, 0.12006362527608871, 0.08144661784172058, 0.11271869391202927, 0.13421453535556793, 0.054335858672857285, 0.05504778400063515, 0.09983810782432556, 0.1372404396533966, 0.007073801476508379, 0.17065288126468658, 0.05944490432739258, 0.09951764345169067, 0.0006481031887233257, 0.02939935214817524, 0.05646798759698868, 0.05071515217423439, 0.0386345311999321, 0.19358424842357635, 0.048364363610744476, 0.16794829070568085, 0.044813793152570724, 0.033529654145240784, 0.02487480454146862, 0.03468989580869675, 0.03526991233229637, 0.012559161521494389, 0.026104822754859924, 0.20690470933914185, 0.2021714299917221, 0.09742387384176254, 0.03832749277353287, 0.018897630274295807, 0.05009022727608681, 0.1117558553814888, 0.009072140790522099, 0.1491623967885971, 0.10371144115924835, 0.027317402884364128, 0.19003218412399292, 0.043207962065935135, 0.1433390974998474, 0.050598543137311935, 0.034052662551403046, 0.021520566195249557, 0.11706279963254929, 0.061051685363054276, 0.19959215819835663, 0.010322965681552887, 0.04682788625359535, 0.0528755746781826, 0.16509971022605896, 0.02192196063697338, 0.030152397230267525, 0.01740509644150734, 0.09819617122411728, 0.20275214314460754, 0.018465880304574966, 0.014140809886157513, 0.07519662380218506, 0.035831648856401443, 0.12194330245256424, 0.05301345884799957, 0.021479303017258644, 0.04372696205973625, 0.027429133653640747, 0.11035522818565369, 0.05007259547710419, 0.11817751079797745, 0.07901526987552643]"
F189,"[0.11504875123500824, 0.1502358615398407, 0.0907219871878624, 0.22090578079223633, 0.17667299509048462, 0.23111896216869354, 0.07438186556100845, 0.15794163942337036, 0.21384519338607788, 0.035969968885183334, 0.22728562355041504, 0.10657807439565659, 0.0582679845392704, 0.1125493124127388, 0.10388946533203125, 0.05305444449186325, 0.1563916951417923, 0.06452881544828415, 0.022959988564252853, 0.06112910807132721, 0.11427478492259979, 0.054082948714494705, 0.08527028560638428, 0.13618235290050507, 0.02528521418571472, 0.21383287012577057, 0.008320345543324947, 0.009627929888665676, 0.08737603574991226, 0.0027246209792792797, 0.03491804003715515, 0.0705619752407074, 0.19021159410476685, 0.05591239780187607, 0.09830985963344574, 0.11392340809106827, 0.1301502287387848, 0.22930070757865906, 0.01471775397658348, 0.13760441541671753, 0.04033276066184044, 0.015719160437583923, 0.22511793673038483, 0.015333520248532295, 0.09653596580028534, 0.17322205007076263, 0.1636134684085846, 0.14200499653816223, 0.17877104878425598, 0.12735427916049957, 0.027916481718420982, 0.05386347323656082, 0.22055266797542572, 0.03839236870408058, 0.1423075646162033, 0.10694094002246857, 0.14266405999660492, 0.20234332978725433, 0.05848679691553116, 0.13518352806568146, 0.059424396604299545, 0.03926258534193039, 0.11022233217954636, 0.19970963895320892, 0.013464751653373241, 0.011121701449155807, 0.01432399358600378, 0.10387203097343445, 0.16779901087284088, 0.04614439234137535, 0.08121761679649353, 0.04662264883518219, 0.11001423001289368, 0.06265871226787567, 0.07616757601499557, 0.017166653648018837, 0.12381470203399658, 0.049731120467185974, 0.2188315987586975, 0.06404979526996613, 0.04431965947151184, 0.0686754658818245, 0.18302807211875916, 0.01991870068013668, 0.13992060720920563, 0.08358453959226608, 0.16183674335479736, 0.08734499663114548, 0.1178702861070633, 0.030379530042409897, 0.020103801041841507, 0.028158990666270256, 0.15302972495555878, 0.049763720482587814, 0.07971291989088058, 0.2112344354391098, 0.026712028309702873, 0.16556799411773682, 0.0895816832780838, 0.044374968856573105, 0.14951901137828827, 0.12698522210121155, 0.11980825662612915, 0.11833731085062027, 0.0005102065042592585, 0.09832966327667236, 0.0651126280426979, 0.22356651723384857, 0.015311753377318382, 0.1010710746049881, 0.0753423422574997, 0.016660001128911972, 0.08311805129051208, 0.21495135128498077, 0.07252876460552216, 0.09209899604320526, 0.02315637283027172, 0.0254941675812006, 0.018023274838924408, 0.10613313317298889, 0.043192483484745026, 0.012482065707445145, 0.025201676413416862, 0.17024792730808258, 0.15813572704792023, 0.09560319036245346, 0.11643389612436295, 0.020519593730568886]"
F190,"[0.04403635486960411, 0.0066210003569722176, 0.04204816371202469, 0.020343592390418053, 0.01596277952194214, 0.03570970520377159, 0.05392824858427048, 0.06875505298376083, 0.015430832281708717, 0.011934274807572365, 0.04151960462331772, 0.0338740348815918, 0.024214191362261772, 0.033443793654441833, 0.02259049564599991, 0.05116439238190651, 0.05021957680583, 0.06575025618076324, 0.00051413185428828, 0.008650332689285278, 0.024411318823695183, 0.025598349049687386, 0.03308529406785965, 0.052418846637010574, 0.024223335087299347, 0.08259354531764984, 0.013195812702178955, 0.07124222815036774, 0.029459655284881592, 0.018924642354249954, 0.058769237250089645, 0.03478524088859558, 0.009770773351192474, 0.03019091486930847, 0.04223727807402611, 0.07224091142416, 0.03258752077817917, 0.015902988612651825, 0.0014280907344073057, 0.04850059002637863, 0.0013866735389456153, 0.05602579563856125, 0.0008013485348783433, 0.00851690024137497, 0.04531615227460861, 0.03223853558301926, 0.037890952080488205, 0.07144578546285629, 0.0040582576766610146, 0.032076090574264526, 0.049786344170570374, 0.04582011699676514, 0.05183637514710426, 0.04072954133152962, 0.02651962637901306, 0.036955155432224274, 0.033506229519844055, 0.00044252871884964406, 0.10203076899051666, 0.011147515848279, 0.014832137152552605, 0.05011781305074692, 0.06932273507118225, 0.026158059015870094, 0.012630011886358261, 0.0656639039516449, 0.05013627931475639, 0.05128223076462746, 0.019077837467193604, 0.0756201222538948, 0.05605034530162811, 0.014460534788668156, 0.06357771158218384, 0.07938484847545624, 0.026250949129462242, 0.021221322938799858, 0.007309920620173216, 0.003951835446059704, 0.023454947397112846, 0.04681570455431938, 0.02161257527768612, 0.047419097274541855, 0.053835172206163406, 0.015100945718586445, 0.02314884029328823, 0.006136675365269184, 0.05611572787165642, 0.10991382598876953, 0.053263306617736816, 0.015052365139126778, 0.05998137593269348, 0.03197126463055611, 0.04239644855260849, 0.015985116362571716, 0.020300984382629395, 0.044203583151102066, 0.041089050471782684, 0.05483793839812279, 0.04760982468724251, 0.07209601998329163, 0.05851360037922859, 0.03268009424209595, 0.09123499691486359, 0.05913884937763214, 0.07633750885725021, 0.054524362087249756, 0.024431137368083, 0.0022027799859642982, 0.05863269045948982, 0.0020533984061330557, 0.08516863733530045, 0.0041656107641756535, 0.017584964632987976, 0.026170877739787102, 0.021172285079956055, 0.050377994775772095, 0.016234397888183594, 0.01958341710269451, 0.023775722831487656, 0.06860639154911041, 0.022866183891892433, 0.05541438236832619, 0.03885769471526146, 0.008155794814229012, 0.03857138752937317, 0.04733617603778839, 0.05331815406680107, 0.004436800722032785]"
F191,"[0.135146364569664, 0.007127712015062571, 0.0026212658267468214, 0.0472763255238533, 0.043614111840724945, 0.018261216580867767, 0.15267395973205566, 0.023585518822073936, 0.02840413898229599, 0.0361986979842186, 0.05426238477230072, 0.04778270423412323, 0.021733738481998444, 0.0011634205002337694, 0.10269656032323837, 0.05915839225053787, 0.012931467033922672, 0.01109593641012907, 0.049693409353494644, 0.022269951179623604, 0.11097811162471771, 0.1390046775341034, 0.10888611525297165, 0.03328505903482437, 0.006502698641270399, 0.014182268641889095, 0.10907799750566483, 0.028753358870744705, 0.04209236055612564, 0.030190452933311462, 0.05637132748961449, 0.009572787210345268, 0.07470746338367462, 0.025741325691342354, 0.05775156244635582, 0.05781121924519539, 0.039507556706666946, 0.046175871044397354, 0.06163737550377846, 0.012622281908988953, 0.08931715786457062, 0.000957453390583396, 0.060067180544137955, 0.06540688872337341, 0.02669615112245083, 0.06456439197063446, 0.11352658271789551, 0.020714599639177322, 0.14860723912715912, 0.013167780824005604, 0.051249124109745026, 0.058375388383865356, 0.009024430066347122, 0.048901982605457306, 0.15336225926876068, 0.04171393811702728, 0.07684239745140076, 0.10030601918697357, 0.03110535815358162, 0.08727648109197617, 0.07930444926023483, 0.08385557681322098, 0.09122147411108017, 0.07702892273664474, 0.10580696910619736, 0.0772753432393074, 0.017411574721336365, 0.05894020199775696, 0.0032324385829269886, 0.02500329166650772, 0.05443894863128662, 0.0966532751917839, 0.04762573912739754, 0.0035939656663686037, 0.13967084884643555, 0.17476998269557953, 0.071503646671772, 0.028523381799459457, 0.011056654155254364, 0.02178802154958248, 0.07650638371706009, 0.07476513087749481, 0.05677632987499237, 0.016771811991930008, 0.05031099170446396, 0.10500122606754303, 0.11323949694633484, 0.06943260878324509, 0.0140022411942482, 0.14438830316066742, 0.019728777930140495, 0.014598323032259941, 0.13396556675434113, 0.1215650886297226, 0.07054055482149124, 0.09652670472860336, 0.005603923462331295, 0.05162607878446579, 0.01887233927845955, 0.16018079221248627, 0.054071761667728424, 0.05232543870806694, 0.1458950787782669, 0.057864587754011154, 0.030447065830230713, 0.11115491390228271, 0.023497842252254486, 0.03825266286730766, 0.1270085722208023, 0.003197845770046115, 0.0193781778216362, 0.011741086840629578, 0.03258621692657471, 0.015413528308272362, 0.08178141713142395, 0.10193580389022827, 0.05284896865487099, 0.07326164841651917, 0.06728468835353851, 0.0037238523364067078, 0.08517297357320786, 0.07549481093883514, 0.061058640480041504, 0.00824923999607563, 0.04037453234195709, 0.1101423054933548, 0.04670003429055214, 0.017465082928538322]"
F192,"[0.006546822842210531, 0.056781597435474396, 0.09255089610815048, 0.12492116540670395, 0.03385886922478676, 0.026234731078147888, 0.12913088500499725, 0.08119405061006546, 0.06222883239388466, 0.04674637317657471, 0.006285167299211025, 0.002359547885134816, 0.033081039786338806, 0.07556650787591934, 0.01653791405260563, 0.06295843422412872, 0.02863301895558834, 0.031079279258847237, 0.11605798453092575, 0.023379135876893997, 0.12009420245885849, 0.044871456921100616, 0.018522176891565323, 0.03897980600595474, 0.0391872338950634, 0.01258497592061758, 0.009845740161836147, 0.0623384565114975, 0.007166154216974974, 0.031671371310949326, 0.03790392354130745, 0.024438979104161263, 0.0464056096971035, 0.09898436814546585, 0.0225356537848711, 0.09513888508081436, 0.011502321809530258, 0.06783382594585419, 0.05326300859451294, 0.04896972328424454, 0.03265242278575897, 0.03409259393811226, 0.08356177061796188, 0.011877669021487236, 0.11095203459262848, 0.1025911197066307, 0.055823683738708496, 0.021615739911794662, 0.05720844492316246, 0.05872870236635208, 0.06904172897338867, 0.02888393960893154, 0.004655441734939814, 0.014685610309243202, 0.07909198850393295, 0.022198332473635674, 0.01246982254087925, 0.01689787767827511, 0.07024497538805008, 0.038557205349206924, 0.03959096223115921, 0.11611195653676987, 0.09399226307868958, 0.026135170832276344, 0.040021561086177826, 0.04581407085061073, 0.06450303643941879, 0.08511245250701904, 0.0698365569114685, 0.08118196576833725, 0.08265222609043121, 0.006728981621563435, 0.12263655662536621, 0.03810271620750427, 0.035727761685848236, 0.052953075617551804, 0.00805485900491476, 0.05806944891810417, 0.026129664853215218, 0.09623602032661438, 0.0015373632777482271, 0.06024870648980141, 0.07072829455137253, 0.06573935598134995, 0.073233462870121, 0.11586625874042511, 0.0557362325489521, 0.010303867980837822, 0.05179984122514725, 0.05974692106246948, 0.0488184355199337, 0.036588456481695175, 0.0346391499042511, 0.020193831995129585, 0.028582902625203133, 0.011919050477445126, 0.003464499255642295, 0.06786984950304031, 0.11421994864940643, 0.10670754313468933, 0.022115180268883705, 0.020487437024712563, 0.014443034306168556, 0.05492125824093819, 0.10833681374788284, 0.04656732454895973, 0.0733417421579361, 0.012949158437550068, 0.08717254549264908, 0.04740418866276741, 0.06825181841850281, 0.07015720754861832, 0.12395457178354263, 0.0762157142162323, 0.07078573852777481, 0.06992414593696594, 0.007186552044004202, 0.008437861688435078, 0.0709129199385643, 0.021015923470258713, 0.026346758008003235, 0.043280210345983505, 0.13438861072063446, 0.06883671134710312, 0.10439326614141464, 0.021050244569778442, 0.012498650699853897, 0.09284619987010956]"
F193,"[0.0048603480681777, 0.046113211661577225, 0.02823474071919918, 0.0038170686457306147, 0.13982978463172913, 0.030036555603146553, 0.07303156703710556, 0.06264986842870712, 0.030627258121967316, 0.10954785346984863, 0.026133816689252853, 0.05334410071372986, 0.06203259527683258, 0.07606793940067291, 0.09079049527645111, 0.22119031846523285, 0.09305216372013092, 0.13008245825767517, 0.031474292278289795, 0.11622785776853561, 0.04613321274518967, 0.05351042002439499, 0.03889962285757065, 0.03259563818573952, 0.036276496946811676, 0.06289122998714447, 0.023532571271061897, 0.040399715304374695, 0.09518007189035416, 0.14135272800922394, 0.09244632720947266, 0.0777636244893074, 0.05918573960661888, 0.15063777565956116, 0.007897083647549152, 0.09178869426250458, 0.09853512793779373, 0.058050476014614105, 0.11426915228366852, 0.014540947042405605, 0.19367067515850067, 0.02532005123794079, 0.058138322085142136, 0.08788873255252838, 0.1066548302769661, 0.01705244742333889, 0.07253783941268921, 0.011930299922823906, 0.05781769007444382, 0.020775672048330307, 0.1367000937461853, 0.03317513316869736, 0.030012868344783783, 0.0074198003858327866, 0.12779419124126434, 0.13837771117687225, 0.02642741985619068, 0.07587193697690964, 0.11189230531454086, 0.058561090379953384, 0.08442781865596771, 0.003953653387725353, 0.09011436253786087, 0.02819572016596794, 0.16388127207756042, 0.14555995166301727, 0.0610920749604702, 0.138910710811615, 0.03687034547328949, 0.033489443361759186, 0.032721128314733505, 0.02490086480975151, 0.10951323062181473, 0.11205980181694031, 0.03418014571070671, 0.16112686693668365, 0.12771643698215485, 0.18829362094402313, 0.07773149013519287, 0.035838618874549866, 0.0641106367111206, 0.0987289771437645, 0.01859067939221859, 0.02964385785162449, 0.10506781935691833, 0.10757261514663696, 0.06471668183803558, 0.0075105587020516396, 0.020126480609178543, 0.16050387918949127, 0.06882006675004959, 0.056065697222948074, 0.01013602688908577, 0.0740896463394165, 0.08910392969846725, 0.047012507915496826, 0.019399598240852356, 0.004925278015434742, 0.0836503729224205, 0.07024136930704117, 0.022150453180074692, 0.03676839917898178, 0.06688611209392548, 0.017744354903697968, 7.042991637717932e-05, 0.07404553890228271, 0.041028521955013275, 0.07789760828018188, 0.02152513526380062, 0.12870778143405914, 0.08906183391809464, 0.005368488375097513, 0.07593879848718643, 0.013703872449696064, 0.031605854630470276, 0.14745654165744781, 0.03573240339756012, 0.14200635254383087, 0.1590421199798584, 0.004933252464979887, 0.13234753906726837, 0.04746852442622185, 0.07002546638250351, 0.09114235639572144, 0.07336746901273727, 0.05248112231492996, 0.009448078460991383, 0.01956130936741829]"
F194,"[0.031927648931741714, 0.026375943794846535, 0.0506589338183403, 0.022096341475844383, 0.0033147146459668875, 0.030163465067744255, 0.047295019030570984, 0.015926377847790718, 0.013396389782428741, 0.09954836964607239, 0.07511879503726959, 0.05677240341901779, 0.04070751368999481, 0.05420297756791115, 0.020677682012319565, 0.06785453110933304, 0.018981484696269035, 0.04592986777424812, 0.04698041453957558, 0.015096131712198257, 0.02420724555850029, 0.085626520216465, 0.022705426439642906, 0.05373077467083931, 0.10077996551990509, 0.012572739273309708, 0.0940430536866188, 0.02901598997414112, 0.024797983467578888, 0.06336384266614914, 0.03683409094810486, 0.08832646161317825, 0.00845145434141159, 0.0753803700208664, 0.0028263104613870382, 0.0410626046359539, 0.02907055802643299, 0.03806410729885101, 0.00026874785544350743, 0.04171047732234001, 0.06516335159540176, 0.00917833112180233, 0.07355869561433792, 0.04728882014751434, 0.08458784222602844, 0.05123976618051529, 0.042307205498218536, 0.07279074937105179, 0.016320444643497467, 0.050996117293834686, 0.055739644914865494, 0.058314159512519836, 0.029689224436879158, 0.0019898000173270702, 0.005491109099239111, 0.012717179954051971, 0.018923083320260048, 0.013131815940141678, 0.03305544704198837, 0.05103945732116699, 0.03108491562306881, 0.11730404943227768, 0.018029775470495224, 0.0445682629942894, 0.04266595095396042, 0.007789643947035074, 0.024111779406666756, 0.01460694707930088, 0.0916956216096878, 0.013277393765747547, 0.045847173780202866, 0.07431698590517044, 0.03421752527356148, 0.05991518124938011, 0.08885613083839417, 0.11457355320453644, 0.016464071348309517, 0.07431993633508682, 0.012986332178115845, 0.024166228249669075, 0.07721363753080368, 0.02107001654803753, 0.02325511910021305, 0.035228706896305084, 0.08065426349639893, 0.012783576734364033, 0.021136712282896042, 0.00502906646579504, 0.08370106667280197, 0.15138967335224152, 0.11269327253103256, 0.028158744797110558, 0.018351277336478233, 0.08296555280685425, 0.02646085061132908, 0.055388081818819046, 0.08071824908256531, 0.00485729007050395, 0.033898770809173584, 0.11536591500043869, 0.009331339038908482, 0.04511657729744911, 0.07661924511194229, 0.03257983922958374, 0.00837159063667059, 0.004576284904032946, 0.040705807507038116, 0.024221038445830345, 0.09383433312177658, 0.03776252269744873, 0.0645236149430275, 0.04211359843611717, 0.009930076077580452, 0.002407991560176015, 0.030178286135196686, 0.11224697530269623, 0.11719416081905365, 0.02274460159242153, 0.08404207974672318, 0.03617849200963974, 0.08219359815120697, 0.06611324101686478, 0.017747702077031136, 0.029589062556624413, 0.040409594774246216, 0.05793527513742447, 0.01002149935811758, 0.07441946864128113]"
F195,"[0.004720570519566536, 0.005439512897282839, 0.002072949893772602, 0.0034017106518149376, 0.0037205189000815153, 0.00193305523134768, 0.0009665594552643597, 0.001286097220145166, 0.002008572919294238, 0.010077540762722492, 0.0044506508857011795, 0.005776253063231707, 0.0026426459662616253, 0.00849573127925396, 0.0011801404180005193, 0.004372828174382448, 0.004644786473363638, 0.009202899411320686, 0.004090459086000919, 0.0031427841167896986, 0.008305471390485764, 0.005134193692356348, 0.008930427953600883, 0.000270677701337263, 0.004107743967324495, 0.001962661975994706, 0.0007210663170553744, 0.00022651185281574726, 0.006701803766191006, 0.008614002726972103, 0.0025962581858038902, 0.0019381098682060838, 0.004456318449229002, 0.00033540281583555043, 0.005730276927351952, 0.0006417336408048868, 0.00020434634643606842, 0.008038276806473732, 0.0005525009473785758, 0.0036700107157230377, 0.004759516101330519, 9.644428473620792e-07, 0.007410271093249321, 0.009033748880028725, 0.004588491749018431, 0.0028904706705361605, 0.0026807901449501514, 0.0012276987545192242, 0.0017374566523358226, 0.004171967040747404, 0.0029345080256462097, 0.002399309305474162, 0.0012340546818450093, 0.00434187613427639, 0.0007397268782369792, 0.008696302771568298, 0.007211924064904451, 0.0017290111863985658, 0.0011551064671948552, 0.0003766205336432904, 0.006468791980296373, 0.009261074475944042, 0.0008755139424465597, 0.0038303055334836245, 0.001341201481409371, 0.0004780332383234054, 0.001661355490796268, 0.005948060657829046, 0.007997908629477024, 0.004968283232301474, 0.009159987792372704, 0.006110058166086674, 0.003008246188983321, 0.0016562390374019742, 0.008664664812386036, 0.00841333344578743, 0.008135160431265831, 0.0014609114732593298, 0.003577351802960038, 0.0036553891841322184, 9.932870307238773e-05, 0.0022349816281348467, 0.0001667672477196902, 0.00016927062824834138, 0.005976697895675898, 0.0005622910102829337, 0.0018372354097664356, 0.0002573722740635276, 0.0032134444918483496, 0.008881825022399426, 0.013879635371267796, 0.0021478687413036823, 0.0037517554592341185, 0.010338368825614452, 0.004544286988675594, 0.006112812552601099, 9.368496102979407e-05, 0.00106834399048239, 0.006774279288947582, 0.008107179775834084, 0.006968499626964331, 0.009775384329259396, 0.0020329998806118965, 0.0002069541806122288, 0.0004894773592241108, 0.0048266625963151455, 0.0014800428180024028, 0.002086634747684002, 0.004667785484343767, 0.004168519750237465, 0.004091701935976744, 0.0036431527696549892, 0.0019922652281820774, 0.005828147288411856, 0.004593133460730314, 0.006327230017632246, 0.0028316534589976072, 0.001071243779733777, 0.003955480642616749, 0.008403363637626171, 0.005255220457911491, 0.00347988517023623, 0.003418638603761792, 0.004707336891442537, 0.0005299347685649991, 0.0031399596482515335, 0.0010654402431100607, 0.003274786751717329]"
F196,"[0.11035612225532532, 0.04927420988678932, 0.006673126947134733, 0.08139254152774811, 0.030711738392710686, 0.08134699612855911, 0.020860405638813972, 0.04420368745923042, 0.01750701479613781, 0.06026693806052208, 0.0029441919177770615, 0.07952951639890671, 0.043118417263031006, 0.012931195087730885, 0.024154648184776306, 0.013408668339252472, 0.06618577241897583, 0.0006316580693237484, 0.015210985206067562, 0.034854695200920105, 0.0960010290145874, 0.038675419986248016, 0.0376971997320652, 0.0580049529671669, 0.07769114524126053, 0.013909346424043179, 0.019759876653552055, 0.10275199264287949, 0.08370166271924973, 0.04012849181890488, 0.045329272747039795, 0.07382571697235107, 0.025976654142141342, 0.06756354123353958, 0.022108299657702446, 0.06962539255619049, 0.01759503409266472, 0.0563688762485981, 0.026872791349887848, 0.03164425864815712, 0.05738234892487526, 0.09308338910341263, 0.02247338742017746, 0.04809454455971718, 0.03539353236556053, 0.054268185049295425, 0.0018854913068935275, 0.020976752042770386, 0.007170892786234617, 0.11144369095563889, 0.004390296991914511, 0.0317496620118618, 0.11796026676893234, 0.05245088413357735, 0.03182933107018471, 0.09593568742275238, 0.058592915534973145, 0.07489053905010223, 0.02342834696173668, 0.05479365214705467, 0.000457189220469445, 0.08162309974431992, 0.07419046014547348, 0.009943419136106968, 0.07628180831670761, 0.08979286998510361, 0.0311904177069664, 0.10108254104852676, 0.002367593115195632, 0.05182073265314102, 0.02066180855035782, 0.005788019392639399, 0.036070361733436584, 0.06962596625089645, 0.0010219573741778731, 0.008494364097714424, 0.030384665355086327, 0.11539949476718903, 0.0795285552740097, 0.10785503685474396, 0.014132111333310604, 0.08948412537574768, 0.05563896521925926, 0.04124424234032631, 0.07754722237586975, 0.002531663281843066, 0.020211506634950638, 0.0937141552567482, 0.012468121014535427, 0.00781592633575201, 0.060175228863954544, 0.06705789268016815, 0.06664203852415085, 0.0387430340051651, 0.0707663893699646, 0.009980762377381325, 0.07163678109645844, 0.0019041672348976135, 0.01991724781692028, 0.03634632006287575, 0.02267390303313732, 0.031140228733420372, 0.012326791882514954, 0.016155241057276726, 0.1041305884718895, 0.09282440692186356, 0.013554447330534458, 0.017445087432861328, 0.050722382962703705, 0.030982336029410362, 0.032458070665597916, 0.03625611960887909, 0.02895044907927513, 0.017745042219758034, 0.08094751089811325, 0.06495728343725204, 0.09974028915166855, 0.11009287089109421, 0.015773164108395576, 0.005094481632113457, 0.019890334457159042, 0.03822128474712372, 0.04451654851436615, 0.05756291374564171, 0.03684031963348389, 0.04725823178887367, 0.06775110960006714, 0.0912354364991188]"
F197,"[0.11305389553308487, 0.06739766150712967, 0.07570512592792511, 0.012038134038448334, 0.012471320107579231, 0.04514626786112785, 0.0010523105738684535, 0.073442243039608, 0.08948096632957458, 0.09678036719560623, 0.06210341304540634, 0.10325609147548676, 0.045451536774635315, 0.09486129879951477, 0.10457829385995865, 0.06582699716091156, 0.009308653883635998, 0.08383826166391373, 0.0692286342382431, 0.04092641919851303, 0.0455724373459816, 0.177432581782341, 0.06527911871671677, 0.04331965371966362, 0.09073784947395325, 0.05760772526264191, 0.07342540472745895, 0.07314951717853546, 0.06364747136831284, 0.017265764996409416, 0.09567324817180634, 0.04338044300675392, 0.11972734332084656, 0.0874221920967102, 0.05235284939408302, 0.03422548994421959, 0.018566418439149857, 0.0242215096950531, 0.0357801578938961, 0.011027874425053596, 0.10252027213573456, 0.12136457115411758, 0.17096389830112457, 0.005584864877164364, 0.004373997915536165, 0.11152776330709457, 0.01864154450595379, 5.743913789046928e-05, 0.021124813705682755, 0.012743251398205757, 0.009300213307142258, 0.06695307046175003, 0.1326446831226349, 0.03690454363822937, 0.05653446540236473, 0.07294444739818573, 0.008669121190905571, 0.038414888083934784, 0.06163819879293442, 0.06489311158657074, 0.0661427304148674, 0.020929520949721336, 0.02685675211250782, 0.017136789858341217, 0.0791313573718071, 0.13102148473262787, 0.034650132060050964, 0.01620793342590332, 0.08988039195537567, 0.03166670352220535, 0.0027943793684244156, 0.011513527482748032, 0.06285595148801804, 0.04484153166413307, 0.05388588085770607, 0.02483230270445347, 0.056333206593990326, 0.0663483738899231, 0.031526148319244385, 0.06933730840682983, 0.057712193578481674, 0.07446148246526718, 0.031216269358992577, 0.05539477616548538, 0.0013915600720793009, 0.01380495261400938, 0.007859469391405582, 0.015907974913716316, 0.020186444744467735, 0.06478609144687653, 0.021301021799445152, 0.017807411029934883, 0.013829721137881279, 0.0868942141532898, 0.010370826348662376, 0.052310407161712646, 0.02163882553577423, 0.12379321455955505, 0.06168085336685181, 0.026558348909020424, 0.09116732329130173, 0.03605504706501961, 0.09269699454307556, 0.037245333194732666, 0.13949726521968842, 0.11594320833683014, 0.03979771211743355, 0.10465580970048904, 0.0019284746376797557, 0.02534918673336506, 0.010699420236051083, 0.0468653179705143, 0.03193402662873268, 0.0005625314079225063, 0.06832569092512131, 0.11429335922002792, 0.07571982592344284, 0.0051183984614908695, 0.1025259867310524, 0.02067737653851509, 0.006200432311743498, 0.053880248218774796, 0.09994114935398102, 0.0986773744225502, 0.06975240260362625, 0.007857889868319035, 0.004564759321510792, 0.027714157477021217]"
F198,"[0.0845726877450943, 0.025008680298924446, 0.06860672682523727, 0.09997136145830154, 0.029939737170934677, 0.034993577748537064, 0.01881801337003708, 0.04597370699048042, 0.10037804394960403, 0.006274816580116749, 0.08383259922266006, 0.03264088183641434, 0.027680467814207077, 0.140188068151474, 0.15004637837409973, 0.07272659987211227, 0.09992320090532303, 0.07476707547903061, 0.08682984858751297, 0.0045369029976427555, 0.12239451706409454, 0.04887431859970093, 0.05280937999486923, 0.13140398263931274, 0.04733027145266533, 0.08292189240455627, 0.04152148962020874, 0.0025085031520575285, 0.11004708707332611, 0.0746232196688652, 0.0011842700187116861, 0.07173775136470795, 0.03640684485435486, 0.04430601745843887, 0.04279613122344017, 0.04766736552119255, 0.013290738686919212, 0.005087230354547501, 0.06262603402137756, 0.06463869661092758, 0.025951748713850975, 0.09362497925758362, 0.10128713399171829, 0.05100870877504349, 0.0513339638710022, 0.0716499537229538, 0.06254077702760696, 0.13712620735168457, 0.06568727642297745, 0.11619275063276291, 0.05309760197997093, 0.023605365306138992, 0.006912833545356989, 0.041342295706272125, 0.03752223029732704, 0.019785523414611816, 0.018561217933893204, 0.02915925532579422, 0.07026251405477524, 0.008494199253618717, 0.018739519640803337, 0.06335553526878357, 0.09960281848907471, 0.006516247056424618, 0.11255805939435959, 0.016596606001257896, 0.01712268590927124, 0.09741952270269394, 0.046291206032037735, 0.06622396409511566, 0.03998490422964096, 0.14543215930461884, 0.09216384589672089, 0.06060874089598656, 0.042398303747177124, 0.03150869905948639, 0.03087577596306801, 0.021820679306983948, 0.12648922204971313, 0.09404526650905609, 0.012454996816813946, 0.01173664815723896, 0.08283775299787521, 0.0080387182533741, 0.0023481259122490883, 0.09194844961166382, 0.10626322031021118, 0.037906527519226074, 0.04012583941221237, 0.06741226464509964, 0.04321607947349548, 0.027047162875533104, 0.034706078469753265, 0.020468799397349358, 0.0015936497366055846, 0.04024855047464371, 0.005813311785459518, 0.08291999250650406, 0.020825842395424843, 0.03554866090416908, 0.11264650523662567, 0.0032127753365784883, 0.029296565800905228, 0.1095643863081932, 0.008249846287071705, 0.13304226100444794, 0.05270607769489288, 0.004919997416436672, 0.005761891137808561, 0.03266512602567673, 0.03482064977288246, 0.05125385895371437, 0.07954179495573044, 0.09892909228801727, 0.0981145054101944, 0.06727582216262817, 0.05751609429717064, 0.023137681186199188, 0.08104964345693588, 0.004210440907627344, 0.03421223908662796, 0.14724771678447723, 0.09833957254886627, 0.01265003252774477, 0.1321837157011032, 0.14254696667194366, 0.010620540007948875, 0.10976497828960419]"
F199,"[0.18139950931072235, 0.12960074841976166, 0.058047447353601456, 0.058456677943468094, 0.14644841849803925, 0.15560030937194824, 0.0224219411611557, 0.01194033119827509, 0.0647832602262497, 0.015724172815680504, 0.0893784835934639, 0.02780122123658657, 0.08093999326229095, 0.009301050566136837, 0.12402276694774628, 0.06327325105667114, 0.04120253771543503, 0.04540864750742912, 0.004510693252086639, 0.06183772534132004, 0.021730417385697365, 0.1118568629026413, 0.11128569394350052, 0.03812648728489876, 0.062177836894989014, 0.0516393780708313, 0.004098216071724892, 0.060853708535432816, 0.14223222434520721, 0.02909132093191147, 0.10683758556842804, 0.12985779345035553, 0.17723602056503296, 0.07581673562526703, 0.010244217701256275, 0.11323752999305725, 0.008711781352758408, 0.06918881088495255, 0.15228654444217682, 0.026397164911031723, 0.06836366653442383, 0.012114029377698898, 0.1038411408662796, 0.07450941205024719, 0.0731048509478569, 0.01883561909198761, 0.014305699616670609, 0.0008968960028141737, 0.04102861136198044, 0.09057093411684036, 0.06830956786870956, 0.10530241578817368, 0.07350145280361176, 0.01786254532635212, 0.09067787975072861, 0.038182709366083145, 0.11185997724533081, 0.14196503162384033, 0.09623692184686661, 0.18514838814735413, 0.034426964819431305, 0.047214992344379425, 0.1049608588218689, 0.15089786052703857, 0.12031130492687225, 0.14427857100963593, 0.053678058087825775, 0.026877623051404953, 0.05803684517741203, 0.09249834716320038, 0.05839518830180168, 0.039062827825546265, 0.0689748078584671, 0.06556381285190582, 0.05551358684897423, 0.02187555469572544, 0.04034387692809105, 0.04300455003976822, 0.05507449433207512, 0.01726924069225788, 0.07535047829151154, 0.05871376022696495, 0.1590730994939804, 0.0197908952832222, 0.011379560455679893, 0.007461288012564182, 0.04702642187476158, 0.06457234174013138, 0.0381101593375206, 0.08106628060340881, 0.004167612176388502, 0.08367639034986496, 0.16204510629177094, 0.05377517640590668, 0.07435636967420578, 0.021878022700548172, 0.04698105528950691, 0.08239584416151047, 0.05554746836423874, 0.0700780600309372, 0.11613307893276215, 0.04895559698343277, 0.04812736064195633, 0.12106258422136307, 0.019540496170520782, 0.04847033694386482, 0.13074840605258942, 0.13170546293258667, 0.026972834020853043, 0.013137497007846832, 0.024004969745874405, 0.08740727603435516, 0.06288351118564606, 0.025670260190963745, 0.19380977749824524, 0.023744069039821625, 0.0748150572180748, 0.02164040505886078, 0.12960736453533173, 0.034123752266168594, 0.006685723550617695, 0.10449036210775375, 0.024093668907880783, 0.03082706220448017, 0.19119864702224731, 0.20146594941616058, 0.05592576786875725, 0.1282007247209549]"
F200,"[0.030878683552145958, 0.0028473874554038048, 0.03798602893948555, 0.008080882951617241, 0.043480079621076584, 0.01164521649479866, 0.03810423985123634, 0.03958309069275856, 0.014016705565154552, 0.019842589274048805, 0.035458754748106, 0.014261213131248951, 0.03813672438263893, 0.035444509238004684, 0.013048281893134117, 0.044748786836862564, 0.02352345548570156, 0.06045927852392197, 0.00951937586069107, 0.03928287699818611, 0.010829269886016846, 0.010650018230080605, 0.0038013230077922344, 0.06655830144882202, 0.04712721332907677, 0.02070872113108635, 0.0244695246219635, 0.06009296327829361, 0.031124016270041466, 0.0401524193584919, 0.011292826384305954, 0.0014069369062781334, 0.050106532871723175, 0.03774851933121681, 0.049484528601169586, 0.019826672971248627, 0.016337186098098755, 0.010649106465280056, 0.029073331505060196, 0.05516631901264191, 0.00733392545953393, 0.004411434754729271, 0.02100687474012375, 0.040692348033189774, 0.022036923095583916, 0.04547734186053276, 0.00790646206587553, 0.05995680019259453, 0.004350228700786829, 0.08171851933002472, 0.019542265683412552, 0.014641014859080315, 0.025539763271808624, 0.0605851374566555, 0.049210622906684875, 0.021906360983848572, 0.07029567658901215, 0.014255916699767113, 0.025053875520825386, 0.03759650141000748, 0.013910121284425259, 0.035842083394527435, 0.05680908262729645, 0.0402388721704483, 0.006836784537881613, 0.042791698127985, 0.013241888023912907, 0.012586487457156181, 0.04772992432117462, 0.053509682416915894, 0.029291942715644836, 0.03331637755036354, 0.046257589012384415, 0.05157739296555519, 0.023916976526379585, 0.0339297391474247, 0.024623973295092583, 0.01464260183274746, 0.04840245097875595, 0.028763286769390106, 0.0535196028649807, 0.05384945124387741, 0.04308880493044853, 0.0017365127569064498, 0.04388570785522461, 0.06543157249689102, 0.04727509245276451, 0.06301013380289078, 0.05443156138062477, 0.026757851243019104, 0.051645033061504364, 0.05732574313879013, 0.041058965027332306, 0.07370264083147049, 0.04405977576971054, 0.04994366690516472, 0.06606820225715637, 0.016907114535570145, 0.04235423356294632, 0.03889157623052597, 0.04903784394264221, 0.009974912740290165, 0.054635874927043915, 0.023958737030625343, 0.013121381402015686, 0.003675940213724971, 0.0732405036687851, 0.01382954977452755, 0.06704100221395493, 0.02214433066546917, 0.05196497589349747, 0.025976233184337616, 0.03918767347931862, 0.02302495576441288, 0.019214889034628868, 0.056870974600315094, 0.001893235370516777, 0.009483388625085354, 0.045637235045433044, 0.020198650658130646, 0.06770875304937363, 0.007357221096754074, 0.03354315832257271, 0.05335378646850586, 0.057899076491594315, 0.02583259344100952, 0.019455352798104286, 0.01213892549276352]"
F201,"[0.030973125249147415, 0.03658138960599899, 0.07288046181201935, 0.04396204650402069, 0.042637452483177185, 0.02678496390581131, 0.021101541817188263, 0.02931843139231205, 0.005747280549257994, 0.056641560047864914, 0.04293862730264664, 0.00344066065736115, 0.03943648561835289, 0.03828786686062813, 0.05563986673951149, 0.03450234979391098, 0.07879313826560974, 0.013187875971198082, 0.0652979388833046, 0.02682720310986042, 0.056868765503168106, 0.07892291247844696, 0.03851592540740967, 0.027886003255844116, 0.05049288645386696, 0.04909926652908325, 0.06440594047307968, 0.048626456409692764, 0.049050528556108475, 0.12240605056285858, 0.04022778943181038, 0.03515927121043205, 0.035951435565948486, 0.033235806971788406, 0.055553190410137177, 0.03866390511393547, 0.027226604521274567, 0.04667467623949051, 0.01015500258654356, 0.01513058040291071, 0.07003901153802872, 0.023646797984838486, 0.036972880363464355, 0.07030567526817322, 0.0018123631598427892, 0.010288253426551819, 0.03281600400805473, 0.03844650089740753, 0.018490249291062355, 0.007380522787570953, 0.05147895961999893, 0.025380048900842667, 0.03710457310080528, 0.02800890803337097, 0.04530492424964905, 0.024727750569581985, 0.045154869556427, 0.052747998386621475, 0.07225064188241959, 0.03652312606573105, 0.058325089514255524, 0.026124000549316406, 0.04858923703432083, 0.0162845179438591, 0.10126537084579468, 0.020286323502659798, 0.03937528282403946, 0.05235401168465614, 0.0624573677778244, 0.038733139634132385, 0.007113473489880562, 0.07737361639738083, 0.023957105353474617, 0.05875060334801674, 0.001207616995088756, 0.06837667524814606, 0.03700477257370949, 0.010170722380280495, 0.046382445842027664, 0.07607235759496689, 0.014984031207859516, 0.020542729645967484, 0.04558239132165909, 0.004200018476694822, 0.007834120653569698, 0.005816394463181496, 0.038656141608953476, 0.008930086158216, 0.00737269502133131, 0.06981885433197021, 0.029483946040272713, 0.017278462648391724, 0.06645052880048752, 0.04321597144007683, 0.05916699022054672, 0.014857691712677479, 0.08978720009326935, 0.051139723509550095, 0.05127250403165817, 0.06632108986377716, 0.029125869274139404, 0.10055205225944519, 0.06968644261360168, 0.020438848063349724, 0.04898298531770706, 0.03409598767757416, 0.059590864926576614, 0.060313981026411057, 0.03416438773274422, 0.0010239050025120378, 0.028269561007618904, 0.12560366094112396, 0.052575238049030304, 0.013467824086546898, 0.016688760370016098, 0.10960814356803894, 0.08146800845861435, 0.02122972346842289, 0.021064819768071175, 0.00024175806902348995, 0.060203082859516144, 0.010651513002812862, 0.009744551032781601, 0.01978752389550209, 0.0684690997004509, 0.03696808964014053, 0.06801214069128036, 0.037851978093385696]"
F202,"[0.12811926007270813, 0.09358435869216919, 0.07710901647806168, 0.1271282136440277, 0.12847986817359924, 0.04200218245387077, 0.10132279247045517, 0.05843140929937363, 0.1351550966501236, 0.12396489828824997, 0.00508343568071723, 0.005236485507339239, 0.0418851338326931, 0.07893949002027512, 0.043535832315683365, 0.10451027005910873, 0.08808708935976028, 0.005282013211399317, 0.11653008311986923, 0.004131330642849207, 0.10097334533929825, 0.021166201680898666, 0.06393672525882721, 0.012799161486327648, 0.034607771784067154, 0.14029641449451447, 0.027877243235707283, 0.03184647113084793, 0.14334748685359955, 0.07143235951662064, 0.09249643981456757, 0.05653151497244835, 0.05171085149049759, 0.05029173195362091, 0.10598526149988174, 0.05460410565137863, 0.01548349391669035, 0.007868103682994843, 0.02326107583940029, 0.08919664472341537, 0.08129078894853592, 0.00993424654006958, 0.015626927837729454, 0.03497687727212906, 0.010317947715520859, 0.010799969546496868, 0.09576963633298874, 0.011327308602631092, 0.11030933260917664, 0.11322112381458282, 0.05016472563147545, 0.024209221825003624, 0.10761286318302155, 0.013206124305725098, 0.14045143127441406, 0.06305444985628128, 0.045905470848083496, 0.13080619275569916, 0.010607816278934479, 0.12066750973463058, 0.045763663947582245, 0.04608431085944176, 0.07677824050188065, 0.039496034383773804, 0.1079915314912796, 0.02649409882724285, 0.14126895368099213, 0.08790035545825958, 0.0015430471394211054, 0.01051576528698206, 0.02534710057079792, 0.009670702740550041, 0.037466444075107574, 0.019717954099178314, 0.002838210901245475, 0.11657872796058655, 0.08100079745054245, 0.0924360528588295, 0.05883145332336426, 0.12893322110176086, 0.10188227891921997, 0.08485221117734909, 0.13883627951145172, 0.13806205987930298, 0.005107944831252098, 0.07587839663028717, 0.0010896314634010196, 0.01983005367219448, 0.02485126629471779, 0.18245212733745575, 0.04210798814892769, 0.11577225476503372, 0.08063099533319473, 4.011058263131417e-05, 0.03205033019185066, 0.016786884516477585, 0.03495898097753525, 0.10737086087465286, 0.026222337037324905, 0.06927977502346039, 0.13109806180000305, 0.11212008446455002, 0.041010014712810516, 0.04100603982806206, 0.052652060985565186, 0.12821300327777863, 0.028067847713828087, 0.03642834350466728, 0.006435373332351446, 0.06618032604455948, 0.04761401191353798, 0.03548337146639824, 0.010627750307321548, 0.15945866703987122, 0.04105290398001671, 0.11594041436910629, 0.10352102667093277, 0.05092926695942879, 0.03781362995505333, 0.050912946462631226, 0.10450044274330139, 0.0036140470765531063, 0.09882771968841553, 0.04999567195773125, 0.05762709677219391, 0.11411143094301224, 0.016262883320450783, 0.07510754466056824]"
F203,"[0.053494397550821304, 0.030981866642832756, 0.07134980708360672, 0.07525298744440079, 0.006232959218323231, 0.011260860599577427, 0.010624678805470467, 0.08033930510282516, 0.053928129374980927, 0.08647561073303223, 0.022935353219509125, 0.15974651277065277, 0.03824126720428467, 0.12225829064846039, 0.026716917753219604, 0.03984338045120239, 0.04390871897339821, 0.05469636619091034, 0.07260400801897049, 0.05030959099531174, 0.0187647994607687, 0.07949358224868774, 0.06058830767869949, 0.08803112059831619, 0.07600756734609604, 0.06737800687551498, 0.01870780996978283, 0.10753153264522552, 0.002187558449804783, 0.015115771442651749, 0.05733300372958183, 0.05903184413909912, 0.010165375657379627, 0.06367265433073044, 0.03625762462615967, 0.14417003095149994, 0.045044854283332825, 0.10161469131708145, 0.09679653495550156, 0.015673164278268814, 0.05858089402318001, 0.012904117815196514, 0.046937789767980576, 0.0002604236069601029, 0.022130347788333893, 0.05830925330519676, 0.06713760644197464, 0.06201266869902611, 0.039856165647506714, 0.0011594182578846812, 0.11226474493741989, 0.017125122249126434, 0.08361537009477615, 0.08496256172657013, 0.003874687012284994, 0.1030842736363411, 0.02224215865135193, 0.11255409568548203, 0.09692507237195969, 0.08882670104503632, 0.07940743118524551, 0.07902305573225021, 0.010028422810137272, 0.054755039513111115, 0.00018720146908890456, 0.03607414290308952, 0.006309606600552797, 0.012573134154081345, 0.038082171231508255, 0.07728785276412964, 0.0016056661261245608, 0.054600153118371964, 0.015038837678730488, 0.020133554935455322, 0.019315186887979507, 0.1553654819726944, 0.07833299040794373, 0.04131389781832695, 0.004341757856309414, 0.026612425222992897, 0.06386121362447739, 0.018158840015530586, 0.011945230886340141, 0.017644448205828667, 0.1165413036942482, 0.06291434913873672, 0.009930538944900036, 0.00807311199605465, 0.04686124995350838, 0.09490513056516647, 0.004686127416789532, 0.1369568109512329, 0.06977798044681549, 0.11353948712348938, 0.08492202311754227, 0.008279964327812195, 0.056766003370285034, 0.047158028930425644, 0.039304573088884354, 0.14402668178081512, 0.04837498441338539, 0.05403988063335419, 0.04145949333906174, 0.10463574528694153, 0.13586346805095673, 0.03339606896042824, 0.03392317518591881, 0.06751447916030884, 0.04168321192264557, 0.08464445918798447, 0.07050345093011856, 0.0389307476580143, 0.014162926003336906, 0.05807305499911308, 0.007292646449059248, 0.08303461968898773, 0.03121066652238369, 0.07664413750171661, 0.0010797374416142702, 0.005759711377322674, 0.02058190293610096, 0.07078485190868378, 0.10004279762506485, 0.021478552371263504, 0.03182210028171539, 0.04602167382836342, 0.005001694895327091, 0.06656792759895325]"
F204,"[0.014275901950895786, 0.009365319274365902, 0.015422622673213482, 0.01710169017314911, 0.008306951262056828, 0.011446447111666203, 0.032178159803152084, 0.03120277263224125, 0.019752049818634987, 0.013865266926586628, 0.02094319835305214, 0.005503776017576456, 0.0014643094036728144, 0.02076386660337448, 0.03601374104619026, 0.0053803264163434505, 0.03840092942118645, 0.0048768469132483006, 0.023293476551771164, 0.025336720049381256, 0.011609210632741451, 0.014513129368424416, 0.003195443656295538, 0.015792135149240494, 0.032580818980932236, 0.01502980012446642, 0.01640448532998562, 0.012066315859556198, 0.042194902896881104, 0.01861424371600151, 0.00865229032933712, 0.03635291010141373, 0.03417549282312393, 0.0011444019619375467, 0.020342135801911354, 0.016802741214632988, 0.013158799149096012, 0.028921788558363914, 0.00062084652017802, 0.006941599305719137, 0.008114156313240528, 0.02959357760846615, 0.02916918508708477, 0.015334743075072765, 0.027322866022586823, 0.01814207248389721, 0.02121562324464321, 0.017855195328593254, 0.02200072817504406, 0.031123898923397064, 0.043989308178424835, 0.02423316054046154, 0.028042897582054138, 0.03326611593365669, 0.0038315397687256336, 0.00023095158394426107, 0.015456357970833778, 0.016207238659262657, 0.015433181077241898, 0.02078833244740963, 0.0172340776771307, 0.042922645807266235, 0.0020021218806505203, 0.03932257369160652, 0.011709265410900116, 0.0027877341490238905, 0.02169540524482727, 0.024207288399338722, 0.019260575994849205, 0.010007819160819054, 0.009273051284253597, 0.012355065904557705, 0.00181265186984092, 0.01491046417504549, 0.007062792312353849, 0.0392591767013073, 0.014046020805835724, 0.013180496171116829, 0.019809359684586525, 0.006315580569207668, 0.03134378045797348, 0.015873011201620102, 0.023594070225954056, 0.03365791589021683, 0.015610979869961739, 0.026214677840471268, 0.00444004638120532, 0.016044119372963905, 0.025983862578868866, 0.0026298505254089832, 0.017185593023896217, 0.03655434772372246, 0.0163387693464756, 0.012080931104719639, 0.020489074289798737, 0.010294800624251366, 0.02218121476471424, 0.0009019741555675864, 0.031883470714092255, 0.005647412501275539, 0.0347563661634922, 0.01022164523601532, 0.0017954566283151507, 0.026315482333302498, 0.02329898811876774, 0.013607742264866829, 0.006737766321748495, 0.008819242008030415, 0.005802548956125975, 0.024528326466679573, 0.01799517311155796, 0.030537577345967293, 0.05286455526947975, 0.0031201536767184734, 0.00030441652052104473, 0.02123207226395607, 0.04112355411052704, 0.023332342505455017, 0.03118838183581829, 0.006956859957426786, 0.01891421526670456, 0.020392315462231636, 0.028283704072237015, 0.02347451262176037, 0.026342906057834625, 0.02042415738105774, 0.02032560668885708, 0.002767994301393628]"
F205,"[0.0, 0.0, 0.0, 0.0, 0.0, 0.0, 0.0, 0.0, 0.0, 0.0, 0.0, 0.0, 0.0, 0.0, 0.0, 0.0, 0.0, 0.0, 0.0, 0.0, 0.0, 0.0, 0.0, 0.0, 0.0, 0.0, 0.0, 0.0, 0.0, 0.0, 0.0, 0.0, 0.0, 0.0, 0.0, 0.0, 0.0, 0.0, 0.0, 0.0, 0.0, 0.0, 0.0, 0.0, 0.0, 0.0, 0.0, 0.0, 0.0, 0.0, 0.0, 0.0, 0.0, 0.0, 0.0, 0.0, 0.0, 0.0, 0.0, 0.0, 0.0, 0.0, 0.0, 0.0, 0.0, 0.0, 0.0, 0.0, 0.0, 0.0, 0.0, 0.0, 0.0, 0.0, 0.0, 0.0, 0.0, 0.0, 0.0, 0.0, 0.0, 0.0, 0.0, 0.0, 0.0, 0.0, 0.0, 0.0, 0.0, 0.0, 0.0, 0.0, 0.0, 0.0, 0.0, 0.0, 0.0, 0.0, 0.0, 0.0, 0.0, 0.0, 0.0, 0.0, 0.0, 0.0, 0.0, 0.0, 0.0, 0.0, 0.0, 0.0, 0.0, 0.0, 0.0, 0.0, 0.0, 0.0, 0.0, 0.0, 0.0, 0.0, 0.0, 0.0, 0.0, 0.0, 0.0, 0.0]"
F206,"[0.006650498136878014, 0.04642855376005173, 0.1352268010377884, 0.042776692658662796, 0.03507528826594353, 0.03747468814253807, 0.04894407466053963, 0.11277390271425247, 0.05459429696202278, 0.14447250962257385, 0.04013201221823692, 0.018721111118793488, 0.07604606449604034, 0.1180543452501297, 0.05223972722887993, 0.12740391492843628, 0.07076457887887955, 0.08294247835874557, 0.00759135140106082, 0.09075164794921875, 0.035265855491161346, 0.07956676930189133, 0.0007200177642516792, 0.02059675194323063, 0.0046610115095973015, 0.054057180881500244, 0.033105477690696716, 0.08576779812574387, 0.030041741207242012, 0.08472192287445068, 0.07577933371067047, 0.023571215569972992, 0.0021655415184795856, 0.10800280421972275, 0.03562828153371811, 0.030995069071650505, 0.048228662461042404, 0.08505829423666, 0.07134543359279633, 0.04251555725932121, 0.01717440038919449, 0.12608259916305542, 0.06193828210234642, 0.11991991847753525, 0.0064556230790913105, 0.05504828318953514, 0.06831727921962738, 0.00831572711467743, 0.09517034143209457, 0.09546972811222076, 0.034120477735996246, 0.03444395586848259, 0.10418404638767242, 0.06926976889371872, 0.0988592579960823, 0.09155771136283875, 0.07591895014047623, 0.0186527781188488, 0.03238961100578308, 0.048105936497449875, 0.004513466730713844, 0.05246585234999657, 0.10429489612579346, 0.014485632069408894, 0.04551652446389198, 0.09157265722751617, 0.0495513454079628, 0.03776592016220093, 0.008886754512786865, 0.056604038923978806, 0.00585715938359499, 0.09919928014278412, 0.04408584535121918, 0.11835036426782608, 0.004398291930556297, 0.0020818819757550955, 0.0364847257733345, 0.02736935019493103, 0.10049497336149216, 0.036583077162504196, 0.08348390460014343, 0.12429425865411758, 0.04031284525990486, 0.1096411719918251, 0.007990292273461819, 0.036983538419008255, 0.06363780051469803, 0.11084362864494324, 0.030156632885336876, 0.060888368636369705, 0.05010677129030228, 0.04006936401128769, 0.07890521734952927, 0.0006364625878632069, 0.1247241273522377, 0.059568583965301514, 0.11699528992176056, 0.10660086572170258, 0.014878470450639725, 0.04737071320414543, 0.06585506349802017, 0.01329309493303299, 0.0868212953209877, 0.046634312719106674, 0.045596715062856674, 0.10166765749454498, 0.008375641889870167, 0.05482014641165733, 0.06736104190349579, 0.039111677557229996, 0.03252020105719566, 0.02644583210349083, 0.0823075920343399, 0.03938120976090431, 0.10417942702770233, 0.1033204048871994, 0.07581303268671036, 0.012283571064472198, 0.011663478799164295, 0.00790017656981945, 0.09458549320697784, 0.011974133551120758, 0.08709842711687088, 0.01899091713130474, 0.026119960471987724, 0.10141930729150772, 0.11715763062238693, 0.10685127228498459]"
F207,"[0.00944322906434536, 0.03415748476982117, 0.03665857017040253, 0.015295427292585373, 0.038036223500967026, 0.029142823070287704, 0.045063797384500504, 0.0034615059848874807, 0.05463485047221184, 0.03721468150615692, 0.010089759714901447, 0.035570625215768814, 0.016160380095243454, 0.06170978397130966, 0.018062053248286247, 0.030777309089899063, 0.049109309911727905, 0.011407089419662952, 0.008230039849877357, 0.045644525438547134, 0.019544687122106552, 0.02410065568983555, 0.02493404410779476, 0.03333154320716858, 0.038100775331258774, 0.027565397322177887, 0.001699500367976725, 0.059652429074048996, 0.0417410209774971, 0.019241642206907272, 0.004306581802666187, 0.02506232261657715, 0.018327701836824417, 0.0015077112475410104, 0.07414980977773666, 0.0515386126935482, 0.05523128807544708, 0.0455886647105217, 0.00860079750418663, 0.014228609390556812, 0.07081086933612823, 0.011074686422944069, 0.05111275613307953, 0.03861865773797035, 0.034782007336616516, 0.05138934776186943, 0.015024998225271702, 0.07499339431524277, 0.06648935377597809, 0.07994983345270157, 0.05221116915345192, 0.047555893659591675, 0.08153853565454483, 0.056777603924274445, 0.005913781467825174, 0.014682328328490257, 0.04819851741194725, 0.019560789689421654, 0.03179717808961868, 0.06065917760133743, 0.05007940158247948, 0.019546639174222946, 0.031286418437957764, 0.08449633419513702, 0.021160656586289406, 0.027265353128314018, 0.02241623029112816, 0.07429986447095871, 0.039049018174409866, 0.023748688399791718, 0.011347745545208454, 0.1038888692855835, 0.027135996147990227, 0.08143355697393417, 0.04641008377075195, 0.05438069999217987, 0.04971769079566002, 0.029956679791212082, 0.05435267835855484, 0.044650863856077194, 0.07215023040771484, 0.04989030957221985, 0.030123725533485413, 0.04412030428647995, 0.03786969184875488, 0.008898618631064892, 0.01975877210497856, 0.042723149061203, 0.05761237442493439, 0.0470602884888649, 0.013591168448328972, 0.06746120005846024, 0.013482226058840752, 0.02137862890958786, 0.012720535509288311, 0.015751687809824944, 0.053777340799570084, 0.007316996809095144, 0.035809341818094254, 0.07436653971672058, 0.08937395364046097, 0.07822427898645401, 0.06441132724285126, 0.08167418092489243, 0.010664258152246475, 0.054581817239522934, 0.07138897478580475, 0.06337597221136093, 0.0286092646420002, 0.05658780038356781, 0.05168796330690384, 0.05643441155552864, 0.09265676885843277, 0.07112611830234528, 0.036616407334804535, 0.011394977569580078, 0.05783214792609215, 0.06687421351671219, 0.08784730732440948, 0.06219685822725296, 0.08485044538974762, 0.011335195042192936, 0.04755086079239845, 0.06839815527200699, 0.011921308934688568, 0.07996143400669098, 0.03300303965806961, 0.036003295332193375]"
F208,"[0.07315316051244736, 0.04670289531350136, 0.07521609216928482, 0.00856016669422388, 0.09399206936359406, 0.1497717797756195, 0.06066771596670151, 0.11606523394584656, 0.01120543573051691, 0.0886860266327858, 0.09820545464754105, 0.026170900091528893, 0.06735943257808685, 0.0634332075715065, 0.16655398905277252, 0.04099467769265175, 0.09915929287672043, 0.09237053245306015, 0.042685367166996, 0.0339757464826107, 0.09824854880571365, 0.010212157852947712, 0.08680589497089386, 0.05792868137359619, 0.027521241456270218, 0.021836264058947563, 0.012014924548566341, 0.047401346266269684, 0.0008766245446167886, 0.010400273837149143, 0.0313127264380455, 0.023774608969688416, 0.10045336186885834, 0.0681656077504158, 0.07164687663316727, 0.08278264105319977, 0.09370175749063492, 0.03797262907028198, 0.08461558073759079, 0.1082373857498169, 0.006022779271006584, 0.04642776772379875, 0.002782425144687295, 0.09689244627952576, 0.006430590059608221, 0.06658709049224854, 0.005945974960923195, 0.024693170562386513, 0.02786550112068653, 0.019696243107318878, 0.03629843890666962, 0.007978446781635284, 0.009381501004099846, 0.05298773944377899, 0.08983159810304642, 0.008579080924391747, 0.06139451265335083, 0.07682745158672333, 0.0703759416937828, 0.06338656693696976, 0.041696976870298386, 0.014493558555841446, 0.04917667433619499, 0.014910442754626274, 0.004248227924108505, 0.026799729093909264, 0.051156844943761826, 0.014130787923932076, 0.10241058468818665, 0.017234163358807564, 0.1402071863412857, 0.05016583576798439, 0.07018858939409256, 0.054923735558986664, 0.035364218056201935, 0.05898791924118996, 0.08589943498373032, 0.021693550050258636, 0.11934586614370346, 0.14268536865711212, 0.08309409022331238, 0.03393244370818138, 0.011860942468047142, 0.05558894947171211, 0.12842337787151337, 0.013436243869364262, 0.0508456751704216, 0.10728023201227188, 0.03304684907197952, 0.02315274067223072, 0.011242986656725407, 0.01206215936690569, 0.030474716797471046, 0.07798611372709274, 0.02963457815349102, 0.1325863152742386, 0.006538206245750189, 0.07091376930475235, 0.0369889959692955, 0.0714840218424797, 0.08357276767492294, 0.0025718258693814278, 0.06325153261423111, 0.06863619387149811, 0.07035472244024277, 0.15150681138038635, 0.03942275047302246, 0.14384637773036957, 0.03349918872117996, 0.01997240073978901, 0.08381588011980057, 0.08360101282596588, 0.07762729376554489, 0.0827171802520752, 0.07894010841846466, 0.1273883730173111, 0.0418098047375679, 0.04441476985812187, 0.07556606084108353, 0.04805401712656021, 0.0801975429058075, 0.02561277709901333, 0.08043185621500015, 0.046357911080121994, 0.09471185505390167, 0.1145193874835968, 0.11137709021568298, 0.05796462297439575]"
F209,"[0.017481990158557892, 0.03619648516178131, 0.08221499621868134, 0.001859423704445362, 0.10024453699588776, 0.06647580862045288, 0.09592591226100922, 0.09369057416915894, 0.12580114603042603, 0.003308408660814166, 0.019387133419513702, 0.0839957669377327, 0.0016911020502448082, 0.1260683387517929, 0.16569572687149048, 0.09767067432403564, 0.003958553075790405, 0.026058413088321686, 0.11583472788333893, 0.0027685163076967, 0.011994918808341026, 0.020753920078277588, 0.009044917300343513, 0.11275430023670197, 0.025602780282497406, 0.05143631249666214, 0.07481949776411057, 0.10477001219987869, 0.006830255500972271, 0.02103840559720993, 0.07149338722229004, 0.028113670647144318, 0.17414312064647675, 0.03447423130273819, 0.10678471624851227, 0.10142062604427338, 0.018953703343868256, 0.1293928474187851, 0.04109780117869377, 0.12347045540809631, 0.11380515992641449, 0.04775534197688103, 0.1183139979839325, 0.12851063907146454, 0.009908129461109638, 0.14994508028030396, 0.06963419169187546, 0.024024508893489838, 0.13698559999465942, 0.01839618757367134, 0.012002958916127682, 0.008540960028767586, 0.0794529989361763, 0.07029969990253448, 0.07585079222917557, 0.00011462930706329644, 0.018538547679781914, 0.04978213831782341, 0.07325556129217148, 0.12758833169937134, 0.021122165024280548, 0.034979529678821564, 0.0004280963621567935, 0.012102944776415825, 0.020051760599017143, 0.03711260110139847, 0.005209809634834528, 0.08830422163009644, 0.030630288645625114, 0.1217963770031929, 0.16049399971961975, 0.09101854264736176, 0.0943228229880333, 0.018917866051197052, 0.0645599216222763, 0.018399618566036224, 0.11407242715358734, 0.0023750155232846737, 0.10654046386480331, 0.14165212213993073, 0.02838408760726452, 0.005636916030198336, 0.019863305613398552, 0.0072510275058448315, 0.14438381791114807, 0.08564313501119614, 0.1073855459690094, 0.15302929282188416, 0.009611631743609905, 0.00653451681137085, 0.05220264196395874, 0.05989016219973564, 0.01811809651553631, 0.06439228355884552, 0.04871119186282158, 0.1111024022102356, 0.07456111162900925, 0.001154550351202488, 0.15464161336421967, 0.10309696942567825, 0.06819940358400345, 0.04234623908996582, 0.03863586485385895, 0.01368215773254633, 0.08299466222524643, 0.03421260416507721, 0.05229486525058746, 0.09434681385755539, 0.04647022485733032, 0.14512445032596588, 0.10379420965909958, 0.0031688911840319633, 0.07635732740163803, 0.03029385395348072, 0.024836717173457146, 0.06811551749706268, 0.12573349475860596, 0.02020585909485817, 0.13833537697792053, 0.0738992691040039, 0.023034512996673584, 0.017260931432247162, 0.01976759545505047, 0.020976519212126732, 0.1023295596241951, 0.11722829937934875, 0.011411579325795174, 0.09137865900993347]"
F210,"[0.04526342451572418, 0.06622032076120377, 0.0151438033208251, 0.006417128723114729, 0.09881728887557983, 0.06672991067171097, 0.03486373648047447, 0.03541054204106331, 0.008345047011971474, 0.09331011027097702, 0.025533480569720268, 0.05625215172767639, 0.04319832846522331, 0.055953238159418106, 0.06543242186307907, 0.04654517024755478, 0.01879916898906231, 0.031946562230587006, 0.027091123163700104, 0.026959216222167015, 0.018782716244459152, 0.09854722023010254, 0.01610509864985943, 0.0387665294110775, 0.03296665474772453, 0.044580619782209396, 0.0037683940026909113, 0.00016692993813194335, 0.008107081986963749, 0.04394715651869774, 0.047780923545360565, 0.08603716641664505, 0.018361540511250496, 0.05245460197329521, 0.08021160960197449, 0.040275078266859055, 0.04421662539243698, 0.012629648670554161, 0.03502893075346947, 0.023760225623846054, 0.06509613990783691, 0.0644310787320137, 0.07250777631998062, 0.00245515420101583, 0.04324346408247948, 0.137373149394989, 0.039799124002456665, 0.008871182799339294, 0.014228329993784428, 0.01189056970179081, 0.004339772276580334, 0.038622044026851654, 0.03768720105290413, 0.05678923800587654, 0.07257931679487228, 0.042303841561079025, 0.03267078846693039, 0.038998790085315704, 0.04617784544825554, 0.05577091500163078, 0.07964471727609634, 0.020000744611024857, 0.012415711767971516, 0.02863934449851513, 0.0015080972807481885, 0.03672084957361221, 0.07485819607973099, 0.01726529188454151, 0.018923362717032433, 0.02297535538673401, 0.02281714230775833, 0.00716374721378088, 0.05811810493469238, 0.005858186166733503, 0.02392960712313652, 0.08158911764621735, 0.03265891969203949, 0.004785305354744196, 0.030589843168854713, 0.08454861491918564, 0.035921111702919006, 0.01413278840482235, 0.0735396295785904, 0.13316084444522858, 0.012330758385360241, 0.014145967550575733, 0.12825602293014526, 0.11362838000059128, 0.0302750151604414, 0.07241681963205338, 0.13922961056232452, 0.10595777630805969, 0.06686577200889587, 0.030678357928991318, 0.005037310067564249, 0.002265320625156164, 0.039179280400276184, 0.01905599981546402, 0.09117481112480164, 0.014889278449118137, 0.020856255665421486, 0.05929011479020119, 0.08180395513772964, 0.06478893011808395, 0.060523029416799545, 0.017937175929546356, 0.06469444930553436, 0.07414066046476364, 0.08454057574272156, 0.061383046209812164, 0.012478409335017204, 0.042491018772125244, 0.027969958260655403, 0.09540616720914841, 0.06604798138141632, 0.02965342067182064, 0.0494101420044899, 0.007356605958193541, 0.07001213729381561, 0.07863196730613708, 0.05775342509150505, 0.07792483270168304, 0.07511802762746811, 0.03210550174117088, 0.03489956259727478, 0.06897909939289093, 0.01289520226418972, 0.041436817497015]"
F211,"[0.02300221472978592, 0.07276321202516556, 0.03301450237631798, 0.014493465423583984, 0.06887267529964447, 0.04458573833107948, 0.03872734308242798, 0.016266468912363052, 0.04044722020626068, 0.004776449874043465, 0.06566402316093445, 0.0051208315417170525, 0.001737718004733324, 0.004784135147929192, 0.03796258196234703, 0.09370587766170502, 0.036954306066036224, 0.003722995053976774, 1.629252074053511e-05, 0.023470833897590637, 0.023359855636954308, 0.0014005736447870731, 0.034015629440546036, 0.056570589542388916, 0.02337946929037571, 0.0214861910790205, 0.06332428008317947, 0.040752168744802475, 0.05751916393637657, 0.06021896377205849, 0.015217587351799011, 0.05775988847017288, 0.05463508889079094, 0.04468933120369911, 0.0013318088604137301, 0.0125895906239748, 0.024006294086575508, 0.05561074614524841, 0.06920011341571808, 0.08784331381320953, 0.05696704238653183, 0.06440894305706024, 0.013189932331442833, 0.04279468581080437, 0.02181919477880001, 0.06503020972013474, 0.032122232019901276, 0.03849419951438904, 0.024091098457574844, 0.02378395013511181, 0.016247129067778587, 0.05141955986618996, 0.038428932428359985, 0.038689952343702316, 0.018094178289175034, 0.0031050159595906734, 0.02558865025639534, 0.060311198234558105, 0.0027642964851111174, 0.04121679440140724, 0.03863035887479782, 0.06469639390707016, 0.03281833231449127, 0.012586941011250019, 0.057359516620635986, 0.09002324938774109, 0.075410395860672, 0.07356742769479752, 0.10142552852630615, 0.013177881948649883, 0.06695964932441711, 0.0884658619761467, 0.08474820107221603, 0.03364131227135658, 0.045414362102746964, 0.01145340409129858, 0.007263201288878918, 0.00415972713381052, 0.04525502398610115, 0.053907644003629684, 0.1020171269774437, 0.011685794219374657, 0.030004171654582024, 0.03895621374249458, 0.024316010996699333, 0.019362764433026314, 0.032681286334991455, 0.018520265817642212, 0.0800313726067543, 0.03796481713652611, 0.049980055540800095, 0.01120121218264103, 0.041162170469760895, 0.004273958038538694, 0.03374674543738365, 0.030913477763533592, 0.057653579860925674, 0.001320578041486442, 0.050968896597623825, 0.04203946515917778, 0.03132699802517891, 0.017884816974401474, 0.06799007207155228, 0.04483082517981529, 0.006831381935626268, 0.04303612932562828, 0.015511561185121536, 0.0005870411987416446, 0.04108709469437599, 0.007293855771422386, 0.06759387999773026, 0.016141390427947044, 0.059459131211042404, 0.0282853115350008, 0.026608584448695183, 0.11276387423276901, 0.009748286567628384, 0.06862670928239822, 0.004755496513098478, 0.04926350712776184, 0.11184513568878174, 0.05420218035578728, 0.06732296943664551, 0.009996585547924042, 0.01740090921521187, 0.04913941025733948, 0.04938098415732384, 0.03598500415682793]"
F212,"[0.18738284707069397, 0.026704275980591774, 0.001149454154074192, 0.11174939572811127, 0.0616246722638607, 0.14332030713558197, 0.12975558638572693, 0.05269067361950874, 0.016366291791200638, 0.07925104349851608, 0.1308099329471588, 0.12043234705924988, 0.041640713810920715, 0.012065977789461613, 0.1232253834605217, 0.022681403905153275, 0.08049719035625458, 0.10001511126756668, 0.1564939171075821, 0.15058715641498566, 0.20929335057735443, 0.016963092610239983, 0.058956440538167953, 0.08323095738887787, 0.0954509899020195, 0.21335840225219727, 0.03675740584731102, 0.13395768404006958, 0.03515416756272316, 0.061155177652835846, 0.011331806890666485, 0.013670881278812885, 0.184489443898201, 0.011360693722963333, 0.21192127466201782, 0.11779119074344635, 0.1290673315525055, 0.06309331208467484, 0.07889815419912338, 0.0804876908659935, 0.007255204021930695, 0.007909915409982204, 0.04777873307466507, 0.0564446859061718, 0.14828290045261383, 0.22793468832969666, 0.10784104466438293, 0.025993971154093742, 0.0879405289888382, 0.03199789673089981, 0.1150105744600296, 0.012942553497850895, 0.1659502387046814, 0.061267122626304626, 0.14240673184394836, 0.10914621502161026, 0.11743833869695663, 0.20297500491142273, 0.06002279371023178, 0.06881006807088852, 0.07063702493906021, 0.0059166899882256985, 0.18351691961288452, 0.11340980231761932, 0.10143967717885971, 0.17897610366344452, 0.009428733959794044, 0.07743687182664871, 0.06651503592729568, 0.018602700904011726, 0.05091562122106552, 0.12808677554130554, 0.14289404451847076, 0.06021872162818909, 0.07804281264543533, 0.08137743920087814, 0.026027489453554153, 0.005938442423939705, 0.16120947897434235, 0.024733977392315865, 0.061282046139240265, 0.01522757112979889, 0.19171494245529175, 0.021967042237520218, 0.13135169446468353, 0.16349826753139496, 0.14210915565490723, 0.180664524435997, 0.00048503896687179804, 0.09404652565717697, 0.02327323891222477, 0.09423942863941193, 0.031633805483579636, 0.05348376929759979, 0.04738360270857811, 0.10479027032852173, 0.0019017710583284497, 0.07976409047842026, 0.1005186140537262, 0.0648699626326561, 0.15395282208919525, 0.07124681025743484, 0.04257041588425636, 0.14068639278411865, 0.0002264627837575972, 0.1758127510547638, 0.0869855284690857, 0.08233146369457245, 0.08692415803670883, 0.11061569303274155, 0.08575094491243362, 0.04062335938215256, 0.12168193608522415, 0.11214206367731094, 0.12920908629894257, 0.009297664277255535, 0.1297379583120346, 0.13096491992473602, 0.11080209165811539, 0.04866672679781914, 0.0737873837351799, 0.03435782343149185, 0.0333113819360733, 0.0628097653388977, 0.07644468545913696, 0.09694191813468933, 0.046840108931064606, 0.15116891264915466]"
F213,"[0.11657766252756119, 0.04954028129577637, 0.026246551424264908, 0.07282830029726028, 0.0770174041390419, 0.09782776236534119, 0.05781929939985275, 0.05491271987557411, 0.07236263900995255, 0.06518968194723129, 0.08397737145423889, 0.026668600738048553, 0.01994340866804123, 0.017956648021936417, 0.0006922956090420485, 0.059676673263311386, 0.03578439727425575, 0.005823861807584763, 0.09870248287916183, 0.10154008120298386, 0.09024392813444138, 0.04743610695004463, 0.05804048478603363, 0.013510055840015411, 0.047488920390605927, 0.010030599310994148, 0.042835529893636703, 0.0027281951624900103, 0.04114680737257004, 0.0576016791164875, 0.09079503268003464, 0.0853729322552681, 0.1117958351969719, 0.011458897031843662, 0.015888605266809464, 0.01689634658396244, 0.033648502081632614, 0.013281491585075855, 0.03820110857486725, 0.06846386939287186, 0.004914161749184132, 0.0019321335712447762, 0.04610205814242363, 0.03920755907893181, 0.06406732648611069, 0.10450851917266846, 0.002094017807394266, 0.09442199021577835, 0.10052884370088577, 0.004708933178335428, 0.02092917449772358, 0.009884432889521122, 0.008740060962736607, 0.04781622067093849, 0.037974510341882706, 0.028134236112236977, 0.01181180402636528, 0.01758539117872715, 0.018295923247933388, 0.07296179980039597, 0.005869618616998196, 0.0018369948957115412, 0.04789414629340172, 0.02824847586452961, 0.1040654331445694, 0.08714685589075089, 0.04454130306839943, 0.05492084100842476, 0.041219551116228104, 0.06139019504189491, 0.043595973402261734, 0.008050830103456974, 0.12233775854110718, 0.050574447959661484, 0.11116638034582138, 0.01604916900396347, 0.0021303892135620117, 0.02936738356947899, 0.015388543717563152, 0.13011959195137024, 0.0838855728507042, 0.008293772116303444, 0.06842053681612015, 0.031158920377492905, 0.04070122912526131, 0.03140514716506004, 0.03272567316889763, 0.011306830681860447, 0.050469692796468735, 0.0005532983341254294, 0.03605078160762787, 0.08691829442977905, 0.04031648114323616, 0.05969618260860443, 0.08665953576564789, 0.06863625347614288, 0.0987219288945198, 0.05172005668282509, 0.10010575503110886, 0.04976983740925789, 0.06837733834981918, 0.024401424452662468, 0.04035808891057968, 0.07944456487894058, 0.10121386498212814, 0.0008367731934413314, 0.10063955187797546, 0.019747624173760414, 0.014184890314936638, 0.03176281228661537, 0.016808433458209038, 0.07876367121934891, 0.02279646322131157, 0.03137402608990669, 0.05129339173436165, 0.10192608088254929, 0.02822135202586651, 0.12346026301383972, 0.03322364389896393, 0.002323929686099291, 0.03408955782651901, 0.013058707118034363, 0.03992176428437233, 0.00020460798987187445, 0.017343373969197273, 0.07602310925722122, 0.08770886808633804, 0.04032687470316887]"
F214,"[0.005726457107812166, 0.004063169471919537, 0.0016750970389693975, 0.026504581794142723, 0.013926920481026173, 0.004369725938886404, 0.012169655412435532, 0.010616973973810673, 0.023989716544747353, 0.009710347279906273, 0.006714657414704561, 0.020180467516183853, 0.0029598320834338665, 0.012968506664037704, 0.0029983336571604013, 0.018309855833649635, 0.014954641461372375, 0.0029734873678535223, 0.00090585503494367, 0.01202327013015747, 0.016342399641871452, 0.006543826311826706, 0.017302686348557472, 0.01684703677892685, 0.003994748927652836, 0.0028429520316421986, 0.002357943682000041, 0.0037038016598671675, 0.003492244053632021, 0.015376411378383636, 0.004129032604396343, 0.004665433429181576, 0.012354503385722637, 0.018307596445083618, 0.01988111063838005, 0.03061908483505249, 0.019883859902620316, 0.011263513006269932, 0.02219734527170658, 0.007420872338116169, 0.0138405067846179, 0.033180855214595795, 0.012713455595076084, 0.005602715536952019, 0.008107664063572884, 0.02220609039068222, 0.0184913482517004, 0.029780477285385132, 0.01735130324959755, 0.004409219603985548, 0.00936412438750267, 0.004813560750335455, 0.004711412824690342, 0.008498892188072205, 0.0005987207987345755, 0.02000291459262371, 0.018686631694436073, 0.009089360013604164, 0.012037555687129498, 0.006467677652835846, 0.004012619145214558, 0.021385641768574715, 0.019544942304491997, 0.018293771892786026, 0.014801466837525368, 0.03406411036849022, 0.01435269694775343, 0.009252398274838924, 0.004208629485219717, 0.02214786782860756, 0.013641322031617165, 0.025288352742791176, 0.009185666218400002, 0.004683075472712517, 0.007366256322711706, 0.009868286550045013, 0.022751841694116592, 0.004601475317031145, 0.009339589625597, 0.02115098387002945, 0.02849346399307251, 0.009111093357205391, 0.02632906474173069, 0.008664407767355442, 0.016037728637456894, 0.019463805481791496, 0.011533260345458984, 0.010717052035033703, 0.011091362684965134, 0.011056289076805115, 0.015934409573674202, 0.022415030747652054, 0.0041342261247336864, 0.018427103757858276, 0.007815653458237648, 0.01426589023321867, 0.0008685172651894391, 0.0007207950693555176, 0.009723040275275707, 0.020854488015174866, 0.007527681067585945, 0.02130880579352379, 0.030883483588695526, 0.012527679093182087, 0.02531800977885723, 0.010647152550518513, 0.002626385074108839, 0.006478147115558386, 0.021670140326023102, 0.013899939134716988, 0.02573654055595398, 0.011196049861609936, 0.009802811779081821, 0.015321364626288414, 0.016994556412100792, 0.01469533983618021, 0.012318305671215057, 0.0011099004186689854, 0.008653043769299984, 0.005547611508518457, 0.0012953258119523525, 0.016795901581645012, 0.0011455857893452048, 0.026218486949801445, 0.00817899126559496, 0.018099548295140266, 0.025712715461850166, 0.02338395267724991]"
F215,"[0.003137594321742654, 0.004225238226354122, 0.005167180672287941, 0.008513754233717918, 0.012008145451545715, 0.0034177370835095644, 0.013211382552981377, 0.007543311920017004, 0.00845084898173809, 0.013604079373180866, 0.004102886188775301, 0.015275786630809307, 0.002458265982568264, 0.015819229185581207, 0.022400744259357452, 0.0005688159144483507, 0.016566278412938118, 0.01952807977795601, 0.008035458624362946, 0.004558217246085405, 0.007363524287939072, 0.006367836147546768, 0.0012739027151837945, 0.012357163242995739, 0.009887858293950558, 0.01531490683555603, 0.006670473609119654, 0.013540849089622498, 0.006814210209995508, 0.013314425945281982, 0.01054445281624794, 0.017218267545104027, 0.006035907194018364, 0.009519973769783974, 0.014331191778182983, 0.0033789242152124643, 0.0006334250210784376, 0.018017351627349854, 0.011237384751439095, 0.0011706337099894881, 0.00762587133795023, 0.009089851751923561, 0.006841043010354042, 0.002864871174097061, 0.00734400749206543, 0.010054646991193295, 0.005109637510031462, 0.01302389893680811, 0.013732004910707474, 0.017519228160381317, 0.019870104268193245, 0.010083837434649467, 0.006180558353662491, 0.022285625338554382, 0.01758800819516182, 0.0037127716932445765, 0.002092389389872551, 0.0012283878168091178, 0.012843087315559387, 0.0013148793950676918, 0.017269833013415337, 0.008595325984060764, 0.013100091367959976, 0.016298767179250717, 0.016006723046302795, 0.01436366606503725, 0.008370870724320412, 0.003102706978097558, 0.009690751321613789, 0.007729752920567989, 0.0077239447273314, 0.001739125233143568, 0.007746817544102669, 0.0055289920419454575, 0.010792378336191177, 0.021581949666142464, 0.017213568091392517, 0.0012966389767825603, 0.0015398247633129358, 0.0020730767864733934, 0.017219234257936478, 0.003924387972801924, 0.001234467257745564, 0.0011687356745824218, 0.009978408925235271, 0.011400852352380753, 0.003985070623457432, 0.01163928396999836, 0.0035267011262476444, 0.0032194885425269604, 0.017220042645931244, 0.011949833482503891, 0.014993784949183464, 0.021556297317147255, 0.006633422337472439, 0.0037628726568073034, 0.008753410540521145, 0.0007120749796740711, 0.007483196910470724, 0.004429066553711891, 0.0006384191219694912, 0.009959863498806953, 0.013765373267233372, 0.01085110753774643, 0.014341825619339943, 0.013081323355436325, 0.011496118269860744, 0.011811594478785992, 0.02268870919942856, 0.0014521967386826873, 0.014639206230640411, 0.018442906439304352, 0.012722053565084934, 0.004363087005913258, 0.00537944957613945, 0.018450690433382988, 0.0104684978723526, 0.00045370019506663084, 0.012647759169340134, 0.0061173588037490845, 0.01654629036784172, 0.004105032421648502, 0.011485482566058636, 0.00505854981020093, 0.003139337059110403, 0.0046394094824790955, 0.004197985865175724, 0.0034532418940216303]"
F216,"[0.04436883330345154, 0.030478524044156075, 0.0023665507324039936, 0.07535550743341446, 0.012047874741256237, 0.06359614431858063, 0.0299203060567379, 0.03651086613535881, 0.0057393223978579044, 0.04470980539917946, 0.06637285649776459, 0.05538738891482353, 0.06689928472042084, 0.04796101897954941, 0.026817211881279945, 0.06774560362100601, 0.029636774212121964, 0.08250940591096878, 0.003517285455018282, 0.02745952643454075, 0.03407611325383186, 0.051861654967069626, 0.012265772558748722, 0.027188807725906372, 0.05296700820326805, 0.06740133464336395, 0.0040840767323970795, 0.0043072146363556385, 0.07142308354377747, 0.004412990529090166, 0.06898007541894913, 0.032417088747024536, 0.011167984455823898, 0.031907252967357635, 0.022437017410993576, 0.010074244812130928, 0.039072275161743164, 0.023467130959033966, 0.020902352407574654, 0.014347943477332592, 0.09930846095085144, 0.027542846277356148, 0.06770003587007523, 0.04065173864364624, 0.07917209714651108, 0.0539119727909565, 0.008954718708992004, 0.015653381124138832, 0.05560309439897537, 0.02883181720972061, 0.08967681974172592, 0.09246597439050674, 0.03036423772573471, 0.025208182632923126, 0.003915723878890276, 0.0928749367594719, 0.05810915306210518, 0.005413772538304329, 0.02341250330209732, 0.05982076749205589, 0.07270417362451553, 0.030597766861319542, 0.06467866152524948, 0.007141307927668095, 0.04585551470518112, 0.05933195725083351, 0.04540036991238594, 0.08079077303409576, 0.054678790271282196, 0.056408196687698364, 0.06524225324392319, 0.03344694897532463, 0.041499119251966476, 0.037685614079236984, 0.08546130359172821, 0.054979171603918076, 0.0533662885427475, 0.034460630267858505, 0.08384914696216583, 0.017493169754743576, 0.041493937373161316, 0.009182045236229897, 0.049043502658605576, 0.102745920419693, 0.04226469621062279, 0.002619346836581826, 0.025378519669175148, 0.07515278458595276, 0.009415757842361927, 0.023147374391555786, 0.10443767160177231, 0.037049856036901474, 0.038944195955991745, 0.015293451957404613, 0.05378070846199989, 0.07236810773611069, 0.04974512755870819, 0.023317551240324974, 0.04505009204149246, 0.014508960768580437, 0.04095373675227165, 0.06974149495363235, 0.038420431315898895, 0.07441006600856781, 0.04182814061641693, 0.041912928223609924, 0.05655555799603462, 0.018045494332909584, 0.04666426032781601, 0.048191431909799576, 0.013757674023509026, 0.010280403308570385, 0.0015845474554225802, 0.06424232572317123, 0.0154649056494236, 0.04623103886842728, 0.10923988372087479, 0.11150313168764114, 0.08426733314990997, 0.07344305515289307, 0.005387830547988415, 0.026441017165780067, 0.05565555393695831, 0.07272835075855255, 0.016719067469239235, 0.020467368885874748, 0.06916258484125137, 0.054392993450164795]"
F217,"[0.04009659215807915, 0.07381569594144821, 0.005728163290768862, 0.03506533056497574, 0.07496687769889832, 0.027654999867081642, 0.06509701907634735, 0.08973149210214615, 0.0005124027375131845, 0.06121651455760002, 0.10305482894182205, 0.06351350992918015, 0.02179173193871975, 0.0821932777762413, 0.03059576451778412, 0.1273287683725357, 0.04679682478308678, 0.08837936818599701, 0.06031937897205353, 0.03732074424624443, 0.1418294757604599, 0.11558236926794052, 0.02994348667562008, 0.045763902366161346, 0.014660709537565708, 0.047464050352573395, 0.048165351152420044, 0.016295067965984344, 0.03979288786649704, 0.08325207233428955, 0.09463758766651154, 0.03496643900871277, 0.015492632985115051, 0.00063877715729177, 0.06807854771614075, 0.0673227459192276, 0.01462832186371088, 0.0750984400510788, 0.10215785354375839, 0.019862743094563484, 0.03531266376376152, 0.006535763386636972, 0.05203300714492798, 0.021137785166502, 0.05623997747898102, 0.05646689981222153, 0.03330503776669502, 0.07471450418233871, 0.014618140645325184, 0.06957310438156128, 0.004673993214964867, 0.04619300365447998, 0.14654476940631866, 0.10281703621149063, 0.05442219227552414, 0.04929221794009209, 0.02309243381023407, 0.013228555209934711, 0.01811041869223118, 0.029036208987236023, 0.09175696969032288, 0.0010545108234509826, 0.02973398007452488, 0.011406561359763145, 0.15471971035003662, 0.13393662869930267, 0.03593817725777626, 0.006794022861868143, 0.036832425743341446, 0.043636273592710495, 0.0641690194606781, 0.08108559995889664, 0.029612969607114792, 0.0301042553037405, 0.07757985591888428, 0.0031587081030011177, 0.019309531897306442, 0.12802496552467346, 0.08149222284555435, 0.0721062421798706, 0.1259741187095642, 0.09975893050432205, 0.08146695792675018, 0.03766900300979614, 0.09480726718902588, 0.1036619246006012, 0.0890527293086052, 0.020517610013484955, 0.023244397714734077, 0.03461354598402977, 0.05018604174256325, 0.04509955272078514, 0.02684398554265499, 0.01079675555229187, 0.010350757278501987, 0.0696057379245758, 0.010657278820872307, 0.12661044299602509, 0.04622203856706619, 0.06363090872764587, 0.06577251106500626, 0.03613623231649399, 0.08827432245016098, 0.12326231598854065, 0.07483243197202682, 0.034924160689115524, 0.12949113547801971, 0.0010179365053772926, 0.09246206283569336, 0.004859951324760914, 0.015166448429226875, 0.09867144376039505, 0.08461567759513855, 0.05134880542755127, 0.14237456023693085, 0.10579762607812881, 0.02938380278646946, 0.040499646216630936, 0.03762771934270859, 0.08481886982917786, 0.012588420882821083, 0.06078128144145012, 0.035376522690057755, 0.08936136215925217, 0.005858773831278086, 8.72747568791965e-06, 0.038358256220817566, 0.021123332902789116]"
F218,"[0.16072343289852142, 0.027341052889823914, 0.09140484035015106, 0.09924988448619843, 0.159562885761261, 0.1789243519306183, 0.16475804150104523, 0.10471589863300323, 0.18448571860790253, 0.051045019179582596, 0.14341038465499878, 0.006698873825371265, 0.030552703887224197, 0.018995121121406555, 0.08887374401092529, 0.008170818910002708, 0.11940492689609528, 0.06473890691995621, 0.11572122573852539, 0.17936134338378906, 0.062445059418678284, 0.03536045923829079, 0.03884843364357948, 0.22679725289344788, 0.05647389218211174, 0.18188036978244781, 0.0662880688905716, 0.03127305954694748, 0.08046641200780869, 0.037427809089422226, 0.06878312677145004, 0.005558709613978863, 0.09884780645370483, 0.09161993861198425, 0.17319577932357788, 0.022544028237462044, 0.18480771780014038, 0.10615178942680359, 0.061933569610118866, 0.1945449858903885, 0.02922665886580944, 0.1347498595714569, 0.16908717155456543, 0.061957936733961105, 0.06403181701898575, 0.10187096893787384, 0.21063347160816193, 0.0073578329756855965, 0.16045956313610077, 0.09485854208469391, 0.02262440323829651, 0.038672011345624924, 0.1777523159980774, 0.06126991659402847, 0.03903048858046532, 0.083616703748703, 0.17375324666500092, 0.12420545518398285, 0.10873230546712875, 0.1994379311800003, 0.09627339243888855, 0.018198305740952492, 0.09414234012365341, 0.2094847857952118, 0.049820028245449066, 0.11209715902805328, 0.05002575367689133, 0.11171100288629532, 0.10386557132005692, 0.05981419235467911, 0.09778600931167603, 0.09089738875627518, 0.05640022084116936, 0.10874325782060623, 0.04315824434161186, 0.028155967593193054, 0.2018500715494156, 0.03431148827075958, 0.19388189911842346, 0.1570879966020584, 0.02904863841831684, 0.12240611016750336, 0.03226996585726738, 0.08958809077739716, 0.06860742717981339, 0.12489866465330124, 0.11011183261871338, 0.11990703642368317, 0.10836617648601532, 0.012753323651850224, 0.03695407137274742, 0.18468433618545532, 0.17156442999839783, 0.08172160387039185, 0.016643622890114784, 0.17092666029930115, 0.02314027212560177, 0.056288816034793854, 0.11491578072309494, 0.07549785822629929, 0.2038491666316986, 0.0006617457256652415, 0.11757168918848038, 0.15443938970565796, 0.07360468059778214, 0.05263030156493187, 0.024172242730855942, 0.09683333337306976, 0.005020554177463055, 0.07393565028905869, 0.09029512107372284, 0.031005937606096268, 0.028218982741236687, 0.04871280491352081, 0.23264002799987793, 0.08796876668930054, 0.014821597374975681, 0.012009112164378166, 0.01961461454629898, 0.18929600715637207, 0.07330476492643356, 0.011981808580458164, 0.13824591040611267, 0.1310306042432785, 0.06296136230230331, 0.2063429355621338, 0.14223156869411469, 0.08786141127347946]"
F219,"[0.15126651525497437, 0.11114442348480225, 0.09666658192873001, 0.11350250244140625, 0.08346621692180634, 0.05092718079686165, 0.09804105013608932, 0.15108102560043335, 0.24530671536922455, 0.023563949391245842, 0.24157969653606415, 0.10818216949701309, 0.11191407591104507, 0.042254164814949036, 0.25199267268180847, 0.02243747003376484, 0.058123428374528885, 0.13604579865932465, 0.09328898787498474, 0.1496967226266861, 0.07140813767910004, 0.014942831359803677, 0.019144685938954353, 0.15164238214492798, 0.12579350173473358, 0.07315082103013992, 0.007919174619019032, 0.06495065987110138, 0.21324706077575684, 0.16489160060882568, 0.03828834369778633, 0.07995973527431488, 0.16531555354595184, 0.11989176273345947, 0.04576849192380905, 0.13176238536834717, 0.04932733252644539, 0.23556102812290192, 0.1339295655488968, 0.08255773037672043, 0.060187023133039474, 0.01666596159338951, 0.22103039920330048, 0.10418014228343964, 0.13806867599487305, 0.12010128051042557, 0.14001725614070892, 0.033392976969480515, 0.2400096356868744, 0.03434240072965622, 0.015614078380167484, 0.07640033215284348, 0.14553044736385345, 0.0929136648774147, 0.1686982959508896, 0.14428572356700897, 0.15723590552806854, 0.19080844521522522, 0.0633554458618164, 0.246720090508461, 0.08939749002456665, 0.002438722411170602, 0.11281334608793259, 0.0687582790851593, 0.01679644174873829, 0.005394239444285631, 0.07982387393712997, 0.06702055037021637, 0.10016578435897827, 0.03563318029046059, 0.12026717513799667, 0.07318644225597382, 0.111505426466465, 0.15504540503025055, 0.13250082731246948, 0.018064284697175026, 0.1315566748380661, 0.07287118583917618, 0.18538852035999298, 0.10794565826654434, 0.029772896319627762, 0.16881850361824036, 0.04795558378100395, 0.021381264552474022, 0.001272529480047524, 0.046808503568172455, 0.1864602267742157, 0.05152779072523117, 0.03862094506621361, 0.03497844189405441, 0.11767712980508804, 0.20655152201652527, 0.22297050058841705, 0.07970623672008514, 0.12931591272354126, 0.19894737005233765, 0.12255791574716568, 0.12857061624526978, 0.16140387952327728, 0.019602585583925247, 0.2023778259754181, 0.10079704225063324, 0.019536666572093964, 0.1770518720149994, 0.05242248252034187, 0.12430783361196518, 0.11781401187181473, 0.06113065406680107, 0.1421993374824524, 0.08408880978822708, 0.049240149557590485, 0.1804817020893097, 0.06396693736314774, 0.1864476203918457, 0.08642963320016861, 0.04279446229338646, 0.0467892624437809, 0.015612621791660786, 0.0799323245882988, 0.022562365978956223, 0.042849186807870865, 0.11115070432424545, 0.09673011302947998, 0.09021832048892975, 0.09501684457063675, 0.1848096251487732, 0.12040247768163681, 0.04147033020853996]"
F220,"[0.025346675887703896, 0.021610861644148827, 0.014569730497896671, 0.05863366276025772, 0.002598111517727375, 0.01362986396998167, 0.07581433653831482, 0.049019429832696915, 0.02494329772889614, 0.045230694115161896, 0.00474297720938921, 0.03579917550086975, 0.042416807264089584, 0.012783793732523918, 0.0007795215351507068, 0.03785044699907303, 0.05760730430483818, 0.0243485439568758, 0.020115921273827553, 0.02403755486011505, 0.0008450525929220021, 0.029988983646035194, 0.00546049140393734, 0.03402828052639961, 0.025252854451537132, 0.03103969804942608, 0.04402716085314751, 0.006564943585544825, 0.011843872256577015, 0.023126976564526558, 0.02914745919406414, 0.05225175991654396, 0.06528237462043762, 0.041259992867708206, 0.0017593876691535115, 0.012600348331034184, 0.07716399431228638, 0.010344527661800385, 0.019770817831158638, 0.008850673213601112, 0.05330881103873253, 0.009131338447332382, 0.011011620052158833, 0.006641947664320469, 0.036297645419836044, 0.01311313547194004, 0.057000476866960526, 0.016878511756658554, 0.0051883189007639885, 0.03637397289276123, 0.055171120911836624, 0.02030331827700138, 0.019751030951738358, 0.04377676174044609, 0.07022225111722946, 0.004832735285162926, 0.017466329038143158, 0.011048473417758942, 0.0015578471357002854, 0.06882333010435104, 0.07693270593881607, 0.011526457965373993, 0.01128251850605011, 0.020762866362929344, 0.039362624287605286, 0.03473749756813049, 0.07646086066961288, 0.005604760255664587, 0.011149639263749123, 0.05446833372116089, 0.04200996086001396, 0.0025721322745084763, 0.0366017110645771, 0.029887888580560684, 0.041920579969882965, 0.07257544994354248, 0.014956013299524784, 0.03987748548388481, 0.015550361014902592, 0.016975799575448036, 0.018147697672247887, 0.01676955074071884, 0.02814195677638054, 0.024460960179567337, 0.05154936760663986, 0.013685137964785099, 0.005624684039503336, 0.011519894935190678, 0.005028990563005209, 0.022592557594180107, 0.002485725563019514, 0.008352532051503658, 0.08143027126789093, 0.07330768555402756, 0.02555183321237564, 0.029384050518274307, 0.0061224037781357765, 0.025011304765939713, 0.001378545188345015, 0.01575130596756935, 0.010956606827676296, 0.006900276057422161, 0.010013951919972897, 0.025943834334611893, 0.06939269602298737, 0.03917357698082924, 0.033933158963918686, 0.02905379608273506, 0.011941694654524326, 0.05128282681107521, 0.007536421064287424, 0.027060750871896744, 0.03593090921640396, 0.0008071917109191418, 0.02927645854651928, 0.055346064269542694, 0.015525253489613533, 0.02563895471394062, 0.040665142238140106, 0.022580094635486603, 0.03426678851246834, 0.05859103426337242, 0.026310984045267105, 0.04781696945428848, 0.01457161270081997, 0.049243755638599396, 0.06454648822546005, 0.017228547483682632]"
F221,"[0.058971188962459564, 0.05260967090725899, 0.016975872218608856, 0.07302849739789963, 0.02574988082051277, 0.043604880571365356, 0.05640559643507004, 0.06645044684410095, 0.06507709622383118, 0.0191345177590847, 0.07054619491100311, 0.05658622458577156, 0.031251758337020874, 0.059639569371938705, 0.05520397424697876, 0.07405926287174225, 0.012767286039888859, 0.05233084782958031, 0.018740210682153702, 0.06688249856233597, 0.08782025426626205, 0.027958732098340988, 0.0005403257673606277, 0.021500473842024803, 0.12242835015058517, 0.031209733337163925, 0.0454237274825573, 0.0850381851196289, 0.07239050418138504, 0.07198052853345871, 0.04860489070415497, 0.06981047242879868, 0.00028805722831748426, 0.006673347670584917, 0.03591914847493172, 0.017023464664816856, 0.011945911683142185, 0.057294659316539764, 0.007346912752836943, 0.08116226643323898, 0.0267290398478508, 0.009573630057275295, 0.04381103441119194, 0.027895189821720123, 0.04931805655360222, 0.011634399183094501, 0.0198518093675375, 0.10442129522562027, 0.01653456501662731, 0.0020133040379732847, 0.09150911867618561, 0.02362494356930256, 0.050232063978910446, 0.07252909988164902, 0.0457775704562664, 0.062349751591682434, 0.06712257117033005, 0.0199675802141428, 0.08227646350860596, 0.06971636414527893, 0.0051552667282521725, 0.10337227582931519, 0.06880435347557068, 0.05273974686861038, 0.03814198076725006, 0.011256669647991657, 0.06526720523834229, 0.008823713287711143, 0.018374040722846985, 0.05142752081155777, 0.033170606940984726, 0.028410205617547035, 0.025394381955266, 0.05964537337422371, 0.0637112557888031, 0.006408318877220154, 0.028524387627840042, 0.11841395497322083, 0.02537546493113041, 0.006249463185667992, 0.113369420170784, 0.04487425833940506, 0.04840688407421112, 0.040846843272447586, 0.05609240010380745, 0.019124668091535568, 0.012723537161946297, 0.03271636739373207, 0.11340021342039108, 0.028483645990490913, 0.012438281439244747, 0.05954573675990105, 0.06600786000490189, 0.031926460564136505, 0.06335603445768356, 0.059326693415641785, 0.001859768177382648, 0.09451187402009964, 0.021010126918554306, 0.02901669591665268, 0.021489784121513367, 0.05312763527035713, 0.0718391016125679, 0.011419571004807949, 0.03153923898935318, 0.04911646991968155, 0.03152887523174286, 0.06371720880270004, 0.06976214796304703, 0.05131391063332558, 0.027576660737395287, 0.025922633707523346, 0.08150912076234818, 0.004582051187753677, 0.029483027756214142, 0.014261557720601559, 0.14020822942256927, 0.0711565613746643, 0.004406205378472805, 0.07864205539226532, 0.0061212084256112576, 0.06669334322214127, 0.07787802815437317, 0.09686360508203506, 0.06689513474702835, 0.06501692533493042, 0.012632695026695728, 0.01827317662537098]"
F222,"[0.05240833759307861, 0.061498887836933136, 0.015784544870257378, 0.020897522568702698, 0.02074858732521534, 0.047988537698984146, 0.05918589606881142, 0.036921415477991104, 0.08163655549287796, 0.02541007474064827, 0.04516104981303215, 0.02120053581893444, 0.03437725454568863, 0.017750395461916924, 0.009619154036045074, 0.021976029500365257, 0.0008111036731861532, 0.06728027760982513, 0.06158297881484032, 0.019450612366199493, 0.05902094766497612, 0.06420861184597015, 0.06080111488699913, 0.03759740665555, 0.08544028550386429, 0.02898029424250126, 0.026977896690368652, 0.031038543209433556, 0.04444122686982155, 0.06559550762176514, 0.05719026178121567, 0.06074538081884384, 0.01385181862860918, 0.033327747136354446, 0.011225754395127296, 0.08788024634122849, 0.014329093508422375, 0.01794927380979061, 0.04048117995262146, 0.03649195656180382, 0.01499467995017767, 0.011314542032778263, 0.026438351720571518, 0.0004526817938312888, 0.07179609686136246, 0.008876284584403038, 0.005541778635233641, 0.02658826671540737, 0.049211688339710236, 0.08242636173963547, 0.0104810306802392, 0.07694604247808456, 0.0779448002576828, 0.02488674968481064, 0.0005145666655153036, 0.027610914781689644, 0.037932731211185455, 0.01957457885146141, 0.03275785222649574, 0.046537842601537704, 0.0284365713596344, 0.06957917660474777, 0.027400298044085503, 0.039255332201719284, 0.06669533252716064, 0.05336010456085205, 0.02396285906434059, 0.009018461219966412, 0.027988046407699585, 0.012849130667746067, 0.006232502870261669, 0.03211935609579086, 0.006846964824944735, 0.1124134212732315, 0.028871504589915276, 0.016339212656021118, 0.056871507316827774, 0.0668598860502243, 0.048604995012283325, 0.01408473402261734, 0.023845406249165535, 0.0630817860364914, 0.0016630401369184256, 0.06818274408578873, 0.01566784828901291, 0.05153407156467438, 0.05517755448818207, 0.06744012236595154, 0.0156889446079731, 0.03388248383998871, 0.03400791063904762, 0.002217986388131976, 0.006763865239918232, 0.03287443518638611, 0.038885120302438736, 0.06108853220939636, 0.02174735814332962, 0.01445071306079626, 0.0448932908475399, 0.04360955208539963, 0.03891194611787796, 0.0038977125659585, 0.08866636455059052, 0.047758881002664566, 0.08423593640327454, 0.029136620461940765, 0.035810284316539764, 0.02616194635629654, 0.05109207332134247, 0.05750592425465584, 0.05992347374558449, 0.03302391618490219, 0.03409907594323158, 0.039976924657821655, 0.07294289767742157, 0.06051568686962128, 0.052304185926914215, 0.07576240599155426, 0.017303328961133957, 0.008420228026807308, 0.04703069105744362, 0.05369015038013458, 0.07669457048177719, 0.019669564440846443, 0.024707535281777382, 0.042627714574337006, 0.07144029438495636, 0.06030097231268883]"
F223,"[0.08459822088479996, 0.05264454334974289, 0.017371265217661858, 0.04554320499300957, 0.03397529944777489, 0.05976821109652519, 0.0487494058907032, 0.01897810772061348, 0.09301131963729858, 0.05490761250257492, 0.03999368101358414, 0.0838143602013588, 0.02772211655974388, 0.006351487711071968, 0.0805286169052124, 0.05976833030581474, 0.03796263784170151, 0.12385930120944977, 0.02546759322285652, 0.024370471015572548, 0.0358147956430912, 0.1086958795785904, 0.002820671070367098, 0.0005040871910750866, 0.053025152534246445, 0.0611024834215641, 0.00035343083436600864, 0.014230117201805115, 0.08847487717866898, 0.10997240990400314, 0.16564586758613586, 0.016116848215460777, 0.04496575891971588, 0.004728736821562052, 0.04264324903488159, 0.0019762355368584394, 0.10611338168382645, 0.059067510068416595, 0.06246235966682434, 0.016334619373083115, 0.07864923030138016, 0.006391043309122324, 0.08342869579792023, 0.047461800277233124, 0.07407072186470032, 0.08894354104995728, 0.04668309912085533, 0.05593842267990112, 0.010637504979968071, 0.011576119810342789, 0.017879346385598183, 0.034627337008714676, 0.09746553748846054, 0.031454022973775864, 0.02441166155040264, 0.042925816029310226, 0.021735500544309616, 0.029145875945687294, 0.019716478884220123, 0.12198499590158463, 0.06757053732872009, 0.07408586889505386, 0.040367547422647476, 0.06146435812115669, 0.13286854326725006, 0.16569733619689941, 0.11393073201179504, 0.05789320915937424, 0.07746390998363495, 0.04881791025400162, 0.01301958505064249, 0.0701116994023323, 0.07634270936250687, 0.04995383322238922, 0.04854356870055199, 0.10236571729183197, 0.0043421583250164986, 0.07442546635866165, 0.00597623735666275, 0.02302214503288269, 0.0007077729096636176, 0.08403533697128296, 0.06423507630825043, 0.03958623856306076, 0.055546730756759644, 0.10496671497821808, 0.006742208730429411, 0.06075677275657654, 0.08945289254188538, 0.0422108955681324, 0.02832038514316082, 0.004409201443195343, 0.04016411304473877, 0.0628354474902153, 0.06285609304904938, 0.0017893777694553137, 0.009511616080999374, 0.11327076703310013, 0.016870036721229553, 0.05187460035085678, 0.028823986649513245, 0.09010496735572815, 0.07071861624717712, 0.016847915947437286, 0.08020519465208054, 0.06130100414156914, 0.14640025794506073, 0.1191134825348854, 0.03683142364025116, 0.0047652400098741055, 0.01106095127761364, 0.14674876630306244, 0.01488641556352377, 0.005224761553108692, 0.12885086238384247, 0.12213314324617386, 0.02960824780166149, 0.018003283068537712, 0.09910733252763748, 0.06338544934988022, 0.011129564605653286, 0.057309024035930634, 0.05226531997323036, 0.038393449038267136, 0.022941600531339645, 0.04743029922246933, 0.06370861828327179, 0.10002487152814865]"
F224,"[0.03444300591945648, 0.05821438506245613, 0.002019087318331003, 0.013675907626748085, 0.00975319929420948, 0.018605422228574753, 0.006591983139514923, 0.028736619278788567, 0.003273959970101714, 0.005899922922253609, 0.03680400177836418, 0.014885695651173592, 0.03011642023921013, 0.004231132101267576, 0.011841732077300549, 0.014615898951888084, 0.03812214732170105, 0.003918118309229612, 0.02300403267145157, 0.035960603505373, 0.031146317720413208, 0.0010059543419629335, 0.0408085361123085, 0.06537431478500366, 0.039539631456136703, 0.025138432160019875, 0.006090414244681597, 0.002478858223184943, 0.03826317563652992, 0.01384944748133421, 0.015978941693902016, 0.0030564579647034407, 0.0033034232910722494, 0.014023232273757458, 0.00032037190976552665, 0.013344376347959042, 0.05169311538338661, 0.036328017711639404, 0.010497240349650383, 0.006089609116315842, 0.019712284207344055, 0.009249025955796242, 0.04432440549135208, 0.0509331114590168, 0.03060668334364891, 0.04192011430859566, 0.03621509671211243, 0.013562675565481186, 0.0074880728498101234, 0.043421320617198944, 0.005523433443158865, 0.024197332561016083, 0.011461740359663963, 0.013808176852762699, 0.043943509459495544, 0.01423301175236702, 0.02060852199792862, 0.04541406407952309, 0.0024498351849615574, 0.021300729364156723, 0.04581381380558014, 0.062238845974206924, 0.0341431125998497, 0.02425258606672287, 0.0012456872500479221, 0.028234535828232765, 0.019200466573238373, 0.0010493560694158077, 0.04039747267961502, 0.003975566942244768, 0.04574764147400856, 0.022922439500689507, 0.032516371458768845, 0.005642962176352739, 0.021339602768421173, 0.05825432017445564, 0.0101069500669837, 0.04747525230050087, 0.02491483837366104, 0.018015356734395027, 0.02734220027923584, 0.0040010144002735615, 0.024260930716991425, 0.04959506168961525, 0.0010362222092226148, 0.031063467264175415, 0.026045359671115875, 0.013756200671195984, 0.017910806462168694, 0.016114162281155586, 0.003325417637825012, 0.04607255011796951, 0.012996109202504158, 0.022495100274682045, 0.002527230652049184, 0.03279756009578705, 0.0012108675437048078, 0.03948277607560158, 0.013161617331206799, 0.05138815939426422, 0.01692749373614788, 0.0035823341459035873, 0.0024640383198857307, 0.003173829521983862, 0.04967980459332466, 0.04761927202343941, 0.011023402214050293, 0.009295779280364513, 0.030151711776852608, 0.007892835885286331, 0.02334378845989704, 0.032195668667554855, 0.04085123538970947, 0.021517260000109673, 0.010902732610702515, 0.022638052701950073, 0.02048766240477562, 0.038081031292676926, 0.020752113312482834, 0.0012267911806702614, 0.024269603192806244, 0.041799794882535934, 0.018638839945197105, 0.05181918665766716, 0.04044732823967934, 0.01169021986424923, 0.008596264757215977, 0.01416139118373394]"
F225,"[0.007223483175039291, 0.004228209611028433, 0.009958595968782902, 0.006651503499597311, 0.0004426717641763389, 0.01136814709752798, 0.01116137858480215, 0.005346462596207857, 0.010759263299405575, 0.025833792984485626, 0.0008366878028027713, 0.03023802675306797, 0.007689788471907377, 0.0022310269996523857, 0.0025613585021346807, 0.002775679575279355, 0.0231331679970026, 0.002967721549794078, 0.006976987235248089, 0.01834292896091938, 0.0015623326180502772, 0.008556177839636803, 0.00717100128531456, 0.007908891886472702, 0.016233958303928375, 0.002796098357066512, 0.009220548905432224, 0.019009217619895935, 0.00869408156722784, 0.004013324622064829, 0.020183147862553596, 0.01098701823502779, 0.002434928435832262, 0.01002569030970335, 0.006117259152233601, 0.016955876722931862, 0.007225044537335634, 0.021934764459729195, 0.003078203648328781, 0.0010069005656987429, 0.0013564485125243664, 0.023236384615302086, 7.38135349820368e-06, 0.030635949224233627, 0.005572240799665451, 0.0019673509523272514, 0.0035423818044364452, 0.0019528907723724842, 0.0052915820851922035, 0.002863745205104351, 0.005035856273025274, 0.010659908875823021, 0.0026727705262601376, 0.005524166859686375, 0.0006909159710630774, 0.004820395726710558, 0.012149284593760967, 0.020855508744716644, 0.009622466750442982, 0.012001533061265945, 0.009433088824152946, 0.008440769277513027, 0.0006596411112695932, 0.0033399153035134077, 0.010625841096043587, 0.004705024883151054, 0.007978626526892185, 0.007119771093130112, 0.011235461570322514, 0.0021187353413552046, 0.013764910399913788, 0.007342166732996702, 0.009503201581537724, 0.016356123611330986, 0.021046973764896393, 0.0147599708288908, 0.0025448992382735014, 0.0007603112026117742, 0.003206503577530384, 0.003140912624076009, 0.0027228742837905884, 0.010591324418783188, 0.009358400478959084, 0.003833977272734046, 0.009930871427059174, 0.002764843637123704, 0.007862613536417484, 0.004318568389862776, 0.009893951006233692, 0.030541056767106056, 0.025552138686180115, 0.011230899952352047, 0.0055850413627922535, 0.015748649835586548, 0.016731614246964455, 0.0016272857319563627, 0.013712367042899132, 0.011097632348537445, 0.0035710721276700497, 0.03728221356868744, 0.005429414566606283, 0.009858185425400734, 0.00517706573009491, 0.008781738579273224, 0.010621940717101097, 0.013006359338760376, 0.022294413298368454, 0.012408911250531673, 0.0009132065461017191, 0.0019813382532447577, 0.0028930294793099165, 0.009187949821352959, 0.014413965865969658, 0.008166523650288582, 0.009878176264464855, 0.013291985727846622, 0.004369309172034264, 0.009718419052660465, 0.0016366633353754878, 0.013675049878656864, 0.02532244101166725, 0.009163973852992058, 0.0065827155485749245, 0.0011091195046901703, 0.011271713301539421, 0.0038595765363425016, 0.0034436765126883984, 0.007306501269340515]"
F226,"[0.036673277616500854, 0.01934252865612507, 0.0005871366593055427, 0.047594211995601654, 0.07185054570436478, 0.057912297546863556, 0.04269636049866676, 0.036491408944129944, 0.06343275308609009, 0.05558328330516815, 0.04702512547373772, 0.10324686020612717, 0.008559825830161572, 0.0020696306601166725, 0.06883973628282547, 0.12289021909236908, 0.08486155420541763, 0.10710448026657104, 0.07087718695402145, 0.05006660521030426, 0.04747387021780014, 0.08143829554319382, 0.028570974245667458, 0.07392926514148712, 0.0800217017531395, 0.09498025476932526, 0.02688920870423317, 0.01152428425848484, 0.01355510763823986, 0.07567096501588821, 0.04645565152168274, 0.11383925378322601, 0.012398794293403625, 0.08310766518115997, 0.0861789658665657, 0.10553298145532608, 0.09922191500663757, 0.04220505431294441, 0.08976353704929352, 0.002376964082941413, 0.01427121739834547, 0.024119442328810692, 0.0043417527340352535, 0.03419914096593857, 0.0723215639591217, 0.06744040548801422, 0.10032539069652557, 0.0007987863500602543, 0.1027146503329277, 0.12246504426002502, 0.01783444546163082, 0.054226286709308624, 0.05814719945192337, 0.029051722958683968, 0.03231992572546005, 0.0650743842124939, 0.01293556671589613, 0.040706340223550797, 0.05254201963543892, 0.07878748327493668, 0.00952728372067213, 0.07134199142456055, 0.062451694160699844, 0.02674703672528267, 0.10576028376817703, 0.11607968807220459, 0.041516970843076706, 0.06455950438976288, 0.11771195381879807, 0.009789380244910717, 0.005457735620439053, 0.037345800548791885, 0.07917533069849014, 0.08850684016942978, 0.12256542593240738, 0.02394285798072815, 0.07698169350624084, 0.13863807916641235, 0.013557045720517635, 0.0276349950581789, 0.07930608838796616, 0.007814176380634308, 0.03793724626302719, 0.03289810195565224, 0.06148897483944893, 0.07652265578508377, 0.006419582758098841, 0.028070202097296715, 0.11277607083320618, 0.08117377012968063, 0.006367374677211046, 0.018192363902926445, 0.07208497077226639, 0.0072592454962432384, 0.04900427535176277, 0.12531718611717224, 0.07651732861995697, 0.017859837040305138, 0.06525041162967682, 0.03745533898472786, 0.12484358996152878, 0.05104291811585426, 0.0027376175858080387, 0.06932689994573593, 0.03734752908349037, 0.053658582270145416, 0.034765176475048065, 0.05184895917773247, 0.015117514878511429, 0.09808539599180222, 0.05301770195364952, 0.008543301373720169, 0.03946778178215027, 0.025957373902201653, 0.029038578271865845, 0.012950673699378967, 0.10562603175640106, 0.044966988265514374, 0.00602751225233078, 0.019596215337514877, 0.01186291966587305, 0.024584639817476273, 0.11260952055454254, 0.049744103103876114, 0.12485218793153763, 0.011194586753845215, 0.022699996829032898, 0.07167838513851166]"
F227,"[0.0040530492551624775, 0.0013273241929709911, 0.05827103555202484, 0.0645194947719574, 0.07451806962490082, 0.016302431002259254, 0.003118749475106597, 0.019998371601104736, 0.04759968817234039, 0.057536426931619644, 0.01590067893266678, 0.06450135260820389, 0.06625442206859589, 0.029896847903728485, 0.04481123387813568, 0.13186481595039368, 0.005263773258775473, 0.004217921756207943, 0.09110195189714432, 0.07038294523954391, 0.07385224848985672, 0.04567214101552963, 0.0531141459941864, 0.0006625053938478231, 0.060603585094213486, 0.05643618479371071, 0.05408235266804695, 0.010997244156897068, 0.057031553238630295, 0.09316843003034592, 0.03367023542523384, 0.033843692392110825, 0.08972842991352081, 0.016017528250813484, 0.003703407710418105, 0.04981832206249237, 0.03293415158987045, 0.029906271025538445, 0.1223500594496727, 0.10633840411901474, 0.06572727859020233, 0.014975329861044884, 0.17111700773239136, 0.014888695441186428, 0.0008705347427166998, 0.04283228516578674, 0.07773172855377197, 0.021787958219647408, 0.09547832608222961, 0.08340391516685486, 0.06144006922841072, 0.05986693501472473, 0.09147865325212479, 0.03936101868748665, 0.049384746700525284, 0.08980323374271393, 0.016176508739590645, 0.055168475955724716, 0.05667119845747948, 0.06653257459402084, 0.021065084263682365, 0.06518039852380753, 0.07946018874645233, 0.12499522417783737, 0.017225533723831177, 0.00462504755705595, 0.11374185979366302, 0.08549822866916656, 0.002759359311312437, 0.06468778848648071, 0.07155907154083252, 0.04252685606479645, 0.09941528737545013, 0.05030778795480728, 0.07385524362325668, 0.0564853772521019, 0.004589528311043978, 0.03790142759680748, 0.08619040995836258, 0.027134602889418602, 0.08848819136619568, 0.11787645518779755, 0.06705150008201599, 0.029883036389946938, 0.024264134466648102, 0.08898390829563141, 0.06530876457691193, 0.044917032122612, 0.024807097390294075, 0.08096464723348618, 0.030376756563782692, 0.013481403701007366, 0.015880707651376724, 0.003108395030722022, 0.01302218809723854, 0.04910605028271675, 0.00402384577319026, 0.03257995843887329, 0.08004691451787949, 0.08306080102920532, 0.019795717671513557, 0.0604357048869133, 0.05848567560315132, 0.07221385836601257, 0.06070927530527115, 0.07578548789024353, 0.0045627690851688385, 0.09497228264808655, 0.0181057620793581, 0.07199879735708237, 0.00347480783239007, 0.06550930440425873, 0.05109092593193054, 0.019137317314743996, 0.09290657937526703, 0.06537740677595139, 0.08560241013765335, 0.015634087845683098, 0.11028396338224411, 0.03468148410320282, 0.05508146435022354, 0.07123057544231415, 0.08910372108221054, 0.03853794187307358, 0.0587170273065567, 0.05743800103664398, 0.1008114367723465, 0.03184828162193298]"
F228,"[0.014611228369176388, 0.02805958315730095, 0.04384542629122734, 0.042077112942934036, 0.05997590348124504, 0.0027809152379631996, 0.030366601422429085, 0.0022411802783608437, 0.009486964903771877, 0.06108031049370766, 0.015424780547618866, 0.054887305945158005, 0.026285715401172638, 0.016515934839844704, 0.03762131929397583, 0.018564095720648766, 0.0213088970631361, 0.013291841372847557, 0.019649939611554146, 0.041259050369262695, 0.020887451246380806, 0.012281318195164204, 0.007008755579590797, 0.04920555651187897, 0.033814556896686554, 0.02088884450495243, 0.011320642195641994, 0.04235575348138809, 0.011612859554588795, 0.01671811006963253, 0.017477018758654594, 0.012336837127804756, 0.019761377945542336, 0.034905221313238144, 0.029926728457212448, 0.029691319912672043, 0.04871150106191635, 0.038056667894124985, 0.024622473865747452, 0.0485677495598793, 0.061192262917757034, 0.008637710474431515, 0.012887147255241871, 0.044363439083099365, 0.05175183340907097, 0.041224487125873566, 0.04697633162140846, 0.002540879650041461, 0.022219670936465263, 0.01693154312670231, 0.006043825298547745, 0.045949988067150116, 0.02582673355937004, 0.04006865620613098, 0.03462715819478035, 0.0065121036022901535, 0.015420759096741676, 0.010140258818864822, 0.03691314160823822, 0.0028657037764787674, 0.03060569427907467, 0.025934841483831406, 0.0107191801071167, 0.020441144704818726, 0.011519783176481724, 0.005289067514240742, 0.04173898324370384, 0.018915873020887375, 0.008618142455816269, 0.024839652702212334, 0.01623304933309555, 0.04421091452240944, 0.04849458858370781, 8.308959513669834e-05, 0.00943914894014597, 0.02125219628214836, 0.034632764756679535, 0.05212884768843651, 0.014071935787796974, 0.006456602364778519, 0.03315011039376259, 0.04930185154080391, 0.03341785818338394, 0.004627247340977192, 0.009823424741625786, 0.020060276612639427, 0.01932080090045929, 0.02257532626390457, 0.029146727174520493, 0.005199318751692772, 0.011067199520766735, 0.04995870217680931, 0.0062706307508051395, 0.0226297564804554, 0.0002951037313323468, 0.03302668035030365, 0.03731847554445267, 0.007881784811615944, 0.00906922947615385, 0.024674326181411743, 0.0694568008184433, 0.010899990797042847, 0.019666101783514023, 0.03292793780565262, 0.01366462092846632, 0.007669752463698387, 0.01958850771188736, 0.004020543769001961, 0.013966969214379787, 0.0013106479309499264, 0.02718261070549488, 0.059037577360868454, 0.03955869376659393, 0.03489890694618225, 0.03917643427848816, 0.028742704540491104, 0.0422065332531929, 0.044233981519937515, 0.09203066676855087, 0.02748042531311512, 0.02092079445719719, 0.005812312010675669, 0.028170308098196983, 0.012946339324116707, 0.020447123795747757, 0.03893449530005455, 0.0413002111017704, 0.019365129992365837]"
F229,"[0.05044274404644966, 0.00137295201420784, 0.056531649082899094, 0.06529111415147781, 0.021375413984060287, 0.03360912576317787, 0.012765588238835335, 0.019657110795378685, 0.0399448424577713, 0.07482849061489105, 0.033344898372888565, 0.04414966702461243, 0.006056266836822033, 0.08627583086490631, 0.02551485039293766, 0.0259504783898592, 0.06528493016958237, 0.04073527827858925, 0.05064605176448822, 0.06594330817461014, 0.0036729134153574705, 0.0752088651061058, 0.02813054621219635, 0.03792344778776169, 0.06523805111646652, 0.0026158520486205816, 0.07012098282575607, 0.10532397031784058, 0.06040976941585541, 0.05153051018714905, 0.021556874737143517, 0.05730906501412392, 0.05641692876815796, 0.07314244657754898, 0.05967570096254349, 0.05828256905078888, 0.018409473821520805, 0.04601522907614708, 0.03543386980891228, 0.07451147586107254, 0.07554280012845993, 0.04866182431578636, 0.013084692880511284, 0.049358949065208435, 0.01437681820243597, 0.13448446989059448, 0.0901130810379982, 0.08059747517108917, 0.06486647576093674, 0.010949643328785896, 0.03444857522845268, 0.0397762656211853, 0.06595582515001297, 0.06492860615253448, 0.040154632180929184, 0.004004973452538252, 0.054153118282556534, 0.021532397717237473, 0.037632476538419724, 0.02984706684947014, 0.04815610125660896, 0.008130820468068123, 0.09417208284139633, 0.06988953053951263, 0.04875407740473747, 0.010543008334934711, 0.06023046374320984, 0.033219628036022186, 0.04228410869836807, 0.026143522933125496, 0.07110820710659027, 0.01353974174708128, 0.05184859037399292, 0.051268529146909714, 0.0867241770029068, 0.015305940061807632, 0.02451286092400551, 0.055289026349782944, 0.0714368224143982, 0.05788496881723404, 0.03869432210922241, 0.02170487493276596, 0.058023154735565186, 0.06317584216594696, 0.05690016597509384, 0.11840876936912537, 0.006926126778125763, 0.022856757044792175, 0.026126783341169357, 0.014521158300340176, 0.010941220447421074, 0.003866424085572362, 0.049441587179899216, 0.08374816179275513, 0.10774973034858704, 0.074896901845932, 0.060906000435352325, 0.04064739868044853, 0.09076416492462158, 0.04393415525555611, 0.03912485018372536, 0.0479414165019989, 0.05352260544896126, 0.05515314266085625, 0.010894221253693104, 0.013977090828120708, 0.030067041516304016, 0.05444467067718506, 0.006838670000433922, 0.027845259755849838, 0.02925247512757778, 0.04277919605374336, 0.0017585370223969221, 0.018847081810235977, 0.014271336607635021, 0.03280390799045563, 0.05145948752760887, 0.04013361781835556, 0.018058039247989655, 0.10354189574718475, 0.01794864982366562, 0.017485104501247406, 0.057190969586372375, 0.0006369779002852738, 0.04677049443125725, 0.018167227506637573, 0.01048954762518406, 0.0031277616508305073]"
F230,"[0.05907856673002243, 0.004247285425662994, 0.02698523923754692, 0.08063870668411255, 0.0018305459525436163, 0.059366580098867416, 0.10524708032608032, 0.04274122789502144, 0.0030964070465415716, 0.024744339287281036, 0.05806542932987213, 0.01444019190967083, 0.0012769716558977962, 0.07889553904533386, 0.049958858639001846, 0.01732066087424755, 0.06387726962566376, 0.0892544612288475, 0.04346151277422905, 0.021301336586475372, 0.039830081164836884, 0.014444529078900814, 0.07007845491170883, 0.022608036175370216, 0.060315266251564026, 0.058821745216846466, 0.07175049930810928, 0.026729043573141098, 0.08754351735115051, 0.04471026733517647, 0.010419945232570171, 0.014315309002995491, 0.01638793759047985, 0.05224788561463356, 0.07884838432073593, 0.08881571888923645, 0.09529905021190643, 0.10532337427139282, 0.009424803778529167, 0.036455195397138596, 0.04498673602938652, 0.053558748215436935, 0.052713897079229355, 0.10107598453760147, 0.09476141631603241, 0.07582739740610123, 0.009849730879068375, 0.06020662561058998, 0.06156435236334801, 0.026150275021791458, 0.0021279570646584034, 0.02013428322970867, 0.07003526389598846, 0.02236851677298546, 0.04751940816640854, 0.07156965881586075, 0.052328210324048996, 0.02040238305926323, 0.021520497277379036, 0.04102208465337753, 0.041015468537807465, 0.027575097978115082, 0.0811154693365097, 0.05869307368993759, 0.0835370272397995, 0.011515052057802677, 0.014547512866556644, 0.02517126500606537, 0.08308728039264679, 0.033025890588760376, 0.0878111869096756, 0.0767313688993454, 0.009225460700690746, 0.07281935960054398, 0.04691912606358528, 0.08640772104263306, 0.0026680780574679375, 0.06237109377980232, 0.05563287064433098, 0.029494687914848328, 0.07918412238359451, 0.07348177582025528, 0.016764305531978607, 0.02472943253815174, 0.00042097808909602463, 0.04293777793645859, 0.009837459772825241, 0.01640808768570423, 0.017714908346533775, 0.09033188223838806, 0.03277071937918663, 0.022572200745344162, 0.07679006457328796, 0.062037743628025055, 0.027403799816966057, 0.0018571842228993773, 0.03067275881767273, 0.01724645495414734, 0.013640264980494976, 0.08579704165458679, 0.035207346081733704, 0.0327620692551136, 0.029556015506386757, 0.03830987215042114, 0.02058672346174717, 0.03728170320391655, 0.010534425266087055, 0.019735127687454224, 0.0013206995790824294, 0.04613114520907402, 0.009353126399219036, 0.05317138880491257, 0.06474106013774872, 0.02129562757909298, 0.03786889463663101, 0.016967350617051125, 0.060578133910894394, 0.013697533868253231, 0.09720668941736221, 0.0038595476653426886, 0.10778427124023438, 0.03603954613208771, 0.026006408035755157, 0.06999047845602036, 0.0019284876761958003, 0.006523002404719591, 0.0060953707434237, 0.0585612878203392]"
F231,"[0.0007948391139507294, 0.06821107864379883, 0.023054927587509155, 0.052704911679029465, 0.011867890134453773, 0.06370648741722107, 0.07054459303617477, 0.018736710771918297, 0.031467974185943604, 0.021855318918824196, 0.03432968258857727, 0.04549357667565346, 0.027898605912923813, 0.003156364429742098, 0.024190397933125496, 0.018981371074914932, 0.005455655045807362, 0.011127244681119919, 0.03206702321767807, 0.04953918606042862, 0.03507862612605095, 0.03446071594953537, 0.013803573325276375, 0.061277322471141815, 0.011835182085633278, 0.0233185775578022, 0.0198846273124218, 0.039194993674755096, 0.022256916388869286, 0.030210185796022415, 0.01794540137052536, 0.03590068593621254, 0.01092301681637764, 0.028041385114192963, 0.061667341738939285, 0.01939917355775833, 0.025813933461904526, 0.06277246028184891, 0.01922173611819744, 0.02315533347427845, 0.002730416366830468, 0.01885984092950821, 0.009093054570257664, 0.02353677898645401, 0.0063907066360116005, 0.03926091268658638, 0.0017956621013581753, 0.02795438840985298, 0.043469976633787155, 0.059793807566165924, 0.05531761422753334, 0.009186717681586742, 0.007296769879758358, 0.06706823408603668, 0.0074567534029483795, 0.06305347383022308, 0.046468399465084076, 0.047367095947265625, 0.02593488059937954, 0.025464043021202087, 0.0016111047007143497, 0.018089434131979942, 0.02493724599480629, 0.01751011051237583, 0.016397064551711082, 0.050317294895648956, 0.03031402826309204, 0.05829647183418274, 0.03224877268075943, 0.03882246091961861, 0.03941557928919792, 0.014667210169136524, 0.017926499247550964, 0.03281385451555252, 0.022397352382540703, 0.014263646677136421, 0.04086844250559807, 0.03674627095460892, 0.05842903256416321, 0.019969549030065536, 0.030790220946073532, 0.034915413707494736, 0.026242101565003395, 0.0335707925260067, 0.010360095649957657, 0.00833149440586567, 0.004787381738424301, 0.015637559816241264, 0.02289188653230667, 0.044791121035814285, 0.04318002238869667, 0.04668911546468735, 0.014575514011085033, 0.028861552476882935, 0.04646006599068642, 0.02497098408639431, 0.037576332688331604, 0.001615232089534402, 0.015771247446537018, 0.025178557261824608, 0.03816119208931923, 0.0322030745446682, 0.0269918330013752, 0.01812700554728508, 0.037956126034259796, 0.004006705246865749, 0.032361820340156555, 0.044247642159461975, 0.017886988818645477, 0.04134577885270119, 0.03420614078640938, 0.04727891460061073, 0.026599928736686707, 0.045158397406339645, 0.04175586253404617, 0.03349154070019722, 0.041020385921001434, 0.032538048923015594, 0.01580101251602173, 0.001447351067326963, 0.029370227828621864, 0.005630945786833763, 0.021458588540554047, 0.010141666978597641, 0.040690694004297256, 0.06469428539276123, 0.046552784740924835, 0.034303415566682816]"
F232,"[0.09983589500188828, 0.02157181315124035, 0.0805281326174736, 0.10131514817476273, 0.03648350387811661, 0.004984193481504917, 0.08718495070934296, 0.06913580745458603, 0.13374890387058258, 0.11887627094984055, 0.11669664829969406, 0.12895415723323822, 0.11675737053155899, 0.0008038545493036509, 0.10683778673410416, 0.005846657324582338, 0.05713558942079544, 0.04896080493927002, 0.004008960910141468, 0.0746251568198204, 0.07992992550134659, 0.05791974067687988, 0.037399306893348694, 0.10377158224582672, 0.023606648668646812, 0.0523667111992836, 0.018303334712982178, 0.002353701973333955, 0.07123319059610367, 0.002124115126207471, 0.03096265345811844, 0.07505059242248535, 0.12803004682064056, 0.0709681585431099, 0.027804674580693245, 0.04970859736204147, 0.0655602365732193, 0.10763594508171082, 0.02870929427444935, 0.006395644508302212, 0.12715989351272583, 0.029238922521471977, 0.028745150193572044, 0.033670928329229355, 0.04400230944156647, 0.015599130652844906, 0.04775041714310646, 0.05921110883355141, 0.07785051316022873, 0.035659633576869965, 0.0845775380730629, 0.077520951628685, 0.0007658898830413818, 0.05528683215379715, 0.01208721287548542, 0.13312941789627075, 0.07254867255687714, 0.13926690816879272, 0.018260186538100243, 0.0728621780872345, 0.03871506080031395, 0.13836956024169922, 0.032420169562101364, 0.018558913841843605, 0.011518905870616436, 0.0556863397359848, 0.13048459589481354, 0.08486288040876389, 0.04758002981543541, 0.06360454112291336, 0.03386868163943291, 0.01588909700512886, 0.0015286288689821959, 0.012792895548045635, 0.11372575163841248, 0.180373415350914, 0.09281416237354279, 0.04958542063832283, 0.07418867200613022, 0.006643874570727348, 0.04209602624177933, 0.07951442152261734, 0.08846485614776611, 0.09386290609836578, 0.05010095238685608, 0.09819046407938004, 0.1099310964345932, 0.11541137844324112, 0.014208639040589333, 0.06668810546398163, 0.10896163433790207, 0.006302024237811565, 0.013647321611642838, 0.026897260919213295, 0.16868697106838226, 0.004529875237494707, 0.01074130367487669, 0.1283346563577652, 0.07665827870368958, 0.02458805777132511, 0.06251976639032364, 0.027876615524291992, 0.03781638294458389, 0.07010600715875626, 0.01826941780745983, 0.023189589381217957, 0.022519221529364586, 0.10650142282247543, 0.02073531039059162, 0.02084766887128353, 0.06265943497419357, 0.05774593725800514, 0.1014569103717804, 0.061493609100580215, 0.048283789306879044, 0.057047851383686066, 0.08850090205669403, 0.11107168346643448, 0.006645164918154478, 0.011429925449192524, 0.08520804345607758, 0.03685795143246651, 0.11689463257789612, 0.06826195865869522, 0.024230385199189186, 0.037567850202322006, 0.1117272600531578, 0.020466508343815804]"
F233,"[0.06279566884040833, 0.05556255951523781, 0.15397140383720398, 0.024109017103910446, 0.0697752982378006, 0.02828826941549778, 0.14650927484035492, 0.09139266610145569, 0.09328115731477737, 0.023909926414489746, 0.1885482221841812, 0.055319637060165405, 0.039767950773239136, 0.009040654636919498, 0.10906504094600677, 0.03750566765666008, 0.001813214272260666, 0.05308344215154648, 0.01571277529001236, 0.06257490068674088, 0.11132748425006866, 0.004267883021384478, 0.05175285413861275, 0.10098500549793243, 0.034727465361356735, 0.005970602855086327, 0.04565988481044769, 0.06293915957212448, 0.042786162346601486, 0.0673014298081398, 0.019713928923010826, 0.10512015223503113, 0.06024962663650513, 0.04100707173347473, 0.015180614776909351, 0.06066765636205673, 0.02885538712143898, 0.14290116727352142, 0.08149274438619614, 0.045114487409591675, 0.02105041965842247, 0.05941266566514969, 0.026851056143641472, 0.08312249183654785, 0.0062642875127494335, 0.04245128855109215, 0.07347811013460159, 0.06456366181373596, 0.09786339104175568, 0.06804686039686203, 0.024264302104711533, 0.04875782132148743, 0.10284771770238876, 0.0420425720512867, 0.09501964598894119, 0.04755200818181038, 0.0006956532597541809, 0.07732459902763367, 0.07168114185333252, 0.13498850166797638, 0.04801559075713158, 0.083350770175457, 0.07885633409023285, 0.02151518501341343, 0.07886910438537598, 0.053419169038534164, 0.0129352156072855, 0.04703694209456444, 0.1454758495092392, 0.049398865550756454, 0.05635007098317146, 0.032190822064876556, 0.0324590764939785, 0.046856705099344254, 0.05633589252829552, 0.007087257690727711, 0.08924178779125214, 0.01358876470476389, 0.03091057762503624, 0.08183160424232483, 0.0969279557466507, 0.01790294051170349, 0.11429058015346527, 0.032670654356479645, 0.04463297873735428, 0.009244851768016815, 0.13886582851409912, 0.045376136898994446, 0.057037271559238434, 0.03058846853673458, 0.07021349668502808, 0.024373510852456093, 0.065303273499012, 0.03543366864323616, 0.04936972260475159, 0.014578530564904213, 0.039228830486536026, 0.02282140776515007, 0.11161819845438004, 0.05192200094461441, 0.15391941368579865, 0.0900656208395958, 0.11621400713920593, 0.027091700583696365, 0.08043120056390762, 0.02915056236088276, 0.016178883612155914, 0.0635685995221138, 0.11742834746837616, 0.05348387360572815, 0.013795287348330021, 0.06559371948242188, 0.008888187818229198, 0.1412723809480667, 0.08668148517608643, 0.061034783720970154, 0.002282277448102832, 0.01702767424285412, 0.05232635885477066, 0.02794012241065502, 0.03718593716621399, 0.01261921040713787, 0.09084241837263107, 0.04043268784880638, 0.07813466340303421, 0.0735473707318306, 0.11272214353084564, 0.0007710880599915981]"
F234,"[0.036083970218896866, 0.009768685325980186, 0.014662358909845352, 0.02608710713684559, 0.009969410486519337, 0.04052698239684105, 0.02405799925327301, 0.0239669568836689, 0.03894079104065895, 0.02517334371805191, 0.012717691250145435, 0.018834803253412247, 0.022598499432206154, 0.007860342040657997, 0.03197501599788666, 0.0014933939091861248, 0.001224762643687427, 0.023985208943486214, 0.04003465548157692, 0.005454748868942261, 0.01626035012304783, 0.02553764544427395, 0.03853477165102959, 0.0003740130632650107, 0.013720687478780746, 0.016560561954975128, 0.0023404178209602833, 0.0062987059354782104, 0.02235449105501175, 0.012095924466848373, 0.01610240340232849, 0.0020293022971600294, 0.010982331819832325, 0.052962061017751694, 0.017769742757081985, 0.03177750110626221, 0.004346040077507496, 0.03798385336995125, 0.036496471613645554, 0.03215719014406204, 0.04367595165967941, 0.013776583597064018, 0.014206661842763424, 0.03678136318922043, 0.006427297834306955, 0.03949224576354027, 0.01420419942587614, 0.022842347621917725, 0.006289840675890446, 0.017635678872466087, 0.03841137886047363, 0.03781997784972191, 0.003947053570300341, 0.011876413598656654, 0.04480418935418129, 0.02996792644262314, 0.024442385882139206, 0.05946705862879753, 0.001981861423701048, 0.00528825493529439, 0.03302568569779396, 0.02977445349097252, 0.01702689565718174, 0.026732418686151505, 0.014241405762732029, 0.022756539285182953, 0.00014364926028065383, 0.007863190025091171, 0.0038443205412477255, 0.02785584144294262, 0.027154317125678062, 0.011486927047371864, 0.017303572967648506, 0.007360544521361589, 0.037060871720314026, 0.005869435146450996, 0.03184676915407181, 0.020393382757902145, 0.000679678691085428, 0.029668308794498444, 0.0036778294015675783, 0.022438017651438713, 0.019162118434906006, 0.009870359674096107, 0.011830932460725307, 0.0025168152060359716, 0.022005997598171234, 0.008986255154013634, 0.005491733551025391, 0.021206866949796677, 0.03522564843297005, 0.01766628958284855, 0.0009723962284624577, 0.00013535744801629335, 0.02846718020737171, 0.006719079799950123, 0.030159786343574524, 0.010399285703897476, 0.02176928147673607, 0.01025073416531086, 0.021950561553239822, 0.01346484012901783, 0.010930548422038555, 0.0045873550698161125, 0.023228870704770088, 0.03663241118192673, 0.009121033363044262, 0.030332162976264954, 0.0025492440909147263, 0.032784100621938705, 0.027778824791312218, 0.038100939244031906, 0.033460550010204315, 0.010659369640052319, 0.035888854414224625, 0.04943901300430298, 0.026235351338982582, 0.016154782846570015, 0.027889622375369072, 0.003566201776266098, 0.019016359001398087, 0.0068770116195082664, 4.181731856078841e-05, 0.010999550111591816, 0.004797993693500757, 0.006325927563011646, 0.020707421004772186, 0.01223903801292181]"
F235,"[0.006589834112673998, 0.0002770032442640513, 0.0037870032247155905, 0.0029810748528689146, 0.010875090956687927, 0.0010934403399005532, 0.01050969772040844, 0.004276949912309647, 0.014026450924575329, 0.004807162564247847, 0.0007839969475753605, 0.007532997522503138, 0.00025617267237976193, 0.003385285148397088, 0.003870240645483136, 0.015056305564939976, 0.014849191531538963, 0.003480957355350256, 0.003761492669582367, 0.008729481138288975, 0.02007991448044777, 0.004852615762501955, 0.00942221935838461, 0.003295984584838152, 0.0017741649644449353, 0.004220845643430948, 0.006389041896909475, 0.007767713163048029, 0.0034224921837449074, 0.006764112040400505, 0.003141924738883972, 0.019610406830906868, 0.008695424534380436, 0.008793756365776062, 0.01574341580271721, 0.00328342174179852, 0.0014796411851420999, 0.005849855020642281, 0.0002570826618466526, 0.0006025469629094005, 0.010430539958178997, 0.005192962475121021, 0.008384744636714458, 0.014557450078427792, 0.010504437610507011, 0.003970754332840443, 0.006622519344091415, 0.002811246318742633, 0.017274050042033195, 0.01213121134787798, 0.008333539590239525, 0.007482695393264294, 0.004669188987463713, 0.009248850867152214, 0.004673080053180456, 0.001999759580940008, 0.011487014591693878, 0.02033541351556778, 0.005845538806170225, 0.008075885474681854, 0.0030487177427858114, 0.010736438445746899, 0.016308803111314774, 0.015622852370142937, 0.014692511409521103, 0.005455867387354374, 0.00344825629144907, 0.019547658041119576, 0.014960778877139091, 0.0037722939159721136, 0.0034114664886146784, 0.0043459259904921055, 0.012505586259067059, 0.00854237750172615, 0.010365747846662998, 0.015307179652154446, 0.015257217921316624, 0.01466386765241623, 0.01702178455889225, 0.012410287745296955, 0.0032361657358705997, 0.013974916189908981, 0.0003559244505595416, 0.0005873829941265285, 0.005301256664097309, 0.0021631214767694473, 0.0045279087498784065, 0.005811732262372971, 0.0074785370379686356, 0.0020896990317851305, 0.01289814431220293, 0.0022711865603923798, 0.0035776777658611536, 0.023909764364361763, 0.009988735429942608, 0.001634506625123322, 0.004251650534570217, 0.015177298337221146, 0.015124346129596233, 0.00023197544214781374, 0.0038051020819693804, 0.009391099214553833, 0.003214704105630517, 0.009630145505070686, 0.014724105596542358, 0.00146172393579036, 0.01482025533914566, 0.003664023010060191, 0.013243097811937332, 0.014047091826796532, 0.005438375286757946, 0.0016058249166235328, 0.0061112623661756516, 0.0007966076955199242, 0.002891811542212963, 0.010798802599310875, 0.008930354379117489, 0.012535461224615574, 0.0015824941219761968, 1.4859306247672066e-06, 0.02532631903886795, 0.01674707792699337, 0.004810072481632233, 1.3972344277135562e-06, 0.00986494030803442, 0.003262106329202652, 0.002300382126122713, 0.008574998006224632]"
F236,"[0.04565420374274254, 0.11379558593034744, 0.04599412903189659, 0.04326383024454117, 0.03436155617237091, 0.12890608608722687, 0.06140816956758499, 0.036225203424692154, 0.04231357201933861, 0.01390195731073618, 0.023997357115149498, 0.03979835659265518, 0.1498960554599762, 0.05117975175380707, 0.014812498353421688, 0.12466847896575928, 0.07327950745820999, 0.09178262203931808, 0.056011710315942764, 0.09515731781721115, 0.03330681100487709, 0.004230078775435686, 0.12466853857040405, 0.04653701186180115, 0.13058340549468994, 0.013608945533633232, 0.08715632557868958, 0.04592506214976311, 0.09886966645717621, 0.034925710409879684, 0.021838199347257614, 0.06516492366790771, 0.09724301844835281, 0.029254376888275146, 0.012055980041623116, 0.04031012952327728, 0.08328942209482193, 0.028637399896979332, 0.0453449971973896, 0.1134674996137619, 0.13420869410037994, 0.03673591837286949, 0.06470279395580292, 0.05958867073059082, 0.11074583232402802, 0.042851872742176056, 0.048680271953344345, 0.05638203024864197, 0.007012376561760902, 0.037254881113767624, 0.024121660739183426, 0.15688353776931763, 0.044557541608810425, 0.02760295942425728, 0.08909837156534195, 0.04353184252977371, 0.09272976219654083, 0.0037074030842632055, 0.02889346517622471, 0.018717611208558083, 0.07336358726024628, 0.11574415117502213, 0.11322306096553802, 0.0335584320127964, 0.10326619446277618, 0.013245727866888046, 0.1019522175192833, 0.04056562855839729, 0.08969533443450928, 0.008097480982542038, 0.016040625050663948, 0.06450607627630234, 0.04383227229118347, 0.037796005606651306, 0.10484540462493896, 0.03582634776830673, 0.07895269244909286, 0.10993214696645737, 0.036538016051054, 0.09996949136257172, 0.0969366803765297, 0.029958846047520638, 0.0789869874715805, 0.0374455489218235, 0.08207656443119049, 0.09764077514410019, 0.07269377261400223, 0.04783342778682709, 0.02904711477458477, 0.04297531768679619, 0.018404869362711906, 0.04692663997411728, 0.11067011952400208, 0.06611977517604828, 0.030999360606074333, 0.07073483616113663, 0.04184185713529587, 0.012533612549304962, 0.02774612419307232, 0.072705939412117, 0.0024213262367993593, 0.020088549703359604, 0.08300147205591202, 0.010054699145257473, 0.00658726179972291, 0.05627278983592987, 0.16545012593269348, 0.03351159393787384, 0.05061190202832222, 0.03455503657460213, 0.00484928535297513, 0.08339222520589828, 0.0542786531150341, 0.013729630038142204, 0.011504274792969227, 0.14491237699985504, 0.022004898637533188, 0.07342933863401413, 0.008440849371254444, 0.00021893190569244325, 0.16063520312309265, 0.03385375067591667, 0.019493144005537033, 0.011429423466324806, 0.019414614886045456, 0.03851296007633209, 0.04954234138131142, 0.04763251915574074]"
F237,"[0.07530023157596588, 0.041430793702602386, 0.023671934381127357, 0.004036237485706806, 0.011583845131099224, 0.02994184009730816, 0.014067672193050385, 0.045027557760477066, 0.02857659012079239, 0.08278681337833405, 0.11369489133358002, 0.02982928603887558, 0.063801608979702, 0.08459025621414185, 0.12535516917705536, 0.08115994930267334, 0.010869530029594898, 0.04920884594321251, 0.036042939871549606, 0.09894745796918869, 0.029343532398343086, 0.03934548795223236, 0.02897009626030922, 0.04445406422019005, 0.047754790633916855, 0.04080991819500923, 0.030214469879865646, 0.028409380465745926, 0.06736539304256439, 0.02977624349296093, 0.09814146161079407, 0.019090868532657623, 0.10509283095598221, 0.062462735921144485, 0.037320807576179504, 0.051575809717178345, 0.014582461677491665, 0.0022734887897968292, 0.027460312470793724, 0.06191720440983772, 0.019066188484430313, 0.024815110489726067, 0.05907033011317253, 0.051350146532058716, 0.02605651691555977, 0.041780538856983185, 0.04629136249423027, 0.11736476421356201, 0.031924743205308914, 0.04044579714536667, 0.006062307860702276, 0.03313528001308441, 0.10461745411157608, 0.041557133197784424, 0.009093297645449638, 0.04917348176240921, 0.022508881986141205, 0.06277021765708923, 0.04703915864229202, 0.06977050006389618, 0.0581914521753788, 0.05312599241733551, 0.031766653060913086, 0.0952843651175499, 0.09005223959684372, 0.05331147089600563, 0.0005576012190431356, 0.031734999269247055, 0.10291988402605057, 0.009306405670940876, 0.03585381060838699, 0.043109435588121414, 0.01125973742455244, 0.016209788620471954, 0.08544791489839554, 0.05498984456062317, 0.06845246255397797, 0.0977596566081047, 0.005278555676341057, 0.0381130613386631, 0.06845691800117493, 0.025510158389806747, 0.048606883734464645, 0.03229066729545593, 0.06337886303663254, 0.05611822009086609, 0.003738849190995097, 0.07366286963224411, 0.08446772396564484, 0.04937395453453064, 0.058822985738515854, 0.01952940970659256, 0.16186341643333435, 0.007968530990183353, 0.03478112444281578, 0.025079121813178062, 0.11463403701782227, 0.017502836883068085, 0.028179625049233437, 0.04530651494860649, 0.01704120635986328, 0.034068554639816284, 0.008571312762796879, 0.08235955983400345, 0.010471859015524387, 0.022362370043992996, 0.02160314843058586, 0.06789416819810867, 0.06552944332361221, 0.051377199590206146, 0.039730384945869446, 0.029752491042017937, 0.030627937987446785, 0.05450558662414551, 0.12845294177532196, 0.005035489331930876, 0.1072564646601677, 0.06324127316474915, 0.04758835211396217, 0.026721525937318802, 0.0021892560180276632, 0.019717998802661896, 0.05304434895515442, 0.0011392392916604877, 0.05733589455485344, 0.015086576342582703, 0.0011211804812774062, 0.0787828266620636]"
F238,"[0.061000045388936996, 0.0004046314861625433, 0.034328725188970566, 0.019190404564142227, 0.04511724412441254, 0.03455192968249321, 0.03755355626344681, 0.0567290261387825, 0.06461223214864731, 0.005082452204078436, 0.08328668028116226, 0.01564781181514263, 0.042453017085790634, 0.06426719576120377, 0.06444022804498672, 0.016421185806393623, 0.026851894333958626, 0.00603945879265666, 0.004104557912796736, 0.03950849920511246, 0.06498122960329056, 0.02710290625691414, 0.011538911610841751, 0.02685394510626793, 0.023312801495194435, 0.010213158093392849, 0.03218145668506622, 0.02901490032672882, 0.021497393026947975, 0.027989497408270836, 0.04739011824131012, 0.05816151201725006, 0.04330497235059738, 0.03297335281968117, 0.045015305280685425, 0.02566252090036869, 0.005311686545610428, 0.0238400399684906, 0.030915461480617523, 0.045177727937698364, 0.10637862235307693, 0.0029439153149724007, 0.014833690598607063, 0.03599334508180618, 0.045732852071523666, 0.09659109264612198, 0.030682552605867386, 0.022944722324609756, 0.021237313747406006, 0.02968531660735607, 0.07095634937286377, 0.04018329083919525, 0.09909237176179886, 0.04298110678792, 0.08804874122142792, 0.041859954595565796, 0.012378845363855362, 0.012833412736654282, 0.030205901712179184, 0.032961901277303696, 0.0005995916435495019, 0.02973365969955921, 0.05981021001935005, 0.019825821742415428, 0.0432046502828598, 0.05592205002903938, 0.04814758151769638, 0.012132903560996056, 0.03301002085208893, 0.013007196597754955, 0.015009262599050999, 0.00959424301981926, 0.06837516278028488, 0.044131211936473846, 2.42431451624725e-05, 0.010840663686394691, 0.09711409360170364, 0.013196848332881927, 0.022116338834166527, 0.018395865336060524, 0.022577384486794472, 0.058378998190164566, 0.048720091581344604, 0.05257663503289223, 0.04743541032075882, 0.05355871468782425, 0.08249302208423615, 0.011439690366387367, 0.014211314730346203, 0.06450457125902176, 0.06628233194351196, 0.026250986382365227, 0.05257035791873932, 0.08590509742498398, 0.028613364323973656, 0.04302303493022919, 0.0442369319498539, 0.0201716348528862, 0.035064589232206345, 0.06098286435008049, 0.06747566908597946, 0.011959757655858994, 0.05249699577689171, 0.07291088253259659, 0.007467667106539011, 0.026307860389351845, 0.07651719450950623, 0.07033015787601471, 0.041775092482566833, 0.02085111476480961, 0.014503613114356995, 0.03014896810054779, 0.012243274599313736, 0.018645666539669037, 0.08014805614948273, 0.07830232381820679, 0.04188909754157066, 0.057640623301267624, 0.06523502618074417, 0.03964876011013985, 0.04447689279913902, 0.03863047808408737, 0.045367900282144547, 0.03490563854575157, 0.015688998624682426, 0.06904583424329758, 0.07009926438331604, 0.03647933155298233]"
F239,"[0.026155658066272736, 0.02529921941459179, 0.07205727696418762, 0.022929029539227486, 0.0033138699363917112, 0.03241642937064171, 0.04535264894366264, 0.020743444561958313, 0.021421629935503006, 0.05272035300731659, 0.004102829843759537, 0.06836622208356857, 0.05247734859585762, 0.0019536009058356285, 0.0759814977645874, 0.0882972702383995, 0.0010801583994179964, 0.08756998181343079, 0.04591146484017372, 0.10363420099020004, 0.025489717721939087, 0.050992242991924286, 0.05001336708664894, 0.024828515946865082, 0.03351306542754173, 0.03190720081329346, 0.03653451055288315, 0.07986316084861755, 0.005912964232265949, 0.08601465821266174, 0.12604054808616638, 0.039035968482494354, 0.05496465787291527, 0.02305394597351551, 0.0020745783112943172, 0.024078186601400375, 0.03261130675673485, 0.12655788660049438, 0.10152357071638107, 0.08356401324272156, 0.01956566795706749, 0.04540548473596573, 0.039637163281440735, 0.057055845856666565, 0.031975921243429184, 0.03201925382018089, 0.039542049169540405, 0.06856736540794373, 0.05106436833739281, 0.046243008226156235, 0.12292921543121338, 0.07696540653705597, 0.10632983595132828, 0.03328277915716171, 0.015234369784593582, 0.0390445739030838, 0.02876710705459118, 0.1426984667778015, 0.028540097177028656, 0.0501277856528759, 0.04241926595568657, 0.049882080405950546, 0.011103590950369835, 0.08844991028308868, 0.00964697077870369, 0.06905356049537659, 0.06245755776762962, 0.03484663367271423, 0.08449994772672653, 0.1162799745798111, 0.06846946477890015, 0.06330286711454391, 0.051700424402952194, 0.008870035409927368, 0.023428253829479218, 0.0196804478764534, 0.04581062123179436, 0.0830078274011612, 0.019882570952177048, 0.03421662747859955, 0.03160245344042778, 0.07374557852745056, 0.014116296544671059, 0.033346954733133316, 0.02052908204495907, 0.10918759554624557, 0.07033012062311172, 0.042502377182245255, 0.0023576645180583, 0.027387673035264015, 0.08817090839147568, 0.0756857693195343, 0.04765965789556503, 0.04044638201594353, 0.1108928844332695, 0.050460636615753174, 0.10357333719730377, 0.004985496401786804, 0.01428863313049078, 0.0041576954536139965, 0.060070350766181946, 0.030018949881196022, 0.10437038540840149, 0.022416668012738228, 0.12394306063652039, 0.1353875994682312, 0.04101347178220749, 0.033574897795915604, 0.002315614139661193, 0.06774969398975372, 0.04639442265033722, 0.00335503532551229, 0.09911833703517914, 0.036919817328453064, 0.01050029881298542, 0.05980444699525833, 0.11258292198181152, 0.005906152538955212, 0.08846007287502289, 0.10114675760269165, 0.004232752602547407, 0.023886827751994133, 0.04973602294921875, 0.058314625173807144, 0.0019163748947903514, 0.09126606583595276, 0.06486815959215164, 0.01800975389778614]"
F240,"[0.06998250633478165, 0.017870396375656128, 0.07614260911941528, 0.019064590334892273, 0.031476572155952454, 0.05457216128706932, 0.059745077043771744, 0.028326604515314102, 0.034154947847127914, 0.09112831205129623, 0.033154211938381195, 0.07529167085886002, 0.028021560981869698, 0.06308545172214508, 0.0009269397705793381, 0.062243569642305374, 0.003137188730761409, 0.02480168081820011, 0.07236094772815704, 0.05937261879444122, 0.057039327919483185, 0.041048694401979446, 0.07208601385354996, 0.019065724685788155, 0.053955964744091034, 0.052233848720788956, 0.018276352435350418, 0.010150359943509102, 0.039235442876815796, 0.007134182844310999, 0.034926917403936386, 0.07496318221092224, 0.01371903344988823, 0.005468231625854969, 0.001423513051122427, 0.02176588959991932, 0.06881613284349442, 0.008996962569653988, 0.015493866987526417, 0.025986572727560997, 0.013403769582509995, 0.028467819094657898, 0.03832074627280235, 0.03286264091730118, 0.0018119130982086062, 0.05574342980980873, 0.024689480662345886, 0.04588688537478447, 0.062081266194581985, 0.024256275966763496, 0.042215943336486816, 0.09783528745174408, 0.038764677941799164, 0.04315482825040817, 0.06276457011699677, 0.04448673129081726, 0.01652386039495468, 0.029276343062520027, 0.05636056885123253, 0.00784613098949194, 0.03907707333564758, 0.008860994130373001, 0.04235487058758736, 0.014331077225506306, 0.02011735551059246, 0.02579524926841259, 0.04638434574007988, 0.060686785727739334, 0.02872542478144169, 0.014849556609988213, 0.05371824651956558, 0.09728611260652542, 0.04707559198141098, 0.0985671803355217, 0.09243102371692657, 0.017904113978147507, 0.0497882105410099, 0.0627327635884285, 0.00012405133747961372, 0.05619141459465027, 0.043189723044633865, 0.008186714723706245, 0.08673066645860672, 0.022465603426098824, 0.062238071113824844, 0.06145863980054855, 0.016155218705534935, 0.0639454647898674, 0.09992393851280212, 0.09096506237983704, 0.003667078912258148, 0.03886120021343231, 0.0002984653110615909, 0.11415310204029083, 0.08661846816539764, 0.038986340165138245, 0.03183867409825325, 0.010692037642002106, 0.018917903304100037, 0.018841274082660675, 0.091577909886837, 0.02803000621497631, 0.008376454934477806, 0.0019487589597702026, 0.005612117238342762, 0.04405514895915985, 0.03177515044808388, 0.043933697044849396, 0.08163708448410034, 0.016195347532629967, 0.007747408002614975, 0.024598194286227226, 0.02999013289809227, 0.00667260168120265, 0.008352608419954777, 0.05881645530462265, 0.0007591482135467231, 0.06582845002412796, 0.04793764278292656, 0.04980512708425522, 0.01838153414428234, 0.023285001516342163, 0.049409206956624985, 0.10322583466768265, 0.031810641288757324, 0.07454337924718857, 0.01590079814195633, 0.05476309731602669]"
F241,"[0.0015481308801099658, 0.020161019638180733, 0.0212734155356884, 0.0068225865252316, 0.005073999520391226, 0.019719233736395836, 0.04097573086619377, 0.03999457135796547, 0.013209470547735691, 0.02030264586210251, 0.013266559690237045, 0.016467753797769547, 0.011945916339755058, 0.00338930101133883, 0.030657092109322548, 0.009556276723742485, 0.048873420804739, 0.0368441604077816, 0.040896907448768616, 0.028218861669301987, 0.00852077454328537, 0.0027362483087927103, 0.025130407884716988, 0.023097146302461624, 0.017761997878551483, 0.013714381493628025, 0.045252490788698196, 0.03210565820336342, 0.04645111411809921, 0.0029276846908032894, 0.023374861106276512, 0.02723592147231102, 0.0026784942019730806, 0.00805519800633192, 0.008458497934043407, 0.0008299497421830893, 0.021160613745450974, 0.013023296371102333, 0.0430685356259346, 0.008626670576632023, 0.027047671377658844, 0.031986016780138016, 0.04259251430630684, 0.01920965500175953, 0.029175637289881706, 0.0043121385388076305, 0.029350917786359787, 0.036503516137599945, 0.057373303920030594, 0.04758159816265106, 0.04213728755712509, 0.008769343607127666, 0.012770749628543854, 0.03831459581851959, 0.05404141545295715, 0.01582779362797737, 0.014474768191576004, 0.046460170298814774, 0.013201836496591568, 0.04855590686202049, 0.04829452559351921, 0.01018086913973093, 0.026482680812478065, 0.04333081096410751, 0.0003682280657812953, 0.020235558971762657, 0.01874944008886814, 0.02688951976597309, 0.05167654529213905, 0.04181370511651039, 0.011038673110306263, 0.008458347991108894, 0.00118942279368639, 0.023855606094002724, 0.03393687680363655, 0.03985218703746796, 0.026554517447948456, 0.0011820088839158416, 0.049030158668756485, 0.03078867308795452, 0.03083941526710987, 0.0018012986984103918, 0.0006980478065088391, 0.0015807918971404433, 0.015599059872329235, 0.02186289243400097, 0.05253920331597328, 0.01485355757176876, 0.005634241737425327, 0.011294865049421787, 0.010376688092947006, 0.013740490190684795, 0.0004636994854081422, 0.04216790944337845, 0.02585677243769169, 0.009524294175207615, 0.015920422971248627, 0.03563479334115982, 0.031043222174048424, 0.00891541875898838, 0.007199809420853853, 0.005722071509808302, 0.005161901004612446, 0.028628550469875336, 0.007020327728241682, 0.03385923057794571, 0.0034807093907147646, 0.01786678470671177, 0.017299873754382133, 0.013463454321026802, 0.02924676612019539, 0.031608834862709045, 0.017776355147361755, 0.009288010187447071, 0.038025472313165665, 0.04677240177989006, 0.014248964376747608, 0.017450649291276932, 0.02068966068327427, 0.03191922605037689, 0.05288918316364288, 0.026150770485401154, 0.03439462557435036, 0.03539992868900299, 0.0379733107984066, 0.04141325131058693, 0.015286331996321678, 0.00422569690272212]"
F242,"[0.07383578270673752, 0.10528142005205154, 0.039051663130521774, 0.047249674797058105, 0.08309286832809448, 0.04486865550279617, 0.03161720559000969, 0.0305637177079916, 0.08787411451339722, 0.17934885621070862, 0.031811051070690155, 0.005307313520461321, 0.13040202856063843, 0.038924556225538254, 0.003491270123049617, 0.11093142628669739, 0.01869215816259384, 0.09310474246740341, 0.002532510319724679, 0.0928659737110138, 0.05547251179814339, 0.0940709263086319, 0.13444526493549347, 0.01943906955420971, 0.03777031600475311, 0.07602804154157639, 0.010049582459032536, 0.07089883834123611, 0.010454550385475159, 0.16043886542320251, 0.024280225858092308, 0.008390714414417744, 0.03396095708012581, 0.07565613836050034, 0.12805628776550293, 0.017297860234975815, 0.038452260196208954, 0.01861914061009884, 0.0006278132204897702, 0.025677597150206566, 0.032187316566705704, 0.03354090079665184, 0.126429945230484, 0.02520706318318844, 0.02632743865251541, 0.0168756190687418, 0.04422346130013466, 0.1095193400979042, 0.033576514571905136, 0.013783293776214123, 0.05432317033410072, 0.14698666334152222, 0.00035998248495161533, 0.08556732535362244, 0.037344880402088165, 0.18084971606731415, 0.0192190520465374, 0.026690121740102768, 0.12232977151870728, 0.09390660375356674, 0.0914076492190361, 0.10994569957256317, 0.023509103804826736, 0.10551764816045761, 0.02794817090034485, 0.06141692027449608, 0.09938236325979233, 0.11937306076288223, 0.10969545692205429, 0.02239288203418255, 0.025786355137825012, 0.10268249362707138, 0.070048987865448, 0.09153039008378983, 0.016351500526070595, 0.12999381124973297, 0.050878509879112244, 0.09610794484615326, 0.020106978714466095, 0.053314343094825745, 0.11539974808692932, 0.010033709928393364, 0.051471348851919174, 0.05613525211811066, 0.05305005609989166, 0.02308597043156624, 0.0166787002235651, 0.0057981894351542, 0.049466658383607864, 0.1287917047739029, 0.022866439074277878, 0.08360520005226135, 0.004435444716364145, 0.11180654168128967, 0.00804105307906866, 0.09365963935852051, 0.012472948059439659, 0.008112607523798943, 0.08806005120277405, 0.0010901085333898664, 0.05063435435295105, 0.13726916909217834, 0.09790069609880447, 0.02519390732049942, 0.13733655214309692, 0.14695271849632263, 0.11790521442890167, 0.006406357511878014, 0.12804105877876282, 0.07996389269828796, 0.14409449696540833, 0.010721643455326557, 0.033685021102428436, 0.01996931992471218, 0.006398446392267942, 0.037994153797626495, 0.1212935671210289, 0.13484473526477814, 0.08838345110416412, 0.021455207839608192, 0.08111909031867981, 0.16363607347011566, 0.02677050232887268, 0.14478807151317596, 0.09042070060968399, 0.08193401992321014, 0.05208810791373253, 0.05971470847725868]"
F243,"[0.015100031159818172, 0.12514625489711761, 0.05805012583732605, 0.03565707802772522, 0.006983871106058359, 0.03208063542842865, 0.006963500753045082, 0.04085667058825493, 0.043938592076301575, 0.004283305257558823, 0.0025293342769145966, 0.061820805072784424, 0.10000298172235489, 0.09203440696001053, 0.03528502583503723, 0.003177107311785221, 0.045168016105890274, 0.020048636943101883, 0.029460933059453964, 0.019574370235204697, 0.038861233741045, 0.05446077510714531, 0.07559283822774887, 0.0461873784661293, 0.037869926542043686, 0.014370976947247982, 0.0667649358510971, 0.08279003202915192, 0.04551674425601959, 0.0073844511061906815, 0.07706425338983536, 0.024214327335357666, 0.06660236418247223, 0.06556172668933868, 0.04105690121650696, 0.004008884076029062, 0.032094404101371765, 0.05280518904328346, 0.017539113759994507, 0.020965110510587692, 0.04029884189367294, 0.013091041706502438, 0.03576204925775528, 0.03794029727578163, 0.03495561704039574, 0.01793118752539158, 0.11592428386211395, 0.002244270173832774, 0.0641869455575943, 0.08830549567937851, 0.038826484233140945, 0.10888472944498062, 0.08711134642362595, 0.05719398707151413, 0.10832022875547409, 0.05260615050792694, 0.08681753277778625, 0.006522580981254578, 0.03765818104147911, 0.010477845557034016, 0.0807885229587555, 0.028754694387316704, 0.016160456463694572, 0.001592527492903173, 4.280561188352294e-05, 0.0837487056851387, 0.07400845736265182, 0.0010174454655498266, 0.0681053027510643, 0.0428035706281662, 0.015713466331362724, 0.078728586435318, 0.01284761168062687, 0.06773610413074493, 0.10667070001363754, 0.02146599069237709, 0.07148998230695724, 0.056076113134622574, 0.06614620238542557, 0.07267524302005768, 0.02301613613963127, 0.08261223137378693, 0.017088232561945915, 0.05250081792473793, 0.040075622498989105, 0.07845447957515717, 0.08116766810417175, 0.0509805828332901, 0.060834988951683044, 0.016322605311870575, 0.03061828948557377, 0.04793790355324745, 0.08897656947374344, 0.05753743276000023, 0.015316801145672798, 0.021058619022369385, 0.015228506177663803, 0.08087717741727829, 0.02253045327961445, 0.027825316414237022, 0.03369780629873276, 0.07376795262098312, 0.0308522991836071, 0.02343013510107994, 0.0003906406054738909, 0.06091062352061272, 0.014497198164463043, 0.07902095466852188, 0.03238185867667198, 0.023345934227108955, 0.020301392301917076, 0.03215589374303818, 0.027042999863624573, 0.045901551842689514, 0.003100935136899352, 0.08801894634962082, 0.048439871519804, 0.0465954914689064, 0.04838357865810394, 0.0412418432533741, 0.0679672583937645, 0.03958353400230408, 0.03103075735270977, 0.05776428431272507, 0.15390215814113617, 0.0731891617178917, 0.020672136917710304, 0.06709293276071548]"
F244,"[0.0081006595864892, 0.01605912856757641, 0.003338106442242861, 0.01152581162750721, 0.011573445051908493, 0.008918399922549725, 0.012992236763238907, 0.007706422824412584, 0.003822190687060356, 0.0017452961765229702, 0.0061424202285707, 0.02275959961116314, 0.013508286327123642, 0.007295004092156887, 0.005960160866379738, 0.005057723261415958, 0.005346102174371481, 0.0014415242476388812, 0.004326331429183483, 0.00879697035998106, 0.013066482730209827, 0.021266773343086243, 0.02363709732890129, 0.011054884642362595, 0.0004931633011437953, 0.016786180436611176, 0.005548159591853619, 0.0029780217446386814, 0.008567282930016518, 0.005089843645691872, 0.0014678591396659613, 0.002641572616994381, 0.012787341140210629, 0.0011795219033956528, 0.003959889058023691, 0.001418543979525566, 0.014952718280255795, 9.500581654720008e-05, 0.011015737429261208, 0.010575525462627411, 0.011235551908612251, 0.0060125901363790035, 0.003743765875697136, 0.01528879813849926, 0.013298583216965199, 0.006684193387627602, 0.01204060111194849, 0.014075422659516335, 0.014002954587340355, 0.01275059673935175, 0.006346905138343573, 0.012274551205337048, 0.010765125043690205, 0.014308815822005272, 0.0026322202757000923, 0.016419420018792152, 0.008901621215045452, 0.016241569072008133, 0.0010722157312557101, 0.005142864305526018, 0.006265007425099611, 0.008109278045594692, 0.019907571375370026, 0.0022282798308879137, 0.0011994254309684038, 0.01047841552644968, 0.018126951530575752, 0.019434025511145592, 0.008990446105599403, 0.001268105348572135, 0.007815102115273476, 0.002528896788135171, 0.012491717003285885, 0.0017079496756196022, 0.01379008125513792, 0.00154777558054775, 0.0003434996760915965, 0.012737063691020012, 0.016611337661743164, 0.0072944615967571735, 0.014454401098191738, 0.028910275548696518, 0.002553988015279174, 0.0061725107952952385, 0.008743724785745144, 0.0023432672023773193, 0.008963262662291527, 0.014057505875825882, 0.020191535353660583, 0.011640392243862152, 0.004083055537194014, 0.006910521537065506, 0.0019178885268047452, 0.00888393260538578, 0.011946738697588444, 0.013696969486773014, 0.0029123416170477867, 0.005925895180553198, 0.013993166387081146, 0.015213028527796268, 0.007752635516226292, 0.0019660955294966698, 0.012853988446295261, 0.007243219763040543, 0.01829039677977562, 0.0063663506880402565, 0.007217822130769491, 3.534508869051933e-05, 0.012011167593300343, 0.008712801150977612, 0.012023146264255047, 0.0021703150123357773, 0.012307670898735523, 0.018466830253601074, 0.014905886724591255, 0.0054209572263062, 0.014353486709296703, 0.00863561499863863, 0.01097187027335167, 0.00795432273298502, 0.004870204254984856, 0.01567143388092518, 0.0037130224518477917, 0.007645710837095976, 0.004409537184983492, 0.002816610736772418, 0.015276100486516953, 0.014808171428740025]"
F245,"[0.005056899972259998, 0.0031521536875516176, 0.005942058749496937, 0.002608102047815919, 0.006728034466505051, 0.000496750115416944, 0.009384656324982643, 0.0017191063379868865, 0.010009530931711197, 0.008958457037806511, 0.002941370941698551, 0.005143472924828529, 0.002741733565926552, 0.003985514864325523, 0.0029808306135237217, 0.0013182194670662284, 0.0030628307722508907, 0.002412484958767891, 0.0020088045857846737, 0.005877992603927851, 0.0017520854016765952, 0.0053962343372404575, 0.00975713785737753, 0.006853586994111538, 0.006332499906420708, 0.00890109408646822, 0.010334792546927929, 0.0014283406781032681, 0.005913421977311373, 0.003306679194793105, 0.001962322508916259, 0.0005497959791682661, 6.792975182179362e-05, 0.005789696238934994, 0.0023315311409533024, 0.009257695637643337, 0.00717910984531045, 0.009742017835378647, 0.0021987981162965298, 0.012506017461419106, 0.0021515435073524714, 0.0009895508410409093, 0.009223620407283306, 0.0011090723564848304, 0.0105628352612257, 0.009267106652259827, 0.009417753666639328, 0.004622280597686768, 0.0026275331620126963, 0.00034681681427173316, 0.007020949851721525, 0.004651170689612627, 0.0022476078011095524, 0.001176343997940421, 0.0054467287845909595, 0.0015182194765657187, 0.008510207757353783, 0.009019122458994389, 0.0060640680603682995, 0.00037280790274962783, 0.005537959281355143, 0.0055527216754853725, 0.0016872036503627896, 0.0029429937712848186, 0.000372834037989378, 0.004600310232490301, 0.0032684870529919863, 0.010949610732495785, 0.008277775719761848, 0.008175579831004143, 0.0062765637412667274, 0.008326767012476921, 0.0023988729808479548, 0.011165741831064224, 0.007067294325679541, 0.00015069135406520218, 0.0077507575042545795, 0.005087435711175203, 0.0023771992418915033, 0.004038069862872362, 0.004406522493809462, 0.014667614363133907, 0.002818083157762885, 0.004216695670038462, 0.0012727079447358847, 0.004926069639623165, 0.007247360423207283, 0.0059571703895926476, 0.0008329144911840558, 0.010315705090761185, 0.009181399829685688, 0.00656859902665019, 0.004459687974303961, 0.0043920730240643024, 0.005369449034333229, 0.005847421940416098, 0.001181811559945345, 0.004363951273262501, 0.010259791277348995, 0.005895587150007486, 0.008151190355420113, 0.001095007173717022, 0.009417789056897163, 0.00193652487359941, 0.012192347086966038, 0.00410229479894042, 0.0012745436979457736, 0.00333964079618454, 0.0008890420431271195, 0.0005449971649795771, 0.0110919289290905, 0.0036240266636013985, 0.0014157799305394292, 0.0024815115612000227, 0.0056743924506008625, 0.0020263371989130974, 0.003614309709519148, 0.0020225842017680407, 0.003773218020796776, 0.008266905322670937, 0.007680317386984825, 0.003725276794284582, 0.0028868697118014097, 0.007079619448632002, 0.003234199248254299, 0.005887569859623909, 0.005453990772366524, 0.0021799684036523104]"
F246,"[0.006235145032405853, 0.024585697799921036, 0.00607339758425951, 0.05005963519215584, 0.009363682940602303, 0.009858811274170876, 0.08546444773674011, 0.029805609956383705, 0.029206981882452965, 0.005432264879345894, 0.008226491510868073, 0.03676464036107063, 0.068559430539608, 0.022912010550498962, 0.09355384111404419, 0.08629509806632996, 0.05029715597629547, 0.05105407536029816, 0.04798507317900658, 0.051900461316108704, 0.05674481764435768, 0.03213752433657646, 0.09008422493934631, 0.039705462753772736, 0.007061255630105734, 0.01292733196169138, 0.04559072107076645, 0.09941117465496063, 0.00456972885876894, 0.048103440552949905, 0.006427975837141275, 0.02218804880976677, 0.08763151615858078, 0.06541309505701065, 0.1045747846364975, 0.050070617347955704, 0.07273217290639877, 0.006231635808944702, 0.05455261468887329, 0.11107964813709259, 0.012879809364676476, 0.06267226487398148, 0.012775566428899765, 0.024872345849871635, 0.053845103830099106, 0.0037732142955064774, 0.07024460285902023, 0.023891126736998558, 0.0029717993456870317, 0.0049180323258042336, 0.029598364606499672, 0.010388748720288277, 0.06428813934326172, 0.024217568337917328, 0.058772407472133636, 0.07063208520412445, 0.024768991395831108, 0.05435095354914665, 0.001070791040547192, 0.006460629869252443, 0.039730872958898544, 0.02972203679382801, 0.07366622984409332, 0.005476909689605236, 0.11046092212200165, 0.05829637497663498, 0.05362778902053833, 0.029897307977080345, 0.05687304958701134, 0.02982095256447792, 0.0995379164814949, 0.04926511272788048, 0.036944612860679626, 0.0025266939774155617, 0.02962396666407585, 0.031020963564515114, 0.059216972440481186, 0.01742330752313137, 0.016466433182358742, 0.005132787860929966, 0.03659261018037796, 0.011586001142859459, 0.002174359979107976, 0.06570804119110107, 0.06233802065253258, 0.06061304733157158, 0.008701845072209835, 0.05972624570131302, 0.08087614923715591, 0.02644103392958641, 0.09678462147712708, 0.0024440456181764603, 0.019563328474760056, 0.09664345532655716, 0.027913501486182213, 0.0747508630156517, 0.07945531606674194, 0.0281089935451746, 0.05789607763290405, 0.07673969864845276, 0.03789248690009117, 0.04592287167906761, 0.04940929636359215, 0.08650761097669601, 0.021018773317337036, 0.06229225918650627, 0.10006819665431976, 0.013965564779937267, 0.039212312549352646, 0.020394833758473396, 0.08462410420179367, 0.10754010081291199, 0.014692042954266071, 0.07183405011892319, 0.012266512028872967, 0.03642325475811958, 0.044635672122240067, 0.027396531775593758, 0.05044776573777199, 0.0026982498820871115, 0.00028253547498025, 0.019828397780656815, 0.0003437450504861772, 0.010070755146443844, 0.03252531215548515, 0.011432193219661713, 0.02775534614920616, 0.06074794754385948]"
F247,"[0.02294604480266571, 0.045858822762966156, 0.05435685068368912, 0.07536572217941284, 0.021201612427830696, 0.028931697830557823, 0.009454983286559582, 0.04610962048172951, 0.07236471027135849, 0.055243119597435, 0.06965287774801254, 0.0880841538310051, 0.028767988085746765, 0.06972645968198776, 0.044914986938238144, 0.0871310830116272, 0.039784032851457596, 0.08669847249984741, 0.10301341116428375, 0.08005344867706299, 0.10271559655666351, 0.05787426605820656, 0.12033602595329285, 0.014336657710373402, 0.011014631018042564, 0.09908688813447952, 0.03229755908250809, 0.00652250787243247, 0.12504896521568298, 0.06794029474258423, 0.019586684182286263, 0.16846612095832825, 0.05298059433698654, 0.07511632889509201, 0.061975814402103424, 0.038788631558418274, 0.0487530343234539, 0.10571753233671188, 0.01602873206138611, 0.07482852041721344, 0.004835229832679033, 0.0073110181838274, 0.05828731507062912, 0.04208626598119736, 0.02263621799647808, 0.08000035583972931, 0.015686627477407455, 0.001066170516423881, 0.09876255691051483, 0.03433965891599655, 0.004564805421978235, 0.08912863582372665, 0.11558274924755096, 0.026879264041781425, 0.11980920284986496, 0.028524132445454597, 0.0575610026717186, 0.0035582494456321, 0.06697063893079758, 0.015329196117818356, 0.1271015703678131, 0.07911553233861923, 0.012884815223515034, 0.03964840993285179, 0.023318743333220482, 0.10118308663368225, 0.019014395773410797, 0.03711700066924095, 0.048636626452207565, 0.014845672994852066, 0.07533559203147888, 0.0020373400766402483, 0.012321552261710167, 0.017429612576961517, 0.021673882380127907, 0.062396325170993805, 0.11209641396999359, 0.10266301035881042, 0.05830501765012741, 0.10418915748596191, 0.027056116610765457, 0.04179952293634415, 0.06184464693069458, 0.09406734257936478, 0.034232135862112045, 0.013735965825617313, 0.020165584981441498, 0.050464607775211334, 0.01409429032355547, 0.06439275294542313, 0.007649077568203211, 0.010571244172751904, 0.07270965725183487, 0.09059768170118332, 0.008253722451627254, 0.06673941761255264, 0.03551369160413742, 0.10614114254713058, 0.019588705152273178, 0.0089510353282094, 0.0029304539784789085, 0.045407965779304504, 0.041832149028778076, 0.022602906450629234, 0.06294982880353928, 0.07081593573093414, 0.10656555742025375, 0.028198326006531715, 0.06500845402479172, 0.07512933015823364, 0.054134488105773926, 0.12619388103485107, 0.05272731930017471, 0.032057251781225204, 0.06810060888528824, 0.1374640017747879, 0.16355642676353455, 0.07875122874975204, 0.023058976978063583, 0.024682428687810898, 0.023370463401079178, 0.06866388022899628, 0.08269559592008591, 0.0012766164727509022, 0.03338737040758133, 0.04834890365600586, 0.08183603733778, 0.013404236175119877]"
F248,"[0.030834443867206573, 0.041749972850084305, 0.0834217518568039, 0.08037307113409042, 0.08633791655302048, 0.02145564928650856, 0.08381195366382599, 0.009100927971303463, 0.05202297493815422, 0.06677819788455963, 0.007624180056154728, 0.020310942083597183, 0.05688795447349548, 0.027517683804035187, 0.006122623570263386, 0.04501881077885628, 0.048821140080690384, 0.08604536950588226, 0.0028318604454398155, 0.015693170949816704, 0.06502677500247955, 0.009228627197444439, 0.040558021515607834, 0.004753158427774906, 0.010018476285040379, 0.03367437794804573, 6.631199357798323e-05, 0.029482971876859665, 0.050175800919532776, 0.010346073657274246, 0.02914184331893921, 0.0265733040869236, 0.061436012387275696, 0.0473945289850235, 0.025987347587943077, 0.026611411944031715, 0.09131424874067307, 0.09881825745105743, 0.0981791689991951, 0.007667768280953169, 0.005675890017300844, 0.007941554300487041, 0.09414930641651154, 0.09614604711532593, 0.020500460639595985, 0.03569919615983963, 0.005809749476611614, 0.078675776720047, 0.04931064695119858, 0.10602612793445587, 0.005806340370327234, 0.045670099556446075, 0.026853226125240326, 0.05751940235495567, 0.04956499859690666, 0.031575869768857956, 0.024413984268903732, 0.04224855452775955, 0.03027280978858471, 0.06431623548269272, 0.08188769966363907, 0.01561731193214655, 0.035256948322057724, 0.05723728612065315, 0.05249916389584541, 0.025173155590891838, 0.0671987310051918, 0.00630200607702136, 0.02914038673043251, 0.019658641889691353, 0.09422546625137329, 0.021737273782491684, 0.05156226456165314, 0.038376208394765854, 0.022849801927804947, 0.02054688148200512, 0.0509442463517189, 0.05392652004957199, 0.01962381601333618, 0.019885411486029625, 0.027995001524686813, 0.007032313384115696, 0.03720720112323761, 0.023153221234679222, 0.08236069232225418, 0.08589987456798553, 0.030876198783516884, 0.04418117552995682, 0.033560365438461304, 0.05535249039530754, 0.055677630007267, 0.03360752761363983, 0.05680771544575691, 0.014768105000257492, 0.007445626892149448, 0.021650200709700584, 0.045696716755628586, 0.012501781806349754, 0.007951629348099232, 0.048542916774749756, 0.04554010182619095, 0.08125580102205276, 0.05432598292827606, 0.090638168156147, 0.06020394340157509, 0.004594332072883844, 0.0011771423742175102, 0.007968307472765446, 0.08643892407417297, 0.05307982489466667, 0.03174794092774391, 0.10712715983390808, 0.11979632079601288, 0.026396730914711952, 0.04204683005809784, 0.06270207464694977, 0.0399816520512104, 0.05980527028441429, 0.05420369282364845, 0.05233437567949295, 0.027574511244893074, 0.07335572689771652, 0.03794976323843002, 0.09240590035915375, 0.04519303888082504, 0.1263650357723236, 0.07407840341329575, 0.06528085470199585]"
F249,"[0.009445544332265854, 0.14506788551807404, 0.026705728843808174, 0.13723762333393097, 0.16669371724128723, 0.025239696726202965, 0.028012452647089958, 0.06029767543077469, 0.04499679431319237, 0.12716491520404816, 0.024457663297653198, 0.008679843507707119, 0.043637052178382874, 0.042448561638593674, 0.07585974782705307, 0.14137080311775208, 0.1176951453089714, 0.08149680495262146, 0.007918971590697765, 0.08925527334213257, 0.15965598821640015, 0.014165716245770454, 0.01667337864637375, 0.09716902673244476, 0.019315343350172043, 0.04246794804930687, 0.059739988297224045, 0.05768797546625137, 0.16929495334625244, 0.05238252878189087, 0.019069267436861992, 0.1007903516292572, 0.09255310148000717, 0.12344642728567123, 0.022829031571745872, 0.012817973271012306, 0.14924149215221405, 0.08511175215244293, 0.18732479214668274, 0.04664374515414238, 0.06439701467752457, 0.011669343337416649, 0.057943522930145264, 0.10164273530244827, 0.14765703678131104, 0.057324349880218506, 0.013013995252549648, 0.09181208908557892, 0.14807063341140747, 0.0014798782067373395, 0.008817235939204693, 0.0023403060622513294, 0.09309547394514084, 0.14047926664352417, 0.08997251093387604, 0.10391176491975784, 0.015272649005055428, 0.04750474914908409, 0.042366012930870056, 0.1589353084564209, 0.005773589946329594, 0.06759601086378098, 0.083559051156044, 0.03734222427010536, 0.062465060502290726, 0.10308198630809784, 0.07860390841960907, 0.038641251623630524, 0.09585557878017426, 0.1056082546710968, 0.08668067306280136, 0.1479644626379013, 0.008685325272381306, 0.07686339318752289, 0.06964929401874542, 0.06962081789970398, 0.05891885235905647, 0.1517038494348526, 0.005606081802397966, 0.07636447250843048, 0.13125884532928467, 0.014193057082593441, 0.007186406292021275, 0.07483965158462524, 0.03616885840892792, 0.18188096582889557, 0.003050304716452956, 0.08679697662591934, 0.04371491074562073, 0.09213308990001678, 0.08469119668006897, 0.07793621718883514, 0.020506873726844788, 0.00839092954993248, 0.0300071332603693, 0.07094958424568176, 0.0751001238822937, 0.2131473869085312, 0.05654127523303032, 0.07513201236724854, 0.07948184758424759, 0.036495912820100784, 0.07577259093523026, 0.08242286741733551, 0.05735866725444794, 0.16308075189590454, 0.0943198949098587, 0.08365553617477417, 0.003791539231315255, 0.03798673301935196, 0.09821289032697678, 0.09873181581497192, 0.03073839657008648, 0.01756862923502922, 0.16892901062965393, 0.1705988049507141, 0.009050452150404453, 0.10663609951734543, 0.031263258308172226, 0.08241241425275803, 0.01291660126298666, 0.1371777504682541, 0.07986141741275787, 0.10354842990636826, 0.0569755882024765, 0.15588510036468506, 0.02835630439221859, 0.0598289892077446]"
F250,"[0.002997369971126318, 0.04692818969488144, 0.016151536256074905, 0.0056931027211248875, 0.040631067007780075, 0.05389048904180527, 0.01400773599743843, 0.06813185662031174, 0.008991270326077938, 0.04864784702658653, 0.03117082081735134, 0.07416423410177231, 0.0567476786673069, 0.04620649293065071, 0.005076101515442133, 0.04388519003987312, 0.015354876406490803, 0.07019435614347458, 0.061627667397260666, 0.019756164401769638, 0.03710995614528656, 0.07772568613290787, 0.05864806845784187, 0.022119974717497826, 0.00029619867564179003, 0.009352855384349823, 0.05103616416454315, 0.05193570256233215, 0.05666455253958702, 0.052062466740608215, 0.0438326857984066, 0.050801582634449005, 0.009930992498993874, 0.08219806849956512, 0.02414914406836033, 0.004938323516398668, 0.024457160383462906, 0.08026038110256195, 0.05754585191607475, 0.06822887808084488, 0.06664056330919266, 0.05628260597586632, 0.02072564698755741, 0.045661382377147675, 0.044491399079561234, 0.05581701174378395, 0.023801153525710106, 0.023305965587496758, 0.03127589821815491, 0.0055800811387598515, 0.016427740454673767, 0.04469055309891701, 0.04291639104485512, 0.04234429821372032, 0.01879929192364216, 0.09531296044588089, 0.048882655799388885, 0.009483732283115387, 0.0341840535402298, 0.024698276072740555, 0.03333543613553047, 0.03793688863515854, 0.002876030281186104, 0.025738857686519623, 0.0512973926961422, 0.039497729390859604, 0.009277957491576672, 0.006152498535811901, 0.007860710844397545, 0.059568390250205994, 0.03748423233628273, 0.019134335219860077, 0.04346079006791115, 0.061127111315727234, 0.04297975078225136, 0.017871255055069923, 0.08194234222173691, 0.05774134397506714, 0.02350873500108719, 0.0182077344506979, 0.0018539344891905785, 0.004642676096409559, 0.06328676640987396, 0.05733603239059448, 0.00021494833345059305, 0.027882210910320282, 0.017867695540189743, 0.05123941972851753, 0.015353440307080746, 0.04717430844902992, 0.015925398096442223, 0.08652768284082413, 0.017708670347929, 0.0444677397608757, 0.03507622331380844, 0.05173550918698311, 0.03250555321574211, 0.05627111718058586, 0.019858865067362785, 0.06001384183764458, 0.013697201386094093, 0.024152152240276337, 0.047663912177085876, 0.02577389031648636, 0.03768771514296532, 0.05305083841085434, 0.020834246650338173, 0.03040960058569908, 0.06553982198238373, 0.004188477527350187, 0.03745967149734497, 0.007074535824358463, 0.034635286778211594, 0.01996137760579586, 0.05033780634403229, 0.011667211540043354, 0.08771203458309174, 0.04138103872537613, 0.041641715914011, 0.008321810513734818, 0.04573376849293709, 0.05651995167136192, 0.054209962487220764, 0.09000278264284134, 0.0048848106525838375, 0.01019744761288166, 0.008289966732263565, 0.010016870684921741]"
F251,"[0.04736607149243355, 0.017087336629629135, 0.028749559074640274, 0.021686911582946777, 0.004363636020570993, 0.03586937114596367, 0.016440007835626602, 0.03204306587576866, 0.019453024491667747, 0.02031698450446129, 0.017988119274377823, 0.017634939402341843, 0.014439105056226254, 0.029776934534311295, 0.01042112335562706, 0.004112491384148598, 0.0036628302186727524, 0.023055369034409523, 0.008648221381008625, 0.005932854954153299, 0.02554149553179741, 0.031015556305646896, 0.04436495155096054, 0.04199545457959175, 0.014502407982945442, 0.04318734258413315, 0.05745929107069969, 0.012400013394653797, 0.005654696840792894, 0.021989531815052032, 0.01696806401014328, 0.027469538152217865, 0.02968354895710945, 0.02769855596125126, 0.03855163976550102, 0.028035566210746765, 0.013669373467564583, 0.010887421667575836, 0.01769852824509144, 0.0013122393283993006, 0.007492265198379755, 0.013417165726423264, 0.041868627071380615, 0.01704956777393818, 0.01338403020054102, 0.008782556280493736, 0.028659872710704803, 0.03648720309138298, 0.0068715414963662624, 0.0014909233432263136, 0.02695843204855919, 0.0023379246704280376, 0.01673082262277603, 0.007269943132996559, 0.019542565569281578, 0.031017007306218147, 0.03127364441752434, 0.014893236570060253, 0.015333609655499458, 0.01307009905576706, 0.02208726666867733, 0.003935185726732016, 0.03416259214282036, 0.002236442407593131, 0.011606932617723942, 0.029417691752314568, 0.0025556592736393213, 0.009872715920209885, 0.0002942073333542794, 0.01627071015536785, 0.019219497218728065, 0.0173164214938879, 0.029663292691111565, 0.012009535916149616, 0.034070950001478195, 0.048176638782024384, 0.0505245067179203, 0.007952551357448101, 0.019724013283848763, 0.014277584850788116, 0.007310556247830391, 0.036431871354579926, 0.03420308977365494, 0.023138053715229034, 0.03410116955637932, 0.00734884524717927, 0.0037530139088630676, 0.03596074506640434, 0.02440774440765381, 0.02000121958553791, 0.015108802355825901, 0.0037920591421425343, 0.0235231164842844, 0.002901083789765835, 0.020537741482257843, 0.027089856564998627, 0.007584012113511562, 0.03170927241444588, 0.031315747648477554, 0.04191580042243004, 0.04674159362912178, 0.003579371375963092, 0.034280870109796524, 0.009070944041013718, 0.004979195538908243, 0.0025169786531478167, 0.01649041287600994, 0.0047121173702180386, 0.007603946607559919, 0.022019226104021072, 0.012262549251317978, 0.013882724568247795, 0.030381454154849052, 0.03429160639643669, 0.019298627972602844, 0.005811039358377457, 0.030262766405940056, 0.025553811341524124, 0.004913873039186001, 0.0053286682814359665, 0.006167251616716385, 0.012628534808754921, 0.0039031049236655235, 0.006243925075978041, 0.011091222055256367, 0.026143470779061317, 0.04031543433666229, 0.016069039702415466]"
F252,"[0.01650739647448063, 0.049797747284173965, 0.0612674206495285, 0.05988617613911629, 0.10795455425977707, 0.17347273230552673, 0.0766313299536705, 0.023903971537947655, 0.018387677147984505, 0.06782647222280502, 0.0817236602306366, 0.06958357244729996, 0.18204395473003387, 0.19792181253433228, 0.07962345331907272, 0.11721080541610718, 0.07496950030326843, 0.10299517214298248, 0.02120324783027172, 0.01652812398970127, 0.022017817944288254, 0.08373993635177612, 0.16853418946266174, 0.009373800829052925, 0.047784484922885895, 0.03594823554158211, 0.08464981615543365, 0.09013475477695465, 0.13956354558467865, 0.0110279256477952, 0.028042055666446686, 0.0867919772863388, 0.04237029328942299, 0.023511646315455437, 0.007259516045451164, 0.010953999124467373, 0.09429981559515, 0.07974560558795929, 0.1633310467004776, 0.04917316138744354, 0.01781073771417141, 0.06270787864923477, 0.1691737174987793, 0.06033283844590187, 0.13150547444820404, 0.04461805149912834, 0.03440367802977562, 0.04553618282079697, 0.026123622432351112, 0.0015789662720635533, 0.07745647430419922, 0.12385253608226776, 0.08668893575668335, 0.12538620829582214, 0.0073624057695269585, 0.047983575612306595, 0.16107746958732605, 0.01401425339281559, 0.14199082553386688, 0.0067418599501252174, 0.13618744909763336, 0.09834297001361847, 0.03369807451963425, 0.0863676369190216, 0.0007145613781176507, 0.1320245862007141, 0.039560746401548386, 0.05388403683900833, 0.021711435168981552, 0.022122245281934738, 0.04084280505776405, 0.04436749964952469, 0.024235211312770844, 0.12179122120141983, 0.07376731187105179, 0.17133331298828125, 0.00809480156749487, 0.15009698271751404, 0.041340768337249756, 0.026231173425912857, 0.1327221542596817, 0.1048353984951973, 0.013665189035236835, 0.05182994529604912, 0.07900828868150711, 0.06212402880191803, 0.1291351467370987, 0.11445540189743042, 0.09580574929714203, 0.13339532911777496, 0.03740471228957176, 0.02414648048579693, 0.022419249638915062, 0.12084119766950607, 0.07627655565738678, 0.013808595016598701, 0.04266278073191643, 0.053659532219171524, 0.08965963125228882, 0.13174140453338623, 0.11115435510873795, 0.014329732395708561, 0.08417642116546631, 0.05792811140418053, 0.08823179453611374, 0.012984657660126686, 0.029829971492290497, 0.10824839025735855, 0.09433156996965408, 0.004793037660419941, 0.05499257519841194, 0.06476143002510071, 0.08326568454504013, 0.009421661496162415, 0.11640848964452744, 0.019317083060741425, 0.028452983126044273, 0.02786230854690075, 0.05867864936590195, 0.11076189577579498, 0.13511177897453308, 0.04230279102921486, 0.023063192144036293, 0.05785362049937248, 0.12856735289096832, 0.023523466661572456, 0.09530239552259445, 0.0872318372130394]"
F253,"[0.11811286211013794, 0.028119327500462532, 0.030229832977056503, 0.08523079752922058, 0.009207580238580704, 0.1409173160791397, 0.12515154480934143, 0.03789848834276199, 0.035488858819007874, 0.05180373042821884, 0.0861019715666771, 0.07174015045166016, 0.050159987062215805, 0.030082942917943, 0.09665413200855255, 0.026478419080376625, 0.026737824082374573, 0.02333195134997368, 0.07369162142276764, 0.0496869757771492, 0.10155564546585083, 0.03140449896454811, 0.008167163468897343, 0.04491804540157318, 0.017295608296990395, 0.14580731093883514, 0.022662285715341568, 0.018336232751607895, 0.11922518908977509, 0.0033369434531778097, 0.10810922086238861, 0.017291029915213585, 0.02944232150912285, 0.04364385828375816, 0.09936521202325821, 0.0971604660153389, 0.12442722171545029, 0.02316688373684883, 0.018175823614001274, 0.05095262452960014, 0.03904308006167412, 0.058222997933626175, 0.04611920565366745, 0.04449409618973732, 0.08896642923355103, 0.087950699031353, 0.04472028836607933, 0.03426032513380051, 0.02788040041923523, 0.0771273672580719, 0.023482372984290123, 0.09489735960960388, 0.08177345246076584, 0.03895765170454979, 0.02073214203119278, 0.04870773106813431, 0.07733357697725296, 0.08014221489429474, 0.02586139552295208, 0.05447540804743767, 0.023311123251914978, 0.031198864802718163, 0.011213830672204494, 0.004903406370431185, 0.039300087839365005, 0.06379225850105286, 0.13168196380138397, 0.038020409643650055, 0.00425790436565876, 0.15060719847679138, 0.09193264693021774, 0.09735117107629776, 0.009670702740550041, 0.013794814236462116, 0.08586914837360382, 0.016766155138611794, 0.04334951564669609, 0.02321930229663849, 0.05405479669570923, 0.04300307482481003, 0.051460374146699905, 0.06361348181962967, 0.1095692589879036, 0.02688712626695633, 0.014239664189517498, 0.04523543268442154, 0.05351190268993378, 0.02736566960811615, 0.03844738006591797, 0.08138944208621979, 0.01724983938038349, 0.040908243507146835, 0.0787869468331337, 0.07730086147785187, 0.03310583904385567, 0.059445902705192566, 0.09057436138391495, 0.006377065554261208, 0.008792503736913204, 0.026962488889694214, 0.0755048543214798, 0.07745376229286194, 0.002823740476742387, 0.02006320096552372, 0.004381176084280014, 0.015728842467069626, 0.027013031765818596, 0.0016553649911656976, 0.003431223798543215, 0.02905537560582161, 0.05515176057815552, 0.029453206807374954, 0.029157251119613647, 0.00016461859922856092, 0.025888759642839432, 0.02670104056596756, 0.011346118524670601, 0.06925378739833832, 0.06852350383996964, 0.011712342500686646, 0.013502570800483227, 0.02682700753211975, 0.06034935638308525, 0.11426599323749542, 0.05341041833162308, 0.02609032578766346, 0.028669465333223343, 0.1189035102725029]"
F254,"[0.03314946964383125, 0.01006617583334446, 0.025925489142537117, 0.01973295398056507, 0.0047747609205543995, 0.018368272110819817, 0.016299663111567497, 0.029744531959295273, 0.01770373061299324, 0.06290969997644424, 0.018643919378519058, 0.03334616497159004, 0.03603110462427139, 0.030405422672629356, 0.01415733341127634, 0.07303907722234726, 0.03586912900209427, 0.007064208388328552, 0.00914064422249794, 0.0018575377762317657, 0.010792857967317104, 0.003729807445779443, 0.05620526522397995, 0.001253211055882275, 0.0006540155736729503, 0.004871378652751446, 0.007294017821550369, 0.013369346968829632, 0.023300059139728546, 0.015756282955408096, 0.0027966590132564306, 0.010919086635112762, 0.0065923091024160385, 0.034533094614744186, 0.029288887977600098, 0.009170541539788246, 0.001298994873650372, 0.031583622097969055, 0.013844548724591732, 0.00191843556240201, 0.004394670482724905, 0.007832635194063187, 0.0018157738959416747, 0.030573269352316856, 0.029444986954331398, 0.04239664599299431, 0.007399755530059338, 0.027945511043071747, 0.008258744142949581, 0.04245098680257797, 0.025400694459676743, 0.05803819000720978, 0.0037475295830518007, 0.002794895088300109, 0.022490352392196655, 0.031083812937140465, 0.015055510215461254, 0.015034678392112255, 0.01415923796594143, 0.03913220390677452, 0.023434417322278023, 0.031798988580703735, 0.024477943778038025, 0.028647853061556816, 0.020067255944013596, 0.0010857237502932549, 0.028421616181731224, 0.059555623680353165, 0.026802977547049522, 0.011564938351511955, 0.022495664656162262, 0.04878971725702286, 0.04381461814045906, 0.020786473527550697, 0.014751885086297989, 0.0428440198302269, 0.015597411431372166, 0.029109103605151176, 0.02412755973637104, 0.009788609109818935, 0.02103063464164734, 0.03910722956061363, 0.03663470968604088, 0.03078058362007141, 0.02316199243068695, 0.012818899936974049, 0.03208444267511368, 0.024960529059171677, 0.00437408871948719, 0.0835091844201088, 0.007951173931360245, 0.010685508139431477, 0.0031155175529420376, 0.04266386479139328, 0.01299320999532938, 0.006506233476102352, 0.011523278430104256, 0.004695767071098089, 0.00370732881128788, 0.013438902795314789, 0.028121430426836014, 0.0033560351002961397, 0.038539376109838486, 0.008573204278945923, 0.007931778207421303, 0.032599251717329025, 0.010637607425451279, 0.03652418777346611, 0.004787947051227093, 0.02776043862104416, 0.011282352730631828, 0.049407441169023514, 0.022507963702082634, 0.011251523159444332, 0.006782492622733116, 0.004110030829906464, 0.058753594756126404, 0.012047572061419487, 0.03652553632855415, 0.005120322573930025, 0.015140043571591377, 0.04034879431128502, 0.01008599903434515, 0.00041938829235732555, 0.00385586847551167, 0.028760436922311783, 0.02243364229798317, 0.02358122728765011]"
F255,"[0.00265395175665617, 0.017177172005176544, 0.01087167952209711, 0.003050475148484111, 0.015978248789906502, 0.005523751024156809, 0.003712703473865986, 0.0023870705626904964, 0.003813990391790867, 0.002502445364370942, 0.017585353925824165, 0.008831312879920006, 0.010227102786302567, 0.016910329461097717, 0.010377716273069382, 0.012440136633813381, 0.01613716222345829, 5.743282235926017e-05, 0.008116868324577808, 0.009278124198317528, 0.023770373314619064, 0.00031112428405322134, 0.000351266615325585, 0.0027630331460386515, 0.0040155984461307526, 0.0010852501727640629, 0.015485133975744247, 0.0037894509732723236, 0.0019206367433071136, 0.010777650400996208, 0.007138261571526527, 0.005946609191596508, 3.485305205686018e-05, 0.014375611208379269, 0.007589698303490877, 0.02247905172407627, 0.003953730221837759, 0.004497468005865812, 0.004866170696914196, 0.014132034964859486, 0.001156638259999454, 0.01089789904654026, 0.00021757863578386605, 0.008581582456827164, 0.0026815279852598906, 0.003083502408117056, 0.008985859341919422, 0.010387797839939594, 0.004357702564448118, 0.005399331450462341, 0.0008275279542431235, 0.008241680450737476, 0.017156263813376427, 0.0011960634728893638, 0.015451992861926556, 0.0019441490294411778, 0.01924547739326954, 0.0041388957761228085, 0.01365106925368309, 0.01382951345294714, 0.01376289501786232, 0.009770055301487446, 0.006440991535782814, 0.0009767696028575301, 0.012948951683938503, 0.009456646628677845, 0.01711422950029373, 0.0062711057253181934, 0.014753527007997036, 0.009038474410772324, 0.006312886252999306, 0.015182850882411003, 0.0069683752954006195, 0.001297412789426744, 0.025715449824929237, 0.01901804842054844, 0.004907940048724413, 0.010136380791664124, 0.003331131534650922, 0.008611766621470451, 0.003446872578933835, 0.00500795803964138, 0.01117272675037384, 0.0013163893017917871, 0.0017908475128933787, 0.00017880099767353386, 0.013750682584941387, 0.015030560083687305, 0.008122419007122517, 0.00555761344730854, 3.597836985136382e-05, 0.012553779408335686, 0.0043198284693062305, 0.010030432604253292, 0.018840964883565903, 0.0011552765499800444, 0.0014914937783032656, 0.0019189929589629173, 0.012280465103685856, 0.007609473075717688, 0.0045534041710197926, 0.003255693009123206, 0.015591692179441452, 0.0009640746866352856, 0.0004598385712597519, 0.0016518603079020977, 0.0056578307412564754, 0.00934323575347662, 0.022175639867782593, 0.018070988357067108, 0.01383955217897892, 0.007215049117803574, 0.01099755521863699, 0.003637811169028282, 0.010148494504392147, 0.0012662067310884595, 0.01620369777083397, 0.003825234016403556, 0.0160042904317379, 0.0005071688792668283, 0.007740986067801714, 0.004837932530790567, 0.013993332162499428, 0.006378461141139269, 0.016429942101240158, 0.0038369910325855017, 0.0019069397822022438, 0.007048830855637789]"
F256,"[0.08074682205915451, 0.004480565898120403, 0.03937286511063576, 0.05139819532632828, 0.0004377136065158993, 0.021067937836050987, 0.07407406717538834, 0.07079248130321503, 0.056437112390995026, 0.08904970437288284, 0.029843000695109367, 0.1130421906709671, 0.03887614980340004, 0.10131765156984329, 0.038093991577625275, 0.05399247258901596, 0.03666813671588898, 0.05923280119895935, 0.02604781463742256, 0.006199280731379986, 0.024612748995423317, 0.044638969004154205, 0.10920193791389465, 0.0316036082804203, 0.04059413820505142, 0.0300157330930233, 0.09068246930837631, 0.028760677203536034, 0.0055791535414755344, 0.01586592011153698, 0.0379490926861763, 0.08080795407295227, 0.09237439185380936, 0.0635516345500946, 0.03369862958788872, 0.07633884251117706, 0.0478910431265831, 0.012466578744351864, 0.06295572221279144, 0.02884245105087757, 0.007450963836163282, 0.08305391669273376, 0.025606714189052582, 0.09087366610765457, 0.022905176505446434, 0.039427243173122406, 0.06712973862886429, 0.07154341042041779, 0.024042276665568352, 0.007352033164352179, 0.0037445963826030493, 0.07750421017408371, 0.020207934081554413, 0.06822440028190613, 0.02721930667757988, 0.02054981328547001, 0.06104190647602081, 0.0831664577126503, 0.017939861863851547, 0.05377082899212837, 0.0887896791100502, 0.021372675895690918, 0.06145765632390976, 0.0904589593410492, 0.034776248037815094, 0.00577901303768158, 0.06576479226350784, 0.06783631443977356, 0.009127541445195675, 0.02388487011194229, 0.04548373818397522, 0.0052114007994532585, 0.03146490082144737, 0.07111725211143494, 0.02697080932557583, 0.03851484879851341, 0.052119120955467224, 0.021270060911774635, 0.06072980910539627, 0.04718954116106033, 0.03585931286215782, 0.024862047284841537, 0.006436993833631277, 0.023919207975268364, 0.08135626465082169, 0.08001481741666794, 0.04271170496940613, 0.0034457105211913586, 0.015757102519273758, 0.05882894620299339, 0.07159172743558884, 0.07256720215082169, 0.049193374812603, 0.04821569845080376, 0.004727328661829233, 0.03646520525217056, 0.03468269109725952, 0.07303056120872498, 0.09556478261947632, 0.021356120705604553, 0.03792571276426315, 0.08088168501853943, 0.10319885611534119, 0.04870379716157913, 0.06058097630739212, 0.007387814577668905, 0.03280764818191528, 0.01859964057803154, 0.05317171663045883, 0.08272552490234375, 0.08888351172208786, 0.005711542442440987, 0.0795806273818016, 0.03797260299324989, 0.000854108773637563, 0.11756207048892975, 0.03849612548947334, 0.022795306518673897, 0.02973444201052189, 0.04782218858599663, 0.07141203433275223, 0.06125801429152489, 0.034526944160461426, 0.02997829206287861, 0.024796754121780396, 0.048757147043943405, 0.06428367644548416, 0.009823397733271122]"
F257,"[0.12737752497196198, 0.12448776513338089, 0.0956287682056427, 0.11889082193374634, 0.022113211452960968, 0.07520709931850433, 0.08254134654998779, 0.06411769986152649, 0.018095847219228745, 0.07403763383626938, 0.06509818136692047, 0.061697136610746384, 0.11247161775827408, 0.02309243194758892, 0.03950423002243042, 0.1855936348438263, 0.11472605168819427, 0.15626941621303558, 0.034503012895584106, 0.041604142636060715, 0.0452217273414135, 0.0805225744843483, 0.04572195187211037, 0.031348854303359985, 0.0290063489228487, 9.631187276681885e-05, 0.07562465220689774, 0.013710149563848972, 0.05088157579302788, 0.013397674076259136, 0.06990660727024078, 0.09545857459306717, 0.07595344632863998, 0.18613173067569733, 0.08197463303804398, 0.01300565805286169, 0.04206077754497528, 0.018272526562213898, 0.17774899303913116, 0.08994642645120621, 0.002111368579789996, 0.004541119560599327, 0.052791763097047806, 0.03200666978955269, 0.06775227189064026, 0.038414981216192245, 0.0751294419169426, 0.10856122523546219, 0.1096842810511589, 0.12073703855276108, 0.052710581570863724, 0.06814072281122208, 0.009780463762581348, 0.049002524465322495, 0.04501364752650261, 0.024326566606760025, 0.05951262637972832, 0.07924062758684158, 0.03661582991480827, 0.10418537259101868, 0.11164741218090057, 0.1072765439748764, 0.014997181482613087, 0.10062037408351898, 0.06624161452054977, 0.14893437922000885, 0.12748278677463531, 0.0801200419664383, 0.003362403716892004, 0.0509684719145298, 0.006741728167980909, 0.13992178440093994, 0.03232600912451744, 0.13434472680091858, 0.17566421627998352, 0.06530407816171646, 0.14164091646671295, 0.13521336019039154, 0.08457358926534653, 0.041310008615255356, 0.13728098571300507, 0.07205803692340851, 0.01869497448205948, 0.0098807942122221, 0.024935750290751457, 0.1144857108592987, 0.035056423395872116, 0.04298016428947449, 0.0026020363438874483, 0.009752779267728329, 0.04702581465244293, 0.026192711666226387, 0.03040057234466076, 0.029131323099136353, 0.06077564135193825, 0.062092751264572144, 0.009072122164070606, 0.07877331227064133, 0.021482767537236214, 0.007296585012227297, 0.06969940662384033, 0.13084249198436737, 0.02521243691444397, 0.1083400696516037, 0.04109889641404152, 0.001724100555293262, 0.14894458651542664, 0.06729013472795486, 0.152484729886055, 0.08822349458932877, 0.0776415541768074, 0.15553131699562073, 0.011971946805715561, 0.03686760365962982, 0.02777637541294098, 0.1894693225622177, 0.0689563900232315, 0.153902068734169, 0.022119509056210518, 0.05228924751281738, 0.1532570868730545, 0.03607238084077835, 0.013361576944589615, 0.03425731137394905, 0.050669439136981964, 0.02419930323958397, 0.013247237540781498, 0.062177542597055435]"
F258,"[0.05210832506418228, 0.030544454231858253, 0.07987875491380692, 0.028213752433657646, 0.04888562858104706, 0.06765920668840408, 0.06532914936542511, 0.02000332996249199, 0.019870446994900703, 0.040514133870601654, 0.006167290266603231, 0.11355042457580566, 0.05974895507097244, 0.11507950723171234, 0.046286679804325104, 0.12471647560596466, 0.013860274106264114, 0.06109455227851868, 0.04551900550723076, 0.02615288272500038, 0.022804301232099533, 0.015576408244669437, 0.09408088773488998, 0.06513778120279312, 0.059988342225551605, 0.08790185302495956, 0.07097381353378296, 0.05696406587958336, 0.17229251563549042, 0.0415695495903492, 0.07195308804512024, 0.05573827773332596, 0.1333954632282257, 0.03284003213047981, 0.011455951258540154, 0.1317303329706192, 0.14292241632938385, 0.03949836269021034, 0.018252303823828697, 0.02157869003713131, 0.08299674093723297, 0.0020187445916235447, 0.06924664974212646, 0.11525194346904755, 0.149900883436203, 0.07342566549777985, 0.017328057438135147, 0.022618476301431656, 0.029752511531114578, 0.06099459528923035, 0.08298986405134201, 0.06819512695074081, 0.04605534300208092, 0.030744487419724464, 0.0005814478499814868, 0.08695822209119797, 0.04986945912241936, 0.06140369176864624, 0.006096348166465759, 0.00969691388309002, 0.014809329062700272, 0.060241956263780594, 0.06866100430488586, 0.15301203727722168, 0.042166177183389664, 0.0478186309337616, 0.09768559783697128, 0.15925635397434235, 0.0766742080450058, 0.0690581202507019, 0.12752512097358704, 0.1878792941570282, 0.10526033490896225, 0.03664863109588623, 0.06748225539922714, 0.11423663794994354, 0.09040625393390656, 0.11598459631204605, 0.06037159636616707, 0.035234805196523666, 0.009204566478729248, 0.03354744613170624, 0.12236294895410538, 0.13294701278209686, 0.07614929229021072, 0.02111290581524372, 0.0669788271188736, 0.11085870862007141, 0.1021975576877594, 0.06729935109615326, 0.07331977039575577, 0.006796523928642273, 0.058077264577150345, 0.12664443254470825, 0.06359003484249115, 0.007710916921496391, 0.11230079084634781, 0.045660749077796936, 0.05948488786816597, 0.09369955956935883, 0.02368186227977276, 0.03721681237220764, 0.07045511901378632, 0.042605482041835785, 0.06503336876630783, 0.039832357317209244, 0.036167990416288376, 0.1655278503894806, 0.11752673983573914, 0.010759048163890839, 0.02114124782383442, 0.16230474412441254, 0.1184796690940857, 0.005138360429555178, 0.03208169341087341, 0.04549174755811691, 0.042793914675712585, 0.06869324296712875, 0.036177072674036026, 0.04306622967123985, 0.09670376777648926, 0.046629782766103745, 0.12256427109241486, 0.06720435619354248, 0.09910272806882858, 0.02068549208343029, 0.010201743803918362, 0.06707048416137695]"
F259,"[0.11972547322511673, 0.13906972110271454, 0.012506980448961258, 0.13660486042499542, 0.18368686735630035, 0.18493694067001343, 0.11621259897947311, 0.14157316088676453, 0.0035537714138627052, 0.07929009944200516, 0.16264890134334564, 0.05421438813209534, 0.13358739018440247, 0.0027768337167799473, 0.12944455444812775, 0.04549722000956535, 0.06922648102045059, 0.16372713446617126, 0.032319799065589905, 0.0214394498616457, 0.15094569325447083, 0.23962168395519257, 0.18325774371623993, 0.17545275390148163, 0.01612926833331585, 0.18707768619060516, 0.0008104564622044563, 0.11385094374418259, 0.06783349066972733, 0.1841023862361908, 0.19503173232078552, 0.1389962136745453, 0.11219041049480438, 0.259739488363266, 0.15262357890605927, 0.015188736841082573, 0.0841001495718956, 0.017516806721687317, 0.08479727059602737, 0.12095654755830765, 0.006670602597296238, 0.14797580242156982, 0.12489495426416397, 0.07663662731647491, 0.1441313475370407, 0.023272937163710594, 0.053909435868263245, 0.004091834649443626, 0.089215487241745, 0.05196903273463249, 0.05013412982225418, 0.010971453040838242, 0.09938119351863861, 0.12516002357006073, 0.14028453826904297, 0.12198937684297562, 0.20009249448776245, 0.15360639989376068, 0.13463683426380157, 0.001569548505358398, 0.08340093493461609, 0.09698986262083054, 0.09331879019737244, 0.24749809503555298, 0.11131066828966141, 0.09071153402328491, 0.05966221168637276, 0.021136675029993057, 0.16308529675006866, 0.113717220723629, 0.14552615582942963, 0.25506746768951416, 0.08743610978126526, 0.015252805314958096, 0.24782219529151917, 0.055071279406547546, 0.06424304097890854, 0.1814568042755127, 0.1110449731349945, 0.0768856331706047, 0.1382109373807907, 0.1225067675113678, 0.15995395183563232, 0.14697274565696716, 0.1309402734041214, 0.14357125759124756, 0.15598401427268982, 0.09242606908082962, 0.10843995213508606, 0.06774217635393143, 0.19131983816623688, 0.03921108692884445, 0.10248850286006927, 0.09716349840164185, 0.056027743965387344, 0.009564856067299843, 0.035417694598436356, 0.09169075638055801, 0.0037838448770344257, 0.05173525959253311, 0.1975344568490982, 0.1385333091020584, 0.10207978636026382, 0.11453601717948914, 0.03246083855628967, 0.22578269243240356, 0.17517715692520142, 0.21983051300048828, 0.13559064269065857, 0.08663644641637802, 0.09180020540952682, 0.1290629804134369, 0.12935274839401245, 0.08795025199651718, 0.0750146135687828, 0.10702104866504669, 0.1254599541425705, 0.09088311344385147, 0.15186162292957306, 0.04724043607711792, 0.1304415613412857, 0.12192018330097198, 0.029645010828971863, 0.132781982421875, 0.25641852617263794, 0.030601700767874718, 0.034760504961013794, 0.16754604876041412]"
F260,"[0.05391943082213402, 0.045208923518657684, 0.015351937152445316, 0.011024040170013905, 0.05207954719662666, 0.0627252534031868, 0.005172803997993469, 0.01821860671043396, 0.08057107031345367, 0.026561815291643143, 0.011368061415851116, 0.008513239212334156, 0.02470993623137474, 0.0029633785597980022, 0.04226047918200493, 0.08010368049144745, 0.03913380578160286, 0.054415445774793625, 0.0066559757106006145, 0.04701390862464905, 0.004178204108029604, 0.04861709475517273, 0.049173079431056976, 0.013698846101760864, 0.0885893926024437, 0.01906035654246807, 0.03734932094812393, 0.04531581699848175, 0.00019013963174074888, 0.045781929045915604, 0.01804576814174652, 0.011493690311908722, 0.07143980264663696, 0.014850560575723648, 0.06776855140924454, 0.03896063566207886, 0.0497322753071785, 3.8907252019271255e-05, 0.03506825491786003, 0.00820876844227314, 0.040775734931230545, 0.032045938074588776, 0.011781037785112858, 0.06026985123753548, 0.048209983855485916, 0.0105622299015522, 0.013770307414233685, 0.08806628733873367, 0.06346065551042557, 0.03269164636731148, 0.0008282908238470554, 0.11785723268985748, 0.08082980662584305, 0.07288335263729095, 0.027407178655266762, 0.035903945565223694, 0.04730203002691269, 0.031021878123283386, 0.0007932964945212007, 0.010899408720433712, 0.01903345249593258, 0.035176146775484085, 0.009414208121597767, 0.024309346452355385, 0.050243452191352844, 0.012149503454566002, 0.016678525134921074, 0.019210699945688248, 0.010156421922147274, 0.052257537841796875, 0.01686292141675949, 0.04743470624089241, 0.0368049256503582, 0.059206731617450714, 0.034057676792144775, 0.03100152127444744, 0.04642769321799278, 0.040105149149894714, 0.019852425903081894, 0.002477791626006365, 0.04329433664679527, 0.011260208673775196, 0.024916239082813263, 0.03098818100988865, 0.08812479674816132, 0.05889849737286568, 0.1438329964876175, 0.04917139559984207, 0.023509511724114418, 0.059932809323072433, 0.0024016108363866806, 0.07661953568458557, 0.010913302190601826, 0.02107403427362442, 0.0658913254737854, 0.006650425493717194, 0.0010201691184192896, 0.016573693603277206, 0.07842421531677246, 0.04880525916814804, 0.029103057458996773, 0.07323770225048065, 0.023087482899427414, 0.003754227189347148, 0.057668086141347885, 0.008361141197383404, 0.034659288823604584, 0.021122895181179047, 0.009878064505755901, 0.07571147382259369, 0.08192931115627289, 0.0947333574295044, 0.045495182275772095, 0.03681432828307152, 0.003035144181922078, 0.05168972164392471, 0.006911295931786299, 0.07938163727521896, 0.05403405800461769, 0.05046607181429863, 0.009778518229722977, 0.022846437990665436, 0.009237603284418583, 0.009006895124912262, 0.03681804612278938, 0.008888205513358116, 0.03538898751139641, 0.11640950292348862]"
F261,"[0.02094900608062744, 0.023301003500819206, 0.008346814662218094, 0.002988256746903062, 0.054239943623542786, 0.03464511036872864, 0.0025329452473670244, 0.03326831012964249, 0.007024610880762339, 0.06593191623687744, 0.023437155410647392, 0.0233605969697237, 0.01786932162940502, 0.09005306661128998, 0.024496721103787422, 0.09834165126085281, 0.030465029180049896, 0.04913613200187683, 0.04808305203914642, 0.0069735064171254635, 0.014212286099791527, 0.07487925887107849, 0.006604257971048355, 0.0057184454053640366, 0.010941668413579464, 0.03855303302407265, 0.10354799032211304, 0.04461069032549858, 0.018697243183851242, 0.12282583117485046, 0.038724008947610855, 0.009281780570745468, 0.026542872190475464, 0.01595735177397728, 0.030156103894114494, 0.041711434721946716, 0.019641194492578506, 0.01605623960494995, 0.030795445665717125, 0.019720807671546936, 0.0185873843729496, 0.02803977020084858, 0.008800693787634373, 0.04239397123456001, 0.015890037640929222, 0.06208585575222969, 0.05821144953370094, 0.028136732056736946, 0.008717983029782772, 0.0633774995803833, 0.02804489992558956, 0.09497209638357162, 0.0200458075851202, 0.05304306373000145, 0.009297571144998074, 0.008171799592673779, 0.06308650970458984, 0.068702831864357, 0.06902317702770233, 0.045470334589481354, 0.0020512929186224937, 0.07257404923439026, 0.00549754174426198, 0.02281220629811287, 0.03640810400247574, 0.04545353353023529, 0.015250935219228268, 0.041676077991724014, 0.00912522990256548, 0.026409875601530075, 0.02952437475323677, 0.02946033701300621, 0.03656432405114174, 0.009520326741039753, 0.009796585887670517, 0.07383249700069427, 0.06479693949222565, 0.008128412999212742, 0.0015830688644200563, 0.041218020021915436, 0.08356346935033798, 0.07364168018102646, 0.03518974781036377, 0.049066219478845596, 0.009402791038155556, 0.04068148881196976, 0.0031414423137903214, 0.040841829031705856, 0.018860723823308945, 0.0386791005730629, 0.08876413106918335, 0.03234298154711723, 0.0064774164929986, 0.06144123896956444, 0.08441000431776047, 0.0054956357926130295, 0.030603110790252686, 0.004341167863458395, 0.0019534104503691196, 0.02332399971783161, 0.026085197925567627, 0.009954171255230904, 0.07169326394796371, 0.06730815023183823, 0.01671990565955639, 0.012212608009576797, 0.04212259128689766, 0.0550190769135952, 0.07682698220014572, 0.06925339996814728, 0.010376703925430775, 0.016984881833195686, 0.002311399206519127, 0.04380737617611885, 0.02438974194228649, 0.08177410066127777, 0.008347737602889538, 0.10183406621217728, 0.005060541443526745, 0.025516510009765625, 0.03595902770757675, 0.0010622208938002586, 0.01999223604798317, 0.01771559566259384, 0.04911460727453232, 0.02908153273165226, 0.019876638427376747, 0.010398156940937042]"
F262,"[0.08341187238693237, 0.004286909941583872, 0.10790271311998367, 0.057337675243616104, 0.07410228252410889, 0.08947159349918365, 0.08912757784128189, 0.02577955648303032, 0.060479387640953064, 0.13118070363998413, 0.05387285724282265, 0.0868714451789856, 0.17243148386478424, 0.17980645596981049, 0.07115013152360916, 0.039697349071502686, 0.09841284900903702, 0.10320032387971878, 0.015547079965472221, 0.11034878343343735, 0.008683509193360806, 0.010173408314585686, 0.09464972466230392, 0.054279934614896774, 0.13735568523406982, 0.16760993003845215, 0.04416415095329285, 0.002720913151279092, 0.02867470495402813, 0.04920516908168793, 0.12627698481082916, 0.045305509120225906, 0.030747095122933388, 0.03963271528482437, 0.006193595472723246, 0.15167412161827087, 0.17915089428424835, 0.0881318524479866, 0.12819883227348328, 0.06833042204380035, 0.040419671684503555, 0.1271485835313797, 0.10023124516010284, 0.02292943187057972, 0.17580537497997284, 0.00025429012021049857, 0.03720288351178169, 0.0382869616150856, 0.09159953147172928, 0.05552985891699791, 0.021838942542672157, 0.04506929591298103, 0.06824653595685959, 0.15363726019859314, 0.09509145468473434, 0.009803466498851776, 0.10443427413702011, 0.005357583053410053, 0.06580470502376556, 0.06316153705120087, 0.0023203082382678986, 0.143085777759552, 0.007598528638482094, 0.13108788430690765, 0.11869479715824127, 0.03381123021245003, 0.18784502148628235, 0.058060772716999054, 0.08196668326854706, 0.15550903975963593, 0.138746440410614, 0.03681217506527901, 0.06666073948144913, 0.03970960155129433, 0.13641896843910217, 0.11612538248300552, 0.040401559323072433, 0.10455410182476044, 0.07478681206703186, 0.12735427916049957, 0.0003819620469585061, 0.017547516152262688, 0.07330943644046783, 0.06227598339319229, 0.027418993413448334, 0.0736147090792656, 0.11764567345380783, 0.028205987066030502, 0.12286683171987534, 0.11911901086568832, 0.08338166028261185, 0.055869754403829575, 0.047003697603940964, 0.20975090563297272, 0.05943412706255913, 0.024530261754989624, 0.019336316734552383, 0.13123786449432373, 0.12992241978645325, 0.17887462675571442, 0.018490897491574287, 0.08988337963819504, 0.06252916157245636, 0.015556562691926956, 0.16782231628894806, 0.11137691140174866, 0.05358379706740379, 0.04262559860944748, 0.0861719474196434, 0.08863913267850876, 0.13898007571697235, 0.1322404444217682, 0.14330081641674042, 0.03383287787437439, 0.08881185948848724, 0.15442799031734467, 0.004597484599798918, 0.07321106642484665, 0.12294504046440125, 0.12197569012641907, 0.1168278232216835, 0.052877962589263916, 0.018939467146992683, 0.10255753248929977, 0.016313916072249413, 0.05129726976156235, 0.12756115198135376, 0.12131832540035248]"
F263,"[0.053265929222106934, 0.09236084669828415, 0.1180238276720047, 0.1699696183204651, 0.12371009588241577, 0.025710269808769226, 0.16376177966594696, 0.12159363925457001, 0.10894780606031418, 0.030056577175855637, 0.08397965878248215, 0.054907336831092834, 0.12827466428279877, 0.10049241781234741, 0.07666712999343872, 0.034461576491594315, 0.059668704867362976, 0.07915566116571426, 0.10295971482992172, 0.1011020615696907, 0.13747523725032806, 0.053508639335632324, 0.01081505324691534, 0.09411151707172394, 0.023009762167930603, 0.11898040771484375, 0.05168648436665535, 0.053924668580293655, 0.08606237173080444, 0.020320028066635132, 0.15805290639400482, 0.09024211764335632, 0.004853052087128162, 0.05438452586531639, 0.02373245358467102, 0.04151729866862297, 0.10478607565164566, 0.01325924601405859, 0.11355598270893097, 0.02494809217751026, 0.005052738357335329, 0.07586030662059784, 0.14124450087547302, 0.0396670401096344, 2.5937762984540313e-05, 0.03405919671058655, 0.0007232995703816414, 0.09501176327466965, 0.03685687854886055, 0.021220695227384567, 0.03637617826461792, 0.07602285593748093, 0.11559919267892838, 0.08813219517469406, 0.03855365514755249, 0.05109802260994911, 0.11906461417675018, 0.009015046991407871, 0.03655463084578514, 0.06898096948862076, 0.0039919232949614525, 0.023288844153285027, 0.01926654949784279, 0.018999731168150902, 0.13121476769447327, 0.0985218733549118, 0.022677233442664146, 0.01647227630019188, 0.06078590080142021, 0.16353406012058258, 0.019254550337791443, 0.0361206978559494, 0.03563263639807701, 0.03133565932512283, 0.10253438353538513, 0.04802218824625015, 0.08674965798854828, 0.0998208224773407, 0.018172839656472206, 0.03662661835551262, 0.027406200766563416, 0.03009471669793129, 0.14550666511058807, 0.002237349981442094, 0.043045587837696075, 0.16051039099693298, 0.013588440604507923, 0.06962059438228607, 0.09977234154939651, 0.044676899909973145, 0.12353134155273438, 0.02062222920358181, 0.10264750570058823, 0.017624221742153168, 0.012789537198841572, 0.01633887179195881, 0.01784895360469818, 0.18396607041358948, 0.009914026595652103, 0.019903890788555145, 0.03992689028382301, 0.062026116997003555, 0.033081039786338806, 0.08689406514167786, 0.0670194998383522, 0.023414181545376778, 0.029616665095090866, 0.14072272181510925, 0.007492909207940102, 0.0791466236114502, 0.030732247978448868, 0.13444264233112335, 0.1400253027677536, 0.040755610913038254, 0.01564914919435978, 0.09709382802248001, 0.03940528258681297, 0.03992133587598801, 0.0036183036863803864, 0.005781388841569424, 0.07967912405729294, 0.025183776393532753, 0.012431679293513298, 0.06875350326299667, 0.048962920904159546, 0.0020993147045373917, 0.08798220753669739, 0.05155782774090767]"
F264,"[0.018647441640496254, 0.010356738232076168, 0.007345982827246189, 0.01049066986888647, 0.015161910094320774, 0.01614399626851082, 0.01915162429213524, 0.0177481509745121, 0.011426187120378017, 0.004138171672821045, 0.017990900203585625, 0.005945288576185703, 0.001969684148207307, 0.014856783673167229, 0.005063910037279129, 0.021858125925064087, 0.0003041024028789252, 0.0024602245539426804, 0.016455184668302536, 0.010991070419549942, 0.001994042657315731, 0.014760300517082214, 0.009296600706875324, 0.012985692359507084, 0.00847693532705307, 0.014528867788612843, 0.020000047981739044, 0.004515766631811857, 0.004791451618075371, 0.00043935453868471086, 0.00525090005248785, 0.011375462636351585, 0.016813714057207108, 0.010474043898284435, 0.007471081800758839, 0.01957618072628975, 0.0032262930180877447, 0.002808998106047511, 0.0014913597842678428, 0.003940694034099579, 0.01936313882470131, 0.0038526023272424936, 0.023102963343262672, 0.005148318596184254, 0.011537659913301468, 0.002603273605927825, 0.00482100248336792, 0.01390713732689619, 0.01754111237823963, 0.007397577632218599, 0.009905093349516392, 0.00622637290507555, 0.00015540637832600623, 0.0031943239737302065, 0.008377903141081333, 0.0047583673149347305, 0.010688814334571362, 0.014229434542357922, 0.0019269929034635425, 0.007297210395336151, 0.007504918612539768, 0.016707047820091248, 0.004297067876905203, 1.0510261745366734e-06, 0.0030315499752759933, 0.000591754971537739, 4.5692864659940824e-05, 0.02492416836321354, 0.007750366814434528, 0.013629083521664143, 0.0058930558152496815, 0.008480431511998177, 0.02814863994717598, 0.004789677914232016, 0.008777364157140255, 0.031546637415885925, 0.0006428781780414283, 0.005944161210209131, 0.009555346332490444, 0.006548744160681963, 0.008166125044226646, 0.0089104687795043, 0.0011169780045747757, 0.0036428915336728096, 0.017382370308041573, 0.018119635060429573, 0.019956335425376892, 0.008034039288759232, 0.0230182446539402, 0.021044768393039703, 0.018062204122543335, 0.0015975013375282288, 0.0017032912001013756, 0.01261822134256363, 0.0008682625484652817, 0.0014954800717532635, 0.019301604479551315, 0.01159575767815113, 0.02296963334083557, 0.031125832349061966, 0.01743088848888874, 0.0017381918150931597, 0.007041224278509617, 0.008696203120052814, 0.009814953431487083, 0.007051480934023857, 0.0017394132446497679, 0.005753541365265846, 0.009693529456853867, 0.0030684976372867823, 0.0090933907777071, 0.011548629961907864, 0.003906589467078447, 0.0034628070425242186, 0.014978140592575073, 0.0005360806244425476, 0.009985793381929398, 0.005055953282862902, 0.00856516882777214, 0.017711926251649857, 0.006558733060956001, 0.005830591544508934, 0.01991199143230915, 0.012719148769974709, 0.0007693386287428439, 0.016206352040171623, 0.0023326699156314135, 0.02004382200539112]"
F265,"[0.0, 0.0, 0.0, 0.0, 0.0, 0.0, 0.0, 0.0, 0.0, 0.0, 0.0, 0.0, 0.0, 0.0, 0.0, 0.0, 0.0, 0.0, 0.0, 0.0, 0.0, 0.0, 0.0, 0.0, 0.0, 0.0, 0.0, 0.0, 0.0, 0.0, 0.0, 0.0, 0.0, 0.0, 0.0, 0.0, 0.0, 0.0, 0.0, 0.0, 0.0, 0.0, 0.0, 0.0, 0.0, 0.0, 0.0, 0.0, 0.0, 0.0, 0.0, 0.0, 0.0, 0.0, 0.0, 0.0, 0.0, 0.0, 0.0, 0.0, 0.0, 0.0, 0.0, 0.0, 0.0, 0.0, 0.0, 0.0, 0.0, 0.0, 0.0, 0.0, 0.0, 0.0, 0.0, 0.0, 0.0, 0.0, 0.0, 0.0, 0.0, 0.0, 0.0, 0.0, 0.0, 0.0, 0.0, 0.0, 0.0, 0.0, 0.0, 0.0, 0.0, 0.0, 0.0, 0.0, 0.0, 0.0, 0.0, 0.0, 0.0, 0.0, 0.0, 0.0, 0.0, 0.0, 0.0, 0.0, 0.0, 0.0, 0.0, 0.0, 0.0, 0.0, 0.0, 0.0, 0.0, 0.0, 0.0, 0.0, 0.0, 0.0, 0.0, 0.0, 0.0, 0.0, 0.0, 0.0]"
F266,"[0.04916193336248398, 0.004255244042724371, 0.08280303329229355, 0.05872548744082451, 0.08912935853004456, 0.04455462470650673, 0.0415901243686676, 0.014590660110116005, 0.03177204355597496, 0.09848403930664062, 0.011136859655380249, 0.0341254398226738, 0.0005950230988673866, 0.040346283465623856, 0.0648542046546936, 0.011608496308326721, 0.04281580075621605, 0.030037881806492805, 0.041665561497211456, 0.009034201502799988, 0.06495112925767899, 0.017515892162919044, 0.07521170377731323, 0.05906476452946663, 0.07502605766057968, 0.007481365464627743, 0.016511179506778717, 0.00026289213565178216, 0.05331932380795479, 0.0038011278957128525, 0.07417365163564682, 0.06001846119761467, 0.024542231112718582, 0.0363614447414875, 0.049990490078926086, 0.024822745472192764, 0.07885484397411346, 0.005719673354178667, 0.036232952028512955, 0.06416711956262589, 0.004176790360361338, 0.0010014637373387814, 0.06848613917827606, 0.019431667402386665, 0.07845888286828995, 0.0010759751312434673, 0.06437552720308304, 0.026874514296650887, 0.07764225453138351, 0.01643858477473259, 0.051113296300172806, 0.004572420381009579, 0.04252792149782181, 0.05352199450135231, 0.09630140662193298, 0.01855834759771824, 0.03884189575910568, 0.06162311136722565, 0.018301045522093773, 0.031918227672576904, 0.06919728964567184, 0.008577725850045681, 0.06263033300638199, 0.031378600746393204, 0.08773671835660934, 0.026203563436865807, 0.11981432884931564, 0.03154630959033966, 0.08177496492862701, 0.038987014442682266, 0.017635993659496307, 0.021071776747703552, 0.10015124827623367, 0.07517925649881363, 0.06086767092347145, 0.016461500898003578, 0.014866981655359268, 0.008095637895166874, 0.056969545781612396, 0.047237101942300797, 0.051452282816171646, 0.012113840319216251, 0.051128968596458435, 0.09974900633096695, 0.03871401771903038, 0.07474421709775925, 0.003361165290698409, 0.030317379161715508, 0.0012695667101070285, 0.08684618026018143, 0.06744515150785446, 0.04556308314204216, 0.09602916240692139, 0.019908053800463676, 0.021021727472543716, 0.05753287300467491, 0.009464303031563759, 0.015909433364868164, 0.04334975406527519, 0.06280283629894257, 0.007859500125050545, 0.052831776440143585, 0.1179068386554718, 0.06962807476520538, 0.03902763873338699, 0.02322021685540676, 0.017754964530467987, 0.028147699311375618, 0.03565621376037598, 0.035328157246112823, 0.03514832258224487, 0.01690758392214775, 0.07293029129505157, 0.07425172626972198, 0.04270961508154869, 0.02352868765592575, 0.04079194739460945, 0.07909854501485825, 0.021305924281477928, 0.05751604959368706, 0.09874653071165085, 0.030032165348529816, 0.05584748834371567, 0.011478884145617485, 0.0203156229108572, 0.01808210462331772, 0.10965459793806076, 0.0429660864174366]"
F267,"[0.08471662551164627, 0.1382627785205841, 0.03435711935162544, 0.05604292452335358, 0.03960147872567177, 0.04945793002843857, 0.052844926714897156, 0.004789627157151699, 0.13744331896305084, 0.04779220372438431, 0.0502796545624733, 0.08347032219171524, 0.1405850648880005, 0.014652389101684093, 0.16322901844978333, 0.18964727222919464, 0.12941844761371613, 0.11259818822145462, 0.020389681681990623, 0.09439916908740997, 0.16423307359218597, 0.12375567853450775, 0.17810463905334473, 0.11007804423570633, 0.09444930404424667, 0.09979061037302017, 0.05408933386206627, 0.15462161600589752, 0.055949945002794266, 0.09100141376256943, 0.14903408288955688, 0.20900216698646545, 0.07184283435344696, 0.1538490355014801, 0.14319290220737457, 0.09477906674146652, 0.048989176750183105, 0.010099620558321476, 0.1528490036725998, 0.006734001915901899, 0.05405627563595772, 0.004036463797092438, 0.06967733055353165, 0.02357437275350094, 0.20916661620140076, 0.022428322583436966, 0.031117038801312447, 0.12723945081233978, 0.167353555560112, 0.16084957122802734, 0.014844121411442757, 0.03310859575867653, 0.123197041451931, 0.1534622758626938, 0.05818561464548111, 0.0158510971814394, 0.06520151346921921, 0.13086874783039093, 0.08495108038187027, 0.01090969704091549, 0.06566458195447922, 0.08534311503171921, 0.06357601284980774, 0.08614083379507065, 0.11447138339281082, 0.22821785509586334, 0.013704397715628147, 0.10664133727550507, 0.09418696910142899, 0.12176897376775742, 0.003721297951415181, 0.13546493649482727, 0.02655288763344288, 0.12762659788131714, 0.21623851358890533, 0.014209013432264328, 0.038659896701574326, 0.037797100841999054, 0.04226205497980118, 0.101791150867939, 0.031271714717149734, 2.4692495571798645e-05, 0.1144939512014389, 0.011474605649709702, 0.05004577711224556, 0.02214234694838524, 0.05224229022860527, 0.09279072284698486, 0.06551186740398407, 0.10447856038808823, 0.022801978513598442, 0.032413139939308167, 0.06566614657640457, 0.0570976622402668, 0.022733541205525398, 0.021831601858139038, 0.021912571042776108, 0.11731237918138504, 0.005180870648473501, 0.027810396626591682, 0.12852343916893005, 0.018262717872858047, 0.05083770304918289, 0.08888654410839081, 0.07709729671478271, 0.1620933711528778, 0.06519978493452072, 0.12127380073070526, 0.17053918540477753, 0.08697295188903809, 0.04732874035835266, 0.19777299463748932, 0.025362558662891388, 0.08172916620969772, 0.0431283675134182, 0.16045965254306793, 0.005126572214066982, 0.1580040156841278, 0.11572229862213135, 0.018381495028734207, 0.10232949256896973, 0.010213366709649563, 0.034671761095523834, 0.1436511129140854, 0.03188018128275871, 0.025577247142791748, 0.025309594348073006, 0.12198550999164581]"
F268,"[0.11692381650209427, 0.023721767589449883, 0.10343388468027115, 0.035664815455675125, 0.059842970222234726, 0.1431947946548462, 0.16190354526042938, 0.06401708722114563, 0.1525067389011383, 0.0690520629286766, 0.13493366539478302, 0.16534335911273956, 0.03901485353708267, 0.12336471676826477, 0.1451631486415863, 0.022103626281023026, 0.08455266803503036, 0.060384370386600494, 0.12898308038711548, 0.01860176771879196, 0.030318455770611763, 0.07363306730985641, 0.01960393227636814, 0.11341621726751328, 0.09271183609962463, 0.20031379163265228, 0.003210910130292177, 0.10149858891963959, 0.1780996173620224, 0.043500714004039764, 0.14035575091838837, 0.18649722635746002, 0.12482649087905884, 0.02481229417026043, 0.07983045279979706, 0.0733131617307663, 0.08825315535068512, 0.003836441785097122, 0.07902295142412186, 0.15422147512435913, 0.038238853216171265, 0.09605658799409866, 0.13440798223018646, 0.07743244618177414, 0.04474155604839325, 0.005583443213254213, 0.033609483391046524, 0.15993252396583557, 0.020720113068819046, 0.1905941665172577, 0.07140114158391953, 0.045962002128362656, 0.07991643249988556, 0.1484018862247467, 0.014206364750862122, 0.016961010172963142, 0.08062475919723511, 0.032890401780605316, 0.1881343126296997, 0.047035861760377884, 0.06641025096178055, 0.035363730043172836, 0.0454903170466423, 0.11359608173370361, 0.03234503045678139, 0.05458706244826317, 0.08489219844341278, 0.033135514706373215, 0.11640141159296036, 0.20693813264369965, 0.07973318547010422, 0.21625939011573792, 0.06126078590750694, 0.03832312300801277, 0.1683843582868576, 0.09817709028720856, 0.11066599935293198, 0.14331673085689545, 0.1012590080499649, 0.09268416464328766, 0.04857170581817627, 0.031702954322099686, 0.037834182381629944, 0.15894438326358795, 0.03153815492987633, 0.17667663097381592, 0.14125563204288483, 0.14936985075473785, 0.09676426649093628, 0.16185636818408966, 0.16965296864509583, 0.039444196969270706, 0.10436033457517624, 0.012357494793832302, 0.0655578002333641, 0.05503518134355545, 0.16300439834594727, 0.09656453877687454, 0.010695379227399826, 0.03248761221766472, 0.18712110817432404, 0.004672509152442217, 0.06785355508327484, 0.10597161203622818, 0.009774873964488506, 0.06684448570013046, 0.0035014478489756584, 0.11758974939584732, 0.13173112273216248, 0.08057454973459244, 0.028963159769773483, 0.011959594674408436, 0.023435380309820175, 0.030590850859880447, 0.1704198271036148, 0.09720905125141144, 0.05574897304177284, 0.01943124271929264, 0.005727492738515139, 0.0136759914457798, 0.1068156287074089, 0.08302678912878036, 0.012129847891628742, 0.04189249128103256, 0.22229476273059845, 0.053112976253032684, 0.18796831369400024, 0.19547294080257416]"
F269,"[0.04867011308670044, 0.23281417787075043, 0.11701537668704987, 0.21993374824523926, 0.22746117413043976, 0.06609180569648743, 0.11962159723043442, 0.07779750227928162, 0.1714751124382019, 0.06076310947537422, 0.07723679393529892, 0.09980508685112, 0.19019700586795807, 0.025272589176893234, 0.02973894029855728, 0.07307026535272598, 0.051359668374061584, 0.1742340475320816, 0.023296745494008064, 0.1407831758260727, 0.12407857924699783, 0.19171111285686493, 0.23360031843185425, 0.06513558328151703, 0.1792440563440323, 0.18253149092197418, 0.10838523507118225, 0.002420844277366996, 0.10784829407930374, 0.17780868709087372, 0.04547848179936409, 0.0852804183959961, 0.16364461183547974, 0.19082839787006378, 0.03622421622276306, 0.02208198420703411, 0.16780050098896027, 0.1809571087360382, 0.14366337656974792, 0.15258531272411346, 0.08478844165802002, 0.01738419383764267, 0.19030342996120453, 0.09939637780189514, 0.19809409976005554, 0.052577219903469086, 0.08188257366418839, 0.06536971032619476, 0.06818480044603348, 0.10214035958051682, 0.01534087210893631, 0.020374592393636703, 0.1523093283176422, 0.1343592256307602, 0.013642408885061741, 0.08427409082651138, 0.03709039464592934, 0.13295170664787292, 0.15093748271465302, 0.14659741520881653, 0.055813830345869064, 0.06904397904872894, 0.05613204091787338, 0.19223801791667938, 0.17007385194301605, 0.259107768535614, 0.01718437299132347, 0.06525944918394089, 0.1557309776544571, 0.23656153678894043, 0.043911486864089966, 0.2901531159877777, 0.047013577073812485, 0.07040751725435257, 0.2093755453824997, 0.0066528599709272385, 0.12662610411643982, 0.0684201568365097, 0.05530098080635071, 0.03245551139116287, 0.1170274168252945, 0.12297092378139496, 0.1638418734073639, 0.00931215938180685, 0.01157309114933014, 0.12954065203666687, 0.06455200165510178, 0.0697501003742218, 0.049491606652736664, 0.10329003632068634, 0.17617222666740417, 0.12209530919790268, 0.03170398995280266, 0.06823135167360306, 0.019115472212433815, 0.009411318227648735, 0.10055157542228699, 0.15424472093582153, 0.10077431797981262, 0.15614940226078033, 0.12608255445957184, 0.07701260596513748, 0.05706506595015526, 0.1692117154598236, 0.017471885308623314, 0.1425715833902359, 0.05370117723941803, 0.1426403820514679, 0.18615871667861938, 0.07029684633016586, 0.030532078817486763, 0.21666744351387024, 0.029758678749203682, 0.03206730633974075, 0.1772117018699646, 0.1890438199043274, 0.09560418128967285, 0.17354489862918854, 0.13333509862422943, 0.1532878577709198, 0.12404152750968933, 0.20968380570411682, 0.0369093120098114, 0.19701148569583893, 0.13964702188968658, 0.1789088398218155, 0.020421532914042473, 0.13455164432525635]"
F270,"[0.03207728639245033, 0.07719399780035019, 0.03272546827793121, 0.02507139928638935, 0.0457642488181591, 0.07302454113960266, 0.023999737575650215, 0.019741786643862724, 0.04051116108894348, 0.04771151766180992, 0.037317272275686264, 0.044252943247556686, 0.017517706379294395, 0.007145961280912161, 0.008307929150760174, 0.05179150775074959, 0.002115687122568488, 0.047707848250865936, 0.04370484501123428, 0.06776465475559235, 0.001818372285924852, 0.030878489837050438, 0.030380787327885628, 0.07739649713039398, 0.01148413959890604, 0.0038708532229065895, 0.01788925938308239, 0.030669139698147774, 0.0678335577249527, 0.007384710479527712, 0.05220453813672066, 0.06325540691614151, 0.01728873886168003, 0.045396510511636734, 0.012246092781424522, 0.012402870692312717, 0.0404849611222744, 0.03836194798350334, 0.03646187484264374, 0.00024842371931299567, 0.031249888241291046, 0.04278955236077309, 0.017406444996595383, 0.01697828434407711, 0.02736872062087059, 0.002879995619878173, 0.048294052481651306, 0.022997189313173294, 0.0007552896277047694, 0.02817361429333687, 0.006540342699736357, 0.07965721935033798, 0.06655954569578171, 0.04969611391425133, 0.04857514426112175, 0.05197843909263611, 0.03959537297487259, 0.005101549439132214, 0.03647101670503616, 0.01008643675595522, 0.024576058611273766, 0.03452345356345177, 0.0812317356467247, 0.053216807544231415, 0.08207065612077713, 0.07227016240358353, 0.07743890583515167, 0.09180227667093277, 0.03536538407206535, 0.051053743809461594, 0.07131315022706985, 0.07458269596099854, 0.059410955756902695, 0.057691507041454315, 0.03764302656054497, 0.08561091870069504, 0.022701991721987724, 0.06525232642889023, 0.02809351123869419, 0.09986932575702667, 0.001025308039970696, 0.0389719195663929, 0.040849003940820694, 0.0437522754073143, 0.03169601783156395, 0.012788940221071243, 0.02694324590265751, 0.006303252186626196, 0.029869701713323593, 0.041653431951999664, 0.008290374651551247, 0.024192217737436295, 0.03802073746919632, 0.026963744312524796, 0.06468616425991058, 0.06661790609359741, 0.012731717899441719, 0.018001286312937737, 0.08174778521060944, 0.045362528413534164, 0.012130530551075935, 0.00305391033180058, 0.06278473138809204, 0.05062580853700638, 0.04574921354651451, 0.04386697709560394, 0.013721144758164883, 0.02476416900753975, 0.024781828746199608, 0.0698443353176117, 0.024596428498625755, 0.013703104108572006, 0.003713564947247505, 0.09105838090181351, 0.021703990176320076, 0.019891906529664993, 0.0033370910678058863, 0.031045088544487953, 0.05253629758954048, 0.06959264725446701, 0.06403195858001709, 0.06484783440828323, 0.09151744842529297, 0.03316928818821907, 0.052349504083395004, 0.024121850728988647, 0.011711359955370426, 0.09078361093997955]"
F271,"[0.048822131007909775, 0.10000450164079666, 0.07362471520900726, 0.006838897243142128, 0.10342991352081299, 0.04623095318675041, 0.004194251261651516, 0.028985735028982162, 0.08735622465610504, 0.12830258905887604, 0.09621571749448776, 0.07091255486011505, 0.09933499991893768, 0.1935427337884903, 0.039956096559762955, 0.15979576110839844, 0.07701762020587921, 0.09809092432260513, 0.014870750717818737, 0.003293712856248021, 0.06200144439935684, 0.02659240923821926, 0.06178014725446701, 0.04445100575685501, 0.06476854532957077, 0.05837326496839523, 0.05869533121585846, 0.04257825389504433, 0.056215088814496994, 0.2112344354391098, 0.046098530292510986, 0.03184421360492706, 0.07638302445411682, 0.0187842920422554, 0.07981771230697632, 0.0035802277270704508, 0.02239924483001232, 0.06429226696491241, 0.03851821646094322, 0.138477623462677, 0.011388943530619144, 0.1424127072095871, 0.015082087367773056, 0.01924724131822586, 0.14383450150489807, 0.043964434415102005, 0.04386211186647415, 0.057295627892017365, 0.023383190855383873, 0.02432684786617756, 0.04162009432911873, 0.14919334650039673, 0.12031354755163193, 0.05507933720946312, 0.13665993511676788, 0.0011701058829203248, 0.04697735980153084, 0.03305283188819885, 0.15250714123249054, 0.04599486663937569, 0.030043574050068855, 0.060202062129974365, 0.059337373822927475, 0.08734571933746338, 0.11359477788209915, 0.018888285383582115, 0.16729576885700226, 0.04441124200820923, 0.02611086145043373, 0.04842275753617287, 0.0511021614074707, 0.027312390506267548, 0.028889596462249756, 0.03643636405467987, 0.07146111130714417, 0.06536214798688889, 0.09906463325023651, 0.10227818042039871, 0.07392913848161697, 0.017387185245752335, 0.0768900066614151, 0.15597474575042725, 0.13765715062618256, 0.04130975529551506, 0.10398799180984497, 0.04898897930979729, 0.017593875527381897, 0.019154533743858337, 0.031724534928798676, 0.1126554012298584, 0.1762532740831375, 0.05989823490381241, 0.05477198213338852, 0.05853327363729477, 0.15278108417987823, 0.0010296328691765666, 0.14638161659240723, 0.03673790022730827, 0.1175081729888916, 0.16452890634536743, 0.005287216976284981, 0.16888675093650818, 0.16993898153305054, 0.007328261621296406, 0.16898420453071594, 0.027762489393353462, 0.033478520810604095, 0.009637116454541683, 0.00990297645330429, 0.17469927668571472, 0.1052699163556099, 0.07759160548448563, 0.07228469848632812, 0.07264302670955658, 0.05897626653313637, 0.18500405550003052, 0.12431904673576355, 0.09671256691217422, 0.07097300887107849, 0.07304342091083527, 0.06057006120681763, 0.003543695667758584, 0.01512871403247118, 0.03551073372364044, 0.0024990886449813843, 0.061771612614393234, 0.03314448893070221, 0.032045911997556686]"
F272,"[0.1366012990474701, 0.14076584577560425, 0.0463009811937809, 0.10914476960897446, 0.1637287139892578, 0.06737452745437622, 0.06957628577947617, 0.08746568113565445, 0.0012352330377325416, 0.03222053870558739, 0.16156156361103058, 0.1605941206216812, 0.01353923324495554, 0.001682819565758109, 0.047554150223731995, 0.020480183884501457, 0.09710189700126648, 0.03879661113023758, 0.03064541518688202, 0.05857982859015465, 0.017006244510412216, 0.04315560311079025, 0.032444510608911514, 0.15344016253948212, 0.02111898548901081, 0.1873302310705185, 0.14229515194892883, 0.10608039051294327, 0.07294882833957672, 0.031763091683387756, 0.048646606504917145, 0.15327420830726624, 0.09072566777467728, 0.07607688009738922, 0.16704991459846497, 0.06008109077811241, 0.13830061256885529, 0.15469616651535034, 0.07852768898010254, 0.031322136521339417, 0.013627436012029648, 0.17421723902225494, 0.1070023700594902, 0.1735142022371292, 0.051100555807352066, 0.08251992613077164, 0.00034315104130655527, 0.07735501974821091, 0.05034255608916283, 0.03627729415893555, 0.026428772136569023, 0.07864223420619965, 0.07407066971063614, 0.020676832646131516, 0.09329763799905777, 0.03890780359506607, 0.20078352093696594, 0.051355112344026566, 0.15822617709636688, 0.09857183694839478, 0.03190208971500397, 0.059654634445905685, 0.03181656822562218, 0.08480557799339294, 0.10148106515407562, 0.15788595378398895, 0.14100995659828186, 0.09414221346378326, 0.051905155181884766, 0.11181938648223877, 0.16864383220672607, 0.20829908549785614, 0.038315288722515106, 0.0766548365354538, 0.020118148997426033, 0.023387370631098747, 0.19318310916423798, 0.05616326630115509, 0.16794894635677338, 0.06578506529331207, 0.08118214458227158, 0.02174021489918232, 0.1354139894247055, 0.0951872393488884, 0.01521619874984026, 0.011940869502723217, 0.12272866815328598, 0.0549173578619957, 0.10096552968025208, 0.11407390981912613, 0.13445033133029938, 0.04843747988343239, 0.1381780058145523, 0.07991406321525574, 0.006675632670521736, 0.03361012414097786, 0.07761990278959274, 0.10212019085884094, 0.09036953002214432, 0.12064572423696518, 0.08633425086736679, 0.006209704093635082, 0.05741450563073158, 0.0807391107082367, 0.0015053690876811743, 0.005960120819509029, 0.08629177510738373, 0.05108301341533661, 0.04192446544766426, 0.005678040441125631, 0.14889195561408997, 0.03851501643657684, 0.07124853134155273, 0.16543100774288177, 0.1155959963798523, 0.13351981341838837, 0.024327971041202545, 0.018539872020483017, 0.0956667885184288, 0.02550942450761795, 0.07186054438352585, 0.0395510233938694, 0.11532310396432877, 0.12098175287246704, 0.1775912195444107, 0.14383825659751892, 0.01639457419514656, 0.11475935578346252]"
F273,"[0.0400610975921154, 0.047484517097473145, 0.04115430638194084, 0.008483558893203735, 0.03232034295797348, 0.08449384570121765, 0.07124558836221695, 0.07255921512842178, 0.04814019799232483, 0.03336944803595543, 0.02474893629550934, 0.10120244324207306, 0.0103265680372715, 0.01884240098297596, 0.013543788343667984, 0.02873014658689499, 0.044531505554914474, 0.0459541492164135, 0.04576607421040535, 0.020031923428177834, 0.09082464128732681, 0.049254778772592545, 0.03445085510611534, 0.06010744348168373, 0.044825103133916855, 0.010636534541845322, 0.04338917136192322, 0.042208973318338394, 0.071458600461483, 0.015212549827992916, 0.0850825309753418, 0.01615249551832676, 0.05642940104007721, 0.06023027002811432, 0.05093488469719887, 0.007041068281978369, 0.051943305879831314, 0.05257220193743706, 0.005635264329612255, 0.039312392473220825, 0.06644109636545181, 0.0037811563815921545, 0.01816687174141407, 0.06992761045694351, 0.07082147896289825, 0.10583513975143433, 0.009559426456689835, 0.0069519770331680775, 0.025500377640128136, 0.05671664699912071, 0.05192318186163902, 0.06814856082201004, 0.01842944510281086, 0.0029204278253018856, 0.020072583109140396, 0.08103101700544357, 0.07596150040626526, 9.260368824470788e-05, 0.014816401526331902, 0.037086114287376404, 0.0591205395758152, 0.0649908110499382, 0.014300921000540257, 0.07913793623447418, 0.022144103422760963, 0.018335986882448196, 0.05764687806367874, 0.07444114983081818, 0.09905868768692017, 0.03277511149644852, 0.10473062098026276, 0.012965003959834576, 0.0062164985574781895, 0.02211189828813076, 0.030113259330391884, 0.006906566210091114, 0.060551002621650696, 0.08227083086967468, 0.0992850512266159, 0.039229027926921844, 0.10925991833209991, 0.010219242423772812, 0.041968539357185364, 0.08618281781673431, 0.03746071085333824, 0.05556319281458855, 0.0822472870349884, 0.05020458623766899, 0.07447247952222824, 0.08548636734485626, 0.007849662564694881, 0.018956581130623817, 0.048108331859111786, 0.0819157138466835, 0.034261491149663925, 0.1165541261434555, 0.10788092762231827, 0.05972013249993324, 0.05058767646551132, 0.02582610957324505, 0.08811808377504349, 0.07251797616481781, 0.07372363656759262, 0.022691311314702034, 0.002079110825434327, 0.005402790382504463, 0.006271969061344862, 0.026851912960410118, 0.07186554372310638, 0.009845257736742496, 0.017984645441174507, 0.11608832329511642, 0.07899802923202515, 0.005221543367952108, 0.04548029601573944, 0.006232075393199921, 0.02201155386865139, 0.00542639521881938, 0.08964160084724426, 0.04475226253271103, 0.03679998591542244, 0.008998775854706764, 0.09920644015073776, 0.020167691633105278, 0.07887743413448334, 0.056355975568294525, 0.014014454558491707, 0.009092810563743114]"
F274,"[0.021372893825173378, 0.0035007374826818705, 0.009167999029159546, 0.022093631327152252, 0.003184553701430559, 0.014557336457073689, 0.008852800354361534, 0.0011020471574738622, 0.010307325050234795, 0.005899109877645969, 0.00034699615207500756, 0.006575996056199074, 0.0007025721715763211, 0.008131323382258415, 0.010510149411857128, 0.0006192621076479554, 0.011338844895362854, 0.0005903032724745572, 0.004896561149507761, 0.01692063920199871, 0.0022730387281626463, 0.020231187343597412, 0.0021174654830247164, 0.009625153616070747, 0.01622738502919674, 0.010190852917730808, 0.002228392753750086, 0.018150389194488525, 0.021146154031157494, 0.018309295177459717, 0.010570724494755268, 0.023179752752184868, 0.022334635257720947, 0.01726800575852394, 0.009795987978577614, 0.000493548926897347, 0.008385943248867989, 0.014409241266548634, 0.0038029812276363373, 0.010302631184458733, 0.00017691832908894867, 0.023896904662251472, 0.003351378720253706, 0.005757304839789867, 0.012461062520742416, 0.0071137272752821445, 0.01198095828294754, 0.007456677034497261, 0.011980792507529259, 0.0011656183050945401, 0.014382520690560341, 0.008946404792368412, 0.010120098479092121, 0.015438738279044628, 0.013656161725521088, 0.006291424855589867, 0.0013932220172137022, 0.010499708354473114, 0.007849943824112415, 0.009690524078905582, 0.005875908769667149, 0.006512490566819906, 0.01807710900902748, 0.00855748075991869, 0.002657154342159629, 0.014028241857886314, 0.0020289176609367132, 0.005760262720286846, 0.004334352910518646, 0.0003570479457266629, 0.01564641483128071, 0.01809721067547798, 0.01357717253267765, 0.00916646234691143, 0.0028804743196815252, 0.010144970379769802, 0.011631290428340435, 0.00050776032730937, 0.0018147111404687166, 0.0046762507408857346, 0.02039150893688202, 0.017762918025255203, 0.005156106315553188, 0.006428414955735207, 0.006479524541646242, 0.0003951659891754389, 0.011246815323829651, 0.008598312735557556, 0.012744675390422344, 0.015348045155405998, 0.010030027478933334, 0.004408578854054213, 0.01751330867409706, 0.0117760319262743, 0.0033439649268984795, 0.01921413466334343, 0.010958891361951828, 0.015558913350105286, 0.00845019705593586, 0.017737381160259247, 0.0005557386903092265, 0.012201509438455105, 0.017263462767004967, 0.014909191988408566, 0.013421217910945415, 0.003956829197704792, 0.01885761320590973, 0.01062618475407362, 0.012464110739529133, 0.0054941666312515736, 0.0032349468674510717, 0.012412567622959614, 0.012964926660060883, 0.002423696219921112, 0.0046651228331029415, 0.00220951228402555, 0.003178179729729891, 0.008965163491666317, 0.00502290902659297, 0.0017951690824702382, 0.0016652391059324145, 0.0016420540632680058, 0.017448509112000465, 0.019994230940937996, 0.008919328451156616, 0.008673726581037045, 0.012029842473566532, 0.01998733915388584]"
F275,"[0.0, 0.0, 0.0, 0.0, 0.0, 0.0, 0.0, 0.0, 0.0, 0.0, 0.0, 0.0, 0.0, 0.0, 0.0, 0.0, 0.0, 0.0, 0.0, 0.0, 0.0, 0.0, 0.0, 0.0, 0.0, 0.0, 0.0, 0.0, 0.0, 0.0, 0.0, 0.0, 0.0, 0.0, 0.0, 0.0, 0.0, 0.0, 0.0, 0.0, 0.0, 0.0, 0.0, 0.0, 0.0, 0.0, 0.0, 0.0, 0.0, 0.0, 0.0, 0.0, 0.0, 0.0, 0.0, 0.0, 0.0, 0.0, 0.0, 0.0, 0.0, 0.0, 0.0, 0.0, 0.0, 0.0, 0.0, 0.0, 0.0, 0.0, 0.0, 0.0, 0.0, 0.0, 0.0, 0.0, 0.0, 0.0, 0.0, 0.0, 0.0, 0.0, 0.0, 0.0, 0.0, 0.0, 0.0, 0.0, 0.0, 0.0, 0.0, 0.0, 0.0, 0.0, 0.0, 0.0, 0.0, 0.0, 0.0, 0.0, 0.0, 0.0, 0.0, 0.0, 0.0, 0.0, 0.0, 0.0, 0.0, 0.0, 0.0, 0.0, 0.0, 0.0, 0.0, 0.0, 0.0, 0.0, 0.0, 0.0, 0.0, 0.0, 0.0, 0.0, 0.0, 0.0, 0.0, 0.0]"
F276,"[0.03565552458167076, 0.07518341392278671, 0.05021507665514946, 0.03052463009953499, 0.0005120689165778458, 0.002736998489126563, 0.04369361698627472, 0.004473112523555756, 0.0805254653096199, 0.0338691808283329, 0.038676921278238297, 0.023786421865224838, 0.020751673728227615, 0.08668515831232071, 0.04434939846396446, 0.06621094048023224, 0.04678615555167198, 0.009318243712186813, 0.06883706897497177, 0.05996302142739296, 0.06875932216644287, 0.0076143317855894566, 5.10047102579847e-05, 0.07779589295387268, 0.05863925442099571, 0.040347594767808914, 0.05944707617163658, 0.049415912479162216, 0.0514594130218029, 0.04336383938789368, 0.03913812339305878, 0.0799732655286789, 0.0364842489361763, 0.04015383869409561, 0.05614467337727547, 0.03399497643113136, 0.06381531059741974, 0.02587416209280491, 0.05412828177213669, 0.05627058818936348, 0.004643294960260391, 0.06442245841026306, 0.06315276026725769, 0.06822658330202103, 0.026941858232021332, 0.0553852878510952, 0.066493459045887, 0.03988609462976456, 0.021009650081396103, 0.027941657230257988, 0.06934847682714462, 0.0130924629047513, 0.07949945330619812, 0.016102183610200882, 0.012787054292857647, 0.06634257733821869, 0.006396205630153418, 0.05048953369259834, 0.07155497372150421, 0.022523237392306328, 0.0013650573091581464, 0.004006738308817148, 0.010857174172997475, 0.07952675223350525, 0.03145145997405052, 0.024129536002874374, 0.024630144238471985, 0.08016784489154816, 0.04990057274699211, 0.021383382380008698, 0.08981047570705414, 0.005794207099825144, 0.029049964621663094, 0.09442328661680222, 0.042289819568395615, 0.007325869984924793, 0.024049565196037292, 0.012456442229449749, 0.04680223390460014, 0.07229142636060715, 0.011381590738892555, 0.07210645824670792, 0.0698653981089592, 0.035203058272600174, 0.03587182238698006, 0.060221731662750244, 0.06983761489391327, 0.04837979003787041, 0.03822122886776924, 0.028279324993491173, 0.04353920742869377, 0.02675376459956169, 0.0643133744597435, 0.025276033207774162, 0.007236752659082413, 0.026503577828407288, 0.06554613262414932, 0.008553489111363888, 0.027302922680974007, 0.04243160039186478, 0.026580309495329857, 0.0643322691321373, 0.07203207910060883, 0.04172598570585251, 0.05220033973455429, 0.06000352278351784, 0.016147488728165627, 0.033490851521492004, 0.03436518833041191, 8.97466525202617e-05, 0.002111949725076556, 0.0022156492341309786, 0.08863545954227448, 0.06942981481552124, 0.014509928412735462, 0.04334086924791336, 0.03959153965115547, 0.018087096512317657, 0.015247386880218983, 0.04197464510798454, 0.024650653824210167, 0.07031513005495071, 0.07717227190732956, 0.0005327321123331785, 0.041964154690504074, 0.0196647047996521, 0.02522861212491989, 0.062267571687698364]"
F277,"[0.13394904136657715, 0.040935467928647995, 0.05747989937663078, 0.1691993772983551, 0.09058613330125809, 0.07299846410751343, 0.11747308820486069, 0.03403095155954361, 0.12556156516075134, 0.029910171404480934, 0.011918772011995316, 0.049157705157995224, 0.01881023310124874, 0.04490715265274048, 0.03047102317214012, 0.053582292050123215, 0.01674974150955677, 0.023806026205420494, 0.019161298871040344, 0.10580737143754959, 0.05929804593324661, 0.13091573119163513, 0.035918205976486206, 0.15402716398239136, 0.05369431525468826, 0.09790430217981339, 0.009026611223816872, 0.0012348693562671542, 0.16497384011745453, 0.06461171060800552, 0.041700538247823715, 0.13203491270542145, 0.11989292502403259, 0.03930068761110306, 0.13435141742229462, 0.0009606452658772469, 0.013652627356350422, 0.04391474276781082, 0.06577225774526596, 0.03452892601490021, 0.04133041203022003, 0.12696850299835205, 0.08562254160642624, 0.07849469780921936, 0.017216114327311516, 0.04035254195332527, 0.07139969617128372, 0.10415332764387131, 0.01555773988366127, 0.01835538074374199, 0.0604487843811512, 0.047491759061813354, 0.010819805786013603, 0.13348174095153809, 0.08921261876821518, 0.027215447276830673, 0.01345310639590025, 0.12231454998254776, 0.07637962698936462, 0.04843077436089516, 0.017172373831272125, 0.00019242089183535427, 0.012786050327122211, 0.08275856822729111, 0.013254383578896523, 0.02432478778064251, 0.1098061054944992, 0.008516918867826462, 0.1112009659409523, 0.006202444899827242, 0.0432250089943409, 0.1135544627904892, 0.024796519428491592, 0.07037609070539474, 0.001151375938206911, 0.007326094899326563, 0.025762559846043587, 0.025296540930867195, 0.03598283231258392, 0.036718644201755524, 0.00290271220728755, 0.047856610268354416, 0.014735118485987186, 0.1080189049243927, 0.06721975654363632, 0.08571190387010574, 0.041953783482313156, 0.01940043829381466, 0.04133567959070206, 0.006514544598758221, 0.019487299025058746, 0.04932141676545143, 0.0076296343468129635, 0.009408117271959782, 0.02853155881166458, 0.026085050776600838, 0.0660034790635109, 0.07436436414718628, 0.055101457983255386, 0.051585424691438675, 0.0843481495976448, 0.02254410833120346, 0.10651673376560211, 0.06014736741781235, 0.10264260321855545, 0.04332885146141052, 0.039895638823509216, 0.06969166547060013, 0.10254925489425659, 0.006461086682975292, 0.023373844102025032, 0.06035279110074043, 0.007229196839034557, 0.013651559129357338, 0.004225096199661493, 0.04873042181134224, 0.1279476284980774, 0.0442371591925621, 0.12543261051177979, 0.01286340318620205, 0.03285526856780052, 0.08880968391895294, 0.018450183793902397, 0.06123998388648033, 0.14365756511688232, 0.1513877809047699, 0.014117509126663208, 0.01468024030327797]"
F278,"[0.10790055990219116, 0.14744651317596436, 0.013698526658117771, 0.18706122040748596, 0.11645215004682541, 0.1713971644639969, 0.10701901465654373, 0.0386350192129612, 0.12270662188529968, 0.022441184148192406, 0.1815580576658249, 0.049186527729034424, 0.07373952120542526, 0.017262732610106468, 0.010219247080385685, 0.09482534974813461, 0.019141284748911858, 0.012053470127284527, 0.030309826135635376, 0.0014979805564507842, 0.06266074627637863, 0.08392759412527084, 0.10437570512294769, 0.15321944653987885, 0.10631418228149414, 0.13313323259353638, 0.10777707397937775, 0.12262921035289764, 0.029804132878780365, 0.06285852193832397, 0.12368728220462799, 0.04202573746442795, 0.029993072152137756, 0.02315595932304859, 0.13281717896461487, 0.05355820804834366, 0.13170036673545837, 0.07748134434223175, 0.13409878313541412, 0.017111828550696373, 0.07094208896160126, 0.13089685142040253, 0.072823666036129, 0.08225040882825851, 0.004605812020599842, 0.01272992417216301, 0.1365211009979248, 0.045205485075712204, 0.12201838940382004, 0.11203920841217041, 0.09093204885721207, 0.07747463136911392, 0.025040121749043465, 0.08987291902303696, 0.10410375893115997, 0.06744957715272903, 0.1718355268239975, 0.06465326994657516, 0.06351778656244278, 0.16573406755924225, 0.14730320870876312, 0.010097499936819077, 0.0509314239025116, 0.011897684074938297, 0.055354297161102295, 0.053549569100141525, 0.003225611988455057, 0.12184182554483414, 0.08292006701231003, 0.1481049358844757, 0.11899589747190475, 0.027247508987784386, 0.09772219508886337, 0.0931968092918396, 0.03519776463508606, 0.031908467411994934, 0.042646754533052444, 0.05424168333411217, 0.10192721337080002, 0.11697794497013092, 0.11616609245538712, 0.06340141594409943, 0.03682124987244606, 0.10976811498403549, 0.04091142117977142, 0.004498218651860952, 0.013083935715258121, 0.040548790246248245, 0.13542355597019196, 0.0979672446846962, 0.020646702498197556, 0.14142580330371857, 0.07424652576446533, 0.07521283626556396, 0.0331575907766819, 0.12252426892518997, 0.017776651307940483, 0.09171506017446518, 0.11061427742242813, 0.07702264934778214, 0.07898774743080139, 0.028459535911679268, 0.04491038993000984, 0.033995721489191055, 0.007996532134711742, 0.13280804455280304, 0.036477264016866684, 0.12332910299301147, 0.054825715720653534, 0.04793523624539375, 0.06182141602039337, 0.13821403682231903, 0.07833469659090042, 0.03194572776556015, 0.09992420673370361, 0.12426536530256271, 0.050391148775815964, 0.06402784585952759, 0.06593698263168335, 0.08658260107040405, 0.013599690049886703, 0.1567205786705017, 0.0033154834527522326, 0.049789510667324066, 0.1292681097984314, 0.18171775341033936, 0.023847026750445366, 0.12952661514282227]"
F279,"[0.12846748530864716, 0.028129255399107933, 0.1462928056716919, 0.2272205501794815, 0.13677836954593658, 0.19897803664207458, 0.02779058925807476, 0.17547598481178284, 0.14655952155590057, 0.007783430628478527, 0.12600530683994293, 0.11232972145080566, 0.15772920846939087, 0.02810824103653431, 0.05611450597643852, 0.13525782525539398, 0.039417631924152374, 0.1176232397556305, 0.052009448409080505, 0.09645256400108337, 0.22224466502666473, 0.026646647602319717, 0.07398118078708649, 0.10268907248973846, 0.15322041511535645, 0.20952139794826508, 0.0392502024769783, 0.04851687327027321, 0.1380241960287094, 0.07065144181251526, 0.10499624907970428, 0.1599426418542862, 0.06518477201461792, 0.07477134466171265, 0.21476365625858307, 0.13342039287090302, 0.08226782083511353, 0.1131865605711937, 0.13532845675945282, 0.13246075809001923, 0.05745586380362511, 0.06629393249750137, 0.21174268424510956, 0.00702873058617115, 0.11832375824451447, 0.04106425866484642, 0.16449105739593506, 0.17696692049503326, 0.1616399735212326, 0.10549525171518326, 0.1140943244099617, 0.04926709830760956, 0.18656930327415466, 0.17981910705566406, 0.07909517735242844, 0.12136594206094742, 0.03376785293221474, 0.12706567347049713, 0.013902589678764343, 0.1806187927722931, 0.08779169619083405, 0.10807874798774719, 0.010024397633969784, 0.11100311577320099, 0.1553346961736679, 0.07624760270118713, 0.0547671765089035, 0.04708778113126755, 0.10694164037704468, 0.19549883902072906, 0.05423998460173607, 0.11246254295110703, 0.00932234339416027, 0.01916259527206421, 0.05410495772957802, 0.07776780426502228, 0.1901829093694687, 0.12173023074865341, 0.03890324383974075, 0.02358970418572426, 0.12081275880336761, 0.08318709582090378, 0.21088513731956482, 0.0934106782078743, 0.016483431681990623, 0.10151395201683044, 0.003983333241194487, 0.09673842042684555, 0.05464528873562813, 0.01973646692931652, 0.0015317668439820409, 0.09637276828289032, 0.2588042914867401, 0.0767778679728508, 0.07505804300308228, 0.01855374686419964, 0.07111072540283203, 0.19940607249736786, 0.05309778451919556, 0.00737701915204525, 0.1820138394832611, 0.10778629779815674, 0.008273813873529434, 0.10928783565759659, 0.07816243171691895, 0.10188023746013641, 0.038299258798360825, 0.21837438642978668, 0.14585182070732117, 0.06424460560083389, 0.030567245557904243, 0.09946054220199585, 0.11227025091648102, 0.16920308768749237, 0.22178199887275696, 0.037848033010959625, 0.07459726929664612, 0.15948835015296936, 0.16129420697689056, 0.022305171936750412, 0.10019347071647644, 0.028285881504416466, 0.0371851809322834, 0.05400174856185913, 0.17439815402030945, 0.10198906809091568, 0.05290728062391281, 0.17325946688652039]"
