feature_9,feature_7,feature_1,target
113.0,166.0,0.75,1
92.0,103.0,0.791667,1
114.0,131.0,0.833333,1
122.0,172.0,0.875,1
116.0,131.0,0.916667,1
96.0,89.0,0.958333,1
77.0,62.0,0.0,1
76.0,62.0,0.0416667,1
60.0,45.0,0.0833333,1
-200.0,-200.0,0.125,1
34.0,21.0,0.166667,1
28.0,16.0,0.208333,1
48.0,34.0,0.25,1
82.0,98.0,0.291667,1
112.0,174.0,0.333333,1
101.0,129.0,0.375,1
98.0,112.0,0.416667,1
92.0,95.0,0.458333,1
95.0,104.0,0.5,1
112.0,146.0,0.541667,1
128.0,207.0,0.583333,1
126.0,184.0,0.625,1
131.0,193.0,0.666667,1
135.0,243.0,0.708333,1
151.0,281.0,0.75,1
172.0,383.0,0.791667,1
165.0,351.0,0.833333,1
136.0,240.0,0.875,1
85.0,94.0,0.916667,1
53.0,47.0,0.958333,1
97.0,122.0,0.0,1
110.0,133.0,0.0416667,1
91.0,82.0,0.0833333,1
-200.0,-200.0,0.125,1
32.0,21.0,0.166667,1
44.0,30.0,0.208333,1
71.0,56.0,0.25,1
104.0,109.0,0.291667,1
141.0,307.0,0.333333,1
-200.0,-200.0,0.375,1
122.0,187.0,0.416667,1
143.0,216.0,0.458333,1
113.0,143.0,0.5,1
116.0,160.0,0.541667,1
123.0,163.0,0.583333,1
126.0,190.0,0.625,1
120.0,178.0,0.666667,1
119.0,150.0,0.708333,1
149.0,206.0,0.75,1
145.0,202.0,0.791667,1
170.0,340.0,0.833333,1
149.0,274.0,0.875,1
139.0,253.0,0.916667,1
134.0,300.0,0.958333,1
113.0,193.0,0.0,1
97.0,139.0,0.0416667,1
82.0,83.0,0.0833333,1
-200.0,-200.0,0.125,1
83.0,109.0,0.166667,1
65.0,62.0,0.208333,1
60.0,53.0,0.25,1
77.0,139.0,0.291667,1
96.0,256.0,0.333333,1
119.0,295.0,0.375,1
126.0,250.0,0.416667,1
158.0,296.0,0.458333,1
161.0,239.0,0.5,1
124.0,153.0,0.541667,1
102.0,118.0,0.583333,1
116.0,119.0,0.625,1
124.0,138.0,0.666667,1
125.0,148.0,0.708333,1
148.0,227.0,0.75,1
165.0,277.0,0.791667,1
161.0,279.0,0.833333,1
159.0,283.0,0.875,1
143.0,214.0,0.916667,1
130.0,172.0,0.958333,1
129.0,190.0,0.0,1
119.0,174.0,0.0416667,1
104.0,128.0,0.0833333,1
-200.0,-200.0,0.125,1
82.0,70.0,0.166667,1
70.0,53.0,0.208333,1
63.0,44.0,0.25,1
67.0,74.0,0.291667,1
84.0,101.0,0.333333,1
83.0,118.0,0.375,1
98.0,144.0,0.416667,1
114.0,176.0,0.458333,1
119.0,161.0,0.5,1
104.0,113.0,0.541667,1
102.0,103.0,0.583333,1
107.0,112.0,0.625,1
129.0,170.0,0.666667,1
128.0,180.0,0.708333,1
121.0,160.0,0.75,1
157.0,261.0,0.791667,1
173.0,325.0,0.833333,1
146.0,217.0,0.875,1
121.0,146.0,0.916667,1
119.0,152.0,0.958333,1
99.0,104.0,0.0,1
93.0,106.0,0.0416667,1
88.0,108.0,0.0833333,1
-200.0,-200.0,0.125,1
71.0,66.0,0.166667,1
74.0,88.0,0.208333,1
80.0,138.0,0.25,1
89.0,228.0,0.291667,1
114.0,360.0,0.333333,1
149.0,478.0,0.375,1
157.0,394.0,0.416667,1
155.0,319.0,0.458333,1
134.0,201.0,0.5,1
119.0,171.0,0.541667,1
111.0,159.0,0.583333,1
104.0,153.0,0.625,1
99.0,143.0,0.666667,1
110.0,156.0,0.708333,1
162.0,314.0,0.75,1
187.0,404.0,0.791667,1
165.0,320.0,0.833333,1
145.0,256.0,0.875,1
125.0,193.0,0.916667,1
101.0,89.0,0.958333,1
103.0,127.0,0.0,1
88.0,79.0,0.0416667,1
61.0,43.0,0.0833333,1
-200.0,-200.0,0.125,1
59.0,59.0,0.166667,1
52.0,38.0,0.208333,1
64.0,82.0,0.25,1
70.0,99.0,0.291667,1
97.0,263.0,0.333333,1
95.0,229.0,0.375,1
150.0,396.0,0.416667,1
162.0,314.0,0.458333,1
154.0,217.0,0.5,1
161.0,252.0,0.541667,1
161.0,263.0,0.583333,1
128.0,180.0,0.625,1
129.0,184.0,0.666667,1
133.0,190.0,0.708333,1
139.0,184.0,0.75,1
137.0,181.0,0.791667,1
143.0,166.0,0.833333,1
177.0,317.0,0.875,1
138.0,184.0,0.916667,1
117.0,130.0,0.958333,1
107.0,132.0,0.0,1
90.0,95.0,0.0416667,1
79.0,70.0,0.0833333,1
-200.0,-200.0,0.125,1
60.0,54.0,0.166667,1
40.0,28.0,0.208333,1
53.0,46.0,0.25,1
84.0,160.0,0.291667,1
108.0,320.0,0.333333,1
127.0,377.0,0.375,1
134.0,280.0,0.416667,1
135.0,221.0,0.458333,1
142.0,210.0,0.5,1
153.0,204.0,0.541667,1
123.0,161.0,0.583333,1
104.0,135.0,0.625,1
129.0,186.0,0.666667,1
114.0,147.0,0.708333,1
158.0,299.0,0.75,1
194.0,411.0,0.791667,1
182.0,347.0,0.833333,1
180.0,336.0,0.875,1
136.0,202.0,0.916667,1
127.0,178.0,0.958333,1
116.0,154.0,0.0,1
107.0,92.0,0.0416667,1
88.0,61.0,0.0833333,1
-200.0,-200.0,0.125,1
78.0,60.0,0.166667,1
57.0,37.0,0.208333,1
71.0,68.0,0.25,1
85.0,139.0,0.291667,1
124.0,339.0,0.333333,1
151.0,421.0,0.375,1
150.0,349.0,0.416667,1
152.0,224.0,0.458333,1
139.0,171.0,0.5,1
133.0,149.0,0.541667,1
126.0,137.0,0.583333,1
128.0,149.0,0.625,1
169.0,172.0,0.666667,1
149.0,166.0,0.708333,1
156.0,214.0,0.75,1
168.0,280.0,0.791667,1
176.0,276.0,0.833333,1
135.0,178.0,0.875,1
121.0,129.0,0.916667,1
99.0,95.0,0.958333,1
106.0,126.0,0.0,1
96.0,103.0,0.0416667,1
63.0,48.0,0.0833333,1
-200.0,-200.0,0.125,1
32.0,20.0,0.166667,1
28.0,18.0,0.208333,1
61.0,56.0,0.25,1
99.0,115.0,0.291667,1
157.0,320.0,0.333333,1
166.0,357.0,0.375,1
149.0,253.0,0.416667,1
135.0,218.0,0.458333,1
127.0,192.0,0.5,1
122.0,176.0,0.541667,1
135.0,198.0,0.583333,1
139.0,212.0,0.625,1
147.0,249.0,0.666667,1
158.0,270.0,0.708333,1
146.0,231.0,0.75,1
144.0,251.0,0.791667,1
138.0,210.0,0.833333,1
143.0,249.0,0.875,1
116.0,143.0,0.916667,1
109.0,127.0,0.958333,1
92.0,104.0,0.0,1
83.0,86.0,0.0416667,1
81.0,74.0,0.0833333,1
-200.0,-200.0,0.125,1
55.0,44.0,0.166667,1
53.0,42.0,0.208333,1
67.0,63.0,0.25,1
91.0,115.0,0.291667,1
113.0,170.0,0.333333,1
102.0,147.0,0.375,1
107.0,166.0,0.416667,1
113.0,195.0,0.458333,1
108.0,182.0,0.5,1
105.0,168.0,0.541667,1
93.0,125.0,0.583333,1
87.0,95.0,0.625,1
76.0,79.0,0.666667,1
94.0,119.0,0.708333,1
110.0,142.0,0.75,1
136.0,215.0,0.791667,1
139.0,229.0,0.833333,1
125.0,206.0,0.875,1
111.0,147.0,0.916667,1
97.0,122.0,0.958333,1
107.0,175.0,0.0,1
90.0,133.0,0.0416667,1
84.0,89.0,0.0833333,1
-200.0,-200.0,0.125,1
87.0,85.0,0.166667,1
66.0,55.0,0.208333,1
36.0,24.0,0.25,1
62.0,72.0,0.291667,1
91.0,122.0,0.333333,1
89.0,111.0,0.375,1
93.0,123.0,0.416667,1
81.0,106.0,0.458333,1
82.0,103.0,0.5,1
80.0,102.0,0.541667,1
48.0,48.0,0.583333,1
61.0,63.0,0.625,1
89.0,98.0,0.666667,1
105.0,132.0,0.708333,1
116.0,173.0,0.75,1
119.0,185.0,0.791667,1
144.0,266.0,0.833333,1
123.0,188.0,0.875,1
105.0,122.0,0.916667,1
93.0,112.0,0.958333,1
86.0,93.0,0.0,1
76.0,74.0,0.0416667,1
33.0,23.0,0.0833333,1
-200.0,-200.0,0.125,1
27.0,17.0,0.166667,1
23.0,15.0,0.208333,1
46.0,41.0,0.25,1
76.0,86.0,0.291667,1
116.0,226.0,0.333333,1
115.0,214.0,0.375,1
83.0,115.0,0.416667,1
87.0,124.0,0.458333,1
90.0,122.0,0.5,1
87.0,107.0,0.541667,1
99.0,133.0,0.583333,1
99.0,130.0,0.625,1
101.0,150.0,0.666667,1
103.0,138.0,0.708333,1
129.0,213.0,0.75,1
143.0,232.0,0.791667,1
146.0,238.0,0.833333,1
124.0,180.0,0.875,1
113.0,128.0,0.916667,1
80.0,65.0,0.958333,1
72.0,53.0,0.0,1
64.0,47.0,0.0416667,1
70.0,51.0,0.0833333,1
-200.0,-200.0,0.125,1
31.0,20.0,0.166667,1
22.0,13.0,0.208333,1
47.0,33.0,0.25,1
88.0,103.0,0.291667,1
130.0,224.0,0.333333,1
132.0,244.0,0.375,1
132.0,237.0,0.416667,1
131.0,220.0,0.458333,1
129.0,207.0,0.5,1
132.0,208.0,0.541667,1
110.0,160.0,0.583333,1
99.0,131.0,0.625,1
100.0,128.0,0.666667,1
122.0,176.0,0.708333,1
97.0,107.0,0.75,1
112.0,131.0,0.791667,1
128.0,166.0,0.833333,1
101.0,89.0,0.875,1
96.0,81.0,0.916667,1
86.0,78.0,0.958333,1
85.0,70.0,0.0,1
79.0,76.0,0.0416667,1
61.0,43.0,0.0833333,1
-200.0,-200.0,0.125,1
66.0,44.0,0.166667,1
54.0,34.0,0.208333,1
57.0,43.0,0.25,1
75.0,79.0,0.291667,1
97.0,174.0,0.333333,1
110.0,235.0,0.375,1
113.0,218.0,0.416667,1
88.0,136.0,0.458333,1
85.0,117.0,0.5,1
96.0,119.0,0.541667,1
106.0,126.0,0.583333,1
91.0,100.0,0.625,1
126.0,197.0,0.666667,1
130.0,195.0,0.708333,1
111.0,156.0,0.75,1
134.0,247.0,0.791667,1
136.0,190.0,0.833333,1
125.0,169.0,0.875,1
108.0,118.0,0.916667,1
87.0,81.0,0.958333,1
89.0,80.0,0.0,1
58.0,42.0,0.0416667,1
54.0,38.0,0.0833333,1
-200.0,-200.0,0.125,1
28.0,18.0,0.166667,1
20.0,12.0,0.208333,1
51.0,43.0,0.25,1
82.0,84.0,0.291667,1
112.0,184.0,0.333333,1
119.0,202.0,0.375,1
99.0,133.0,0.416667,1
98.0,130.0,0.458333,1
88.0,106.0,0.5,1
96.0,132.0,0.541667,1
81.0,106.0,0.583333,1
92.0,125.0,0.625,1
105.0,138.0,0.666667,1
88.0,120.0,0.708333,1
103.0,158.0,0.75,1
141.0,253.0,0.791667,1
133.0,231.0,0.833333,1
119.0,150.0,0.875,1
106.0,99.0,0.916667,1
92.0,75.0,0.958333,1
97.0,93.0,0.0,1
91.0,79.0,0.0416667,1
83.0,67.0,0.0833333,1
-200.0,-200.0,0.125,1
59.0,45.0,0.166667,1
73.0,72.0,0.208333,1
78.0,103.0,0.25,1
90.0,132.0,0.291667,1
110.0,239.0,0.333333,1
114.0,275.0,0.375,1
119.0,232.0,0.416667,1
121.0,180.0,0.458333,1
97.0,112.0,0.5,1
99.0,116.0,0.541667,1
85.0,103.0,0.583333,1
75.0,89.0,0.625,1
87.0,112.0,0.666667,1
102.0,127.0,0.708333,1
105.0,125.0,0.75,1
98.0,120.0,0.791667,1
93.0,120.0,0.833333,1
91.0,99.0,0.875,1
85.0,79.0,0.916667,1
74.0,66.0,0.958333,1
87.0,94.0,0.0,1
79.0,70.0,0.0416667,1
78.0,75.0,0.0833333,1
-200.0,-200.0,0.125,1
63.0,57.0,0.166667,1
48.0,32.0,0.208333,1
59.0,54.0,0.25,1
65.0,68.0,0.291667,1
71.0,98.0,0.333333,1
84.0,128.0,0.375,1
93.0,129.0,0.416667,1
99.0,130.0,0.458333,1
93.0,111.0,0.5,1
96.0,106.0,0.541667,1
114.0,137.0,0.583333,1
101.0,113.0,0.625,1
108.0,122.0,0.666667,1
117.0,137.0,0.708333,1
125.0,165.0,0.75,1
133.0,196.0,0.791667,1
119.0,174.0,0.833333,1
107.0,140.0,0.875,1
96.0,102.0,0.916667,1
105.0,130.0,0.958333,1
102.0,121.0,0.0,1
97.0,111.0,0.0416667,1
79.0,87.0,0.0833333,1
-200.0,-200.0,0.125,1
69.0,77.0,0.166667,1
52.0,39.0,0.208333,1
62.0,77.0,0.25,1
69.0,91.0,0.291667,1
75.0,105.0,0.333333,1
83.0,133.0,0.375,1
94.0,128.0,0.416667,1
96.0,126.0,0.458333,1
86.0,92.0,0.5,1
72.0,66.0,0.541667,1
53.0,50.0,0.583333,1
65.0,70.0,0.625,1
70.0,73.0,0.666667,1
75.0,77.0,0.708333,1
86.0,86.0,0.75,1
94.0,93.0,0.791667,1
103.0,105.0,0.833333,1
81.0,67.0,0.875,1
80.0,63.0,0.916667,1
77.0,63.0,0.958333,1
58.0,46.0,0.0,1
31.0,21.0,0.0416667,1
38.0,22.0,0.0833333,1
-200.0,-200.0,0.125,1
59.0,39.0,0.166667,1
70.0,55.0,0.208333,1
75.0,76.0,0.25,1
103.0,181.0,0.291667,1
134.0,259.0,0.333333,1
98.0,118.0,0.375,1
97.0,119.0,0.416667,1
98.0,123.0,0.458333,1
78.0,92.0,0.5,1
83.0,91.0,0.541667,1
92.0,103.0,0.583333,1
81.0,102.0,0.625,1
90.0,94.0,0.666667,1
95.0,98.0,0.708333,1
114.0,126.0,0.75,1
106.0,108.0,0.791667,1
99.0,95.0,0.833333,1
90.0,78.0,0.875,1
82.0,61.0,0.916667,1
74.0,55.0,0.958333,1
76.0,57.0,0.0,1
66.0,41.0,0.0416667,1
73.0,46.0,0.0833333,1
-200.0,-200.0,0.125,1
69.0,41.0,0.166667,1
71.0,52.0,0.208333,1
98.0,111.0,0.25,1
115.0,191.0,0.291667,1
130.0,244.0,0.333333,1
150.0,283.0,0.375,1
159.0,320.0,0.416667,1
146.0,249.0,0.458333,1
138.0,219.0,0.5,1
128.0,200.0,0.541667,1
97.0,138.0,0.583333,1
91.0,118.0,0.625,1
81.0,99.0,0.666667,1
99.0,112.0,0.708333,1
101.0,117.0,0.75,1
106.0,129.0,0.791667,1
102.0,132.0,0.833333,1
84.0,73.0,0.875,1
81.0,68.0,0.916667,1
91.0,80.0,0.958333,1
82.0,68.0,0.0,1
64.0,44.0,0.0416667,1
70.0,47.0,0.0833333,1
-200.0,-200.0,0.125,1
26.0,15.0,0.166667,1
58.0,44.0,0.208333,1
93.0,85.0,0.25,1
110.0,207.0,0.291667,1
115.0,230.0,0.333333,1
125.0,181.0,0.375,1
118.0,144.0,0.416667,1
109.0,140.0,0.458333,1
123.0,204.0,0.5,1
114.0,149.0,0.541667,1
114.0,171.0,0.583333,1
119.0,195.0,0.625,1
111.0,152.0,0.666667,1
103.0,128.0,0.708333,1
103.0,121.0,0.75,1
107.0,142.0,0.791667,1
105.0,131.0,0.833333,1
91.0,81.0,0.875,1
79.0,60.0,0.916667,1
79.0,57.0,0.958333,1
86.0,96.0,0.0,1
70.0,85.0,0.0416667,1
55.0,50.0,0.0833333,1
-200.0,-200.0,0.125,1
49.0,57.0,0.166667,1
50.0,64.0,0.208333,1
67.0,153.0,0.25,1
94.0,342.0,0.291667,1
119.0,378.0,0.333333,1
139.0,304.0,0.375,1
113.0,192.0,0.416667,1
88.0,130.0,0.458333,1
73.0,106.0,0.5,1
73.0,102.0,0.541667,1
72.0,99.0,0.583333,0
81.0,108.0,0.625,0
93.0,131.0,0.666667,0
106.0,163.0,0.708333,1
132.0,211.0,0.75,1
164.0,267.0,0.791667,1
161.0,269.0,0.833333,1
124.0,154.0,0.875,1
113.0,127.0,0.916667,1
103.0,122.0,0.958333,1
104.0,126.0,0.0,1
93.0,84.0,0.0416667,1
60.0,58.0,0.0833333,1
-200.0,-200.0,0.125,1
52.0,37.0,0.166667,1
66.0,56.0,0.208333,1
82.0,91.0,0.25,1
109.0,159.0,0.291667,1
114.0,190.0,0.333333,1
139.0,249.0,0.375,1
127.0,196.0,0.416667,1
127.0,180.0,0.458333,1
135.0,167.0,0.5,1
130.0,159.0,0.541667,1
126.0,152.0,0.583333,1
121.0,149.0,0.625,1
122.0,143.0,0.666667,1
138.0,185.0,0.708333,1
165.0,223.0,0.75,1
154.0,215.0,0.791667,1
168.0,271.0,0.833333,1
146.0,180.0,0.875,1
124.0,115.0,0.916667,1
124.0,149.0,0.958333,1
106.0,98.0,0.0,1
88.0,73.0,0.0416667,1
83.0,69.0,0.0833333,1
-200.0,-200.0,0.125,1
74.0,60.0,0.166667,1
64.0,56.0,0.208333,1
69.0,73.0,0.25,1
91.0,159.0,0.291667,1
96.0,203.0,0.333333,1
106.0,211.0,0.375,1
-200.0,-200.0,0.416667,1
-200.0,-200.0,0.458333,1
-200.0,-200.0,0.5,1
-200.0,-200.0,0.541667,1
-200.0,-200.0,0.583333,1
-200.0,-200.0,0.625,1
-200.0,-200.0,0.666667,1
-200.0,-200.0,0.708333,1
-200.0,-200.0,0.75,1
-200.0,-200.0,0.791667,1
-200.0,-200.0,0.833333,1
-200.0,-200.0,0.875,1
-200.0,-200.0,0.916667,1
-200.0,-200.0,0.958333,1
-200.0,-200.0,0.0,1
-200.0,-200.0,0.0416667,1
-200.0,-200.0,0.0833333,1
-200.0,-200.0,0.125,1
-200.0,-200.0,0.166667,1
-200.0,-200.0,0.208333,1
-200.0,-200.0,0.25,1
-200.0,-200.0,0.291667,1
-200.0,-200.0,0.333333,1
-200.0,-200.0,0.375,1
-200.0,-200.0,0.416667,1
-200.0,-200.0,0.458333,1
-200.0,-200.0,0.5,1
-200.0,-200.0,0.541667,1
-200.0,-200.0,0.583333,1
-200.0,-200.0,0.625,1
-200.0,-200.0,0.666667,1
-200.0,-200.0,0.708333,1
-200.0,-200.0,0.75,1
-200.0,-200.0,0.791667,1
-200.0,-200.0,0.833333,1
-200.0,-200.0,0.875,1
-200.0,-200.0,0.916667,1
-200.0,-200.0,0.958333,1
-200.0,-200.0,0.0,1
-200.0,-200.0,0.0416667,1
-200.0,-200.0,0.0833333,1
-200.0,-200.0,0.125,1
-200.0,-200.0,0.166667,1
-200.0,-200.0,0.208333,1
-200.0,-200.0,0.25,1
-200.0,-200.0,0.291667,1
-200.0,-200.0,0.333333,1
-200.0,-200.0,0.375,1
124.0,236.0,0.416667,1
121.0,228.0,0.458333,1
114.0,206.0,0.5,1
114.0,188.0,0.541667,1
106.0,158.0,0.583333,1
89.0,124.0,0.625,1
82.0,98.0,0.666667,1
111.0,160.0,0.708333,1
132.0,194.0,0.75,1
121.0,174.0,0.791667,1
116.0,157.0,0.833333,1
100.0,109.0,0.875,1
89.0,85.0,0.916667,1
92.0,90.0,0.958333,1
71.0,61.0,0.0,1
51.0,36.0,0.0416667,1
39.0,25.0,0.0833333,1
-200.0,-200.0,0.125,1
35.0,24.0,0.166667,1
64.0,73.0,0.208333,1
94.0,164.0,0.25,1
134.0,329.0,0.291667,1
129.0,302.0,0.333333,1
125.0,256.0,0.375,1
107.0,182.0,0.416667,1
78.0,105.0,0.458333,1
91.0,136.0,0.5,1
116.0,167.0,0.541667,1
131.0,166.0,0.583333,1
113.0,115.0,0.625,1
98.0,109.0,0.666667,1
116.0,143.0,0.708333,1
120.0,159.0,0.75,1
126.0,181.0,0.791667,1
126.0,178.0,0.833333,1
90.0,91.0,0.875,1
81.0,76.0,0.916667,1
74.0,66.0,0.958333,1
67.0,56.0,0.0,1
46.0,35.0,0.0416667,1
30.0,21.0,0.0833333,1
-200.0,-200.0,0.125,1
19.0,12.0,0.166667,1
32.0,22.0,0.208333,1
61.0,55.0,0.25,1
111.0,152.0,0.291667,1
102.0,153.0,0.333333,1
116.0,152.0,0.375,1
96.0,112.0,0.416667,1
97.0,119.0,0.458333,1
110.0,122.0,0.5,1
103.0,115.0,0.541667,1
79.0,84.0,0.583333,1
104.0,146.0,0.625,1
69.0,65.0,0.666667,1
96.0,120.0,0.708333,1
121.0,185.0,0.75,1
129.0,157.0,0.791667,1
116.0,174.0,0.833333,1
71.0,62.0,0.875,1
85.0,81.0,0.916667,1
101.0,118.0,0.958333,1
97.0,95.0,0.0,1
89.0,84.0,0.0416667,1
72.0,56.0,0.0833333,1
-200.0,-200.0,0.125,1
57.0,43.0,0.166667,1
62.0,69.0,0.208333,1
64.0,74.0,0.25,1
80.0,161.0,0.291667,1
118.0,308.0,0.333333,1
130.0,300.0,0.375,1
113.0,189.0,0.416667,1
112.0,164.0,0.458333,1
96.0,122.0,0.5,1
125.0,166.0,0.541667,1
128.0,181.0,0.583333,1
101.0,127.0,0.625,1
95.0,106.0,0.666667,1
138.0,192.0,0.708333,1
154.0,241.0,0.75,1
171.0,326.0,0.791667,1
136.0,232.0,0.833333,1
93.0,92.0,0.875,1
99.0,95.0,0.916667,1
106.0,129.0,0.958333,0
109.0,154.0,0.0,0
97.0,118.0,0.0416667,0
83.0,69.0,0.0833333,0
-200.0,-200.0,0.125,0
79.0,97.0,0.166667,0
84.0,145.0,0.208333,0
86.0,169.0,0.25,0
111.0,250.0,0.291667,0
117.0,215.0,0.333333,0
122.0,237.0,0.375,0
119.0,190.0,0.416667,0
121.0,219.0,0.458333,0
127.0,294.0,0.5,0
135.0,253.0,0.541667,0
119.0,176.0,0.583333,0
137.0,243.0,0.625,0
139.0,214.0,0.666667,0
117.0,141.0,0.708333,0
127.0,166.0,0.75,0
137.0,197.0,0.791667,0
127.0,191.0,0.833333,0
107.0,159.0,0.875,0
102.0,175.0,0.916667,0
95.0,157.0,0.958333,1
79.0,83.0,0.0,1
78.0,118.0,0.0416667,1
75.0,101.0,0.0833333,1
-200.0,-200.0,0.125,1
52.0,46.0,0.166667,1
55.0,81.0,0.208333,1
65.0,112.0,0.25,1
72.0,150.0,0.291667,1
76.0,138.0,0.333333,1
84.0,124.0,0.375,1
90.0,124.0,0.416667,1
89.0,115.0,0.458333,1
87.0,101.0,0.5,1
88.0,90.0,0.541667,1
81.0,90.0,0.583333,1
89.0,89.0,0.625,1
91.0,92.0,0.666667,1
104.0,103.0,0.708333,1
111.0,122.0,0.75,1
129.0,159.0,0.791667,1
133.0,172.0,0.833333,1
115.0,125.0,0.875,1
125.0,187.0,0.916667,1
117.0,174.0,0.958333,1
84.0,75.0,0.0,1
63.0,48.0,0.0416667,1
68.0,61.0,0.0833333,1
-200.0,-200.0,0.125,1
52.0,38.0,0.166667,1
49.0,38.0,0.208333,1
49.0,41.0,0.25,1
52.0,51.0,0.291667,1
58.0,61.0,0.333333,1
51.0,47.0,0.375,1
77.0,87.0,0.416667,1
90.0,107.0,0.458333,1
118.0,161.0,0.5,1
70.0,61.0,0.541667,1
35.0,26.0,0.583333,1
46.0,42.0,0.625,1
58.0,55.0,0.666667,1
61.0,65.0,0.708333,1
80.0,75.0,0.75,1
93.0,93.0,0.791667,1
78.0,63.0,0.833333,1
76.0,60.0,0.875,1
74.0,63.0,0.916667,1
81.0,66.0,0.958333,1
58.0,41.0,0.0,1
59.0,42.0,0.0416667,1
54.0,36.0,0.0833333,1
-200.0,-200.0,0.125,1
25.0,16.0,0.166667,1
26.0,16.0,0.208333,1
49.0,33.0,0.25,1
53.0,39.0,0.291667,1
57.0,45.0,0.333333,1
73.0,63.0,0.375,1
78.0,71.0,0.416667,1
93.0,104.0,0.458333,1
71.0,85.0,0.5,1
56.0,53.0,0.541667,1
60.0,58.0,0.583333,1
77.0,89.0,0.625,1
82.0,96.0,0.666667,1
77.0,88.0,0.708333,1
91.0,100.0,0.75,1
93.0,127.0,0.791667,1
82.0,88.0,0.833333,1
74.0,66.0,0.875,1
68.0,61.0,0.916667,1
65.0,54.0,0.958333,1
58.0,46.0,0.0,1
36.0,25.0,0.0416667,1
29.0,18.0,0.0833333,1
-200.0,-200.0,0.125,1
28.0,21.0,0.166667,1
68.0,76.0,0.208333,1
99.0,149.0,0.25,1
130.0,328.0,0.291667,1
128.0,282.0,0.333333,1
120.0,206.0,0.375,1
93.0,133.0,0.416667,1
96.0,137.0,0.458333,1
84.0,116.0,0.5,1
87.0,112.0,0.541667,1
87.0,128.0,0.583333,1
103.0,145.0,0.625,1
88.0,110.0,0.666667,1
118.0,184.0,0.708333,1
134.0,243.0,0.75,1
144.0,259.0,0.791667,1
129.0,205.0,0.833333,1
108.0,144.0,0.875,1
104.0,152.0,0.916667,1
90.0,108.0,0.958333,1
74.0,64.0,0.0,1
73.0,73.0,0.0416667,1
60.0,47.0,0.0833333,1
-200.0,-200.0,0.125,1
57.0,45.0,0.166667,1
62.0,79.0,0.208333,1
71.0,113.0,0.25,1
94.0,263.0,0.291667,1
99.0,275.0,0.333333,1
119.0,263.0,0.375,1
103.0,183.0,0.416667,1
95.0,147.0,0.458333,1
95.0,132.0,0.5,1
-200.0,-200.0,0.541667,1
-200.0,-200.0,0.583333,1
-200.0,-200.0,0.625,1
-200.0,-200.0,0.666667,1
-200.0,-200.0,0.708333,1
-200.0,-200.0,0.75,1
-200.0,-200.0,0.791667,1
-200.0,-200.0,0.833333,1
-200.0,-200.0,0.875,1
-200.0,-200.0,0.916667,1
-200.0,-200.0,0.958333,1
-200.0,-200.0,0.0,1
-200.0,-200.0,0.0416667,1
-200.0,-200.0,0.0833333,1
-200.0,-200.0,0.125,1
-200.0,-200.0,0.166667,1
-200.0,-200.0,0.208333,1
-200.0,-200.0,0.25,1
-200.0,-200.0,0.291667,1
-200.0,-200.0,0.333333,1
114.0,309.0,0.375,1
127.0,327.0,0.416667,1
135.0,299.0,0.458333,1
135.0,257.0,0.5,1
120.0,195.0,0.541667,1
129.0,231.0,0.583333,1
114.0,170.0,0.625,1
129.0,192.0,0.666667,1
149.0,251.0,0.708333,1
149.0,289.0,0.75,1
158.0,351.0,0.791667,1
148.0,319.0,0.833333,1
134.0,264.0,0.875,1
111.0,144.0,0.916667,1
106.0,119.0,0.958333,1
108.0,120.0,0.0,1
93.0,96.0,0.0416667,1
83.0,77.0,0.0833333,1
-200.0,-200.0,0.125,1
69.0,63.0,0.166667,1
77.0,97.0,0.208333,1
87.0,180.0,0.25,1
109.0,352.0,0.291667,1
116.0,279.0,0.333333,1
105.0,186.0,0.375,1
106.0,169.0,0.416667,1
108.0,172.0,0.458333,1
100.0,127.0,0.5,1
149.0,230.0,0.541667,1
148.0,280.0,0.583333,1
126.0,242.0,0.625,1
140.0,250.0,0.666667,1
142.0,309.0,0.708333,1
141.0,270.0,0.75,1
149.0,323.0,0.791667,1
140.0,307.0,0.833333,1
117.0,224.0,0.875,1
103.0,166.0,0.916667,1
99.0,171.0,0.958333,1
100.0,169.0,0.0,1
88.0,120.0,0.0416667,1
83.0,103.0,0.0833333,1
-200.0,-200.0,0.125,1
-200.0,-200.0,0.166667,1
-200.0,-200.0,0.208333,1
-200.0,-200.0,0.25,1
-200.0,-200.0,0.291667,1
-200.0,-200.0,0.333333,1
-200.0,-200.0,0.375,1
-200.0,-200.0,0.416667,1
-200.0,-200.0,0.458333,1
-200.0,-200.0,0.5,1
-200.0,-200.0,0.541667,1
-200.0,-200.0,0.583333,1
-200.0,-200.0,0.625,1
-200.0,-200.0,0.666667,1
-200.0,-200.0,0.708333,1
-200.0,-200.0,0.75,1
-200.0,-200.0,0.791667,1
-200.0,-200.0,0.833333,1
-200.0,-200.0,0.875,1
-200.0,-200.0,0.916667,1
-200.0,-200.0,0.958333,1
-200.0,-200.0,0.0,1
-200.0,-200.0,0.0416667,1
-200.0,-200.0,0.0833333,1
-200.0,-200.0,0.125,1
-200.0,-200.0,0.166667,1
-200.0,-200.0,0.208333,1
-200.0,-200.0,0.25,1
-200.0,-200.0,0.291667,1
-200.0,-200.0,0.333333,1
-200.0,-200.0,0.375,1
-200.0,-200.0,0.416667,1
-200.0,-200.0,0.458333,1
-200.0,-200.0,0.5,1
-200.0,-200.0,0.541667,1
-200.0,-200.0,0.583333,1
-200.0,-200.0,0.625,1
-200.0,-200.0,0.666667,1
-200.0,-200.0,0.708333,1
-200.0,-200.0,0.75,1
-200.0,-200.0,0.791667,1
-200.0,-200.0,0.833333,1
-200.0,-200.0,0.875,1
-200.0,-200.0,0.916667,1
-200.0,-200.0,0.958333,1
-200.0,-200.0,0.0,1
-200.0,-200.0,0.0416667,1
-200.0,-200.0,0.0833333,1
-200.0,-200.0,0.125,1
-200.0,-200.0,0.166667,1
-200.0,-200.0,0.208333,1
-200.0,-200.0,0.25,1
-200.0,-200.0,0.291667,1
-200.0,-200.0,0.333333,1
-200.0,-200.0,0.375,1
-200.0,-200.0,0.416667,1
-200.0,-200.0,0.458333,1
-200.0,-200.0,0.5,1
-200.0,-200.0,0.541667,1
-200.0,-200.0,0.583333,1
-200.0,-200.0,0.625,1
-200.0,-200.0,0.666667,1
-200.0,-200.0,0.708333,1
-200.0,-200.0,0.75,1
-200.0,-200.0,0.791667,1
-200.0,-200.0,0.833333,1
-200.0,-200.0,0.875,1
-200.0,-200.0,0.916667,1
-200.0,-200.0,0.958333,1
-200.0,-200.0,0.0,1
-200.0,-200.0,0.0416667,1
-200.0,-200.0,0.0833333,1
-200.0,-200.0,0.125,1
-200.0,-200.0,0.166667,1
-200.0,-200.0,0.208333,1
-200.0,-200.0,0.25,1
-200.0,-200.0,0.291667,1
-200.0,-200.0,0.333333,1
-200.0,-200.0,0.375,1
-200.0,-200.0,0.416667,1
-200.0,-200.0,0.458333,1
-200.0,-200.0,0.5,1
-200.0,-200.0,0.541667,1
-200.0,-200.0,0.583333,1
-200.0,-200.0,0.625,1
-200.0,-200.0,0.666667,1
-200.0,-200.0,0.708333,1
-200.0,-200.0,0.75,1
-200.0,-200.0,0.791667,1
-200.0,-200.0,0.833333,1
-200.0,-200.0,0.875,1
-200.0,-200.0,0.916667,1
-200.0,-200.0,0.958333,1
-200.0,-200.0,0.0,1
-200.0,-200.0,0.0416667,1
-200.0,-200.0,0.0833333,1
-200.0,-200.0,0.125,1
-200.0,-200.0,0.166667,1
-200.0,-200.0,0.208333,1
-200.0,-200.0,0.25,1
-200.0,-200.0,0.291667,1
-200.0,-200.0,0.333333,1
-200.0,-200.0,0.375,1
-200.0,-200.0,0.416667,1
-200.0,-200.0,0.458333,1
-200.0,-200.0,0.5,1
-200.0,-200.0,0.541667,1
-200.0,-200.0,0.583333,1
-200.0,-200.0,0.625,1
-200.0,-200.0,0.666667,1
-200.0,-200.0,0.708333,1
-200.0,-200.0,0.75,1
-200.0,-200.0,0.791667,1
-200.0,-200.0,0.833333,1
-200.0,-200.0,0.875,1
-200.0,-200.0,0.916667,1
-200.0,-200.0,0.958333,1
-200.0,-200.0,0.0,1
-200.0,-200.0,0.0416667,1
-200.0,-200.0,0.0833333,1
-200.0,-200.0,0.125,1
-200.0,-200.0,0.166667,1
-200.0,-200.0,0.208333,1
-200.0,-200.0,0.25,1
-200.0,-200.0,0.291667,1
-200.0,-200.0,0.333333,1
-200.0,-200.0,0.375,1
-200.0,-200.0,0.416667,1
-200.0,-200.0,0.458333,1
-200.0,-200.0,0.5,1
-200.0,-200.0,0.541667,1
-200.0,-200.0,0.583333,1
-200.0,-200.0,0.625,1
-200.0,-200.0,0.666667,1
-200.0,-200.0,0.708333,1
-200.0,-200.0,0.75,1
-200.0,-200.0,0.791667,1
-200.0,-200.0,0.833333,1
-200.0,-200.0,0.875,1
-200.0,-200.0,0.916667,1
-200.0,-200.0,0.958333,1
-200.0,-200.0,0.0,1
-200.0,-200.0,0.0416667,1
-200.0,-200.0,0.0833333,1
-200.0,-200.0,0.125,1
-200.0,-200.0,0.166667,1
59.0,59.0,0.208333,1
67.0,72.0,0.25,1
95.0,244.0,0.291667,1
123.0,351.0,0.333333,1
142.0,358.0,0.375,1
142.0,245.0,0.416667,1
169.0,240.0,0.458333,1
142.0,179.0,0.5,1
136.0,160.0,0.541667,1
147.0,174.0,0.583333,1
196.0,260.0,0.625,1
186.0,281.0,0.666667,1
177.0,284.0,0.708333,1
164.0,250.0,0.75,1
161.0,281.0,0.791667,1
146.0,230.0,0.833333,1
98.0,98.0,0.875,1
108.0,121.0,0.916667,1
107.0,110.0,0.958333,1
113.0,161.0,0.0,1
100.0,148.0,0.0416667,1
87.0,109.0,0.0833333,1
-200.0,-200.0,0.125,1
60.0,45.0,0.166667,1
65.0,71.0,0.208333,1
64.0,75.0,0.25,1
73.0,106.0,0.291667,1
86.0,166.0,0.333333,1
105.0,188.0,0.375,1
107.0,161.0,0.416667,1
114.0,139.0,0.458333,1
105.0,134.0,0.5,1
74.0,84.0,0.541667,1
95.0,98.0,0.583333,1
89.0,91.0,0.625,1
95.0,99.0,0.666667,1
93.0,90.0,0.708333,1
123.0,147.0,0.75,1
134.0,177.0,0.791667,1
126.0,162.0,0.833333,1
79.0,88.0,0.875,1
54.0,53.0,0.916667,1
69.0,68.0,0.958333,1
67.0,61.0,0.0,1
73.0,71.0,0.0416667,1
73.0,63.0,0.0833333,1
-200.0,-200.0,0.125,1
33.0,23.0,0.166667,1
20.0,14.0,0.208333,1
37.0,34.0,0.25,1
50.0,42.0,0.291667,1
45.0,40.0,0.333333,1
48.0,48.0,0.375,1
56.0,61.0,0.416667,1
58.0,58.0,0.458333,1
52.0,57.0,0.5,1
52.0,54.0,0.541667,1
44.0,41.0,0.583333,1
59.0,57.0,0.625,1
74.0,83.0,0.666667,1
76.0,81.0,0.708333,1
83.0,98.0,0.75,1
100.0,124.0,0.791667,1
101.0,133.0,0.833333,1
90.0,100.0,0.875,1
93.0,116.0,0.916667,1
79.0,102.0,0.958333,1
57.0,55.0,0.0,1
43.0,33.0,0.0416667,1
25.0,17.0,0.0833333,1
-200.0,-200.0,0.125,1
17.0,10.0,0.166667,1
44.0,35.0,0.208333,1
72.0,70.0,0.25,1
91.0,116.0,0.291667,1
89.0,134.0,0.333333,1
84.0,113.0,0.375,1
83.0,110.0,0.416667,1
78.0,98.0,0.458333,1
80.0,96.0,0.5,1
75.0,95.0,0.541667,1
77.0,86.0,0.583333,1
77.0,86.0,0.625,1
81.0,91.0,0.666667,1
101.0,119.0,0.708333,1
119.0,147.0,0.75,1
111.0,135.0,0.791667,1
109.0,124.0,0.833333,1
101.0,89.0,0.875,1
89.0,79.0,0.916667,1
75.0,63.0,0.958333,1
51.0,39.0,0.0,1
39.0,25.0,0.0416667,1
32.0,19.0,0.0833333,1
-200.0,-200.0,0.125,1
49.0,34.0,0.166667,1
68.0,58.0,0.208333,1
76.0,112.0,0.25,1
122.0,314.0,0.291667,1
129.0,240.0,0.333333,1
94.0,128.0,0.375,1
99.0,141.0,0.416667,1
81.0,118.0,0.458333,1
87.0,132.0,0.5,1
107.0,150.0,0.541667,1
95.0,121.0,0.583333,1
110.0,149.0,0.625,1
99.0,120.0,0.666667,1
113.0,155.0,0.708333,1
127.0,172.0,0.75,1
131.0,177.0,0.791667,1
137.0,181.0,0.833333,1
122.0,135.0,0.875,1
100.0,99.0,0.916667,1
108.0,111.0,0.958333,1
83.0,72.0,0.0,1
74.0,54.0,0.0416667,1
64.0,41.0,0.0833333,1
-200.0,-200.0,0.125,1
40.0,24.0,0.166667,1
39.0,29.0,0.208333,1
69.0,76.0,0.25,1
104.0,321.0,0.291667,1
100.0,274.0,0.333333,1
146.0,322.0,0.375,1
155.0,255.0,0.416667,1
139.0,196.0,0.458333,1
121.0,136.0,0.5,1
108.0,119.0,0.541667,1
126.0,169.0,0.583333,1
145.0,197.0,0.625,1
121.0,140.0,0.666667,1
145.0,178.0,0.708333,1
160.0,223.0,0.75,1
155.0,222.0,0.791667,1
162.0,265.0,0.833333,1
129.0,151.0,0.875,1
96.0,79.0,0.916667,1
92.0,87.0,0.958333,1
89.0,88.0,0.0,1
61.0,51.0,0.0416667,1
54.0,34.0,0.0833333,1
-200.0,-200.0,0.125,1
44.0,31.0,0.166667,1
57.0,76.0,0.208333,1
68.0,139.0,0.25,1
95.0,293.0,0.291667,1
125.0,368.0,0.333333,1
135.0,250.0,0.375,1
118.0,145.0,0.416667,1
91.0,110.0,0.458333,1
89.0,104.0,0.5,1
129.0,205.0,0.541667,1
122.0,201.0,0.583333,1
138.0,266.0,0.625,1
136.0,246.0,0.666667,1
143.0,247.0,0.708333,1
145.0,271.0,0.75,1
146.0,332.0,0.791667,1
122.0,245.0,0.833333,1
112.0,180.0,0.875,1
102.0,156.0,0.916667,1
97.0,172.0,0.958333,1
85.0,137.0,0.0,1
76.0,91.0,0.0416667,1
74.0,80.0,0.0833333,1
-200.0,-200.0,0.125,1
56.0,46.0,0.166667,1
66.0,68.0,0.208333,1
90.0,162.0,0.25,1
111.0,213.0,0.291667,1
103.0,161.0,0.333333,1
117.0,209.0,0.375,1
116.0,191.0,0.416667,1
109.0,215.0,0.458333,1
116.0,212.0,0.5,1
115.0,202.0,0.541667,1
94.0,153.0,0.583333,1
121.0,185.0,0.625,1
114.0,210.0,0.666667,1
110.0,215.0,0.708333,1
122.0,215.0,0.75,1
135.0,281.0,0.791667,1
133.0,254.0,0.833333,1
110.0,189.0,0.875,1
102.0,174.0,0.916667,1
108.0,167.0,0.958333,1
110.0,185.0,0.0,1
84.0,129.0,0.0416667,1
71.0,85.0,0.0833333,1
-200.0,-200.0,0.125,1
42.0,35.0,0.166667,1
32.0,24.0,0.208333,1
35.0,30.0,0.25,1
67.0,75.0,0.291667,1
73.0,79.0,0.333333,1
86.0,104.0,0.375,1
89.0,118.0,0.416667,1
86.0,105.0,0.458333,1
86.0,101.0,0.5,1
66.0,65.0,0.541667,1
68.0,59.0,0.583333,1
82.0,80.0,0.625,1
91.0,98.0,0.666667,1
95.0,89.0,0.708333,1
104.0,114.0,0.75,1
131.0,195.0,0.791667,1
112.0,156.0,0.833333,1
100.0,109.0,0.875,1
115.0,184.0,0.916667,1
129.0,190.0,0.958333,1
99.0,105.0,0.0,1
74.0,76.0,0.0416667,1
55.0,38.0,0.0833333,1
-200.0,-200.0,0.125,1
35.0,26.0,0.166667,1
37.0,33.0,0.208333,1
45.0,57.0,0.25,1
46.0,48.0,0.291667,1
68.0,87.0,0.333333,1
77.0,94.0,0.375,1
79.0,89.0,0.416667,1
72.0,78.0,0.458333,1
68.0,72.0,0.5,1
64.0,64.0,0.541667,1
73.0,70.0,0.583333,1
84.0,92.0,0.625,1
67.0,69.0,0.666667,1
106.0,131.0,0.708333,1
114.0,144.0,0.75,1
123.0,209.0,0.791667,1
108.0,170.0,0.833333,1
100.0,152.0,0.875,1
118.0,171.0,0.916667,1
121.0,153.0,0.958333,1
94.0,97.0,0.0,1
52.0,37.0,0.0416667,1
39.0,26.0,0.0833333,1
-200.0,-200.0,0.125,1
33.0,25.0,0.166667,1
57.0,61.0,0.208333,1
80.0,152.0,0.25,1
101.0,283.0,0.291667,1
109.0,320.0,0.333333,1
109.0,318.0,0.375,1
111.0,201.0,0.416667,1
102.0,135.0,0.458333,1
96.0,127.0,0.5,1
90.0,102.0,0.541667,1
69.0,74.0,0.583333,1
74.0,81.0,0.625,1
102.0,129.0,0.666667,1
128.0,190.0,0.708333,1
130.0,192.0,0.75,1
120.0,163.0,0.791667,1
113.0,149.0,0.833333,1
100.0,119.0,0.875,1
70.0,61.0,0.916667,1
83.0,84.0,0.958333,1
81.0,79.0,0.0,1
69.0,58.0,0.0416667,1
48.0,32.0,0.0833333,1
-200.0,-200.0,0.125,1
28.0,21.0,0.166667,1
47.0,49.0,0.208333,1
88.0,180.0,0.25,1
109.0,302.0,0.291667,1
113.0,258.0,0.333333,1
104.0,192.0,0.375,1
65.0,84.0,0.416667,1
87.0,128.0,0.458333,1
99.0,145.0,0.5,1
100.0,132.0,0.541667,1
105.0,136.0,0.583333,1
97.0,140.0,0.625,1
54.0,55.0,0.666667,1
59.0,67.0,0.708333,1
109.0,191.0,0.75,1
125.0,227.0,0.791667,1
132.0,264.0,0.833333,1
110.0,196.0,0.875,1
53.0,43.0,0.916667,1
61.0,58.0,0.958333,1
41.0,33.0,0.0,1
22.0,14.0,0.0416667,1
28.0,18.0,0.0833333,1
-200.0,-200.0,0.125,1
41.0,28.0,0.166667,1
54.0,56.0,0.208333,1
81.0,108.0,0.25,1
107.0,251.0,0.291667,1
-200.0,-200.0,0.333333,1
124.0,255.0,0.375,1
123.0,214.0,0.416667,1
120.0,190.0,0.458333,1
113.0,182.0,0.5,1
114.0,202.0,0.541667,1
120.0,224.0,0.583333,1
125.0,221.0,0.625,1
88.0,126.0,0.666667,1
72.0,79.0,0.708333,1
103.0,137.0,0.75,1
67.0,68.0,0.791667,1
79.0,96.0,0.833333,1
89.0,111.0,0.875,1
67.0,56.0,0.916667,1
83.0,81.0,0.958333,1
76.0,79.0,0.0,1
58.0,46.0,0.0416667,1
30.0,19.0,0.0833333,1
-200.0,-200.0,0.125,1
22.0,15.0,0.166667,1
50.0,48.0,0.208333,1
92.0,128.0,0.25,1
101.0,193.0,0.291667,1
121.0,203.0,0.333333,1
130.0,220.0,0.375,1
114.0,161.0,0.416667,1
100.0,135.0,0.458333,1
56.0,57.0,0.5,1
75.0,91.0,0.541667,1
121.0,219.0,0.583333,1
128.0,239.0,0.625,1
139.0,209.0,0.666667,1
122.0,169.0,0.708333,1
92.0,92.0,0.75,1
97.0,107.0,0.791667,1
98.0,122.0,0.833333,1
93.0,100.0,0.875,1
65.0,51.0,0.916667,1
81.0,93.0,0.958333,1
102.0,145.0,0.0,1
91.0,106.0,0.0416667,1
56.0,46.0,0.0833333,1
-200.0,-200.0,0.125,1
41.0,32.0,0.166667,1
48.0,51.0,0.208333,1
72.0,89.0,0.25,1
106.0,214.0,0.291667,1
107.0,196.0,0.333333,1
127.0,224.0,0.375,1
114.0,174.0,0.416667,1
101.0,90.0,0.458333,1
95.0,89.0,0.5,1
110.0,132.0,0.541667,1
101.0,114.0,0.583333,1
106.0,107.0,0.625,1
116.0,140.0,0.666667,1
124.0,187.0,0.708333,1
133.0,222.0,0.75,1
96.0,117.0,0.791667,1
85.0,89.0,0.833333,1
97.0,130.0,0.875,1
97.0,133.0,0.916667,1
101.0,144.0,0.958333,1
85.0,99.0,0.0,1
80.0,102.0,0.0416667,1
33.0,27.0,0.0833333,1
-200.0,-200.0,0.125,1
-200.0,-200.0,0.166667,1
-200.0,-200.0,0.208333,1
-200.0,-200.0,0.25,1
-200.0,-200.0,0.291667,1
-200.0,-200.0,0.333333,1
-200.0,-200.0,0.375,1
-200.0,-200.0,0.416667,1
-200.0,-200.0,0.458333,1
-200.0,-200.0,0.5,1
-200.0,-200.0,0.541667,1
-200.0,-200.0,0.583333,1
-200.0,-200.0,0.625,1
-200.0,-200.0,0.666667,1
-200.0,-200.0,0.708333,1
-200.0,-200.0,0.75,1
-200.0,-200.0,0.791667,1
-200.0,-200.0,0.833333,1
-200.0,-200.0,0.875,1
-200.0,-200.0,0.916667,1
-200.0,-200.0,0.958333,1
-200.0,-200.0,0.0,1
-200.0,-200.0,0.0416667,1
-200.0,-200.0,0.0833333,1
-200.0,-200.0,0.125,1
-200.0,-200.0,0.166667,1
-200.0,-200.0,0.208333,1
-200.0,-200.0,0.25,1
-200.0,-200.0,0.291667,1
-200.0,-200.0,0.333333,1
-200.0,-200.0,0.375,1
-200.0,-200.0,0.416667,1
-200.0,-200.0,0.458333,1
-200.0,-200.0,0.5,1
-200.0,-200.0,0.541667,1
-200.0,-200.0,0.583333,1
-200.0,-200.0,0.625,1
-200.0,-200.0,0.666667,1
-200.0,-200.0,0.708333,1
-200.0,-200.0,0.75,1
-200.0,-200.0,0.791667,1
-200.0,-200.0,0.833333,1
-200.0,-200.0,0.875,1
-200.0,-200.0,0.916667,1
-200.0,-200.0,0.958333,1
-200.0,-200.0,0.0,1
-200.0,-200.0,0.0416667,1
-200.0,-200.0,0.0833333,1
-200.0,-200.0,0.125,1
-200.0,-200.0,0.166667,1
-200.0,-200.0,0.208333,1
-200.0,-200.0,0.25,1
-200.0,-200.0,0.291667,1
-200.0,-200.0,0.333333,1
117.0,257.0,0.375,1
107.0,178.0,0.416667,1
95.0,145.0,0.458333,1
93.0,137.0,0.5,1
104.0,139.0,0.541667,1
102.0,130.0,0.583333,1
109.0,148.0,0.625,1
97.0,120.0,0.666667,1
104.0,132.0,0.708333,1
124.0,188.0,0.75,1
135.0,204.0,0.791667,1
122.0,167.0,0.833333,1
109.0,128.0,0.875,1
95.0,106.0,0.916667,1
86.0,88.0,0.958333,1
78.0,77.0,0.0,1
53.0,36.0,0.0416667,1
43.0,28.0,0.0833333,1
-200.0,-200.0,0.125,1
53.0,46.0,0.166667,1
48.0,55.0,0.208333,1
64.0,135.0,0.25,1
95.0,327.0,0.291667,1
120.0,383.0,0.333333,1
153.0,366.0,0.375,1
163.0,322.0,0.416667,1
119.0,188.0,0.458333,1
96.0,144.0,0.5,1
94.0,132.0,0.541667,1
86.0,117.0,0.583333,1
91.0,121.0,0.625,1
97.0,124.0,0.666667,1
125.0,188.0,0.708333,1
140.0,226.0,0.75,1
158.0,266.0,0.791667,1
159.0,269.0,0.833333,1
128.0,183.0,0.875,1
114.0,167.0,0.916667,1
100.0,138.0,0.958333,1
88.0,105.0,0.0,1
67.0,54.0,0.0416667,1
65.0,58.0,0.0833333,1
-200.0,-200.0,0.125,1
47.0,37.0,0.166667,1
57.0,84.0,0.208333,1
73.0,134.0,0.25,1
95.0,279.0,0.291667,1
110.0,333.0,0.333333,1
121.0,336.0,0.375,1
108.0,280.0,0.416667,1
125.0,275.0,0.458333,1
117.0,207.0,0.5,1
131.0,305.0,0.541667,1
126.0,236.0,0.583333,1
114.0,183.0,0.625,1
123.0,162.0,0.666667,1
116.0,157.0,0.708333,1
107.0,136.0,0.75,1
123.0,166.0,0.791667,1
112.0,136.0,0.833333,1
101.0,112.0,0.875,1
91.0,87.0,0.916667,1
88.0,86.0,0.958333,1
96.0,98.0,0.0,1
75.0,62.0,0.0416667,1
47.0,32.0,0.0833333,1
-200.0,-200.0,0.125,1
25.0,21.0,0.166667,1
49.0,41.0,0.208333,1
85.0,86.0,0.25,1
106.0,174.0,0.291667,1
136.0,264.0,0.333333,1
119.0,211.0,0.375,1
122.0,208.0,0.416667,1
90.0,139.0,0.458333,1
97.0,138.0,0.5,1
98.0,142.0,0.541667,1
93.0,131.0,0.583333,1
98.0,132.0,0.625,1
123.0,178.0,0.666667,1
148.0,228.0,0.708333,1
148.0,232.0,0.75,1
133.0,204.0,0.791667,1
141.0,250.0,0.833333,1
131.0,208.0,0.875,1
121.0,158.0,0.916667,1
123.0,197.0,0.958333,1
107.0,152.0,0.0,1
104.0,112.0,0.0416667,1
91.0,75.0,0.0833333,1
-200.0,-200.0,0.125,1
87.0,74.0,0.166667,1
102.0,116.0,0.208333,1
95.0,118.0,0.25,1
140.0,272.0,0.291667,1
-200.0,-200.0,0.333333,1
138.0,258.0,0.375,1
113.0,186.0,0.416667,1
101.0,130.0,0.458333,1
97.0,134.0,0.5,1
114.0,148.0,0.541667,1
110.0,147.0,0.583333,1
103.0,123.0,0.625,1
119.0,138.0,0.666667,1
126.0,162.0,0.708333,1
144.0,214.0,0.75,1
164.0,230.0,0.791667,1
148.0,191.0,0.833333,1
119.0,128.0,0.875,1
111.0,138.0,0.916667,1
115.0,126.0,0.958333,1
103.0,107.0,0.0,1
81.0,67.0,0.0416667,1
71.0,55.0,0.0833333,1
-200.0,-200.0,0.125,1
58.0,48.0,0.166667,1
44.0,33.0,0.208333,1
49.0,41.0,0.25,1
68.0,106.0,0.291667,1
108.0,208.0,0.333333,1
117.0,193.0,0.375,1
127.0,191.0,0.416667,1
93.0,113.0,0.458333,1
94.0,111.0,0.5,1
87.0,106.0,0.541667,1
75.0,82.0,0.583333,1
81.0,79.0,0.625,1
86.0,90.0,0.666667,1
97.0,104.0,0.708333,1
117.0,148.0,0.75,1
120.0,158.0,0.791667,1
149.0,234.0,0.833333,1
124.0,163.0,0.875,1
97.0,95.0,0.916667,1
112.0,146.0,0.958333,1
95.0,102.0,0.0,1
88.0,90.0,0.0416667,1
54.0,41.0,0.0833333,1
-200.0,-200.0,0.125,1
43.0,30.0,0.166667,1
45.0,32.0,0.208333,1
47.0,34.0,0.25,1
58.0,57.0,0.291667,1
69.0,73.0,0.333333,1
89.0,119.0,0.375,1
105.0,138.0,0.416667,1
92.0,96.0,0.458333,1
82.0,80.0,0.5,1
56.0,45.0,0.541667,1
60.0,45.0,0.583333,1
64.0,54.0,0.625,1
85.0,66.0,0.666667,1
107.0,95.0,0.708333,1
106.0,99.0,0.75,1
125.0,147.0,0.791667,1
118.0,129.0,0.833333,1
95.0,96.0,0.875,1
97.0,92.0,0.916667,1
93.0,88.0,0.958333,1
85.0,89.0,0.0,1
67.0,52.0,0.0416667,1
37.0,25.0,0.0833333,1
-200.0,-200.0,0.125,1
40.0,28.0,0.166667,1
75.0,65.0,0.208333,1
102.0,132.0,0.25,1
113.0,216.0,0.291667,1
142.0,180.0,0.333333,1
90.0,140.0,0.375,1
94.0,141.0,0.416667,1
92.0,123.0,0.458333,1
97.0,129.0,0.5,1
88.0,115.0,0.541667,1
86.0,104.0,0.583333,1
99.0,129.0,0.625,1
95.0,138.0,0.666667,1
105.0,135.0,0.708333,1
121.0,163.0,0.75,1
125.0,180.0,0.791667,1
122.0,170.0,0.833333,1
81.0,72.0,0.875,1
73.0,69.0,0.916667,1
80.0,79.0,0.958333,1
65.0,53.0,0.0,1
59.0,36.0,0.0416667,1
50.0,30.0,0.0833333,1
-200.0,-200.0,0.125,1
23.0,15.0,0.166667,1
37.0,38.0,0.208333,1
54.0,68.0,0.25,1
94.0,192.0,0.291667,1
139.0,346.0,0.333333,1
115.0,225.0,0.375,1
119.0,199.0,0.416667,1
103.0,140.0,0.458333,1
123.0,162.0,0.5,1
126.0,173.0,0.541667,1
106.0,121.0,0.583333,1
127.0,133.0,0.625,1
105.0,96.0,0.666667,1
130.0,141.0,0.708333,1
160.0,221.0,0.75,1
162.0,232.0,0.791667,1
135.0,174.0,0.833333,1
122.0,138.0,0.875,1
75.0,65.0,0.916667,1
96.0,107.0,0.958333,1
84.0,70.0,0.0,1
68.0,44.0,0.0416667,1
65.0,41.0,0.0833333,1
-200.0,-200.0,0.125,1
52.0,33.0,0.166667,1
46.0,32.0,0.208333,1
54.0,46.0,0.25,1
94.0,173.0,0.291667,1
155.0,320.0,0.333333,1
165.0,294.0,0.375,1
134.0,182.0,0.416667,1
122.0,154.0,0.458333,1
113.0,118.0,0.5,1
115.0,116.0,0.541667,1
118.0,121.0,0.583333,1
125.0,116.0,0.625,1
135.0,144.0,0.666667,1
149.0,176.0,0.708333,1
162.0,214.0,0.75,1
151.0,191.0,0.791667,1
154.0,205.0,0.833333,1
118.0,110.0,0.875,1
103.0,95.0,0.916667,1
122.0,126.0,0.958333,1
102.0,90.0,0.0,1
73.0,48.0,0.0416667,1
59.0,38.0,0.0833333,1
-200.0,-200.0,0.125,1
26.0,14.0,0.166667,1
35.0,26.0,0.208333,1
68.0,83.0,0.25,1
97.0,188.0,0.291667,1
146.0,253.0,0.333333,1
83.0,149.0,0.375,1
117.0,155.0,0.416667,1
117.0,146.0,0.458333,1
108.0,121.0,0.5,1
107.0,111.0,0.541667,1
120.0,116.0,0.583333,1
150.0,167.0,0.625,1
138.0,145.0,0.666667,1
148.0,192.0,0.708333,1
168.0,231.0,0.75,1
172.0,248.0,0.791667,1
179.0,267.0,0.833333,1
143.0,181.0,0.875,1
137.0,163.0,0.916667,1
117.0,141.0,0.958333,1
93.0,78.0,0.0,1
64.0,42.0,0.0416667,1
58.0,35.0,0.0833333,1
-200.0,-200.0,0.125,1
47.0,33.0,0.166667,1
47.0,38.0,0.208333,1
62.0,65.0,0.25,1
113.0,296.0,0.291667,1
126.0,303.0,0.333333,1
139.0,244.0,0.375,1
148.0,216.0,0.416667,1
117.0,137.0,0.458333,1
106.0,120.0,0.5,1
98.0,100.0,0.541667,1
98.0,103.0,0.583333,1
110.0,123.0,0.625,1
114.0,136.0,0.666667,1
122.0,158.0,0.708333,1
155.0,216.0,0.75,1
145.0,211.0,0.791667,1
146.0,202.0,0.833333,1
130.0,147.0,0.875,1
126.0,160.0,0.916667,1
127.0,162.0,0.958333,1
126.0,194.0,0.0,1
124.0,167.0,0.0416667,1
93.0,91.0,0.0833333,1
-200.0,-200.0,0.125,1
58.0,42.0,0.166667,1
59.0,50.0,0.208333,1
66.0,61.0,0.25,1
80.0,107.0,0.291667,1
94.0,139.0,0.333333,1
102.0,165.0,0.375,1
96.0,139.0,0.416667,1
91.0,113.0,0.458333,1
104.0,138.0,0.5,1
84.0,104.0,0.541667,1
76.0,78.0,0.583333,1
87.0,97.0,0.625,1
101.0,115.0,0.666667,1
115.0,152.0,0.708333,1
110.0,157.0,0.75,1
103.0,132.0,0.791667,1
90.0,98.0,0.833333,1
68.0,65.0,0.875,1
85.0,101.0,0.916667,1
100.0,134.0,0.958333,1
114.0,177.0,0.0,1
108.0,179.0,0.0416667,1
78.0,105.0,0.0833333,1
-200.0,-200.0,0.125,1
55.0,49.0,0.166667,1
37.0,27.0,0.208333,1
53.0,41.0,0.25,1
79.0,78.0,0.291667,1
65.0,68.0,0.333333,1
64.0,64.0,0.375,1
66.0,67.0,0.416667,1
53.0,54.0,0.458333,1
69.0,67.0,0.5,1
57.0,51.0,0.541667,1
36.0,28.0,0.583333,1
57.0,51.0,0.625,1
73.0,77.0,0.666667,1
81.0,93.0,0.708333,1
91.0,94.0,0.75,1
65.0,69.0,0.791667,1
56.0,57.0,0.833333,1
69.0,74.0,0.875,1
73.0,75.0,0.916667,1
76.0,73.0,0.958333,1
67.0,56.0,0.0,1
44.0,31.0,0.0416667,1
21.0,13.0,0.0833333,1
-200.0,-200.0,0.125,1
19.0,14.0,0.166667,1
29.0,23.0,0.208333,1
69.0,72.0,0.25,1
111.0,165.0,0.291667,1
81.0,118.0,0.333333,1
56.0,85.0,0.375,1
90.0,116.0,0.416667,1
85.0,112.0,0.458333,1
83.0,100.0,0.5,1
85.0,109.0,0.541667,1
85.0,111.0,0.583333,1
81.0,109.0,0.625,1
92.0,114.0,0.666667,1
108.0,139.0,0.708333,1
106.0,157.0,0.75,1
114.0,147.0,0.791667,1
96.0,102.0,0.833333,1
77.0,73.0,0.875,1
73.0,65.0,0.916667,1
86.0,76.0,0.958333,1
84.0,65.0,0.0,1
56.0,41.0,0.0416667,1
31.0,17.0,0.0833333,1
-200.0,-200.0,0.125,1
30.0,19.0,0.166667,1
51.0,45.0,0.208333,1
45.0,40.0,0.25,1
82.0,101.0,0.291667,1
100.0,183.0,0.333333,1
91.0,149.0,0.375,1
130.0,207.0,0.416667,1
155.0,289.0,0.458333,1
114.0,159.0,0.5,1
127.0,162.0,0.541667,1
138.0,173.0,0.583333,1
-200.0,-200.0,0.625,1
-200.0,-200.0,0.666667,1
-200.0,-200.0,0.708333,1
-200.0,-200.0,0.75,1
-200.0,-200.0,0.791667,0
-200.0,-200.0,0.833333,0
-200.0,-200.0,0.875,0
-200.0,-200.0,0.916667,0
-200.0,-200.0,0.958333,0
-200.0,-200.0,0.0,0
-200.0,-200.0,0.0416667,0
-200.0,-200.0,0.0833333,0
-200.0,-200.0,0.125,0
-200.0,-200.0,0.166667,0
-200.0,-200.0,0.208333,0
-200.0,-200.0,0.25,0
-200.0,-200.0,0.291667,0
-200.0,-200.0,0.333333,0
-200.0,-200.0,0.375,1
136.0,188.0,0.416667,1
135.0,159.0,0.458333,1
115.0,146.0,0.5,1
112.0,127.0,0.541667,1
112.0,128.0,0.583333,1
109.0,120.0,0.625,1
112.0,115.0,0.666667,1
-200.0,-200.0,0.708333,1
-200.0,-200.0,0.75,1
-200.0,-200.0,0.791667,1
-200.0,-200.0,0.833333,1
-200.0,-200.0,0.875,1
-200.0,-200.0,0.916667,1
-200.0,-200.0,0.958333,1
-200.0,-200.0,0.0,1
-200.0,-200.0,0.0416667,1
-200.0,-200.0,0.0833333,1
-200.0,-200.0,0.125,1
-200.0,-200.0,0.166667,1
-200.0,-200.0,0.208333,1
-200.0,-200.0,0.25,1
-200.0,-200.0,0.291667,1
-200.0,-200.0,0.333333,1
-200.0,-200.0,0.375,1
-200.0,-200.0,0.416667,1
-200.0,-200.0,0.458333,1
-200.0,-200.0,0.5,1
-200.0,-200.0,0.541667,1
-200.0,-200.0,0.583333,1
-200.0,-200.0,0.625,1
-200.0,-200.0,0.666667,1
-200.0,-200.0,0.708333,1
-200.0,-200.0,0.75,1
-200.0,-200.0,0.791667,1
-200.0,-200.0,0.833333,1
-200.0,-200.0,0.875,1
-200.0,-200.0,0.916667,1
-200.0,-200.0,0.958333,1
-200.0,-200.0,0.0,1
-200.0,-200.0,0.0416667,1
-200.0,-200.0,0.0833333,1
-200.0,-200.0,0.125,1
-200.0,-200.0,0.166667,1
-200.0,-200.0,0.208333,1
-200.0,-200.0,0.25,1
-200.0,-200.0,0.291667,1
-200.0,-200.0,0.333333,1
-200.0,-200.0,0.375,1
-200.0,-200.0,0.416667,1
-200.0,-200.0,0.458333,1
-200.0,-200.0,0.5,1
-200.0,-200.0,0.541667,1
-200.0,-200.0,0.583333,1
115.0,133.0,0.625,1
117.0,131.0,0.666667,1
105.0,133.0,0.708333,1
114.0,141.0,0.75,1
103.0,112.0,0.791667,1
119.0,147.0,0.833333,1
102.0,104.0,0.875,1
96.0,97.0,0.916667,1
109.0,128.0,0.958333,1
119.0,138.0,0.0,1
103.0,93.0,0.0416667,1
84.0,71.0,0.0833333,1
-200.0,-200.0,0.125,1
59.0,44.0,0.166667,1
29.0,18.0,0.208333,1
45.0,41.0,0.25,1
80.0,84.0,0.291667,1
77.0,77.0,0.333333,1
68.0,73.0,0.375,1
66.0,72.0,0.416667,1
70.0,77.0,0.458333,1
74.0,82.0,0.5,1
64.0,67.0,0.541667,1
60.0,59.0,0.583333,1
63.0,61.0,0.625,1
75.0,76.0,0.666667,1
79.0,73.0,0.708333,1
83.0,87.0,0.75,1
93.0,98.0,0.791667,1
112.0,123.0,0.833333,1
103.0,102.0,0.875,1
93.0,102.0,0.916667,1
112.0,142.0,0.958333,1
125.0,148.0,0.0,1
107.0,107.0,0.0416667,1
76.0,61.0,0.0833333,1
-200.0,-200.0,0.125,1
55.0,43.0,0.166667,1
37.0,25.0,0.208333,1
45.0,32.0,0.25,1
61.0,48.0,0.291667,1
67.0,60.0,0.333333,1
60.0,52.0,0.375,1
64.0,58.0,0.416667,1
64.0,54.0,0.458333,1
59.0,52.0,0.5,1
41.0,34.0,0.541667,1
46.0,41.0,0.583333,1
46.0,41.0,0.625,1
77.0,65.0,0.666667,1
83.0,65.0,0.708333,1
90.0,84.0,0.75,1
95.0,89.0,0.791667,1
113.0,114.0,0.833333,1
128.0,127.0,0.875,1
117.0,117.0,0.916667,1
64.0,46.0,0.958333,1
28.0,16.0,0.0,1
46.0,27.0,0.0416667,1
8.0,4.0,0.0833333,1
-200.0,-200.0,0.125,1
32.0,19.0,0.166667,1
57.0,48.0,0.208333,1
60.0,82.0,0.25,1
83.0,167.0,0.291667,1
129.0,248.0,0.333333,1
137.0,213.0,0.375,1
121.0,161.0,0.416667,1
123.0,144.0,0.458333,1
120.0,127.0,0.5,1
119.0,116.0,0.541667,1
121.0,124.0,0.583333,1
111.0,115.0,0.625,1
128.0,150.0,0.666667,1
159.0,221.0,0.708333,1
161.0,227.0,0.75,1
116.0,156.0,0.791667,1
96.0,97.0,0.833333,1
69.0,78.0,0.875,1
58.0,60.0,0.916667,1
59.0,61.0,0.958333,1
45.0,46.0,0.0,1
23.0,17.0,0.0416667,1
26.0,18.0,0.0833333,1
-200.0,-200.0,0.125,1
24.0,16.0,0.166667,1
41.0,39.0,0.208333,1
65.0,107.0,0.25,1
94.0,190.0,0.291667,1
100.0,236.0,0.333333,1
103.0,227.0,0.375,1
89.0,211.0,0.416667,1
86.0,201.0,0.458333,1
89.0,191.0,0.5,1
88.0,192.0,0.541667,1
73.0,143.0,0.583333,1
78.0,148.0,0.625,1
95.0,183.0,0.666667,1
109.0,216.0,0.708333,1
95.0,184.0,0.75,1
101.0,248.0,0.791667,1
88.0,221.0,0.833333,1
77.0,159.0,0.875,1
75.0,136.0,0.916667,1
81.0,168.0,0.958333,1
57.0,95.0,0.0,1
49.0,70.0,0.0416667,1
38.0,43.0,0.0833333,1
-200.0,-200.0,0.125,1
31.0,30.0,0.166667,1
23.0,22.0,0.208333,1
22.0,25.0,0.25,1
33.0,48.0,0.291667,1
43.0,73.0,0.333333,1
53.0,95.0,0.375,1
54.0,86.0,0.416667,1
62.0,102.0,0.458333,1
53.0,80.0,0.5,1
34.0,36.0,0.541667,1
30.0,32.0,0.583333,1
37.0,46.0,0.625,1
47.0,61.0,0.666667,1
44.0,59.0,0.708333,1
53.0,76.0,0.75,1
88.0,145.0,0.791667,1
95.0,140.0,0.833333,1
82.0,102.0,0.875,1
59.0,89.0,0.916667,1
43.0,62.0,0.958333,1
51.0,69.0,0.0,1
49.0,63.0,0.0416667,1
36.0,31.0,0.0833333,1
-200.0,-200.0,0.125,1
24.0,17.0,0.166667,1
58.0,61.0,0.208333,1
73.0,184.0,0.25,1
74.0,248.0,0.291667,1
97.0,220.0,0.333333,1
108.0,243.0,0.375,1
93.0,164.0,0.416667,1
-200.0,-200.0,0.458333,1
-200.0,-200.0,0.5,1
-200.0,-200.0,0.541667,1
-200.0,-200.0,0.583333,1
-200.0,-200.0,0.625,1
-200.0,-200.0,0.666667,1
-200.0,-200.0,0.708333,1
-200.0,-200.0,0.75,1
-200.0,-200.0,0.791667,1
-200.0,-200.0,0.833333,1
-200.0,-200.0,0.875,1
-200.0,-200.0,0.916667,1
-200.0,-200.0,0.958333,1
-200.0,-200.0,0.0,1
-200.0,-200.0,0.0416667,1
-200.0,-200.0,0.0833333,1
-200.0,-200.0,0.125,1
-200.0,-200.0,0.166667,1
-200.0,-200.0,0.208333,1
-200.0,-200.0,0.25,1
-200.0,-200.0,0.291667,1
-200.0,-200.0,0.333333,1
-200.0,-200.0,0.375,1
-200.0,-200.0,0.416667,1
-200.0,-200.0,0.458333,1
-200.0,-200.0,0.5,1
-200.0,-200.0,0.541667,1
-200.0,-200.0,0.583333,1
-200.0,-200.0,0.625,1
-200.0,-200.0,0.666667,1
-200.0,-200.0,0.708333,1
-200.0,-200.0,0.75,1
-200.0,-200.0,0.791667,1
-200.0,-200.0,0.833333,1
-200.0,-200.0,0.875,1
-200.0,-200.0,0.916667,1
-200.0,-200.0,0.958333,1
-200.0,-200.0,0.0,1
-200.0,-200.0,0.0416667,1
-200.0,-200.0,0.0833333,1
-200.0,-200.0,0.125,1
63.0,37.0,0.166667,1
71.0,57.0,0.208333,1
91.0,131.0,0.25,1
95.0,171.0,0.291667,1
96.0,187.0,0.333333,1
81.0,133.0,0.375,1
68.0,87.0,0.416667,1
57.0,61.0,0.458333,1
68.0,86.0,0.5,1
72.0,83.0,0.541667,1
62.0,61.0,0.583333,1
75.0,80.0,0.625,1
92.0,110.0,0.666667,1
89.0,108.0,0.708333,1
105.0,134.0,0.75,1
111.0,133.0,0.791667,1
102.0,118.0,0.833333,1
30.0,17.0,0.875,1
43.0,26.0,0.916667,1
67.0,55.0,0.958333,1
58.0,39.0,0.0,1
24.0,15.0,0.0416667,1
58.0,47.0,0.0833333,1
-200.0,-200.0,0.125,1
62.0,49.0,0.166667,1
34.0,21.0,0.208333,1
46.0,33.0,0.25,1
62.0,63.0,0.291667,1
70.0,73.0,0.333333,1
54.0,51.0,0.375,1
61.0,61.0,0.416667,1
53.0,52.0,0.458333,1
49.0,49.0,0.5,1
48.0,40.0,0.541667,1
45.0,36.0,0.583333,1
60.0,51.0,0.625,1
59.0,56.0,0.666667,1
67.0,71.0,0.708333,1
72.0,79.0,0.75,1
88.0,117.0,0.791667,1
94.0,127.0,0.833333,1
89.0,118.0,0.875,1
96.0,130.0,0.916667,1
98.0,131.0,0.958333,1
95.0,102.0,0.0,1
64.0,48.0,0.0416667,1
38.0,22.0,0.0833333,1
-200.0,-200.0,0.125,1
34.0,22.0,0.166667,1
40.0,44.0,0.208333,1
76.0,167.0,0.25,1
90.0,220.0,0.291667,1
118.0,285.0,0.333333,1
118.0,272.0,0.375,1
122.0,238.0,0.416667,1
120.0,207.0,0.458333,1
132.0,152.0,0.5,1
115.0,185.0,0.541667,1
127.0,184.0,0.583333,1
126.0,205.0,0.625,1
113.0,172.0,0.666667,1
124.0,227.0,0.708333,1
108.0,187.0,0.75,1
142.0,290.0,0.791667,1
125.0,155.0,0.833333,1
116.0,108.0,0.875,1
101.0,94.0,0.916667,1
101.0,103.0,0.958333,1
92.0,78.0,0.0,1
55.0,38.0,0.0416667,1
42.0,26.0,0.0833333,1
-200.0,-200.0,0.125,1
30.0,19.0,0.166667,1
40.0,35.0,0.208333,1
69.0,126.0,0.25,1
100.0,309.0,0.291667,1
125.0,376.0,0.333333,1
174.0,441.0,0.375,1
171.0,309.0,0.416667,1
149.0,220.0,0.458333,1
124.0,168.0,0.5,1
119.0,149.0,0.541667,1
130.0,160.0,0.583333,1
143.0,177.0,0.625,1
-200.0,-200.0,0.666667,1
183.0,176.0,0.708333,1
161.0,202.0,0.75,1
170.0,255.0,0.791667,1
143.0,210.0,0.833333,1
123.0,157.0,0.875,1
89.0,96.0,0.916667,1
67.0,59.0,0.958333,1
81.0,81.0,0.0,1
54.0,40.0,0.0416667,1
57.0,42.0,0.0833333,1
-200.0,-200.0,0.125,1
51.0,31.0,0.166667,1
58.0,54.0,0.208333,1
69.0,88.0,0.25,1
107.0,261.0,0.291667,1
151.0,357.0,0.333333,1
146.0,265.0,0.375,1
165.0,247.0,0.416667,1
159.0,189.0,0.458333,1
174.0,168.0,0.5,1
167.0,183.0,0.541667,1
137.0,157.0,0.583333,1
116.0,113.0,0.625,1
125.0,140.0,0.666667,1
194.0,230.0,0.708333,1
222.0,277.0,0.75,1
206.0,295.0,0.791667,1
162.0,212.0,0.833333,1
132.0,151.0,0.875,1
107.0,110.0,0.916667,1
84.0,83.0,0.958333,1
61.0,48.0,0.0,1
42.0,27.0,0.0416667,1
66.0,48.0,0.0833333,1
-200.0,-200.0,0.125,1
50.0,33.0,0.166667,1
76.0,75.0,0.208333,1
78.0,101.0,0.25,1
104.0,214.0,0.291667,1
139.0,290.0,0.333333,1
166.0,311.0,0.375,1
151.0,234.0,0.416667,1
134.0,157.0,0.458333,1
148.0,165.0,0.5,1
126.0,137.0,0.541667,1
144.0,149.0,0.583333,1
133.0,140.0,0.625,1
139.0,139.0,0.666667,1
178.0,221.0,0.708333,1
206.0,318.0,0.75,1
211.0,363.0,0.791667,1
180.0,341.0,0.833333,1
116.0,163.0,0.875,1
118.0,157.0,0.916667,1
115.0,202.0,0.958333,1
96.0,102.0,0.0,1
86.0,70.0,0.0416667,1
65.0,41.0,0.0833333,1
-200.0,-200.0,0.125,1
53.0,36.0,0.166667,1
74.0,68.0,0.208333,1
69.0,92.0,0.25,1
131.0,332.0,0.291667,1
134.0,333.0,0.333333,1
148.0,298.0,0.375,1
-200.0,-200.0,0.416667,1
-200.0,146.0,0.458333,1
111.0,120.0,0.5,1
110.0,108.0,0.541667,1
110.0,109.0,0.583333,1
116.0,124.0,0.625,1
120.0,127.0,0.666667,1
142.0,185.0,0.708333,1
146.0,230.0,0.75,1
153.0,265.0,0.791667,1
158.0,261.0,0.833333,1
140.0,219.0,0.875,1
127.0,180.0,0.916667,1
97.0,108.0,0.958333,1
91.0,98.0,0.0,1
68.0,57.0,0.0416667,1
52.0,36.0,0.0833333,1
-200.0,-200.0,0.125,1
58.0,45.0,0.166667,1
78.0,87.0,0.208333,1
61.0,62.0,0.25,1
64.0,65.0,0.291667,1
81.0,125.0,0.333333,1
92.0,157.0,0.375,1
101.0,171.0,0.416667,1
96.0,119.0,0.458333,1
101.0,110.0,0.5,1
91.0,95.0,0.541667,1
68.0,58.0,0.583333,1
76.0,69.0,0.625,1
84.0,76.0,0.666667,1
76.0,63.0,0.708333,1
61.0,51.0,0.75,1
52.0,46.0,0.791667,1
59.0,52.0,0.833333,1
89.0,84.0,0.875,1
113.0,130.0,0.916667,1
112.0,147.0,0.958333,1
89.0,126.0,0.0,1
53.0,47.0,0.0416667,1
36.0,24.0,0.0833333,1
-200.0,-200.0,0.125,1
39.0,25.0,0.166667,1
33.0,21.0,0.208333,1
37.0,25.0,0.25,1
36.0,25.0,0.291667,1
42.0,30.0,0.333333,1
52.0,42.0,0.375,1
60.0,52.0,0.416667,1
74.0,62.0,0.458333,1
65.0,67.0,0.5,1
52.0,47.0,0.541667,1
40.0,35.0,0.583333,1
49.0,45.0,0.625,1
56.0,53.0,0.666667,1
59.0,57.0,0.708333,1
68.0,71.0,0.75,1
72.0,67.0,0.791667,1
78.0,75.0,0.833333,1
71.0,65.0,0.875,1
54.0,45.0,0.916667,1
57.0,46.0,0.958333,1
45.0,33.0,0.0,1
30.0,19.0,0.0416667,1
16.0,9.0,0.0833333,1
-200.0,-200.0,0.125,1
18.0,12.0,0.166667,1
28.0,21.0,0.208333,1
62.0,66.0,0.25,1
92.0,137.0,0.291667,1
96.0,151.0,0.333333,1
87.0,115.0,0.375,1
84.0,118.0,0.416667,1
73.0,95.0,0.458333,1
72.0,86.0,0.5,1
68.0,85.0,0.541667,1
62.0,66.0,0.583333,1
70.0,74.0,0.625,1
83.0,108.0,0.666667,1
92.0,150.0,0.708333,1
103.0,157.0,0.75,1
82.0,93.0,0.791667,1
74.0,76.0,0.833333,1
67.0,57.0,0.875,1
74.0,64.0,0.916667,1
72.0,59.0,0.958333,1
79.0,68.0,0.0,1
43.0,31.0,0.0416667,1
33.0,21.0,0.0833333,1
-200.0,-200.0,0.125,1
38.0,24.0,0.166667,1
51.0,38.0,0.208333,1
69.0,92.0,0.25,1
116.0,311.0,0.291667,1
119.0,260.0,0.333333,1
96.0,181.0,0.375,1
109.0,177.0,0.416667,1
115.0,180.0,0.458333,1
118.0,174.0,0.5,1
118.0,140.0,0.541667,1
112.0,122.0,0.583333,1
140.0,189.0,0.625,1
137.0,169.0,0.666667,1
143.0,172.0,0.708333,1
148.0,154.0,0.75,1
158.0,192.0,0.791667,1
127.0,160.0,0.833333,1
109.0,110.0,0.875,1
101.0,97.0,0.916667,1
114.0,124.0,0.958333,1
104.0,108.0,0.0,1
81.0,61.0,0.0416667,1
51.0,34.0,0.0833333,1
-200.0,-200.0,0.125,1
40.0,24.0,0.166667,1
34.0,27.0,0.208333,1
61.0,70.0,0.25,1
95.0,176.0,0.291667,1
142.0,310.0,0.333333,1
128.0,221.0,0.375,1
115.0,168.0,0.416667,1
84.0,109.0,0.458333,1
85.0,102.0,0.5,1
110.0,129.0,0.541667,1
107.0,117.0,0.583333,1
107.0,112.0,0.625,1
113.0,122.0,0.666667,1
107.0,114.0,0.708333,1
106.0,111.0,0.75,1
125.0,158.0,0.791667,1
139.0,202.0,0.833333,1
117.0,166.0,0.875,1
107.0,143.0,0.916667,1
98.0,122.0,0.958333,1
97.0,113.0,0.0,1
95.0,109.0,0.0416667,1
68.0,53.0,0.0833333,1
-200.0,-200.0,0.125,1
51.0,32.0,0.166667,1
44.0,35.0,0.208333,1
77.0,123.0,0.25,1
100.0,254.0,0.291667,1
125.0,300.0,0.333333,1
154.0,281.0,0.375,1
125.0,169.0,0.416667,1
117.0,152.0,0.458333,1
105.0,127.0,0.5,1
103.0,118.0,0.541667,1
106.0,120.0,0.583333,1
107.0,125.0,0.625,1
102.0,117.0,0.666667,1
124.0,166.0,0.708333,1
133.0,180.0,0.75,1
125.0,172.0,0.791667,1
124.0,160.0,0.833333,1
97.0,103.0,0.875,1
94.0,87.0,0.916667,1
120.0,147.0,0.958333,1
105.0,120.0,0.0,1
81.0,63.0,0.0416667,1
43.0,30.0,0.0833333,1
-200.0,-200.0,0.125,1
32.0,19.0,0.166667,1
36.0,27.0,0.208333,1
59.0,65.0,0.25,1
92.0,169.0,0.291667,1
121.0,244.0,0.333333,1
151.0,274.0,0.375,1
142.0,202.0,0.416667,1
141.0,186.0,0.458333,1
129.0,153.0,0.5,1
106.0,112.0,0.541667,1
125.0,117.0,0.583333,1
126.0,109.0,0.625,1
147.0,133.0,0.666667,1
180.0,185.0,0.708333,1
164.0,167.0,0.75,1
180.0,218.0,0.791667,1
153.0,171.0,0.833333,1
105.0,78.0,0.875,1
98.0,84.0,0.916667,1
107.0,110.0,0.958333,1
87.0,87.0,0.0,1
80.0,58.0,0.0416667,1
62.0,39.0,0.0833333,1
-200.0,-200.0,0.125,1
54.0,38.0,0.166667,1
56.0,41.0,0.208333,1
62.0,47.0,0.25,1
72.0,72.0,0.291667,1
86.0,100.0,0.333333,1
99.0,104.0,0.375,1
98.0,109.0,0.416667,1
102.0,103.0,0.458333,1
84.0,75.0,0.5,1
83.0,72.0,0.541667,1
68.0,56.0,0.583333,0
63.0,51.0,0.625,0
65.0,52.0,0.666667,0
63.0,46.0,0.708333,0
56.0,44.0,0.75,0
77.0,72.0,0.791667,0
91.0,88.0,0.833333,0
70.0,56.0,0.875,0
95.0,82.0,0.916667,0
113.0,125.0,0.958333,0
109.0,144.0,0.0,0
65.0,54.0,0.0416667,0
60.0,48.0,0.0833333,0
-200.0,-200.0,0.125,0
62.0,41.0,0.166667,0
60.0,40.0,0.208333,0
65.0,48.0,0.25,0
55.0,44.0,0.291667,0
66.0,59.0,0.333333,0
67.0,59.0,0.375,0
64.0,53.0,0.416667,0
59.0,42.0,0.458333,0
59.0,43.0,0.5,0
36.0,23.0,0.541667,0
35.0,22.0,0.583333,0
54.0,37.0,0.625,0
71.0,53.0,0.666667,0
86.0,68.0,0.708333,0
114.0,125.0,0.75,0
105.0,96.0,0.791667,0
87.0,75.0,0.833333,0
85.0,74.0,0.875,0
91.0,92.0,0.916667,0
108.0,136.0,0.958333,0
99.0,119.0,0.0,0
83.0,76.0,0.0416667,0
36.0,21.0,0.0833333,0
-200.0,-200.0,0.125,0
24.0,15.0,0.166667,1
43.0,52.0,0.208333,1
64.0,85.0,0.25,1
91.0,177.0,0.291667,1
109.0,232.0,0.333333,1
110.0,201.0,0.375,1
111.0,134.0,0.416667,1
106.0,104.0,0.458333,1
104.0,89.0,0.5,1
76.0,66.0,0.541667,1
84.0,85.0,0.583333,1
102.0,105.0,0.625,1
102.0,99.0,0.666667,1
124.0,132.0,0.708333,1
147.0,186.0,0.75,1
138.0,174.0,0.791667,1
126.0,149.0,0.833333,1
112.0,114.0,0.875,1
95.0,92.0,0.916667,1
80.0,75.0,0.958333,1
79.0,74.0,0.0,1
49.0,35.0,0.0416667,1
36.0,22.0,0.0833333,1
-200.0,-200.0,0.125,1
40.0,24.0,0.166667,1
37.0,30.0,0.208333,1
67.0,93.0,0.25,1
106.0,332.0,0.291667,1
134.0,387.0,0.333333,1
123.0,267.0,0.375,1
136.0,269.0,0.416667,1
109.0,193.0,0.458333,1
144.0,239.0,0.5,1
154.0,232.0,0.541667,1
126.0,152.0,0.583333,1
98.0,115.0,0.625,1
120.0,169.0,0.666667,1
145.0,226.0,0.708333,1
139.0,218.0,0.75,1
148.0,245.0,0.791667,1
139.0,236.0,0.833333,1
93.0,104.0,0.875,1
96.0,104.0,0.916667,1
104.0,144.0,0.958333,1
83.0,79.0,0.0,1
66.0,51.0,0.0416667,1
55.0,38.0,0.0833333,1
-200.0,-200.0,0.125,1
37.0,24.0,0.166667,1
40.0,30.0,0.208333,1
51.0,73.0,0.25,1
117.0,305.0,0.291667,1
110.0,295.0,0.333333,1
136.0,331.0,0.375,1
152.0,304.0,0.416667,1
119.0,210.0,0.458333,1
106.0,163.0,0.5,1
101.0,132.0,0.541667,1
110.0,126.0,0.583333,1
124.0,150.0,0.625,1
137.0,171.0,0.666667,1
159.0,234.0,0.708333,1
152.0,251.0,0.75,1
166.0,294.0,0.791667,1
163.0,300.0,0.833333,1
121.0,159.0,0.875,1
125.0,176.0,0.916667,1
120.0,192.0,0.958333,1
103.0,152.0,0.0,1
64.0,63.0,0.0416667,1
44.0,35.0,0.0833333,1
-200.0,-200.0,0.125,1
35.0,21.0,0.166667,1
46.0,41.0,0.208333,1
54.0,48.0,0.25,1
68.0,102.0,0.291667,1
77.0,111.0,0.333333,1
74.0,93.0,0.375,1
92.0,118.0,0.416667,1
83.0,93.0,0.458333,1
58.0,56.0,0.5,1
55.0,51.0,0.541667,1
61.0,52.0,0.583333,1
65.0,59.0,0.625,1
74.0,62.0,0.666667,1
89.0,85.0,0.708333,1
103.0,109.0,0.75,1
128.0,168.0,0.791667,1
122.0,166.0,0.833333,1
125.0,149.0,0.875,1
119.0,118.0,0.916667,1
126.0,160.0,0.958333,1
100.0,124.0,0.0,1
94.0,95.0,0.0416667,1
52.0,34.0,0.0833333,1
-200.0,-200.0,0.125,1
64.0,45.0,0.166667,1
46.0,35.0,0.208333,1
88.0,141.0,0.25,1
104.0,199.0,0.291667,1
125.0,224.0,0.333333,1
151.0,245.0,0.375,1
113.0,153.0,0.416667,1
102.0,145.0,0.458333,1
108.0,130.0,0.5,1
93.0,95.0,0.541667,1
89.0,88.0,0.583333,1
84.0,89.0,0.625,1
111.0,127.0,0.666667,1
115.0,149.0,0.708333,1
127.0,170.0,0.75,1
129.0,210.0,0.791667,1
140.0,230.0,0.833333,1
137.0,203.0,0.875,1
130.0,174.0,0.916667,1
121.0,164.0,0.958333,1
79.0,76.0,0.0,1
69.0,52.0,0.0416667,1
61.0,47.0,0.0833333,1
-200.0,-200.0,0.125,1
58.0,37.0,0.166667,1
58.0,41.0,0.208333,1
70.0,74.0,0.25,1
104.0,168.0,0.291667,1
109.0,176.0,0.333333,1
129.0,184.0,0.375,1
144.0,187.0,0.416667,1
101.0,118.0,0.458333,1
90.0,89.0,0.5,1
86.0,70.0,0.541667,1
69.0,51.0,0.583333,1
65.0,52.0,0.625,1
73.0,70.0,0.666667,1
73.0,80.0,0.708333,1
78.0,90.0,0.75,1
98.0,111.0,0.791667,1
99.0,107.0,0.833333,1
83.0,73.0,0.875,1
88.0,75.0,0.916667,1
117.0,144.0,0.958333,1
97.0,120.0,0.0,1
75.0,71.0,0.0416667,1
53.0,40.0,0.0833333,1
-200.0,-200.0,0.125,1
45.0,34.0,0.166667,1
42.0,27.0,0.208333,1
44.0,30.0,0.25,1
50.0,40.0,0.291667,1
60.0,56.0,0.333333,1
100.0,104.0,0.375,1
111.0,121.0,0.416667,1
110.0,100.0,0.458333,1
74.0,59.0,0.5,1
56.0,42.0,0.541667,1
50.0,38.0,0.583333,1
54.0,40.0,0.625,1
90.0,70.0,0.666667,1
109.0,95.0,0.708333,1
110.0,90.0,0.75,1
103.0,90.0,0.791667,1
120.0,111.0,0.833333,1
134.0,135.0,0.875,1
137.0,146.0,0.916667,1
99.0,100.0,0.958333,1
78.0,69.0,0.0,1
63.0,47.0,0.0416667,1
41.0,26.0,0.0833333,1
-200.0,-200.0,0.125,1
39.0,24.0,0.166667,1
60.0,55.0,0.208333,1
54.0,47.0,0.25,1
119.0,209.0,0.291667,1
159.0,348.0,0.333333,1
182.0,337.0,0.375,1
183.0,280.0,0.416667,1
144.0,169.0,0.458333,1
118.0,126.0,0.5,1
106.0,108.0,0.541667,1
97.0,93.0,0.583333,1
129.0,112.0,0.625,1
130.0,110.0,0.666667,1
163.0,188.0,0.708333,1
160.0,203.0,0.75,1
140.0,167.0,0.791667,1
115.0,116.0,0.833333,1
92.0,89.0,0.875,1
99.0,103.0,0.916667,1
96.0,100.0,0.958333,1
80.0,86.0,0.0,1
65.0,52.0,0.0416667,1
46.0,27.0,0.0833333,1
-200.0,-200.0,0.125,1
57.0,35.0,0.166667,1
54.0,42.0,0.208333,1
62.0,57.0,0.25,1
102.0,228.0,0.291667,1
140.0,350.0,0.333333,1
121.0,232.0,0.375,1
132.0,206.0,0.416667,1
122.0,159.0,0.458333,1
148.0,184.0,0.5,1
133.0,136.0,0.541667,1
130.0,124.0,0.583333,1
141.0,133.0,0.625,1
172.0,156.0,0.666667,1
198.0,200.0,0.708333,1
181.0,202.0,0.75,1
202.0,286.0,0.791667,1
120.0,141.0,0.833333,1
115.0,117.0,0.875,1
112.0,110.0,0.916667,1
97.0,100.0,0.958333,1
100.0,112.0,0.0,1
47.0,35.0,0.0416667,1
44.0,33.0,0.0833333,1
-200.0,-200.0,0.125,1
42.0,28.0,0.166667,1
57.0,49.0,0.208333,1
61.0,81.0,0.25,1
106.0,178.0,0.291667,1
136.0,223.0,0.333333,1
157.0,290.0,0.375,1
171.0,274.0,0.416667,1
190.0,278.0,0.458333,1
155.0,152.0,0.5,1
139.0,118.0,0.541667,1
152.0,141.0,0.583333,1
143.0,131.0,0.625,1
168.0,171.0,0.666667,1
226.0,287.0,0.708333,1
207.0,267.0,0.75,1
197.0,280.0,0.791667,1
158.0,224.0,0.833333,1
124.0,137.0,0.875,1
110.0,118.0,0.916667,1
112.0,128.0,0.958333,1
102.0,111.0,0.0,1
77.0,66.0,0.0416667,1
50.0,36.0,0.0833333,1
-200.0,-200.0,0.125,1
40.0,31.0,0.166667,1
66.0,75.0,0.208333,1
60.0,66.0,0.25,1
85.0,154.0,0.291667,1
120.0,239.0,0.333333,1
134.0,246.0,0.375,1
149.0,261.0,0.416667,1
125.0,179.0,0.458333,1
132.0,159.0,0.5,1
114.0,111.0,0.541667,1
110.0,101.0,0.583333,1
121.0,118.0,0.625,1
127.0,120.0,0.666667,1
157.0,177.0,0.708333,1
169.0,186.0,0.75,1
179.0,235.0,0.791667,1
149.0,195.0,0.833333,1
111.0,106.0,0.875,1
112.0,107.0,0.916667,1
120.0,134.0,0.958333,1
105.0,117.0,0.0,1
90.0,83.0,0.0416667,1
87.0,77.0,0.0833333,1
-200.0,-200.0,0.125,1
54.0,37.0,0.166667,1
61.0,50.0,0.208333,1
63.0,60.0,0.25,1
102.0,179.0,0.291667,1
149.0,300.0,0.333333,1
147.0,263.0,0.375,1
158.0,265.0,0.416667,1
112.0,164.0,0.458333,1
108.0,122.0,0.5,1
120.0,125.0,0.541667,1
117.0,125.0,0.583333,1
119.0,115.0,0.625,1
149.0,162.0,0.666667,1
174.0,149.0,0.708333,1
163.0,161.0,0.75,1
161.0,201.0,0.791667,1
154.0,209.0,0.833333,1
124.0,133.0,0.875,1
122.0,133.0,0.916667,1
119.0,134.0,0.958333,1
131.0,164.0,0.0,1
84.0,72.0,0.0416667,1
77.0,50.0,0.0833333,1
-200.0,-200.0,0.125,1
41.0,27.0,0.166667,1
68.0,74.0,0.208333,1
69.0,69.0,0.25,1
101.0,162.0,0.291667,1
120.0,208.0,0.333333,1
124.0,168.0,0.375,1
113.0,139.0,0.416667,1
97.0,104.0,0.458333,1
94.0,99.0,0.5,1
86.0,89.0,0.541667,1
70.0,57.0,0.583333,1
70.0,64.0,0.625,1
82.0,65.0,0.666667,1
93.0,79.0,0.708333,1
89.0,80.0,0.75,1
90.0,81.0,0.791667,1
67.0,59.0,0.833333,1
94.0,90.0,0.875,1
109.0,122.0,0.916667,1
103.0,120.0,0.958333,1
101.0,126.0,0.0,1
71.0,68.0,0.0416667,1
71.0,65.0,0.0833333,1
-200.0,-200.0,0.125,1
49.0,38.0,0.166667,1
43.0,31.0,0.208333,1
44.0,40.0,0.25,1
42.0,36.0,0.291667,1
69.0,64.0,0.333333,1
65.0,56.0,0.375,1
68.0,56.0,0.416667,1
58.0,43.0,0.458333,1
52.0,40.0,0.5,1
46.0,34.0,0.541667,1
40.0,28.0,0.583333,1
47.0,32.0,0.625,1
56.0,39.0,0.666667,1
64.0,52.0,0.708333,1
71.0,60.0,0.75,1
103.0,104.0,0.791667,1
97.0,102.0,0.833333,1
108.0,120.0,0.875,1
87.0,89.0,0.916667,1
104.0,121.0,0.958333,1
93.0,107.0,0.0,1
55.0,41.0,0.0416667,1
49.0,34.0,0.0833333,1
-200.0,-200.0,0.125,1
56.0,41.0,0.166667,1
43.0,38.0,0.208333,1
57.0,59.0,0.25,1
80.0,165.0,0.291667,1
134.0,287.0,0.333333,1
157.0,317.0,0.375,1
175.0,330.0,0.416667,1
147.0,204.0,0.458333,1
140.0,189.0,0.5,1
137.0,165.0,0.541667,1
123.0,139.0,0.583333,1
138.0,156.0,0.625,1
132.0,130.0,0.666667,1
174.0,173.0,0.708333,1
203.0,302.0,0.75,1
176.0,239.0,0.791667,1
125.0,139.0,0.833333,1
98.0,92.0,0.875,1
103.0,104.0,0.916667,1
104.0,108.0,0.958333,1
105.0,107.0,0.0,1
75.0,55.0,0.0416667,1
60.0,43.0,0.0833333,1
-200.0,-200.0,0.125,1
36.0,23.0,0.166667,1
66.0,65.0,0.208333,1
97.0,165.0,0.25,1
115.0,274.0,0.291667,1
145.0,369.0,0.333333,1
162.0,308.0,0.375,1
147.0,227.0,0.416667,1
132.0,178.0,0.458333,1
179.0,267.0,0.5,1
174.0,278.0,0.541667,1
132.0,165.0,0.583333,1
151.0,172.0,0.625,1
168.0,216.0,0.666667,1
192.0,306.0,0.708333,1
194.0,317.0,0.75,1
155.0,251.0,0.791667,1
159.0,230.0,0.833333,1
125.0,154.0,0.875,1
108.0,137.0,0.916667,1
110.0,133.0,0.958333,1
99.0,117.0,0.0,1
95.0,106.0,0.0416667,1
69.0,55.0,0.0833333,1
-200.0,-200.0,0.125,1
45.0,27.0,0.166667,1
53.0,46.0,0.208333,1
88.0,144.0,0.25,1
136.0,392.0,0.291667,1
141.0,358.0,0.333333,1
189.0,381.0,0.375,1
166.0,261.0,0.416667,1
154.0,207.0,0.458333,1
149.0,155.0,0.5,1
142.0,193.0,0.541667,1
130.0,195.0,0.583333,1
121.0,159.0,0.625,1
116.0,120.0,0.666667,1
177.0,228.0,0.708333,1
233.0,348.0,0.75,1
223.0,337.0,0.791667,1
184.0,282.0,0.833333,1
165.0,228.0,0.875,1
132.0,168.0,0.916667,1
122.0,173.0,0.958333,1
88.0,87.0,0.0,1
79.0,65.0,0.0416667,1
60.0,43.0,0.0833333,1
-200.0,-200.0,0.125,1
60.0,43.0,0.166667,1
74.0,66.0,0.208333,1
62.0,57.0,0.25,1
115.0,231.0,0.291667,1
119.0,219.0,0.333333,1
155.0,288.0,0.375,1
162.0,312.0,0.416667,1
189.0,361.0,0.458333,1
115.0,147.0,0.5,1
109.0,111.0,0.541667,1
108.0,98.0,0.583333,1
145.0,156.0,0.625,1
167.0,213.0,0.666667,1
200.0,250.0,0.708333,1
178.0,253.0,0.75,1
206.0,317.0,0.791667,1
192.0,309.0,0.833333,1
137.0,201.0,0.875,1
128.0,173.0,0.916667,1
121.0,156.0,0.958333,1
136.0,190.0,0.0,1
109.0,129.0,0.0416667,1
74.0,65.0,0.0833333,1
-200.0,-200.0,0.125,1
40.0,29.0,0.166667,1
61.0,58.0,0.208333,1
83.0,92.0,0.25,1
129.0,228.0,0.291667,1
-200.0,172.0,0.333333,1
115.0,154.0,0.375,1
130.0,166.0,0.416667,1
137.0,149.0,0.458333,1
116.0,111.0,0.5,1
129.0,145.0,0.541667,1
117.0,105.0,0.583333,1
138.0,113.0,0.625,1
139.0,115.0,0.666667,1
180.0,202.0,0.708333,1
162.0,180.0,0.75,1
158.0,190.0,0.791667,1
162.0,207.0,0.833333,1
112.0,113.0,0.875,1
104.0,98.0,0.916667,1
125.0,152.0,0.958333,1
127.0,161.0,0.0,1
95.0,91.0,0.0416667,1
70.0,57.0,0.0833333,1
-200.0,-200.0,0.125,1
33.0,22.0,0.166667,1
45.0,41.0,0.208333,1
56.0,53.0,0.25,1
74.0,92.0,0.291667,1
84.0,91.0,0.333333,1
93.0,89.0,0.375,1
97.0,81.0,0.416667,1
83.0,66.0,0.458333,1
71.0,53.0,0.5,1
78.0,61.0,0.541667,1
62.0,48.0,0.583333,1
54.0,39.0,0.625,1
59.0,41.0,0.666667,1
69.0,48.0,0.708333,1
67.0,50.0,0.75,1
58.0,51.0,0.791667,1
77.0,70.0,0.833333,1
94.0,89.0,0.875,1
97.0,100.0,0.916667,1
110.0,139.0,0.958333,1
116.0,176.0,0.0,1
74.0,71.0,0.0416667,1
51.0,37.0,0.0833333,1
-200.0,-200.0,0.125,1
40.0,30.0,0.166667,1
36.0,29.0,0.208333,1
35.0,25.0,0.25,1
48.0,40.0,0.291667,1
38.0,32.0,0.333333,1
54.0,43.0,0.375,1
57.0,44.0,0.416667,1
54.0,35.0,0.458333,1
46.0,32.0,0.5,1
36.0,21.0,0.541667,1
19.0,10.0,0.583333,1
34.0,22.0,0.625,1
63.0,46.0,0.666667,1
86.0,66.0,0.708333,1
65.0,49.0,0.75,1
101.0,86.0,0.791667,1
116.0,111.0,0.833333,1
124.0,143.0,0.875,1
136.0,184.0,0.916667,1
108.0,134.0,0.958333,1
82.0,78.0,0.0,1
68.0,50.0,0.0416667,1
22.0,13.0,0.0833333,1
-200.0,-200.0,0.125,1
34.0,24.0,0.166667,1
43.0,43.0,0.208333,1
84.0,146.0,0.25,1
108.0,333.0,0.291667,1
112.0,298.0,0.333333,1
104.0,178.0,0.375,1
107.0,177.0,0.416667,1
102.0,172.0,0.458333,1
104.0,183.0,0.5,1
96.0,164.0,0.541667,1
80.0,122.0,0.583333,1
72.0,105.0,0.625,1
106.0,144.0,0.666667,1
119.0,220.0,0.708333,1
119.0,207.0,0.75,1
128.0,210.0,0.791667,1
112.0,175.0,0.833333,1
95.0,117.0,0.875,1
85.0,93.0,0.916667,1
101.0,118.0,0.958333,1
94.0,132.0,0.0,1
76.0,88.0,0.0416667,1
50.0,43.0,0.0833333,1
-200.0,-200.0,0.125,1
51.0,44.0,0.166667,1
42.0,50.0,0.208333,1
62.0,101.0,0.25,1
111.0,339.0,0.291667,1
129.0,379.0,0.333333,1
135.0,321.0,0.375,1
139.0,272.0,0.416667,1
134.0,278.0,0.458333,1
141.0,253.0,0.5,1
112.0,187.0,0.541667,1
105.0,149.0,0.583333,1
72.0,89.0,0.625,1
90.0,124.0,0.666667,1
126.0,206.0,0.708333,1
154.0,241.0,0.75,1
173.0,303.0,0.791667,1
162.0,294.0,0.833333,1
128.0,203.0,0.875,1
120.0,176.0,0.916667,1
111.0,155.0,0.958333,1
89.0,108.0,0.0,1
69.0,72.0,0.0416667,1
70.0,65.0,0.0833333,1
-200.0,-200.0,0.125,1
59.0,39.0,0.166667,1
73.0,79.0,0.208333,1
89.0,140.0,0.25,1
142.0,427.0,0.291667,1
145.0,366.0,0.333333,1
156.0,311.0,0.375,1
148.0,275.0,0.416667,1
122.0,195.0,0.458333,1
106.0,144.0,0.5,1
106.0,162.0,0.541667,1
127.0,200.0,0.583333,1
113.0,176.0,0.625,1
136.0,203.0,0.666667,1
153.0,237.0,0.708333,1
172.0,263.0,0.75,1
190.0,300.0,0.791667,1
160.0,189.0,0.833333,1
159.0,185.0,0.875,1
123.0,134.0,0.916667,1
101.0,96.0,0.958333,1
116.0,122.0,0.0,1
80.0,64.0,0.0416667,1
51.0,30.0,0.0833333,1
-200.0,-200.0,0.125,1
37.0,23.0,0.166667,1
46.0,36.0,0.208333,1
64.0,58.0,0.25,1
108.0,168.0,0.291667,1
151.0,306.0,0.333333,1
153.0,231.0,0.375,1
116.0,157.0,0.416667,1
116.0,132.0,0.458333,1
130.0,136.0,0.5,1
131.0,127.0,0.541667,1
131.0,125.0,0.583333,1
135.0,138.0,0.625,1
152.0,163.0,0.666667,1
198.0,259.0,0.708333,1
183.0,236.0,0.75,1
175.0,245.0,0.791667,1
193.0,344.0,0.833333,1
140.0,188.0,0.875,1
128.0,149.0,0.916667,1
100.0,102.0,0.958333,1
97.0,99.0,0.0,1
67.0,48.0,0.0416667,1
58.0,36.0,0.0833333,1
-200.0,-200.0,0.125,1
45.0,30.0,0.166667,1
62.0,56.0,0.208333,1
59.0,51.0,0.25,1
102.0,172.0,0.291667,1
154.0,316.0,0.333333,1
157.0,269.0,0.375,1
138.0,196.0,0.416667,1
142.0,206.0,0.458333,1
125.0,156.0,0.5,1
120.0,120.0,0.541667,1
150.0,161.0,0.583333,1
120.0,114.0,0.625,1
173.0,191.0,0.666667,1
187.0,236.0,0.708333,1
206.0,287.0,0.75,1
187.0,266.0,0.791667,1
170.0,274.0,0.833333,1
149.0,196.0,0.875,1
124.0,144.0,0.916667,1
119.0,142.0,0.958333,1
108.0,124.0,0.0,1
93.0,93.0,0.0416667,1
77.0,71.0,0.0833333,1
-200.0,-200.0,0.125,1
76.0,56.0,0.166667,1
58.0,46.0,0.208333,1
63.0,51.0,0.25,1
75.0,83.0,0.291667,1
111.0,175.0,0.333333,1
116.0,148.0,0.375,1
138.0,167.0,0.416667,1
117.0,120.0,0.458333,1
94.0,78.0,0.5,1
91.0,76.0,0.541667,1
60.0,45.0,0.583333,1
66.0,54.0,0.625,1
87.0,70.0,0.666667,1
106.0,87.0,0.708333,1
94.0,69.0,0.75,1
112.0,95.0,0.791667,1
120.0,107.0,0.833333,1
106.0,88.0,0.875,1
112.0,100.0,0.916667,1
120.0,125.0,0.958333,1
114.0,132.0,0.0,1
70.0,57.0,0.0416667,1
64.0,46.0,0.0833333,1
-200.0,-200.0,0.125,1
55.0,34.0,0.166667,1
50.0,33.0,0.208333,1
62.0,50.0,0.25,1
53.0,39.0,0.291667,1
85.0,84.0,0.333333,1
102.0,93.0,0.375,1
97.0,82.0,0.416667,1
91.0,73.0,0.458333,1
62.0,43.0,0.5,1
57.0,39.0,0.541667,1
40.0,27.0,0.583333,1
60.0,46.0,0.625,1
70.0,53.0,0.666667,1
53.0,38.0,0.708333,1
54.0,39.0,0.75,1
58.0,49.0,0.791667,1
73.0,68.0,0.833333,1
99.0,102.0,0.875,1
102.0,123.0,0.916667,1
101.0,106.0,0.958333,1
77.0,66.0,0.0,1
55.0,43.0,0.0416667,1
51.0,33.0,0.0833333,1
-200.0,-200.0,0.125,1
50.0,33.0,0.166667,1
75.0,75.0,0.208333,1
89.0,111.0,0.25,1
112.0,250.0,0.291667,1
142.0,313.0,0.333333,1
145.0,263.0,0.375,1
165.0,282.0,0.416667,1
159.0,226.0,0.458333,1
159.0,176.0,0.5,1
131.0,120.0,0.541667,1
123.0,96.0,0.583333,1
129.0,115.0,0.625,1
126.0,108.0,0.666667,1
149.0,142.0,0.708333,1
200.0,219.0,0.75,1
174.0,193.0,0.791667,1
131.0,128.0,0.833333,1
135.0,127.0,0.875,1
134.0,132.0,0.916667,1
96.0,77.0,0.958333,1
94.0,72.0,0.0,1
79.0,57.0,0.0416667,1
79.0,56.0,0.0833333,1
-200.0,-200.0,0.125,1
89.0,64.0,0.166667,1
69.0,52.0,0.208333,1
91.0,122.0,0.25,1
135.0,314.0,0.291667,1
166.0,395.0,0.333333,1
189.0,357.0,0.375,1
193.0,308.0,0.416667,1
164.0,184.0,0.458333,1
139.0,128.0,0.5,1
130.0,125.0,0.541667,1
129.0,135.0,0.583333,1
132.0,158.0,0.625,1
101.0,106.0,0.666667,1
145.0,163.0,0.708333,1
133.0,143.0,0.75,1
110.0,96.0,0.791667,1
126.0,127.0,0.833333,1
102.0,95.0,0.875,1
104.0,104.0,0.916667,1
112.0,131.0,0.958333,1
89.0,92.0,0.0,1
67.0,53.0,0.0416667,1
63.0,45.0,0.0833333,1
-200.0,-200.0,0.125,1
34.0,19.0,0.166667,1
73.0,75.0,0.208333,1
76.0,84.0,0.25,1
102.0,160.0,0.291667,1
140.0,286.0,0.333333,1
150.0,212.0,0.375,1
194.0,279.0,0.416667,1
162.0,207.0,0.458333,1
138.0,140.0,0.5,1
123.0,110.0,0.541667,1
86.0,67.0,0.583333,1
107.0,98.0,0.625,1
106.0,97.0,0.666667,1
99.0,87.0,0.708333,1
140.0,124.0,0.75,1
163.0,165.0,0.791667,1
144.0,164.0,0.833333,1
120.0,122.0,0.875,1
120.0,134.0,0.916667,1
106.0,121.0,0.958333,1
95.0,112.0,0.0,1
70.0,62.0,0.0416667,1
67.0,50.0,0.0833333,1
-200.0,-200.0,0.125,1
70.0,72.0,0.166667,1
50.0,48.0,0.208333,1
60.0,58.0,0.25,1
127.0,306.0,0.291667,1
149.0,351.0,0.333333,1
158.0,252.0,0.375,1
190.0,266.0,0.416667,1
127.0,159.0,0.458333,1
130.0,144.0,0.5,1
125.0,117.0,0.541667,1
113.0,108.0,0.583333,1
143.0,153.0,0.625,1
157.0,166.0,0.666667,1
170.0,179.0,0.708333,1
187.0,225.0,0.75,1
181.0,261.0,0.791667,1
158.0,228.0,0.833333,1
112.0,137.0,0.875,1
100.0,116.0,0.916667,1
105.0,143.0,0.958333,1
107.0,157.0,0.0,1
72.0,72.0,0.0416667,1
59.0,42.0,0.0833333,1
-200.0,-200.0,0.125,1
55.0,34.0,0.166667,1
70.0,74.0,0.208333,1
59.0,75.0,0.25,1
95.0,199.0,0.291667,1
120.0,262.0,0.333333,1
133.0,236.0,0.375,1
133.0,186.0,0.416667,1
120.0,132.0,0.458333,1
132.0,140.0,0.5,1
135.0,143.0,0.541667,1
121.0,99.0,0.583333,1
123.0,107.0,0.625,1
129.0,130.0,0.666667,1
129.0,133.0,0.708333,1
156.0,188.0,0.75,1
131.0,155.0,0.791667,1
115.0,154.0,0.833333,1
79.0,95.0,0.875,1
86.0,110.0,0.916667,1
91.0,116.0,0.958333,1
99.0,153.0,0.0,1
83.0,111.0,0.0416667,1
74.0,79.0,0.0833333,1
-200.0,-200.0,0.125,1
64.0,47.0,0.166667,1
61.0,61.0,0.208333,1
62.0,56.0,0.25,1
65.0,69.0,0.291667,1
79.0,109.0,0.333333,1
90.0,111.0,0.375,1
116.0,150.0,0.416667,1
89.0,87.0,0.458333,1
68.0,64.0,0.5,1
53.0,47.0,0.541667,1
34.0,34.0,0.583333,1
38.0,37.0,0.625,1
53.0,49.0,0.666667,1
62.0,54.0,0.708333,1
82.0,70.0,0.75,1
88.0,76.0,0.791667,1
70.0,59.0,0.833333,1
53.0,44.0,0.875,1
57.0,47.0,0.916667,1
73.0,71.0,0.958333,1
83.0,90.0,0.0,1
52.0,45.0,0.0416667,1
52.0,44.0,0.0833333,1
-200.0,-200.0,0.125,1
26.0,15.0,0.166667,1
17.0,10.0,0.208333,1
28.0,19.0,0.25,1
29.0,20.0,0.291667,1
37.0,30.0,0.333333,1
31.0,24.0,0.375,1
46.0,35.0,0.416667,1
66.0,48.0,0.458333,1
54.0,41.0,0.5,1
50.0,37.0,0.541667,1
44.0,32.0,0.583333,1
52.0,43.0,0.625,1
37.0,28.0,0.666667,1
51.0,38.0,0.708333,1
78.0,72.0,0.75,1
90.0,89.0,0.791667,1
110.0,103.0,0.833333,1
86.0,77.0,0.875,1
88.0,84.0,0.916667,1
91.0,82.0,0.958333,1
93.0,81.0,0.0,1
68.0,50.0,0.0416667,1
48.0,30.0,0.0833333,1
-200.0,-200.0,0.125,1
22.0,14.0,0.166667,1
59.0,51.0,0.208333,1
102.0,120.0,0.25,1
116.0,180.0,0.291667,1
109.0,168.0,0.333333,1
98.0,111.0,0.375,1
97.0,111.0,0.416667,1
97.0,97.0,0.458333,1
90.0,90.0,0.5,1
92.0,87.0,0.541667,1
76.0,67.0,0.583333,1
97.0,84.0,0.625,1
101.0,86.0,0.666667,1
118.0,124.0,0.708333,1
129.0,144.0,0.75,1
131.0,130.0,0.791667,1
130.0,122.0,0.833333,1
106.0,82.0,0.875,1
92.0,62.0,0.916667,1
97.0,65.0,0.958333,1
80.0,52.0,0.0,1
40.0,22.0,0.0416667,1
49.0,27.0,0.0833333,1
-200.0,-200.0,0.125,1
46.0,29.0,0.166667,1
37.0,29.0,0.208333,1
92.0,135.0,0.25,1
115.0,181.0,0.291667,1
102.0,119.0,0.333333,1
104.0,116.0,0.375,1
109.0,143.0,0.416667,1
108.0,126.0,0.458333,1
90.0,94.0,0.5,1
81.0,96.0,0.541667,1
87.0,90.0,0.583333,1
82.0,93.0,0.625,1
99.0,101.0,0.666667,1
119.0,123.0,0.708333,1
128.0,136.0,0.75,1
111.0,109.0,0.791667,1
114.0,124.0,0.833333,1
100.0,82.0,0.875,1
88.0,69.0,0.916667,1
78.0,60.0,0.958333,1
101.0,90.0,0.0,1
77.0,58.0,0.0416667,1
78.0,53.0,0.0833333,1
-200.0,-200.0,0.125,1
65.0,45.0,0.166667,1
74.0,61.0,0.208333,1
83.0,76.0,0.25,1
96.0,144.0,0.291667,1
120.0,221.0,0.333333,1
147.0,282.0,0.375,1
148.0,235.0,0.416667,1
91.0,113.0,0.458333,1
94.0,93.0,0.5,1
95.0,88.0,0.541667,1
92.0,87.0,0.583333,1
113.0,109.0,0.625,1
111.0,106.0,0.666667,1
166.0,182.0,0.708333,1
-200.0,-200.0,0.75,1
143.0,144.0,0.791667,1
131.0,144.0,0.833333,1
102.0,84.0,0.875,1
94.0,74.0,0.916667,1
96.0,80.0,0.958333,1
88.0,78.0,0.0,1
72.0,50.0,0.0416667,1
33.0,18.0,0.0833333,1
-200.0,-200.0,0.125,1
33.0,21.0,0.166667,1
60.0,62.0,0.208333,1
72.0,74.0,0.25,1
97.0,171.0,0.291667,1
136.0,287.0,0.333333,1
140.0,230.0,0.375,1
171.0,261.0,0.416667,1
150.0,178.0,0.458333,1
117.0,116.0,0.5,1
106.0,96.0,0.541667,1
95.0,83.0,0.583333,1
137.0,120.0,0.625,1
129.0,108.0,0.666667,1
135.0,115.0,0.708333,1
127.0,102.0,0.75,1
122.0,118.0,0.791667,1
118.0,107.0,0.833333,1
135.0,129.0,0.875,1
134.0,133.0,0.916667,1
105.0,98.0,0.958333,1
104.0,110.0,0.0,1
81.0,62.0,0.0416667,1
69.0,55.0,0.0833333,1
-200.0,-200.0,0.125,1
51.0,35.0,0.166667,1
52.0,52.0,0.208333,1
48.0,36.0,0.25,1
105.0,182.0,0.291667,1
150.0,297.0,0.333333,1
160.0,237.0,0.375,1
167.0,235.0,0.416667,1
141.0,158.0,0.458333,1
104.0,89.0,0.5,1
101.0,80.0,0.541667,1
118.0,93.0,0.583333,1
121.0,96.0,0.625,1
124.0,98.0,0.666667,1
127.0,104.0,0.708333,1
137.0,121.0,0.75,1
137.0,116.0,0.791667,1
135.0,121.0,0.833333,1
118.0,114.0,0.875,1
111.0,112.0,0.916667,1
85.0,81.0,0.958333,1
158.0,220.0,0.0,0
77.0,81.0,0.0416667,1
56.0,43.0,0.0833333,1
-200.0,-200.0,0.125,1
37.0,26.0,0.166667,1
49.0,40.0,0.208333,1
71.0,72.0,0.25,1
71.0,68.0,0.291667,1
86.0,89.0,0.333333,1
125.0,151.0,0.375,1
160.0,215.0,0.416667,1
174.0,196.0,0.458333,1
146.0,161.0,0.5,1
127.0,120.0,0.541667,1
114.0,88.0,0.583333,1
65.0,38.0,0.625,1
77.0,47.0,0.666667,1
68.0,40.0,0.708333,1
92.0,58.0,0.75,1
104.0,71.0,0.791667,1
114.0,90.0,0.833333,1
105.0,95.0,0.875,1
85.0,85.0,0.916667,1
92.0,119.0,0.958333,1
82.0,106.0,0.0,1
70.0,77.0,0.0416667,1
40.0,28.0,0.0833333,1
-200.0,-200.0,0.125,1
26.0,21.0,0.166667,1
21.0,17.0,0.208333,1
30.0,24.0,0.25,1
21.0,19.0,0.291667,1
35.0,39.0,0.333333,1
36.0,46.0,0.375,1
48.0,53.0,0.416667,1
39.0,32.0,0.458333,1
34.0,30.0,0.5,1
33.0,24.0,0.541667,1
42.0,34.0,0.583333,1
85.0,63.0,0.625,1
92.0,69.0,0.666667,1
84.0,61.0,0.708333,1
100.0,73.0,0.75,1
95.0,75.0,0.791667,1
77.0,69.0,0.833333,1
85.0,71.0,0.875,1
83.0,73.0,0.916667,1
88.0,86.0,0.958333,1
68.0,65.0,0.0,1
97.0,74.0,0.0416667,1
51.0,45.0,0.0833333,1
-200.0,-200.0,0.125,1
5.0,2.0,0.166667,1
35.0,29.0,0.208333,1
56.0,42.0,0.25,1
110.0,146.0,0.291667,1
-200.0,-200.0,0.333333,1
124.0,163.0,0.375,1
115.0,144.0,0.416667,1
119.0,125.0,0.458333,1
107.0,90.0,0.5,1
99.0,76.0,0.541667,1
95.0,73.0,0.583333,1
105.0,73.0,0.625,1
117.0,80.0,0.666667,1
157.0,121.0,0.708333,1
173.0,129.0,0.75,1
139.0,103.0,0.791667,1
116.0,87.0,0.833333,1
91.0,58.0,0.875,1
98.0,64.0,0.916667,1
93.0,58.0,0.958333,1
74.0,44.0,0.0,1
50.0,28.0,0.0416667,1
36.0,19.0,0.0833333,1
-200.0,-200.0,0.125,1
55.0,48.0,0.166667,1
86.0,77.0,0.208333,1
137.0,110.0,0.25,1
140.0,282.0,0.291667,1
142.0,275.0,0.333333,1
185.0,253.0,0.375,1
173.0,211.0,0.416667,1
158.0,176.0,0.458333,1
127.0,153.0,0.5,1
111.0,144.0,0.541667,1
114.0,127.0,0.583333,1
109.0,112.0,0.625,1
-200.0,-200.0,0.666667,1
137.0,148.0,0.708333,1
134.0,140.0,0.75,1
114.0,125.0,0.791667,1
100.0,111.0,0.833333,1
92.0,102.0,0.875,1
97.0,108.0,0.916667,1
111.0,132.0,0.958333,1
89.0,104.0,0.0,1
87.0,92.0,0.0416667,1
69.0,78.0,0.0833333,1
-200.0,-200.0,0.125,1
-200.0,-200.0,0.166667,1
-200.0,-200.0,0.208333,1
-200.0,-200.0,0.25,1
-200.0,-200.0,0.291667,1
-200.0,-200.0,0.333333,1
-200.0,-200.0,0.375,1
-200.0,-200.0,0.416667,1
-200.0,-200.0,0.458333,1
-200.0,-200.0,0.5,1
-200.0,-200.0,0.541667,1
-200.0,-200.0,0.583333,1
-200.0,-200.0,0.625,1
-200.0,-200.0,0.666667,1
-200.0,-200.0,0.708333,1
-200.0,-200.0,0.75,1
-200.0,-200.0,0.791667,1
-200.0,-200.0,0.833333,1
-200.0,-200.0,0.875,1
-200.0,-200.0,0.916667,1
-200.0,-200.0,0.958333,1
-200.0,-200.0,0.0,1
-200.0,-200.0,0.0416667,1
-200.0,-200.0,0.0833333,1
-200.0,-200.0,0.125,1
-200.0,-200.0,0.166667,1
-200.0,-200.0,0.208333,1
-200.0,-200.0,0.25,1
-200.0,-200.0,0.291667,1
-200.0,-200.0,0.333333,1
-200.0,-200.0,0.375,1
-200.0,-200.0,0.416667,1
115.0,104.0,0.458333,1
108.0,98.0,0.5,1
86.0,66.0,0.541667,1
84.0,60.0,0.583333,1
97.0,85.0,0.625,1
102.0,90.0,0.666667,1
102.0,122.0,0.708333,1
99.0,117.0,0.75,1
97.0,115.0,0.791667,1
101.0,127.0,0.833333,1
92.0,79.0,0.875,1
70.0,61.0,0.916667,1
72.0,67.0,0.958333,1
80.0,93.0,0.0,1
71.0,77.0,0.0416667,1
69.0,60.0,0.0833333,1
-200.0,-200.0,0.125,1
55.0,45.0,0.166667,1
57.0,65.0,0.208333,1
56.0,94.0,0.25,1
72.0,205.0,0.291667,1
84.0,240.0,0.333333,1
97.0,237.0,0.375,1
107.0,245.0,0.416667,1
117.0,206.0,0.458333,1
120.0,156.0,0.5,1
110.0,126.0,0.541667,1
104.0,108.0,0.583333,1
110.0,102.0,0.625,1
111.0,110.0,0.666667,1
64.0,57.0,0.708333,1
92.0,109.0,0.75,1
114.0,151.0,0.791667,1
116.0,153.0,0.833333,1
94.0,103.0,0.875,1
77.0,76.0,0.916667,1
74.0,93.0,0.958333,1
62.0,75.0,0.0,1
57.0,57.0,0.0416667,1
45.0,32.0,0.0833333,1
-200.0,-200.0,0.125,1
49.0,42.0,0.166667,1
45.0,37.0,0.208333,1
44.0,44.0,0.25,1
43.0,51.0,0.291667,1
51.0,74.0,0.333333,1
84.0,115.0,0.375,1
96.0,109.0,0.416667,1
88.0,80.0,0.458333,1
67.0,57.0,0.5,1
64.0,56.0,0.541667,1
54.0,43.0,0.583333,1
56.0,43.0,0.625,1
68.0,51.0,0.666667,1
67.0,46.0,0.708333,1
95.0,71.0,0.75,1
86.0,65.0,0.791667,1
93.0,78.0,0.833333,1
68.0,51.0,0.875,1
95.0,84.0,0.916667,1
93.0,89.0,0.958333,1
69.0,65.0,0.0,1
55.0,43.0,0.0416667,1
39.0,32.0,0.0833333,1
-200.0,-200.0,0.125,1
33.0,22.0,0.166667,1
29.0,21.0,0.208333,1
36.0,27.0,0.25,1
38.0,31.0,0.291667,1
47.0,46.0,0.333333,1
64.0,62.0,0.375,1
49.0,43.0,0.416667,1
64.0,53.0,0.458333,1
79.0,87.0,0.5,1
45.0,36.0,0.541667,1
30.0,21.0,0.583333,1
35.0,27.0,0.625,1
37.0,29.0,0.666667,1
46.0,38.0,0.708333,1
54.0,41.0,0.75,1
79.0,66.0,0.791667,1
79.0,63.0,0.833333,1
98.0,88.0,0.875,1
93.0,87.0,0.916667,1
89.0,86.0,0.958333,1
57.0,49.0,0.0,1
51.0,40.0,0.0416667,1
39.0,27.0,0.0833333,1
-200.0,-200.0,0.125,1
30.0,23.0,0.166667,1
46.0,58.0,0.208333,1
55.0,87.0,0.25,1
63.0,143.0,0.291667,1
42.0,96.0,0.333333,1
5.0,16.0,0.375,1
39.0,54.0,0.416667,1
39.0,42.0,0.458333,1
71.0,72.0,0.5,1
65.0,54.0,0.541667,1
71.0,52.0,0.583333,1
72.0,64.0,0.625,1
76.0,70.0,0.666667,0
75.0,65.0,0.708333,0
86.0,80.0,0.75,0
96.0,88.0,0.791667,0
95.0,81.0,0.833333,1
74.0,59.0,0.875,1
76.0,69.0,0.916667,1
66.0,58.0,0.958333,1
49.0,33.0,0.0,1
29.0,17.0,0.0416667,1
11.0,6.0,0.0833333,1
-200.0,-200.0,0.125,1
25.0,20.0,0.166667,1
34.0,58.0,0.208333,1
42.0,106.0,0.25,1
47.0,143.0,0.291667,1
62.0,167.0,0.333333,1
81.0,188.0,0.375,1
90.0,164.0,0.416667,1
95.0,128.0,0.458333,1
86.0,88.0,0.5,1
64.0,51.0,0.541667,1
62.0,52.0,0.583333,1
75.0,59.0,0.625,1
88.0,67.0,0.666667,1
126.0,105.0,0.708333,1
96.0,91.0,0.75,1
79.0,69.0,0.791667,1
67.0,65.0,0.833333,1
62.0,58.0,0.875,1
64.0,67.0,0.916667,1
63.0,64.0,0.958333,1
60.0,65.0,0.0,1
49.0,47.0,0.0416667,1
36.0,29.0,0.0833333,1
-200.0,-200.0,0.125,1
24.0,16.0,0.166667,1
32.0,50.0,0.208333,1
42.0,78.0,0.25,1
42.0,89.0,0.291667,1
51.0,97.0,0.333333,1
58.0,93.0,0.375,1
67.0,105.0,0.416667,1
68.0,89.0,0.458333,1
56.0,63.0,0.5,1
47.0,52.0,0.541667,1
46.0,48.0,0.583333,1
50.0,50.0,0.625,1
65.0,80.0,0.666667,1
69.0,78.0,0.708333,1
63.0,64.0,0.75,1
69.0,84.0,0.791667,1
57.0,72.0,0.833333,1
59.0,70.0,0.875,1
54.0,59.0,0.916667,1
57.0,63.0,0.958333,1
46.0,58.0,0.0,1
65.0,68.0,0.0416667,1
62.0,57.0,0.0833333,1
-200.0,-200.0,0.125,1
25.0,15.0,0.166667,1
37.0,47.0,0.208333,1
41.0,39.0,0.25,1
60.0,87.0,0.291667,1
65.0,122.0,0.333333,1
71.0,122.0,0.375,1
61.0,101.0,0.416667,1
65.0,92.0,0.458333,1
54.0,70.0,0.5,1
58.0,58.0,0.541667,1
56.0,44.0,0.583333,1
60.0,44.0,0.625,1
69.0,52.0,0.666667,1
67.0,53.0,0.708333,1
79.0,65.0,0.75,1
86.0,67.0,0.791667,1
79.0,67.0,0.833333,1
67.0,53.0,0.875,1
65.0,53.0,0.916667,1
67.0,60.0,0.958333,1
62.0,60.0,0.0,1
48.0,39.0,0.0416667,1
33.0,22.0,0.0833333,1
-200.0,-200.0,0.125,1
11.0,7.0,0.166667,1
34.0,25.0,0.208333,1
52.0,47.0,0.25,1
80.0,101.0,0.291667,1
86.0,100.0,0.333333,1
77.0,79.0,0.375,1
93.0,91.0,0.416667,1
109.0,83.0,0.458333,1
89.0,65.0,0.5,1
71.0,55.0,0.541667,1
56.0,40.0,0.583333,1
68.0,48.0,0.625,1
61.0,46.0,0.666667,1
70.0,54.0,0.708333,1
76.0,55.0,0.75,1
78.0,60.0,0.791667,1
80.0,62.0,0.833333,1
71.0,51.0,0.875,1
74.0,57.0,0.916667,1
90.0,72.0,0.958333,1
78.0,63.0,0.0,1
63.0,49.0,0.0416667,1
42.0,30.0,0.0833333,1
-200.0,-200.0,0.125,1
27.0,18.0,0.166667,1
29.0,22.0,0.208333,1
41.0,39.0,0.25,1
61.0,68.0,0.291667,1
68.0,84.0,0.333333,1
58.0,54.0,0.375,1
52.0,51.0,0.416667,1
57.0,52.0,0.458333,1
51.0,44.0,0.5,1
53.0,47.0,0.541667,1
49.0,37.0,0.583333,1
44.0,33.0,0.625,1
48.0,36.0,0.666667,1
46.0,33.0,0.708333,1
56.0,40.0,0.75,1
73.0,56.0,0.791667,1
85.0,71.0,0.833333,1
72.0,57.0,0.875,1
53.0,43.0,0.916667,1
47.0,40.0,0.958333,1
37.0,26.0,0.0,1
34.0,24.0,0.0416667,1
33.0,24.0,0.0833333,1
-200.0,-200.0,0.125,1
27.0,18.0,0.166667,1
27.0,18.0,0.208333,1
27.0,19.0,0.25,1
28.0,22.0,0.291667,1
36.0,34.0,0.333333,1
59.0,61.0,0.375,1
56.0,46.0,0.416667,1
70.0,56.0,0.458333,1
36.0,31.0,0.5,1
17.0,11.0,0.541667,1
14.0,8.0,0.583333,1
24.0,14.0,0.625,1
36.0,21.0,0.666667,1
43.0,26.0,0.708333,1
60.0,37.0,0.75,1
81.0,53.0,0.791667,1
87.0,56.0,0.833333,1
85.0,51.0,0.875,1
91.0,79.0,0.916667,1
55.0,38.0,0.958333,1
42.0,25.0,0.0,1
43.0,24.0,0.0416667,1
20.0,11.0,0.0833333,1
-200.0,-200.0,0.125,1
23.0,16.0,0.166667,1
43.0,43.0,0.208333,1
68.0,86.0,0.25,1
62.0,92.0,0.291667,1
65.0,102.0,0.333333,1
93.0,171.0,0.375,1
110.0,148.0,0.416667,1
106.0,119.0,0.458333,1
77.0,71.0,0.5,1
60.0,53.0,0.541667,1
67.0,61.0,0.583333,1
57.0,53.0,0.625,1
60.0,61.0,0.666667,1
69.0,72.0,0.708333,1
77.0,67.0,0.75,1
77.0,70.0,0.791667,1
87.0,81.0,0.833333,1
88.0,79.0,0.875,1
84.0,73.0,0.916667,1
65.0,57.0,0.958333,1
54.0,45.0,0.0,1
37.0,25.0,0.0416667,1
36.0,23.0,0.0833333,1
-200.0,-200.0,0.125,1
29.0,18.0,0.166667,1
25.0,23.0,0.208333,1
41.0,59.0,0.25,1
68.0,135.0,0.291667,1
82.0,167.0,0.333333,1
137.0,190.0,0.375,1
119.0,142.0,0.416667,1
-200.0,-200.0,0.458333,1
-200.0,-200.0,0.5,1
-200.0,-200.0,0.541667,1
-200.0,-200.0,0.583333,1
-200.0,-200.0,0.625,1
-200.0,-200.0,0.666667,1
-200.0,-200.0,0.708333,1
-200.0,-200.0,0.75,1
-200.0,-200.0,0.791667,1
-200.0,-200.0,0.833333,1
-200.0,-200.0,0.875,1
-200.0,-200.0,0.916667,1
-200.0,-200.0,0.958333,1
-200.0,-200.0,0.0,1
-200.0,-200.0,0.0416667,1
-200.0,-200.0,0.0833333,1
-200.0,-200.0,0.125,1
-200.0,-200.0,0.166667,1
-200.0,-200.0,0.208333,1
-200.0,-200.0,0.25,1
-200.0,-200.0,0.291667,1
-200.0,-200.0,0.333333,1
-200.0,-200.0,0.375,1
-200.0,-200.0,0.416667,1
-200.0,-200.0,0.458333,1
-200.0,-200.0,0.5,1
-200.0,-200.0,0.541667,1
-200.0,-200.0,0.583333,1
-200.0,-200.0,0.625,1
71.0,83.0,0.666667,1
78.0,94.0,0.708333,1
72.0,84.0,0.75,1
74.0,90.0,0.791667,1
70.0,91.0,0.833333,1
55.0,70.0,0.875,1
54.0,75.0,0.916667,1
53.0,72.0,0.958333,1
46.0,59.0,0.0,1
38.0,48.0,0.0416667,1
30.0,41.0,0.0833333,1
-200.0,-200.0,0.125,1
16.0,11.0,0.166667,1
12.0,11.0,0.208333,1
38.0,37.0,0.25,1
56.0,72.0,0.291667,1
57.0,53.0,0.333333,1
39.0,31.0,0.375,1
47.0,47.0,0.416667,1
35.0,33.0,0.458333,1
44.0,35.0,0.5,1
43.0,32.0,0.541667,1
34.0,23.0,0.583333,1
36.0,27.0,0.625,1
44.0,32.0,0.666667,1
63.0,51.0,0.708333,1
60.0,46.0,0.75,1
66.0,62.0,0.791667,1
68.0,65.0,0.833333,1
-200.0,-200.0,0.875,1
-200.0,-200.0,0.916667,1
-200.0,-200.0,0.958333,1
-200.0,-200.0,0.0,1
-200.0,-200.0,0.0416667,1
-200.0,-200.0,0.0833333,1
-200.0,-200.0,0.125,1
-200.0,-200.0,0.166667,1
-200.0,-200.0,0.208333,1
-200.0,-200.0,0.25,1
-200.0,-200.0,0.291667,1
-200.0,-200.0,0.333333,1
-200.0,-200.0,0.375,1
-200.0,-200.0,0.416667,1
-200.0,-200.0,0.458333,1
-200.0,-200.0,0.5,1
-200.0,-200.0,0.541667,1
-200.0,-200.0,0.583333,1
-200.0,-200.0,0.625,1
-200.0,-200.0,0.666667,1
-200.0,-200.0,0.708333,1
-200.0,-200.0,0.75,1
-200.0,-200.0,0.791667,1
-200.0,-200.0,0.833333,1
-200.0,-200.0,0.875,1
-200.0,-200.0,0.916667,1
-200.0,-200.0,0.958333,1
-200.0,-200.0,0.0,1
-200.0,-200.0,0.0416667,1
-200.0,-200.0,0.0833333,1
-200.0,-200.0,0.125,1
-200.0,-200.0,0.166667,1
-200.0,-200.0,0.208333,1
-200.0,-200.0,0.25,1
-200.0,-200.0,0.291667,1
-200.0,-200.0,0.333333,1
-200.0,-200.0,0.375,1
-200.0,-200.0,0.416667,1
-200.0,-200.0,0.458333,1
-200.0,-200.0,0.5,1
-200.0,-200.0,0.541667,1
-200.0,-200.0,0.583333,1
-200.0,-200.0,0.625,1
-200.0,-200.0,0.666667,1
-200.0,-200.0,0.708333,1
-200.0,-200.0,0.75,1
-200.0,-200.0,0.791667,1
-200.0,-200.0,0.833333,1
-200.0,-200.0,0.875,1
-200.0,-200.0,0.916667,1
-200.0,-200.0,0.958333,1
-200.0,-200.0,0.0,1
-200.0,-200.0,0.0416667,1
-200.0,-200.0,0.0833333,1
-200.0,-200.0,0.125,1
-200.0,-200.0,0.166667,1
-200.0,-200.0,0.208333,1
-200.0,-200.0,0.25,1
-200.0,-200.0,0.291667,1
-200.0,-200.0,0.333333,1
-200.0,-200.0,0.375,1
-200.0,-200.0,0.416667,1
-200.0,-200.0,0.458333,1
-200.0,-200.0,0.5,1
-200.0,-200.0,0.541667,1
-200.0,-200.0,0.583333,1
-200.0,-200.0,0.625,1
-200.0,-200.0,0.666667,1
-200.0,-200.0,0.708333,1
-200.0,-200.0,0.75,1
-200.0,-200.0,0.791667,1
-200.0,-200.0,0.833333,1
-200.0,-200.0,0.875,1
-200.0,-200.0,0.916667,1
-200.0,-200.0,0.958333,1
-200.0,-200.0,0.0,1
-200.0,-200.0,0.0416667,1
-200.0,-200.0,0.0833333,1
-200.0,-200.0,0.125,1
-200.0,-200.0,0.166667,1
-200.0,-200.0,0.208333,1
-200.0,-200.0,0.25,1
-200.0,-200.0,0.291667,1
-200.0,-200.0,0.333333,1
-200.0,111.0,0.375,1
-200.0,-200.0,0.416667,1
83.0,86.0,0.458333,1
64.0,57.0,0.5,1
50.0,39.0,0.541667,1
53.0,41.0,0.583333,1
57.0,47.0,0.625,1
55.0,45.0,0.666667,1
70.0,60.0,0.708333,1
68.0,51.0,0.75,1
73.0,53.0,0.791667,1
92.0,72.0,0.833333,1
80.0,62.0,0.875,1
60.0,41.0,0.916667,1
49.0,32.0,0.958333,1
53.0,44.0,0.0,1
50.0,29.0,0.0416667,1
34.0,18.0,0.0833333,1
-200.0,-200.0,0.125,1
21.0,12.0,0.166667,1
48.0,39.0,0.208333,1
71.0,83.0,0.25,1
94.0,149.0,0.291667,1
118.0,216.0,0.333333,1
105.0,153.0,0.375,1
122.0,177.0,0.416667,1
121.0,126.0,0.458333,1
115.0,96.0,0.5,1
107.0,92.0,0.541667,1
86.0,75.0,0.583333,1
118.0,109.0,0.625,1
129.0,133.0,0.666667,1
90.0,87.0,0.708333,1
87.0,80.0,0.75,1
65.0,70.0,0.791667,1
61.0,67.0,0.833333,1
62.0,66.0,0.875,1
85.0,97.0,0.916667,1
83.0,90.0,0.958333,1
84.0,99.0,0.0,1
71.0,71.0,0.0416667,1
62.0,59.0,0.0833333,1
-200.0,-200.0,0.125,1
40.0,26.0,0.166667,1
50.0,47.0,0.208333,1
78.0,108.0,0.25,1
89.0,160.0,0.291667,1
106.0,204.0,0.333333,1
107.0,193.0,0.375,1
93.0,146.0,0.416667,1
95.0,126.0,0.458333,1
78.0,90.0,0.5,1
76.0,84.0,0.541667,1
66.0,60.0,0.583333,1
71.0,66.0,0.625,1
61.0,57.0,0.666667,1
73.0,71.0,0.708333,1
54.0,51.0,0.75,1
53.0,49.0,0.791667,1
69.0,59.0,0.833333,1
77.0,66.0,0.875,1
83.0,72.0,0.916667,1
94.0,89.0,0.958333,1
84.0,75.0,0.0,1
55.0,38.0,0.0416667,1
35.0,24.0,0.0833333,1
-200.0,-200.0,0.125,1
31.0,19.0,0.166667,1
45.0,40.0,0.208333,1
59.0,63.0,0.25,0
83.0,121.0,0.291667,0
90.0,143.0,0.333333,0
87.0,104.0,0.375,0
83.0,111.0,0.416667,0
71.0,83.0,0.458333,0
77.0,90.0,0.5,0
75.0,82.0,0.541667,0
52.0,48.0,0.583333,0
76.0,89.0,0.625,0
60.0,58.0,0.666667,0
99.0,129.0,0.708333,0
88.0,103.0,0.75,0
91.0,115.0,0.791667,0
91.0,108.0,0.833333,0
68.0,60.0,0.875,0
71.0,68.0,0.916667,0
49.0,36.0,0.958333,0
71.0,81.0,0.0,0
76.0,91.0,0.0416667,0
67.0,65.0,0.0833333,0
-200.0,-200.0,0.125,0
58.0,46.0,0.166667,0
53.0,71.0,0.208333,0
52.0,92.0,0.25,0
68.0,201.0,0.291667,0
69.0,169.0,0.333333,0
83.0,158.0,0.375,0
99.0,147.0,0.416667,0
101.0,119.0,0.458333,0
104.0,114.0,0.5,0
89.0,92.0,0.541667,0
88.0,82.0,0.583333,0
89.0,85.0,0.625,0
92.0,96.0,0.666667,0
109.0,104.0,0.708333,0
107.0,101.0,0.75,0
116.0,128.0,0.791667,0
124.0,147.0,0.833333,0
112.0,115.0,0.875,0
99.0,97.0,0.916667,0
85.0,74.0,0.958333,0
69.0,50.0,0.0,0
58.0,41.0,0.0416667,0
49.0,36.0,0.0833333,0
-200.0,-200.0,0.125,1
56.0,40.0,0.166667,1
33.0,25.0,0.208333,1
39.0,38.0,0.25,1
43.0,38.0,0.291667,1
62.0,75.0,0.333333,1
81.0,104.0,0.375,1
102.0,134.0,0.416667,1
86.0,85.0,0.458333,1
37.0,30.0,0.5,1
64.0,49.0,0.541667,1
-200.0,-200.0,0.583333,1
-200.0,-200.0,0.625,1
-200.0,-200.0,0.666667,1
-200.0,-200.0,0.708333,1
-200.0,-200.0,0.75,1
-200.0,-200.0,0.791667,1
-200.0,-200.0,0.833333,1
-200.0,-200.0,0.875,1
-200.0,-200.0,0.916667,1
-200.0,-200.0,0.958333,1
-200.0,-200.0,0.0,1
-200.0,-200.0,0.0416667,1
-200.0,-200.0,0.0833333,1
-200.0,-200.0,0.125,1
-200.0,-200.0,0.166667,1
-200.0,-200.0,0.208333,1
-200.0,-200.0,0.25,1
-200.0,-200.0,0.291667,1
-200.0,-200.0,0.333333,1
-200.0,-200.0,0.375,1
-200.0,-200.0,0.416667,1
-200.0,-200.0,0.458333,1
-200.0,-200.0,0.5,1
-200.0,-200.0,0.541667,1
-200.0,-200.0,0.583333,1
-200.0,-200.0,0.625,1
-200.0,-200.0,0.666667,1
-200.0,-200.0,0.708333,1
-200.0,-200.0,0.75,1
-200.0,-200.0,0.791667,1
-200.0,-200.0,0.833333,1
-200.0,-200.0,0.875,1
-200.0,-200.0,0.916667,1
-200.0,-200.0,0.958333,1
-200.0,-200.0,0.0,1
-200.0,-200.0,0.0416667,1
-200.0,-200.0,0.0833333,1
-200.0,-200.0,0.125,1
-200.0,-200.0,0.166667,1
-200.0,-200.0,0.208333,1
-200.0,-200.0,0.25,1
-200.0,-200.0,0.291667,1
-200.0,-200.0,0.333333,1
-200.0,-200.0,0.375,1
-200.0,-200.0,0.416667,1
-200.0,-200.0,0.458333,1
-200.0,-200.0,0.5,1
-200.0,-200.0,0.541667,1
-200.0,-200.0,0.583333,1
-200.0,-200.0,0.625,1
-200.0,-200.0,0.666667,1
-200.0,-200.0,0.708333,1
-200.0,-200.0,0.75,1
-200.0,-200.0,0.791667,1
-200.0,-200.0,0.833333,1
-200.0,-200.0,0.875,1
-200.0,-200.0,0.916667,1
-200.0,-200.0,0.958333,1
-200.0,-200.0,0.0,1
-200.0,-200.0,0.0416667,1
-200.0,-200.0,0.0833333,1
-200.0,-200.0,0.125,1
-200.0,-200.0,0.166667,1
-200.0,-200.0,0.208333,1
-200.0,-200.0,0.25,1
-200.0,-200.0,0.291667,1
-200.0,-200.0,0.333333,1
-200.0,-200.0,0.375,1
-200.0,-200.0,0.416667,1
-200.0,-200.0,0.458333,1
-200.0,-200.0,0.5,1
-200.0,-200.0,0.541667,1
-200.0,-200.0,0.583333,1
101.0,209.0,0.625,1
71.0,132.0,0.666667,1
82.0,166.0,0.708333,1
104.0,243.0,0.75,1
105.0,247.0,0.791667,1
87.0,165.0,0.833333,1
98.0,187.0,0.875,1
105.0,206.0,0.916667,1
104.0,200.0,0.958333,1
96.0,189.0,0.0,1
79.0,136.0,0.0416667,1
61.0,83.0,0.0833333,1
-200.0,-200.0,0.125,1
48.0,72.0,0.166667,1
63.0,121.0,0.208333,1
92.0,268.0,0.25,1
99.0,451.0,0.291667,1
117.0,458.0,0.333333,1
142.0,487.0,0.375,1
121.0,319.0,0.416667,1
122.0,269.0,0.458333,1
108.0,224.0,0.5,1
80.0,162.0,0.541667,1
93.0,189.0,0.583333,1
108.0,213.0,0.625,1
118.0,245.0,0.666667,1
149.0,341.0,0.708333,1
171.0,382.0,0.75,1
154.0,358.0,0.791667,1
122.0,288.0,0.833333,1
126.0,252.0,0.875,1
121.0,201.0,0.916667,1
125.0,225.0,0.958333,1
126.0,242.0,0.0,1
96.0,167.0,0.0416667,1
73.0,99.0,0.0833333,1
-200.0,-200.0,0.125,1
65.0,87.0,0.166667,1
90.0,164.0,0.208333,1
58.0,87.0,0.25,1
27.0,93.0,0.291667,1
67.0,417.0,0.333333,1
96.0,406.0,0.375,1
-200.0,-200.0,0.416667,1
-200.0,-200.0,0.458333,1
-200.0,-200.0,0.5,1
-200.0,-200.0,0.541667,1
-200.0,-200.0,0.583333,1
-200.0,-200.0,0.625,1
-200.0,-200.0,0.666667,1
-200.0,-200.0,0.708333,1
-200.0,-200.0,0.75,1
-200.0,-200.0,0.791667,1
-200.0,-200.0,0.833333,1
-200.0,-200.0,0.875,1
-200.0,-200.0,0.916667,1
-200.0,-200.0,0.958333,1
-200.0,-200.0,0.0,1
-200.0,-200.0,0.0416667,1
-200.0,-200.0,0.0833333,1
-200.0,-200.0,0.125,1
-200.0,-200.0,0.166667,1
-200.0,-200.0,0.208333,1
-200.0,-200.0,0.25,1
-200.0,-200.0,0.291667,1
-200.0,-200.0,0.333333,1
-200.0,-200.0,0.375,1
-200.0,-200.0,0.416667,1
-200.0,-200.0,0.458333,1
-200.0,-200.0,0.5,1
-200.0,-200.0,0.541667,1
-200.0,-200.0,0.583333,1
-200.0,-200.0,0.625,1
-200.0,-200.0,0.666667,1
-200.0,-200.0,0.708333,1
-200.0,-200.0,0.75,1
-200.0,-200.0,0.791667,1
-200.0,-200.0,0.833333,1
-200.0,-200.0,0.875,1
-200.0,-200.0,0.916667,1
-200.0,-200.0,0.958333,1
-200.0,-200.0,0.0,1
-200.0,-200.0,0.0416667,1
-200.0,-200.0,0.0833333,1
-200.0,-200.0,0.125,1
-200.0,-200.0,0.166667,1
-200.0,-200.0,0.208333,1
-200.0,-200.0,0.25,1
-200.0,-200.0,0.291667,1
-200.0,-200.0,0.333333,1
-200.0,-200.0,0.375,1
-200.0,-200.0,0.416667,1
-200.0,-200.0,0.458333,1
-200.0,-200.0,0.5,1
-200.0,-200.0,0.541667,1
-200.0,-200.0,0.583333,1
-200.0,-200.0,0.625,1
-200.0,-200.0,0.666667,1
-200.0,-200.0,0.708333,1
-200.0,-200.0,0.75,1
-200.0,-200.0,0.791667,1
-200.0,-200.0,0.833333,1
-200.0,-200.0,0.875,1
-200.0,-200.0,0.916667,1
-200.0,-200.0,0.958333,1
-200.0,-200.0,0.0,1
-200.0,-200.0,0.0416667,1
-200.0,-200.0,0.0833333,1
-200.0,-200.0,0.125,1
-200.0,-200.0,0.166667,1
-200.0,-200.0,0.208333,1
-200.0,-200.0,0.25,1
-200.0,-200.0,0.291667,1
-200.0,-200.0,0.333333,1
-200.0,-200.0,0.375,1
-200.0,-200.0,0.416667,1
-200.0,-200.0,0.458333,1
-200.0,-200.0,0.5,1
-200.0,-200.0,0.541667,1
-200.0,-200.0,0.583333,1
-200.0,-200.0,0.625,1
-200.0,-200.0,0.666667,1
-200.0,-200.0,0.708333,1
-200.0,-200.0,0.75,1
-200.0,-200.0,0.791667,1
-200.0,-200.0,0.833333,1
-200.0,-200.0,0.875,1
-200.0,-200.0,0.916667,1
-200.0,-200.0,0.958333,1
-200.0,-200.0,0.0,1
-200.0,-200.0,0.0416667,1
-200.0,-200.0,0.0833333,1
-200.0,-200.0,0.125,1
-200.0,-200.0,0.166667,1
-200.0,-200.0,0.208333,1
-200.0,-200.0,0.25,1
-200.0,-200.0,0.291667,1
-200.0,-200.0,0.333333,1
-200.0,-200.0,0.375,1
-200.0,-200.0,0.416667,1
-200.0,-200.0,0.458333,1
-200.0,-200.0,0.5,1
-200.0,-200.0,0.541667,1
-200.0,-200.0,0.583333,1
-200.0,-200.0,0.625,1
-200.0,-200.0,0.666667,1
-200.0,-200.0,0.708333,1
-200.0,-200.0,0.75,1
-200.0,-200.0,0.791667,1
-200.0,-200.0,0.833333,1
-200.0,-200.0,0.875,1
-200.0,-200.0,0.916667,1
-200.0,-200.0,0.958333,1
-200.0,-200.0,0.0,1
-200.0,-200.0,0.0416667,1
-200.0,-200.0,0.0833333,1
-200.0,-200.0,0.125,1
-200.0,-200.0,0.166667,1
-200.0,-200.0,0.208333,1
64.0,169.0,0.25,1
72.0,231.0,0.291667,1
73.0,232.0,0.333333,1
64.0,145.0,0.375,1
74.0,170.0,0.416667,1
89.0,214.0,0.458333,1
-200.0,-200.0,0.5,1
-200.0,-200.0,0.541667,1
-200.0,-200.0,0.583333,1
-200.0,-200.0,0.625,1
-200.0,-200.0,0.666667,1
-200.0,-200.0,0.708333,1
-200.0,-200.0,0.75,1
-200.0,-200.0,0.791667,1
-200.0,-200.0,0.833333,1
-200.0,-200.0,0.875,1
-200.0,-200.0,0.916667,1
-200.0,-200.0,0.958333,0
-200.0,-200.0,0.0,0
-200.0,-200.0,0.0416667,0
-200.0,-200.0,0.0833333,0
-200.0,-200.0,0.125,0
-200.0,-200.0,0.166667,0
-200.0,-200.0,0.208333,0
-200.0,-200.0,0.25,0
-200.0,-200.0,0.291667,0
-200.0,-200.0,0.333333,0
-200.0,-200.0,0.375,1
-200.0,-200.0,0.416667,0
-200.0,-200.0,0.458333,0
-200.0,-200.0,0.5,0
-200.0,-200.0,0.541667,0
-200.0,-200.0,0.583333,0
-200.0,-200.0,0.625,0
-200.0,-200.0,0.666667,0
-200.0,-200.0,0.708333,0
188.0,477.0,0.75,1
176.0,502.0,0.791667,1
163.0,420.0,0.833333,1
155.0,344.0,0.875,1
146.0,307.0,0.916667,1
131.0,251.0,0.958333,1
119.0,180.0,0.0,1
98.0,141.0,0.0416667,1
89.0,105.0,0.0833333,1
-200.0,-200.0,0.125,1
68.0,74.0,0.166667,1
65.0,91.0,0.208333,1
81.0,143.0,0.25,1
136.0,553.0,0.291667,1
130.0,542.0,0.333333,1
157.0,590.0,0.375,1
171.0,590.0,0.416667,1
143.0,387.0,0.458333,1
116.0,252.0,0.5,1
129.0,310.0,0.541667,1
168.0,396.0,0.583333,1
152.0,329.0,0.625,1
175.0,393.0,0.666667,1
212.0,522.0,0.708333,1
220.0,631.0,0.75,1
175.0,435.0,0.791667,1
165.0,407.0,0.833333,1
136.0,255.0,0.875,1
111.0,180.0,0.916667,1
114.0,186.0,0.958333,1
96.0,147.0,0.0,1
75.0,101.0,0.0416667,1
58.0,69.0,0.0833333,1
-200.0,-200.0,0.125,1
41.0,49.0,0.166667,1
55.0,91.0,0.208333,1
73.0,144.0,0.25,1
108.0,430.0,0.291667,1
147.0,606.0,0.333333,1
150.0,519.0,0.375,1
131.0,353.0,0.416667,1
144.0,429.0,0.458333,1
151.0,345.0,0.5,1
165.0,417.0,0.541667,1
135.0,276.0,0.583333,1
143.0,280.0,0.625,1
153.0,365.0,0.666667,1
149.0,363.0,0.708333,1
164.0,393.0,0.75,1
180.0,385.0,0.791667,1
159.0,307.0,0.833333,1
119.0,194.0,0.875,1
127.0,205.0,0.916667,1
131.0,223.0,0.958333,1
101.0,176.0,0.0,1
-200.0,-200.0,0.0416667,1
-200.0,-200.0,0.0833333,1
-200.0,-200.0,0.125,1
-200.0,-200.0,0.166667,1
-200.0,-200.0,0.208333,1
-200.0,-200.0,0.25,1
-200.0,-200.0,0.291667,1
-200.0,-200.0,0.333333,1
-200.0,-200.0,0.375,1
-200.0,-200.0,0.416667,1
-200.0,-200.0,0.458333,1
-200.0,-200.0,0.5,1
-200.0,-200.0,0.541667,1
-200.0,-200.0,0.583333,1
-200.0,-200.0,0.625,1
-200.0,-200.0,0.666667,1
-200.0,-200.0,0.708333,1
-200.0,-200.0,0.75,1
-200.0,-200.0,0.791667,1
-200.0,-200.0,0.833333,1
-200.0,-200.0,0.875,1
-200.0,-200.0,0.916667,1
-200.0,-200.0,0.958333,1
-200.0,-200.0,0.0,1
-200.0,-200.0,0.0416667,1
-200.0,-200.0,0.0833333,1
-200.0,-200.0,0.125,1
-200.0,-200.0,0.166667,1
-200.0,-200.0,0.208333,1
-200.0,-200.0,0.25,1
-200.0,-200.0,0.291667,1
-200.0,-200.0,0.333333,1
-200.0,-200.0,0.375,1
-200.0,-200.0,0.416667,1
-200.0,-200.0,0.458333,1
-200.0,-200.0,0.5,1
-200.0,-200.0,0.541667,1
-200.0,-200.0,0.583333,1
-200.0,-200.0,0.625,1
-200.0,-200.0,0.666667,1
-200.0,-200.0,0.708333,1
-200.0,-200.0,0.75,1
-200.0,-200.0,0.791667,1
-200.0,-200.0,0.833333,1
-200.0,-200.0,0.875,1
-200.0,-200.0,0.916667,1
-200.0,-200.0,0.958333,1
-200.0,-200.0,0.0,1
-200.0,-200.0,0.0416667,1
-200.0,-200.0,0.0833333,1
-200.0,-200.0,0.125,1
-200.0,-200.0,0.166667,1
-200.0,-200.0,0.208333,1
-200.0,-200.0,0.25,1
-200.0,-200.0,0.291667,1
-200.0,-200.0,0.333333,1
-200.0,-200.0,0.375,1
138.0,475.0,0.416667,1
138.0,395.0,0.458333,1
138.0,353.0,0.5,1
137.0,397.0,0.541667,1
120.0,274.0,0.583333,1
208.0,505.0,0.625,1
128.0,275.0,0.666667,1
145.0,360.0,0.708333,1
-200.0,-200.0,0.75,1
168.0,597.0,0.791667,1
177.0,728.0,0.833333,1
172.0,891.0,0.875,1
112.0,346.0,0.916667,1
39.0,98.0,0.958333,1
68.0,144.0,0.0,1
51.0,110.0,0.0416667,1
-200.0,-200.0,0.0833333,1
-200.0,-200.0,0.125,1
-200.0,-200.0,0.166667,1
-200.0,-200.0,0.208333,1
-200.0,-200.0,0.25,1
-200.0,-200.0,0.291667,1
-200.0,-200.0,0.333333,1
-200.0,-200.0,0.375,1
-200.0,-200.0,0.416667,1
-200.0,-200.0,0.458333,1
-200.0,-200.0,0.5,1
-200.0,-200.0,0.541667,1
-200.0,-200.0,0.583333,1
-200.0,-200.0,0.625,1
-200.0,-200.0,0.666667,1
-200.0,-200.0,0.708333,1
-200.0,-200.0,0.75,1
-200.0,-200.0,0.791667,1
-200.0,-200.0,0.833333,1
-200.0,-200.0,0.875,1
-200.0,-200.0,0.916667,1
-200.0,-200.0,0.958333,1
-200.0,-200.0,0.0,1
-200.0,-200.0,0.0416667,1
-200.0,-200.0,0.0833333,1
-200.0,-200.0,0.125,1
-200.0,-200.0,0.166667,1
-200.0,-200.0,0.208333,1
-200.0,-200.0,0.25,1
-200.0,-200.0,0.291667,1
-200.0,-200.0,0.333333,1
-200.0,-200.0,0.375,1
-200.0,-200.0,0.416667,1
-200.0,-200.0,0.458333,1
-200.0,-200.0,0.5,1
-200.0,-200.0,0.541667,1
-200.0,-200.0,0.583333,1
-200.0,-200.0,0.625,1
-200.0,-200.0,0.666667,1
112.0,341.0,0.708333,1
170.0,622.0,0.75,1
173.0,615.0,0.791667,1
135.0,443.0,0.833333,1
93.0,219.0,0.875,1
74.0,203.0,0.916667,1
69.0,165.0,0.958333,1
109.0,339.0,0.0,1
55.0,103.0,0.0416667,1
49.0,74.0,0.0833333,1
-200.0,-200.0,0.125,1
42.0,72.0,0.166667,1
50.0,180.0,0.208333,1
53.0,239.0,0.25,1
86.0,664.0,0.291667,1
81.0,525.0,0.333333,1
96.0,543.0,0.375,1
96.0,390.0,0.416667,1
79.0,217.0,0.458333,1
95.0,248.0,0.5,1
127.0,333.0,0.541667,1
102.0,279.0,0.583333,1
107.0,339.0,0.625,1
110.0,315.0,0.666667,1
124.0,365.0,0.708333,1
113.0,338.0,0.75,1
104.0,318.0,0.791667,1
117.0,302.0,0.833333,1
94.0,214.0,0.875,1
-200.0,-200.0,0.916667,1
-200.0,-200.0,0.958333,1
109.0,363.0,0.0,1
72.0,178.0,0.0416667,1
40.0,55.0,0.0833333,1
-200.0,-200.0,0.125,1
23.0,32.0,0.166667,1
24.0,35.0,0.208333,1
41.0,84.0,0.25,1
99.0,456.0,0.291667,1
91.0,342.0,0.333333,1
81.0,239.0,0.375,1
95.0,337.0,0.416667,1
113.0,351.0,0.458333,1
89.0,209.0,0.5,1
88.0,257.0,0.541667,1
81.0,169.0,0.583333,1
82.0,216.0,0.625,1
115.0,303.0,0.666667,1
112.0,320.0,0.708333,1
116.0,310.0,0.75,1
129.0,341.0,0.791667,1
110.0,272.0,0.833333,1
105.0,229.0,0.875,1
90.0,168.0,0.916667,1
94.0,173.0,0.958333,1
96.0,186.0,0.0,1
70.0,112.0,0.0416667,1
57.0,79.0,0.0833333,1
-200.0,-200.0,0.125,1
45.0,62.0,0.166667,1
42.0,58.0,0.208333,1
71.0,122.0,0.25,1
82.0,173.0,0.291667,1
81.0,176.0,0.333333,1
89.0,233.0,0.375,1
83.0,210.0,0.416667,1
82.0,178.0,0.458333,1
78.0,189.0,0.5,1
79.0,210.0,0.541667,1
78.0,162.0,0.583333,1
73.0,137.0,0.625,1
73.0,165.0,0.666667,1
100.0,204.0,0.708333,1
122.0,266.0,0.75,1
132.0,299.0,0.791667,1
116.0,234.0,0.833333,1
109.0,181.0,0.875,1
109.0,210.0,0.916667,1
116.0,304.0,0.958333,1
104.0,255.0,0.0,1
81.0,149.0,0.0416667,1
64.0,112.0,0.0833333,1
-200.0,-200.0,0.125,1
54.0,90.0,0.166667,1
35.0,46.0,0.208333,1
44.0,76.0,0.25,1
62.0,139.0,0.291667,1
68.0,179.0,0.333333,1
85.0,224.0,0.375,1
110.0,272.0,0.416667,1
115.0,251.0,0.458333,1
129.0,250.0,0.5,1
106.0,178.0,0.541667,1
87.0,137.0,0.583333,1
70.0,119.0,0.625,1
106.0,193.0,0.666667,1
151.0,329.0,0.708333,1
179.0,413.0,0.75,1
188.0,489.0,0.791667,1
187.0,470.0,0.833333,1
121.0,228.0,0.875,1
99.0,169.0,0.916667,1
100.0,189.0,0.958333,1
79.0,100.0,0.0,1
57.0,71.0,0.0416667,1
43.0,52.0,0.0833333,1
-200.0,-200.0,0.125,1
50.0,57.0,0.166667,1
47.0,69.0,0.208333,1
60.0,126.0,0.25,1
91.0,376.0,0.291667,1
-200.0,-200.0,0.333333,1
159.0,737.0,0.375,1
173.0,481.0,0.416667,1
174.0,425.0,0.458333,1
165.0,330.0,0.5,1
136.0,303.0,0.541667,1
125.0,283.0,0.583333,1
122.0,264.0,0.625,1
124.0,280.0,0.666667,1
184.0,505.0,0.708333,1
200.0,566.0,0.75,1
225.0,681.0,0.791667,1
168.0,448.0,0.833333,1
118.0,231.0,0.875,1
115.0,230.0,0.916667,1
94.0,146.0,0.958333,1
62.0,77.0,0.0,1
68.0,82.0,0.0416667,1
50.0,55.0,0.0833333,1
-200.0,-200.0,0.125,1
36.0,42.0,0.166667,1
53.0,102.0,0.208333,1
79.0,231.0,0.25,1
133.0,699.0,0.291667,1
148.0,738.0,0.333333,1
161.0,665.0,0.375,1
191.0,598.0,0.416667,1
158.0,340.0,0.458333,1
157.0,374.0,0.5,1
188.0,401.0,0.541667,1
143.0,275.0,0.583333,1
152.0,278.0,0.625,1
168.0,342.0,0.666667,1
205.0,479.0,0.708333,1
204.0,553.0,0.75,1
210.0,531.0,0.791667,1
173.0,428.0,0.833333,1
123.0,229.0,0.875,1
92.0,145.0,0.916667,1
77.0,112.0,0.958333,1
74.0,99.0,0.0,1
74.0,98.0,0.0416667,1
47.0,54.0,0.0833333,1
-200.0,-200.0,0.125,1
44.0,59.0,0.166667,1
69.0,162.0,0.208333,1
79.0,268.0,0.25,1
108.0,531.0,0.291667,1
119.0,517.0,0.333333,1
165.0,701.0,0.375,1
172.0,510.0,0.416667,1
180.0,415.0,0.458333,1
130.0,243.0,0.5,1
120.0,267.0,0.541667,1
117.0,233.0,0.583333,1
141.0,295.0,0.625,1
151.0,309.0,0.666667,1
218.0,506.0,0.708333,1
213.0,479.0,0.75,1
194.0,460.0,0.791667,1
167.0,363.0,0.833333,1
115.0,213.0,0.875,1
98.0,183.0,0.916667,1
93.0,163.0,0.958333,1
87.0,152.0,0.0,1
71.0,104.0,0.0416667,1
49.0,61.0,0.0833333,1
-200.0,-200.0,0.125,1
44.0,54.0,0.166667,1
58.0,84.0,0.208333,1
66.0,132.0,0.25,1
112.0,422.0,0.291667,1
104.0,282.0,0.333333,1
103.0,293.0,0.375,1
118.0,334.0,0.416667,1
129.0,324.0,0.458333,1
127.0,294.0,0.5,1
130.0,273.0,0.541667,1
130.0,275.0,0.583333,1
118.0,282.0,0.625,1
146.0,323.0,0.666667,1
190.0,442.0,0.708333,1
189.0,431.0,0.75,1
173.0,402.0,0.791667,1
148.0,313.0,0.833333,1
116.0,228.0,0.875,1
109.0,218.0,0.916667,1
94.0,179.0,0.958333,1
64.0,97.0,0.0,1
59.0,83.0,0.0416667,1
64.0,80.0,0.0833333,1
-200.0,-200.0,0.125,1
52.0,66.0,0.166667,1
55.0,109.0,0.208333,1
83.0,232.0,0.25,1
114.0,535.0,0.291667,1
137.0,684.0,0.333333,1
160.0,803.0,0.375,1
138.0,539.0,0.416667,1
134.0,364.0,0.458333,1
143.0,422.0,0.5,1
153.0,483.0,0.541667,1
145.0,496.0,0.583333,1
123.0,403.0,0.625,1
96.0,282.0,0.666667,1
107.0,268.0,0.708333,1
119.0,306.0,0.75,1
109.0,293.0,0.791667,1
107.0,240.0,0.833333,1
57.0,93.0,0.875,1
60.0,99.0,0.916667,1
22.0,55.0,0.958333,1
2.0,19.0,0.0,1
7.0,26.0,0.0416667,1
8.0,26.0,0.0833333,1
-200.0,-200.0,0.125,1
27.0,42.0,0.166667,1
14.0,32.0,0.208333,1
3.0,25.0,0.25,1
9.0,28.0,0.291667,1
14.0,41.0,0.333333,1
52.0,130.0,0.375,1
64.0,173.0,0.416667,1
66.0,168.0,0.458333,1
14.0,51.0,0.5,1
9.0,31.0,0.541667,1
12.0,41.0,0.583333,1
14.0,41.0,0.625,1
21.0,54.0,0.666667,1
43.0,112.0,0.708333,1
62.0,178.0,0.75,1
68.0,218.0,0.791667,1
81.0,241.0,0.833333,1
88.0,223.0,0.875,1
99.0,279.0,0.916667,1
98.0,330.0,0.958333,1
97.0,330.0,0.0,1
101.0,341.0,0.0416667,1
90.0,205.0,0.0833333,1
-200.0,-200.0,0.125,1
61.0,130.0,0.166667,1
55.0,102.0,0.208333,1
46.0,79.0,0.25,1
56.0,148.0,0.291667,1
83.0,261.0,0.333333,1
55.0,107.0,0.375,1
47.0,103.0,0.416667,1
61.0,122.0,0.458333,1
58.0,127.0,0.5,1
59.0,110.0,0.541667,1
54.0,98.0,0.583333,1
69.0,146.0,0.625,1
54.0,119.0,0.666667,1
95.0,234.0,0.708333,1
99.0,261.0,0.75,1
127.0,371.0,0.791667,1
98.0,266.0,0.833333,1
112.0,268.0,0.875,1
115.0,294.0,0.916667,1
114.0,303.0,0.958333,1
103.0,241.0,0.0,1
81.0,142.0,0.0416667,1
75.0,110.0,0.0833333,1
-200.0,-200.0,0.125,1
64.0,104.0,0.166667,1
71.0,179.0,0.208333,1
99.0,361.0,0.25,1
132.0,799.0,0.291667,1
135.0,614.0,0.333333,1
94.0,275.0,0.375,1
103.0,325.0,0.416667,1
123.0,327.0,0.458333,1
95.0,252.0,0.5,1
90.0,226.0,0.541667,1
99.0,230.0,0.583333,1
107.0,244.0,0.625,1
112.0,251.0,0.666667,1
132.0,346.0,0.708333,1
148.0,407.0,0.75,1
158.0,490.0,0.791667,1
145.0,434.0,0.833333,1
128.0,345.0,0.875,1
105.0,192.0,0.916667,1
90.0,157.0,0.958333,1
85.0,148.0,0.0,1
73.0,105.0,0.0416667,1
74.0,141.0,0.0833333,1
-200.0,-200.0,0.125,1
61.0,107.0,0.166667,1
69.0,166.0,0.208333,1
82.0,241.0,0.25,1
120.0,368.0,0.291667,1
135.0,498.0,0.333333,1
152.0,641.0,0.375,1
177.0,667.0,0.416667,1
181.0,550.0,0.458333,1
176.0,483.0,0.5,1
163.0,524.0,0.541667,1
174.0,481.0,0.583333,1
117.0,305.0,0.625,1
145.0,396.0,0.666667,1
173.0,501.0,0.708333,1
204.0,702.0,0.75,1
209.0,755.0,0.791667,1
175.0,524.0,0.833333,1
129.0,247.0,0.875,1
111.0,196.0,0.916667,1
85.0,135.0,0.958333,1
86.0,146.0,0.0,1
71.0,106.0,0.0416667,1
60.0,70.0,0.0833333,1
-200.0,-200.0,0.125,1
48.0,62.0,0.166667,1
45.0,60.0,0.208333,1
53.0,92.0,0.25,1
94.0,277.0,0.291667,1
122.0,600.0,0.333333,1
170.0,693.0,0.375,1
174.0,617.0,0.416667,1
191.0,569.0,0.458333,1
179.0,409.0,0.5,1
148.0,335.0,0.541667,1
129.0,290.0,0.583333,1
148.0,312.0,0.625,1
184.0,440.0,0.666667,1
188.0,450.0,0.708333,1
204.0,578.0,0.75,1
201.0,615.0,0.791667,1
165.0,536.0,0.833333,1
133.0,238.0,0.875,1
125.0,249.0,0.916667,1
101.0,150.0,0.958333,1
79.0,108.0,0.0,1
-200.0,-200.0,0.0416667,1
-200.0,-200.0,0.0833333,1
-200.0,-200.0,0.125,1
-200.0,-200.0,0.166667,1
-200.0,-200.0,0.208333,1
-200.0,-200.0,0.25,1
-200.0,-200.0,0.291667,1
-200.0,-200.0,0.333333,1
-200.0,-200.0,0.375,1
-200.0,-200.0,0.416667,1
-200.0,-200.0,0.458333,1
-200.0,-200.0,0.5,1
101.0,223.0,0.541667,1
113.0,267.0,0.583333,1
121.0,308.0,0.625,1
146.0,422.0,0.666667,1
188.0,623.0,0.708333,1
182.0,572.0,0.75,1
166.0,514.0,0.791667,1
142.0,414.0,0.833333,1
84.0,143.0,0.875,1
87.0,147.0,0.916667,1
91.0,159.0,0.958333,1
91.0,206.0,0.0,1
74.0,140.0,0.0416667,1
69.0,132.0,0.0833333,1
-200.0,-200.0,0.125,1
54.0,81.0,0.166667,1
60.0,120.0,0.208333,1
69.0,279.0,0.25,1
91.0,392.0,0.291667,1
97.0,433.0,0.333333,1
114.0,531.0,0.375,1
129.0,619.0,0.416667,1
137.0,522.0,0.458333,1
134.0,505.0,0.5,1
132.0,465.0,0.541667,1
123.0,383.0,0.583333,0
105.0,278.0,0.625,1
136.0,372.0,0.666667,1
169.0,540.0,0.708333,1
-200.0,-200.0,0.75,1
-200.0,-200.0,0.791667,1
-200.0,-200.0,0.833333,1
-200.0,-200.0,0.875,1
-200.0,-200.0,0.916667,1
-200.0,-200.0,0.958333,1
-200.0,-200.0,0.0,1
-200.0,-200.0,0.0416667,1
-200.0,-200.0,0.0833333,1
-200.0,-200.0,0.125,1
-200.0,-200.0,0.166667,1
-200.0,-200.0,0.208333,1
-200.0,-200.0,0.25,1
-200.0,-200.0,0.291667,1
-200.0,-200.0,0.333333,1
-200.0,-200.0,0.375,1
-200.0,-200.0,0.416667,1
-200.0,-200.0,0.458333,1
-200.0,-200.0,0.5,1
-200.0,-200.0,0.541667,1
-200.0,-200.0,0.583333,1
-200.0,-200.0,0.625,1
-200.0,-200.0,0.666667,1
-200.0,-200.0,0.708333,1
-200.0,-200.0,0.75,1
-200.0,-200.0,0.791667,1
-200.0,-200.0,0.833333,1
-200.0,-200.0,0.875,1
-200.0,-200.0,0.916667,1
-200.0,-200.0,0.958333,1
-200.0,-200.0,0.0,1
-200.0,-200.0,0.0416667,1
-200.0,-200.0,0.0833333,1
-200.0,-200.0,0.125,1
-200.0,-200.0,0.166667,1
-200.0,-200.0,0.208333,1
-200.0,-200.0,0.25,1
-200.0,-200.0,0.291667,1
-200.0,-200.0,0.333333,1
-200.0,-200.0,0.375,1
-200.0,-200.0,0.416667,1
-200.0,-200.0,0.458333,1
-200.0,-200.0,0.5,1
-200.0,-200.0,0.541667,1
-200.0,-200.0,0.583333,1
-200.0,-200.0,0.625,1
-200.0,-200.0,0.666667,1
-200.0,-200.0,0.708333,1
-200.0,-200.0,0.75,1
-200.0,-200.0,0.791667,1
-200.0,-200.0,0.833333,1
-200.0,-200.0,0.875,1
-200.0,-200.0,0.916667,1
-200.0,-200.0,0.958333,1
-200.0,-200.0,0.0,1
-200.0,-200.0,0.0416667,1
-200.0,-200.0,0.0833333,1
-200.0,-200.0,0.125,1
-200.0,-200.0,0.166667,1
-200.0,-200.0,0.208333,1
-200.0,-200.0,0.25,1
-200.0,-200.0,0.291667,1
-200.0,-200.0,0.333333,1
-200.0,-200.0,0.375,1
-200.0,-200.0,0.416667,1
-200.0,-200.0,0.458333,1
-200.0,-200.0,0.5,1
-200.0,-200.0,0.541667,1
-200.0,-200.0,0.583333,1
-200.0,-200.0,0.625,1
-200.0,-200.0,0.666667,1
-200.0,-200.0,0.708333,1
-200.0,-200.0,0.75,1
-200.0,-200.0,0.791667,1
-200.0,-200.0,0.833333,1
-200.0,-200.0,0.875,1
-200.0,-200.0,0.916667,1
-200.0,-200.0,0.958333,1
-200.0,-200.0,0.0,1
-200.0,-200.0,0.0416667,1
-200.0,-200.0,0.0833333,1
-200.0,-200.0,0.125,1
-200.0,-200.0,0.166667,1
-200.0,-200.0,0.208333,1
-200.0,-200.0,0.25,1
-200.0,-200.0,0.291667,1
-200.0,-200.0,0.333333,1
-200.0,-200.0,0.375,1
-200.0,-200.0,0.416667,1
-200.0,-200.0,0.458333,1
-200.0,-200.0,0.5,1
-200.0,-200.0,0.541667,1
-200.0,-200.0,0.583333,1
-200.0,-200.0,0.625,1
-200.0,-200.0,0.666667,1
-200.0,-200.0,0.708333,1
-200.0,-200.0,0.75,1
-200.0,-200.0,0.791667,1
-200.0,-200.0,0.833333,1
-200.0,-200.0,0.875,1
-200.0,-200.0,0.916667,1
-200.0,-200.0,0.958333,1
-200.0,-200.0,0.0,1
-200.0,-200.0,0.0416667,1
-200.0,-200.0,0.0833333,1
-200.0,-200.0,0.125,1
-200.0,-200.0,0.166667,1
-200.0,-200.0,0.208333,1
-200.0,-200.0,0.25,1
-200.0,-200.0,0.291667,1
-200.0,-200.0,0.333333,1
-200.0,-200.0,0.375,1
-200.0,-200.0,0.416667,1
-200.0,-200.0,0.458333,1
-200.0,-200.0,0.5,1
-200.0,-200.0,0.541667,1
-200.0,-200.0,0.583333,1
-200.0,-200.0,0.625,1
-200.0,-200.0,0.666667,1
-200.0,-200.0,0.708333,1
-200.0,-200.0,0.75,1
-200.0,-200.0,0.791667,1
-200.0,-200.0,0.833333,1
-200.0,-200.0,0.875,1
-200.0,-200.0,0.916667,1
-200.0,-200.0,0.958333,1
-200.0,-200.0,0.0,1
-200.0,-200.0,0.0416667,1
-200.0,-200.0,0.0833333,1
-200.0,-200.0,0.125,1
-200.0,-200.0,0.166667,1
-200.0,-200.0,0.208333,1
-200.0,-200.0,0.25,1
-200.0,-200.0,0.291667,1
-200.0,-200.0,0.333333,1
-200.0,-200.0,0.375,1
-200.0,-200.0,0.416667,1
-200.0,-200.0,0.458333,1
-200.0,-200.0,0.5,1
-200.0,-200.0,0.541667,1
-200.0,-200.0,0.583333,1
-200.0,-200.0,0.625,1
87.0,267.0,0.666667,1
111.0,398.0,0.708333,1
119.0,418.0,0.75,1
128.0,515.0,0.791667,1
117.0,669.0,0.833333,1
92.0,326.0,0.875,1
73.0,209.0,0.916667,1
60.0,183.0,0.958333,1
60.0,165.0,0.0,1
53.0,111.0,0.0416667,1
47.0,67.0,0.0833333,1
-200.0,-200.0,0.125,1
43.0,88.0,0.166667,1
47.0,147.0,0.208333,1
50.0,279.0,0.25,1
81.0,665.0,0.291667,1
75.0,592.0,0.333333,1
87.0,557.0,0.375,1
128.0,693.0,0.416667,1
105.0,530.0,0.458333,1
101.0,412.0,0.5,1
100.0,366.0,0.541667,1
98.0,344.0,0.583333,1
98.0,339.0,0.625,1
98.0,297.0,0.666667,1
90.0,294.0,0.708333,1
84.0,211.0,0.75,1
101.0,323.0,0.791667,1
98.0,333.0,0.833333,1
76.0,163.0,0.875,1
71.0,151.0,0.916667,1
71.0,167.0,0.958333,1
66.0,174.0,0.0,1
62.0,142.0,0.0416667,1
58.0,155.0,0.0833333,1
-200.0,-200.0,0.125,1
48.0,96.0,0.166667,1
53.0,154.0,0.208333,1
55.0,211.0,0.25,1
63.0,381.0,0.291667,1
69.0,470.0,0.333333,1
84.0,464.0,0.375,1
95.0,450.0,0.416667,1
80.0,274.0,0.458333,1
87.0,306.0,0.5,1
94.0,308.0,0.541667,1
76.0,186.0,0.583333,1
92.0,238.0,0.625,1
94.0,249.0,0.666667,1
110.0,378.0,0.708333,1
109.0,386.0,0.75,1
122.0,461.0,0.791667,1
107.0,394.0,0.833333,1
83.0,266.0,0.875,1
62.0,158.0,0.916667,1
89.0,319.0,0.958333,1
103.0,409.0,0.0,1
74.0,223.0,0.0416667,1
52.0,107.0,0.0833333,1
-200.0,-200.0,0.125,1
38.0,50.0,0.166667,1
39.0,56.0,0.208333,1
59.0,163.0,0.25,1
56.0,187.0,0.291667,1
51.0,150.0,0.333333,1
51.0,103.0,0.375,1
58.0,143.0,0.416667,1
68.0,220.0,0.458333,1
81.0,301.0,0.5,1
73.0,214.0,0.541667,1
69.0,162.0,0.583333,1
81.0,232.0,0.625,1
82.0,254.0,0.666667,1
71.0,224.0,0.708333,1
81.0,247.0,0.75,1
87.0,334.0,0.791667,1
72.0,239.0,0.833333,1
63.0,168.0,0.875,1
63.0,185.0,0.916667,1
63.0,178.0,0.958333,1
55.0,132.0,0.0,1
52.0,135.0,0.0416667,1
32.0,39.0,0.0833333,1
-200.0,-200.0,0.125,1
29.0,33.0,0.166667,1
44.0,90.0,0.208333,1
53.0,164.0,0.25,1
62.0,336.0,0.291667,1
68.0,366.0,0.333333,1
85.0,565.0,0.375,1
88.0,536.0,0.416667,1
82.0,416.0,0.458333,1
91.0,379.0,0.5,1
87.0,368.0,0.541667,1
90.0,444.0,0.583333,1
97.0,352.0,0.625,1
99.0,375.0,0.666667,1
109.0,479.0,0.708333,1
95.0,448.0,0.75,1
80.0,388.0,0.791667,1
76.0,376.0,0.833333,1
62.0,224.0,0.875,1
57.0,206.0,0.916667,1
57.0,143.0,0.958333,1
54.0,113.0,0.0,1
50.0,93.0,0.0416667,1
44.0,58.0,0.0833333,1
-200.0,-200.0,0.125,1
34.0,56.0,0.166667,1
44.0,105.0,0.208333,1
74.0,243.0,0.25,1
101.0,492.0,0.291667,1
103.0,435.0,0.333333,1
-200.0,-200.0,0.375,1
-200.0,-200.0,0.416667,1
-200.0,-200.0,0.458333,1
-200.0,-200.0,0.5,1
-200.0,-200.0,0.541667,1
-200.0,-200.0,0.583333,1
-200.0,-200.0,0.625,1
-200.0,-200.0,0.666667,1
-200.0,-200.0,0.708333,1
-200.0,-200.0,0.75,1
-200.0,-200.0,0.791667,1
-200.0,-200.0,0.833333,1
-200.0,-200.0,0.875,1
-200.0,-200.0,0.916667,1
-200.0,-200.0,0.958333,1
-200.0,-200.0,0.0,1
-200.0,-200.0,0.0416667,1
-200.0,-200.0,0.0833333,1
-200.0,-200.0,0.125,1
-200.0,-200.0,0.166667,1
-200.0,-200.0,0.208333,1
-200.0,-200.0,0.25,1
-200.0,-200.0,0.291667,1
-200.0,-200.0,0.333333,1
78.0,286.0,0.375,1
72.0,281.0,0.416667,1
-200.0,-200.0,0.458333,1
-200.0,-200.0,0.5,1
-200.0,-200.0,0.541667,1
-200.0,-200.0,0.583333,1
-200.0,-200.0,0.625,1
-200.0,-200.0,0.666667,1
-200.0,-200.0,0.708333,1
-200.0,-200.0,0.75,1
-200.0,-200.0,0.791667,1
-200.0,-200.0,0.833333,1
-200.0,-200.0,0.875,1
-200.0,-200.0,0.916667,1
-200.0,-200.0,0.958333,1
-200.0,-200.0,0.0,1
-200.0,-200.0,0.0416667,1
-200.0,-200.0,0.0833333,1
-200.0,-200.0,0.125,1
-200.0,-200.0,0.166667,1
-200.0,-200.0,0.208333,1
-200.0,-200.0,0.25,1
-200.0,-200.0,0.291667,1
-200.0,-200.0,0.333333,1
-200.0,-200.0,0.375,1
-200.0,-200.0,0.416667,1
-200.0,-200.0,0.458333,1
-200.0,-200.0,0.5,1
-200.0,-200.0,0.541667,1
-200.0,-200.0,0.583333,1
-200.0,-200.0,0.625,1
-200.0,-200.0,0.666667,1
-200.0,-200.0,0.708333,1
-200.0,-200.0,0.75,1
-200.0,-200.0,0.791667,1
-200.0,-200.0,0.833333,1
-200.0,-200.0,0.875,1
-200.0,-200.0,0.916667,1
-200.0,-200.0,0.958333,1
-200.0,-200.0,0.0,1
-200.0,-200.0,0.0416667,1
-200.0,-200.0,0.0833333,1
-200.0,-200.0,0.125,1
-200.0,-200.0,0.166667,1
-200.0,-200.0,0.208333,1
-200.0,-200.0,0.25,1
-200.0,-200.0,0.291667,1
-200.0,-200.0,0.333333,1
-200.0,-200.0,0.375,1
-200.0,-200.0,0.416667,1
-200.0,-200.0,0.458333,1
-200.0,-200.0,0.5,1
-200.0,-200.0,0.541667,1
-200.0,-200.0,0.583333,1
-200.0,-200.0,0.625,1
-200.0,-200.0,0.666667,1
-200.0,-200.0,0.708333,1
-200.0,-200.0,0.75,1
-200.0,-200.0,0.791667,1
-200.0,-200.0,0.833333,1
-200.0,-200.0,0.875,1
-200.0,-200.0,0.916667,1
-200.0,-200.0,0.958333,1
-200.0,-200.0,0.0,1
-200.0,-200.0,0.0416667,1
-200.0,-200.0,0.0833333,1
-200.0,-200.0,0.125,1
-200.0,-200.0,0.166667,1
-200.0,-200.0,0.208333,1
-200.0,-200.0,0.25,1
-200.0,-200.0,0.291667,1
-200.0,-200.0,0.333333,1
-200.0,-200.0,0.375,1
-200.0,-200.0,0.416667,1
-200.0,-200.0,0.458333,1
-200.0,-200.0,0.5,1
-200.0,-200.0,0.541667,1
-200.0,-200.0,0.583333,1
-200.0,-200.0,0.625,1
-200.0,-200.0,0.666667,1
-200.0,-200.0,0.708333,1
-200.0,-200.0,0.75,1
-200.0,-200.0,0.791667,1
-200.0,-200.0,0.833333,1
-200.0,-200.0,0.875,1
-200.0,-200.0,0.916667,1
-200.0,-200.0,0.958333,1
-200.0,-200.0,0.0,1
-200.0,-200.0,0.0416667,1
-200.0,-200.0,0.0833333,1
-200.0,-200.0,0.125,1
-200.0,-200.0,0.166667,1
-200.0,-200.0,0.208333,1
-200.0,-200.0,0.25,1
-200.0,-200.0,0.291667,1
-200.0,-200.0,0.333333,1
-200.0,-200.0,0.375,1
-200.0,-200.0,0.416667,1
-200.0,-200.0,0.458333,1
-200.0,-200.0,0.5,1
-200.0,-200.0,0.541667,1
-200.0,-200.0,0.583333,1
-200.0,-200.0,0.625,1
-200.0,-200.0,0.666667,1
-200.0,-200.0,0.708333,1
-200.0,-200.0,0.75,1
-200.0,-200.0,0.791667,1
-200.0,-200.0,0.833333,1
-200.0,-200.0,0.875,1
-200.0,-200.0,0.916667,1
-200.0,-200.0,0.958333,1
-200.0,-200.0,0.0,1
-200.0,-200.0,0.0416667,1
-200.0,-200.0,0.0833333,1
-200.0,-200.0,0.125,1
-200.0,-200.0,0.166667,1
-200.0,-200.0,0.208333,1
-200.0,-200.0,0.25,1
-200.0,-200.0,0.291667,1
-200.0,-200.0,0.333333,1
-200.0,-200.0,0.375,1
-200.0,-200.0,0.416667,1
-200.0,-200.0,0.458333,1
-200.0,-200.0,0.5,1
-200.0,-200.0,0.541667,1
-200.0,-200.0,0.583333,1
-200.0,-200.0,0.625,1
-200.0,-200.0,0.666667,1
-200.0,-200.0,0.708333,1
-200.0,-200.0,0.75,1
-200.0,-200.0,0.791667,1
-200.0,-200.0,0.833333,1
-200.0,-200.0,0.875,1
-200.0,-200.0,0.916667,1
-200.0,-200.0,0.958333,1
-200.0,-200.0,0.0,1
-200.0,-200.0,0.0416667,1
-200.0,-200.0,0.0833333,1
-200.0,-200.0,0.125,1
-200.0,-200.0,0.166667,1
-200.0,-200.0,0.208333,1
-200.0,-200.0,0.25,1
-200.0,-200.0,0.291667,1
-200.0,-200.0,0.333333,1
-200.0,-200.0,0.375,1
-200.0,-200.0,0.416667,1
-200.0,-200.0,0.458333,1
-200.0,-200.0,0.5,1
-200.0,-200.0,0.541667,1
-200.0,-200.0,0.583333,1
-200.0,-200.0,0.625,1
-200.0,-200.0,0.666667,1
-200.0,-200.0,0.708333,1
-200.0,-200.0,0.75,1
-200.0,-200.0,0.791667,1
-200.0,-200.0,0.833333,1
-200.0,-200.0,0.875,1
-200.0,-200.0,0.916667,1
-200.0,-200.0,0.958333,1
-200.0,-200.0,0.0,1
-200.0,-200.0,0.0416667,1
-200.0,-200.0,0.0833333,1
-200.0,-200.0,0.125,1
-200.0,-200.0,0.166667,1
-200.0,-200.0,0.208333,1
-200.0,-200.0,0.25,1
-200.0,-200.0,0.291667,1
-200.0,-200.0,0.333333,1
-200.0,-200.0,0.375,1
-200.0,-200.0,0.416667,1
-200.0,-200.0,0.458333,1
-200.0,-200.0,0.5,1
-200.0,-200.0,0.541667,1
-200.0,-200.0,0.583333,1
-200.0,-200.0,0.625,1
167.0,652.0,0.666667,1
194.0,895.0,0.708333,1
172.0,826.0,0.75,1
134.0,648.0,0.791667,1
130.0,629.0,0.833333,1
113.0,529.0,0.875,1
99.0,405.0,0.916667,1
109.0,461.0,0.958333,1
105.0,486.0,0.0,1
91.0,335.0,0.0416667,1
77.0,210.0,0.0833333,1
-200.0,-200.0,0.125,1
59.0,99.0,0.166667,1
60.0,149.0,0.208333,1
72.0,203.0,0.25,1
83.0,332.0,0.291667,1
104.0,446.0,0.333333,1
119.0,524.0,0.375,1
105.0,347.0,0.416667,1
91.0,273.0,0.458333,1
103.0,404.0,0.5,1
-200.0,-200.0,0.541667,1
111.0,312.0,0.583333,1
101.0,369.0,0.625,1
102.0,362.0,0.666667,1
101.0,335.0,0.708333,1
118.0,447.0,0.75,1
120.0,576.0,0.791667,1
107.0,486.0,0.833333,1
104.0,439.0,0.875,1
91.0,462.0,0.916667,1
91.0,441.0,0.958333,1
74.0,223.0,0.0,1
63.0,126.0,0.0416667,1
57.0,116.0,0.0833333,1
-200.0,-200.0,0.125,1
48.0,125.0,0.166667,1
49.0,198.0,0.208333,1
55.0,185.0,0.25,1
78.0,425.0,0.291667,1
91.0,465.0,0.333333,1
88.0,341.0,0.375,1
83.0,316.0,0.416667,1
81.0,241.0,0.458333,1
83.0,266.0,0.5,1
111.0,412.0,0.541667,1
112.0,394.0,0.583333,1
112.0,365.0,0.625,1
137.0,548.0,0.666667,1
152.0,494.0,0.708333,1
163.0,686.0,0.75,1
135.0,556.0,0.791667,1
119.0,467.0,0.833333,1
91.0,297.0,0.875,1
74.0,164.0,0.916667,1
73.0,196.0,0.958333,1
71.0,201.0,0.0,1
57.0,132.0,0.0416667,1
51.0,146.0,0.0833333,1
-200.0,-200.0,0.125,1
42.0,94.0,0.166667,1
43.0,127.0,0.208333,1
52.0,217.0,0.25,1
65.0,394.0,0.291667,1
69.0,511.0,0.333333,1
91.0,523.0,0.375,1
92.0,471.0,0.416667,1
102.0,441.0,0.458333,1
118.0,414.0,0.5,1
111.0,317.0,0.541667,1
101.0,230.0,0.583333,1
119.0,365.0,0.625,1
115.0,360.0,0.666667,1
120.0,420.0,0.708333,1
115.0,475.0,0.75,1
118.0,526.0,0.791667,1
117.0,460.0,0.833333,1
96.0,255.0,0.875,1
89.0,283.0,0.916667,1
84.0,271.0,0.958333,1
97.0,315.0,0.0,1
68.0,227.0,0.0416667,1
66.0,243.0,0.0833333,1
-200.0,-200.0,0.125,1
51.0,142.0,0.166667,1
48.0,139.0,0.208333,1
47.0,182.0,0.25,1
48.0,196.0,0.291667,1
45.0,108.0,0.333333,1
59.0,175.0,0.375,1
84.0,266.0,0.416667,1
72.0,179.0,0.458333,1
68.0,154.0,0.5,1
52.0,95.0,0.541667,1
70.0,151.0,0.583333,1
90.0,230.0,0.625,1
87.0,239.0,0.666667,1
99.0,306.0,0.708333,1
128.0,472.0,0.75,1
127.0,532.0,0.791667,1
99.0,375.0,0.833333,1
72.0,147.0,0.875,1
62.0,118.0,0.916667,1
62.0,181.0,0.958333,1
63.0,209.0,0.0,1
56.0,167.0,0.0416667,1
44.0,112.0,0.0833333,1
-200.0,-200.0,0.125,1
37.0,108.0,0.166667,1
48.0,181.0,0.208333,1
59.0,253.0,0.25,1
77.0,521.0,0.291667,1
88.0,649.0,0.333333,1
111.0,516.0,0.375,1
114.0,487.0,0.416667,1
108.0,529.0,0.458333,1
111.0,565.0,0.5,1
126.0,558.0,0.541667,1
117.0,568.0,0.583333,1
119.0,605.0,0.625,1
125.0,666.0,0.666667,1
158.0,814.0,0.708333,1
149.0,860.0,0.75,1
136.0,820.0,0.791667,1
112.0,742.0,0.833333,1
87.0,492.0,0.875,1
82.0,464.0,0.916667,1
67.0,258.0,0.958333,1
68.0,311.0,0.0,1
60.0,231.0,0.0416667,1
48.0,127.0,0.0833333,1
-200.0,-200.0,0.125,1
42.0,124.0,0.166667,1
46.0,138.0,0.208333,1
54.0,228.0,0.25,1
82.0,383.0,0.291667,1
93.0,581.0,0.333333,1
95.0,545.0,0.375,1
120.0,593.0,0.416667,1
132.0,602.0,0.458333,1
146.0,624.0,0.5,1
157.0,546.0,0.541667,1
158.0,597.0,0.583333,1
175.0,688.0,0.625,1
166.0,760.0,0.666667,1
187.0,918.0,0.708333,1
180.0,952.0,0.75,1
134.0,685.0,0.791667,1
127.0,561.0,0.833333,1
95.0,239.0,0.875,1
79.0,175.0,0.916667,1
78.0,169.0,0.958333,1
80.0,215.0,0.0,1
67.0,115.0,0.0416667,1
61.0,94.0,0.0833333,1
-200.0,-200.0,0.125,1
51.0,80.0,0.166667,1
56.0,132.0,0.208333,1
68.0,295.0,0.25,1
101.0,517.0,0.291667,1
119.0,555.0,0.333333,1
108.0,429.0,0.375,1
132.0,561.0,0.416667,1
130.0,427.0,0.458333,1
129.0,445.0,0.5,1
117.0,538.0,0.541667,1
119.0,556.0,0.583333,1
113.0,370.0,0.625,1
102.0,257.0,0.666667,1
101.0,266.0,0.708333,1
116.0,403.0,0.75,1
101.0,275.0,0.791667,1
94.0,338.0,0.833333,1
75.0,176.0,0.875,1
69.0,159.0,0.916667,1
60.0,147.0,0.958333,1
58.0,99.0,0.0,1
51.0,98.0,0.0416667,1
45.0,109.0,0.0833333,1
-200.0,-200.0,0.125,1
41.0,112.0,0.166667,1
48.0,163.0,0.208333,1
61.0,326.0,0.25,1
88.0,640.0,0.291667,1
102.0,736.0,0.333333,1
97.0,667.0,0.375,1
116.0,677.0,0.416667,1
112.0,425.0,0.458333,1
101.0,349.0,0.5,1
99.0,332.0,0.541667,1
113.0,412.0,0.583333,1
122.0,631.0,0.625,1
139.0,677.0,0.666667,1
149.0,761.0,0.708333,1
136.0,650.0,0.75,1
103.0,262.0,0.791667,1
112.0,292.0,0.833333,1
88.0,177.0,0.875,1
63.0,103.0,0.916667,1
69.0,127.0,0.958333,1
65.0,119.0,0.0,1
50.0,83.0,0.0416667,1
43.0,65.0,0.0833333,1
-200.0,-200.0,0.125,1
56.0,84.0,0.166667,1
69.0,200.0,0.208333,1
91.0,242.0,0.25,1
111.0,366.0,0.291667,1
124.0,404.0,0.333333,1
119.0,429.0,0.375,1
77.0,169.0,0.416667,1
101.0,419.0,0.458333,1
116.0,603.0,0.5,1
137.0,589.0,0.541667,1
163.0,706.0,0.583333,1
144.0,592.0,0.625,1
118.0,305.0,0.666667,1
135.0,371.0,0.708333,1
129.0,465.0,0.75,1
128.0,390.0,0.791667,1
103.0,227.0,0.833333,1
116.0,284.0,0.875,1
95.0,211.0,0.916667,1
107.0,297.0,0.958333,1
108.0,351.0,0.0,1
94.0,259.0,0.0416667,1
84.0,214.0,0.0833333,1
-200.0,-200.0,0.125,1
72.0,173.0,0.166667,1
76.0,192.0,0.208333,1
82.0,237.0,0.25,1
94.0,413.0,0.291667,1
102.0,455.0,0.333333,1
106.0,493.0,0.375,1
108.0,482.0,0.416667,1
152.0,599.0,0.458333,1
160.0,481.0,0.5,1
133.0,406.0,0.541667,1
147.0,419.0,0.583333,1
135.0,387.0,0.625,1
135.0,461.0,0.666667,1
129.0,493.0,0.708333,1
117.0,532.0,0.75,1
116.0,581.0,0.791667,1
109.0,494.0,0.833333,1
96.0,392.0,0.875,1
90.0,311.0,0.916667,1
82.0,236.0,0.958333,1
86.0,270.0,0.0,1
72.0,199.0,0.0416667,1
61.0,146.0,0.0833333,1
-200.0,-200.0,0.125,1
45.0,74.0,0.166667,1
37.0,55.0,0.208333,1
31.0,43.0,0.25,1
30.0,46.0,0.291667,1
41.0,139.0,0.333333,1
64.0,169.0,0.375,1
74.0,254.0,0.416667,1
77.0,303.0,0.458333,1
83.0,259.0,0.5,1
71.0,226.0,0.541667,1
62.0,161.0,0.583333,1
62.0,182.0,0.625,1
79.0,289.0,0.666667,1
93.0,340.0,0.708333,1
106.0,544.0,0.75,1
100.0,543.0,0.791667,1
89.0,501.0,0.833333,1
83.0,521.0,0.875,1
76.0,352.0,0.916667,1
68.0,321.0,0.958333,1
69.0,318.0,0.0,1
77.0,338.0,0.0416667,1
68.0,353.0,0.0833333,1
-200.0,-200.0,0.125,1
52.0,291.0,0.166667,1
49.0,279.0,0.208333,1
45.0,200.0,0.25,1
51.0,180.0,0.291667,1
51.0,213.0,0.333333,1
62.0,266.0,0.375,1
74.0,247.0,0.416667,1
88.0,326.0,0.458333,1
90.0,319.0,0.5,1
91.0,320.0,0.541667,1
64.0,174.0,0.583333,1
72.0,216.0,0.625,1
88.0,376.0,0.666667,1
110.0,496.0,0.708333,1
95.0,523.0,0.75,1
91.0,465.0,0.791667,1
94.0,407.0,0.833333,1
86.0,412.0,0.875,1
79.0,403.0,0.916667,1
71.0,357.0,0.958333,1
62.0,259.0,0.0,1
56.0,227.0,0.0416667,1
49.0,147.0,0.0833333,1
-200.0,-200.0,0.125,1
38.0,72.0,0.166667,1
35.0,96.0,0.208333,1
37.0,73.0,0.25,1
56.0,309.0,0.291667,1
85.0,607.0,0.333333,1
112.0,562.0,0.375,1
107.0,560.0,0.416667,1
151.0,844.0,0.458333,1
151.0,667.0,0.5,1
150.0,583.0,0.541667,1
190.0,726.0,0.583333,1
168.0,674.0,0.625,1
127.0,544.0,0.666667,1
140.0,715.0,0.708333,1
158.0,789.0,0.75,1
121.0,737.0,0.791667,1
119.0,859.0,0.833333,1
96.0,668.0,0.875,1
77.0,454.0,0.916667,1
66.0,337.0,0.958333,1
56.0,127.0,0.0,1
62.0,281.0,0.0416667,1
58.0,252.0,0.0833333,1
-200.0,-200.0,0.125,1
37.0,65.0,0.166667,1
35.0,69.0,0.208333,1
50.0,151.0,0.25,1
64.0,231.0,0.291667,1
75.0,297.0,0.333333,1
101.0,515.0,0.375,1
94.0,499.0,0.416667,1
95.0,445.0,0.458333,1
124.0,464.0,0.5,1
86.0,298.0,0.541667,1
79.0,266.0,0.583333,1
87.0,323.0,0.625,1
94.0,352.0,0.666667,1
107.0,372.0,0.708333,1
107.0,383.0,0.75,1
117.0,455.0,0.791667,1
97.0,355.0,0.833333,1
90.0,267.0,0.875,1
86.0,308.0,0.916667,1
77.0,313.0,0.958333,1
66.0,216.0,0.0,1
57.0,137.0,0.0416667,1
55.0,140.0,0.0833333,1
-200.0,-200.0,0.125,1
40.0,94.0,0.166667,1
40.0,79.0,0.208333,1
46.0,156.0,0.25,1
53.0,153.0,0.291667,1
84.0,464.0,0.333333,1
88.0,435.0,0.375,1
143.0,683.0,0.416667,1
130.0,523.0,0.458333,1
120.0,460.0,0.5,1
139.0,417.0,0.541667,1
139.0,486.0,0.583333,1
156.0,512.0,0.625,1
143.0,595.0,0.666667,1
186.0,1052.0,0.708333,1
171.0,1014.0,0.75,1
124.0,633.0,0.791667,1
97.0,485.0,0.833333,1
92.0,480.0,0.875,1
96.0,572.0,0.916667,1
74.0,345.0,0.958333,1
65.0,195.0,0.0,1
62.0,213.0,0.0416667,1
59.0,216.0,0.0833333,1
-200.0,-200.0,0.125,1
41.0,73.0,0.166667,1
38.0,67.0,0.208333,1
43.0,96.0,0.25,1
52.0,162.0,0.291667,1
75.0,305.0,0.333333,1
118.0,725.0,0.375,1
126.0,658.0,0.416667,1
151.0,710.0,0.458333,1
107.0,445.0,0.5,1
114.0,455.0,0.541667,1
125.0,524.0,0.583333,1
138.0,527.0,0.625,1
144.0,601.0,0.666667,1
180.0,1001.0,0.708333,1
154.0,852.0,0.75,1
105.0,370.0,0.791667,1
98.0,348.0,0.833333,1
93.0,361.0,0.875,1
76.0,255.0,0.916667,1
69.0,162.0,0.958333,1
66.0,166.0,0.0,1
76.0,247.0,0.0416667,1
73.0,255.0,0.0833333,1
-200.0,-200.0,0.125,1
54.0,129.0,0.166667,1
44.0,83.0,0.208333,1
45.0,114.0,0.25,1
58.0,233.0,0.291667,1
87.0,448.0,0.333333,1
97.0,455.0,0.375,1
80.0,254.0,0.416667,1
82.0,313.0,0.458333,1
112.0,490.0,0.5,1
121.0,496.0,0.541667,1
132.0,514.0,0.583333,1
141.0,454.0,0.625,1
130.0,507.0,0.666667,1
113.0,474.0,0.708333,1
101.0,404.0,0.75,1
91.0,356.0,0.791667,1
90.0,345.0,0.833333,1
90.0,395.0,0.875,1
83.0,249.0,0.916667,1
73.0,197.0,0.958333,1
80.0,224.0,0.0,1
87.0,231.0,0.0416667,1
79.0,177.0,0.0833333,1
-200.0,-200.0,0.125,1
56.0,98.0,0.166667,1
42.0,64.0,0.208333,1
31.0,44.0,0.25,1
35.0,53.0,0.291667,1
51.0,94.0,0.333333,1
58.0,100.0,0.375,1
57.0,98.0,0.416667,1
63.0,115.0,0.458333,1
61.0,115.0,0.5,1
34.0,76.0,0.541667,1
26.0,55.0,0.583333,1
28.0,59.0,0.625,1
50.0,95.0,0.666667,1
55.0,107.0,0.708333,1
84.0,189.0,0.75,1
140.0,386.0,0.791667,1
138.0,412.0,0.833333,1
127.0,342.0,0.875,1
117.0,255.0,0.916667,1
57.0,89.0,0.958333,1
59.0,106.0,0.0,1
62.0,109.0,0.0416667,1
42.0,67.0,0.0833333,1
-200.0,-200.0,0.125,1
13.0,13.0,0.166667,1
18.0,20.0,0.208333,1
26.0,33.0,0.25,1
72.0,146.0,0.291667,1
131.0,359.0,0.333333,1
133.0,322.0,0.375,1
116.0,293.0,0.416667,1
117.0,255.0,0.458333,1
103.0,233.0,0.5,1
100.0,220.0,0.541667,1
105.0,246.0,0.583333,1
121.0,272.0,0.625,1
132.0,358.0,0.666667,1
156.0,514.0,0.708333,1
183.0,742.0,0.75,1
-200.0,-200.0,0.791667,1
-200.0,-200.0,0.833333,1
-200.0,-200.0,0.875,1
-200.0,-200.0,0.916667,1
-200.0,-200.0,0.958333,1
-200.0,-200.0,0.0,1
-200.0,-200.0,0.0416667,1
-200.0,-200.0,0.0833333,1
-200.0,-200.0,0.125,1
-200.0,-200.0,0.166667,1
-200.0,-200.0,0.208333,1
-200.0,-200.0,0.25,1
-200.0,-200.0,0.291667,1
-200.0,-200.0,0.333333,1
-200.0,-200.0,0.375,1
-200.0,-200.0,0.416667,1
-200.0,-200.0,0.458333,1
-200.0,-200.0,0.5,1
-200.0,-200.0,0.541667,1
-200.0,-200.0,0.583333,1
-200.0,-200.0,0.625,1
-200.0,-200.0,0.666667,1
-200.0,-200.0,0.708333,1
-200.0,-200.0,0.75,1
-200.0,-200.0,0.791667,1
-200.0,-200.0,0.833333,1
-200.0,-200.0,0.875,1
-200.0,-200.0,0.916667,1
-200.0,-200.0,0.958333,1
-200.0,-200.0,0.0,1
-200.0,-200.0,0.0416667,1
-200.0,-200.0,0.0833333,1
-200.0,-200.0,0.125,1
29.0,32.0,0.166667,1
26.0,29.0,0.208333,1
39.0,48.0,0.25,1
72.0,113.0,0.291667,1
128.0,267.0,0.333333,1
149.0,332.0,0.375,1
165.0,354.0,0.416667,1
150.0,316.0,0.458333,1
165.0,395.0,0.5,1
175.0,391.0,0.541667,1
145.0,457.0,0.583333,1
98.0,448.0,0.625,1
105.0,543.0,0.666667,1
106.0,574.0,0.708333,1
141.0,435.0,0.75,1
177.0,504.0,0.791667,1
182.0,586.0,0.833333,1
193.0,580.0,0.875,1
148.0,346.0,0.916667,1
167.0,531.0,0.958333,1
158.0,477.0,0.0,1
132.0,344.0,0.0416667,1
97.0,219.0,0.0833333,1
-200.0,-200.0,0.125,1
74.0,174.0,0.166667,1
68.0,165.0,0.208333,1
89.0,250.0,0.25,1
117.0,388.0,0.291667,1
190.0,758.0,0.333333,1
211.0,1247.0,0.375,1
190.0,1110.0,0.416667,1
194.0,1145.0,0.458333,1
210.0,720.0,0.5,1
199.0,557.0,0.541667,1
178.0,678.0,0.583333,1
184.0,659.0,0.625,1
186.0,552.0,0.666667,1
168.0,395.0,0.708333,1
187.0,573.0,0.75,1
166.0,463.0,0.791667,1
177.0,568.0,0.833333,1
207.0,706.0,0.875,1
114.0,193.0,0.916667,1
84.0,151.0,0.958333,1
92.0,167.0,0.0,1
111.0,239.0,0.0416667,1
71.0,102.0,0.0833333,1
-200.0,-200.0,0.125,1
43.0,55.0,0.166667,1
50.0,71.0,0.208333,1
53.0,79.0,0.25,1
67.0,117.0,0.291667,1
113.0,266.0,0.333333,1
140.0,340.0,0.375,1
116.0,257.0,0.416667,1
122.0,311.0,0.458333,1
116.0,279.0,0.5,1
118.0,267.0,0.541667,1
125.0,310.0,0.583333,1
126.0,352.0,0.625,1
135.0,337.0,0.666667,1
140.0,358.0,0.708333,1
163.0,547.0,0.75,1
178.0,600.0,0.791667,1
160.0,470.0,0.833333,1
166.0,522.0,0.875,1
115.0,208.0,0.916667,1
107.0,205.0,0.958333,1
108.0,217.0,0.0,1
111.0,216.0,0.0416667,1
75.0,117.0,0.0833333,1
-200.0,-200.0,0.125,1
88.0,174.0,0.166667,1
71.0,111.0,0.208333,1
75.0,147.0,0.25,1
86.0,140.0,0.291667,1
124.0,421.0,0.333333,1
128.0,350.0,0.375,1
164.0,550.0,0.416667,1
199.0,589.0,0.458333,1
192.0,537.0,0.5,1
166.0,473.0,0.541667,1
133.0,364.0,0.583333,1
118.0,270.0,0.625,1
133.0,368.0,0.666667,1
128.0,318.0,0.708333,1
116.0,244.0,0.75,1
118.0,234.0,0.791667,1
142.0,296.0,0.833333,1
113.0,205.0,0.875,1
59.0,95.0,0.916667,1
52.0,93.0,0.958333,1
57.0,100.0,0.0,1
58.0,100.0,0.0416667,1
44.0,63.0,0.0833333,1
-200.0,-200.0,0.125,1
26.0,36.0,0.166667,1
20.0,24.0,0.208333,1
17.0,20.0,0.25,1
21.0,25.0,0.291667,1
29.0,39.0,0.333333,1
39.0,57.0,0.375,1
41.0,59.0,0.416667,1
44.0,65.0,0.458333,1
54.0,93.0,0.5,1
62.0,112.0,0.541667,1
62.0,110.0,0.583333,1
48.0,81.0,0.625,1
59.0,100.0,0.666667,1
63.0,109.0,0.708333,1
78.0,148.0,0.75,1
99.0,207.0,0.791667,1
106.0,210.0,0.833333,1
97.0,180.0,0.875,1
67.0,109.0,0.916667,1
73.0,128.0,0.958333,1
62.0,96.0,0.0,1
44.0,65.0,0.0416667,1
31.0,42.0,0.0833333,1
-200.0,-200.0,0.125,1
21.0,24.0,0.166667,1
22.0,28.0,0.208333,1
41.0,55.0,0.25,1
94.0,181.0,0.291667,1
167.0,480.0,0.333333,1
162.0,442.0,0.375,1
141.0,361.0,0.416667,1
127.0,288.0,0.458333,1
116.0,330.0,0.5,1
104.0,300.0,0.541667,1
111.0,239.0,0.583333,1
114.0,265.0,0.625,1
121.0,287.0,0.666667,1
164.0,403.0,0.708333,1
194.0,515.0,0.75,1
175.0,446.0,0.791667,1
180.0,501.0,0.833333,1
147.0,355.0,0.875,1
112.0,217.0,0.916667,1
94.0,180.0,0.958333,1
91.0,167.0,0.0,1
76.0,126.0,0.0416667,1
73.0,113.0,0.0833333,1
-200.0,-200.0,0.125,1
32.0,37.0,0.166667,1
40.0,50.0,0.208333,1
63.0,96.0,0.25,1
119.0,271.0,0.291667,1
202.0,892.0,0.333333,1
222.0,1071.0,0.375,1
212.0,839.0,0.416667,1
219.0,713.0,0.458333,1
189.0,498.0,0.5,1
147.0,389.0,0.541667,1
161.0,457.0,0.583333,1
148.0,425.0,0.625,1
148.0,483.0,0.666667,1
188.0,604.0,0.708333,1
206.0,648.0,0.75,1
168.0,427.0,0.791667,1
171.0,461.0,0.833333,1
171.0,436.0,0.875,1
142.0,300.0,0.916667,1
134.0,277.0,0.958333,1
107.0,196.0,0.0,1
121.0,277.0,0.0416667,1
85.0,131.0,0.0833333,1
-200.0,-200.0,0.125,1
68.0,97.0,0.166667,1
69.0,105.0,0.208333,1
81.0,138.0,0.25,1
92.0,183.0,0.291667,1
200.0,664.0,0.333333,1
201.0,611.0,0.375,1
213.0,600.0,0.416667,1
-200.0,-200.0,0.458333,1
187.0,878.0,0.5,1
205.0,905.0,0.541667,1
212.0,808.0,0.583333,1
198.0,858.0,0.625,1
171.0,839.0,0.666667,1
272.0,1290.0,0.708333,1
192.0,748.0,0.75,1
288.0,1148.0,0.791667,1
254.0,729.0,0.833333,1
267.0,810.0,0.875,1
198.0,427.0,0.916667,1
145.0,274.0,0.958333,1
167.0,387.0,0.0,1
127.0,235.0,0.0416667,1
119.0,225.0,0.0833333,1
-200.0,-200.0,0.125,1
84.0,185.0,0.166667,1
89.0,212.0,0.208333,1
122.0,358.0,0.25,1
162.0,531.0,0.291667,1
225.0,992.0,0.333333,1
249.0,1132.0,0.375,1
282.0,1195.0,0.416667,1
278.0,1120.0,0.458333,1
251.0,870.0,0.5,1
208.0,570.0,0.541667,1
187.0,384.0,0.583333,1
182.0,381.0,0.625,1
212.0,541.0,0.666667,1
174.0,484.0,0.708333,1
220.0,549.0,0.75,1
214.0,596.0,0.791667,1
212.0,620.0,0.833333,1
191.0,542.0,0.875,1
160.0,381.0,0.916667,1
130.0,270.0,0.958333,1
133.0,284.0,0.0,1
110.0,204.0,0.0416667,1
65.0,93.0,0.0833333,1
-200.0,-200.0,0.125,1
41.0,51.0,0.166667,1
36.0,45.0,0.208333,1
45.0,68.0,0.25,1
98.0,198.0,0.291667,1
194.0,633.0,0.333333,1
191.0,548.0,0.375,1
193.0,588.0,0.416667,1
231.0,612.0,0.458333,1
202.0,428.0,0.5,1
188.0,463.0,0.541667,1
184.0,479.0,0.583333,1
222.0,469.0,0.625,1
221.0,583.0,0.666667,1
193.0,760.0,0.708333,1
187.0,691.0,0.75,1
188.0,832.0,0.791667,1
185.0,881.0,0.833333,1
146.0,390.0,0.875,1
120.0,207.0,0.916667,1
110.0,204.0,0.958333,1
121.0,243.0,0.0,1
126.0,264.0,0.0416667,1
117.0,215.0,0.0833333,1
-200.0,-200.0,0.125,1
94.0,146.0,0.166667,1
70.0,92.0,0.208333,1
96.0,174.0,0.25,1
136.0,294.0,0.291667,1
177.0,412.0,0.333333,1
214.0,573.0,0.375,1
243.0,661.0,0.416667,1
192.0,555.0,0.458333,1
149.0,363.0,0.5,1
141.0,302.0,0.541667,1
137.0,340.0,0.583333,1
138.0,306.0,0.625,1
149.0,377.0,0.666667,1
196.0,625.0,0.708333,1
239.0,870.0,0.75,1
164.0,421.0,0.791667,1
149.0,294.0,0.833333,1
159.0,339.0,0.875,1
149.0,260.0,0.916667,1
133.0,256.0,0.958333,1
216.0,572.0,0.0,1
196.0,428.0,0.0416667,1
120.0,195.0,0.0833333,1
-200.0,-200.0,0.125,1
101.0,160.0,0.166667,1
75.0,101.0,0.208333,1
73.0,97.0,0.25,1
84.0,127.0,0.291667,1
116.0,227.0,0.333333,1
132.0,253.0,0.375,1
125.0,234.0,0.416667,1
148.0,291.0,0.458333,1
186.0,402.0,0.5,1
193.0,492.0,0.541667,1
174.0,351.0,0.583333,1
106.0,160.0,0.625,1
127.0,292.0,0.666667,1
172.0,537.0,0.708333,1
179.0,607.0,0.75,1
150.0,308.0,0.791667,1
147.0,277.0,0.833333,1
163.0,348.0,0.875,1
145.0,267.0,0.916667,1
186.0,399.0,0.958333,1
116.0,163.0,0.0,1
145.0,297.0,0.0416667,1
122.0,212.0,0.0833333,1
-200.0,-200.0,0.125,1
68.0,81.0,0.166667,1
80.0,116.0,0.208333,1
108.0,201.0,0.25,1
149.0,333.0,0.291667,1
232.0,733.0,0.333333,1
215.0,846.0,0.375,1
218.0,801.0,0.416667,1
239.0,884.0,0.458333,1
224.0,784.0,0.5,1
235.0,896.0,0.541667,1
237.0,953.0,0.583333,1
239.0,980.0,0.625,1
235.0,1058.0,0.666667,1
199.0,1080.0,0.708333,1
240.0,1301.0,0.75,1
245.0,1345.0,0.791667,1
239.0,1218.0,0.833333,1
191.0,884.0,0.875,1
164.0,650.0,0.916667,1
130.0,444.0,0.958333,1
121.0,370.0,0.0,1
118.0,349.0,0.0416667,1
113.0,287.0,0.0833333,1
-200.0,-200.0,0.125,1
94.0,226.0,0.166667,1
92.0,238.0,0.208333,1
98.0,316.0,0.25,1
111.0,508.0,0.291667,1
139.0,920.0,0.333333,1
160.0,980.0,0.375,1
183.0,1188.0,0.416667,1
185.0,1045.0,0.458333,1
198.0,999.0,0.5,1
201.0,955.0,0.541667,1
233.0,1189.0,0.583333,1
202.0,933.0,0.625,1
186.0,898.0,0.666667,1
215.0,1201.0,0.708333,1
227.0,1369.0,0.75,1
220.0,1389.0,0.791667,1
190.0,1358.0,0.833333,1
178.0,1189.0,0.875,1
147.0,866.0,0.916667,1
138.0,718.0,0.958333,1
135.0,715.0,0.0,1
123.0,558.0,0.0416667,1
106.0,467.0,0.0833333,1
-200.0,-200.0,0.125,1
81.0,295.0,0.166667,1
66.0,151.0,0.208333,1
64.0,188.0,0.25,1
86.0,380.0,0.291667,1
114.0,717.0,0.333333,1
115.0,803.0,0.375,1
110.0,726.0,0.416667,1
116.0,558.0,0.458333,1
162.0,427.0,0.5,1
104.0,317.0,0.541667,1
129.0,436.0,0.583333,1
146.0,490.0,0.625,1
160.0,602.0,0.666667,1
169.0,732.0,0.708333,1
167.0,865.0,0.75,1
166.0,936.0,0.791667,1
181.0,1074.0,0.833333,1
144.0,812.0,0.875,1
141.0,773.0,0.916667,1
123.0,761.0,0.958333,1
121.0,781.0,0.0,1
114.0,743.0,0.0416667,1
93.0,533.0,0.0833333,1
-200.0,-200.0,0.125,1
89.0,456.0,0.166667,1
94.0,486.0,0.208333,1
93.0,498.0,0.25,1
100.0,585.0,0.291667,1
127.0,911.0,0.333333,1
137.0,845.0,0.375,1
190.0,807.0,0.416667,1
171.0,603.0,0.458333,1
127.0,391.0,0.5,1
109.0,279.0,0.541667,1
126.0,358.0,0.583333,1
136.0,403.0,0.625,1
156.0,465.0,0.666667,1
187.0,707.0,0.708333,1
173.0,660.0,0.75,1
137.0,402.0,0.791667,1
122.0,350.0,0.833333,1
129.0,355.0,0.875,1
110.0,296.0,0.916667,1
102.0,266.0,0.958333,1
114.0,373.0,0.0,1
117.0,417.0,0.0416667,1
98.0,308.0,0.0833333,1
-200.0,-200.0,0.125,1
79.0,209.0,0.166667,1
77.0,196.0,0.208333,1
75.0,203.0,0.25,1
95.0,393.0,0.291667,1
137.0,864.0,0.333333,1
149.0,960.0,0.375,1
197.0,1056.0,0.416667,1
183.0,856.0,0.458333,1
179.0,854.0,0.5,1
196.0,854.0,0.541667,1
208.0,949.0,0.583333,1
203.0,932.0,0.625,1
213.0,1071.0,0.666667,1
233.0,1134.0,0.708333,1
255.0,1389.0,0.75,1
170.0,866.0,0.791667,1
167.0,947.0,0.833333,1
205.0,1155.0,0.875,1
170.0,798.0,0.916667,1
154.0,696.0,0.958333,1
143.0,654.0,0.0,1
140.0,685.0,0.0416667,1
122.0,574.0,0.0833333,1
-200.0,-200.0,0.125,1
103.0,319.0,0.166667,1
97.0,263.0,0.208333,1
99.0,320.0,0.25,1
110.0,439.0,0.291667,1
110.0,398.0,0.333333,1
121.0,637.0,0.375,1
122.0,699.0,0.416667,1
136.0,699.0,0.458333,1
170.0,707.0,0.5,1
156.0,743.0,0.541667,1
158.0,745.0,0.583333,1
174.0,741.0,0.625,1
187.0,765.0,0.666667,1
147.0,632.0,0.708333,1
136.0,808.0,0.75,1
134.0,703.0,0.791667,1
126.0,764.0,0.833333,1
130.0,667.0,0.875,1
98.0,355.0,0.916667,1
89.0,359.0,0.958333,1
88.0,327.0,0.0,1
86.0,289.0,0.0416667,1
-200.0,-200.0,0.0833333,1
70.0,138.0,0.125,1
55.0,86.0,0.166667,1
45.0,60.0,0.208333,1
44.0,62.0,0.25,1
50.0,73.0,0.291667,1
74.0,157.0,0.333333,1
81.0,166.0,0.375,1
65.0,98.0,0.416667,1
76.0,153.0,0.458333,1
110.0,307.0,0.5,1
124.0,416.0,0.541667,1
120.0,346.0,0.583333,1
99.0,252.0,0.625,1
117.0,326.0,0.666667,1
132.0,490.0,0.708333,1
113.0,452.0,0.75,1
117.0,542.0,0.791667,1
127.0,605.0,0.833333,1
132.0,577.0,0.875,1
121.0,491.0,0.916667,1
122.0,492.0,0.958333,1
113.0,412.0,0.0,1
99.0,283.0,0.0416667,1
86.0,280.0,0.0833333,1
-200.0,-200.0,0.125,1
66.0,156.0,0.166667,1
67.0,166.0,0.208333,1
78.0,225.0,0.25,1
90.0,325.0,0.291667,1
120.0,760.0,0.333333,1
139.0,948.0,0.375,1
172.0,1044.0,0.416667,1
232.0,1172.0,0.458333,1
168.0,1000.0,0.5,1
120.0,366.0,0.541667,1
121.0,346.0,0.583333,1
117.0,289.0,0.625,1
121.0,316.0,0.666667,1
107.0,238.0,0.708333,1
115.0,267.0,0.75,1
94.0,182.0,0.791667,1
98.0,197.0,0.833333,1
87.0,149.0,0.875,1
78.0,124.0,0.916667,1
69.0,105.0,0.958333,1
67.0,109.0,0.0,1
81.0,169.0,0.0416667,1
75.0,124.0,0.0833333,1
-200.0,-200.0,0.125,1
42.0,50.0,0.166667,1
38.0,47.0,0.208333,1
64.0,110.0,0.25,1
86.0,193.0,0.291667,1
127.0,475.0,0.333333,1
122.0,420.0,0.375,1
141.0,439.0,0.416667,1
139.0,461.0,0.458333,1
105.0,238.0,0.5,1
103.0,232.0,0.541667,1
108.0,241.0,0.583333,1
109.0,278.0,0.625,1
149.0,496.0,0.666667,1
143.0,464.0,0.708333,1
159.0,600.0,0.75,1
178.0,692.0,0.791667,1
168.0,731.0,0.833333,1
160.0,491.0,0.875,1
117.0,284.0,0.916667,1
113.0,245.0,0.958333,1
113.0,273.0,0.0,1
94.0,157.0,0.0416667,1
76.0,117.0,0.0833333,1
-200.0,-200.0,0.125,1
68.0,123.0,0.166667,1
63.0,100.0,0.208333,1
74.0,135.0,0.25,1
96.0,301.0,0.291667,1
121.0,641.0,0.333333,1
145.0,849.0,0.375,1
158.0,861.0,0.416667,1
143.0,629.0,0.458333,1
182.0,737.0,0.5,1
163.0,712.0,0.541667,1
178.0,933.0,0.583333,1
162.0,836.0,0.625,1
171.0,987.0,0.666667,1
174.0,985.0,0.708333,1
185.0,1040.0,0.75,1
126.0,401.0,0.791667,1
113.0,279.0,0.833333,1
111.0,280.0,0.875,1
107.0,280.0,0.916667,1
107.0,327.0,0.958333,1
102.0,316.0,0.0,1
96.0,223.0,0.0416667,1
86.0,180.0,0.0833333,1
-200.0,-200.0,0.125,1
70.0,131.0,0.166667,1
59.0,101.0,0.208333,1
74.0,189.0,0.25,1
89.0,336.0,0.291667,1
131.0,804.0,0.333333,1
139.0,860.0,0.375,1
145.0,745.0,0.416667,1
137.0,685.0,0.458333,1
128.0,639.0,0.5,1
128.0,668.0,0.541667,1
123.0,469.0,0.583333,1
136.0,605.0,0.625,1
137.0,641.0,0.666667,1
151.0,774.0,0.708333,1
171.0,1001.0,0.75,1
171.0,1184.0,0.791667,1
161.0,1020.0,0.833333,1
154.0,964.0,0.875,1
127.0,741.0,0.916667,1
115.0,757.0,0.958333,1
102.0,564.0,0.0,1
100.0,434.0,0.0416667,1
86.0,308.0,0.0833333,1
-200.0,-200.0,0.125,1
80.0,133.0,0.166667,1
74.0,103.0,0.208333,1
82.0,178.0,0.25,1
96.0,289.0,0.291667,1
124.0,736.0,0.333333,1
142.0,928.0,0.375,1
154.0,897.0,0.416667,1
144.0,596.0,0.458333,1
144.0,481.0,0.5,1
139.0,495.0,0.541667,1
138.0,460.0,0.583333,1
134.0,445.0,0.625,1
150.0,618.0,0.666667,1
173.0,858.0,0.708333,1
134.0,634.0,0.75,1
128.0,575.0,0.791667,1
132.0,738.0,0.833333,1
134.0,739.0,0.875,1
107.0,472.0,0.916667,1
101.0,542.0,0.958333,1
94.0,577.0,0.0,1
99.0,568.0,0.0416667,1
90.0,451.0,0.0833333,1
-200.0,-200.0,0.125,1
71.0,242.0,0.166667,1
71.0,277.0,0.208333,1
66.0,291.0,0.25,1
70.0,277.0,0.291667,1
90.0,510.0,0.333333,1
102.0,451.0,0.375,1
102.0,584.0,0.416667,1
94.0,260.0,0.458333,1
122.0,492.0,0.5,1
124.0,580.0,0.541667,1
103.0,373.0,0.583333,1
115.0,497.0,0.625,1
107.0,413.0,0.666667,1
120.0,444.0,0.708333,1
120.0,533.0,0.75,1
108.0,325.0,0.791667,1
115.0,439.0,0.833333,1
124.0,506.0,0.875,1
109.0,349.0,0.916667,1
93.0,235.0,0.958333,1
103.0,378.0,0.0,1
106.0,304.0,0.0416667,1
96.0,180.0,0.0833333,1
-200.0,-200.0,0.125,1
81.0,148.0,0.166667,1
70.0,106.0,0.208333,1
60.0,87.0,0.25,1
63.0,96.0,0.291667,1
68.0,120.0,0.333333,1
68.0,130.0,0.375,1
66.0,140.0,0.416667,1
72.0,176.0,0.458333,1
81.0,209.0,0.5,1
89.0,309.0,0.541667,1
85.0,226.0,0.583333,1
86.0,246.0,0.625,1
83.0,208.0,0.666667,1
77.0,154.0,0.708333,1
93.0,275.0,0.75,1
103.0,281.0,0.791667,1
90.0,237.0,0.833333,1
93.0,225.0,0.875,1
72.0,143.0,0.916667,1
73.0,146.0,0.958333,1
64.0,115.0,0.0,1
66.0,125.0,0.0416667,1
71.0,150.0,0.0833333,1
-200.0,-200.0,0.125,1
54.0,78.0,0.166667,1
58.0,108.0,0.208333,1
72.0,181.0,0.25,1
89.0,302.0,0.291667,1
112.0,587.0,0.333333,1
131.0,712.0,0.375,1
161.0,698.0,0.416667,1
135.0,576.0,0.458333,1
119.0,438.0,0.5,1
144.0,562.0,0.541667,1
130.0,467.0,0.583333,1
109.0,323.0,0.625,1
114.0,391.0,0.666667,1
115.0,379.0,0.708333,1
123.0,387.0,0.75,1
138.0,433.0,0.791667,1
123.0,349.0,0.833333,1
112.0,337.0,0.875,1
87.0,245.0,0.916667,1
79.0,236.0,0.958333,1
74.0,191.0,0.0,1
75.0,273.0,0.0416667,1
70.0,211.0,0.0833333,1
-200.0,-200.0,0.125,1
64.0,146.0,0.166667,1
63.0,126.0,0.208333,1
67.0,146.0,0.25,1
71.0,243.0,0.291667,1
98.0,450.0,0.333333,1
114.0,499.0,0.375,1
130.0,574.0,0.416667,1
155.0,679.0,0.458333,1
141.0,572.0,0.5,1
118.0,396.0,0.541667,1
134.0,455.0,0.583333,1
123.0,423.0,0.625,1
117.0,356.0,0.666667,1
110.0,350.0,0.708333,1
115.0,359.0,0.75,1
116.0,358.0,0.791667,1
99.0,289.0,0.833333,1
115.0,359.0,0.875,1
104.0,355.0,0.916667,1
92.0,244.0,0.958333,1
84.0,194.0,0.0,1
81.0,176.0,0.0416667,1
77.0,170.0,0.0833333,1
-200.0,-200.0,0.125,1
75.0,212.0,0.166667,1
69.0,146.0,0.208333,1
67.0,177.0,0.25,1
68.0,172.0,0.291667,1
68.0,159.0,0.333333,1
69.0,184.0,0.375,1
81.0,310.0,0.416667,1
95.0,363.0,0.458333,1
92.0,302.0,0.5,1
113.0,424.0,0.541667,1
98.0,258.0,0.583333,1
82.0,179.0,0.625,1
96.0,221.0,0.666667,1
107.0,303.0,0.708333,1
119.0,429.0,0.75,1
114.0,357.0,0.791667,1
127.0,438.0,0.833333,1
121.0,457.0,0.875,1
109.0,355.0,0.916667,1
107.0,348.0,0.958333,1
100.0,241.0,0.0,1
83.0,134.0,0.0416667,1
66.0,94.0,0.0833333,1
-200.0,-200.0,0.125,1
30.0,33.0,0.166667,1
29.0,33.0,0.208333,1
41.0,57.0,0.25,1
63.0,112.0,0.291667,1
114.0,358.0,0.333333,1
114.0,287.0,0.375,1
102.0,263.0,0.416667,1
101.0,282.0,0.458333,1
103.0,286.0,0.5,1
100.0,259.0,0.541667,1
95.0,265.0,0.583333,1
99.0,249.0,0.625,1
102.0,268.0,0.666667,1
105.0,226.0,0.708333,1
118.0,301.0,0.75,1
135.0,388.0,0.791667,1
124.0,285.0,0.833333,1
100.0,197.0,0.875,1
66.0,105.0,0.916667,1
57.0,88.0,0.958333,1
58.0,92.0,0.0,1
59.0,88.0,0.0416667,1
60.0,90.0,0.0833333,1
-200.0,-200.0,0.125,1
35.0,42.0,0.166667,1
27.0,31.0,0.208333,1
39.0,51.0,0.25,1
63.0,100.0,0.291667,1
110.0,315.0,0.333333,1
128.0,417.0,0.375,1
122.0,328.0,0.416667,1
111.0,304.0,0.458333,1
110.0,300.0,0.5,1
114.0,306.0,0.541667,1
114.0,342.0,0.583333,1
111.0,324.0,0.625,1
116.0,327.0,0.666667,1
148.0,404.0,0.708333,1
177.0,575.0,0.75,1
164.0,539.0,0.791667,1
151.0,460.0,0.833333,1
147.0,386.0,0.875,1
110.0,202.0,0.916667,1
99.0,162.0,0.958333,1
116.0,261.0,0.0,1
121.0,263.0,0.0416667,1
103.0,159.0,0.0833333,1
-200.0,-200.0,0.125,1
83.0,111.0,0.166667,1
76.0,104.0,0.208333,1
107.0,221.0,0.25,1
106.0,243.0,0.291667,1
124.0,356.0,0.333333,1
134.0,429.0,0.375,1
147.0,518.0,0.416667,1
146.0,460.0,0.458333,1
133.0,389.0,0.5,1
120.0,362.0,0.541667,1
117.0,337.0,0.583333,1
109.0,254.0,0.625,1
112.0,281.0,0.666667,1
131.0,369.0,0.708333,1
133.0,350.0,0.75,1
138.0,323.0,0.791667,1
142.0,340.0,0.833333,1
138.0,443.0,0.875,1
118.0,292.0,0.916667,1
120.0,372.0,0.958333,1
132.0,443.0,0.0,1
121.0,360.0,0.0416667,1
117.0,401.0,0.0833333,1
-200.0,-200.0,0.125,1
102.0,273.0,0.166667,1
95.0,199.0,0.208333,1
81.0,177.0,0.25,1
95.0,206.0,0.291667,1
111.0,323.0,0.333333,1
118.0,392.0,0.375,1
130.0,420.0,0.416667,1
116.0,333.0,0.458333,1
128.0,395.0,0.5,1
156.0,478.0,0.541667,1
169.0,470.0,0.583333,1
168.0,508.0,0.625,1
178.0,596.0,0.666667,1
178.0,694.0,0.708333,1
188.0,968.0,0.75,1
169.0,658.0,0.791667,1
133.0,409.0,0.833333,1
125.0,345.0,0.875,1
110.0,230.0,0.916667,1
112.0,285.0,0.958333,1
112.0,310.0,0.0,1
102.0,224.0,0.0416667,1
90.0,213.0,0.0833333,1
-200.0,-200.0,0.125,1
66.0,103.0,0.166667,1
64.0,91.0,0.208333,1
81.0,178.0,0.25,1
106.0,351.0,0.291667,1
140.0,587.0,0.333333,1
138.0,475.0,0.375,1
165.0,576.0,0.416667,1
214.0,920.0,0.458333,1
178.0,710.0,0.5,1
187.0,696.0,0.541667,1
203.0,744.0,0.583333,1
204.0,743.0,0.625,1
198.0,801.0,0.666667,1
218.0,1014.0,0.708333,1
269.0,1479.0,0.75,1
217.0,1018.0,0.791667,1
183.0,729.0,0.833333,1
147.0,508.0,0.875,1
120.0,347.0,0.916667,1
112.0,327.0,0.958333,1
107.0,339.0,0.0,1
103.0,358.0,0.0416667,1
97.0,377.0,0.0833333,1
-200.0,-200.0,0.125,1
74.0,165.0,0.166667,1
68.0,145.0,0.208333,1
92.0,282.0,0.25,1
111.0,494.0,0.291667,1
133.0,606.0,0.333333,1
139.0,581.0,0.375,1
192.0,920.0,0.416667,1
192.0,811.0,0.458333,1
206.0,786.0,0.5,1
182.0,677.0,0.541667,1
192.0,612.0,0.583333,1
188.0,524.0,0.625,1
186.0,775.0,0.666667,1
257.0,1159.0,0.708333,0
248.0,1310.0,0.75,0
208.0,1037.0,0.791667,0
167.0,791.0,0.833333,0
148.0,670.0,0.875,0
112.0,341.0,0.916667,0
108.0,365.0,0.958333,0
115.0,510.0,0.0,0
96.0,352.0,0.0416667,0
87.0,299.0,0.0833333,0
-200.0,-200.0,0.125,0
61.0,103.0,0.166667,0
61.0,133.0,0.208333,0
82.0,244.0,0.25,0
83.0,222.0,0.291667,0
116.0,591.0,0.333333,0
147.0,821.0,0.375,0
167.0,803.0,0.416667,0
176.0,809.0,0.458333,0
177.0,836.0,0.5,0
169.0,820.0,0.541667,0
181.0,861.0,0.583333,0
183.0,842.0,0.625,0
176.0,933.0,0.666667,0
229.0,1237.0,0.708333,0
214.0,1137.0,0.75,0
137.0,484.0,0.791667,0
115.0,325.0,0.833333,0
107.0,292.0,0.875,0
105.0,303.0,0.916667,0
96.0,242.0,0.958333,0
100.0,314.0,0.0,0
100.0,289.0,0.0416667,0
92.0,224.0,0.0833333,0
-200.0,-200.0,0.125,0
81.0,191.0,0.166667,0
74.0,149.0,0.208333,0
81.0,212.0,0.25,0
99.0,398.0,0.291667,0
123.0,763.0,0.333333,0
146.0,905.0,0.375,0
161.0,849.0,0.416667,0
210.0,1015.0,0.458333,0
190.0,845.0,0.5,0
170.0,740.0,0.541667,0
212.0,1018.0,0.583333,0
217.0,1058.0,0.625,0
236.0,1182.0,0.666667,0
217.0,1089.0,0.708333,0
231.0,1186.0,0.75,0
227.0,1235.0,0.791667,0
219.0,1253.0,0.833333,0
203.0,1237.0,0.875,0
186.0,1060.0,0.916667,0
173.0,873.0,0.958333,0
162.0,807.0,0.0,0
161.0,798.0,0.0416667,0
144.0,691.0,0.0833333,0
-200.0,-200.0,0.125,0
119.0,433.0,0.166667,0
112.0,371.0,0.208333,0
111.0,469.0,0.25,0
122.0,658.0,0.291667,0
137.0,854.0,0.333333,0
151.0,1005.0,0.375,0
164.0,937.0,0.416667,0
198.0,963.0,0.458333,0
213.0,635.0,0.5,0
164.0,521.0,0.541667,0
177.0,613.0,0.583333,0
168.0,516.0,0.625,0
150.0,446.0,0.666667,0
152.0,499.0,0.708333,0
138.0,407.0,0.75,0
129.0,418.0,0.791667,0
130.0,403.0,0.833333,1
137.0,412.0,0.875,1
125.0,322.0,0.916667,1
106.0,200.0,0.958333,1
121.0,244.0,0.0,1
101.0,199.0,0.0416667,1
100.0,190.0,0.0833333,1
-200.0,-200.0,0.125,1
86.0,153.0,0.166667,1
90.0,215.0,0.208333,1
89.0,206.0,0.25,1
96.0,225.0,0.291667,1
125.0,416.0,0.333333,1
143.0,613.0,0.375,1
153.0,567.0,0.416667,1
140.0,409.0,0.458333,1
92.0,183.0,0.5,1
78.0,140.0,0.541667,1
68.0,133.0,0.583333,1
64.0,115.0,0.625,1
80.0,157.0,0.666667,1
81.0,149.0,0.708333,1
102.0,219.0,0.75,1
132.0,424.0,0.791667,1
162.0,659.0,0.833333,1
179.0,727.0,0.875,1
148.0,398.0,0.916667,1
146.0,414.0,0.958333,1
164.0,600.0,0.0,1
162.0,596.0,0.0416667,1
118.0,225.0,0.0833333,1
-200.0,-200.0,0.125,1
78.0,120.0,0.166667,1
79.0,126.0,0.208333,1
62.0,83.0,0.25,1
85.0,156.0,0.291667,1
110.0,240.0,0.333333,1
99.0,186.0,0.375,1
101.0,224.0,0.416667,1
129.0,386.0,0.458333,1
132.0,397.0,0.5,1
148.0,477.0,0.541667,1
134.0,405.0,0.583333,1
148.0,453.0,0.625,1
146.0,459.0,0.666667,1
148.0,452.0,0.708333,1
175.0,579.0,0.75,1
170.0,542.0,0.791667,1
173.0,601.0,0.833333,1
151.0,521.0,0.875,1
129.0,411.0,0.916667,1
126.0,382.0,0.958333,1
127.0,421.0,0.0,1
118.0,362.0,0.0416667,1
83.0,104.0,0.0833333,1
-200.0,-200.0,0.125,1
60.0,69.0,0.166667,1
37.0,41.0,0.208333,1
39.0,46.0,0.25,1
70.0,118.0,0.291667,1
108.0,295.0,0.333333,1
119.0,311.0,0.375,1
111.0,269.0,0.416667,1
106.0,225.0,0.458333,1
105.0,220.0,0.5,1
114.0,216.0,0.541667,1
93.0,162.0,0.583333,1
89.0,152.0,0.625,1
102.0,183.0,0.666667,1
129.0,254.0,0.708333,1
151.0,355.0,0.75,1
151.0,341.0,0.791667,1
149.0,341.0,0.833333,1
149.0,342.0,0.875,1
114.0,186.0,0.916667,1
104.0,170.0,0.958333,1
104.0,169.0,0.0,1
127.0,246.0,0.0416667,1
53.0,63.0,0.0833333,1
-200.0,-200.0,0.125,1
39.0,44.0,0.166667,1
41.0,54.0,0.208333,1
97.0,176.0,0.25,1
120.0,236.0,0.291667,1
167.0,613.0,0.333333,1
198.0,755.0,0.375,1
157.0,460.0,0.416667,1
125.0,280.0,0.458333,1
135.0,322.0,0.5,1
138.0,349.0,0.541667,1
132.0,297.0,0.583333,1
142.0,353.0,0.625,1
137.0,316.0,0.666667,1
145.0,348.0,0.708333,1
166.0,445.0,0.75,1
165.0,457.0,0.791667,1
175.0,516.0,0.833333,1
185.0,575.0,0.875,1
166.0,449.0,0.916667,1
140.0,289.0,0.958333,1
133.0,268.0,0.0,1
144.0,343.0,0.0416667,1
126.0,222.0,0.0833333,1
-200.0,-200.0,0.125,1
72.0,87.0,0.166667,1
70.0,89.0,0.208333,1
74.0,103.0,0.25,1
124.0,254.0,0.291667,1
152.0,481.0,0.333333,1
174.0,638.0,0.375,1
161.0,492.0,0.416667,1
120.0,413.0,0.458333,1
111.0,364.0,0.5,1
128.0,299.0,0.541667,1
133.0,342.0,0.583333,1
121.0,309.0,0.625,1
147.0,367.0,0.666667,1
136.0,357.0,0.708333,1
153.0,345.0,0.75,1
178.0,483.0,0.791667,1
174.0,480.0,0.833333,1
166.0,427.0,0.875,1
169.0,504.0,0.916667,1
132.0,248.0,0.958333,1
127.0,241.0,0.0,1
113.0,210.0,0.0416667,1
128.0,292.0,0.0833333,1
-200.0,-200.0,0.125,1
85.0,129.0,0.166667,1
77.0,106.0,0.208333,1
78.0,125.0,0.25,1
115.0,267.0,0.291667,1
169.0,543.0,0.333333,1
174.0,496.0,0.375,1
171.0,491.0,0.416667,1
179.0,667.0,0.458333,1
193.0,693.0,0.5,1
210.0,707.0,0.541667,1
224.0,777.0,0.583333,1
175.0,512.0,0.625,1
177.0,587.0,0.666667,1
208.0,864.0,0.708333,1
247.0,1089.0,0.75,1
242.0,1070.0,0.791667,1
252.0,1220.0,0.833333,1
228.0,1076.0,0.875,1
196.0,825.0,0.916667,1
190.0,740.0,0.958333,1
187.0,759.0,0.0,1
174.0,610.0,0.0416667,1
158.0,465.0,0.0833333,1
-200.0,-200.0,0.125,1
132.0,288.0,0.166667,1
121.0,251.0,0.208333,1
136.0,351.0,0.25,1
138.0,379.0,0.291667,1
149.0,539.0,0.333333,1
165.0,706.0,0.375,1
170.0,750.0,0.416667,1
165.0,747.0,0.458333,1
167.0,670.0,0.5,1
197.0,772.0,0.541667,1
217.0,792.0,0.583333,1
204.0,626.0,0.625,1
193.0,678.0,0.666667,1
192.0,706.0,0.708333,1
175.0,668.0,0.75,1
168.0,641.0,0.791667,0
170.0,649.0,0.833333,0
157.0,521.0,0.875,0
143.0,487.0,0.916667,0
152.0,453.0,0.958333,0
169.0,567.0,0.0,1
164.0,527.0,0.0416667,1
154.0,503.0,0.0833333,1
-200.0,-200.0,0.125,1
130.0,345.0,0.166667,1
119.0,274.0,0.208333,1
106.0,231.0,0.25,1
111.0,268.0,0.291667,1
122.0,281.0,0.333333,1
121.0,340.0,0.375,1
136.0,406.0,0.416667,1
138.0,379.0,0.458333,1
147.0,436.0,0.5,1
178.0,602.0,0.541667,1
176.0,507.0,0.583333,1
159.0,266.0,0.625,1
168.0,335.0,0.666667,1
181.0,464.0,0.708333,1
184.0,527.0,0.75,1
170.0,592.0,0.791667,1
174.0,821.0,0.833333,1
136.0,538.0,0.875,1
127.0,513.0,0.916667,1
125.0,514.0,0.958333,1
121.0,345.0,0.0,1
117.0,231.0,0.0416667,1
108.0,166.0,0.0833333,1
-200.0,-200.0,0.125,1
55.0,61.0,0.166667,1
46.0,49.0,0.208333,1
46.0,54.0,0.25,1
67.0,78.0,0.291667,1
90.0,136.0,0.333333,1
117.0,198.0,0.375,1
118.0,211.0,0.416667,1
112.0,183.0,0.458333,1
134.0,277.0,0.5,1
127.0,267.0,0.541667,1
88.0,123.0,0.583333,1
57.0,68.0,0.625,1
99.0,186.0,0.666667,1
129.0,321.0,0.708333,1
137.0,343.0,0.75,1
146.0,550.0,0.791667,1
139.0,598.0,0.833333,1
128.0,390.0,0.875,1
106.0,159.0,0.916667,1
114.0,193.0,0.958333,1
137.0,316.0,0.0,1
114.0,199.0,0.0416667,1
92.0,134.0,0.0833333,1
-200.0,-200.0,0.125,1
55.0,63.0,0.166667,1
46.0,50.0,0.208333,1
67.0,93.0,0.25,1
95.0,161.0,0.291667,1
133.0,368.0,0.333333,1
138.0,344.0,0.375,1
127.0,288.0,0.416667,1
119.0,244.0,0.458333,1
113.0,224.0,0.5,1
109.0,206.0,0.541667,1
97.0,163.0,0.583333,1
117.0,296.0,0.625,1
132.0,386.0,0.666667,1
117.0,262.0,0.708333,1
110.0,212.0,0.75,1
119.0,245.0,0.791667,1
116.0,263.0,0.833333,1
123.0,300.0,0.875,1
117.0,242.0,0.916667,1
100.0,152.0,0.958333,1
101.0,165.0,0.0,1
-200.0,-200.0,0.0416667,1
-200.0,-200.0,0.0833333,1
-200.0,-200.0,0.125,1
-200.0,-200.0,0.166667,1
-200.0,-200.0,0.208333,1
-200.0,-200.0,0.25,1
-200.0,-200.0,0.291667,1
-200.0,-200.0,0.333333,1
-200.0,-200.0,0.375,1
-200.0,-200.0,0.416667,1
-200.0,-200.0,0.458333,1
-200.0,-200.0,0.5,1
-200.0,-200.0,0.541667,1
-200.0,-200.0,0.583333,1
-200.0,-200.0,0.625,1
-200.0,-200.0,0.666667,1
-200.0,-200.0,0.708333,1
-200.0,-200.0,0.75,1
-200.0,-200.0,0.791667,1
-200.0,-200.0,0.833333,1
-200.0,-200.0,0.875,1
-200.0,-200.0,0.916667,1
-200.0,-200.0,0.958333,1
-200.0,-200.0,0.0,1
-200.0,-200.0,0.0416667,1
-200.0,-200.0,0.0833333,1
-200.0,-200.0,0.125,1
-200.0,-200.0,0.166667,1
-200.0,-200.0,0.208333,1
-200.0,-200.0,0.25,1
-200.0,-200.0,0.291667,1
-200.0,-200.0,0.333333,1
-200.0,-200.0,0.375,1
-200.0,-200.0,0.416667,1
-200.0,-200.0,0.458333,1
-200.0,-200.0,0.5,1
-200.0,-200.0,0.541667,1
-200.0,-200.0,0.583333,1
-200.0,-200.0,0.625,1
-200.0,-200.0,0.666667,1
-200.0,-200.0,0.708333,1
-200.0,-200.0,0.75,1
-200.0,-200.0,0.791667,1
-200.0,-200.0,0.833333,1
-200.0,-200.0,0.875,1
-200.0,-200.0,0.916667,1
-200.0,-200.0,0.958333,1
-200.0,-200.0,0.0,1
-200.0,-200.0,0.0416667,1
-200.0,-200.0,0.0833333,1
-200.0,-200.0,0.125,1
-200.0,-200.0,0.166667,1
-200.0,-200.0,0.208333,1
-200.0,-200.0,0.25,1
-200.0,-200.0,0.291667,1
-200.0,-200.0,0.333333,1
-200.0,-200.0,0.375,1
-200.0,-200.0,0.416667,1
-200.0,-200.0,0.458333,1
-200.0,-200.0,0.5,1
-200.0,-200.0,0.541667,1
-200.0,-200.0,0.583333,1
-200.0,-200.0,0.625,1
-200.0,-200.0,0.666667,1
-200.0,-200.0,0.708333,1
-200.0,-200.0,0.75,1
-200.0,-200.0,0.791667,1
-200.0,-200.0,0.833333,1
-200.0,-200.0,0.875,1
-200.0,-200.0,0.916667,1
-200.0,-200.0,0.958333,1
-200.0,-200.0,0.0,1
-200.0,-200.0,0.0416667,1
-200.0,-200.0,0.0833333,1
-200.0,-200.0,0.125,1
-200.0,-200.0,0.166667,1
-200.0,-200.0,0.208333,1
-200.0,-200.0,0.25,1
-200.0,-200.0,0.291667,1
-200.0,-200.0,0.333333,1
-200.0,-200.0,0.375,1
-200.0,-200.0,0.416667,1
-200.0,-200.0,0.458333,1
-200.0,-200.0,0.5,1
-200.0,-200.0,0.541667,1
-200.0,-200.0,0.583333,1
-200.0,-200.0,0.625,1
-200.0,-200.0,0.666667,1
-200.0,-200.0,0.708333,1
-200.0,-200.0,0.75,1
-200.0,-200.0,0.791667,1
-200.0,-200.0,0.833333,1
-200.0,-200.0,0.875,1
-200.0,-200.0,0.916667,1
-200.0,-200.0,0.958333,1
-200.0,-200.0,0.0,1
106.3,214.9,0.0416667,1
128.6,299.8,0.0833333,1
-200.0,-200.0,0.125,1
126.0,253.1,0.166667,1
105.7,181.0,0.208333,1
99.0,170.7,0.25,1
96.7,168.1,0.291667,1
94.2,168.7,0.333333,1
86.1,145.4,0.375,1
96.8,190.1,0.416667,1
113.4,224.5,0.458333,1
124.7,260.8,0.5,1
147.1,381.8,0.541667,1
153.4,357.1,0.583333,1
147.4,299.2,0.625,1
139.3,312.5,0.666667,1
164.8,510.2,0.708333,1
190.9,832.4,0.75,1
172.1,622.1,0.791667,1
151.1,401.6,0.833333,1
137.4,333.9,0.875,1
130.1,294.7,0.916667,1
115.4,221.7,0.958333,1
111.8,229.5,0.0,1
105.1,194.7,0.0416667,1
95.5,167.2,0.0833333,1
-200.0,-200.0,0.125,1
86.7,148.4,0.166667,1
75.1,122.6,0.208333,1
81.7,148.4,0.25,1
82.8,142.7,0.291667,1
88.2,179.6,0.333333,1
105.9,225.9,0.375,1
112.0,254.2,0.416667,1
141.4,372.3,0.458333,1
148.4,379.0,0.5,1
170.5,477.6,0.541667,1
159.5,344.1,0.583333,1
136.8,257.6,0.625,1
166.5,474.0,0.666667,1
163.5,438.2,0.708333,1
165.8,450.7,0.75,1
167.2,472.7,0.791667,1
174.3,559.7,0.833333,1
159.9,470.0,0.875,0
168.8,505.7,0.916667,0
162.3,482.4,0.958333,0
148.5,436.1,0.0,0
158.0,472.0,0.0416667,0
142.7,378.9,0.0833333,0
-200.0,-200.0,0.125,0
120.5,285.8,0.166667,0
92.3,155.4,0.208333,0
101.5,264.2,0.25,0
121.0,366.2,0.291667,0
164.1,621.8,0.333333,0
174.9,550.8,0.375,0
130.1,349.0,0.416667,0
116.7,284.9,0.458333,0
114.7,265.4,0.5,0
106.3,222.4,0.541667,0
102.2,237.2,0.583333,0
122.3,293.5,0.625,0
137.6,329.4,0.666667,0
162.4,487.4,0.708333,0
176.5,604.2,0.75,0
190.4,728.4,0.791667,0
182.4,652.7,0.833333,0
162.8,509.4,0.875,0
135.4,276.8,0.916667,0
130.1,267.9,0.958333,0
116.7,192.5,0.0,0
103.9,166.8,0.0416667,0
97.1,158.6,0.0833333,0
-200.0,-200.0,0.125,0
71.7,88.9,0.166667,0
71.2,97.2,0.208333,0
93.5,181.6,0.25,0
118.4,262.0,0.291667,0
173.8,560.6,0.333333,0
170.3,540.3,0.375,0
171.4,480.4,0.416667,0
195.8,607.8,0.458333,0
190.7,584.2,0.5,0
165.4,425.8,0.541667,0
147.7,397.2,0.583333,0
172.4,473.2,0.625,0
164.8,368.5,0.666667,0
183.9,531.7,0.708333,0
173.1,498.2,0.75,0
174.3,486.8,0.791667,0
181.0,628.8,0.833333,0
165.8,502.2,0.875,0
149.8,380.6,0.916667,0
130.7,249.7,0.958333,0
128.8,265.6,0.0,0
119.6,226.1,0.0416667,1
118.6,258.6,0.0833333,1
-200.0,-200.0,0.125,1
110.5,260.0,0.166667,1
109.1,241.9,0.208333,1
110.1,267.4,0.25,1
126.1,410.9,0.291667,1
148.2,669.8,0.333333,1
162.2,829.5,0.375,1
173.1,844.5,0.416667,1
197.9,992.0,0.458333,1
219.3,1129.9,0.5,1
205.9,976.6,0.541667,1
154.8,459.2,0.583333,1
150.0,346.3,0.625,1
147.9,383.1,0.666667,1
157.5,414.4,0.708333,1
151.9,369.9,0.75,1
148.1,400.1,0.791667,1
147.0,377.6,0.833333,1
143.9,356.9,0.875,1
143.5,333.2,0.916667,1
125.7,226.6,0.958333,1
115.2,202.8,0.0,1
115.9,209.7,0.0416667,1
111.9,198.1,0.0833333,1
-200.0,-200.0,0.125,1
67.2,89.0,0.166667,1
66.8,88.8,0.208333,1
72.4,100.6,0.25,1
68.6,104.1,0.291667,1
107.1,191.6,0.333333,1
117.0,236.5,0.375,1
115.1,210.5,0.416667,1
120.0,230.2,0.458333,1
127.9,239.5,0.5,1
137.9,295.4,0.541667,1
126.7,242.6,0.583333,1
111.2,195.8,0.625,1
122.3,237.2,0.666667,1
134.1,274.4,0.708333,1
152.6,352.1,0.75,1
169.4,487.6,0.791667,1
162.1,425.9,0.833333,1
152.4,376.4,0.875,1
127.2,237.2,0.916667,1
111.8,198.5,0.958333,1
97.7,163.9,0.0,1
89.4,141.9,0.0416667,1
82.1,142.4,0.0833333,1
-200.0,-200.0,0.125,1
76.7,126.9,0.166667,1
54.6,73.4,0.208333,1
62.9,99.6,0.25,1
68.9,125.9,0.291667,1
98.8,284.4,0.333333,1
124.7,418.5,0.375,1
123.0,432.0,0.416667,1
127.7,310.4,0.458333,1
148.6,446.3,0.5,1
137.2,464.4,0.541667,1
146.7,504.9,0.583333,1
167.6,563.6,0.625,1
180.3,625.4,0.666667,1
169.5,589.9,0.708333,1
180.3,711.9,0.75,1
177.5,722.5,0.791667,1
158.8,707.4,0.833333,1
155.9,736.5,0.875,1
145.7,646.2,0.916667,1
131.5,535.5,0.958333,1
137.2,566.7,0.0,1
114.3,357.4,0.0416667,1
95.0,186.6,0.0833333,1
-200.0,-200.0,0.125,1
88.0,169.1,0.166667,1
93.8,184.2,0.208333,1
97.0,204.5,0.25,1
93.1,212.5,0.291667,1
113.2,415.1,0.333333,1
125.6,582.9,0.375,1
132.8,462.0,0.416667,1
141.3,387.0,0.458333,1
138.8,414.3,0.5,1
147.4,439.8,0.541667,1
175.2,515.9,0.583333,1
180.2,495.0,0.625,1
194.0,643.0,0.666667,1
192.2,724.7,0.708333,1
187.7,682.6,0.75,1
179.3,681.2,0.791667,1
195.8,833.0,0.833333,1
169.1,513.5,0.875,1
151.2,371.3,0.916667,1
123.3,212.5,0.958333,1
126.8,241.9,0.0,1
127.0,240.9,0.0416667,1
117.5,217.9,0.0833333,1
-200.0,-200.0,0.125,1
54.5,69.6,0.166667,1
43.9,53.6,0.208333,1
46.2,59.7,0.25,1
45.5,55.3,0.291667,1
61.1,92.8,0.333333,1
59.6,80.5,0.375,1
70.9,108.7,0.416667,1
110.9,251.2,0.458333,1
126.8,284.1,0.5,1
128.4,262.2,0.541667,1
142.1,255.5,0.583333,1
145.3,310.0,0.625,1
145.4,268.5,0.666667,1
156.4,348.2,0.708333,1
154.2,395.7,0.75,1
165.1,431.7,0.791667,1
153.1,419.0,0.833333,1
151.0,411.7,0.875,1
130.6,222.9,0.916667,1
128.1,242.3,0.958333,1
136.6,287.5,0.0,1
119.3,209.0,0.0416667,1
96.3,141.3,0.0833333,1
-200.0,-200.0,0.125,1
60.0,65.6,0.166667,1
53.8,63.8,0.208333,1
66.2,104.5,0.25,1
103.9,302.8,0.291667,1
136.7,620.3,0.333333,1
145.7,589.5,0.375,1
136.3,591.7,0.416667,1
143.8,697.7,0.458333,1
132.8,482.3,0.5,1
148.4,574.7,0.541667,1
154.7,547.5,0.583333,1
152.4,498.3,0.625,1
145.3,478.8,0.666667,1
138.6,419.8,0.708333,1
134.2,378.4,0.75,1
128.2,340.1,0.791667,1
134.6,398.5,0.833333,1
136.4,448.7,0.875,1
126.3,374.4,0.916667,1
116.1,243.8,0.958333,1
116.4,256.3,0.0,1
106.8,212.3,0.0416667,1
90.9,146.3,0.0833333,1
-200.0,-200.0,0.125,1
70.3,96.0,0.166667,1
78.1,105.5,0.208333,1
74.8,114.7,0.25,1
100.6,236.4,0.291667,1
136.1,582.8,0.333333,1
147.3,662.3,0.375,1
142.6,527.5,0.416667,1
152.6,548.5,0.458333,1
148.2,530.7,0.5,1
148.8,493.2,0.541667,1
141.3,527.3,0.583333,1
147.1,487.3,0.625,1
159.1,580.5,0.666667,1
152.1,530.7,0.708333,1
144.4,495.4,0.75,1
146.0,487.2,0.791667,1
161.7,596.0,0.833333,1
156.1,594.9,0.875,1
146.4,558.8,0.916667,1
151.2,585.6,0.958333,1
126.6,399.3,0.0,1
122.8,399.4,0.0416667,1
121.9,380.7,0.0833333,1
-200.0,-200.0,0.125,1
84.7,161.9,0.166667,1
83.1,182.5,0.208333,1
97.5,356.6,0.25,1
108.5,478.8,0.291667,1
138.2,851.7,0.333333,1
138.3,821.6,0.375,1
170.4,910.1,0.416667,1
191.2,800.2,0.458333,1
196.1,758.0,0.5,1
185.0,647.2,0.541667,1
155.9,430.6,0.583333,1
172.8,491.3,0.625,1
166.4,476.0,0.666667,1
173.3,537.7,0.708333,1
176.8,621.3,0.75,1
181.7,728.4,0.791667,1
166.2,715.9,0.833333,1
177.1,782.0,0.875,1
158.4,549.5,0.916667,1
133.3,376.5,0.958333,1
122.9,391.4,0.0,1
120.2,433.0,0.0416667,1
104.8,286.7,0.0833333,1
-200.0,-200.0,0.125,1
85.7,191.5,0.166667,1
76.5,161.2,0.208333,1
81.2,194.1,0.25,1
102.6,343.3,0.291667,1
126.6,623.7,0.333333,1
134.4,758.3,0.375,1
157.8,760.2,0.416667,1
175.1,712.8,0.458333,1
177.8,615.3,0.5,1
134.5,318.9,0.541667,1
132.9,338.4,0.583333,1
134.2,379.6,0.625,1
137.3,365.6,0.666667,1
159.8,567.1,0.708333,1
166.3,701.6,0.75,1
143.5,522.8,0.791667,1
129.0,373.3,0.833333,1
129.3,466.5,0.875,1
107.1,259.7,0.916667,1
100.7,244.3,0.958333,1
111.5,317.2,0.0,1
98.2,223.6,0.0416667,1
89.9,175.8,0.0833333,1
-200.0,-200.0,0.125,1
59.3,102.8,0.166667,1
98.4,366.7,0.208333,1
108.7,326.4,0.25,1
110.2,373.9,0.291667,1
158.5,755.6,0.333333,1
144.4,690.0,0.375,1
147.4,753.5,0.416667,1
179.2,749.8,0.458333,1
163.8,589.6,0.5,1
159.8,525.2,0.541667,1
143.4,405.8,0.583333,1
138.2,359.7,0.625,1
142.5,448.3,0.666667,1
195.9,733.1,0.708333,1
196.5,847.3,0.75,1
188.9,764.9,0.791667,1
188.2,715.3,0.833333,1
189.9,715.6,0.875,1
125.8,234.8,0.916667,1
112.6,198.4,0.958333,1
129.2,292.9,0.0,1
127.5,356.2,0.0416667,1
121.7,284.8,0.0833333,1
-200.0,-200.0,0.125,1
114.5,265.8,0.166667,1
92.1,157.9,0.208333,1
70.3,94.5,0.25,1
82.6,148.4,0.291667,1
127.1,336.5,0.333333,1
141.8,452.8,0.375,1
155.4,496.7,0.416667,1
152.8,448.1,0.458333,1
177.3,495.5,0.5,1
179.0,534.6,0.541667,1
211.5,643.7,0.583333,1
182.2,458.8,0.625,1
168.1,408.7,0.666667,1
178.9,514.8,0.708333,1
182.2,640.1,0.75,1
194.0,816.4,0.791667,1
165.9,504.7,0.833333,1
168.3,560.3,0.875,1
147.8,388.8,0.916667,1
150.8,491.6,0.958333,1
165.1,530.5,0.0,1
164.8,487.4,0.0416667,1
128.1,292.7,0.0833333,1
-200.0,-200.0,0.125,1
115.0,218.8,0.166667,1
120.1,198.1,0.208333,1
105.7,165.9,0.25,1
117.9,254.9,0.291667,1
156.2,311.8,0.333333,1
130.4,235.9,0.375,1
112.2,171.5,0.416667,1
96.4,138.2,0.458333,1
89.4,121.0,0.5,1
98.2,143.3,0.541667,1
84.9,114.4,0.583333,1
80.0,106.7,0.625,1
112.2,175.7,0.666667,1
121.2,180.3,0.708333,1
132.3,212.0,0.75,1
159.5,330.7,0.791667,1
166.6,368.7,0.833333,1
156.7,273.7,0.875,1
130.4,198.5,0.916667,1
144.9,248.2,0.958333,1
132.7,197.2,0.0,1
109.8,147.2,0.0416667,1
100.3,135.4,0.0833333,1
-200.0,-200.0,0.125,1
78.9,94.5,0.166667,1
78.6,94.1,0.208333,1
89.9,120.6,0.25,1
94.9,130.6,0.291667,1
169.2,552.2,0.333333,1
199.1,614.1,0.375,1
185.5,530.1,0.416667,1
208.4,720.7,0.458333,1
177.6,473.9,0.5,1
176.4,514.3,0.541667,1
176.8,504.1,0.583333,1
181.6,507.6,0.625,1
181.5,528.6,0.666667,1
193.1,676.4,0.708333,1
272.3,1216.0,0.75,1
225.3,1229.6,0.791667,1
180.7,581.9,0.833333,1
171.9,460.1,0.875,1
152.7,339.9,0.916667,1
143.2,298.2,0.958333,1
142.3,300.4,0.0,1
131.1,223.2,0.0416667,1
105.1,151.3,0.0833333,1
-200.0,-200.0,0.125,1
83.2,108.2,0.166667,1
87.0,124.5,0.208333,1
105.5,181.4,0.25,1
140.0,340.7,0.291667,1
167.3,552.0,0.333333,1
174.5,838.6,0.375,1
235.0,1048.8,0.416667,1
196.0,796.0,0.458333,1
211.4,999.4,0.5,1
234.3,1021.6,0.541667,1
239.9,1023.2,0.583333,1
242.5,1064.9,0.625,1
223.9,1097.8,0.666667,1
239.5,1099.4,0.708333,1
214.7,939.3,0.75,1
216.3,875.3,0.791667,1
183.9,745.2,0.833333,1
152.2,338.5,0.875,1
104.0,135.1,0.916667,1
104.3,167.4,0.958333,1
124.1,231.9,0.0,1
126.9,272.9,0.0416667,1
108.5,165.3,0.0833333,1
-200.0,-200.0,0.125,1
72.7,74.6,0.166667,1
52.0,53.3,0.208333,1
57.0,71.6,0.25,1
88.6,130.3,0.291667,1
127.9,265.4,0.333333,1
152.0,314.4,0.375,1
127.8,193.5,0.416667,1
123.5,180.4,0.458333,1
116.9,180.8,0.5,1
109.6,193.1,0.541667,1
128.1,262.8,0.583333,1
113.9,176.2,0.625,1
109.8,168.3,0.666667,1
112.4,169.5,0.708333,1
129.6,234.1,0.75,1
134.7,255.8,0.791667,1
140.6,257.3,0.833333,1
140.6,316.6,0.875,1
95.2,134.5,0.916667,1
97.0,159.4,0.958333,1
111.9,186.2,0.0,1
74.1,102.0,0.0416667,1
61.8,74.9,0.0833333,1
-200.0,-200.0,0.125,1
39.5,41.0,0.166667,1
44.9,50.0,0.208333,1
92.9,189.1,0.25,1
104.4,181.9,0.291667,1
161.5,636.4,0.333333,1
168.7,703.9,0.375,1
189.5,853.9,0.416667,1
169.8,651.6,0.458333,1
150.8,528.8,0.5,1
149.8,438.2,0.541667,1
153.8,438.2,0.583333,1
139.5,378.0,0.625,1
166.5,481.8,0.666667,1
204.2,709.2,0.708333,1
210.1,795.9,0.75,1
181.7,605.0,0.791667,1
164.9,472.1,0.833333,1
150.4,410.6,0.875,1
132.1,264.3,0.916667,1
120.2,217.4,0.958333,1
118.6,210.7,0.0,1
110.0,179.2,0.0416667,1
94.3,134.5,0.0833333,1
-200.0,-200.0,0.125,1
101.1,221.2,0.166667,1
116.7,284.3,0.208333,1
120.8,357.0,0.25,1
138.0,468.9,0.291667,1
174.2,765.6,0.333333,1
178.7,874.6,0.375,1
175.0,800.3,0.416667,1
183.3,814.7,0.458333,1
188.5,840.6,0.5,1
197.8,827.1,0.541667,1
141.5,402.1,0.583333,1
139.3,414.9,0.625,1
98.9,434.9,0.666667,1
135.1,569.9,0.708333,1
223.1,529.6,0.75,1
194.0,616.8,0.791667,1
244.3,983.3,0.833333,1
242.9,1199.5,0.875,1
230.4,1028.4,0.916667,1
207.3,797.1,0.958333,1
223.3,976.7,0.0,1
216.4,810.6,0.0416667,1
197.5,756.6,0.0833333,1
-200.0,-200.0,0.125,1
126.2,388.0,0.166667,1
144.2,497.1,0.208333,1
183.2,581.8,0.25,1
192.8,574.0,0.291667,1
195.7,587.6,0.333333,1
208.0,645.1,0.375,1
217.4,643.2,0.416667,1
246.1,627.9,0.458333,1
203.5,546.9,0.5,1
191.8,461.4,0.541667,1
185.8,455.2,0.583333,1
133.2,243.5,0.625,1
126.0,202.0,0.666667,1
138.4,256.2,0.708333,1
148.3,309.6,0.75,1
167.4,390.7,0.791667,1
175.3,443.6,0.833333,1
223.6,794.1,0.875,1
214.5,715.8,0.916667,1
196.4,564.7,0.958333,1
195.0,450.9,0.0,1
180.8,313.1,0.0416667,1
149.8,241.4,0.0833333,1
-200.0,-200.0,0.125,1
138.6,224.0,0.166667,1
74.2,82.4,0.208333,1
73.3,88.6,0.25,1
77.2,92.5,0.291667,1
97.8,134.4,0.333333,1
121.4,188.9,0.375,1
162.3,291.9,0.416667,1
178.3,325.6,0.458333,1
205.6,396.8,0.5,1
191.1,371.0,0.541667,1
175.0,304.7,0.583333,1
168.5,328.3,0.625,1
179.7,281.2,0.666667,1
124.3,167.8,0.708333,1
129.8,183.0,0.75,1
140.5,216.5,0.791667,1
157.2,245.3,0.833333,1
122.7,154.3,0.875,1
104.0,140.6,0.916667,1
133.8,209.5,0.958333,1
105.1,139.9,0.0,1
120.7,190.8,0.0416667,1
135.8,248.4,0.0833333,1
-200.0,-200.0,0.125,1
47.8,49.9,0.166667,1
40.4,42.6,0.208333,1
66.8,86.4,0.25,1
104.1,151.8,0.291667,1
168.7,340.7,0.333333,1
203.4,355.1,0.375,1
183.2,327.0,0.416667,1
150.5,239.9,0.458333,1
138.1,216.5,0.5,1
127.3,190.7,0.541667,1
-200.0,-200.0,0.583333,1
147.5,255.6,0.625,1
171.6,287.1,0.666667,1
163.4,278.4,0.708333,1
179.5,302.0,0.75,1
168.6,258.9,0.791667,1
151.8,220.8,0.833333,1
107.2,141.5,0.875,1
75.1,93.3,0.916667,1
57.9,70.6,0.958333,1
57.0,65.5,0.0,1
44.2,48.6,0.0416667,1
29.2,29.1,0.0833333,1
-200.0,-200.0,0.125,1
19.4,19.4,0.166667,1
20.0,20.2,0.208333,1
34.9,38.7,0.25,1
60.4,77.2,0.291667,1
114.7,180.4,0.333333,1
156.8,243.3,0.375,1
146.5,235.7,0.416667,1
187.8,297.1,0.458333,1
126.3,234.5,0.5,1
113.9,185.7,0.541667,1
123.3,196.2,0.583333,1
107.1,167.3,0.625,1
121.1,210.5,0.666667,1
118.3,194.2,0.708333,1
134.0,206.3,0.75,1
141.7,211.2,0.791667,1
132.5,197.3,0.833333,1
106.0,138.6,0.875,1
86.5,113.2,0.916667,1
66.8,80.9,0.958333,1
54.6,63.3,0.0,1
48.7,55.4,0.0416667,1
30.3,31.1,0.0833333,1
-200.0,-200.0,0.125,1
19.9,20.2,0.166667,1
17.1,17.3,0.208333,1
35.2,42.1,0.25,1
70.7,89.5,0.291667,1
135.6,227.3,0.333333,1
163.2,249.7,0.375,1
143.1,218.6,0.416667,1
134.1,210.8,0.458333,1
130.1,188.9,0.5,1
122.0,180.4,0.541667,1
128.5,197.0,0.583333,1
132.4,197.6,0.625,1
133.0,202.7,0.666667,1
125.6,187.9,0.708333,1
177.1,293.5,0.75,1
184.9,301.7,0.791667,1
168.5,260.8,0.833333,1
150.5,232.4,0.875,1
114.0,153.8,0.916667,1
90.4,120.1,0.958333,1
86.9,116.8,0.0,1
82.9,108.3,0.0416667,1
74.4,96.7,0.0833333,1
-200.0,-200.0,0.125,1
27.9,28.4,0.166667,1
26.3,27.0,0.208333,1
60.5,80.7,0.25,1
91.0,129.4,0.291667,1
183.9,336.4,0.333333,1
203.8,334.6,0.375,1
184.6,317.8,0.416667,1
125.2,201.2,0.458333,1
104.0,166.2,0.5,1
115.2,192.1,0.541667,1
125.6,198.4,0.583333,1
125.4,198.0,0.625,1
138.9,222.5,0.666667,1
141.6,224.0,0.708333,1
169.5,265.8,0.75,1
194.8,325.6,0.791667,1
201.8,342.8,0.833333,1
167.9,243.3,0.875,1
128.1,176.7,0.916667,1
114.8,154.9,0.958333,1
111.1,143.1,0.0,1
97.4,124.3,0.0416667,1
77.1,93.8,0.0833333,1
-200.0,-200.0,0.125,1
50.5,56.3,0.166667,1
49.4,58.1,0.208333,1
78.7,104.9,0.25,1
92.1,121.8,0.291667,1
166.9,274.4,0.333333,1
205.5,341.9,0.375,1
183.9,295.9,0.416667,1
176.4,278.5,0.458333,1
191.4,324.7,0.5,1
147.1,221.7,0.541667,1
173.8,279.1,0.583333,1
166.6,248.3,0.625,1
137.9,192.9,0.666667,1
164.3,256.2,0.708333,0
189.8,287.5,0.75,0
197.8,300.1,0.791667,0
155.0,223.5,0.833333,0
152.5,219.1,0.875,0
109.6,144.7,0.916667,0
90.7,114.7,0.958333,0
104.5,136.1,0.0,0
85.4,106.9,0.0416667,0
59.5,70.3,0.0833333,1
-200.0,-200.0,0.125,1
34.1,36.6,0.166667,1
31.4,33.4,0.208333,1
36.9,43.2,0.25,1
57.5,73.2,0.291667,1
91.9,125.2,0.333333,1
109.7,153.7,0.375,1
100.8,139.8,0.416667,1
96.0,150.1,0.458333,1
101.7,139.3,0.5,1
96.4,134.5,0.541667,1
101.6,152.0,0.583333,1
87.6,120.9,0.625,1
86.8,121.7,0.666667,1
115.1,166.7,0.708333,1
117.7,165.1,0.75,1
134.2,189.5,0.791667,1
125.2,175.6,0.833333,1
140.0,195.8,0.875,1
83.0,102.6,0.916667,1
72.6,91.2,0.958333,1
92.1,119.0,0.0,1
108.5,146.8,0.0416667,1
82.3,101.2,0.0833333,1
-200.0,-200.0,0.125,1
82.7,102.3,0.166667,1
49.7,55.1,0.208333,1
44.2,50.5,0.25,1
48.6,53.4,0.291667,1
62.0,73.6,0.333333,1
85.1,113.0,0.375,1
82.1,107.1,0.416667,1
76.5,101.3,0.458333,1
92.2,128.8,0.5,1
95.0,125.9,0.541667,1
95.1,131.6,0.583333,1
76.4,100.6,0.625,1
94.9,128.1,0.666667,1
118.3,169.9,0.708333,1
122.5,174.1,0.75,1
139.7,214.7,0.791667,1
162.8,248.1,0.833333,1
163.8,247.3,0.875,1
120.0,154.3,0.916667,1
129.6,185.9,0.958333,1
144.6,230.6,0.0,1
126.1,174.0,0.0416667,1
61.4,68.4,0.0833333,1
-200.0,-200.0,0.125,1
36.9,39.3,0.166667,1
36.7,38.7,0.208333,1
49.8,54.4,0.25,1
109.1,158.0,0.291667,1
197.8,350.4,0.333333,1
-200.0,-200.0,0.375,1
283.2,584.4,0.416667,1
255.9,478.1,0.458333,1
261.3,563.3,0.5,1
180.8,413.8,0.541667,1
194.1,397.6,0.583333,1
214.1,450.5,0.625,1
203.8,503.3,0.666667,1
228.2,639.8,0.708333,1
269.5,842.9,0.75,1
285.3,953.9,0.791667,1
281.9,983.9,0.833333,1
235.0,585.8,0.875,1
208.0,359.7,0.916667,1
160.9,230.7,0.958333,1
145.7,199.7,0.0,1
122.6,152.9,0.0416667,1
108.7,134.7,0.0833333,1
-200.0,-200.0,0.125,1
114.5,195.8,0.166667,1
113.9,207.8,0.208333,1
122.2,241.1,0.25,1
149.0,417.3,0.291667,1
186.8,896.0,0.333333,1
197.6,966.1,0.375,1
195.8,878.3,0.416667,1
218.3,985.4,0.458333,1
227.1,1016.7,0.5,1
181.1,682.8,0.541667,1
178.9,659.6,0.583333,1
150.6,492.4,0.625,1
162.3,497.1,0.666667,1
164.8,562.2,0.708333,1
173.0,539.4,0.75,1
187.6,502.1,0.791667,1
186.4,451.6,0.833333,1
172.4,357.0,0.875,1
149.8,288.7,0.916667,1
136.9,221.0,0.958333,1
132.8,204.2,0.0,1
121.5,183.0,0.0416667,1
129.6,222.2,0.0833333,1
-200.0,-200.0,0.125,1
120.8,210.4,0.166667,1
114.5,185.3,0.208333,1
125.3,257.0,0.25,1
135.8,297.3,0.291667,1
174.2,573.0,0.333333,1
223.7,883.2,0.375,1
229.5,823.5,0.416667,1
204.6,692.6,0.458333,1
203.8,713.7,0.5,1
139.4,387.8,0.541667,1
132.8,337.3,0.583333,1
127.3,326.0,0.625,1
123.8,328.5,0.666667,1
157.5,464.8,0.708333,1
170.6,612.1,0.75,1
193.3,759.0,0.791667,1
195.4,770.6,0.833333,1
211.7,654.6,0.875,1
192.8,332.3,0.916667,1
167.4,286.9,0.958333,1
155.5,241.6,0.0,1
152.6,242.2,0.0416667,1
128.0,191.8,0.0833333,1
-200.0,-200.0,0.125,1
96.3,133.5,0.166667,1
104.5,142.1,0.208333,1
129.5,194.3,0.25,1
133.9,215.6,0.291667,1
274.6,728.3,0.333333,1
309.2,974.6,0.375,1
321.6,947.3,0.416667,1
332.6,790.0,0.458333,1
234.6,551.1,0.5,1
241.1,565.3,0.541667,1
214.0,531.6,0.583333,1
173.7,458.5,0.625,1
157.0,406.8,0.666667,1
170.1,433.8,0.708333,1
212.2,980.0,0.75,1
249.0,965.9,0.791667,1
230.5,646.3,0.833333,1
215.6,470.5,0.875,1
216.6,527.7,0.916667,1
202.8,378.1,0.958333,1
161.4,234.9,0.0,1
147.4,216.8,0.0416667,1
111.1,141.0,0.0833333,1
-200.0,-200.0,0.125,1
114.5,157.6,0.166667,1
79.8,87.4,0.208333,1
121.8,193.7,0.25,1
186.3,401.4,0.291667,1
306.4,886.7,0.333333,1
301.1,654.3,0.375,1
273.5,566.3,0.416667,1
247.1,648.6,0.458333,1
168.7,308.6,0.5,1
137.5,228.5,0.541667,1
148.5,311.6,0.583333,1
164.7,276.3,0.625,1
156.3,235.7,0.666667,1
183.6,311.8,0.708333,1
197.0,345.1,0.75,1
204.2,386.0,0.791667,1
207.4,355.9,0.833333,1
207.7,467.4,0.875,1
173.5,287.4,0.916667,1
156.8,238.8,0.958333,1
166.4,266.0,0.0,1
166.8,260.8,0.0416667,1
153.5,223.3,0.0833333,1
-200.0,-200.0,0.125,1
164.0,271.9,0.166667,1
148.8,226.2,0.208333,1
149.7,249.7,0.25,1
205.3,401.6,0.291667,1
282.6,708.0,0.333333,1
310.1,758.9,0.375,1
200.1,301.7,0.416667,1
146.9,210.3,0.458333,1
127.5,180.3,0.5,1
120.9,164.7,0.541667,1
128.5,179.5,0.583333,1
109.7,146.8,0.625,1
126.4,176.5,0.666667,1
121.2,156.8,0.708333,1
141.7,195.1,0.75,1
173.9,262.9,0.791667,1
168.0,239.3,0.833333,1
180.2,267.4,0.875,1
157.3,214.4,0.916667,1
162.3,236.3,0.958333,1
173.3,251.2,0.0,1
176.1,255.4,0.0416667,1
172.3,235.3,0.0833333,1
-200.0,-200.0,0.125,1
107.7,129.4,0.166667,1
87.8,95.3,0.208333,1
85.2,95.0,0.25,1
87.5,99.7,0.291667,1
93.7,109.9,0.333333,1
115.4,149.0,0.375,1
136.7,197.2,0.416667,1
211.7,350.6,0.458333,1
172.9,249.4,0.5,1
134.5,187.5,0.541667,1
100.4,127.4,0.583333,1
78.3,96.1,0.625,1
100.0,138.3,0.666667,1
150.2,216.8,0.708333,1
141.7,186.3,0.75,1
165.0,226.5,0.791667,1
179.1,252.4,0.833333,1
149.0,192.9,0.875,1
126.3,157.8,0.916667,1
119.8,149.8,0.958333,1
109.5,130.3,0.0,1
91.7,104.3,0.0416667,1
78.4,85.6,0.0833333,1
-200.0,-200.0,0.125,1
65.1,66.6,0.166667,1
72.5,75.1,0.208333,1
84.6,96.9,0.25,1
133.3,176.7,0.291667,1
245.6,432.7,0.333333,1
280.7,471.0,0.375,1
221.9,345.5,0.416667,1
181.9,261.5,0.458333,1
154.2,221.0,0.5,1
168.0,265.0,0.541667,1
148.5,219.4,0.583333,1
156.4,234.9,0.625,1
155.6,227.4,0.666667,1
186.7,284.8,0.708333,1
193.5,290.6,0.75,1
204.3,294.9,0.791667,1
174.3,242.6,0.833333,1
154.4,209.4,0.875,1
116.9,147.2,0.916667,1
98.0,116.7,0.958333,1
89.7,105.0,0.0,1
73.5,84.4,0.0416667,1
49.2,51.2,0.0833333,1
-200.0,-200.0,0.125,1
53.8,54.0,0.166667,1
68.6,74.3,0.208333,1
91.6,114.2,0.25,1
146.3,228.3,0.291667,1
224.2,455.2,0.333333,1
252.9,492.9,0.375,1
224.6,409.9,0.416667,1
180.4,276.7,0.458333,1
193.6,340.1,0.5,1
158.3,237.5,0.541667,1
184.3,323.4,0.583333,1
164.5,285.8,0.625,1
155.6,270.6,0.666667,1
172.0,275.9,0.708333,0
194.4,295.4,0.75,0
207.7,339.5,0.791667,0
187.2,275.2,0.833333,0
187.2,292.8,0.875,0
126.7,157.3,0.916667,0
107.4,133.1,0.958333,0
98.5,119.5,0.0,0
100.4,121.5,0.0416667,0
72.6,79.9,0.0833333,0
-200.0,-200.0,0.125,0
82.5,87.9,0.166667,0
91.7,109.2,0.208333,0
100.4,119.6,0.25,0
148.8,233.0,0.291667,0
230.5,393.6,0.333333,0
244.7,424.4,0.375,0
203.0,446.0,0.416667,0
164.7,265.7,0.458333,0
167.9,260.7,0.5,0
151.0,219.9,0.541667,0
152.4,241.3,0.583333,0
143.6,207.7,0.625,0
147.5,214.9,0.666667,0
176.1,257.4,0.708333,0
208.5,354.7,0.75,0
239.8,414.8,0.791667,0
222.5,349.4,0.833333,0
186.6,254.3,0.875,0
156.7,228.2,0.916667,0
122.6,155.8,0.958333,0
126.2,161.1,0.0,0
106.2,122.9,0.0416667,0
94.6,107.8,0.0833333,0
-200.0,-200.0,0.125,0
87.0,94.9,0.166667,0
87.7,102.2,0.208333,0
134.4,178.1,0.25,0
156.2,214.1,0.291667,0
247.0,491.7,0.333333,0
288.7,539.5,0.375,0
250.0,603.8,0.416667,0
232.4,645.8,0.458333,0
185.4,418.3,0.5,0
147.2,249.6,0.541667,0
128.4,226.2,0.583333,0
131.3,271.3,0.625,0
134.7,288.1,0.666667,0
148.7,299.2,0.708333,0
208.5,533.5,0.75,0
242.7,686.7,0.791667,0
276.2,1028.1,0.833333,0
224.9,604.5,0.875,0
193.9,344.8,0.916667,0
163.7,254.8,0.958333,0
147.8,210.7,0.0,0
135.7,190.0,0.0416667,0
116.4,149.4,0.0833333,0
-200.0,-200.0,0.125,0
90.7,106.9,0.166667,0
87.0,97.7,0.208333,0
122.9,183.2,0.25,0
151.5,223.5,0.291667,0
266.7,589.0,0.333333,0
295.6,699.5,0.375,0
290.6,746.8,0.416667,0
275.9,746.1,0.458333,0
249.8,701.5,0.5,0
251.2,722.5,0.541667,0
275.0,871.6,0.583333,0
312.4,1053.7,0.625,0
339.7,1218.0,0.666667,0
325.9,1226.7,0.708333,0
283.8,1060.5,0.75,0
289.0,1074.8,0.791667,0
215.0,641.3,0.833333,0
206.8,490.2,0.875,1
212.7,549.9,0.916667,1
192.0,421.7,0.958333,1
210.7,540.8,0.0,1
229.3,599.0,0.0416667,1
215.7,490.3,0.0833333,1
-200.0,-200.0,0.125,1
145.8,223.3,0.166667,1
136.4,214.0,0.208333,1
156.4,274.0,0.25,1
176.4,337.7,0.291667,1
223.5,496.2,0.333333,1
207.2,432.6,0.375,1
221.4,496.0,0.416667,1
229.3,614.9,0.458333,1
207.8,551.2,0.5,1
206.9,575.4,0.541667,1
215.7,574.5,0.583333,1
224.2,573.7,0.625,1
224.5,581.5,0.666667,1
227.2,658.1,0.708333,1
247.6,850.5,0.75,1
251.0,902.9,0.791667,1
264.6,951.6,0.833333,1
261.5,893.5,0.875,1
240.6,838.5,0.916667,1
230.9,743.0,0.958333,1
228.5,670.6,0.0,1
221.2,688.6,0.0416667,1
180.2,478.0,0.0833333,1
-200.0,-200.0,0.125,1
140.2,345.0,0.166667,1
153.0,372.9,0.208333,1
149.5,323.5,0.25,1
144.5,340.8,0.291667,1
148.6,424.3,0.333333,1
155.2,522.0,0.375,1
158.0,491.8,0.416667,1
188.1,491.8,0.458333,1
154.2,204.1,0.5,1
106.8,141.9,0.541667,1
92.3,117.7,0.583333,1
105.7,126.3,0.625,1
89.5,114.9,0.666667,1
100.4,136.9,0.708333,1
131.9,211.5,0.75,1
210.9,353.5,0.791667,1
178.5,331.2,0.833333,1
116.2,140.7,0.875,1
143.2,228.1,0.916667,1
142.2,228.3,0.958333,1
134.5,203.0,0.0,1
135.8,215.4,0.0416667,1
109.3,142.3,0.0833333,1
-200.0,-200.0,0.125,1
62.4,66.4,0.166667,1
48.6,53.8,0.208333,1
81.1,121.2,0.25,1
104.1,140.9,0.291667,1
175.9,388.3,0.333333,1
192.8,365.9,0.375,1
168.0,253.7,0.416667,1
123.4,163.9,0.458333,1
111.2,142.0,0.5,1
120.4,162.2,0.541667,1
122.7,177.3,0.583333,1
115.2,156.7,0.625,1
120.0,162.3,0.666667,1
140.1,208.6,0.708333,1
184.8,303.5,0.75,1
211.5,483.8,0.791667,1
199.7,399.2,0.833333,1
190.8,389.8,0.875,1
168.5,286.8,0.916667,1
138.5,201.6,0.958333,1
101.9,126.2,0.0,1
75.7,87.0,0.0416667,1
55.6,59.3,0.0833333,1
-200.0,-200.0,0.125,1
30.2,30.5,0.166667,1
27.9,28.0,0.208333,1
55.7,63.9,0.25,1
94.0,123.3,0.291667,1
196.3,363.2,0.333333,1
220.1,415.8,0.375,1
168.2,286.3,0.416667,1
132.5,198.2,0.458333,1
134.1,215.5,0.5,1
138.2,210.6,0.541667,1
135.4,199.1,0.583333,1
111.4,161.0,0.625,1
124.1,217.8,0.666667,1
158.2,251.5,0.708333,1
181.4,337.2,0.75,1
184.9,357.2,0.791667,1
187.2,409.9,0.833333,1
196.4,444.8,0.875,1
174.1,313.7,0.916667,1
181.9,366.1,0.958333,1
181.9,336.0,0.0,1
192.5,387.2,0.0416667,1
173.7,319.5,0.0833333,1
-200.0,-200.0,0.125,1
142.1,236.6,0.166667,1
136.5,224.0,0.208333,1
139.7,236.6,0.25,1
200.9,453.9,0.291667,1
288.0,853.8,0.333333,1
259.6,757.6,0.375,1
205.7,427.6,0.416667,1
98.1,205.1,0.458333,1
138.0,205.4,0.5,1
139.0,225.7,0.541667,1
137.0,199.4,0.583333,1
154.8,253.1,0.625,1
154.9,259.3,0.666667,1
147.9,252.1,0.708333,1
153.0,313.1,0.75,1
171.1,433.0,0.791667,1
227.0,611.1,0.833333,1
250.8,625.7,0.875,1
215.6,407.8,0.916667,1
199.6,357.4,0.958333,1
191.9,374.6,0.0,1
187.2,325.8,0.0416667,1
172.6,326.1,0.0833333,1
-200.0,-200.0,0.125,1
64.3,71.6,0.166667,1
45.8,48.5,0.208333,1
51.4,59.4,0.25,1
114.5,219.8,0.291667,1
238.0,602.2,0.333333,1
202.2,484.8,0.375,1
167.0,295.3,0.416667,1
138.5,216.5,0.458333,1
147.2,236.2,0.5,1
130.2,196.2,0.541667,1
143.0,232.6,0.583333,1
143.4,206.6,0.625,1
135.5,197.7,0.666667,1
143.4,212.1,0.708333,1
177.1,279.8,0.75,1
197.9,314.7,0.791667,1
200.1,377.6,0.833333,1
191.1,319.6,0.875,1
168.5,265.2,0.916667,1
105.7,128.9,0.958333,1
104.7,129.1,0.0,1
130.1,171.8,0.0416667,1
82.4,100.3,0.0833333,1
-200.0,-200.0,0.125,1
44.8,48.7,0.166667,1
35.4,36.4,0.208333,1
59.9,78.9,0.25,1
89.8,127.8,0.291667,1
205.4,456.0,0.333333,1
198.9,477.0,0.375,1
153.0,342.2,0.416667,1
163.2,254.1,0.458333,1
152.2,231.3,0.5,1
145.7,212.9,0.541667,1
146.0,207.6,0.583333,1
133.8,269.8,0.625,1
164.3,275.8,0.666667,1
140.7,375.2,0.708333,1
204.0,394.7,0.75,1
210.1,420.7,0.791667,1
249.6,631.7,0.833333,1
201.5,423.9,0.875,1
189.9,369.2,0.916667,1
235.8,484.1,0.958333,1
250.4,456.4,0.0,1
218.5,372.9,0.0416667,1
155.9,228.2,0.0833333,1
-200.0,-200.0,0.125,1
98.2,116.6,0.166667,1
88.5,107.9,0.208333,1
103.6,126.1,0.25,1
147.8,235.3,0.291667,1
194.2,339.1,0.333333,1
231.1,398.7,0.375,1
199.8,345.8,0.416667,1
216.8,407.2,0.458333,1
209.9,392.7,0.5,1
125.7,166.0,0.541667,1
118.4,157.3,0.583333,1
114.0,140.8,0.625,1
117.1,143.6,0.666667,1
139.8,190.7,0.708333,1
168.4,254.9,0.75,1
202.3,378.6,0.791667,1
211.3,427.0,0.833333,1
230.6,509.2,0.875,1
213.9,459.2,0.916667,1
181.0,292.6,0.958333,1
172.8,269.3,0.0,1
168.8,243.5,0.0416667,1
173.8,292.5,0.0833333,1
-200.0,-200.0,0.125,1
129.8,177.2,0.166667,1
72.0,80.6,0.208333,1
40.3,42.4,0.25,1
55.8,60.6,0.291667,1
80.5,100.7,0.333333,1
81.3,98.4,0.375,1
87.6,114.4,0.416667,1
94.4,117.9,0.458333,1
96.6,119.6,0.5,1
112.1,150.6,0.541667,1
103.9,131.0,0.583333,1
106.6,145.4,0.625,1
114.2,155.6,0.666667,1
114.6,151.3,0.708333,1
127.1,173.2,0.75,1
118.5,154.4,0.791667,1
149.4,220.8,0.833333,1
140.3,193.3,0.875,1
104.5,130.3,0.916667,1
116.4,155.9,0.958333,1
111.6,148.3,0.0,1
80.3,92.5,0.0416667,1
58.6,65.8,0.0833333,1
-200.0,-200.0,0.125,1
36.2,37.9,0.166667,1
48.9,50.2,0.208333,1
62.5,77.2,0.25,1
123.1,183.3,0.291667,1
164.1,256.3,0.333333,1
218.4,355.3,0.375,1
254.4,490.6,0.416667,1
210.3,387.3,0.458333,1
208.1,384.2,0.5,1
203.7,368.0,0.541667,1
172.0,257.8,0.583333,1
156.6,230.6,0.625,1
181.1,290.3,0.666667,1
193.6,335.3,0.708333,1
193.4,292.8,0.75,1
252.3,525.8,0.791667,1
282.5,606.8,0.833333,1
208.4,326.1,0.875,1
143.1,187.8,0.916667,1
124.2,163.1,0.958333,1
88.8,101.9,0.0,1
85.1,95.4,0.0416667,1
65.8,70.5,0.0833333,1
-200.0,-200.0,0.125,1
45.6,45.6,0.166667,1
59.6,62.1,0.208333,1
117.3,169.6,0.25,1
177.7,312.7,0.291667,1
295.1,687.4,0.333333,1
242.9,756.7,0.375,1
255.0,559.0,0.416667,1
201.3,285.8,0.458333,1
207.8,323.9,0.5,1
211.7,316.1,0.541667,1
238.4,407.3,0.583333,1
200.5,305.2,0.625,1
218.2,359.9,0.666667,1
222.1,339.1,0.708333,1
206.0,304.0,0.75,1
251.1,396.9,0.791667,1
190.0,270.2,0.833333,1
217.8,339.1,0.875,1
149.5,190.3,0.916667,1
110.7,125.5,0.958333,1
142.0,188.5,0.0,1
119.3,146.4,0.0416667,1
87.0,97.7,0.0833333,1
-200.0,-200.0,0.125,1
70.1,75.1,0.166667,1
68.2,77.1,0.208333,1
65.6,72.0,0.25,1
116.9,152.2,0.291667,1
197.0,336.9,0.333333,1
198.4,359.8,0.375,1
167.4,243.2,0.416667,1
179.7,277.0,0.458333,1
168.5,265.8,0.5,1
209.5,316.8,0.541667,1
232.0,375.4,0.583333,1
223.3,348.7,0.625,1
223.7,377.3,0.666667,1
238.0,402.7,0.708333,1
249.4,421.6,0.75,1
222.9,387.8,0.791667,1
243.7,430.9,0.833333,1
243.1,424.6,0.875,1
226.2,390.7,0.916667,1
166.6,230.6,0.958333,1
172.0,248.2,0.0,1
119.8,141.8,0.0416667,1
100.4,117.1,0.0833333,1
-200.0,-200.0,0.125,1
86.1,95.9,0.166667,1
80.6,86.6,0.208333,1
130.6,196.8,0.25,1
169.5,289.7,0.291667,1
267.0,621.1,0.333333,1
268.9,644.8,0.375,1
243.8,573.1,0.416667,1
232.1,414.3,0.458333,1
196.3,313.6,0.5,1
195.3,317.2,0.541667,1
189.4,290.3,0.583333,1
211.7,385.3,0.625,1
267.0,507.3,0.666667,1
261.9,534.0,0.708333,1
270.4,601.3,0.75,1
259.7,583.4,0.791667,1
265.0,551.3,0.833333,1
261.6,547.3,0.875,1
226.6,384.9,0.916667,1
192.3,318.1,0.958333,1
202.3,355.8,0.0,1
189.2,326.1,0.0416667,1
157.0,233.3,0.0833333,1
-200.0,-200.0,0.125,1
96.9,116.2,0.166667,1
100.4,120.2,0.208333,1
146.3,227.8,0.25,1
174.8,302.5,0.291667,1
-200.0,-200.0,0.333333,1
-200.0,-200.0,0.375,1
189.6,528.9,0.416667,1
166.1,615.2,0.458333,1
153.4,297.7,0.5,1
166.6,316.8,0.541667,1
137.1,305.4,0.583333,1
139.6,253.3,0.625,1
150.4,296.0,0.666667,1
151.9,293.3,0.708333,1
176.7,352.7,0.75,1
188.9,398.8,0.791667,1
195.1,454.2,0.833333,1
178.9,356.0,0.875,1
188.0,473.0,0.916667,1
169.9,482.2,0.958333,1
160.6,443.0,0.0,1
145.4,373.0,0.0416667,1
136.0,320.0,0.0833333,1
-200.0,-200.0,0.125,1
121.7,232.9,0.166667,1
115.1,160.6,0.208333,1
102.9,137.1,0.25,1
108.2,143.7,0.291667,1
124.3,181.5,0.333333,1
133.3,227.1,0.375,1
124.2,202.7,0.416667,1
116.3,179.1,0.458333,1
113.4,171.0,0.5,1
116.8,180.6,0.541667,1
117.6,174.7,0.583333,1
107.6,148.1,0.625,1
98.3,131.9,0.666667,1
117.3,162.3,0.708333,1
126.3,184.9,0.75,1
142.0,233.5,0.791667,1
157.1,274.8,0.833333,1
161.0,271.5,0.875,1
169.3,331.3,0.916667,1
165.9,346.6,0.958333,1
188.9,487.7,0.0,1
183.9,404.1,0.0416667,1
144.7,254.8,0.0833333,1
-200.0,-200.0,0.125,1
119.4,174.2,0.166667,1
86.5,107.8,0.208333,1
76.6,106.9,0.25,1
112.1,187.6,0.291667,1
117.9,224.6,0.333333,1
123.8,207.9,0.375,1
144.4,270.1,0.416667,1
127.9,201.9,0.458333,1
119.6,168.4,0.5,1
130.6,190.8,0.541667,1
114.5,149.2,0.583333,1
81.9,100.6,0.625,1
99.7,134.3,0.666667,1
111.0,150.2,0.708333,1
131.9,187.8,0.75,1
155.3,253.6,0.791667,1
181.1,324.2,0.833333,1
155.1,238.3,0.875,1
104.8,128.3,0.916667,1
119.4,169.0,0.958333,1
149.6,214.7,0.0,1
94.3,110.9,0.0416667,1
55.9,59.5,0.0833333,1
-200.0,-200.0,0.125,1
28.2,28.8,0.166667,1
24.6,24.7,0.208333,1
31.1,33.8,0.25,1
65.5,88.8,0.291667,1
111.2,212.0,0.333333,1
122.3,215.9,0.375,1
115.4,191.3,0.416667,1
123.2,199.9,0.458333,1
119.2,163.9,0.5,1
124.5,185.0,0.541667,1
109.9,156.1,0.583333,1
111.3,154.6,0.625,1
113.8,157.5,0.666667,1
113.7,166.0,0.708333,1
139.6,268.1,0.75,1
141.2,308.6,0.791667,1
141.9,297.2,0.833333,1
122.7,225.4,0.875,1
89.6,122.3,0.916667,1
78.6,100.1,0.958333,1
68.9,86.0,0.0,1
60.2,71.4,0.0416667,1
37.4,38.6,0.0833333,1
-200.0,-200.0,0.125,1
27.3,28.8,0.166667,1
29.9,32.2,0.208333,1
33.3,37.3,0.25,1
84.3,133.5,0.291667,1
146.9,357.9,0.333333,1
142.6,353.7,0.375,1
121.9,284.2,0.416667,1
109.3,213.4,0.458333,1
95.4,174.1,0.5,1
93.7,157.2,0.541667,1
102.1,178.4,0.583333,1
106.8,186.7,0.625,1
113.0,197.5,0.666667,1
109.7,186.1,0.708333,1
116.1,203.0,0.75,1
147.9,313.0,0.791667,1
156.0,342.3,0.833333,1
159.4,310.4,0.875,1
115.5,164.9,0.916667,1
109.9,152.2,0.958333,1
102.2,140.8,0.0,1
92.7,122.0,0.0416667,1
66.9,79.2,0.0833333,1
-200.0,-200.0,0.125,1
74.7,81.0,0.166667,1
73.1,76.7,0.208333,1
95.5,124.1,0.25,1
109.5,158.5,0.291667,1
149.5,396.3,0.333333,1
168.7,478.9,0.375,1
181.3,437.8,0.416667,1
187.2,465.6,0.458333,1
146.1,288.0,0.5,1
131.2,205.3,0.541667,1
160.6,311.1,0.583333,1
142.8,245.6,0.625,1
175.5,355.8,0.666667,1
178.1,396.9,0.708333,1
207.1,579.4,0.75,1
240.2,818.6,0.791667,1
235.9,754.1,0.833333,1
199.1,472.6,0.875,1
169.5,300.4,0.916667,1
153.1,234.6,0.958333,1
139.9,207.4,0.0,1
137.8,204.4,0.0416667,1
117.0,155.3,0.0833333,1
-200.0,-200.0,0.125,1
119.2,178.5,0.166667,1
107.8,143.3,0.208333,1
120.5,212.4,0.25,1
135.5,262.8,0.291667,1
174.6,648.1,0.333333,1
210.7,717.2,0.375,1
185.5,389.2,0.416667,1
177.1,438.3,0.458333,1
147.3,281.5,0.5,1
149.8,267.9,0.541667,1
147.5,247.9,0.583333,1
150.9,272.4,0.625,1
150.5,290.5,0.666667,1
165.1,362.5,0.708333,1
197.3,659.9,0.75,1
227.9,907.0,0.791667,1
195.6,639.1,0.833333,1
191.5,573.7,0.875,1
160.9,372.6,0.916667,1
155.9,330.3,0.958333,1
157.9,336.4,0.0,1
153.5,346.6,0.0416667,1
137.9,240.6,0.0833333,1
-200.0,-200.0,0.125,1
92.3,95.8,0.166667,1
103.4,146.5,0.208333,1
117.3,210.4,0.25,1
138.7,408.9,0.291667,1
166.5,719.2,0.333333,1
205.3,958.9,0.375,1
215.5,743.5,0.416667,1
191.6,582.7,0.458333,1
187.9,596.7,0.5,1
189.3,550.1,0.541667,1
192.0,499.4,0.583333,1
194.2,470.0,0.625,1
217.0,568.4,0.666667,1
178.3,525.1,0.708333,1
182.5,481.2,0.75,1
188.8,413.9,0.791667,1
225.2,565.0,0.833333,1
174.8,303.3,0.875,1
152.9,220.5,0.916667,1
155.8,259.7,0.958333,1
172.3,327.0,0.0,1
163.6,343.5,0.0416667,1
156.6,270.1,0.0833333,1
-200.0,-200.0,0.125,1
135.7,190.9,0.166667,1
110.0,135.5,0.208333,1
127.9,194.0,0.25,1
132.2,167.5,0.291667,1
156.2,253.7,0.333333,1
184.5,410.1,0.375,1
120.7,165.9,0.416667,1
116.8,161.6,0.458333,1
133.1,188.2,0.5,1
135.6,198.6,0.541667,1
161.6,272.0,0.583333,1
132.1,180.2,0.625,1
162.3,254.7,0.666667,1
158.5,251.0,0.708333,1
155.6,258.2,0.75,1
177.3,344.0,0.791667,1
184.6,379.7,0.833333,1
199.0,463.9,0.875,1
165.7,303.7,0.916667,1
151.8,257.5,0.958333,1
169.8,357.7,0.0,1
159.7,277.6,0.0416667,1
100.4,115.9,0.0833333,1
-200.0,-200.0,0.125,1
57.1,60.3,0.166667,1
47.7,50.9,0.208333,1
31.6,32.5,0.25,1
71.7,80.2,0.291667,1
85.9,102.8,0.333333,1
79.3,93.2,0.375,1
87.3,108.0,0.416667,1
84.6,107.3,0.458333,1
97.4,121.9,0.5,1
96.0,122.0,0.541667,1
113.0,156.0,0.583333,1
163.4,245.9,0.625,1
145.7,205.0,0.666667,1
167.4,256.6,0.708333,1
162.2,227.6,0.75,1
194.0,321.3,0.791667,1
184.8,270.3,0.833333,1
158.1,202.9,0.875,1
156.3,201.2,0.916667,1
156.6,206.5,0.958333,1
141.4,180.1,0.0,1
116.2,140.4,0.0416667,1
84.4,92.6,0.0833333,1
-200.0,-200.0,0.125,1
33.5,34.6,0.166667,1
44.7,46.8,0.208333,1
58.6,67.7,0.25,1
98.5,130.5,0.291667,1
165.3,289.2,0.333333,1
167.5,322.4,0.375,1
168.7,330.4,0.416667,1
161.7,338.5,0.458333,1
155.4,316.2,0.5,1
135.8,218.0,0.541667,1
124.1,177.3,0.583333,1
157.8,278.3,0.625,1
167.4,313.2,0.666667,1
175.8,351.4,0.708333,1
204.2,373.6,0.75,1
208.6,431.3,0.791667,1
223.6,468.2,0.833333,1
211.2,367.7,0.875,1
173.9,239.1,0.916667,1
181.1,292.2,0.958333,1
156.6,205.3,0.0,1
154.0,254.6,0.0416667,1
146.7,220.1,0.0833333,1
-200.0,-200.0,0.125,1
100.7,114.2,0.166667,1
114.0,153.1,0.208333,1
133.6,224.1,0.25,1
144.1,295.2,0.291667,1
182.4,667.4,0.333333,1
222.5,867.3,0.375,1
219.2,665.9,0.416667,1
214.7,595.3,0.458333,1
190.8,420.8,0.5,1
161.9,292.0,0.541667,1
165.3,308.3,0.583333,1
171.0,347.1,0.625,1
163.9,377.0,0.666667,1
168.1,325.4,0.708333,1
204.4,508.2,0.75,1
241.9,767.8,0.791667,1
245.8,763.5,0.833333,1
214.7,500.0,0.875,1
205.6,463.1,0.916667,1
166.6,258.2,0.958333,1
145.3,214.1,0.0,1
133.0,191.0,0.0416667,1
116.6,153.8,0.0833333,1
-200.0,-200.0,0.125,1
89.8,112.5,0.166667,1
112.3,166.9,0.208333,1
120.1,235.1,0.25,1
140.8,372.1,0.291667,1
189.5,876.5,0.333333,1
215.3,900.0,0.375,1
214.8,732.8,0.416667,1
234.9,690.8,0.458333,1
193.6,456.7,0.5,1
159.0,368.5,0.541667,1
122.8,284.9,0.583333,1
121.2,279.0,0.625,1
101.7,197.8,0.666667,1
114.1,229.3,0.708333,1
167.9,476.9,0.75,1
206.5,679.3,0.791667,1
199.4,681.7,0.833333,1
192.1,679.4,0.875,1
147.5,297.6,0.916667,1
136.7,264.7,0.958333,1
123.1,195.9,0.0,1
109.2,154.9,0.0416667,1
98.2,130.5,0.0833333,1
-200.0,-200.0,0.125,1
94.1,164.7,0.166667,1
95.2,168.9,0.208333,1
100.7,223.8,0.25,1
100.0,249.1,0.291667,1
150.4,862.7,0.333333,1
167.6,664.6,0.375,1
199.2,669.5,0.416667,1
168.2,499.5,0.458333,1
161.1,428.2,0.5,1
-200.0,-200.0,0.541667,1
144.6,305.8,0.583333,1
147.8,334.3,0.625,1
131.4,268.4,0.666667,1
136.5,283.6,0.708333,1
163.2,393.3,0.75,1
218.7,602.6,0.791667,1
244.8,757.4,0.833333,1
228.7,683.9,0.875,1
184.3,426.1,0.916667,1
151.0,253.7,0.958333,1
132.9,226.9,0.0,1
134.6,221.0,0.0416667,1
110.9,155.4,0.0833333,1
90.1,119.5,0.125,1
90.5,133.6,0.166667,1
89.3,127.9,0.208333,1
89.0,148.2,0.25,1
117.2,232.6,0.291667,1
140.7,469.9,0.333333,1
189.0,679.2,0.375,1
210.6,795.6,0.416667,1
235.3,812.1,0.458333,0
161.9,338.6,0.5,1
171.9,353.9,0.541667,1
182.1,465.8,0.583333,1
180.2,417.4,0.625,1
156.3,289.4,0.666667,1
167.8,323.5,0.708333,1
180.6,375.7,0.75,1
226.4,619.0,0.791667,1
231.2,689.0,0.833333,1
221.6,581.5,0.875,1
165.0,287.3,0.916667,1
150.9,237.5,0.958333,1
173.5,311.5,0.0,1
145.0,231.0,0.0416667,1
146.6,234.3,0.0833333,1
133.9,194.7,0.125,1
85.1,112.5,0.166667,1
54.8,72.8,0.208333,1
64.6,103.1,0.25,1
83.8,121.0,0.291667,1
88.0,132.1,0.333333,1
108.7,178.2,0.375,1
129.7,218.3,0.416667,1
137.4,246.2,0.458333,1
144.8,252.2,0.5,1
128.2,208.1,0.541667,1
129.3,218.5,0.583333,1
105.1,160.0,0.625,1
114.3,190.9,0.666667,1
146.2,270.3,0.708333,1
156.1,285.3,0.75,1
151.8,288.8,0.791667,1
201.3,549.6,0.833333,1
221.0,679.4,0.875,1
157.1,314.4,0.916667,1
114.2,165.5,0.958333,1
107.0,156.7,0.0,1
112.9,173.3,0.0416667,1
117.7,183.6,0.0833333,1
69.4,92.8,0.125,1
63.1,85.4,0.166667,1
61.2,79.3,0.208333,1
41.5,55.0,0.25,1
68.4,98.4,0.291667,1
120.2,189.5,0.333333,1
111.5,165.6,0.375,1
147.5,259.8,0.416667,1
160.0,362.0,0.458333,1
164.3,414.6,0.5,1
158.6,357.7,0.541667,1
109.6,169.8,0.583333,1
82.4,130.4,0.625,1
101.9,176.5,0.666667,1
118.7,233.2,0.708333,1
134.9,282.0,0.75,1
214.5,583.3,0.791667,1
210.7,565.5,0.833333,1
171.7,323.4,0.875,1
166.1,317.7,0.916667,1
168.2,336.2,0.958333,1
133.6,196.4,0.0,1
121.8,192.7,0.0416667,1
122.5,191.6,0.0833333,1
103.7,146.6,0.125,1
89.6,122.2,0.166667,1
85.1,117.0,0.208333,1
102.6,201.4,0.25,1
126.7,318.2,0.291667,1
162.5,657.5,0.333333,1
155.0,679.8,0.375,1
170.4,496.6,0.416667,1
141.3,289.5,0.458333,1
123.2,229.9,0.5,1
123.7,214.8,0.541667,1
125.6,225.8,0.583333,1
128.2,240.0,0.625,1
157.5,390.5,0.666667,1
177.3,492.3,0.708333,1
224.5,699.6,0.75,1
234.3,781.5,0.791667,1
227.0,727.5,0.833333,1
191.6,509.6,0.875,1
158.3,307.6,0.916667,1
148.6,248.0,0.958333,1
139.7,233.1,0.0,1
78.5,95.7,0.0416667,1
69.4,89.5,0.0833333,1
72.2,95.2,0.125,1
58.0,68.2,0.166667,1
58.9,74.6,0.208333,1
88.2,145.0,0.25,1
109.8,184.6,0.291667,1
150.8,505.7,0.333333,1
158.3,485.1,0.375,1
194.0,684.0,0.416667,1
180.6,562.4,0.458333,1
160.8,356.6,0.5,1
143.0,305.8,0.541667,1
141.8,291.5,0.583333,1
146.1,305.4,0.625,1
165.8,386.2,0.666667,1
171.9,407.8,0.708333,1
195.8,521.0,0.75,1
242.9,765.8,0.791667,1
248.2,841.4,0.833333,1
232.9,754.4,0.875,1
173.7,350.4,0.916667,1
149.2,243.8,0.958333,1
133.6,221.2,0.0,1
123.4,182.6,0.0416667,1
110.5,166.2,0.0833333,1
93.2,133.2,0.125,1
96.9,147.1,0.166667,1
85.7,118.9,0.208333,1
99.0,179.2,0.25,1
99.2,178.2,0.291667,1
129.4,389.7,0.333333,1
161.0,578.6,0.375,1
202.1,735.2,0.416667,1
200.0,567.8,0.458333,1
193.5,487.0,0.5,1
172.6,342.8,0.541667,1
168.6,350.6,0.583333,1
188.1,417.4,0.625,1
210.8,508.8,0.666667,1
210.0,573.2,0.708333,1
192.5,518.1,0.75,1
226.5,640.9,0.791667,1
223.3,543.9,0.833333,1
228.6,582.0,0.875,1
193.5,407.0,0.916667,1
170.9,327.2,0.958333,1
147.4,221.2,0.0,1
111.1,141.5,0.0416667,1
104.0,122.7,0.0833333,1
89.6,106.4,0.125,1
81.1,100.2,0.166667,1
69.4,84.8,0.208333,1
84.0,113.7,0.25,1
123.1,298.5,0.291667,1
165.8,722.8,0.333333,1
189.3,744.8,0.375,1
216.9,668.2,0.416667,1
196.2,571.0,0.458333,1
189.2,388.4,0.5,1
173.9,322.7,0.541667,1
161.3,312.0,0.583333,1
157.7,320.1,0.625,1
161.4,321.8,0.666667,1
146.9,275.6,0.708333,1
164.5,341.2,0.75,1
213.6,530.7,0.791667,1
228.4,652.7,0.833333,1
239.5,645.7,0.875,1
187.5,332.8,0.916667,1
172.5,298.6,0.958333,1
150.0,223.5,0.0,1
133.7,194.6,0.0416667,1
131.5,209.4,0.0833333,1
117.3,167.8,0.125,1
103.1,152.7,0.166667,1
99.2,139.7,0.208333,1
105.5,184.0,0.25,1
112.9,265.9,0.291667,1
140.6,518.1,0.333333,1
179.9,680.7,0.375,1
192.3,558.3,0.416667,1
186.7,457.3,0.458333,1
169.2,352.5,0.5,1
161.0,313.2,0.541667,1
160.3,289.7,0.583333,1
176.9,318.0,0.625,1
219.1,479.0,0.666667,1
211.8,494.1,0.708333,1
224.6,551.1,0.75,1
239.5,700.6,0.791667,1
223.4,571.2,0.833333,1
240.5,642.8,0.875,1
158.6,282.4,0.916667,1
150.0,251.3,0.958333,1
163.4,306.7,0.0,1
155.2,282.1,0.0416667,1
118.5,160.1,0.0833333,1
93.8,125.2,0.125,1
80.1,105.7,0.166667,1
83.2,111.0,0.208333,1
79.3,114.7,0.25,1
95.9,156.1,0.291667,1
140.6,320.4,0.333333,1
153.1,379.6,0.375,1
155.7,370.8,0.416667,1
161.8,342.9,0.458333,1
164.1,296.7,0.5,1
160.1,281.0,0.541667,1
140.4,219.8,0.583333,1
119.4,174.2,0.625,1
152.8,260.4,0.666667,1
138.9,222.0,0.708333,1
156.1,266.3,0.75,1
182.8,386.9,0.791667,1
185.3,424.8,0.833333,1
199.8,484.4,0.875,1
162.9,324.9,0.916667,1
153.6,256.6,0.958333,1
150.6,272.7,0.0,1
149.3,275.8,0.0416667,1
130.7,202.2,0.0833333,1
94.1,131.9,0.125,1
66.1,85.0,0.166667,1
68.5,86.8,0.208333,1
57.4,70.4,0.25,1
78.4,112.7,0.291667,1
83.5,112.2,0.333333,1
97.4,139.7,0.375,1
122.5,213.9,0.416667,1
165.5,333.6,0.458333,1
129.8,203.2,0.5,1
108.5,163.3,0.541667,1
82.2,110.4,0.583333,1
72.6,107.3,0.625,1
91.4,135.0,0.666667,1
109.3,186.5,0.708333,1
127.8,239.6,0.75,1
154.9,397.9,0.791667,1
176.4,584.6,0.833333,1
178.7,589.9,0.875,1
123.6,294.7,0.916667,1
105.1,209.2,0.958333,1
99.0,182.7,0.0,1
103.6,176.5,0.0416667,1
95.2,125.6,0.0833333,1
80.8,100.4,0.125,1
68.3,82.6,0.166667,1
69.1,84.0,0.208333,1
73.2,113.2,0.25,1
112.8,270.2,0.291667,1
140.6,487.0,0.333333,1
173.5,722.6,0.375,1
178.3,614.1,0.416667,1
162.7,395.1,0.458333,1
143.3,309.6,0.5,1
126.6,259.1,0.541667,1
130.7,250.6,0.583333,1
135.1,260.6,0.625,1
130.9,241.1,0.666667,1
152.8,317.0,0.708333,1
198.3,505.0,0.75,1
231.7,669.2,0.791667,1
223.6,638.1,0.833333,1
182.6,432.5,0.875,1
144.2,251.9,0.916667,1
117.1,153.9,0.958333,1
105.5,151.7,0.0,1
121.2,181.3,0.0416667,1
87.1,109.4,0.0833333,1
62.2,73.3,0.125,1
69.8,82.5,0.166667,1
65.8,89.8,0.208333,1
87.8,151.0,0.25,1
92.5,190.5,0.291667,1
116.4,402.5,0.333333,1
150.8,555.4,0.375,1
169.2,551.3,0.416667,1
166.4,473.3,0.458333,1
160.1,387.8,0.5,1
145.2,295.8,0.541667,1
130.6,283.0,0.583333,1
130.1,255.9,0.625,1
122.2,234.4,0.666667,1
112.5,214.6,0.708333,1
155.8,453.6,0.75,1
198.1,605.2,0.791667,1
175.4,528.8,0.833333,1
141.3,354.1,0.875,1
101.1,194.9,0.916667,1
101.5,160.8,0.958333,1
118.5,186.6,0.0,1
110.3,156.1,0.0416667,1
86.9,116.2,0.0833333,1
66.1,83.1,0.125,1
65.2,84.8,0.166667,1
63.1,77.8,0.208333,1
70.9,126.5,0.25,1
103.1,279.3,0.291667,1
144.3,648.6,0.333333,1
157.5,593.3,0.375,1
169.1,584.2,0.416667,1
184.3,563.0,0.458333,1
143.3,336.5,0.5,1
132.5,271.5,0.541667,1
140.5,321.9,0.583333,1
152.9,362.1,0.625,1
148.9,361.3,0.666667,1
159.0,430.5,0.708333,1
181.4,545.2,0.75,1
227.4,795.8,0.791667,1
229.8,874.1,0.833333,1
194.3,550.5,0.875,1
172.2,392.5,0.916667,1
157.9,368.8,0.958333,1
143.6,313.7,0.0,1
132.9,293.9,0.0416667,1
109.3,164.8,0.0833333,1
93.6,142.9,0.125,1
72.5,92.8,0.166667,1
75.8,111.1,0.208333,1
73.5,104.9,0.25,1
72.9,173.4,0.291667,1
107.0,540.8,0.333333,1
114.9,581.0,0.375,1
132.3,591.1,0.416667,1
155.4,652.6,0.458333,1
139.7,690.1,0.5,1
147.0,602.4,0.541667,1
161.1,489.2,0.583333,1
123.0,288.4,0.625,1
142.0,322.6,0.666667,1
142.6,300.8,0.708333,1
152.5,334.6,0.75,1
199.6,658.9,0.791667,1
232.3,846.5,0.833333,1
200.6,691.2,0.875,1
175.0,589.9,0.916667,1
159.1,448.6,0.958333,1
134.6,315.5,0.0,1
127.6,239.1,0.0416667,1
109.2,165.0,0.0833333,1
100.9,152.3,0.125,1
95.6,144.4,0.166667,1
87.3,126.3,0.208333,1
81.1,131.6,0.25,1
99.5,227.6,0.291667,1
146.2,579.7,0.333333,1
158.1,563.7,0.375,1
136.4,368.7,0.416667,1
116.8,259.8,0.458333,1
140.1,370.9,0.5,1
169.1,513.2,0.541667,1
163.3,471.0,0.583333,1
144.1,378.2,0.625,1
153.2,444.5,0.666667,1
164.1,482.7,0.708333,1
173.8,530.0,0.75,1
196.3,649.0,0.791667,1
188.7,604.3,0.833333,1
154.7,485.9,0.875,1
136.9,402.1,0.916667,1
117.1,267.6,0.958333,1
127.8,350.0,0.0,1
123.7,312.3,0.0416667,1
108.4,243.1,0.0833333,1
88.7,202.3,0.125,1
91.6,180.7,0.166667,1
84.0,138.6,0.208333,1
83.1,155.5,0.25,1
79.7,174.6,0.291667,1
92.7,281.4,0.333333,1
106.1,321.5,0.375,1
115.2,369.4,0.416667,1
124.2,365.8,0.458333,1
112.6,301.0,0.5,1
103.8,231.5,0.541667,1
85.0,156.1,0.583333,1
94.2,168.7,0.625,1
99.2,202.5,0.666667,1
112.4,260.3,0.708333,1
122.0,288.6,0.75,1
119.4,273.4,0.791667,1
118.6,262.8,0.833333,1
127.4,294.8,0.875,1
126.2,302.7,0.916667,1
110.8,209.4,0.958333,1
101.7,199.9,0.0,1
92.7,174.3,0.0416667,1
77.7,114.6,0.0833333,1
73.7,121.8,0.125,1
67.8,105.2,0.166667,1
67.8,102.4,0.208333,1
60.8,96.0,0.25,1
76.4,144.2,0.291667,1
77.6,151.8,0.333333,1
78.5,155.9,0.375,1
89.7,207.7,0.416667,1
88.6,173.9,0.458333,1
97.1,205.6,0.5,1
90.9,159.6,0.541667,1
61.9,90.5,0.583333,1
66.4,105.7,0.625,1
104.0,198.6,0.666667,1
126.4,299.3,0.708333,1
122.2,272.1,0.75,1
121.2,284.7,0.791667,1
126.4,306.5,0.833333,1
114.7,236.7,0.875,1
115.7,244.0,0.916667,1
120.1,284.2,0.958333,1
110.6,221.4,0.0,1
101.0,172.7,0.0416667,1
92.1,143.5,0.0833333,1
77.9,116.5,0.125,1
63.3,88.9,0.166667,1
62.6,96.8,0.208333,1
63.1,95.0,0.25,1
83.8,166.4,0.291667,1
88.8,160.1,0.333333,1
100.6,176.4,0.375,1
115.3,216.0,0.416667,1
111.0,219.8,0.458333,1
96.4,182.6,0.5,1
86.8,153.7,0.541667,1
80.9,131.6,0.583333,1
84.7,139.8,0.625,1
97.6,186.3,0.666667,1
109.0,213.4,0.708333,1
150.3,376.1,0.75,1
174.9,508.1,0.791667,1
156.5,388.2,0.833333,1
129.7,249.8,0.875,1
119.9,231.9,0.916667,1
114.2,228.8,0.958333,1
100.4,184.0,0.0,1
82.6,117.3,0.0416667,1
71.7,102.9,0.0833333,1
50.7,65.7,0.125,1
46.1,62.6,0.166667,1
58.2,95.3,0.208333,1
86.3,188.2,0.25,1
122.2,526.7,0.291667,1
139.6,622.6,0.333333,1
146.3,606.4,0.375,1
151.6,459.6,0.416667,1
147.0,346.3,0.458333,1
134.4,295.9,0.5,1
136.3,320.7,0.541667,1
141.9,311.9,0.583333,1
152.5,355.1,0.625,1
152.9,349.3,0.666667,1
155.4,385.0,0.708333,1
181.0,456.0,0.75,1
150.8,305.9,0.791667,1
158.8,401.8,0.833333,1
151.1,340.3,0.875,1
126.6,205.8,0.916667,1
106.5,158.2,0.958333,1
100.8,178.0,0.0,1
79.8,117.6,0.0416667,1
67.5,95.3,0.0833333,1
61.2,83.6,0.125,1
56.2,82.0,0.166667,1
69.9,122.0,0.208333,1
78.3,145.7,0.25,1
105.7,397.2,0.291667,1
116.7,371.2,0.333333,1
144.4,454.3,0.375,1
158.4,433.0,0.416667,1
137.0,287.4,0.458333,1
130.4,264.7,0.5,1
124.6,224.5,0.541667,1
123.5,209.5,0.583333,1
124.9,214.8,0.625,1
134.9,227.0,0.666667,1
178.5,402.5,0.708333,1
182.6,444.2,0.75,1
192.5,474.7,0.791667,1
185.4,438.4,0.833333,1
147.0,254.4,0.875,1
117.3,171.6,0.916667,1
112.1,174.3,0.958333,1
101.0,145.7,0.0,1
93.1,134.2,0.0416667,1
63.7,83.3,0.0833333,1
60.7,80.8,0.125,1
54.2,73.1,0.166667,1
63.8,104.3,0.208333,1
80.3,191.2,0.25,1
132.5,672.6,0.291667,1
170.0,547.3,0.333333,1
138.9,274.5,0.375,1
123.9,199.6,0.416667,1
117.9,184.7,0.458333,1
107.9,164.0,0.5,1
100.1,150.0,0.541667,1
90.6,133.7,0.583333,1
89.4,127.5,0.625,1
101.7,149.6,0.666667,1
113.8,170.7,0.708333,1
124.0,203.9,0.75,1
136.2,215.1,0.791667,1
117.8,156.3,0.833333,1
92.9,113.8,0.875,1
71.5,81.1,0.916667,1
69.4,82.8,0.958333,1
60.7,68.9,0.0,1
49.6,52.6,0.0416667,1
35.4,35.7,0.0833333,1
29.4,29.8,0.125,1
40.7,46.8,0.166667,1
65.6,87.8,0.208333,1
88.6,135.1,0.25,1
149.8,280.3,0.291667,1
150.2,313.3,0.333333,1
127.4,204.6,0.375,1
119.9,180.0,0.416667,1
122.9,197.1,0.458333,1
114.9,172.0,0.5,1
122.2,183.6,0.541667,1
110.6,159.9,0.583333,1
119.3,176.4,0.625,1
136.7,219.2,0.666667,1
146.6,221.8,0.708333,1
153.6,230.7,0.75,1
159.8,248.1,0.791667,1
133.8,182.8,0.833333,1
109.5,143.8,0.875,1
99.1,131.9,0.916667,1
126.7,180.2,0.958333,1
173.7,280.3,0.0,1
126.8,166.5,0.0416667,1
80.8,101.8,0.0833333,1
70.0,91.6,0.125,1
48.9,63.3,0.166667,1
43.7,59.3,0.208333,1
107.1,163.3,0.25,1
140.9,226.5,0.291667,1
121.3,182.5,0.333333,1
102.5,145.3,0.375,1
102.3,149.8,0.416667,1
94.7,138.4,0.458333,1
93.0,134.0,0.5,1
95.0,137.2,0.541667,1
79.6,111.6,0.583333,1
80.6,111.6,0.625,1
106.2,149.2,0.666667,1
113.2,158.8,0.708333,1
117.3,160.6,0.75,1
123.9,171.1,0.791667,1
122.3,167.4,0.833333,1
86.7,116.3,0.875,1
78.5,105.2,0.916667,1
92.9,125.3,0.958333,1
101.5,140.3,0.0,1
86.4,109.2,0.0416667,1
77.0,99.1,0.0833333,1
87.6,119.9,0.125,1
63.7,82.7,0.166667,1
46.3,60.0,0.208333,1
54.8,74.7,0.25,1
84.4,126.6,0.291667,1
88.8,134.0,0.333333,1
118.0,191.9,0.375,1
113.2,166.4,0.416667,1
115.0,171.3,0.458333,1
123.9,177.0,0.5,1
86.4,118.7,0.541667,1
87.0,120.6,0.583333,1
100.4,141.9,0.625,1
132.0,197.3,0.666667,1
156.3,241.8,0.708333,1
137.9,190.1,0.75,1
181.3,367.4,0.791667,1
186.8,355.0,0.833333,1
157.8,235.2,0.875,1
153.2,232.7,0.916667,1
127.6,170.1,0.958333,1
93.0,117.2,0.0,1
58.3,69.6,0.0416667,1
54.6,69.0,0.0833333,1
51.3,61.7,0.125,1
42.5,52.3,0.166667,1
53.1,76.5,0.208333,1
93.0,182.2,0.25,1
154.6,593.7,0.291667,1
173.6,586.2,0.333333,1
186.5,522.7,0.375,1
189.8,471.7,0.416667,1
179.2,353.3,0.458333,1
174.7,293.0,0.5,1
155.7,234.5,0.541667,1
167.7,265.2,0.583333,1
