feature,feature_name,max_abs_weight_score
F120,feature_120,0.06337843835353851
F191,feature_191,0.06052312254905701
F1294,feature_1294,0.05854625627398491
F6841,feature_6841,0.05853290483355522
F8839,feature_8839,0.058155424892902374
F1988,feature_1988,0.05789600685238838
F6708,feature_6708,0.05682256445288658
F6036,feature_6036,0.05675773695111275
F8168,feature_8168,0.05670095235109329
F1676,feature_1676,0.05639820173382759
F8103,feature_8103,0.05633273720741272
F2976,feature_2976,0.0561755895614624
F5174,feature_5174,0.056164804846048355
F2946,feature_2946,0.05605682358145714
F9575,feature_9575,0.055999573320150375
F6118,feature_6118,0.05590483546257019
F6246,feature_6246,0.05585607886314392
F7917,feature_7917,0.05554690957069397
F3329,feature_3329,0.05539252609014511
F6386,feature_6386,0.05534866079688072
F3366,feature_3366,0.05528806149959564
F8802,feature_8802,0.05528268590569496
F9448,feature_9448,0.0552712082862854
F5183,feature_5183,0.05517736077308655
F1476,feature_1476,0.05509604513645172
F712,feature_712,0.055072832852602005
F473,feature_473,0.05499783903360367
F4752,feature_4752,0.05492153763771057
F4786,feature_4786,0.05491285026073456
F1944,feature_1944,0.0548691563308239
F2466,feature_2466,0.05484636873006821
F5815,feature_5815,0.05478013679385185
F4661,feature_4661,0.05468425527215004
F4299,feature_4299,0.05466707423329353
F759,feature_759,0.054641589522361755
F1195,feature_1195,0.054600805044174194
F8911,feature_8911,0.054557833820581436
F970,feature_970,0.054528359323740005
F1974,feature_1974,0.05452050641179085
F8947,feature_8947,0.054495323449373245
F3489,feature_3489,0.054483212530612946
F1907,feature_1907,0.05447285249829292
F5904,feature_5904,0.05444964021444321
F9410,feature_9410,0.054446324706077576
F895,feature_895,0.05435050651431084
F3203,feature_3203,0.05429350212216377
F6244,feature_6244,0.054182540625333786
F9113,feature_9113,0.05414554849267006
F9464,feature_9464,0.054013047367334366
F8278,feature_8278,0.05394218489527702
F2511,feature_2511,0.053808435797691345
F9233,feature_9233,0.05379180982708931
F1834,feature_1834,0.053776223212480545
F5458,feature_5458,0.05366775020956993
F9590,feature_9590,0.05365050956606865
F369,feature_369,0.05358336120843887
F5624,feature_5624,0.05358319357037544
F1244,feature_1244,0.053575173020362854
F9678,feature_9678,0.053563106805086136
F6645,feature_6645,0.053538788110017776
F8482,feature_8482,0.05352235212922096
F7931,feature_7931,0.053504250943660736
F3240,feature_3240,0.05349176377058029
F2045,feature_2045,0.053490668535232544
F1483,feature_1483,0.05343711003661156
F2114,feature_2114,0.05342907831072807
F7077,feature_7077,0.05338524654507637
F1203,feature_1203,0.05335190147161484
F4961,feature_4961,0.05327461287379265
F4929,feature_4929,0.05326910316944122
F7655,feature_7655,0.05323109030723572
F2564,feature_2564,0.05313950404524803
F1833,feature_1833,0.053136106580495834
F6304,feature_6304,0.053086552768945694
F8500,feature_8500,0.05305468663573265
F2654,feature_2654,0.05303037911653519
F8953,feature_8953,0.05288790911436081
F335,feature_335,0.05278496816754341
F1551,feature_1551,0.05263961851596832
F2711,feature_2711,0.052634820342063904
F2362,feature_2362,0.05262547358870506
F3006,feature_3006,0.052557043731212616
F9545,feature_9545,0.05250246822834015
F4891,feature_4891,0.0524858720600605
F8986,feature_8986,0.05247264355421066
F7531,feature_7531,0.052443038672208786
F35,feature_35,0.05242812633514404
F5025,feature_5025,0.052396275103092194
F5601,feature_5601,0.05239477381110191
F5238,feature_5238,0.052384648472070694
F8943,feature_8943,0.052281443029642105
F4421,feature_4421,0.05222029611468315
F3191,feature_3191,0.05220266804099083
F6226,feature_6226,0.052162159234285355
F7983,feature_7983,0.05215026065707207
F4393,feature_4393,0.05214901268482208
F7265,feature_7265,0.05213271826505661
F2749,feature_2749,0.05210219323635101
F8174,feature_8174,0.05206334590911865
F8123,feature_8123,0.051993027329444885
F9836,feature_9836,0.05197110027074814
F43,feature_43,0.05194898322224617
F8896,feature_8896,0.0519326888024807
F3332,feature_3332,0.05189501866698265
F8312,feature_8312,0.05188161879777908
F2107,feature_2107,0.05186116322875023
F742,feature_742,0.051857177168130875
F939,feature_939,0.05179041996598244
F721,feature_721,0.05177928879857063
F7845,feature_7845,0.05174049735069275
F9523,feature_9523,0.05170946940779686
F7229,feature_7229,0.051700178533792496
F8872,feature_8872,0.05168657377362251
F6797,feature_6797,0.05168287083506584
F8332,feature_8332,0.05163434520363808
F7114,feature_7114,0.05162931978702545
F2338,feature_2338,0.05161355435848236
F449,feature_449,0.05161087587475777
F2987,feature_2987,0.051490020006895065
F4647,feature_4647,0.05147144943475723
F4509,feature_4509,0.05146465823054314
F5773,feature_5773,0.051460761576890945
F5515,feature_5515,0.051457732915878296
F9263,feature_9263,0.05142650008201599
F2531,feature_2531,0.051408059895038605
F9237,feature_9237,0.051345694810152054
F8831,feature_8831,0.05131625384092331
F3177,feature_3177,0.0512949675321579
F8226,feature_8226,0.051281221210956573
F4292,feature_4292,0.05125347152352333
F8274,feature_8274,0.0512302964925766
F8422,feature_8422,0.051221657544374466
F9040,feature_9040,0.05121684446930885
F5449,feature_5449,0.051158204674720764
F7757,feature_7757,0.051057249307632446
F1736,feature_1736,0.05103401467204094
F4627,feature_4627,0.05102403089404106
F8225,feature_8225,0.050980497151613235
F436,feature_436,0.050930704921483994
F2334,feature_2334,0.05092283710837364
F716,feature_716,0.05090593919157982
F7218,feature_7218,0.050856273621320724
F9764,feature_9764,0.05074203759431839
F1658,feature_1658,0.05072011053562164
F3363,feature_3363,0.050710659474134445
F8825,feature_8825,0.05068499222397804
F9878,feature_9878,0.05062627047300339
F1359,feature_1359,0.050615545362234116
F2975,feature_2975,0.05060674995183945
F5772,feature_5772,0.05060125142335892
F7261,feature_7261,0.050601035356521606
F3305,feature_3305,0.05058630183339119
F1662,feature_1662,0.050582610070705414
F9011,feature_9011,0.050569675862789154
F7220,feature_7220,0.05056065693497658
F1126,feature_1126,0.05048911273479462
F2128,feature_2128,0.05046046897768974
F9450,feature_9450,0.05045853182673454
F3414,feature_3414,0.050450850278139114
F3758,feature_3758,0.0504341647028923
F1484,feature_1484,0.05042266845703125
F790,feature_790,0.05041276663541794
F5752,feature_5752,0.050408635288476944
F7651,feature_7651,0.050360869616270065
F4954,feature_4954,0.05035822466015816
F4255,feature_4255,0.05035559460520744
F6355,feature_6355,0.05030407756567001
F1261,feature_1261,0.0502677783370018
F6531,feature_6531,0.05025617033243179
F6971,feature_6971,0.05025366693735123
F2706,feature_2706,0.05023536458611488
F6028,feature_6028,0.050222303718328476
F2506,feature_2506,0.050174593925476074
F5916,feature_5916,0.050171446055173874
F3808,feature_3808,0.05016949027776718
F1708,feature_1708,0.050134241580963135
F1646,feature_1646,0.05009418725967407
F6045,feature_6045,0.05009368434548378
F9022,feature_9022,0.05008431896567345
F3283,feature_3283,0.050063952803611755
F6849,feature_6849,0.04999912530183792
F6275,feature_6275,0.04995616152882576
F4880,feature_4880,0.04993518069386482
F8383,feature_8383,0.04993424564599991
F7717,feature_7717,0.0499146543443203
F9035,feature_9035,0.049901850521564484
F5418,feature_5418,0.049896612763404846
F5205,feature_5205,0.049894027411937714
F9600,feature_9600,0.04987989738583565
F7211,feature_7211,0.04985117167234421
F1092,feature_1092,0.049831926822662354
F399,feature_399,0.04982410743832588
F6941,feature_6941,0.049800850450992584
F9619,feature_9619,0.04978841170668602
F9366,feature_9366,0.049780696630477905
F9714,feature_9714,0.04976924881339073
F8507,feature_8507,0.049759116023778915
F9675,feature_9675,0.0497547909617424
F4422,feature_4422,0.049744121730327606
F698,feature_698,0.04972030594944954
F719,feature_719,0.04970443248748779
F7206,feature_7206,0.049699071794748306
F7456,feature_7456,0.04964607581496239
F9747,feature_9747,0.04961587116122246
F6017,feature_6017,0.04958245903253555
F9049,feature_9049,0.049570489674806595
F8302,feature_8302,0.04955371841788292
F1538,feature_1538,0.04953938350081444
F4187,feature_4187,0.049533914774656296
F1012,feature_1012,0.04950935021042824
F8042,feature_8042,0.04949427768588066
F634,feature_634,0.049462318420410156
F9311,feature_9311,0.049449339509010315
F2423,feature_2423,0.04941573739051819
F6063,feature_6063,0.049410153180360794
F3176,feature_3176,0.04938756674528122
F9553,feature_9553,0.04938130080699921
F9741,feature_9741,0.04937343671917915
F5178,feature_5178,0.0493658222258091
F2685,feature_2685,0.04931925982236862
F7469,feature_7469,0.04929779842495918
F2870,feature_2870,0.04928659647703171
F7871,feature_7871,0.04927856847643852
F8615,feature_8615,0.04925612360239029
F8723,feature_8723,0.049245934933423996
F1840,feature_1840,0.04924090951681137
F3033,feature_3033,0.0492294579744339
F4440,feature_4440,0.04919034615159035
F8848,feature_8848,0.049179211258888245
F4724,feature_4724,0.04914490506052971
F839,feature_839,0.049116477370262146
F49,feature_49,0.04907764866948128
F103,feature_103,0.04907495528459549
F3247,feature_3247,0.04906619340181351
F3598,feature_3598,0.049055665731430054
F3143,feature_3143,0.04905328527092934
F9235,feature_9235,0.049029961228370667
F2836,feature_2836,0.049011167138814926
F1153,feature_1153,0.04900664463639259
F6908,feature_6908,0.04899747669696808
F9851,feature_9851,0.048992693424224854
F6311,feature_6311,0.04898775741457939
F1725,feature_1725,0.04897155612707138
F1166,feature_1166,0.04897090420126915
F5636,feature_5636,0.04892408847808838
F6982,feature_6982,0.048919789493083954
F9379,feature_9379,0.04890957474708557
F6225,feature_6225,0.048904065042734146
F4044,feature_4044,0.048888929188251495
F2333,feature_2333,0.048875294625759125
F1170,feature_1170,0.04885450750589371
F9674,feature_9674,0.04885083809494972
F277,feature_277,0.04884478077292442
F1263,feature_1263,0.0488332100212574
F4605,feature_4605,0.048804715275764465
F7616,feature_7616,0.04879185929894447
F811,feature_811,0.048791225999593735
F4974,feature_4974,0.04878869280219078
F327,feature_327,0.04878704249858856
F3793,feature_3793,0.048715922981500626
F230,feature_230,0.04869316518306732
F9209,feature_9209,0.048692330718040466
F5163,feature_5163,0.048688892275094986
F6176,feature_6176,0.04866795614361763
F515,feature_515,0.048661280423402786
F2019,feature_2019,0.04865394905209541
F8895,feature_8895,0.048643168061971664
F6591,feature_6591,0.048589061945676804
F7227,feature_7227,0.048579707741737366
F4451,feature_4451,0.048572976142168045
F6654,feature_6654,0.04856570437550545
F9585,feature_9585,0.048560742288827896
F3914,feature_3914,0.04855794087052345
F7698,feature_7698,0.04851571470499039
F7958,feature_7958,0.04851529002189636
F5595,feature_5595,0.048505641520023346
F236,feature_236,0.04849085211753845
F8235,feature_8235,0.04848567396402359
F6803,feature_6803,0.048478417098522186
F9569,feature_9569,0.04846619442105293
F7194,feature_7194,0.04846112057566643
F1015,feature_1015,0.0484561026096344
F9942,feature_9942,0.04840007424354553
F9930,feature_9930,0.04839933663606644
F1808,feature_1808,0.04838629439473152
F7245,feature_7245,0.04835173115134239
F8300,feature_8300,0.04834551364183426
F7131,feature_7131,0.048339348286390305
F4664,feature_4664,0.04831670597195625
F4073,feature_4073,0.04827536642551422
F5473,feature_5473,0.04826799035072327
F8004,feature_8004,0.048255838453769684
F2632,feature_2632,0.04824297875165939
F9819,feature_9819,0.04823058471083641
F79,feature_79,0.048210810869932175
F5521,feature_5521,0.048189423978328705
F108,feature_108,0.0481814481317997
F6450,feature_6450,0.04816620796918869
F1390,feature_1390,0.048163142055273056
F86,feature_86,0.04816080629825592
F4894,feature_4894,0.0481453575193882
F7067,feature_7067,0.04814498871564865
F6581,feature_6581,0.04812987521290779
F9964,feature_9964,0.04810214787721634
F6272,feature_6272,0.04810110107064247
F4332,feature_4332,0.04809864982962608
F7101,feature_7101,0.048087164759635925
F9145,feature_9145,0.048083603382110596
F4143,feature_4143,0.04803666099905968
F8130,feature_8130,0.04802989214658737
F511,feature_511,0.048028238117694855
F1028,feature_1028,0.048020437359809875
F6944,feature_6944,0.04801888391375542
F6162,feature_6162,0.048005592077970505
F6920,feature_6920,0.04798459634184837
F9576,feature_9576,0.0479794405400753
F2331,feature_2331,0.047977909445762634
F7142,feature_7142,0.04797770082950592
F53,feature_53,0.047977201640605927
F4371,feature_4371,0.04797369986772537
F3648,feature_3648,0.047938257455825806
F8888,feature_8888,0.04793410748243332
F5080,feature_5080,0.04792914539575577
F7002,feature_7002,0.047909799963235855
F5442,feature_5442,0.04790615662932396
F9983,feature_9983,0.04788496345281601
F7991,feature_7991,0.04788213595747948
F9869,feature_9869,0.04786567762494087
F2024,feature_2024,0.04784204065799713
F5925,feature_5925,0.04784202575683594
F6655,feature_6655,0.04784095287322998
F3353,feature_3353,0.04782961308956146
F7524,feature_7524,0.0478130578994751
F827,feature_827,0.04779817536473274
F3460,feature_3460,0.04779074341058731
F8724,feature_8724,0.04778880998492241
F1063,feature_1063,0.04777131974697113
F8570,feature_8570,0.04774533584713936
F482,feature_482,0.04774106666445732
F4919,feature_4919,0.047725796699523926
F8785,feature_8785,0.04769673943519592
F9872,feature_9872,0.04768403246998787
F7792,feature_7792,0.04767100140452385
F3318,feature_3318,0.04765782877802849
F7391,feature_7391,0.0476515032351017
F3351,feature_3351,0.04764069616794586
F1409,feature_1409,0.047636039555072784
F6264,feature_6264,0.047615744173526764
F4915,feature_4915,0.04760824516415596
F7016,feature_7016,0.04758968949317932
F6482,feature_6482,0.04753483459353447
F109,feature_109,0.047529298812150955
F609,feature_609,0.04752755165100098
F7619,feature_7619,0.04751332476735115
F4693,feature_4693,0.04748733714222908
F7460,feature_7460,0.04747846722602844
F3916,feature_3916,0.04746367782354355
F616,feature_616,0.04746197909116745
F4761,feature_4761,0.047437094151973724
F6774,feature_6774,0.047436244785785675
F1338,feature_1338,0.04743000492453575
F1950,feature_1950,0.04742942750453949
F8401,feature_8401,0.047428812831640244
F9729,feature_9729,0.04740508273243904
F8437,feature_8437,0.04740432649850845
F2686,feature_2686,0.047396063804626465
F9148,feature_9148,0.04739172384142876
F962,feature_962,0.04738979414105415
F5228,feature_5228,0.047355715185403824
F9236,feature_9236,0.04735224321484566
F2098,feature_2098,0.04735081270337105
F1276,feature_1276,0.04735049977898598
F1074,feature_1074,0.047322966158390045
F6393,feature_6393,0.047315746545791626
F1181,feature_1181,0.04731062799692154
F2923,feature_2923,0.047294799238443375
F6329,feature_6329,0.047277163714170456
F61,feature_61,0.04727666452527046
F7695,feature_7695,0.047258201986551285
F4737,feature_4737,0.04725717753171921
F1144,feature_1144,0.0472540520131588
F3643,feature_3643,0.04723682627081871
F3892,feature_3892,0.047230273485183716
F548,feature_548,0.04721929132938385
F3184,feature_3184,0.047195591032505035
F5236,feature_5236,0.047189004719257355
F9737,feature_9737,0.04717379808425903
F6219,feature_6219,0.04716462641954422
F6844,feature_6844,0.047158874571323395
F9695,feature_9695,0.047134630382061005
F8565,feature_8565,0.04712172970175743
F1465,feature_1465,0.047120340168476105
F6027,feature_6027,0.047113414853811264
F8496,feature_8496,0.047111544758081436
F9994,feature_9994,0.04710904136300087
F6942,feature_6942,0.047093749046325684
F7337,feature_7337,0.047083087265491486
F877,feature_877,0.047077540308237076
F7304,feature_7304,0.04707621410489082
F744,feature_744,0.04706106334924698
F3918,feature_3918,0.047040119767189026
F5562,feature_5562,0.04703164100646973
F2971,feature_2971,0.047007378190755844
F9430,feature_9430,0.04700604826211929
F5280,feature_5280,0.04698539525270462
F122,feature_122,0.046980030834674835
F5096,feature_5096,0.046972524374723434
F3584,feature_3584,0.0469692200422287
F5467,feature_5467,0.04696613550186157
F2366,feature_2366,0.04694034159183502
F1472,feature_1472,0.04693874344229698
F1612,feature_1612,0.04692310094833374
F1179,feature_1179,0.04691462963819504
F9559,feature_9559,0.04689924791455269
F9483,feature_9483,0.04687459021806717
F4085,feature_4085,0.0468653067946434
F5717,feature_5717,0.04685572162270546
F4497,feature_4497,0.04684750363230705
F8859,feature_8859,0.04683775082230568
F6659,feature_6659,0.04683071747422218
F7630,feature_7630,0.046822912991046906
F9863,feature_9863,0.04681029170751572
F4405,feature_4405,0.04680546373128891
F5530,feature_5530,0.04679614678025246
F8663,feature_8663,0.04676230624318123
F7277,feature_7277,0.04674449563026428
F5409,feature_5409,0.04672897607088089
F4562,feature_4562,0.046719711273908615
F1746,feature_1746,0.04671146720647812
F7725,feature_7725,0.046705953776836395
F1500,feature_1500,0.046698443591594696
F8816,feature_8816,0.046690378338098526
F7332,feature_7332,0.046651918441057205
F6697,feature_6697,0.04664698243141174
F1021,feature_1021,0.04663681983947754
F8858,feature_8858,0.04663519933819771
F5026,feature_5026,0.046627018600702286
F739,feature_739,0.04659358784556389
F4824,feature_4824,0.0465841144323349
F2628,feature_2628,0.04655881226062775
F8532,feature_8532,0.04652882367372513
F7390,feature_7390,0.04651852324604988
F4973,feature_4973,0.04651004076004028
F2571,feature_2571,0.0465097576379776
F7778,feature_7778,0.04650852829217911
F7577,feature_7577,0.04649855196475983
F9341,feature_9341,0.04649784415960312
F9574,feature_9574,0.04649267718195915
F5531,feature_5531,0.046476203948259354
F4117,feature_4117,0.04643957316875458
F5181,feature_5181,0.04643354192376137
F4933,feature_4933,0.04642461612820625
F2259,feature_2259,0.046413540840148926
F257,feature_257,0.046399399638175964
F3402,feature_3402,0.04638969898223877
F6213,feature_6213,0.04638366401195526
F3422,feature_3422,0.04637853428721428
F3566,feature_3566,0.04637828469276428
F810,feature_810,0.0463673435151577
F4964,feature_4964,0.04636089503765106
F8817,feature_8817,0.04635234549641609
F118,feature_118,0.04635048657655716
F4668,feature_4668,0.04633535072207451
F3861,feature_3861,0.04633518308401108
F6249,feature_6249,0.04632652550935745
F8356,feature_8356,0.04632393270730972
F6293,feature_6293,0.04632091149687767
F3433,feature_3433,0.04631110653281212
F9854,feature_9854,0.04630611836910248
F7828,feature_7828,0.046304333955049515
F5054,feature_5054,0.04629897326231003
F8764,feature_8764,0.04629894718527794
F549,feature_549,0.04629569500684738
F3813,feature_3813,0.046279702335596085
F4765,feature_4765,0.04627695679664612
F6648,feature_6648,0.04626907408237457
F1220,feature_1220,0.0462564192712307
F6034,feature_6034,0.04623868316411972
F1774,feature_1774,0.046202611178159714
F274,feature_274,0.04619989171624184
F24,feature_24,0.04619145393371582
F81,feature_81,0.04618384316563606
F2676,feature_2676,0.046173471957445145
F2457,feature_2457,0.046154629439115524
F4279,feature_4279,0.04614771902561188
F8798,feature_8798,0.046146925538778305
F51,feature_51,0.04614553600549698
F5634,feature_5634,0.046138398349285126
F2285,feature_2285,0.046136319637298584
F1661,feature_1661,0.046130016446113586
F6525,feature_6525,0.04611831530928612
F9611,feature_9611,0.04611492529511452
F2162,feature_2162,0.04611166939139366
F5388,feature_5388,0.0461089201271534
F6301,feature_6301,0.04609989374876022
F3992,feature_3992,0.046098124235868454
F3254,feature_3254,0.0460943840444088
F7838,feature_7838,0.04608234018087387
F9473,feature_9473,0.046075522899627686
F8077,feature_8077,0.04606246575713158
F4683,feature_4683,0.04605279862880707
F9548,feature_9548,0.046049028635025024
F8553,feature_8553,0.0460473857820034
F1005,feature_1005,0.0460265576839447
F6603,feature_6603,0.04599778726696968
F1573,feature_1573,0.0459938645362854
F3955,feature_3955,0.04595469310879707
F332,feature_332,0.04594695568084717
F2807,feature_2807,0.045922789722681046
F4125,feature_4125,0.045915696769952774
F3286,feature_3286,0.045862969011068344
F8711,feature_8711,0.04584164544939995
F6583,feature_6583,0.045833244919776917
F3153,feature_3153,0.04583233222365379
F2818,feature_2818,0.0458218976855278
F9469,feature_9469,0.045816224068403244
F3423,feature_3423,0.04580788314342499
F8629,feature_8629,0.04580520838499069
F9380,feature_9380,0.045801129192113876
F4397,feature_4397,0.04579722136259079
F8018,feature_8018,0.045794226229190826
F4084,feature_4084,0.045791395008563995
F7138,feature_7138,0.04578342288732529
F202,feature_202,0.0457809679210186
F976,feature_976,0.04578062891960144
F9359,feature_9359,0.045766908675432205
F8426,feature_8426,0.045761607587337494
F1269,feature_1269,0.04575961455702782
F6001,feature_6001,0.04575416073203087
F8149,feature_8149,0.04575066268444061
F3695,feature_3695,0.04574187844991684
F8295,feature_8295,0.045740555971860886
F5730,feature_5730,0.04570567607879639
F1847,feature_1847,0.045703817158937454
F1928,feature_1928,0.04568609222769737
F4882,feature_4882,0.045682236552238464
F773,feature_773,0.045678477734327316
F8153,feature_8153,0.04567650333046913
F6429,feature_6429,0.04566267505288124
F9864,feature_9864,0.04561363533139229
F1331,feature_1331,0.045612990856170654
F474,feature_474,0.04560326039791107
F968,feature_968,0.04558264836668968
F5892,feature_5892,0.045580603182315826
F7841,feature_7841,0.045574530959129333
F3937,feature_3937,0.045573197305202484
F8493,feature_8493,0.04556351900100708
F7243,feature_7243,0.04556131735444069
F1789,feature_1789,0.04554472863674164
F6602,feature_6602,0.04554213583469391
F3687,feature_3687,0.04553381726145744
F1672,feature_1672,0.04551564157009125
F2464,feature_2464,0.045512814074754715
F3961,feature_3961,0.0455106683075428
F9990,feature_9990,0.045510031282901764
F3454,feature_3454,0.04550446569919586
F2851,feature_2851,0.04549545794725418
F8400,feature_8400,0.045492127537727356
F1749,feature_1749,0.04548817127943039
F8582,feature_8582,0.045469626784324646
F9234,feature_9234,0.04546003416180611
F9562,feature_9562,0.045459579676389694
F7516,feature_7516,0.04545813798904419
F6661,feature_6661,0.04543884098529816
F5701,feature_5701,0.04543694853782654
F3680,feature_3680,0.04543562978506088
F7455,feature_7455,0.04542718082666397
F2844,feature_2844,0.0454179048538208
F1086,feature_1086,0.04538707435131073
F1325,feature_1325,0.04538489505648613
F8604,feature_8604,0.04538382589817047
F7438,feature_7438,0.04538341984152794
F3804,feature_3804,0.04536242038011551
F4024,feature_4024,0.04535600170493126
F7766,feature_7766,0.04534391686320305
F7472,feature_7472,0.04533105343580246
F3559,feature_3559,0.04532302916049957
F8924,feature_8924,0.045322299003601074
F6134,feature_6134,0.04530572518706322
F594,feature_594,0.04529725760221481
F5628,feature_5628,0.045278582721948624
F3681,feature_3681,0.04525664076209068
F8,feature_8,0.04524566978216171
F4128,feature_4128,0.04524547979235649
F958,feature_958,0.045225195586681366
F6106,feature_6106,0.04521185904741287
F8502,feature_8502,0.04520471766591072
F5922,feature_5922,0.04519530385732651
F2160,feature_2160,0.045174069702625275
F1119,feature_1119,0.04515616595745087
F7012,feature_7012,0.04514840245246887
F9024,feature_9024,0.04511699452996254
F6197,feature_6197,0.04510669782757759
F5897,feature_5897,0.04509522020816803
F3700,feature_3700,0.04509184882044792
F7650,feature_7650,0.04509054869413376
F8742,feature_8742,0.045071329921483994
F1434,feature_1434,0.04506641998887062
F6938,feature_6938,0.04506082460284233
F6054,feature_6054,0.045058999210596085
F8289,feature_8289,0.045053012669086456
F7748,feature_7748,0.04504092037677765
F7574,feature_7574,0.04503403976559639
F3534,feature_3534,0.04503154009580612
F7207,feature_7207,0.045025475323200226
F8121,feature_8121,0.04502013698220253
F6282,feature_6282,0.04501863569021225
F2862,feature_2862,0.045018311589956284
F8687,feature_8687,0.0450035035610199
F4051,feature_4051,0.044991131871938705
F4450,feature_4450,0.0449717715382576
F9420,feature_9420,0.04494745284318924
F3086,feature_3086,0.044942934066057205
F9499,feature_9499,0.04493921250104904
F7222,feature_7222,0.044926028698682785
F6524,feature_6524,0.04492102563381195
F5750,feature_5750,0.044919468462467194
F8045,feature_8045,0.04490414261817932
F7994,feature_7994,0.04490118473768234
F465,feature_465,0.0448995940387249
F2444,feature_2444,0.04488840699195862
F7864,feature_7864,0.044876568019390106
F1997,feature_1997,0.04487411305308342
F1641,feature_1641,0.04487129673361778
F1613,feature_1613,0.04484889656305313
F8223,feature_8223,0.04484515264630318
F3515,feature_3515,0.044839829206466675
F4071,feature_4071,0.04482964053750038
F4852,feature_4852,0.04482254013419151
F2889,feature_2889,0.04480879008769989
F2993,feature_2993,0.04480135068297386
F6616,feature_6616,0.04479273781180382
F8760,feature_8760,0.044791560620069504
F8789,feature_8789,0.044778451323509216
F1379,feature_1379,0.044774219393730164
F4655,feature_4655,0.04477009177207947
F5758,feature_5758,0.04476776346564293
F957,feature_957,0.044765226542949677
F6423,feature_6423,0.04476160928606987
F4339,feature_4339,0.04475993663072586
F1180,feature_1180,0.04475932940840721
F7144,feature_7144,0.044756628572940826
F2033,feature_2033,0.04475020244717598
F6141,feature_6141,0.04475003853440285
F9594,feature_9594,0.04474692419171333
F7989,feature_7989,0.04473744332790375
F5529,feature_5529,0.04473656043410301
F7900,feature_7900,0.04473189637064934
F8636,feature_8636,0.044716548174619675
F2360,feature_2360,0.044696129858493805
F7197,feature_7197,0.04469329118728638
F525,feature_525,0.04467810317873955
F3235,feature_3235,0.04467511922121048
F127,feature_127,0.04466433450579643
F1878,feature_1878,0.04466279596090317
F5188,feature_5188,0.04466112330555916
F2735,feature_2735,0.04464935511350632
F3821,feature_3821,0.0446418933570385
F7343,feature_7343,0.04464142397046089
F7858,feature_7858,0.04463983327150345
F2394,feature_2394,0.044639602303504944
F1185,feature_1185,0.044623397290706635
F5641,feature_5641,0.04461449012160301
F4514,feature_4514,0.04458456486463547
F5590,feature_5590,0.04457590728998184
F8381,feature_8381,0.044562116265296936
F5972,feature_5972,0.0445450134575367
F1365,feature_1365,0.044537607580423355
F3495,feature_3495,0.04452243447303772
F9327,feature_9327,0.04451936483383179
F7668,feature_7668,0.044518034905195236
F8266,feature_8266,0.044515546411275864
F2515,feature_2515,0.04451292008161545
F1959,feature_1959,0.04451080039143562
F7223,feature_7223,0.04450754448771477
F4750,feature_4750,0.044500891119241714
F3709,feature_3709,0.0444803386926651
F860,feature_860,0.04446762800216675
F7701,feature_7701,0.044454995542764664
F5444,feature_5444,0.04444684460759163
F7590,feature_7590,0.04444229602813721
F9669,feature_9669,0.044436994940042496
F6780,feature_6780,0.04443052038550377
F9403,feature_9403,0.04442932829260826
F8597,feature_8597,0.044424667954444885
F2813,feature_2813,0.0444236695766449
F4688,feature_4688,0.044422708451747894
F3710,feature_3710,0.04439983889460564
F9176,feature_9176,0.044394202530384064
F7920,feature_7920,0.044392216950654984
F6062,feature_6062,0.04439021274447441
F1207,feature_1207,0.04438203573226929
F1404,feature_1404,0.04436806961894035
F1936,feature_1936,0.044366784393787384
F5169,feature_5169,0.04436064511537552
F6356,feature_6356,0.04435617849230766
F7291,feature_7291,0.04435276985168457
F4673,feature_4673,0.0443495512008667
F1699,feature_1699,0.04434506222605705
F3885,feature_3885,0.044343236833810806
F2408,feature_2408,0.04434095695614815
F387,feature_387,0.044335395097732544
F1132,feature_1132,0.044312648475170135
F6905,feature_6905,0.044301796704530716
F1406,feature_1406,0.04429706558585167
F7022,feature_7022,0.04428458958864212
F3416,feature_3416,0.04428299888968468
F6175,feature_6175,0.04428094998002052
F6624,feature_6624,0.04427365958690643
F2144,feature_2144,0.044272441416978836
F5151,feature_5151,0.04427085071802139
F314,feature_314,0.04427085071802139
F8256,feature_8256,0.04424557462334633
F3617,feature_3617,0.0442412905395031
F5843,feature_5843,0.044221702963113785
F7584,feature_7584,0.04421171918511391
F9637,feature_9637,0.04420126974582672
F843,feature_843,0.04418613016605377
F4259,feature_4259,0.04417988285422325
F2280,feature_2280,0.04417227953672409
F2210,feature_2210,0.04415522515773773
F7904,feature_7904,0.044152434915304184
F365,feature_365,0.044135045260190964
F7230,feature_7230,0.04412752389907837
F422,feature_422,0.04410599544644356
F2237,feature_2237,0.044104304164648056
F6220,feature_6220,0.044093091040849686
F4188,feature_4188,0.04407687857747078
F8775,feature_8775,0.04407559335231781
F9651,feature_9651,0.04407297074794769
F5363,feature_5363,0.04405200108885765
F9016,feature_9016,0.04403788596391678
F3085,feature_3085,0.044025324285030365
F8411,feature_8411,0.044006988406181335
F833,feature_833,0.04400487616658211
F2318,feature_2318,0.04398971050977707
F5976,feature_5976,0.043979961425065994
F2140,feature_2140,0.043978556990623474
F8811,feature_8811,0.04397767037153244
F8884,feature_8884,0.04397309944033623
F2608,feature_2608,0.04397227615118027
F7685,feature_7685,0.04397115856409073
F3645,feature_3645,0.04396957531571388
F6686,feature_6686,0.04396058991551399
F3511,feature_3511,0.0439399890601635
F6375,feature_6375,0.043936241418123245
F4849,feature_4849,0.04393370822072029
F428,feature_428,0.04391985386610031
F3754,feature_3754,0.0438883937895298
F2522,feature_2522,0.043878257274627686
F8968,feature_8968,0.04387388005852699
F9711,feature_9711,0.04384777694940567
F1675,feature_1675,0.043847259134054184
F2005,feature_2005,0.04383908957242966
F761,feature_761,0.04383523762226105
F7439,feature_7439,0.04382863640785217
F6019,feature_6019,0.04382805526256561
F6473,feature_6473,0.043816301971673965
F1264,feature_1264,0.04381057620048523
F1057,feature_1057,0.04380831494927406
F1140,feature_1140,0.04380740225315094
F5196,feature_5196,0.04380127787590027
F6961,feature_6961,0.043799154460430145
F5031,feature_5031,0.043772611767053604
F2716,feature_2716,0.04377235472202301
F7467,feature_7467,0.04376332089304924
F2912,feature_2912,0.04372424632310867
F6565,feature_6565,0.043720830231904984
F5726,feature_5726,0.04371684417128563
F7253,feature_7253,0.04370139539241791
F6265,feature_6265,0.043684523552656174
F2079,feature_2079,0.04368337616324425
F3335,feature_3335,0.04368169978260994
F7288,feature_7288,0.04366866499185562
F8377,feature_8377,0.04365993291139603
F468,feature_468,0.04365275055170059
F6637,feature_6637,0.043646398931741714
F544,feature_544,0.043635543435811996
F711,feature_711,0.043629348278045654
F1524,feature_1524,0.04362481087446213
F9829,feature_9829,0.0436202697455883
F1920,feature_1920,0.043614182621240616
F6586,feature_6586,0.04361000657081604
F4368,feature_4368,0.043588995933532715
F887,feature_887,0.043580442667007446
F3734,feature_3734,0.043575696647167206
F4000,feature_4000,0.043561916798353195
F5594,feature_5594,0.04356079176068306
F697,feature_697,0.04354752600193024
F2565,feature_2565,0.04354123771190643
F1383,feature_1383,0.043539080768823624
F8922,feature_8922,0.04353630542755127
F9901,feature_9901,0.043533746153116226
F9446,feature_9446,0.04353131353855133
F7152,feature_7152,0.043527837842702866
F5265,feature_5265,0.04352247342467308
F1080,feature_1080,0.04351789131760597
F3080,feature_3080,0.043511271476745605
F7716,feature_7716,0.04350512847304344
F540,feature_540,0.04348093643784523
F6052,feature_6052,0.043467648327350616
F7659,feature_7659,0.04346529766917229
F3019,feature_3019,0.043461233377456665
F3822,feature_3822,0.04344639182090759
F4788,feature_4788,0.04344511404633522
F5873,feature_5873,0.043438781052827835
F8048,feature_8048,0.04342273250222206
F5341,feature_5341,0.04342139884829521
F8890,feature_8890,0.04340848699212074
F3611,feature_3611,0.0434064120054245
F1757,feature_1757,0.04339800402522087
F4656,feature_4656,0.04339590668678284
F3034,feature_3034,0.043394628912210464
F4110,feature_4110,0.04338967800140381
F466,feature_466,0.043389443308115005
F5749,feature_5749,0.04338905215263367
F6201,feature_6201,0.043383605778217316
F6717,feature_6717,0.04337096959352493
F4553,feature_4553,0.04336562380194664
F8163,feature_8163,0.04333328455686569
F777,feature_777,0.04331927001476288
F8015,feature_8015,0.043302081525325775
F6959,feature_6959,0.043296266347169876
F5232,feature_5232,0.043289151042699814
F9316,feature_9316,0.04328811541199684
F7060,feature_7060,0.043285783380270004
F8605,feature_8605,0.04328397661447525
F3694,feature_3694,0.04327801614999771
F5808,feature_5808,0.04326578602194786
F3498,feature_3498,0.0432652123272419
F3324,feature_3324,0.04323941469192505
F5743,feature_5743,0.043239057064056396
F9427,feature_9427,0.043237995356321335
F9269,feature_9269,0.043229639530181885
F1602,feature_1602,0.0432291142642498
F3732,feature_3732,0.043222468346357346
F7093,feature_7093,0.04321300610899925
F4313,feature_4313,0.043211519718170166
F1111,feature_1111,0.043207623064517975
F5407,feature_5407,0.04319733381271362
F3871,feature_3871,0.04319518059492111
F5500,feature_5500,0.04319437965750694
F8506,feature_8506,0.043190497905015945
F389,feature_389,0.04318287968635559
F3895,feature_3895,0.04318210482597351
F3005,feature_3005,0.0431797169148922
F8980,feature_8980,0.043163686990737915
F9229,feature_9229,0.043160367757081985
F4174,feature_4174,0.043159984052181244
F125,feature_125,0.04314571991562843
F4508,feature_4508,0.04312889650464058
F6688,feature_6688,0.043128177523612976
F2998,feature_2998,0.043115176260471344
F7159,feature_7159,0.043086811900138855
F3472,feature_3472,0.04307819902896881
F5811,feature_5811,0.04307188838720322
F317,feature_317,0.04306240379810333
F3964,feature_3964,0.043058209121227264
F746,feature_746,0.04304592311382294
F7032,feature_7032,0.043037623167037964
F5602,feature_5602,0.04302297905087471
F876,feature_876,0.04302205145359039
F5896,feature_5896,0.043006330728530884
F743,feature_743,0.043002981692552567
F5550,feature_5550,0.04299205169081688
F7374,feature_7374,0.042987409979104996
F7921,feature_7921,0.04297764599323273
F1563,feature_1563,0.0429723896086216
F9911,feature_9911,0.04293496906757355
F9479,feature_9479,0.04293103143572807
F9809,feature_9809,0.04292423650622368
F674,feature_674,0.04291212558746338
F4113,feature_4113,0.04290693253278732
F6913,feature_6913,0.04290653020143509
F4198,feature_4198,0.04289133846759796
F7148,feature_7148,0.04288734868168831
F9859,feature_9859,0.04287920892238617
F8974,feature_8974,0.042878035455942154
F66,feature_66,0.042876794934272766
F2791,feature_2791,0.042874522507190704
F9355,feature_9355,0.04287191852927208
F9416,feature_9416,0.04287135973572731
F7877,feature_7877,0.04287075251340866
F3929,feature_3929,0.04286562651395798
F5626,feature_5626,0.0428641214966774
F7033,feature_7033,0.04286085069179535
F4533,feature_4533,0.042859822511672974
F5526,feature_5526,0.042856063693761826
F179,feature_179,0.042849380522966385
F3514,feature_3514,0.04284762591123581
F9039,feature_9039,0.042832545936107635
F8297,feature_8297,0.042808592319488525
F2543,feature_2543,0.04280560836195946
F7326,feature_7326,0.04278651252388954
F3755,feature_3755,0.04278463125228882
F8903,feature_8903,0.04277367144823074
F5340,feature_5340,0.042772382497787476
F4042,feature_4042,0.042771995067596436
F9613,feature_9613,0.04276927188038826
F7962,feature_7962,0.04276014491915703
F8106,feature_8106,0.04274764284491539
F1335,feature_1335,0.04274728149175644
F6680,feature_6680,0.04273838922381401
F2576,feature_2576,0.04272851347923279
F5214,feature_5214,0.042724624276161194
F4809,feature_4809,0.04271967336535454
F7278,feature_7278,0.04271776229143143
F7165,feature_7165,0.0427120067179203
F8806,feature_8806,0.04270956665277481
F7017,feature_7017,0.042705364525318146
F7589,feature_7589,0.042698439210653305
F2127,feature_2127,0.042684152722358704
F4375,feature_4375,0.042675670236349106
F6390,feature_6390,0.04267501085996628
F5538,feature_5538,0.04266009479761124
F394,feature_394,0.0426534079015255
F2460,feature_2460,0.04264912009239197
F656,feature_656,0.04264700040221214
F7508,feature_7508,0.04262663796544075
F2091,feature_2091,0.04262184351682663
F9243,feature_9243,0.04261338710784912
F416,feature_416,0.04260856285691261
F7950,feature_7950,0.04260750859975815
F4280,feature_4280,0.04259822145104408
F9000,feature_9000,0.04259675741195679
F7383,feature_7383,0.042593538761138916
F3084,feature_3084,0.042588185518980026
F3409,feature_3409,0.042585812509059906
F592,feature_592,0.042580265551805496
F8438,feature_8438,0.042573556303977966
F9422,feature_9422,0.04257320612668991
F312,feature_312,0.042567573487758636
F9519,feature_9519,0.04256359860301018
F8238,feature_8238,0.042550794780254364
F2796,feature_2796,0.042526330798864365
F5781,feature_5781,0.04252171888947487
F8360,feature_8360,0.04251333698630333
F2510,feature_2510,0.042505133897066116
F9740,feature_9740,0.04250296950340271
F7593,feature_7593,0.04249296709895134
F1691,feature_1691,0.04248940944671631
F3539,feature_3539,0.04248756170272827
F8984,feature_8984,0.0424843467772007
F6722,feature_6722,0.042483191937208176
F8057,feature_8057,0.04247453063726425
F3586,feature_3586,0.04246950522065163
F1579,feature_1579,0.04246918484568596
F1064,feature_1064,0.042446158826351166
F2405,feature_2405,0.04244529828429222
F9807,feature_9807,0.04243221879005432
F7367,feature_7367,0.04243096709251404
F5147,feature_5147,0.04241669923067093
F5457,feature_5457,0.0424131341278553
F4121,feature_4121,0.04240640997886658
F4260,feature_4260,0.04239523038268089
F1570,feature_1570,0.04239281639456749
F4841,feature_4841,0.04238991439342499
F9347,feature_9347,0.04238422214984894
F7275,feature_7275,0.042384080588817596
F4463,feature_4463,0.04234623163938522
F2814,feature_2814,0.042345717549324036
F7264,feature_7264,0.04233429580926895
F7255,feature_7255,0.042333077639341354
F4574,feature_4574,0.042326562106609344
F7115,feature_7115,0.04232218861579895
F8585,feature_8585,0.042317286133766174
F5392,feature_5392,0.042306460440158844
F1339,feature_1339,0.042306024581193924
F4828,feature_4828,0.04230542480945587
F2502,feature_2502,0.04228956997394562
F6646,feature_6646,0.04228217527270317
F9604,feature_9604,0.042265452444553375
F2176,feature_2176,0.04225653037428856
F5204,feature_5204,0.04225189611315727
F6300,feature_6300,0.04224754869937897
F6404,feature_6404,0.04223333299160004
F654,feature_654,0.04223105311393738
F1657,feature_1657,0.042215991765260696
F6142,feature_6142,0.04221206530928612
F814,feature_814,0.042205363512039185
F3945,feature_3945,0.0422029010951519
F36,feature_36,0.04219783842563629
F3441,feature_3441,0.04219450056552887
F8425,feature_8425,0.04219115525484085
F438,feature_438,0.042189810425043106
F5257,feature_5257,0.04218648746609688
F3071,feature_3071,0.042182572185993195
F9940,feature_9940,0.04217724874615669
F7913,feature_7913,0.04217590391635895
F1149,feature_1149,0.04217126592993736
F6428,feature_6428,0.04216819256544113
F4981,feature_4981,0.042167164385318756
F4839,feature_4839,0.042165663093328476
F7956,feature_7956,0.04216145724058151
F8548,feature_8548,0.04216009005904198
F2894,feature_2894,0.042157404124736786
F4315,feature_4315,0.04215722531080246
F1869,feature_1869,0.0421462282538414
F9436,feature_9436,0.04214281961321831
F2647,feature_2647,0.04213482514023781
F5714,feature_5714,0.0421304889023304
F3255,feature_3255,0.0421246699988842
F4172,feature_4172,0.04212134703993797
F3600,feature_3600,0.04212082922458649
F577,feature_577,0.042099729180336
F1018,feature_1018,0.04208894073963165
F4081,feature_4081,0.04208468645811081
F5946,feature_5946,0.04207613319158554
F3594,feature_3594,0.042073577642440796
F8830,feature_8830,0.04207318276166916
F5336,feature_5336,0.04207024723291397
F4175,feature_4175,0.04207012057304382
F2577,feature_2577,0.04206879809498787
F5288,feature_5288,0.042063158005476
F3480,feature_3480,0.04205308109521866
F181,feature_181,0.04204845055937767
F3974,feature_3974,0.042033515870571136
F500,feature_500,0.04203001409769058
F8364,feature_8364,0.042026106268167496
F4994,feature_4994,0.042019233107566833
F5921,feature_5921,0.04201037809252739
F7247,feature_7247,0.04200984910130501
F6245,feature_6245,0.042009297758340836
F4274,feature_4274,0.04199979081749916
F1255,feature_1255,0.04199548810720444
F3959,feature_3959,0.041988443583250046
F3075,feature_3075,0.04198051616549492
F6018,feature_6018,0.0419795922935009
F3355,feature_3355,0.04197947308421135
F9270,feature_9270,0.04196576401591301
F6764,feature_6764,0.04195006191730499
F6631,feature_6631,0.04193143546581268
F8322,feature_8322,0.041928209364414215
F3131,feature_3131,0.04191681370139122
F4032,feature_4032,0.04189998283982277
F8259,feature_8259,0.04189692810177803
F4851,feature_4851,0.04188358783721924
F147,feature_147,0.04188116267323494
F8467,feature_8467,0.04187939316034317
F2509,feature_2509,0.041876714676618576
F5542,feature_5542,0.04187615215778351
F9046,feature_9046,0.04187295585870743
F5074,feature_5074,0.0418710894882679
F5191,feature_5191,0.04186993092298508
F1077,feature_1077,0.04186652973294258
F5581,feature_5581,0.0418587289750576
F8646,feature_8646,0.04184047877788544
F4810,feature_4810,0.041834570467472076
F1004,feature_1004,0.04183395579457283
F7702,feature_7702,0.041827309876680374
F9397,feature_9397,0.04181608557701111
F1731,feature_1731,0.041801854968070984
F8152,feature_8152,0.041791073977947235
F9920,feature_9920,0.04178949445486069
F4819,feature_4819,0.04178919270634651
F1277,feature_1277,0.0417824387550354
F4634,feature_4634,0.04178016632795334
F7238,feature_7238,0.0417788103222847
F1298,feature_1298,0.04177878797054291
F1177,feature_1177,0.04177162051200867
F8643,feature_8643,0.04176934435963631
F883,feature_883,0.041767675429582596
F8783,feature_8783,0.041767220944166183
F1943,feature_1943,0.041762825101614
F7189,feature_7189,0.04175601899623871
F9043,feature_9043,0.041749559342861176
F8469,feature_8469,0.04174825921654701
F700,feature_700,0.04174505174160004
F6721,feature_6721,0.0417441800236702
F4799,feature_4799,0.04173872992396355
F9958,feature_9958,0.04173808917403221
F5125,feature_5125,0.04173712804913521
F9683,feature_9683,0.04173455387353897
F3369,feature_3369,0.04172997549176216
F7025,feature_7025,0.041729748249053955
F533,feature_533,0.041724368929862976
F3205,feature_3205,0.04172416776418686
F7163,feature_7163,0.04171529784798622
F1827,feature_1827,0.04171433299779892
F2426,feature_2426,0.04170551151037216
F851,feature_851,0.041701581329107285
F3570,feature_3570,0.04169211909174919
F331,feature_331,0.04169173911213875
F2544,feature_2544,0.041675273329019547
F488,feature_488,0.04166331887245178
F5566,feature_5566,0.04165830463171005
F7898,feature_7898,0.04165375605225563
F3192,feature_3192,0.041649557650089264
F5783,feature_5783,0.04164039343595505
F8200,feature_8200,0.041637301445007324
F2302,feature_2302,0.041634656488895416
F7108,feature_7108,0.04163014143705368
F1164,feature_1164,0.041628800332546234
F9405,feature_9405,0.04162728786468506
F6496,feature_6496,0.041624765843153
F2061,feature_2061,0.041603486984968185
F6580,feature_6580,0.04158968850970268
F9132,feature_9132,0.04158594459295273
F730,feature_730,0.04158138483762741
F3878,feature_3878,0.04158009588718414
F4711,feature_4711,0.041577693074941635
F4377,feature_4377,0.0415719598531723
F5803,feature_5803,0.04156314954161644
F2603,feature_2603,0.04154232516884804
F6442,feature_6442,0.04153328016400337
F4720,feature_4720,0.04152890294790268
F6410,feature_6410,0.041515469551086426
F7187,feature_7187,0.041509270668029785
F7059,feature_7059,0.041506338864564896
F3513,feature_3513,0.041503943502902985
F2367,feature_2367,0.041491977870464325
F7119,feature_7119,0.04148845374584198
F307,feature_307,0.04148009791970253
F9312,feature_9312,0.04148000478744507
F8354,feature_8354,0.0414775051176548
F3144,feature_3144,0.04147186875343323
F6755,feature_6755,0.04145936667919159
F3015,feature_3015,0.041449129581451416
F5511,feature_5511,0.04144446179270744
F8299,feature_8299,0.04143906757235527
F414,feature_414,0.0414375364780426
F2979,feature_2979,0.04143177345395088
F9947,feature_9947,0.041427601128816605
F2016,feature_2016,0.04141026735305786
F7256,feature_7256,0.041404079645872116
F431,feature_431,0.04140130802989006
F2380,feature_2380,0.0414009764790535
F2154,feature_2154,0.04139691963791847
F779,feature_779,0.041392434388399124
F90,feature_90,0.041389960795640945
F7554,feature_7554,0.04138490930199623
F3275,feature_3275,0.04138457775115967
F1850,feature_1850,0.04138414189219475
F2015,feature_2015,0.041382040828466415
F7544,feature_7544,0.041374802589416504
F5286,feature_5286,0.04137332737445831
F5016,feature_5016,0.04137161746621132
F9454,feature_9454,0.04136953130364418
F1374,feature_1374,0.04136243090033531
F794,feature_794,0.041362036019563675
F8455,feature_8455,0.04133991524577141
F28,feature_28,0.041331514716148376
F5984,feature_5984,0.04132697731256485
F7662,feature_7662,0.041322577744722366
F2058,feature_2058,0.041313882917165756
F234,feature_234,0.04131011664867401
F4287,feature_4287,0.041301555931568146
F6257,feature_6257,0.04126254841685295
F4639,feature_4639,0.041260264813899994
F5809,feature_5809,0.041257403790950775
F239,feature_239,0.04124847427010536
F7914,feature_7914,0.04124683514237404
F1721,feature_1721,0.04124295711517334
F3161,feature_3161,0.0412408672273159
F6814,feature_6814,0.04123668745160103
F554,feature_554,0.04122691601514816
F1803,feature_1803,0.041210904717445374
F9929,feature_9929,0.04119466245174408
F3157,feature_3157,0.04119117930531502
F1158,feature_1158,0.041189201176166534
F6133,feature_6133,0.041183069348335266
F9686,feature_9686,0.04118034988641739
F7977,feature_7977,0.0411749929189682
F7150,feature_7150,0.04116367548704147
F2084,feature_2084,0.04116273298859596
F4791,feature_4791,0.04115406796336174
F5788,feature_5788,0.04114922881126404
F7993,feature_7993,0.041141435503959656
F3246,feature_3246,0.041140366345644
F5536,feature_5536,0.0411389134824276
F1225,feature_1225,0.04113839939236641
F4515,feature_4515,0.041130099445581436
F3303,feature_3303,0.041128918528556824
F8777,feature_8777,0.041127465665340424
F7744,feature_7744,0.04112664982676506
F9252,feature_9252,0.041125986725091934
F7960,feature_7960,0.041112978011369705
F993,feature_993,0.04110819473862648
F1013,feature_1013,0.04110448434948921
F1531,feature_1531,0.04110255837440491
F3226,feature_3226,0.04110168665647507
F9531,feature_9531,0.041098009794950485
F1059,feature_1059,0.04108057916164398
F5226,feature_5226,0.04107815399765968
F2817,feature_2817,0.04107525944709778
F1960,feature_1960,0.041072167456150055
F7444,feature_7444,0.04106881469488144
F2893,feature_2893,0.04106620326638222
F6966,feature_6966,0.04105811193585396
F9810,feature_9810,0.04105690121650696
F8127,feature_8127,0.04104676842689514
F3139,feature_3139,0.04104510694742203
F7308,feature_7308,0.04103710502386093
F8233,feature_8233,0.04103652760386467
F3798,feature_3798,0.041034016758203506
F8501,feature_8501,0.041031137108802795
F4890,feature_4890,0.04102659225463867
F7633,feature_7633,0.0410214439034462
F1396,feature_1396,0.04101145640015602
F1941,feature_1941,0.041000835597515106
F2432,feature_2432,0.04099080711603165
F6377,feature_6377,0.04099009558558464
F6458,feature_6458,0.040987107902765274
F5011,feature_5011,0.04098353162407875
F3551,feature_3551,0.04097669944167137
F539,feature_539,0.040975794196128845
F4202,feature_4202,0.0409587137401104
F6488,feature_6488,0.04095705971121788
F2867,feature_2867,0.04095173627138138
F4316,feature_4316,0.040939152240753174
F6405,feature_6405,0.04092486575245857
F5770,feature_5770,0.04092332720756531
F5988,feature_5988,0.04092283546924591
F5159,feature_5159,0.04091973975300789
F425,feature_425,0.040918875485658646
F5322,feature_5322,0.040918465703725815
F7969,feature_7969,0.04091644659638405
F748,feature_748,0.04090722277760506
F2570,feature_2570,0.040884096175432205
F4356,feature_4356,0.04088209941983223
F5104,feature_5104,0.04088139533996582
F4789,feature_4789,0.0408664233982563
F9993,feature_9993,0.040862273424863815
F9596,feature_9596,0.04085702449083328
F675,feature_675,0.04085647314786911
F6145,feature_6145,0.04085516184568405
F602,feature_602,0.0408548042178154
F3666,feature_3666,0.040849436074495316
F2969,feature_2969,0.04084909334778786
F5725,feature_5725,0.04084666073322296
F5375,feature_5375,0.0408385768532753
F4565,feature_4565,0.04083850607275963
F3512,feature_3512,0.04083613306283951
F260,feature_260,0.04083499684929848
F142,feature_142,0.040833283215761185
F8542,feature_8542,0.040823858231306076
F5653,feature_5653,0.04081730172038078
F8005,feature_8005,0.040809765458106995
F2051,feature_2051,0.040804434567689896
F2406,feature_2406,0.040803343057632446
F219,feature_219,0.040801048278808594
F8346,feature_8346,0.04080032557249069
F3631,feature_3631,0.04079664498567581
F3816,feature_3816,0.04078954458236694
F4530,feature_4530,0.040788572281599045
F7876,feature_7876,0.04078824073076248
F6350,feature_6350,0.040787044912576675
F4637,feature_4637,0.04078470543026924
F3954,feature_3954,0.04076913371682167
F997,feature_997,0.04076540470123291
F1838,feature_1838,0.04076014831662178
F8020,feature_8020,0.04075247421860695
F1553,feature_1553,0.04074966162443161
F9143,feature_9143,0.04074620455503464
F7806,feature_7806,0.04074036702513695
F6021,feature_6021,0.040732529014348984
F5754,feature_5754,0.040731076151132584
F1854,feature_1854,0.04072438180446625
F1549,feature_1549,0.04071730375289917
F2600,feature_2600,0.04071597754955292
F3751,feature_3751,0.040708377957344055
F7880,feature_7880,0.04070242494344711
F8524,feature_8524,0.04068393260240555
F7818,feature_7818,0.040664833039045334
F756,feature_756,0.04066293686628342
F9621,feature_9621,0.04065853729844093
F4436,feature_4436,0.04065730422735214
F1883,feature_1883,0.04065706953406334
F906,feature_906,0.040640197694301605
F3386,feature_3386,0.040638748556375504
F718,feature_718,0.04063015431165695
F1593,feature_1593,0.04062935337424278
F7820,feature_7820,0.04062814638018608
F3338,feature_3338,0.04062509164214134
F3094,feature_3094,0.040623102337121964
F6283,feature_6283,0.040622323751449585
F7174,feature_7174,0.040615685284137726
F8958,feature_8958,0.040611632168293
F2195,feature_2195,0.04061088338494301
F8590,feature_8590,0.040609002113342285
F826,feature_826,0.04060124233365059
F3840,feature_3840,0.040597885847091675
F2802,feature_2802,0.040597815066576004
F6468,feature_6468,0.04059712961316109
F2549,feature_2549,0.040581319481134415
F10,feature_10,0.04057472571730614
F6919,feature_6919,0.04056885465979576
F8363,feature_8363,0.04056689888238907
F9875,feature_9875,0.04056597873568535
F3002,feature_3002,0.040551234036684036
F8317,feature_8317,0.04054908826947212
F3828,feature_3828,0.04054490849375725
F6070,feature_6070,0.04053184762597084
F6788,feature_6788,0.04053116962313652
F9788,feature_9788,0.04052773863077164
F3735,feature_3735,0.04052478447556496
F9026,feature_9026,0.04052456095814705
F3481,feature_3481,0.04051986336708069
F4240,feature_4240,0.04051775857806206
F8985,feature_8985,0.040517475455999374
F7636,feature_7636,0.040513087064027786
F2213,feature_2213,0.0405118353664875
F4977,feature_4977,0.040509581565856934
F3411,feature_3411,0.040506020188331604
F6578,feature_6578,0.04050596430897713
F2006,feature_2006,0.04050261154770851
F925,feature_925,0.04048093035817146
F2742,feature_2742,0.04047860577702522
F6418,feature_6418,0.0404718779027462
F6933,feature_6933,0.040471453219652176
F5885,feature_5885,0.04047128185629845
F2794,feature_2794,0.04046075418591499
F4604,feature_4604,0.04045822098851204
F6406,feature_6406,0.040455225855112076
F1805,feature_1805,0.040448904037475586
F3944,feature_3944,0.040446531027555466
F4046,feature_4046,0.04044407233595848
F6677,feature_6677,0.040442727506160736
F7125,feature_7125,0.04044119268655777
F3293,feature_3293,0.0404357984662056
F7095,feature_7095,0.04043518379330635
F3777,feature_3777,0.040426988154649734
F553,feature_553,0.04042330011725426
F107,feature_107,0.04042207822203636
F708,feature_708,0.04041901230812073
F2880,feature_2880,0.04041792452335358
F9418,feature_9418,0.0404166541993618
F5062,feature_5062,0.04041285812854767
F2518,feature_2518,0.040411219000816345
F7767,feature_7767,0.040405768901109695
F7869,feature_7869,0.04039943218231201
F1984,feature_1984,0.04039831832051277
F7435,feature_7435,0.04039807245135307
F1942,feature_1942,0.04039304703474045
F5391,feature_5391,0.040391240268945694
F9065,feature_9065,0.04038866236805916
F9502,feature_9502,0.040381353348493576
F217,feature_217,0.04037882760167122
F1079,feature_1079,0.04037707298994064
F6928,feature_6928,0.04037366807460785
F6653,feature_6653,0.0403672456741333
F9092,feature_9092,0.04035985842347145
F1183,feature_1183,0.040352970361709595
F2610,feature_2610,0.040347836911678314
F1881,feature_1881,0.04034653306007385
F7266,feature_7266,0.04034627974033356
F4319,feature_4319,0.040345869958400726
F1363,feature_1363,0.04034394770860672
F660,feature_660,0.04033389687538147
F4670,feature_4670,0.04033159464597702
F2673,feature_2673,0.04032745957374573
F7681,feature_7681,0.04032684862613678
F9919,feature_9919,0.040326669812202454
F1775,feature_1775,0.04032489284873009
F1297,feature_1297,0.04032444208860397
F3062,feature_3062,0.0403190553188324
F2244,feature_2244,0.04031815379858017
F3863,feature_3863,0.04031797870993614
F9975,feature_9975,0.040317103266716
F1527,feature_1527,0.04031392186880112
F3470,feature_3470,0.04031205549836159
F2876,feature_2876,0.04031013324856758
F4270,feature_4270,0.0402989387512207
F4971,feature_4971,0.04029073566198349
F9584,feature_9584,0.04028698801994324
F7128,feature_7128,0.0402844212949276
F6962,feature_6962,0.04027329385280609
F4920,feature_4920,0.040267009288072586
F1569,feature_1569,0.040263399481773376
F1728,feature_1728,0.04026203602552414
F1147,feature_1147,0.04026015102863312
F8594,feature_8594,0.04025900363922119
F6164,feature_6164,0.040257278829813004
F5046,feature_5046,0.040246665477752686
F865,feature_865,0.040241457521915436
F2895,feature_2895,0.04022910073399544
F1660,feature_1660,0.04022649675607681
F1137,feature_1137,0.040225349366664886
F2949,feature_2949,0.04022323712706566
F6593,feature_6593,0.04022303596138954
F9151,feature_9151,0.04022284969687462
F4532,feature_4532,0.0402139276266098
F3093,feature_3093,0.040209315717220306
F5844,feature_5844,0.04019385948777199
F2831,feature_2831,0.04018913209438324
F4200,feature_4200,0.04018581286072731
F5501,feature_5501,0.04018336534500122
F8612,feature_8612,0.04018217325210571
F4545,feature_4545,0.04017138481140137
F7425,feature_7425,0.04017067700624466
F1543,feature_1543,0.040169909596443176
F7822,feature_7822,0.040159907191991806
F7070,feature_7070,0.04015578329563141
F8992,feature_8992,0.0401524119079113
F5124,feature_5124,0.040151190012693405
F7782,feature_7782,0.04014976695179939
F8696,feature_8696,0.04014872759580612
F5592,feature_5592,0.040142808109521866
F5258,feature_5258,0.04013614356517792
F6075,feature_6075,0.040128398686647415
F4856,feature_4856,0.040122099220752716
F4118,feature_4118,0.04012194648385048
F8484,feature_8484,0.040103163570165634
F6295,feature_6295,0.04010286182165146
F1810,feature_1810,0.04009994864463806
F3588,feature_3588,0.04009508341550827
F3227,feature_3227,0.04009253904223442
F9886,feature_9886,0.04009178280830383
F2625,feature_2625,0.04008989408612251
F4063,feature_4063,0.04008505865931511
F5295,feature_5295,0.040082041174173355
F1597,feature_1597,0.0400589294731617
F4982,feature_4982,0.040056996047496796
F9659,feature_9659,0.040054451674222946
F840,feature_840,0.04005391523241997
F8920,feature_8920,0.04004577547311783
F9413,feature_9413,0.04004549980163574
F4323,feature_4323,0.04004097357392311
F400,feature_400,0.040039729326963425
F9010,feature_9010,0.040006861090660095
F6339,feature_6339,0.04000218212604523
F6532,feature_6532,0.03999977558851242
F8966,feature_8966,0.039999011904001236
F266,feature_266,0.03999728709459305
F5712,feature_5712,0.03999413549900055
F5064,feature_5064,0.03999238461256027
F9689,feature_9689,0.039986446499824524
F177,feature_177,0.039984576404094696
F201,feature_201,0.03998236730694771
F3328,feature_3328,0.03997638449072838
F8745,feature_8745,0.03996384143829346
F1852,feature_1852,0.03996061533689499
F4045,feature_4045,0.039959970861673355
F1273,feature_1273,0.039959825575351715
F6554,feature_6554,0.039957545697689056
F5267,feature_5267,0.039954837411642075
F5248,feature_5248,0.03994743153452873
F537,feature_537,0.03993847221136093
F2105,feature_2105,0.03993408381938934
F6795,feature_6795,0.03992638364434242
F729,feature_729,0.03992542624473572
F197,feature_197,0.03991789370775223
F9160,feature_9160,0.039913520216941833
F9062,feature_9062,0.03989867493510246
F1326,feature_1326,0.039898473769426346
F7674,feature_7674,0.03989724814891815
F4298,feature_4298,0.03989270702004433
F680,feature_680,0.03988179937005043
F6248,feature_6248,0.039880767464637756
F1258,feature_1258,0.03987128287553787
F2626,feature_2626,0.03986828774213791
F1617,feature_1617,0.03986307606101036
F469,feature_469,0.03986283764243126
F3805,feature_3805,0.0398605577647686
F2349,feature_2349,0.039855264127254486
F6053,feature_6053,0.039854031056165695
F3150,feature_3150,0.03985269367694855
F8471,feature_8471,0.03984786942601204
F7404,feature_7404,0.03984330967068672
F2586,feature_2586,0.03983951732516289
F891,feature_891,0.03983062133193016
F8595,feature_8595,0.03981855884194374
F8658,feature_8658,0.03981555998325348
F5965,feature_5965,0.03980809822678566
F1843,feature_1843,0.039798371493816376
F9141,feature_9141,0.03979656472802162
F3868,feature_3868,0.03978512063622475
F4020,feature_4020,0.03978272154927254
F8702,feature_8702,0.03978084772825241
F7980,feature_7980,0.039774663746356964
F2995,feature_2995,0.03977377340197563
F1300,feature_1300,0.03977007046341896
F9321,feature_9321,0.03976535052061081
F7756,feature_7756,0.03975918889045715
F9200,feature_9200,0.039758410304784775
F1451,feature_1451,0.03975652903318405
F512,feature_512,0.039754077792167664
F4027,feature_4027,0.03974688798189163
F4290,feature_4290,0.039741721004247665
F1874,feature_1874,0.03973909839987755
F7894,feature_7894,0.03973693773150444
F8673,feature_8673,0.039732906967401505
F4759,feature_4759,0.039720796048641205
F3676,feature_3676,0.039712246507406235
F8307,feature_8307,0.03970268741250038
F3615,feature_3615,0.03969934955239296
F7615,feature_7615,0.03969555348157883
F559,feature_559,0.03969549387693405
F2750,feature_2750,0.03969510272145271
F4951,feature_4951,0.03969171643257141
F4394,feature_4394,0.03968796133995056
F6489,feature_6489,0.03967003896832466
F6270,feature_6270,0.039669573307037354
F2329,feature_2329,0.03966725245118141
F7660,feature_7660,0.03966651111841202
F6669,feature_6669,0.03966597467660904
F8647,feature_8647,0.039662912487983704
F1329,feature_1329,0.0396626777946949
F7325,feature_7325,0.03965797647833824
F153,feature_153,0.039656464010477066
F1970,feature_1970,0.0396561361849308
F8309,feature_8309,0.03965218737721443
F1284,feature_1284,0.039643917232751846
F8088,feature_8088,0.03963529318571091
F1568,feature_1568,0.03962797671556473
F6233,feature_6233,0.03962063044309616
F9222,feature_9222,0.0396202877163887
F1991,feature_1991,0.039615340530872345
F2196,feature_2196,0.03961291164159775
F6121,feature_6121,0.03961273655295372
F4342,feature_4342,0.03960827365517616
F3364,feature_3364,0.039606984704732895
F2655,feature_2655,0.03960321098566055
F6432,feature_6432,0.039599623531103134
F6563,feature_6563,0.03959865868091583
F980,feature_980,0.0395909920334816
F9849,feature_9849,0.03957994282245636
F822,feature_822,0.03957967087626457
F7350,feature_7350,0.03957667574286461
F5345,feature_5345,0.03957609087228775
F7893,feature_7893,0.03957601636648178
F5424,feature_5424,0.03955349698662758
F6486,feature_6486,0.03955116495490074
F8773,feature_8773,0.03954194486141205
F9275,feature_9275,0.039537232369184494
F5939,feature_5939,0.039534758776426315
F2431,feature_2431,0.03952009603381157
F3174,feature_3174,0.039519812911748886
F6504,feature_6504,0.03951840102672577
F2166,feature_2166,0.03951839730143547
F1603,feature_1603,0.039517100900411606
F2697,feature_2697,0.03950854763388634
F3596,feature_3596,0.03949626162648201
F6958,feature_6958,0.03949516639113426
F4764,feature_4764,0.03949496150016785
F3860,feature_3860,0.03949344903230667
F3725,feature_3725,0.0394924096763134
F9313,feature_9313,0.03948689252138138
F2404,feature_2404,0.039480820298194885
F9305,feature_9305,0.039479900151491165
F5722,feature_5722,0.03947826847434044
F3619,feature_3619,0.039477065205574036
F7371,feature_7371,0.0394749753177166
F3082,feature_3082,0.039474550634622574
F7019,feature_7019,0.03947041556239128
F5651,feature_5651,0.03946975618600845
F9923,feature_9923,0.03946131840348244
F7183,feature_7183,0.03945404291152954
F9047,feature_9047,0.03945385664701462
F3399,feature_3399,0.03944997116923332
F5755,feature_5755,0.039449162781238556
F6960,feature_6960,0.039446212351322174
F1717,feature_1717,0.03944477438926697
F9530,feature_9530,0.03944331407546997
F4807,feature_4807,0.03943796083331108
F6184,feature_6184,0.0394369475543499
F6604,feature_6604,0.039436277002096176
F8580,feature_8580,0.039433471858501434
F4549,feature_4549,0.039431873708963394
F3604,feature_3604,0.03942262381315231
F9457,feature_9457,0.03941480442881584
F8668,feature_8668,0.039413850754499435
F4236,feature_4236,0.039411406964063644
F7927,feature_7927,0.03940561041235924
F2950,feature_2950,0.039396982640028
F3138,feature_3138,0.039382204413414
F6143,feature_6143,0.03938205912709236
F7213,feature_7213,0.03937796503305435
F959,feature_959,0.0393749475479126
F7239,feature_7239,0.0393742099404335
F2155,feature_2155,0.0393696166574955
F5313,feature_5313,0.03936244174838066
F4838,feature_4838,0.039362408220767975
F3105,feature_3105,0.03935721516609192
F1341,feature_1341,0.039357081055641174
F2165,feature_2165,0.039356209337711334
F1830,feature_1830,0.039354849606752396
F8166,feature_8166,0.039352353662252426
F4068,feature_4068,0.039344388991594315
F2054,feature_2054,0.03933918476104736
F4635,feature_4635,0.0393359400331974
F1616,feature_1616,0.039335787296295166
F2575,feature_2575,0.03933544456958771
F280,feature_280,0.03933478146791458
F1025,feature_1025,0.039332274347543716
F5029,feature_5029,0.03933209925889969
F6915,feature_6915,0.03932541608810425
F325,feature_325,0.03932371735572815
F8353,feature_8353,0.0393141433596611
F6936,feature_6936,0.03931060805916786
F9157,feature_9157,0.03930852934718132
F8826,feature_8826,0.03930804505944252
F410,feature_410,0.03930225595831871
F7812,feature_7812,0.0393003486096859
F3453,feature_3453,0.039299435913562775
F4199,feature_4199,0.039295852184295654
F1643,feature_1643,0.0392928309738636
F9910,feature_9910,0.03929244726896286
F3791,feature_3791,0.0392923578619957
F3505,feature_3505,0.03928881883621216
F2073,feature_2073,0.039288148283958435
F6630,feature_6630,0.03927745670080185
F4378,feature_4378,0.03926597908139229
F3168,feature_3168,0.039264243096113205
F8633,feature_8633,0.03924892097711563
F9461,feature_9461,0.03924432396888733
F3215,feature_3215,0.03923940286040306
F3358,feature_3358,0.03923488035798073
F3801,feature_3801,0.03923363611102104
F9120,feature_9120,0.03923315927386284
F9489,feature_9489,0.03923310339450836
F6071,feature_6071,0.03923298791050911
F5797,feature_5797,0.03921826183795929
F2401,feature_2401,0.039216842502355576
F5998,feature_5998,0.03921457380056381
F650,feature_650,0.039214059710502625
F6619,feature_6619,0.039211295545101166
F4357,feature_4357,0.039206162095069885
F4906,feature_4906,0.0392010472714901
F9439,feature_9439,0.03919777646660805
F6846,feature_6846,0.03919687494635582
F7656,feature_7656,0.039196357131004333
F3155,feature_3155,0.03919631615281105
F3405,feature_3405,0.039191197603940964
F6043,feature_6043,0.03918682038784027
F972,feature_972,0.03918127343058586
F5275,feature_5275,0.039180219173431396
F1702,feature_1702,0.03917442262172699
F3426,feature_3426,0.039173007011413574
F4566,feature_4566,0.03916873037815094
F9377,feature_9377,0.0391680933535099
F6875,feature_6875,0.03916562348604202
F5230,feature_5230,0.03916409984230995
F1501,feature_1501,0.039161715656518936
F9466,feature_9466,0.03916161507368088
F1571,feature_1571,0.03915974125266075
F1313,feature_1313,0.03915594890713692
F2233,feature_2233,0.0391533225774765
F1638,feature_1638,0.03914729133248329
F8603,feature_8603,0.03914318233728409
F433,feature_433,0.03913987800478935
F8222,feature_8222,0.0391395166516304
F2034,feature_2034,0.03913477808237076
F6451,feature_6451,0.03912888839840889
F4043,feature_4043,0.03912851959466934
F3981,feature_3981,0.03912016376852989
F3424,feature_3424,0.039106033742427826
F9949,feature_9949,0.03910556808114052
F5800,feature_5800,0.03910450264811516
F322,feature_322,0.03910309448838234
F1146,feature_1146,0.039102859795093536
F8656,feature_8656,0.03909998759627342
F6251,feature_6251,0.039096273481845856
F5851,feature_5851,0.039094243198633194
F6376,feature_6376,0.039091743528842926
F1669,feature_1669,0.03908567130565643
F5751,feature_5751,0.03908340260386467
F3228,feature_3228,0.03907940909266472
F263,feature_263,0.03906663507223129
F3485,feature_3485,0.03906656429171562
F2116,feature_2116,0.039063673466444016
F6560,feature_6560,0.0390622578561306
F8926,feature_8926,0.039052702486515045
F9459,feature_9459,0.03905031830072403
F3834,feature_3834,0.03903653845191002
F2838,feature_2838,0.039025627076625824
F7594,feature_7594,0.0390174426138401
F5888,feature_5888,0.03900500386953354
F9992,feature_9992,0.039000362157821655
F1206,feature_1206,0.03900018334388733
F969,feature_969,0.03899469971656799
F8038,feature_8038,0.038994476199150085
F4552,feature_4552,0.038994062691926956
F9297,feature_9297,0.03898796811699867
F2020,feature_2020,0.03898751363158226
F9058,feature_9058,0.03898664936423302
F5741,feature_5741,0.038973912596702576
F367,feature_367,0.03897096961736679
F9250,feature_9250,0.038970548659563065
F5366,feature_5366,0.03896312415599823
F8133,feature_8133,0.038958776742219925
F7795,feature_7795,0.038954269140958786
F8902,feature_8902,0.03895037993788719
F275,feature_275,0.03894587978720665
F2442,feature_2442,0.03894514963030815
F7745,feature_7745,0.038944631814956665
F1324,feature_1324,0.038944341242313385
F4059,feature_4059,0.03894254192709923
F2583,feature_2583,0.0389411635696888
F9474,feature_9474,0.03893987834453583
F7094,feature_7094,0.038937948644161224
F7844,feature_7844,0.03893785923719406
F3883,feature_3883,0.038928646594285965
F6691,feature_6691,0.03892669454216957
F9962,feature_9962,0.038921087980270386
F6914,feature_6914,0.03891977667808533
F5263,feature_5263,0.03891538828611374
F8201,feature_8201,0.03891533613204956
F8551,feature_8551,0.038903430104255676
F7948,feature_7948,0.03890327364206314
F6207,feature_6207,0.03890051320195198
F7121,feature_7121,0.0388961099088192
F4899,feature_4899,0.03888359293341637
F1666,feature_1666,0.038881171494722366
F2681,feature_2681,0.03888115659356117
F510,feature_510,0.03888055309653282
F5837,feature_5837,0.0388779379427433
F8032,feature_8032,0.03887568786740303
F2526,feature_2526,0.038872841745615005
F5287,feature_5287,0.03887045010924339
F9650,feature_9650,0.03886471688747406
F6585,feature_6585,0.038862328976392746
F445,feature_445,0.03885672241449356
F3772,feature_3772,0.03885233774781227
F4685,feature_4685,0.03884851932525635
F6957,feature_6957,0.038847748190164566
F5284,feature_5284,0.03884648531675339
F25,feature_25,0.038845956325531006
F9661,feature_9661,0.03884335979819298
F4793,feature_4793,0.03883980214595795
F3857,feature_3857,0.03883875161409378
F2629,feature_2629,0.03883789852261543
F8275,feature_8275,0.03882821276783943
F1176,feature_1176,0.0388261079788208
F1455,feature_1455,0.03882305696606636
F5739,feature_5739,0.038812123239040375
F5193,feature_5193,0.03881169483065605
F7052,feature_7052,0.03880852088332176
F185,feature_185,0.03880636766552925
F4551,feature_4551,0.0388055182993412
F5886,feature_5886,0.038805242627859116
F4780,feature_4780,0.03880465775728226
F3284,feature_3284,0.038803715258836746
F1605,feature_1605,0.03879593685269356
F4892,feature_4892,0.03879037871956825
F7137,feature_7137,0.03878623619675636
F2358,feature_2358,0.03878335654735565
F4249,feature_4249,0.038767747581005096
F2992,feature_2992,0.03876630589365959
F4406,feature_4406,0.03876546397805214
F1511,feature_1511,0.038762595504522324
F7888,feature_7888,0.03875894099473953
F8876,feature_8876,0.03875540569424629
F4825,feature_4825,0.038753900676965714
F3076,feature_3076,0.038751620799303055
F47,feature_47,0.03874986246228218
F5875,feature_5875,0.03874675929546356
F983,feature_983,0.03874611109495163
F671,feature_671,0.0387432835996151
F4596,feature_4596,0.03873806074261665
F2485,feature_2485,0.03873058035969734
F6125,feature_6125,0.03872985765337944
F3435,feature_3435,0.03872651606798172
F679,feature_679,0.03872409835457802
F4537,feature_4537,0.03872229903936386
F3646,feature_3646,0.03871847689151764
F8323,feature_8323,0.03871301934123039
F9687,feature_9687,0.03870918229222298
F3341,feature_3341,0.03870769962668419
F2638,feature_2638,0.038701701909303665
F7512,feature_7512,0.038695190101861954
F5253,feature_5253,0.038693998008966446
F7062,feature_7062,0.03868773207068443
F2514,feature_2514,0.038686685264110565
F659,feature_659,0.03868556395173073
F4520,feature_4520,0.038684822618961334
F9268,feature_9268,0.038682371377944946
F5083,feature_5083,0.03867468237876892
F3367,feature_3367,0.03867466002702713
F2904,feature_2904,0.03865756466984749
F6317,feature_6317,0.03865647315979004
F5836,feature_5836,0.038653429597616196
F7287,feature_7287,0.03864967077970505
F4833,feature_4833,0.03864661604166031
F5447,feature_5447,0.038643091917037964
F6978,feature_6978,0.03864123299717903
F1787,feature_1787,0.038637980818748474
F3527,feature_3527,0.03863266482949257
F6800,feature_6800,0.03863200917840004
F2281,feature_2281,0.038630153983831406
F5475,feature_5475,0.038629889488220215
F3340,feature_3340,0.03861991688609123
F6500,feature_6500,0.038617148995399475
F774,feature_774,0.03861682489514351
F6307,feature_6307,0.03861336037516594
F5486,feature_5486,0.038611121475696564
F9188,feature_9188,0.03861071541905403
F1581,feature_1581,0.03860823065042496
F3036,feature_3036,0.038608208298683167
F4926,feature_4926,0.03860551491379738
F6374,feature_6374,0.038593173027038574
F5241,feature_5241,0.038586705923080444
F4684,feature_4684,0.038586243987083435
F2018,feature_2018,0.03858087211847305
F3288,feature_3288,0.038578517735004425
F9444,feature_9444,0.038576170802116394
F4554,feature_4554,0.03857295215129852
F8126,feature_8126,0.03857026994228363
F2077,feature_2077,0.03856504335999489
F381,feature_381,0.03856346756219864
F5299,feature_5299,0.03855983540415764
F3120,feature_3120,0.03855612128973007
F4963,feature_4963,0.038554005324840546
F9153,feature_9153,0.03855384141206741
F3664,feature_3664,0.03855307027697563
F9965,feature_9965,0.0385524220764637
F1764,feature_1764,0.03855074197053909
F8156,feature_8156,0.03854764625430107
F4932,feature_4932,0.03854607790708542
F9636,feature_9636,0.03854137659072876
F3349,feature_3349,0.03854133561253548
F8906,feature_8906,0.03852998465299606
F5028,feature_5028,0.03850866109132767
F5704,feature_5704,0.03850587084889412
F9336,feature_9336,0.038500458002090454
F1748,feature_1748,0.03849596530199051
F5537,feature_5537,0.03849509730935097
F7169,feature_7169,0.038493961095809937
F2812,feature_2812,0.03849252685904503
F5099,feature_5099,0.03849238157272339
F1131,feature_1131,0.038485087454319
F6490,feature_6490,0.0384809635579586
F7542,feature_7542,0.03847592696547508
F507,feature_507,0.03847354277968407
F749,feature_749,0.03846924751996994
F1966,feature_1966,0.03845760226249695
F1755,feature_1755,0.03845735639333725
F489,feature_489,0.03845365718007088
F1635,feature_1635,0.03845170512795448
F4735,feature_4735,0.038447026163339615
F1236,feature_1236,0.03844359144568443
F2240,feature_2240,0.038442462682724
F9027,feature_9027,0.03844032436609268
F8025,feature_8025,0.038435451686382294
F5982,feature_5982,0.038434822112321854
F8866,feature_8866,0.03843342140316963
F8339,feature_8339,0.03842897340655327
F9271,feature_9271,0.03842645138502121
F2288,feature_2288,0.03841806575655937
F7826,feature_7826,0.038413818925619125
F4746,feature_4746,0.038411322981119156
F306,feature_306,0.03841089457273483
F1342,feature_1342,0.03840676695108414
F8071,feature_8071,0.03840390220284462
F4250,feature_4250,0.03840276226401329
F6765,feature_6765,0.03838775306940079
F4960,feature_4960,0.03838449716567993
F5448,feature_5448,0.03838333487510681
F3009,feature_3009,0.03837712109088898
F4193,feature_4193,0.03836937993764877
F9105,feature_9105,0.03836924955248833
F3035,feature_3035,0.03836725279688835
F9654,feature_9654,0.038365237414836884
F8473,feature_8473,0.038362056016922
F7846,feature_7846,0.03835709020495415
F2725,feature_2725,0.038356322795152664
F7214,feature_7214,0.03835618123412132
F6312,feature_6312,0.03835418075323105
F2198,feature_2198,0.03834838792681694
F1464,feature_1464,0.03834769129753113
F5509,feature_5509,0.03833722323179245
F3342,feature_3342,0.038335949182510376
F3500,feature_3500,0.03833555802702904
F2767,feature_2767,0.03833219036459923
F7250,feature_7250,0.03833140805363655
F5179,feature_5179,0.0383295901119709
F2421,feature_2421,0.0383283868432045
F227,feature_227,0.03832835331559181
F3301,feature_3301,0.038327351212501526
F2869,feature_2869,0.03832666203379631
F4061,feature_4061,0.03832588717341423
F225,feature_225,0.03832216188311577
F9787,feature_9787,0.03832152858376503
F7493,feature_7493,0.038320574909448624
F4699,feature_4699,0.038319580256938934
F8499,feature_8499,0.03831526264548302
F2538,feature_2538,0.03831431642174721
F1758,feature_1758,0.03831187263131142
F6977,feature_6977,0.03831125795841217
F1443,feature_1443,0.03830816596746445
F7430,feature_7430,0.038305118680000305
F9323,feature_9323,0.03830188885331154
F1733,feature_1733,0.0383014902472496
F8827,feature_8827,0.03829822316765785
F6273,feature_6273,0.038297563791275024
F6731,feature_6731,0.03829353302717209
F256,feature_256,0.03829224780201912
F2375,feature_2375,0.03829071298241615
F7209,feature_7209,0.03829055652022362
F376,feature_376,0.03828493878245354
F2961,feature_2961,0.038284070789813995
F9,feature_9,0.03828047588467598
F6522,feature_6522,0.03827833756804466
F2234,feature_2234,0.03827725723385811
F1270,feature_1270,0.03827158734202385
F2573,feature_2573,0.03826584294438362
F9589,feature_9589,0.03826576843857765
F3934,feature_3934,0.03825898468494415
F9417,feature_9417,0.03825656324625015
F8344,feature_8344,0.03825053572654724
F8713,feature_8713,0.03824719786643982
F1519,feature_1519,0.03824547678232193
F7232,feature_7232,0.03823625668883324
F5959,feature_5959,0.038230251520872116
F7020,feature_7020,0.038228847086429596
F7302,feature_7302,0.038224007934331894
F8148,feature_8148,0.03822124004364014
F6228,feature_6228,0.03821122646331787
F9272,feature_9272,0.03821101039648056
F3491,feature_3491,0.038210783153772354
F4477,feature_4477,0.038209546357393265
F8246,feature_8246,0.03820677474141121
F3156,feature_3156,0.03820662572979927
F5951,feature_5951,0.03820205107331276
F4050,feature_4050,0.038199473172426224
F1380,feature_1380,0.03819618746638298
F8659,feature_8659,0.03819328546524048
F1917,feature_1917,0.03819248080253601
F8572,feature_8572,0.03818530961871147
F4739,feature_4739,0.03818298503756523
F1552,feature_1552,0.03818289563059807
F2290,feature_2290,0.038182199001312256
F9641,feature_9641,0.03817972540855408
F3294,feature_3294,0.038178522139787674
F7186,feature_7186,0.03817445784807205
F1866,feature_1866,0.03816935420036316
F6114,feature_6114,0.038166921585798264
F4721,feature_4721,0.03816275671124458
F393,feature_393,0.03815613314509392
F561,feature_561,0.03815335035324097
F819,feature_819,0.03815238177776337
F301,feature_301,0.03815070167183876
F9052,feature_9052,0.038150604814291
F259,feature_259,0.03814484179019928
F3726,feature_3726,0.038136277347803116
F9318,feature_9318,0.038134146481752396
F941,feature_941,0.03812480717897415
F448,feature_448,0.03812193125486374
F6192,feature_6192,0.038115598261356354
F8176,feature_8176,0.038108792155981064
F6719,feature_6719,0.03810524567961693
F3994,feature_3994,0.03809856250882149
F3841,feature_3841,0.03809589520096779
F5337,feature_5337,0.038094598799943924
F2535,feature_2535,0.03809420019388199
F6729,feature_6729,0.038092002272605896
F3389,feature_3389,0.03809084743261337
F7855,feature_7855,0.038086604326963425
F8913,feature_8913,0.03808113932609558
F1791,feature_1791,0.03807482123374939
F9100,feature_9100,0.03807409852743149
F6360,feature_6360,0.03807289898395538
F5105,feature_5105,0.03807208687067032
F161,feature_161,0.038066569715738297
F4159,feature_4159,0.038060009479522705
F3785,feature_3785,0.03805596008896828
F2123,feature_2123,0.03805451840162277
F7205,feature_7205,0.03805185854434967
F5438,feature_5438,0.038050420582294464
F6325,feature_6325,0.038050178438425064
F8097,feature_8097,0.03804861009120941
F7362,feature_7362,0.03804799169301987
F5558,feature_5558,0.03804503008723259
F1292,feature_1292,0.03804238885641098
F6706,feature_6706,0.038035325706005096
F5787,feature_5787,0.03803170472383499
F6422,feature_6422,0.03802324831485748
F8214,feature_8214,0.03801870718598366
F9924,feature_9924,0.03801378607749939
F9999,feature_9999,0.03801323100924492
F5167,feature_5167,0.038010742515325546
F5598,feature_5598,0.03800876438617706
F9433,feature_9433,0.038008540868759155
F6217,feature_6217,0.0380072258412838
F9408,feature_9408,0.038003891706466675
F5553,feature_5553,0.03800036758184433
F2412,feature_2412,0.038000088185071945
F361,feature_361,0.037999678403139114
F5342,feature_5342,0.037995319813489914
F3418,feature_3418,0.0379951074719429
F2581,feature_2581,0.03799387812614441
F948,feature_948,0.037993427366018295
F952,feature_952,0.03797934204339981
F4676,feature_4676,0.03797811642289162
F2609,feature_2609,0.03797706961631775
F1460,feature_1460,0.037976499646902084
F9294,feature_9294,0.03797614946961403
F7906,feature_7906,0.03797578066587448
F1665,feature_1665,0.037974417209625244
F7852,feature_7852,0.037973567843437195
F5095,feature_5095,0.03797244653105736
F166,feature_166,0.03796813637018204
F5106,feature_5106,0.03796757385134697
F1189,feature_1189,0.037965092808008194
F7346,feature_7346,0.03795754164457321
F8786,feature_8786,0.037954337894916534
F5370,feature_5370,0.037943992763757706
F5914,feature_5914,0.037941280752420425
F5575,feature_5575,0.0379340834915638
F3983,feature_3983,0.03792411461472511
F4517,feature_4517,0.03792289271950722
F3546,feature_3546,0.03792237490415573
F5309,feature_5309,0.0379188247025013
F1491,feature_1491,0.03791356831789017
F624,feature_624,0.03791050985455513
F8087,feature_8087,0.03790826350450516
F133,feature_133,0.03790762275457382
F9850,feature_9850,0.0378992073237896
F7276,feature_7276,0.037895433604717255
F7373,feature_7373,0.03789067268371582
F1732,feature_1732,0.03788848593831062
F917,feature_917,0.037883032113313675
F4701,feature_4701,0.03788153454661369
F5583,feature_5583,0.03788106143474579
F7569,feature_7569,0.037878088653087616
F2788,feature_2788,0.03787515312433243
F9221,feature_9221,0.037866633385419846
F4452,feature_4452,0.03786396235227585
F4243,feature_4243,0.03786379098892212
F1068,feature_1068,0.03786255791783333
F6665,feature_6665,0.03786199912428856
F4651,feature_4651,0.03785046935081482
F7226,feature_7226,0.03784630447626114
F1912,feature_1912,0.03784025460481644
F4893,feature_4893,0.03783874213695526
F6790,feature_6790,0.037837326526641846
F9912,feature_9912,0.03783596679568291
F2545,feature_2545,0.03783092647790909
F8017,feature_8017,0.037830643355846405
F782,feature_782,0.03782897815108299
F486,feature_486,0.03782835975289345
F8494,feature_8494,0.037828218191862106
F2386,feature_2386,0.037826769053936005
F3221,feature_3221,0.03782527148723602
F1561,feature_1561,0.037823788821697235
F1929,feature_1929,0.03782025724649429
F6714,feature_6714,0.03781946748495102
F1606,feature_1606,0.03781813010573387
F82,feature_82,0.03781811520457268
F2229,feature_2229,0.037816740572452545
F7992,feature_7992,0.037815697491168976
F7316,feature_7316,0.03781038895249367
F6457,feature_6457,0.037807565182447433
F9628,feature_9628,0.037803784012794495
F2344,feature_2344,0.037800583988428116
F7606,feature_7606,0.03779848292469978
F884,feature_884,0.0377960130572319
F555,feature_555,0.03778902441263199
F1656,feature_1656,0.03778428956866264
F8066,feature_8066,0.03777817636728287
F1148,feature_1148,0.03777800500392914
F1738,feature_1738,0.03777407482266426
F2151,feature_2151,0.037770599126815796
F3028,feature_3028,0.03776555135846138
F5753,feature_5753,0.03776475414633751
F479,feature_479,0.03775946795940399
F5276,feature_5276,0.03775240108370781
F3997,feature_3997,0.03775232657790184
F7021,feature_7021,0.03775215521454811
F9034,feature_9034,0.03775113448500633
F5675,feature_5675,0.037750352174043655
F5908,feature_5908,0.037744347006082535
F4441,feature_4441,0.037743810564279556
F9614,feature_9614,0.037742991000413895
F615,feature_615,0.03773808106780052
F1301,feature_1301,0.037731245160102844
F9350,feature_9350,0.03772243857383728
F8691,feature_8691,0.037715598940849304
F5872,feature_5872,0.037713974714279175
F4922,feature_4922,0.037713635712862015
F3519,feature_3519,0.03771325573325157
F8481,feature_8481,0.03770491108298302
F6590,feature_6590,0.03769271448254585
F458,feature_458,0.03768874704837799
F3040,feature_3040,0.037686143070459366
F6412,feature_6412,0.03768094256520271
F2710,feature_2710,0.03768051788210869
F5804,feature_5804,0.03767911344766617
F1381,feature_1381,0.03767498955130577
F6700,feature_6700,0.037672970443964005
F2789,feature_2789,0.037672221660614014
F7007,feature_7007,0.03767004236578941
F6020,feature_6020,0.03766902908682823
F691,feature_691,0.03764853999018669
F627,feature_627,0.0376436673104763
F2440,feature_2440,0.03763993829488754
F914,feature_914,0.03763633593916893
F7423,feature_7423,0.03763623163104057
F7866,feature_7866,0.037632886320352554
F3536,feature_3536,0.03760986030101776
F9218,feature_9218,0.03760472685098648
F5893,feature_5893,0.03760034963488579
F772,feature_772,0.03759995102882385
F4526,feature_4526,0.03759504482150078
F4218,feature_4218,0.0375923328101635
F2924,feature_2924,0.03758655861020088
F4230,feature_4230,0.03758472204208374
F8078,feature_8078,0.037582412362098694
F8441,feature_8441,0.03758208081126213
F8530,feature_8530,0.037581250071525574
F1780,feature_1780,0.037580400705337524
F5734,feature_5734,0.037579696625471115
F8141,feature_8141,0.0375787690281868
F5176,feature_5176,0.037577494978904724
F585,feature_585,0.037577074021101
F9540,feature_9540,0.03757219389081001
F9249,feature_9249,0.037572138011455536
F242,feature_242,0.03756461292505264
F1205,feature_1205,0.03756443411111832
F1684,feature_1684,0.037559594959020615
F8232,feature_8232,0.03755781799554825
F7349,feature_7349,0.037554480135440826
F89,feature_89,0.03754754737019539
F1102,feature_1102,0.03754271939396858
F8991,feature_8991,0.037542473524808884
F9349,feature_9349,0.037538956850767136
F7777,feature_7777,0.037533458322286606
F4995,feature_4995,0.037526026368141174
F270,feature_270,0.03752104565501213
F1631,feature_1631,0.037518613040447235
F3099,feature_3099,0.0375182144343853
F2392,feature_2392,0.037518203258514404
F8871,feature_8871,0.037517428398132324
F189,feature_189,0.03751712664961815
F3579,feature_3579,0.037515733391046524
F2419,feature_2419,0.03751561790704727
F7212,feature_7212,0.03751057758927345
F3484,feature_3484,0.03750857710838318
F1239,feature_1239,0.03750267252326012
F159,feature_159,0.03750007972121239
F9586,feature_9586,0.037498146295547485
F2456,feature_2456,0.03749719634652138
F2536,feature_2536,0.0374942272901535
F6917,feature_6917,0.03749391809105873
F9704,feature_9704,0.03748441860079765
F890,feature_890,0.03748118877410889
F7384,feature_7384,0.037480346858501434
F4492,feature_4492,0.0374770388007164
F2035,feature_2035,0.0374760776758194
F1072,feature_1072,0.03747238218784332
F8804,feature_8804,0.03747190907597542
F911,feature_911,0.037471454590559006
F2745,feature_2745,0.0374646857380867
F8918,feature_8918,0.03746413066983223
F17,feature_17,0.037458304315805435
F1566,feature_1566,0.037455327808856964
F6081,feature_6081,0.037451352924108505
F5419,feature_5419,0.0374467708170414
F9168,feature_9168,0.03743509575724602
F6077,feature_6077,0.0374295637011528
F6465,feature_6465,0.03742310777306557
F5980,feature_5980,0.03741868957877159
F9339,feature_9339,0.03741835802793503
F2069,feature_2069,0.03741758316755295
F2009,feature_2009,0.037408310920000076
F6826,feature_6826,0.037402406334877014
F3202,feature_3202,0.037402257323265076
F2645,feature_2645,0.03738708421587944
F5377,feature_5377,0.03738482668995857
F7595,feature_7595,0.03738345950841904
F2147,feature_2147,0.037380896508693695
F3547,feature_3547,0.03736737743020058
F3738,feature_3738,0.03735446184873581
F2837,feature_2837,0.0373520664870739
F4194,feature_4194,0.03734613582491875
F8708,feature_8708,0.03734598308801651
F7225,feature_7225,0.03734471648931503
F9939,feature_9939,0.037337787449359894
F5666,feature_5666,0.03733073174953461
F2131,feature_2131,0.03733030706644058
F2528,feature_2528,0.03732609748840332
F169,feature_169,0.03732245787978172
F9150,feature_9150,0.03731921315193176
F9595,feature_9595,0.03731701523065567
F4358,feature_4358,0.03731662407517433
F7571,feature_7571,0.03731522709131241
F9018,feature_9018,0.03731078654527664
F395,feature_395,0.03731071949005127
F4548,feature_4548,0.037308692932128906
F9773,feature_9773,0.03730791062116623
F4589,feature_4589,0.037305984646081924
F3620,feature_3620,0.03730474412441254
F8395,feature_8395,0.03730468451976776
F3591,feature_3591,0.0373014472424984
F1439,feature_1439,0.03729858249425888
F9549,feature_9549,0.03729414567351341
F8726,feature_8726,0.03729376196861267
F6836,feature_6836,0.03729049488902092
F7963,feature_7963,0.037290144711732864
F1475,feature_1475,0.037286426872015
F4507,feature_4507,0.03727784752845764
F3401,feature_3401,0.03727620095014572
F6615,feature_6615,0.037274543195962906
F7100,feature_7100,0.03727415204048157
F7382,feature_7382,0.03727329522371292
F323,feature_323,0.03727063536643982
F3739,feature_3739,0.03727017715573311
F6876,feature_6876,0.037266943603754044
F7285,feature_7285,0.03726577386260033
F2668,feature_2668,0.03726547956466675
F1820,feature_1820,0.0372648611664772
F8732,feature_8732,0.03726397454738617
F8461,feature_8461,0.037259671837091446
F7976,feature_7976,0.037259314209222794
F4384,feature_4384,0.03724696487188339
F1891,feature_1891,0.03724679350852966
F4183,feature_4183,0.03724345192313194
F2996,feature_2996,0.03724251687526703
F115,feature_115,0.03724250942468643
F7027,feature_7027,0.0372406542301178
F5567,feature_5567,0.03723595291376114
F1310,feature_1310,0.037231557071208954
F6467,feature_6467,0.03722895681858063
F9208,feature_9208,0.03722822666168213
F2613,feature_2613,0.03722657263278961
F6209,feature_6209,0.03722640872001648
F7999,feature_7999,0.037223804742097855
F9434,feature_9434,0.03722285479307175
F4021,feature_4021,0.03722050040960312
F8041,feature_8041,0.03722037374973297
F7136,feature_7136,0.0372137688100338
F4672,feature_4672,0.03721138462424278
F8268,feature_8268,0.0372038371860981
F3978,feature_3978,0.03720298781991005
F5607,feature_5607,0.03720087185502052
F7359,feature_7359,0.03719979152083397
F3508,feature_3508,0.03719845041632652
F4534,feature_4534,0.037196770310401917
F2472,feature_2472,0.037193939089775085
F9980,feature_9980,0.03719222545623779
F8273,feature_8273,0.03718831017613411
F853,feature_853,0.03718113154172897
F3896,feature_3896,0.0371781624853611
F1841,feature_1841,0.037168677896261215
F4108,feature_4108,0.03716050088405609
F855,feature_855,0.037160009145736694
F2798,feature_2798,0.0371582992374897
F8894,feature_8894,0.037150945514440536
F8624,feature_8624,0.03715069219470024
F7164,feature_7164,0.037150293588638306
F6349,feature_6349,0.037131089717149734
F1201,feature_1201,0.03712937980890274
F2819,feature_2819,0.037123728543519974
F1322,feature_1322,0.03712347894906998
F2242,feature_2242,0.037122953683137894
F1023,feature_1023,0.037119507789611816
F6735,feature_6735,0.03711480647325516
F8880,feature_8880,0.037112217396497726
F4557,feature_4557,0.037106677889823914
F9652,feature_9652,0.037106357514858246
F3949,feature_3949,0.03710299730300903
F1688,feature_1688,0.037099439650774
F9025,feature_9025,0.037097278982400894
F6082,feature_6082,0.03709297254681587
F2153,feature_2153,0.037087175995111465
F4798,feature_4798,0.03708552196621895
F5488,feature_5488,0.03707791119813919
F1084,feature_1084,0.03707480430603027
F7714,feature_7714,0.03707364946603775
F4302,feature_4302,0.03706701844930649
F4098,feature_4098,0.0370669960975647
F6601,feature_6601,0.03706589341163635
F8791,feature_8791,0.037065539509058
F9847,feature_9847,0.037065356969833374
F9813,feature_9813,0.0370650589466095
F8475,feature_8475,0.037064965814352036
F5113,feature_5113,0.03705408051609993
F4011,feature_4011,0.037047870457172394
F8812,feature_8812,0.037041064351797104
F8907,feature_8907,0.03704101964831352
F440,feature_440,0.03703881800174713
F8419,feature_8419,0.03703383728861809
F3271,feature_3271,0.03703196346759796
F1722,feature_1722,0.03702738881111145
F7613,feature_7613,0.03702731430530548
F9780,feature_9780,0.03702571243047714
F6146,feature_6146,0.037025321274995804
F1229,feature_1229,0.03702327981591225
F9632,feature_9632,0.03702239319682121
F6690,feature_6690,0.03701960667967796
F636,feature_636,0.03701810911297798
F5889,feature_5889,0.03700565919280052
F8052,feature_8052,0.03700482100248337
F9064,feature_9064,0.03700421005487442
F6501,feature_6501,0.037000447511672974
F2698,feature_2698,0.036997925490140915
F3014,feature_3014,0.036995548754930496
F1280,feature_1280,0.036993905901908875
F1858,feature_1858,0.03699144721031189
F5150,feature_5150,0.03699111193418503
F4883,feature_4883,0.03699102997779846
F2373,feature_2373,0.036990273743867874
F1626,feature_1626,0.03698846697807312
F8835,feature_8835,0.03698839247226715
F1430,feature_1430,0.03698763996362686
F1849,feature_1849,0.036985669285058975
F6834,feature_6834,0.036981843411922455
F2097,feature_2097,0.03697764500975609
F3972,feature_3972,0.03697526454925537
F1845,feature_1845,0.03697490319609642
F5012,feature_5012,0.036974839866161346
F6299,feature_6299,0.03697333484888077
F5121,feature_5121,0.03697308897972107
F1713,feature_1713,0.036971282213926315
F412,feature_412,0.03697097674012184
F5443,feature_5443,0.036965806037187576
F518,feature_518,0.03695863485336304
F787,feature_787,0.036956723779439926
F1582,feature_1582,0.03695280849933624
F3714,feature_3714,0.03694847598671913
F372,feature_372,0.03694789856672287
F4609,feature_4609,0.036944758147001266
F9144,feature_9144,0.03694313392043114
F1786,feature_1786,0.03694245591759682
F8891,feature_8891,0.03694238141179085
F5372,feature_5372,0.03694114834070206
F424,feature_424,0.03693899139761925
F4036,feature_4036,0.03693771734833717
F852,feature_852,0.036932673305273056
F148,feature_148,0.03693048655986786
F9326,feature_9326,0.03692705184221268
F717,feature_717,0.03692704066634178
F1763,feature_1763,0.03692653402686119
F8810,feature_8810,0.036925897002220154
F8635,feature_8635,0.03692521154880524
F6368,feature_6368,0.0369248203933239
F4621,feature_4621,0.03692246600985527
F1947,feature_1947,0.03692080080509186
F6078,feature_6078,0.036917369812726974
F9033,feature_9033,0.03691659867763519
F9431,feature_9431,0.03691635653376579
F9415,feature_9415,0.03691476956009865
F8952,feature_8952,0.03690638020634651
F8003,feature_8003,0.03690338134765625
F1523,feature_1523,0.03690098226070404
F6138,feature_6138,0.03689875826239586
F4504,feature_4504,0.03689585626125336
F4289,feature_4289,0.03689169883728027
F9790,feature_9790,0.03688325732946396
F2427,feature_2427,0.03687898814678192
F4573,feature_4573,0.036873508244752884
F3506,feature_3506,0.03687237575650215
F5806,feature_5806,0.03686651587486267
F6271,feature_6271,0.036864541471004486
F1981,feature_1981,0.03686240687966347
F8487,feature_8487,0.036858826875686646
F354,feature_354,0.03685653209686279
F3368,feature_3368,0.03685569763183594
F8398,feature_8398,0.03684869408607483
F5134,feature_5134,0.036848586052656174
F1271,feature_1271,0.03684782236814499
F8327,feature_8327,0.03684447333216667
F9395,feature_9395,0.03684315085411072
F8971,feature_8971,0.03684272989630699
F7400,feature_7400,0.03684191033244133
F1680,feature_1680,0.03683646023273468
F8983,feature_8983,0.03683394566178322
F6976,feature_6976,0.03682849556207657
F7074,feature_7074,0.0368276908993721
F6857,feature_6857,0.0368230901658535
F7575,feature_7575,0.03682245314121246
F8207,feature_8207,0.03681989759206772
F5234,feature_5234,0.03681544214487076
F8301,feature_8301,0.03681422024965286
F2062,feature_2062,0.0368141308426857
F8770,feature_8770,0.03681317716836929
F720,feature_720,0.036812447011470795
F4476,feature_4476,0.036810632795095444
F9038,feature_9038,0.0368037149310112
F5041,feature_5041,0.03679563105106354
F113,feature_113,0.036788564175367355
F6107,feature_6107,0.03678819164633751
F3172,feature_3172,0.03678515926003456
F4712,feature_4712,0.03678010404109955
F8568,feature_8568,0.036778006702661514
F4100,feature_4100,0.036776408553123474
F1589,feature_1589,0.03677041828632355
F460,feature_460,0.03676880896091461
F893,feature_893,0.03676002845168114
F1629,feature_1629,0.03675959259271622
F8768,feature_8768,0.03675894811749458
F1081,feature_1081,0.036757439374923706
F9119,feature_9119,0.03675320744514465
F5784,feature_5784,0.036751747131347656
F5629,feature_5629,0.036751098930835724
F5687,feature_5687,0.03675025328993797
F3106,feature_3106,0.03674869239330292
F7084,feature_7084,0.036748599261045456
F872,feature_872,0.03674549609422684
F3842,feature_3842,0.036744922399520874
F2216,feature_2216,0.0367385558784008
F9699,feature_9699,0.03673769533634186
F2866,feature_2866,0.036724213510751724
F1165,feature_1165,0.03672286495566368
F9003,feature_9003,0.03672284260392189
F6370,feature_6370,0.036717839539051056
F1391,feature_1391,0.03671489655971527
F7505,feature_7505,0.036713190376758575
F7341,feature_7341,0.03671148419380188
F7955,feature_7955,0.03671139478683472
F4031,feature_4031,0.03671026974916458
F8944,feature_8944,0.03670886531472206
F4057,feature_4057,0.0367077961564064
F595,feature_595,0.03670428693294525
F3317,feature_3317,0.03670106083154678
F2060,feature_2060,0.03669630363583565
F7585,feature_7585,0.03669580817222595
F8010,feature_8010,0.036690063774585724
F2804,feature_2804,0.036688920110464096
F613,feature_613,0.036681827157735825
F3991,feature_3991,0.03667991980910301
F8819,feature_8819,0.03667730838060379
F4510,feature_4510,0.036675017327070236
F8453,feature_8453,0.036674998700618744
F7523,feature_7523,0.03667040914297104
F3520,feature_3520,0.03666912019252777
F9400,feature_9400,0.0366683304309845
F1857,feature_1857,0.03666754066944122
F7892,feature_7892,0.03666673228144646
F3263,feature_3263,0.03666578233242035
F4904,feature_4904,0.03666491433978081
F4305,feature_4305,0.03666292130947113
F5952,feature_5952,0.03666146472096443
F5452,feature_5452,0.03666098415851593
F7731,feature_7731,0.03665994480252266
F1783,feature_1783,0.03665897995233536
F6647,feature_6647,0.03665759414434433
F8850,feature_8850,0.03665655478835106
F4522,feature_4522,0.036655306816101074
F7031,feature_7031,0.03665488585829735
F9865,feature_9865,0.036653272807598114
F7817,feature_7817,0.0366501621901989
F4132,feature_4132,0.036649107933044434
F7468,feature_7468,0.03664783015847206
F2266,feature_2266,0.03664316236972809
F313,feature_313,0.03664255887269974
F8129,feature_8129,0.036637671291828156
F6269,feature_6269,0.036630354821681976
F2134,feature_2134,0.03663019463419914
F571,feature_571,0.036629531532526016
F5330,feature_5330,0.03662725165486336
F7831,feature_7831,0.036624256521463394
F4120,feature_4120,0.03662162646651268
F8115,feature_8115,0.03661903738975525
F4429,feature_4429,0.03661791607737541
F3207,feature_3207,0.03661520779132843
F1467,feature_1467,0.03661481291055679
F8137,feature_8137,0.036613501608371735
F2693,feature_2693,0.03661306947469711
F2915,feature_2915,0.036609094589948654
F1480,feature_1480,0.03660523146390915
F9722,feature_9722,0.03660282492637634
F2365,feature_2365,0.03660256043076515
F8491,feature_8491,0.03660085052251816
F4831,feature_4831,0.036598917096853256
F6400,feature_6400,0.03659878671169281
F7323,feature_7323,0.03659781813621521
F5078,feature_5078,0.03659685701131821
F6684,feature_6684,0.036596596240997314
F4469,feature_4469,0.03659295290708542
F4527,feature_4527,0.03658979758620262
F3417,feature_3417,0.0365896113216877
F5663,feature_5663,0.03658818081021309
F4130,feature_4130,0.036588095128536224
F3775,feature_3775,0.036585837602615356
F3637,feature_3637,0.03658471256494522
F5970,feature_5970,0.03658302500844002
F8534,feature_8534,0.036580298095941544
F7787,feature_7787,0.0365787036716938
F6443,feature_6443,0.03657843917608261
F6851,feature_6851,0.03657437488436699
F5878,feature_5878,0.036574020981788635
F5231,feature_5231,0.036572907119989395
F8027,feature_8027,0.0365721695125103
F7611,feature_7611,0.03656996786594391
F8290,feature_8290,0.036564696580171585
F9791,feature_9791,0.03656316548585892
F7192,feature_7192,0.03656260296702385
F7940,feature_7940,0.03656219318509102
F3261,feature_3261,0.03655952587723732
F3612,feature_3612,0.0365583561360836
F7049,feature_7049,0.03655786067247391
F6159,feature_6159,0.036554187536239624
F1133,feature_1133,0.03654497489333153
F1360,feature_1360,0.03654439002275467
F6538,feature_6538,0.03654375672340393
F3802,feature_3802,0.03654368594288826
F6644,feature_6644,0.036543574184179306
F7803,feature_7803,0.036543142050504684
F1389,feature_1389,0.03654300048947334
F5728,feature_5728,0.036541812121868134
F1515,feature_1515,0.036541491746902466
F9451,feature_9451,0.03654018044471741
F4442,feature_4442,0.03653860092163086
F286,feature_286,0.03653856739401817
F8213,feature_8213,0.03653798624873161
F685,feature_685,0.03653625771403313
F3818,feature_3818,0.036534037441015244
F6433,feature_6433,0.036523062735795975
F3118,feature_3118,0.03651988133788109
F4649,feature_4649,0.0365193635225296
F5814,feature_5814,0.03651385381817818
F1118,feature_1118,0.03651370853185654
F2605,feature_2605,0.03651367500424385
F5679,feature_5679,0.036512114107608795
F2090,feature_2090,0.036508820950984955
F8685,feature_8685,0.03650668263435364
F405,feature_405,0.03650546446442604
F1265,feature_1265,0.036504920572042465
F5571,feature_5571,0.036498650908470154
F4010,feature_4010,0.0364970825612545
F4491,feature_4491,0.03649429231882095
F2188,feature_2188,0.036494024097919464
F5766,feature_5766,0.036490295082330704
F574,feature_574,0.03648744150996208
F2599,feature_2599,0.036486536264419556
F1577,feature_1577,0.03648512065410614
F9378,feature_9378,0.03648499399423599
F2902,feature_2902,0.036483604460954666
F6297,feature_6297,0.03648332133889198
F2516,feature_2516,0.03648236766457558
F6985,feature_6985,0.03648114949464798
F6401,feature_6401,0.03647995367646217
F687,feature_687,0.03647903725504875
F4669,feature_4669,0.03647277504205704
F3938,feature_3938,0.03646961227059364
F1788,feature_1788,0.036468103528022766
F9902,feature_9902,0.03646664693951607
F6837,feature_6837,0.03646604344248772
F8516,feature_8516,0.03646025434136391
F9084,feature_9084,0.03645092248916626
F6152,feature_6152,0.03645063191652298
F3942,feature_3942,0.03644980490207672
F137,feature_137,0.036449313163757324
F6868,feature_6868,0.03644692897796631
F2551,feature_2551,0.036444272845983505
F1089,feature_1089,0.03644343093037605
F3406,feature_3406,0.03644287958741188
F210,feature_210,0.03643731400370598
F7705,feature_7705,0.03643717244267464
F8480,feature_8480,0.036433618515729904
F349,feature_349,0.03643158823251724
F551,feature_551,0.03642634302377701
F140,feature_140,0.03642119839787483
F1436,feature_1436,0.03641859069466591
F3750,feature_3750,0.03641078248620033
F4898,feature_4898,0.03640905022621155
F4123,feature_4123,0.03640805557370186
F9734,feature_9734,0.03640497475862503
F7718,feature_7718,0.036402780562639236
F360,feature_360,0.036395080387592316
F3967,feature_3967,0.03639482706785202
F6742,feature_6742,0.03639337047934532
F821,feature_821,0.036383677273988724
F8361,feature_8361,0.03638194128870964
F5381,feature_5381,0.03638017177581787
F1510,feature_1510,0.03637871518731117
F771,feature_771,0.03636955842375755
F7492,feature_7492,0.03636889532208443
F3685,feature_3685,0.03636375069618225
F2664,feature_2664,0.0363621860742569
F502,feature_502,0.03635941445827484
F3442,feature_3442,0.036350835114717484
F7490,feature_7490,0.03634880110621452
F1242,feature_1242,0.03634856268763542
F2846,feature_2846,0.03634795546531677
F2702,feature_2702,0.03634662553668022
F3682,feature_3682,0.03634440898895264
F1698,feature_1698,0.03634386882185936
F379,feature_379,0.03633914887905121
F4716,feature_4716,0.036336783319711685
F3690,feature_3690,0.03633025661110878
F8955,feature_8955,0.036330148577690125
F5969,feature_5969,0.03632727265357971
F9799,feature_9799,0.03632515296339989
F4706,feature_4706,0.03632407635450363
F1293,feature_1293,0.036321260035037994
F2868,feature_2868,0.03632088750600815
F4636,feature_4636,0.03631451725959778
F3782,feature_3782,0.03631255775690079
F7918,feature_7918,0.03630669414997101
F982,feature_982,0.036295849829912186
F2806,feature_2806,0.03628932684659958
F6869,feature_6869,0.03628462553024292
F5861,feature_5861,0.03627971187233925
F8368,feature_8368,0.03627915307879448
F2997,feature_2997,0.03627871721982956
F3262,feature_3262,0.0362742580473423
F2418,feature_2418,0.03627365827560425
F5793,feature_5793,0.036269862204790115
F1587,feature_1587,0.036268170922994614
F3838,feature_3838,0.0362653024494648
F1036,feature_1036,0.03626498952507973
F2447,feature_2447,0.036264948546886444
F8610,feature_8610,0.036258019506931305
F2087,feature_2087,0.03625473752617836
F4869,feature_4869,0.03624282032251358
F4158,feature_4158,0.036242783069610596
F6064,feature_6064,0.03623330220580101
F7856,feature_7856,0.036230769008398056
F6969,feature_6969,0.03622977063059807
F8672,feature_8672,0.03622829541563988
F4370,feature_4370,0.03622755408287048
F1992,feature_1992,0.03622591868042946
F4162,feature_4162,0.0362226739525795
F2815,feature_2815,0.03622233495116234
F6013,feature_6013,0.036222148686647415
F7586,feature_7586,0.03621987998485565
F3222,feature_3222,0.03621728718280792
F3132,feature_3132,0.03621429577469826
F3655,feature_3655,0.036213990300893784
F9599,feature_9599,0.03621383383870125
F1892,feature_1892,0.03621276095509529
F7691,feature_7691,0.03621170297265053
F4388,feature_4388,0.03621162474155426
F9220,feature_9220,0.0362086221575737
F4583,feature_4583,0.03620836138725281
F4309,feature_4309,0.03620695695281029
F7495,feature_7495,0.03620659559965134
F74,feature_74,0.03620423376560211
F2558,feature_2558,0.036201126873493195
F5215,feature_5215,0.036200299859046936
F1530,feature_1530,0.03619939461350441
F1580,feature_1580,0.036199264228343964
F192,feature_192,0.03619837015867233
F6157,feature_6157,0.036197979003190994
F2709,feature_2709,0.03619733452796936
F8838,feature_8838,0.036196377128362656
F3047,feature_3047,0.036195721477270126
F3365,feature_3365,0.03619134798645973
F3218,feature_3218,0.03618849068880081
F1885,feature_1885,0.03618737310171127
F8763,feature_8763,0.03618647903203964
F5245,feature_5245,0.03618490323424339
F2991,feature_2991,0.036180563271045685
F9529,feature_9529,0.036178089678287506
F9831,feature_9831,0.03617797791957855
F7982,feature_7982,0.03617655858397484
F1900,feature_1900,0.03617473319172859
F5756,feature_5756,0.03617265075445175
F1093,feature_1093,0.03616303578019142
F6877,feature_6877,0.03616037219762802
F5497,feature_5497,0.03615894913673401
F9509,feature_9509,0.03615838661789894
F3337,feature_3337,0.03615744039416313
F7809,feature_7809,0.03615381568670273
F8611,feature_8611,0.03615347295999527
F5347,feature_5347,0.036150429397821426
F2227,feature_2227,0.03614618629217148
F3278,feature_3278,0.036144666373729706
F6651,feature_6651,0.036143530160188675
F1839,feature_1839,0.036143314093351364
F3660,feature_3660,0.03613943234086037
F1711,feature_1711,0.036139246076345444
F3185,feature_3185,0.03613448515534401
F8465,feature_8465,0.036132827401161194
F9921,feature_9921,0.036132097244262695
F3590,feature_3590,0.036130912601947784
F173,feature_173,0.036125291138887405
F5162,feature_5162,0.0361245796084404
F7572,feature_7572,0.03612430393695831
F1804,feature_1804,0.036120638251304626
F4947,feature_4947,0.0361182764172554
F3,feature_3,0.03611809015274048
F7162,feature_7162,0.03611711785197258
F8428,feature_8428,0.03611552715301514
F5367,feature_5367,0.03611407428979874
F9922,feature_9922,0.03611406311392784
F7191,feature_7191,0.03610537573695183
F1159,feature_1159,0.03610263764858246
F8065,feature_8065,0.03609892353415489
F6324,feature_6324,0.036098163574934006
F2376,feature_2376,0.03609705716371536
F4219,feature_4219,0.036094553768634796
F7340,feature_7340,0.036089833825826645
F4794,feature_4794,0.03608670458197594
F3398,feature_3398,0.03607923910021782
F7364,feature_7364,0.036076102405786514
F2914,feature_2914,0.03607502579689026
F2443,feature_2443,0.03607446700334549
F3877,feature_3877,0.03607294708490372
F661,feature_661,0.036066602915525436
F666,feature_666,0.03606602922081947
F6508,feature_6508,0.03606545180082321
F5140,feature_5140,0.0360652431845665
F7682,feature_7682,0.03606254234910011
F6689,feature_6689,0.03606138005852699
F4878,feature_4878,0.03606101870536804
F3225,feature_3225,0.03605738282203674
F3334,feature_3334,0.03605135530233383
F9966,feature_9966,0.03604811802506447
F704,feature_704,0.03604583069682121
F7987,feature_7987,0.036045484244823456
F908,feature_908,0.036043256521224976
F2656,feature_2656,0.0360417477786541
F1108,feature_1108,0.03604168817400932
F6728,feature_6728,0.03604011982679367
F6200,feature_6200,0.036037877202034
F1019,feature_1019,0.036034248769283295
F573,feature_573,0.03603383153676987
F155,feature_155,0.03603335842490196
F9617,feature_9617,0.03603147715330124
F8844,feature_8844,0.03603002801537514
F26,feature_26,0.036029841750860214
F1058,feature_1058,0.03602732717990875
F2101,feature_2101,0.03602614253759384
F4657,feature_4657,0.03601997718214989
F1122,feature_1122,0.036019906401634216
F2585,feature_2585,0.03601710870862007
F9283,feature_9283,0.03601573407649994
F244,feature_244,0.036012258380651474
F5413,feature_5413,0.036011140793561935
F7564,feature_7564,0.036010049283504486
F4702,feature_4702,0.03600836545228958
F3672,feature_3672,0.03600682318210602
F1689,feature_1689,0.03599843755364418
F1768,feature_1768,0.03599771857261658
F3980,feature_3980,0.035996027290821075
F2948,feature_2948,0.03599083423614502
F8329,feature_8329,0.0359896756708622
F4276,feature_4276,0.03598744049668312
F5543,feature_5543,0.03598698973655701
F1521,feature_1521,0.035985756665468216
F342,feature_342,0.03598534315824509
F856,feature_856,0.03598218783736229
F9056,feature_9056,0.03598213568329811
F8554,feature_8554,0.03597906231880188
F8236,feature_8236,0.0359775610268116
F6484,feature_6484,0.035976704210042953
F8680,feature_8680,0.03597431257367134
F2974,feature_2974,0.03597314655780792
F8450,feature_8450,0.035972289741039276
F4952,feature_4952,0.03597184643149376
F9278,feature_9278,0.03597094491124153
F7911,feature_7911,0.03596876189112663
F3692,feature_3692,0.03596610203385353
F8544,feature_8544,0.035964760929346085
F4887,feature_4887,0.03596409410238266
F2056,feature_2056,0.035959769040346146
F6172,feature_6172,0.03595740720629692
F9631,feature_9631,0.03595133498311043
F6575,feature_6575,0.03594912216067314
F4705,feature_4705,0.03594619408249855
F808,feature_808,0.03594538941979408
F4490,feature_4490,0.0359426885843277
F6,feature_6,0.03594083711504936
F7857,feature_7857,0.03593216463923454
F9240,feature_9240,0.03593028336763382
F2316,feature_2316,0.035922322422266006
F9435,feature_9435,0.035917531698942184
F9478,feature_9478,0.035914111882448196
F4437,feature_4437,0.03591186925768852
F461,feature_461,0.035910025238990784
F5623,feature_5623,0.035908397287130356
F3996,feature_3996,0.03590814396739006
F5393,feature_5393,0.03590737655758858
F7233,feature_7233,0.03590647131204605
F8566,feature_8566,0.035905446857213974
F2847,feature_2847,0.03590518608689308
F7578,feature_7578,0.03590492531657219
F8089,feature_8089,0.03590180724859238
F7201,feature_7201,0.0359012633562088
F5775,feature_5775,0.03590094670653343
F5296,feature_5296,0.03589573875069618
F8583,feature_8583,0.03589027747511864
F7471,feature_7471,0.03588882088661194
F3958,feature_3958,0.035888634622097015
F6476,feature_6476,0.035875920206308365
F9007,feature_9007,0.03587481379508972
F5108,feature_5108,0.035874053835868835
F3930,feature_3930,0.035866718739271164
F7889,feature_7889,0.0358659029006958
F6353,feature_6353,0.03586585819721222
F5110,feature_5110,0.035865578800439835
F7040,feature_7040,0.035863231867551804
F5810,feature_5810,0.03586159646511078
F3291,feature_3291,0.03586146980524063
F7047,feature_7047,0.035858381539583206
F5484,feature_5484,0.035851769149303436
F9426,feature_9426,0.035850442945957184
F6389,feature_6389,0.03584941849112511
F9285,feature_9285,0.03584138676524162
F9072,feature_9072,0.03584052622318268
F8293,feature_8293,0.03583567589521408
F5001,feature_5001,0.03583480790257454
F6819,feature_6819,0.03582901880145073
F8409,feature_8409,0.03582826256752014
F5269,feature_5269,0.03582146018743515
F7281,feature_7281,0.03582062944769859
F6553,feature_6553,0.03581715747714043
F5155,feature_5155,0.035816844552755356
F380,feature_380,0.03581593185663223
F5119,feature_5119,0.035813603550195694
F4114,feature_4114,0.035813432186841965
F3530,feature_3530,0.03580407798290253
F3302,feature_3302,0.03580009937286377
F7905,feature_7905,0.0357942134141922
F4034,feature_4034,0.03579343855381012
F1718,feature_1718,0.03579077497124672
F8188,feature_8188,0.035787433385849
F401,feature_401,0.03578178212046623
F7883,feature_7883,0.035780441015958786
F4212,feature_4212,0.03577563911676407
F6748,feature_6748,0.03577176854014397
F4372,feature_4372,0.03577100858092308
F94,feature_94,0.03577081486582756
F7720,feature_7720,0.03577027842402458
F9703,feature_9703,0.03576983883976936
F2359,feature_2359,0.03576698899269104
F2032,feature_2032,0.03576009348034859
F4571,feature_4571,0.035756517201662064
F9155,feature_9155,0.03575589135289192
F1584,feature_1584,0.0357549712061882
F2907,feature_2907,0.035753361880779266
F8347,feature_8347,0.035752344876527786
F1424,feature_1424,0.03574696183204651
F5066,feature_5066,0.03574690595269203
F8834,feature_8834,0.03574305400252342
F2370,feature_2370,0.035739000886678696
F4271,feature_4271,0.03573113679885864
F4041,feature_4041,0.0357307605445385
F998,feature_998,0.03572806715965271
F3971,feature_3971,0.035726211965084076
F6772,feature_6772,0.03572596609592438
F2772,feature_2772,0.035724520683288574
F2429,feature_2429,0.035723257809877396
F4179,feature_4179,0.03571750223636627
F1759,feature_1759,0.035715650767087936
F4221,feature_4221,0.03571382910013199
F5865,feature_5865,0.03570368513464928
F7712,feature_7712,0.035701051354408264
F8914,feature_8914,0.03570007532835007
F4111,feature_4111,0.03569987788796425
F4033,feature_4033,0.03569886088371277
F6671,feature_6671,0.03569479286670685
F5279,feature_5279,0.035694435238838196
F8318,feature_8318,0.0356910265982151
F5109,feature_5109,0.03568335622549057
F6687,feature_6687,0.03568222373723984
F45,feature_45,0.035681407898664474
F6263,feature_6263,0.03568114712834358
F8294,feature_8294,0.035679809749126434
F9486,feature_9486,0.035673707723617554
F3242,feature_3242,0.035671863704919815
F1454,feature_1454,0.035671357065439224
F4666,feature_4666,0.03567076474428177
F5415,feature_5415,0.03566809743642807
F861,feature_861,0.035667307674884796
F6321,feature_6321,0.035666681826114655
F5223,feature_5223,0.03566586971282959
F6093,feature_6093,0.03566545620560646
F6642,feature_6642,0.03565935790538788
F2106,feature_2106,0.035659026354551315
F4126,feature_4126,0.035655394196510315
F5221,feature_5221,0.03565129637718201
F7648,feature_7648,0.03564959019422531
F2541,feature_2541,0.03564228117465973
F7609,feature_7609,0.035638369619846344
F441,feature_441,0.035637322813272476
F7711,feature_7711,0.03563004732131958
F1367,feature_1367,0.035628970712423325
F7513,feature_7513,0.03562534973025322
F6057,feature_6057,0.03562135621905327
F9307,feature_9307,0.03561713173985481
F3407,feature_3407,0.0356137752532959
F5158,feature_5158,0.035612884908914566
F1403,feature_1403,0.03561176359653473
F2727,feature_2727,0.03561112657189369
F6503,feature_6503,0.035607680678367615
F4972,feature_4972,0.03560388460755348
F7815,feature_7815,0.03560098633170128
F4572,feature_4572,0.035593632608652115
F5481,feature_5481,0.035592447966337204
F4940,feature_4940,0.035592176020145416
F5302,feature_5302,0.03559010475873947
F4996,feature_4996,0.03558947518467903
F6948,feature_6948,0.035587359219789505
F3451,feature_3451,0.035580236464738846
F6693,feature_6693,0.03557972609996796
F7842,feature_7842,0.035577986389398575
F1002,feature_1002,0.03557709977030754
F9315,feature_9315,0.035576511174440384
F9881,feature_9881,0.035570528358221054
F3851,feature_3851,0.035569604486227036
F3589,feature_3589,0.03556916490197182
F9846,feature_9846,0.0355684719979763
F9114,feature_9114,0.0355616994202137
F1052,feature_1052,0.03556155413389206
F4412,feature_4412,0.03556150570511818
F8642,feature_8642,0.03555753082036972
F4138,feature_4138,0.03555193170905113
F2631,feature_2631,0.03554842993617058
F8369,feature_8369,0.03554639220237732
F6110,feature_6110,0.03554099425673485
F6252,feature_6252,0.035540126264095306
F781,feature_781,0.03553914278745651
F5395,feature_5395,0.03553512319922447
F7280,feature_7280,0.03553013876080513
F3158,feature_3158,0.035530123859643936
F8996,feature_8996,0.03551958501338959
F658,feature_658,0.03551751375198364
F2393,feature_2393,0.03551485762000084
F2236,feature_2236,0.03550932928919792
F5136,feature_5136,0.03550422191619873
F2787,feature_2787,0.03549858555197716
F6683,feature_6683,0.03549543768167496
F5068,feature_5068,0.035493284463882446
F655,feature_655,0.035492412745952606
F7903,feature_7903,0.03549103066325188
F3543,feature_3543,0.03548683971166611
F6816,feature_6816,0.035483162850141525
F3216,feature_3216,0.03548124432563782
F7830,feature_7830,0.0354778990149498
F9103,feature_9103,0.03547444939613342
F4690,feature_4690,0.03547001630067825
F200,feature_200,0.035468876361846924
F8093,feature_8093,0.035462766885757446
F3113,feature_3113,0.03546218201518059
F7550,feature_7550,0.035461585968732834
F1647,feature_1647,0.03545656427741051
F9904,feature_9904,0.03545298054814339
F5485,feature_5485,0.03544817864894867
F9083,feature_9083,0.03544601798057556
F2477,feature_2477,0.03544380143284798
F3917,feature_3917,0.03544054925441742
F3383,feature_3383,0.035439055413007736
F5355,feature_5355,0.03543543070554733
F1772,feature_1772,0.03543340787291527
F2793,feature_2793,0.035432327538728714
F534,feature_534,0.03543183207511902
F4234,feature_4234,0.03542862832546234
F8002,feature_8002,0.03542812541127205
F3440,feature_3440,0.03542802482843399
F995,feature_995,0.03542779013514519
F8621,feature_8621,0.035427775233983994
F732,feature_732,0.03542690724134445
F8351,feature_8351,0.03541630506515503
F9135,feature_9135,0.03541551157832146
F5858,feature_5858,0.035415053367614746
F2988,feature_2988,0.03541077300906181
F1967,feature_1967,0.03540981933474541
F7794,feature_7794,0.03540971130132675
F261,feature_261,0.03540828824043274
F2707,feature_2707,0.03540785238146782
F6480,feature_6480,0.03540404513478279
F9957,feature_9957,0.03540246933698654
F1032,feature_1032,0.03539707511663437
F6060,feature_6060,0.035396791994571686
F601,feature_601,0.03539237380027771
F9645,feature_9645,0.03539213165640831
F4252,feature_4252,0.035391561686992645
F3037,feature_3037,0.035390593111515045
F8620,feature_8620,0.03538673743605614
F9856,feature_9856,0.03538619726896286
F397,feature_397,0.035385992377996445
F3159,feature_3159,0.03538532927632332
F7011,feature_7011,0.035383712500333786
F6710,feature_6710,0.03538226708769798
F1123,feature_1123,0.03537830710411072
F9834,feature_9834,0.03537776321172714
F4365,feature_4365,0.0353769026696682
F7415,feature_7415,0.03537502884864807
F1197,feature_1197,0.035374369472265244
F8007,feature_8007,0.03537122160196304
F4962,feature_4962,0.03536735475063324
F6696,feature_6696,0.03536602482199669
F6994,feature_6994,0.03536376357078552
F4232,feature_4232,0.03535876423120499
F1719,feature_1719,0.03535813093185425
F8634,feature_8634,0.03535739704966545
F9824,feature_9824,0.03535714000463486
F4361,feature_4361,0.03535444289445877
F4237,feature_4237,0.035351965576410294
F6825,feature_6825,0.035346418619155884
F1890,feature_1890,0.03534601256251335
F2046,feature_2046,0.035345420241355896
F4251,feature_4251,0.03534330055117607
F2026,feature_2026,0.03533463180065155
F6702,feature_6702,0.03533151000738144
F3251,feature_3251,0.03533025085926056
F226,feature_226,0.035327665507793427
F9581,feature_9581,0.035327598452568054
F4958,feature_4958,0.035322364419698715
F1478,feature_1478,0.03532061725854874
F3522,feature_3522,0.035320550203323364
F7339,feature_7339,0.03532044216990471
F986,feature_986,0.035318270325660706
F2494,feature_2494,0.03531188890337944
F4506,feature_4506,0.035311225801706314
F1026,feature_1026,0.03531042858958244
F480,feature_480,0.03530951216816902
F2776,feature_2776,0.03530950844287872
F3243,feature_3243,0.035306721925735474
F6632,feature_6632,0.03530648723244667
F1754,feature_1754,0.03530481457710266
F7624,feature_7624,0.03530031070113182
F5695,feature_5695,0.035294339060783386
F8796,feature_8796,0.035288721323013306
F6169,feature_6169,0.03528842329978943
F1953,feature_1953,0.03528750687837601
