feature,feature_name,max_abs_weight_score
F2804,feature_2804,0.07280831038951874
F4554,feature_4554,0.07043861597776413
F8996,feature_8996,0.06962034851312637
F4720,feature_4720,0.06956171989440918
F9962,feature_9962,0.06732877343893051
F2796,feature_2796,0.06402549892663956
F6770,feature_6770,0.06369286775588989
F4557,feature_4557,0.06325966119766235
F7383,feature_7383,0.06270769238471985
F6554,feature_6554,0.06229790300130844
F3994,feature_3994,0.06224314495921135
F2394,feature_2394,0.061713024973869324
F8295,feature_8295,0.06162356212735176
F744,feature_744,0.061547860503196716
F6625,feature_6625,0.06130320951342583
F5858,feature_5858,0.06125586852431297
F6686,feature_6686,0.06101902574300766
F2685,feature_2685,0.06063716858625412
F6099,feature_6099,0.06053335219621658
F1975,feature_1975,0.059582628309726715
F6653,feature_6653,0.05947745963931084
F3621,feature_3621,0.05912932753562927
F9738,feature_9738,0.059092797338962555
F9332,feature_9332,0.05907680466771126
F8267,feature_8267,0.05895751714706421
F1587,feature_1587,0.05894050374627113
F9502,feature_9502,0.05858676880598068
F53,feature_53,0.058568961918354034
F6184,feature_6184,0.0583653524518013
F9049,feature_9049,0.058359406888484955
F8148,feature_8148,0.057952649891376495
F1126,feature_1126,0.05785324424505234
F382,feature_382,0.057745058089494705
F8918,feature_8918,0.057477984577417374
F943,feature_943,0.05743381008505821
F368,feature_368,0.057352352887392044
F113,feature_113,0.05734773352742195
F8849,feature_8849,0.05732453987002373
F9402,feature_9402,0.057306088507175446
F254,feature_254,0.05723002552986145
F7883,feature_7883,0.05716647207736969
F8842,feature_8842,0.05704306438565254
F4259,feature_4259,0.05698665603995323
F3804,feature_3804,0.05697445943951607
F2369,feature_2369,0.05685869976878166
F7857,feature_7857,0.05685213953256607
F6812,feature_6812,0.05679263174533844
F1084,feature_1084,0.056594401597976685
F551,feature_551,0.0565505214035511
F8130,feature_8130,0.056549638509750366
F3407,feature_3407,0.056540217250585556
F5169,feature_5169,0.056531935930252075
F4342,feature_4342,0.056529175490140915
F4339,feature_4339,0.05646486207842827
F2466,feature_2466,0.0564364492893219
F3753,feature_3753,0.05630532652139664
F883,feature_883,0.056233618408441544
F7685,feature_7685,0.05616075545549393
F2373,feature_2373,0.05592997372150421
F3980,feature_3980,0.05587560683488846
F2819,feature_2819,0.055843453854322433
F7435,feature_7435,0.05576794967055321
F9678,feature_9678,0.055641405284404755
F5851,feature_5851,0.05560177192091942
F9849,feature_9849,0.05552150681614876
F4826,feature_4826,0.05545288324356079
F7336,feature_7336,0.055449072271585464
F49,feature_49,0.055275604128837585
F1723,feature_1723,0.055021967738866806
F4169,feature_4169,0.054979801177978516
F6278,feature_6278,0.054944828152656555
F5798,feature_5798,0.05488213151693344
F3706,feature_3706,0.05480324104428291
F865,feature_865,0.05466590076684952
F9362,feature_9362,0.05463862046599388
F8283,feature_8283,0.05463762581348419
F9176,feature_9176,0.05456465110182762
F8389,feature_8389,0.054537445306777954
F2079,feature_2079,0.05448265001177788
F1388,feature_1388,0.05446237325668335
F36,feature_36,0.054400645196437836
F3519,feature_3519,0.05436282604932785
F3042,feature_3042,0.05435953661799431
F8708,feature_8708,0.054316967725753784
F4230,feature_4230,0.05424574390053749
F7259,feature_7259,0.054240632802248
F4323,feature_4323,0.0542130172252655
F2693,feature_2693,0.05421300604939461
F5,feature_5,0.054182182997465134
F1892,feature_1892,0.05413259193301201
F4507,feature_4507,0.053930506110191345
F602,feature_602,0.05392476171255112
F7846,feature_7846,0.053918514400720596
F780,feature_780,0.0538763701915741
F5061,feature_5061,0.053872086107730865
F834,feature_834,0.05382027477025986
F8279,feature_8279,0.053769536316394806
F7230,feature_7230,0.05374538153409958
F197,feature_197,0.05372883379459381
F8565,feature_8565,0.05372123420238495
F1552,feature_1552,0.05369814485311508
F680,feature_680,0.05365205556154251
F8077,feature_8077,0.05358684062957764
F2098,feature_2098,0.05354684591293335
F8633,feature_8633,0.05348571017384529
F8968,feature_8968,0.05346337705850601
F9263,feature_9263,0.053425583988428116
F1838,feature_1838,0.05341736599802971
F5810,feature_5810,0.05340161174535751
F5642,feature_5642,0.05338706076145172
F4061,feature_4061,0.053378570824861526
F3484,feature_3484,0.05336753651499748
F1342,feature_1342,0.0533626563847065
F250,feature_250,0.053316786885261536
F6960,feature_6960,0.05328500270843506
F7869,feature_7869,0.053269632160663605
F9188,feature_9188,0.05321754142642021
F5566,feature_5566,0.053209517151117325
F8433,feature_8433,0.05320441722869873
F5287,feature_5287,0.05320189893245697
F425,feature_425,0.053147681057453156
F4683,feature_4683,0.05313672125339508
F1629,feature_1629,0.053135089576244354
F4440,feature_4440,0.05313319340348244
F6971,feature_6971,0.053113196045160294
F2131,feature_2131,0.05309822037816048
F5480,feature_5480,0.05307884141802788
F2228,feature_2228,0.05307267606258392
F8947,feature_8947,0.05306163430213928
F5150,feature_5150,0.05304094776511192
F9422,feature_9422,0.05302010476589203
F8200,feature_8200,0.05301583930850029
F9139,feature_9139,0.052960000932216644
F1058,feature_1058,0.05294453725218773
F8233,feature_8233,0.05289197340607643
F2923,feature_2923,0.0528760589659214
F5258,feature_5258,0.052786651998758316
F5104,feature_5104,0.0527697317302227
F137,feature_137,0.05274369940161705
F9999,feature_9999,0.05258077383041382
F5921,feature_5921,0.0525505505502224
F199,feature_199,0.052502892911434174
F7115,feature_7115,0.05242757499217987
F1438,feature_1438,0.05242229253053665
F756,feature_756,0.05241486430168152
F5500,feature_5500,0.05235585570335388
F8903,feature_8903,0.05235546454787254
F2514,feature_2514,0.05234292522072792
F1643,feature_1643,0.05233674496412277
F6019,feature_6019,0.052311208099126816
F5181,feature_5181,0.05229819938540459
F3284,feature_3284,0.05229397863149643
F1354,feature_1354,0.05228378251194954
F5722,feature_5722,0.05222427099943161
F6217,feature_6217,0.052215736359357834
F1684,feature_1684,0.05221448093652725
F6243,feature_6243,0.052177492529153824
F3840,feature_3840,0.05214649438858032
F9347,feature_9347,0.05212903767824173
F3539,feature_3539,0.052068162709474564
F5415,feature_5415,0.052050624042749405
F1839,feature_1839,0.05203234776854515
F1159,feature_1159,0.05201336741447449
F8097,feature_8097,0.05200725793838501
F5066,feature_5066,0.05200204253196716
F2768,feature_2768,0.051993098109960556
F428,feature_428,0.051981743425130844
F6482,feature_6482,0.051980700343847275
F4773,feature_4773,0.051963306963443756
F8772,feature_8772,0.05192456394433975
F6338,feature_6338,0.05184260755777359
F1360,feature_1360,0.0518418550491333
F6628,feature_6628,0.05182719975709915
F5628,feature_5628,0.051817186176776886
F3227,feature_3227,0.05181349068880081
F9780,feature_9780,0.05179634690284729
F9659,feature_9659,0.05178492143750191
F9635,feature_9635,0.05174899846315384
F3034,feature_3034,0.051748886704444885
F449,feature_449,0.051735877990722656
F1341,feature_1341,0.051705311983823776
F2748,feature_2748,0.05167067423462868
F9287,feature_9287,0.05161796510219574
F7927,feature_7927,0.05160951614379883
F6735,feature_6735,0.05158821865916252
F2442,feature_2442,0.051578816026449203
F8081,feature_8081,0.05157772824168205
F5265,feature_5265,0.05157502368092537
F6461,feature_6461,0.05155206099152565
F7119,feature_7119,0.05153048038482666
F1500,feature_1500,0.05151699110865593
F6953,feature_6953,0.05149722844362259
F2018,feature_2018,0.051460105925798416
F6752,feature_6752,0.051415931433439255
F2009,feature_2009,0.051412615925073624
F6524,feature_6524,0.051389407366514206
F9562,feature_9562,0.05138696730136871
F4786,feature_4786,0.05136257782578468
F636,feature_636,0.05134517699480057
F6283,feature_6283,0.05133041739463806
F5424,feature_5424,0.05132210627198219
F8795,feature_8795,0.051297418773174286
F9039,feature_9039,0.05129357799887657
F4461,feature_4461,0.05129218474030495
F5636,feature_5636,0.05127089098095894
F5485,feature_5485,0.05125872790813446
F9613,feature_9613,0.05123541131615639
F4451,feature_4451,0.0511828251183033
F2531,feature_2531,0.051117267459630966
F1988,feature_1988,0.05111470818519592
F8411,feature_8411,0.051094286143779755
F127,feature_127,0.051082853227853775
F90,feature_90,0.051075246185064316
F3916,feature_3916,0.05101386830210686
F2033,feature_2033,0.05099029839038849
F4733,feature_4733,0.05097762495279312
F6423,feature_6423,0.050945132970809937
F1866,feature_1866,0.05091024190187454
F2487,feature_2487,0.05087016522884369
F671,feature_671,0.05086075887084007
F9007,feature_9007,0.05084243789315224
F8117,feature_8117,0.0508391298353672
F7992,feature_7992,0.050838321447372437
F1688,feature_1688,0.05081745609641075
F1166,feature_1166,0.050792671740055084
F2094,feature_2094,0.05079144611954689
F5460,feature_5460,0.050788361579179764
F8398,feature_8398,0.05078240483999252
F5309,feature_5309,0.050714652985334396
F9886,feature_9886,0.05068765580654144
F9205,feature_9205,0.05068480968475342
F3828,feature_3828,0.050659868866205215
F2026,feature_2026,0.05064825341105461
F8481,feature_8481,0.050612907856702805
F1365,feature_1365,0.05061107873916626
F1553,feature_1553,0.05057722330093384
F9585,feature_9585,0.050563763827085495
F6428,feature_6428,0.050537608563899994
F6654,feature_6654,0.050529785454273224
F5124,feature_5124,0.050505150109529495
F8991,feature_8991,0.05050258710980415
F8658,feature_8658,0.05048748478293419
F4831,feature_4831,0.050472088158130646
F8360,feature_8360,0.05045469477772713
F9720,feature_9720,0.05045153945684433
F5392,feature_5392,0.05036608502268791
F7864,feature_7864,0.05033020302653313
F553,feature_553,0.05032195523381233
F6389,feature_6389,0.050316326320171356
F631,feature_631,0.05028841271996498
F7855,feature_7855,0.05028407275676727
F7606,feature_7606,0.05022861808538437
F6728,feature_6728,0.05021914094686508
F5341,feature_5341,0.05021015927195549
F6523,feature_6523,0.05020852014422417
F2393,feature_2393,0.05017749220132828
F891,feature_891,0.05015913024544716
F7817,feature_7817,0.05015859007835388
F5160,feature_5160,0.05015125870704651
F6961,feature_6961,0.05014505609869957
F7233,feature_7233,0.05013996362686157
F6219,feature_6219,0.05011777579784393
F3006,feature_3006,0.05011321231722832
F2536,feature_2536,0.05011039227247238
F2813,feature_2813,0.05010433495044708
F3786,feature_3786,0.050094909965991974
F1708,feature_1708,0.050091613084077835
F4883,feature_4883,0.050074514001607895
F7190,feature_7190,0.05005872994661331
F8049,feature_8049,0.05005479231476784
F8798,feature_8798,0.05004356428980827
F4392,feature_4392,0.050025444477796555
F5893,feature_5893,0.050021443516016006
F4757,feature_4757,0.05001078173518181
F6272,feature_6272,0.05000057816505432
F8611,feature_8611,0.04994640126824379
F7589,feature_7589,0.04993739724159241
F3002,feature_3002,0.04993153363466263
F1108,feature_1108,0.04989412799477577
F6256,feature_6256,0.04987458139657974
F855,feature_855,0.04986359179019928
F1277,feature_1277,0.04980646073818207
F5892,feature_5892,0.04977544769644737
F3450,feature_3450,0.049751557409763336
F86,feature_86,0.04974944517016411
F2647,feature_2647,0.049744416028261185
F9741,feature_9741,0.049720846116542816
F7302,feature_7302,0.04970996081829071
F5330,feature_5330,0.04970920830965042
F234,feature_234,0.049702391028404236
F906,feature_906,0.04968414828181267
F7229,feature_7229,0.049666162580251694
F2147,feature_2147,0.04964439198374748
F8889,feature_8889,0.04963810741901398
F3159,feature_3159,0.04963112622499466
F2180,feature_2180,0.04960993304848671
F9758,feature_9758,0.04960809648036957
F3255,feature_3255,0.049603160470724106
F8756,feature_8756,0.049598000943660736
F8804,feature_8804,0.049578066915273666
F674,feature_674,0.049571141600608826
F6356,feature_6356,0.04956436902284622
F9088,feature_9088,0.04955526813864708
F2836,feature_2836,0.049496568739414215
F9427,feature_9427,0.04949389025568962
F1913,feature_1913,0.04949374124407768
F8940,feature_8940,0.049487385898828506
F7114,feature_7114,0.049476899206638336
F3934,feature_3934,0.04947201907634735
F9856,feature_9856,0.04946304112672806
F8604,feature_8604,0.04944423958659172
F8048,feature_8048,0.04942756146192551
F3764,feature_3764,0.04942364618182182
F1820,feature_1820,0.04942168667912483
F6284,feature_6284,0.04941795393824577
F6133,feature_6133,0.04940609261393547
F7795,feature_7795,0.049399182200431824
F5006,feature_5006,0.04937398433685303
F2783,feature_2783,0.04935538396239281
F5756,feature_5756,0.04935324192047119
F7505,feature_7505,0.049353063106536865
F7759,feature_7759,0.049343593418598175
F1087,feature_1087,0.0493348054587841
F102,feature_102,0.0493299700319767
F3646,feature_3646,0.04932517558336258
F3150,feature_3150,0.0493197999894619
F4253,feature_4253,0.04930728301405907
F118,feature_118,0.04930061474442482
F9922,feature_9922,0.04926671087741852
F5092,feature_5092,0.0492650605738163
F826,feature_826,0.049229174852371216
F4676,feature_4676,0.04922080785036087
F7460,feature_7460,0.04921162128448486
F5096,feature_5096,0.049211520701646805
F5701,feature_5701,0.04920714721083641
F7344,feature_7344,0.04917304217815399
F1625,feature_1625,0.049170468002557755
F1214,feature_1214,0.049168385565280914
F5472,feature_5472,0.049168314784765244
F4711,feature_4711,0.049111511558294296
F2244,feature_2244,0.04911121353507042
F8123,feature_8123,0.04910270869731903
F9848,feature_9848,0.04909835383296013
F528,feature_528,0.049091387540102005
F594,feature_594,0.04907768592238426
F479,feature_479,0.0490771122276783
F6644,feature_6644,0.049075864255428314
F5284,feature_5284,0.049073927104473114
F8278,feature_8278,0.049064721912145615
F8668,feature_8668,0.04906436428427696
F50,feature_50,0.04902484267950058
F9377,feature_9377,0.04902349412441254
F3289,feature_3289,0.049021992832422256
F5663,feature_5663,0.04901958629488945
F513,feature_513,0.04901956021785736
F3199,feature_3199,0.04898346588015556
F2375,feature_2375,0.048980962485075
F7991,feature_7991,0.04897192493081093
F4530,feature_4530,0.04896249994635582
F2980,feature_2980,0.0489584356546402
F2702,feature_2702,0.04895119369029999
F5772,feature_5772,0.048950113356113434
F5634,feature_5634,0.04893387481570244
F3226,feature_3226,0.04892861470580101
F4493,feature_4493,0.04892691969871521
F936,feature_936,0.048924073576927185
F4694,feature_4694,0.04891500994563103
F9490,feature_9490,0.04891200736165047
F5969,feature_5969,0.048911504447460175
F7304,feature_7304,0.04890928789973259
F4221,feature_4221,0.04890839010477066
F4973,feature_4973,0.04890742152929306
F9466,feature_9466,0.04890204593539238
F9994,feature_9994,0.0488879419863224
F5781,feature_5781,0.048876307904720306
F8713,feature_8713,0.04886602610349655
F1489,feature_1489,0.04886181652545929
F6468,feature_6468,0.04885362833738327
F5478,feature_5478,0.04884890094399452
F6558,feature_6558,0.0488482229411602
F9903,feature_9903,0.048845648765563965
F3,feature_3,0.04884470999240875
F1638,feature_1638,0.04884349927306175
F4433,feature_4433,0.048835910856723785
F7201,feature_7201,0.04881769418716431
F9434,feature_9434,0.04881629720330238
F723,feature_723,0.04876701906323433
F7481,feature_7481,0.048748262226581573
F9218,feature_9218,0.04874411225318909
F6906,feature_6906,0.04873969778418541
F2583,feature_2583,0.0487232506275177
F5040,feature_5040,0.04869849979877472
F5622,feature_5622,0.04869423434138298
F6699,feature_6699,0.04866648465394974
F8579,feature_8579,0.048666033893823624
F3040,feature_3040,0.048659730702638626
F9887,feature_9887,0.048657145351171494
F3241,feature_3241,0.04865376651287079
F2502,feature_2502,0.04864627495408058
F759,feature_759,0.04863325506448746
F4692,feature_4692,0.04862264171242714
F567,feature_567,0.04859095811843872
F8869,feature_8869,0.048586271703243256
F1662,feature_1662,0.048585955053567886
F9323,feature_9323,0.04858474060893059
F7242,feature_7242,0.0485733263194561
F1476,feature_1476,0.04856964573264122
F4477,feature_4477,0.0485616996884346
F1902,feature_1902,0.04855472221970558
F283,feature_283,0.04855393245816231
F9301,feature_9301,0.048546455800533295
F3050,feature_3050,0.04853500425815582
F9249,feature_9249,0.04852994158864021
F7720,feature_7720,0.04852711781859398
F4117,feature_4117,0.048513222485780716
F3164,feature_3164,0.04849362373352051
F6481,feature_6481,0.048485565930604935
F6369,feature_6369,0.048476506024599075
F8673,feature_8673,0.048457179218530655
F2706,feature_2706,0.04844304174184799
F2812,feature_2812,0.04844234511256218
F5409,feature_5409,0.048424042761325836
F4174,feature_4174,0.04841998219490051
F1937,feature_1937,0.0484178401529789
F4651,feature_4651,0.04841391742229462
F544,feature_544,0.04840715602040291
F9545,feature_9545,0.048406410962343216
F2767,feature_2767,0.04837968200445175
F2636,feature_2636,0.04837825149297714
F7755,feature_7755,0.04837782680988312
F7748,feature_7748,0.048374470323324203
F8721,feature_8721,0.048373743891716
F5203,feature_5203,0.0483701154589653
F9024,feature_9024,0.04836615175008774
F782,feature_782,0.0483451746404171
F8775,feature_8775,0.04834289848804474
F3099,feature_3099,0.04832753539085388
F3068,feature_3068,0.04832582548260689
F3216,feature_3216,0.04832267761230469
F3734,feature_3734,0.04829883202910423
F5783,feature_5783,0.048291612416505814
F1510,feature_1510,0.0482780784368515
F9850,feature_9850,0.04825916141271591
F8790,feature_8790,0.04825863242149353
F7321,feature_7321,0.04825236648321152
F2140,feature_2140,0.04824495315551758
F2338,feature_2338,0.0482441782951355
F1447,feature_1447,0.04824386537075043
F7278,feature_7278,0.04821625351905823
F1984,feature_1984,0.04820434749126434
F7438,feature_7438,0.04820378124713898
F8725,feature_8725,0.04818055406212807
F720,feature_720,0.04816731438040733
F2867,feature_2867,0.04816470667719841
F7633,feature_7633,0.04814385250210762
F9847,feature_9847,0.04813835769891739
F9975,feature_9975,0.048130203038454056
F4234,feature_4234,0.04812593758106232
F6098,feature_6098,0.04812159389257431
F987,feature_987,0.04810217395424843
F7809,feature_7809,0.04809906333684921
F7021,feature_7021,0.04809862747788429
F4126,feature_4126,0.04809733107686043
F6775,feature_6775,0.04807561635971069
F3500,feature_3500,0.04805669188499451
F9400,feature_9400,0.04803919792175293
F7526,feature_7526,0.04802391678094864
F9669,feature_9669,0.04802267253398895
F8760,feature_8760,0.04801969975233078
F4063,feature_4063,0.048010870814323425
F3958,feature_3958,0.04800838604569435
F1176,feature_1176,0.047989971935749054
F822,feature_822,0.04798853397369385
F6937,feature_6937,0.04797593876719475
F4316,feature_4316,0.047971922904253006
F2976,feature_2976,0.047968313097953796
F3569,feature_3569,0.04794178903102875
F7656,feature_7656,0.04792901128530502
F828,feature_828,0.047923583537340164
F2401,feature_2401,0.047899000346660614
F7206,feature_7206,0.04789544269442558
F2577,feature_2577,0.04788939282298088
F6077,feature_6077,0.04788221791386604
F6575,feature_6575,0.04787822440266609
F9350,feature_9350,0.04787348955869675
F7880,feature_7880,0.047866836190223694
F8007,feature_8007,0.0478629469871521
F9781,feature_9781,0.047846484929323196
F5331,feature_5331,0.04784447327256203
F2844,feature_2844,0.04780200496315956
F7931,feature_7931,0.047798801213502884
F4076,feature_4076,0.04778171703219414
F9854,feature_9854,0.04777955263853073
F3084,feature_3084,0.04777809605002403
F5943,feature_5943,0.04774416983127594
F7371,feature_7371,0.047725409269332886
F3516,feature_3516,0.04771682992577553
F2162,feature_2162,0.04771261289715767
F3328,feature_3328,0.047696977853775024
F7643,feature_7643,0.04769381880760193
F7044,feature_7044,0.04769262671470642
F6175,feature_6175,0.047690946608781815
F88,feature_88,0.04768310859799385
F166,feature_166,0.047681428492069244
F5276,feature_5276,0.047667495906353
F9531,feature_9531,0.047662414610385895
F8103,feature_8103,0.047661978751420975
F2316,feature_2316,0.04766027629375458
F8259,feature_8259,0.047655701637268066
F8680,feature_8680,0.047653328627347946
F1885,feature_1885,0.04765066131949425
F4719,feature_4719,0.04763589799404144
F4114,feature_4114,0.04761381074786186
F3682,feature_3682,0.047612790018320084
F4799,feature_4799,0.04759221524000168
F2841,feature_2841,0.047585129737854004
F1181,feature_1181,0.04757945239543915
F9349,feature_9349,0.04757021367549896
F6512,feature_6512,0.04756440222263336
F1840,feature_1840,0.047560449689626694
F7763,feature_7763,0.047542352229356766
F5236,feature_5236,0.04754011705517769
F8878,feature_8878,0.04752369970083237
F5443,feature_5443,0.04752340912818909
F4085,feature_4085,0.047510575503110886
F9729,feature_9729,0.047510117292404175
F511,feature_511,0.047490473836660385
F4165,feature_4165,0.047484613955020905
F460,feature_460,0.04748275503516197
F28,feature_28,0.047477610409259796
F3877,feature_3877,0.047473467886447906
F6944,feature_6944,0.047470785677433014
F7902,feature_7902,0.04745861887931824
F4685,feature_4685,0.04745100811123848
F7550,feature_7550,0.047431498765945435
F9983,feature_9983,0.04743058979511261
F1850,feature_1850,0.04742938280105591
F179,feature_179,0.04742555692791939
F4390,feature_4390,0.047425322234630585
F5154,feature_5154,0.047411251813173294
F5989,feature_5989,0.04739074781537056
F8372,feature_8372,0.04736977070569992
F5388,feature_5388,0.04736197739839554
F6705,feature_6705,0.047348473221063614
F1832,feature_1832,0.04734564572572708
F9235,feature_9235,0.047319673001766205
F2266,feature_2266,0.047311440110206604
F5376,feature_5376,0.04730871692299843
F9306,feature_9306,0.047306180000305176
F2097,feature_2097,0.04730605334043503
F6922,feature_6922,0.04730501398444176
F1434,feature_1434,0.04730427265167236
F4982,feature_4982,0.04729713127017021
F8558,feature_8558,0.047290924936532974
F860,feature_860,0.04727964103221893
F1769,feature_1769,0.047274891287088394
F5998,feature_5998,0.04727378115057945
F8078,feature_8078,0.04726682975888252
F5861,feature_5861,0.04726304113864899
F1787,feature_1787,0.047260887920856476
F590,feature_590,0.04726039618253708
F6020,feature_6020,0.04725160077214241
F9071,feature_9071,0.047246746718883514
F9250,feature_9250,0.04722293093800545
F7859,feature_7859,0.047216352075338364
F8232,feature_8232,0.04721597209572792
F7316,feature_7316,0.04721120372414589
F4098,feature_4098,0.04720006510615349
F8514,feature_8514,0.04719492420554161
F8274,feature_8274,0.04719448834657669
F3125,feature_3125,0.04718322679400444
F839,feature_839,0.04716748371720314
F3441,feature_3441,0.04715799540281296
F2494,feature_2494,0.04715706780552864
F1141,feature_1141,0.04715455323457718
F5012,feature_5012,0.04715287312865257
F2255,feature_2255,0.04714791476726532
F1551,feature_1551,0.047122132033109665
F3802,feature_3802,0.04712136462330818
F3262,feature_3262,0.04711180925369263
F6790,feature_6790,0.047111496329307556
F9436,feature_9436,0.04708348959684372
F6431,feature_6431,0.047078926116228104
F2093,feature_2093,0.04707736521959305
F9824,feature_9824,0.047075171023607254
F1297,feature_1297,0.04707188159227371
F79,feature_79,0.04706729203462601
F440,feature_440,0.0470646396279335
F1468,feature_1468,0.0470568984746933
F880,feature_880,0.04704541340470314
F8201,feature_8201,0.04704322665929794
F7922,feature_7922,0.047033071517944336
F7264,feature_7264,0.04702054336667061
F3080,feature_3080,0.047013673931360245
F2488,feature_2488,0.047011569142341614
F5451,feature_5451,0.04700694978237152
F6031,feature_6031,0.04699970781803131
F8285,feature_8285,0.04699365422129631
F5283,feature_5283,0.04698774963617325
F3071,feature_3071,0.046978577971458435
F6105,feature_6105,0.046974193304777145
F9418,feature_9418,0.04696518927812576
F1454,feature_1454,0.04696224257349968
F6216,feature_6216,0.04695750027894974
F5865,feature_5865,0.04694812372326851
F2482,feature_2482,0.04693351313471794
F6329,feature_6329,0.046932052820920944
F1586,feature_1586,0.04692165553569794
F7263,feature_7263,0.04692013934254646
F1498,feature_1498,0.04692012444138527
F356,feature_356,0.046919576823711395
F6200,feature_6200,0.04691650718450546
F4095,feature_4095,0.04690857231616974
F5140,feature_5140,0.04690641164779663
F997,feature_997,0.04690391197800636
F433,feature_433,0.04689986631274223
F9619,feature_9619,0.04689357057213783
F2083,feature_2083,0.04689186438918114
F6502,feature_6502,0.04687727987766266
F2196,feature_2196,0.046875275671482086
F6561,feature_6561,0.046874817460775375
F6386,feature_6386,0.04686540737748146
F5899,feature_5899,0.046858739107847214
F8001,feature_8001,0.046853017061948776
F7138,feature_7138,0.04685262590646744
F5121,feature_5121,0.046847864985466
F2950,feature_2950,0.046833936125040054
F9084,feature_9084,0.046822622418403625
F5755,feature_5755,0.046815112233161926
F393,feature_393,0.04679315909743309
F7034,feature_7034,0.046792563050985336
F9575,feature_9575,0.046790674328804016
F6691,feature_6691,0.04679025709629059
F9784,feature_9784,0.04678875580430031
F6645,feature_6645,0.046785324811935425
F8004,feature_8004,0.04677722603082657
F8140,feature_8140,0.04677404835820198
F2879,feature_2879,0.046773068606853485
F8172,feature_8172,0.04677262902259827
F9022,feature_9022,0.04676864668726921
F4287,feature_4287,0.04676707088947296
F6393,feature_6393,0.04676279425621033
F7778,feature_7778,0.046762581914663315
F799,feature_799,0.04675787314772606
F5342,feature_5342,0.04675495624542236
F2545,feature_2545,0.04674629867076874
F8866,feature_8866,0.04674014449119568
F700,feature_700,0.046737123280763626
F8236,feature_8236,0.046735979616642
F6162,feature_6162,0.04673261195421219
F4042,feature_4042,0.04673056676983833
F6045,feature_6045,0.04671895503997803
F7674,feature_7674,0.0467120036482811
F7209,feature_7209,0.04670308157801628
F8999,feature_8999,0.046701010316610336
F3332,feature_3332,0.046700574457645416
F5927,feature_5927,0.04669646918773651
F8920,feature_8920,0.04669329524040222
F6743,feature_6743,0.04667143523693085
F191,feature_191,0.04666756093502045
F3085,feature_3085,0.046667441725730896
F2432,feature_2432,0.046661633998155594
F1870,feature_1870,0.04665733128786087
F6473,feature_6473,0.04665052145719528
F2858,feature_2858,0.04664589464664459
F9127,feature_9127,0.04662631079554558
F4825,feature_4825,0.04661098122596741
F2028,feature_2028,0.046608272939920425
F8507,feature_8507,0.04660576581954956
F1475,feature_1475,0.0466034933924675
F9859,feature_9859,0.046597063541412354
F1359,feature_1359,0.04659104347229004
F7944,feature_7944,0.04658517614006996
F4819,feature_4819,0.04658427834510803
F4742,feature_4742,0.046580713242292404
F7820,feature_7820,0.0465739406645298
F7198,feature_7198,0.046568598598241806
F2991,feature_2991,0.04656333103775978
F6093,feature_6093,0.04654236137866974
F3138,feature_3138,0.046540774405002594
F3647,feature_3647,0.046528734266757965
F1144,feature_1144,0.046518854796886444
F9444,feature_9444,0.04651856794953346
F5523,feature_5523,0.04650743678212166
F9667,feature_9667,0.04650731012225151
F1584,feature_1584,0.04650295525789261
F2551,feature_2551,0.04650222137570381
F1854,feature_1854,0.046495575457811356
F3435,feature_3435,0.04649198055267334
F7662,feature_7662,0.046485502272844315
F9297,feature_9297,0.04648060351610184
F81,feature_81,0.04646560922265053
F8808,feature_8808,0.046459171921014786
F8729,feature_8729,0.04645465314388275
F3275,feature_3275,0.046446945518255234
F8794,feature_8794,0.04642556980252266
F1717,feature_1717,0.046417247503995895
F6885,feature_6885,0.04641721770167351
F6530,feature_6530,0.046412382274866104
F3318,feature_3318,0.04640693590044975
F1457,feature_1457,0.04640687629580498
F4972,feature_4972,0.0463983453810215
F6410,feature_6410,0.04639432579278946
F4869,feature_4869,0.04639177396893501
F5573,feature_5573,0.046390876173973083
F4349,feature_4349,0.0463905856013298
F3754,feature_3754,0.04638459533452988
F8844,feature_8844,0.046379197388887405
F3618,feature_3618,0.046378254890441895
F4764,feature_4764,0.04637530818581581
F3991,feature_3991,0.04637308791279793
F1942,feature_1942,0.04637197032570839
F4109,feature_4109,0.04636581242084503
F226,feature_226,0.04635798931121826
F1669,feature_1669,0.04635301232337952
F1480,feature_1480,0.04635194316506386
F5553,feature_5553,0.04635058343410492
F2498,feature_2498,0.04634824022650719
F256,feature_256,0.04634755849838257
F827,feature_827,0.046347521245479584
F7888,feature_7888,0.046346958726644516
F2223,feature_2223,0.046346720308065414
F117,feature_117,0.04634174704551697
F1339,feature_1339,0.046340931206941605
F2918,feature_2918,0.04633328691124916
F8962,feature_8962,0.046327102929353714
F2144,feature_2144,0.04630546644330025
F7731,feature_7731,0.04630338028073311
F5153,feature_5153,0.046302370727062225
F533,feature_533,0.046300701797008514
F4086,feature_4086,0.046299662441015244
F9163,feature_9163,0.046298686414957047
F2979,feature_2979,0.04629364237189293
F3014,feature_3014,0.046286534518003464
F5897,feature_5897,0.04627195745706558
F1286,feature_1286,0.046268854290246964
F1606,feature_1606,0.04626608267426491
F7760,feature_7760,0.04626260697841644
F4768,feature_4768,0.04625651240348816
F3728,feature_3728,0.04625454545021057
F4193,feature_4193,0.0462522879242897
F184,feature_184,0.04625007137656212
F9724,feature_9724,0.046234093606472015
F5833,feature_5833,0.04623204469680786
F6532,feature_6532,0.046226341277360916
F4947,feature_4947,0.04622625559568405
F6852,feature_6852,0.04622368887066841
F7256,feature_7256,0.046217940747737885
F3548,feature_3548,0.04621701315045357
F7218,feature_7218,0.046211451292037964
F3240,feature_3240,0.04621139541268349
F8597,feature_8597,0.04619371518492699
F6489,feature_6489,0.046169430017471313
F8943,feature_8943,0.04616699367761612
F3175,feature_3175,0.04616425558924675
F9040,feature_9040,0.046156659722328186
F101,feature_101,0.046153582632541656
F7745,feature_7745,0.04611673578619957
F2213,feature_2213,0.04611566290259361
F7016,feature_7016,0.04611048847436905
F8776,feature_8776,0.046109385788440704
F7982,feature_7982,0.046106792986392975
F4057,feature_4057,0.04609961435198784
F2851,feature_2851,0.04609399661421776
F1811,feature_1811,0.046086475253105164
F3785,feature_3785,0.04607917368412018
F2652,feature_2652,0.046078864485025406
F9474,feature_9474,0.04606454819440842
F3527,feature_3527,0.04605632647871971
F8068,feature_8068,0.04605530574917793
F1656,feature_1656,0.04605394974350929
F7963,feature_7963,0.04604758694767952
F7075,feature_7075,0.04604313522577286
F4377,feature_4377,0.046030763536691666
F6772,feature_6772,0.04602990671992302
F1487,feature_1487,0.046022672206163406
F8331,feature_8331,0.04602048546075821
F6607,feature_6607,0.04601925238966942
F9519,feature_9519,0.0460004024207592
F9423,feature_9423,0.04599284380674362
F887,feature_887,0.045988667756319046
F7508,feature_7508,0.04598560556769371
F2876,feature_2876,0.04598496854305267
F7027,feature_7027,0.045982807874679565
F561,feature_561,0.04596436023712158
F9740,feature_9740,0.0459335632622242
F5427,feature_5427,0.045929647982120514
F1329,feature_1329,0.04592771828174591
F4573,feature_4573,0.04592373967170715
F24,feature_24,0.04592064395546913
F9451,feature_9451,0.045917052775621414
F8343,feature_8343,0.04590583220124245
F4693,feature_4693,0.0459054559469223
F7767,feature_7767,0.04590420797467232
F4721,feature_4721,0.045903678983449936
F835,feature_835,0.04590192437171936
F9439,feature_9439,0.04589850828051567
F488,feature_488,0.04589757323265076
F7255,feature_7255,0.04589635133743286
F6559,feature_6559,0.045872364193201065
F7002,feature_7002,0.04587222635746002
F8764,feature_8764,0.045862145721912384
F7126,feature_7126,0.04585719853639603
F4397,feature_4397,0.04585587978363037
F4128,feature_4128,0.045838937163352966
F7981,feature_7981,0.04583711549639702
F4229,feature_4229,0.045835040509700775
F3225,feature_3225,0.0458308607339859
F2091,feature_2091,0.045830294489860535
F5444,feature_5444,0.04583001881837845
F5926,feature_5926,0.0458298958837986
F3611,feature_3611,0.045816272497177124
F3893,feature_3893,0.045814916491508484
F4356,feature_4356,0.04578294977545738
F2586,feature_2586,0.045772485435009
F1605,feature_1605,0.04576918110251427
F7095,feature_7095,0.04576759785413742
F4499,feature_4499,0.045766063034534454
F7456,feature_7456,0.04575689136981964
F3895,feature_3895,0.045754894614219666
F6531,feature_6531,0.04575453698635101
F5069,feature_5069,0.045748744159936905
F6764,feature_6764,0.04574760049581528
F7121,feature_7121,0.04574669897556305
F5751,feature_5751,0.045743681490421295
F6300,feature_6300,0.0457383431494236
F2535,feature_2535,0.04573213681578636
F5797,feature_5797,0.04573124274611473
F734,feature_734,0.04572289437055588
F8289,feature_8289,0.04570925980806351
F7265,feature_7265,0.04570833966135979
F8933,feature_8933,0.045704662799835205
F9046,feature_9046,0.04570422321557999
F773,feature_773,0.04569065570831299
F3970,feature_3970,0.045681681483983994
F4906,feature_4906,0.04568058252334595
F1726,feature_1726,0.04567335918545723
F3485,feature_3485,0.04566960409283638
F8042,feature_8042,0.045663982629776
F4584,feature_4584,0.04566306993365288
F4024,feature_4024,0.045662011951208115
F5402,feature_5402,0.04565924033522606
F9097,feature_9097,0.045657213777303696
F1206,feature_1206,0.045652780681848526
F2570,feature_2570,0.045646172016859055
F4886,feature_4886,0.045645732432603836
F7875,feature_7875,0.0456407405436039
F1163,feature_1163,0.045639246702194214
F2735,feature_2735,0.045632705092430115
F7108,feature_7108,0.04561286047101021
F8472,feature_8472,0.04561252519488335
F4360,feature_4360,0.04560943692922592
F2107,feature_2107,0.04560786485671997
F4425,feature_4425,0.045590050518512726
F9929,feature_9929,0.04558588191866875
F1283,feature_1283,0.045583587139844894
F4437,feature_4437,0.045583225786685944
F5028,feature_5028,0.04558258131146431
F3907,feature_3907,0.04557964205741882
F3692,feature_3692,0.04557090252637863
F6305,feature_6305,0.04556986317038536
F6353,feature_6353,0.045568954199552536
F5029,feature_5029,0.04555923119187355
F538,feature_538,0.045556433498859406
F4159,feature_4159,0.04554978013038635
F6598,feature_6598,0.0455436147749424
F306,feature_306,0.04554293304681778
F4049,feature_4049,0.045542649924755096
F7886,feature_7886,0.04552846401929855
F7977,feature_7977,0.04552236199378967
F6720,feature_6720,0.04551863670349121
F9367,feature_9367,0.045516278594732285
F8850,feature_8850,0.04550030082464218
F8491,feature_8491,0.04550009220838547
F2113,feature_2113,0.04549337178468704
F6908,feature_6908,0.0454893633723259
F1816,feature_1816,0.045489341020584106
F5313,feature_5313,0.04547733813524246
F4132,feature_4132,0.04547721520066261
F6689,feature_6689,0.0454745888710022
F872,feature_872,0.045470599085092545
F2603,feature_2603,0.04546931013464928
F8711,feature_8711,0.04546613618731499
F9852,feature_9852,0.045465391129255295
F5726,feature_5726,0.0454590730369091
F8659,feature_8659,0.04545822739601135
F650,feature_650,0.045456092804670334
F5878,feature_5878,0.045449595898389816
F1635,feature_1635,0.04543278366327286
F1007,feature_1007,0.04542330652475357
F7441,feature_7441,0.045423295348882675
F6525,feature_6525,0.0454232431948185
F4492,feature_4492,0.04542139545083046
F1050,feature_1050,0.04541686549782753
F6120,feature_6120,0.04541590064764023
F7637,feature_7637,0.045408498495817184
F5136,feature_5136,0.04540159925818443
F9148,feature_9148,0.045398879796266556
F3221,feature_3221,0.045390959829092026
F8017,feature_8017,0.045389436185359955
F4904,feature_4904,0.0453871414065361
F4143,feature_4143,0.04537380486726761
F3247,feature_3247,0.04535644128918648
F1413,feature_1413,0.04535222798585892
F68,feature_68,0.045329269021749496
F4838,feature_4838,0.04532824084162712
F3944,feature_3944,0.045325204730033875
F7917,feature_7917,0.04531465470790863
F7914,feature_7914,0.0453096367418766
F9151,feature_9151,0.04530946910381317
F9604,feature_9604,0.04530595242977142
F4761,feature_4761,0.045303814113140106
F9553,feature_9553,0.04530208930373192
F500,feature_500,0.04529585316777229
F9584,feature_9584,0.04529453441500664
F4661,feature_4661,0.04529181122779846
F6191,feature_6191,0.04529056325554848
F8025,feature_8025,0.04528912156820297
F7030,feature_7030,0.04526754841208458
F1561,feature_1561,0.04525266960263252
F1293,feature_1293,0.04524226114153862
F8238,feature_8238,0.04523574933409691
F7841,feature_7841,0.04523212090134621
F5769,feature_5769,0.045231934636831284
F8465,feature_8465,0.04520328715443611
F6697,feature_6697,0.04518481716513634
F6500,feature_6500,0.04517945647239685
F2942,feature_2942,0.045176681131124496
F4981,feature_4981,0.04517170786857605
F998,feature_998,0.04516978561878204
F5960,feature_5960,0.04515884816646576
F8220,feature_8220,0.045158013701438904
F2714,feature_2714,0.0451519712805748
F1827,feature_1827,0.0451478585600853
F6339,feature_6339,0.0451473593711853
F6121,feature_6121,0.04514697194099426
F6614,feature_6614,0.04514678567647934
F5230,feature_5230,0.045122042298316956
F3861,feature_3861,0.045120272785425186
F4664,feature_4664,0.04511740058660507
F6017,feature_6017,0.04511694982647896
F2058,feature_2058,0.04510979726910591
F9239,feature_9239,0.045101266354322433
F8786,feature_8786,0.04509876295924187
F2538,feature_2538,0.045091260224580765
F1336,feature_1336,0.04508594423532486
F4504,feature_4504,0.04505811631679535
F990,feature_990,0.04505598545074463
F1220,feature_1220,0.04505543410778046
F7756,feature_7756,0.04505261406302452
F8608,feature_8608,0.0450499951839447
F4627,feature_4627,0.04504946246743202
F2472,feature_2472,0.045038510113954544
F51,feature_51,0.04503835737705231
F4937,feature_4937,0.045036233961582184
F5558,feature_5558,0.045034438371658325
F2571,feature_2571,0.04501703381538391
F670,feature_670,0.04501672461628914
F4765,feature_4765,0.04500827565789223
F1207,feature_1207,0.04500741511583328
F8359,feature_8359,0.045006170868873596
F739,feature_739,0.04499896243214607
F1805,feature_1805,0.04499798268079758
F2149,feature_2149,0.044991232454776764
F2154,feature_2154,0.04498094320297241
F2284,feature_2284,0.04497731477022171
F4422,feature_4422,0.044975124299526215
F3954,feature_3954,0.04497222974896431
F9734,feature_9734,0.044957485049963
F9462,feature_9462,0.04495701193809509
F8310,feature_8310,0.0449565164744854
F9630,feature_9630,0.044946469366550446
F7787,feature_7787,0.04494422301650047
F8568,feature_8568,0.04493845999240875
F8161,feature_8161,0.04492359608411789
F4299,feature_4299,0.0449104867875576
F2085,feature_2085,0.04490843415260315
F7213,feature_7213,0.04490676149725914
F512,feature_512,0.04490554705262184
F2158,feature_2158,0.0449029915034771
F4260,feature_4260,0.044901009649038315
F6584,feature_6584,0.044893424957990646
F8635,feature_8635,0.04489007592201233
F320,feature_320,0.04488913342356682
F7500,feature_7500,0.044886138290166855
F1729,feature_1729,0.044883765280246735
F2655,feature_2655,0.0448668971657753
F2443,feature_2443,0.044865868985652924
F3589,feature_3589,0.04486077278852463
F8985,feature_8985,0.04485834389925003
F742,feature_742,0.044857002794742584
F2145,feature_2145,0.04485597088932991
F468,feature_468,0.04485137760639191
F6648,feature_6648,0.04484948143362999
F3543,feature_3543,0.04484829306602478
F9216,feature_9216,0.044848207384347916
F7718,feature_7718,0.04484350606799126
F1338,feature_1338,0.044843483716249466
F6708,feature_6708,0.04484303668141365
F6920,feature_6920,0.04483427479863167
F9108,feature_9108,0.044832777231931686
F8223,feature_8223,0.04482950642704964
F1383,feature_1383,0.04482539743185043
F2881,feature_2881,0.04482490196824074
F9426,feature_9426,0.04481805860996246
F1878,feature_1878,0.04480275139212608
F5583,feature_5583,0.04479529336094856
F9662,feature_9662,0.04479272663593292
F6966,feature_6966,0.044792041182518005
F2383,feature_2383,0.044791195541620255
F6493,feature_6493,0.04478340223431587
F2968,feature_2968,0.04477042704820633
F8825,feature_8825,0.044763993471860886
F5082,feature_5082,0.0447622686624527
F9750,feature_9750,0.04476040229201317
F9221,feature_9221,0.04475177824497223
F9612,feature_9612,0.044747766107320786
F2787,feature_2787,0.04474364221096039
F7026,feature_7026,0.044740527868270874
F4243,feature_4243,0.04472994804382324
F8297,feature_8297,0.044727861881256104
F9052,feature_9052,0.044725384563207626
F1602,feature_1602,0.044722143560647964
F6156,feature_6156,0.04472072422504425
F6674,feature_6674,0.04471560940146446
F2862,feature_2862,0.04470399394631386
F122,feature_122,0.04469810426235199
F5395,feature_5395,0.04469456896185875
F8958,feature_8958,0.04469197615981102
F9155,feature_9155,0.04468805342912674
F4357,feature_4357,0.04468446969985962
F515,feature_515,0.044683925807476044
F656,feature_656,0.04468247666954994
F907,feature_907,0.044672850519418716
F6696,feature_6696,0.04467136040329933
F3495,feature_3495,0.04466000199317932
F8332,feature_8332,0.04465879127383232
F1268,feature_1268,0.04465220868587494
F2069,feature_2069,0.044650688767433167
F5073,feature_5073,0.04464973509311676
F5528,feature_5528,0.04464423656463623
F3710,feature_3710,0.0446428544819355
F2906,feature_2906,0.04464196413755417
F4289,feature_4289,0.04464159905910492
F3460,feature_3460,0.044640976935625076
F1179,feature_1179,0.044636134058237076
F1907,feature_1907,0.044617660343647
F8290,feature_8290,0.044617537409067154
F3813,feature_3813,0.04461453855037689
F1406,feature_1406,0.044614534825086594
F9305,feature_9305,0.04460063576698303
F8096,feature_8096,0.044596657156944275
F7150,feature_7150,0.044593483209609985
F9699,feature_9699,0.04459116980433464
F5498,feature_5498,0.044585783034563065
F2099,feature_2099,0.04458200931549072
F6136,feature_6136,0.04458125680685043
F4605,feature_4605,0.04457901418209076
F35,feature_35,0.04457487165927887
F6963,feature_6963,0.04457412660121918
F9737,feature_9737,0.04456446319818497
F2949,feature_2949,0.04455848038196564
F9606,feature_9606,0.0445544458925724
F4974,feature_4974,0.044548626989126205
F8154,feature_8154,0.04454214125871658
F6265,feature_6265,0.04453655704855919
F3536,feature_3536,0.044532448053359985
F2816,feature_2816,0.0445309579372406
F3652,feature_3652,0.044529978185892105
F7671,feature_7671,0.04452789947390556
F8484,feature_8484,0.044527456164360046
F6125,feature_6125,0.044525664299726486
F5805,feature_5805,0.044524844735860825
F8264,feature_8264,0.04452068731188774
F4498,feature_4498,0.04452047124505043
F1966,feature_1966,0.04451831057667732
F4372,feature_4372,0.04451539367437363
F9810,feature_9810,0.04451283812522888
F1920,feature_1920,0.04451071470975876
F1508,feature_1508,0.04450720548629761
F9275,feature_9275,0.04449869692325592
F5204,feature_5204,0.04448429495096207
F6241,feature_6241,0.04448315501213074
F5377,feature_5377,0.044478971511125565
F580,feature_580,0.04446801915764809
F9211,feature_9211,0.04445994645357132
F8207,feature_8207,0.04445895552635193
F7958,feature_7958,0.04445294290781021
F8936,feature_8936,0.04444272443652153
F1573,feature_1573,0.044435299932956696
F3481,feature_3481,0.04443313926458359
F577,feature_577,0.04442937299609184
F1632,feature_1632,0.04442447051405907
F1555,feature_1555,0.044423412531614304
F4910,feature_4910,0.044414568692445755
F8127,feature_8127,0.044411372393369675
F685,feature_685,0.044411275535821915
F5431,feature_5431,0.04441126063466072
F788,feature_788,0.044408366084098816
F3546,feature_3546,0.044406577944755554
F6295,feature_6295,0.04439927265048027
F1683,feature_1683,0.04439745098352432
F6429,feature_6429,0.044389087706804276
F4141,feature_4141,0.04438738152384758
F1527,feature_1527,0.04438738152384758
F5951,feature_5951,0.04438542202115059
F1608,feature_1608,0.04438456520438194
F8339,feature_8339,0.04438396915793419
F3511,feature_3511,0.0443744994699955
F5586,feature_5586,0.04437381401658058
F6400,feature_6400,0.044371940195560455
F8151,feature_8151,0.044368695467710495
F6591,feature_6591,0.044367291033267975
F1120,feature_1120,0.04436556249856949
F1379,feature_1379,0.044362522661685944
F6068,feature_6068,0.04436085373163223
F6001,feature_6001,0.044357143342494965
F9327,feature_9327,0.044352952390909195
F1211,feature_1211,0.04435158893465996
F779,feature_779,0.04433508962392807
F8482,feature_8482,0.04433054104447365
F1570,feature_1570,0.044330209493637085
F3192,feature_3192,0.04432966560125351
F2224,feature_2224,0.04432780668139458
F3666,feature_3666,0.04432069510221481
F4120,feature_4120,0.04431820660829544
F1755,feature_1755,0.04431357607245445
F7165,feature_7165,0.04431324452161789
F9056,feature_9056,0.044312700629234314
F6138,feature_6138,0.04430609941482544
F9930,feature_9930,0.044302087277173996
F7240,feature_7240,0.04429328441619873
F4977,feature_4977,0.04429253935813904
F3354,feature_3354,0.044291745871305466
F6496,feature_6496,0.04429158940911293
F3305,feature_3305,0.044288791716098785
F9641,feature_9641,0.044286370277404785
F2686,feature_2686,0.04428428038954735
F2367,feature_2367,0.04428224638104439
F4752,feature_4752,0.04427454248070717
F5267,feature_5267,0.044271908700466156
F4896,feature_4896,0.044260893017053604
F2240,feature_2240,0.04425979033112526
F4980,feature_4980,0.044254645705223083
F5535,feature_5535,0.044251494109630585
F3617,feature_3617,0.04425111040472984
F5965,feature_5965,0.04424703121185303
F5796,feature_5796,0.04424270987510681
F1047,feature_1047,0.044240374118089676
F2522,feature_2522,0.04423566535115242
F469,feature_469,0.044229984283447266
F1509,feature_1509,0.0442291796207428
F7392,feature_7392,0.04422575607895851
F1514,feature_1514,0.04421747475862503
F7238,feature_7238,0.04421562701463699
F4292,feature_4292,0.04421457648277283
F9638,feature_9638,0.044212888926267624
F2229,feature_2229,0.04421251639723778
F3153,feature_3153,0.044206470251083374
F1460,feature_1460,0.044204533100128174
F4971,feature_4971,0.04420292377471924
F2785,feature_2785,0.04420255869626999
F337,feature_337,0.04420248791575432
F675,feature_675,0.04418685659766197
F689,feature_689,0.044186171144247055
F9473,feature_9473,0.04418398067355156
F8168,feature_8168,0.04418354108929634
F1822,feature_1822,0.04417753964662552
F1855,feature_1855,0.04417651146650314
F5234,feature_5234,0.04417579621076584
F7032,feature_7032,0.04417482018470764
F6452,feature_6452,0.044170014560222626
F2077,feature_2077,0.04416494071483612
F4785,feature_4785,0.04415731504559517
F3918,feature_3918,0.04415466636419296
F959,feature_959,0.044153228402137756
F1324,feature_1324,0.04414862021803856
F8445,feature_8445,0.04414515569806099
F6985,feature_6985,0.04414403438568115
F6984,feature_6984,0.04413456842303276
F6134,feature_6134,0.0441189669072628
F9274,feature_9274,0.044117994606494904
F2761,feature_2761,0.0441177673637867
F3758,feature_3758,0.04411657899618149
F2013,feature_2013,0.04411301016807556
F1230,feature_1230,0.044109243899583817
F4017,feature_4017,0.044106412678956985
F4589,feature_4589,0.044105008244514465
F2090,feature_2090,0.04409842938184738
F8198,feature_8198,0.04409617930650711
F9168,feature_9168,0.04409414157271385
F3139,feature_3139,0.04409365728497505
F9647,feature_9647,0.04408852010965347
F4015,feature_4015,0.044088125228881836
F9666,feature_9666,0.04408566653728485
F7188,feature_7188,0.044084932655096054
F502,feature_502,0.04406546801328659
F814,feature_814,0.044060636311769485
F4658,feature_4658,0.04405463486909866
F3642,feature_3642,0.04405394196510315
F8911,feature_8911,0.0440533347427845
F4065,feature_4065,0.044052887707948685
F7331,feature_7331,0.04404837638139725
F9509,feature_9509,0.044046610593795776
F3329,feature_3329,0.04404566437005997
F6062,feature_6062,0.04404115676879883
F9032,feature_9032,0.044036686420440674
F6299,feature_6299,0.044036395847797394
F3891,feature_3891,0.044035036116838455
F7948,feature_7948,0.04403405264019966
F870,feature_870,0.04403148591518402
F4192,feature_4192,0.044030144810676575
F2575,feature_2575,0.04402884468436241
F2219,feature_2219,0.04402412101626396
F9421,feature_9421,0.04402286186814308
F2027,feature_2027,0.044018980115652084
F5946,feature_5946,0.044012557715177536
F6883,feature_6883,0.04401009529829025
F743,feature_743,0.04400983452796936
F1203,feature_1203,0.044005103409290314
F5770,feature_5770,0.044003650546073914
F861,feature_861,0.04400363564491272
F7918,feature_7918,0.044002048671245575
F7498,feature_7498,0.044001221656799316
F1621,feature_1621,0.04399872571229935
F8314,feature_8314,0.04399510845541954
F6928,feature_6928,0.043992992490530014
F6220,feature_6220,0.04398993030190468
F4490,feature_4490,0.0439852811396122
F1715,feature_1715,0.04398062452673912
F4240,feature_4240,0.04397913068532944
F7492,feature_7492,0.04397877678275108
F3403,feature_3403,0.04397842660546303
F2045,feature_2045,0.04397760331630707
F96,feature_96,0.04397749900817871
F9841,feature_9841,0.0439748577773571
F5474,feature_5474,0.04397334158420563
F9530,feature_9530,0.04397161677479744
F6169,feature_6169,0.043963346630334854
F6246,feature_6246,0.04396182671189308
F5291,feature_5291,0.04395702853798866
F6662,feature_6662,0.04395546764135361
F9392,feature_9392,0.04395483061671257
F4891,feature_4891,0.04395071789622307
F4595,feature_4595,0.04394952580332756
F7297,feature_7297,0.04394913464784622
F4236,feature_4236,0.04394601657986641
F672,feature_672,0.043939366936683655
F276,feature_276,0.04393129423260689
F9648,feature_9648,0.04393066465854645
F8506,feature_8506,0.04392508417367935
F7442,feature_7442,0.04392305389046669
F8493,feature_8493,0.04392215609550476
F884,feature_884,0.043919604271650314
F9981,feature_9981,0.04391816630959511
F569,feature_569,0.043911173939704895
F1575,feature_1575,0.04391022026538849
F8501,feature_8501,0.043907344341278076
F4657,feature_4657,0.043893422931432724
F2460,feature_2460,0.043890222907066345
F4187,feature_4187,0.04389016702771187
F5347,feature_5347,0.043887559324502945
F3444,feature_3444,0.04388749599456787
F1273,feature_1273,0.04388446733355522
F6938,feature_6938,0.04388419911265373
F257,feature_257,0.043880119919776917
F6646,feature_6646,0.04387938976287842
F5369,feature_5369,0.043878477066755295
F4200,feature_4200,0.04387807846069336
F812,feature_812,0.04387577623128891
F2967,feature_2967,0.04386569932103157
F3404,feature_3404,0.04386338219046593
F4519,feature_4519,0.043855827301740646
F3251,feature_3251,0.04385567083954811
F9645,feature_9645,0.043852973729372025
F8944,feature_8944,0.0438523031771183
F7372,feature_7372,0.04385027289390564
F5521,feature_5521,0.04384488984942436
F2993,feature_2993,0.04384293779730797
F3750,feature_3750,0.043841052800416946
F2412,feature_2412,0.043834079056978226
F3183,feature_3183,0.04383016377687454
F1004,feature_1004,0.04382970184087753
F6604,feature_6604,0.0438208132982254
F1117,feature_1117,0.04381953179836273
F8369,feature_8369,0.04380972310900688
F853,feature_853,0.04380853846669197
F7395,feature_7395,0.043803870677948
F8827,feature_8827,0.04380221292376518
F322,feature_322,0.043800365179777145
F4784,feature_4784,0.04379834234714508
F5653,feature_5653,0.04379306361079216
F3514,feature_3514,0.04379171505570412
F7491,feature_7491,0.04379023611545563
F1759,feature_1759,0.04378154128789902
F9650,feature_9650,0.043780479580163956
F8349,feature_8349,0.043778106570243835
F5381,feature_5381,0.04377457872033119
F7289,feature_7289,0.04377333074808121
F3442,feature_3442,0.04376262426376343
F7222,feature_7222,0.04376015067100525
F2711,feature_2711,0.0437539666891098
F2318,feature_2318,0.04374461993575096
F9114,feature_9114,0.04374431073665619
F7038,feature_7038,0.04374374821782112
F2447,feature_2447,0.043743472546339035
F9470,feature_9470,0.04373781010508537
F3285,feature_3285,0.04373075067996979
F9202,feature_9202,0.04372330382466316
F3945,feature_3945,0.04371907562017441
F4041,feature_4041,0.043717529624700546
F6640,feature_6640,0.04371453449130058
F8977,feature_8977,0.04371270537376404
F9677,feature_9677,0.043710701167583466
F2114,feature_2114,0.043710265308618546
F4476,feature_4476,0.04370765760540962
F5050,feature_5050,0.043704885989427567
F5255,feature_5255,0.043702028691768646
F727,feature_727,0.04369661584496498
F1808,feature_1808,0.04369353875517845
F4962,feature_4962,0.04369170218706131
F8351,feature_8351,0.04369135946035385
F5815,feature_5815,0.04368860647082329
F1881,feature_1881,0.04367959499359131
F6632,feature_6632,0.043671853840351105
F6375,feature_6375,0.04366821050643921
F4457,feature_4457,0.04365602135658264
F5931,feature_5931,0.04364858940243721
F4585,feature_4585,0.04364714398980141
F2519,feature_2519,0.04364669322967529
F9652,feature_9652,0.043643973767757416
F201,feature_201,0.04364132136106491
F5094,feature_5094,0.04363778978586197
F4413,feature_4413,0.04363725334405899
F8141,feature_8141,0.043633099645376205
F8204,feature_8204,0.04362783581018448
F8553,feature_8553,0.04362719878554344
F397,feature_397,0.043625250458717346
F6962,feature_6962,0.04362104460597038
F1647,feature_1647,0.04361999034881592
F3903,feature_3903,0.043611809611320496
F4020,feature_4020,0.043609775602817535
F6176,feature_6176,0.04360693320631981
F410,feature_410,0.04359811916947365
F7955,feature_7955,0.04359542578458786
F1238,feature_1238,0.04359269142150879
F2837,feature_2837,0.043590497225522995
F1612,feature_1612,0.043590474873781204
F7527,feature_7527,0.04358769208192825
F616,feature_616,0.043586719781160355
F2975,feature_2975,0.043584007769823074
F615,feature_615,0.04357437789440155
F9435,feature_9435,0.043569792062044144
F9754,feature_9754,0.04356975480914116
F8407,feature_8407,0.043569259345531464
F74,feature_74,0.04356260597705841
F9714,feature_9714,0.043562568724155426
F4920,feature_4920,0.043560877442359924
F466,feature_466,0.043560244143009186
F1429,feature_1429,0.04355957731604576
F3967,feature_3967,0.04355638474225998
F8858,feature_8858,0.04355379566550255
F4188,feature_4188,0.04355175793170929
F764,feature_764,0.04355069622397423
F9229,feature_9229,0.043537188321352005
F7011,feature_7011,0.04353472962975502
F8447,feature_8447,0.04353347793221474
F5753,feature_5753,0.04353003576397896
F933,feature_933,0.04352843388915062
F3860,feature_3860,0.0435250885784626
F9472,feature_9472,0.04352118447422981
F9237,feature_9237,0.04352099820971489
F679,feature_679,0.043519675731658936
F3545,feature_3545,0.04351671412587166
F7196,feature_7196,0.04351634904742241
F2810,feature_2810,0.04351591318845749
F6011,feature_6011,0.04351130127906799
F8848,feature_8848,0.043508339673280716
F6259,feature_6259,0.04350819066166878
F5788,feature_5788,0.043507181107997894
F9312,feature_9312,0.043496694415807724
F8741,feature_8741,0.04349181801080704
F6157,feature_6157,0.04349065199494362
F6518,feature_6518,0.04348933696746826
F1971,feature_1971,0.04348161071538925
F3866,feature_3866,0.04348151758313179
F161,feature_161,0.04347756877541542
F7698,feature_7698,0.043477270752191544
F3148,feature_3148,0.04347553104162216
F2972,feature_2972,0.04347195848822594
F1083,feature_1083,0.04347195476293564
F1384,feature_1384,0.043469347059726715
F9359,feature_9359,0.0434638187289238
F8732,feature_8732,0.043462760746479034
F871,feature_871,0.04346001520752907
F7225,feature_7225,0.04346000403165817
F508,feature_508,0.04345421865582466
F1403,feature_1403,0.043449774384498596
F7998,feature_7998,0.043448708951473236
F5999,feature_5999,0.043447837233543396
F4185,feature_4185,0.04344138503074646
F7275,feature_7275,0.04343757778406143
F4175,feature_4175,0.043429311364889145
F781,feature_781,0.04342614859342575
F5602,feature_5602,0.04342363774776459
F143,feature_143,0.04341805726289749
F5593,feature_5593,0.04341617971658707
F7874,feature_7874,0.04341065138578415
F134,feature_134,0.043405961245298386
F424,feature_424,0.04339834302663803
F169,feature_169,0.04339461401104927
F270,feature_270,0.043394535779953
F395,feature_395,0.04338819533586502
F2998,feature_2998,0.043381690979003906
F3278,feature_3278,0.04338162764906883
F8467,feature_8467,0.04337872192263603
F181,feature_181,0.043369539082050323
F7803,feature_7803,0.04336407035589218
F9363,feature_9363,0.043360572308301926
F7346,feature_7346,0.043358996510505676
F8363,feature_8363,0.04335851967334747
F3377,feature_3377,0.04335571080446243
F4375,feature_4375,0.04335411265492439
F8263,feature_8263,0.04335226118564606
F7700,feature_7700,0.04335181415081024
F7220,feature_7220,0.04335135966539383
F8176,feature_8176,0.04334809631109238
F7348,feature_7348,0.043346330523490906
F7391,feature_7391,0.04334452003240585
F3940,feature_3940,0.043341558426618576
F8222,feature_8222,0.04334065690636635
F7386,feature_7386,0.04333643242716789
F6714,feature_6714,0.04333578795194626
F9389,feature_9389,0.04333428665995598
F7077,feature_7077,0.043332409113645554
F1543,feature_1543,0.04332884028553963
F6620,feature_6620,0.043325893580913544
F1,feature_1,0.043325044214725494
F1567,feature_1567,0.043320342898368835
F7695,feature_7695,0.04331614822149277
F1657,feature_1657,0.04330942779779434
F5601,feature_5601,0.04330839216709137
F6282,feature_6282,0.043306246399879456
F3793,feature_3793,0.043302398175001144
F9559,feature_9559,0.04330101236701012
F7775,feature_7775,0.0433008074760437
F6264,feature_6264,0.04330002889037132
F5679,feature_5679,0.04329869896173477
F3370,feature_3370,0.043298427015542984
F5860,feature_5860,0.04329807311296463
F9964,feature_9964,0.043285809457302094
F6228,feature_6228,0.04328256472945213
F3542,feature_3542,0.04327918589115143
F2153,feature_2153,0.04327217862010002
F3346,feature_3346,0.04327167198061943
F6358,feature_6358,0.04327121004462242
F328,feature_328,0.04326458275318146
F5468,feature_5468,0.04326122999191284
F1706,feature_1706,0.043261170387268066
F5163,feature_5163,0.043258488178253174
F9478,feature_9478,0.04325340315699577
F8404,feature_8404,0.04324492812156677
F9393,feature_9393,0.043242111802101135
F6755,feature_6755,0.04324138164520264
F3984,feature_3984,0.04323827847838402
F6647,feature_6647,0.043234143406152725
F920,feature_920,0.04323241859674454
F9536,feature_9536,0.0432279035449028
F6451,feature_6451,0.0432266965508461
F3691,feature_3691,0.043225452303886414
F9805,feature_9805,0.04322386533021927
F9379,feature_9379,0.04322342202067375
F227,feature_227,0.04321299493312836
F3638,feature_3638,0.043212756514549255
F1699,feature_1699,0.043207187205553055
F9916,feature_9916,0.0432027243077755
F5976,feature_5976,0.043197888880968094
F2654,feature_2654,0.04319770261645317
F913,feature_913,0.04319470003247261
F2259,feature_2259,0.04319038987159729
F3416,feature_3416,0.04319019988179207
F7390,feature_7390,0.043188005685806274
F8167,feature_8167,0.04318626970052719
F9047,feature_9047,0.04317944869399071
F2750,feature_2750,0.0431661531329155
F5407,feature_5407,0.04316511005163193
F3234,feature_3234,0.043161164969205856
F8511,feature_8511,0.04315701872110367
F6693,feature_6693,0.043153636157512665
F7518,feature_7518,0.04315083473920822
F148,feature_148,0.04314444959163666
F3440,feature_3440,0.04314444586634636
F7681,feature_7681,0.04313291981816292
F659,feature_659,0.04313275218009949
F6624,feature_6624,0.04313160851597786
F9485,feature_9485,0.04312433302402496
F3382,feature_3382,0.04312381520867348
F3974,feature_3974,0.04311182349920273
F5847,feature_5847,0.04311167821288109
F7620,feature_7620,0.043109338730573654
F8521,feature_8521,0.04310847818851471
F8118,feature_8118,0.04309990257024765
F2357,feature_2357,0.043095797300338745
F5687,feature_5687,0.04309564083814621
F1016,feature_1016,0.043091632425785065
F6567,feature_6567,0.043088093400001526
F361,feature_361,0.043082304298877716
F4021,feature_4021,0.043079882860183716
F2366,feature_2366,0.04307648167014122
F2365,feature_2365,0.04307325929403305
F6140,feature_6140,0.043073009699583054
F8242,feature_8242,0.04306583106517792
F7512,feature_7512,0.04306576028466225
F831,feature_831,0.04306434094905853
F1346,feature_1346,0.043059803545475006
F7689,feature_7689,0.04305950552225113
F5855,feature_5855,0.04305439069867134
F6507,feature_6507,0.043054334819316864
F5742,feature_5742,0.043052222579717636
F5251,feature_5251,0.04304386302828789
F5562,feature_5562,0.04304300993680954
F1821,feature_1821,0.043040186166763306
F9597,feature_9597,0.04303782433271408
F5159,feature_5159,0.043036848306655884
F3643,feature_3643,0.04303507134318352
F4378,feature_4378,0.04303303733468056
F9499,feature_9499,0.043029483407735825
F4759,feature_4759,0.04302738979458809
F2089,feature_2089,0.04302627965807915
F9935,feature_9935,0.04302495718002319
F5907,feature_5907,0.04301982372999191
F7434,feature_7434,0.043019119650125504
F7577,feature_7577,0.043018653988838196
F5269,feature_5269,0.04300973564386368
F6269,feature_6269,0.043006330728530884
F1327,feature_1327,0.04300516098737717
F4771,feature_4771,0.04299531131982803
F9010,feature_9010,0.042992644011974335
F3409,feature_3409,0.04299166798591614
F1147,feature_1147,0.042989615350961685
F4583,feature_4583,0.042988330125808716
F5684,feature_5684,0.04298434779047966
F4531,feature_4531,0.04298397898674011
F2540,feature_2540,0.042982038110494614
F6655,feature_6655,0.042979683727025986
F7993,feature_7993,0.042970143258571625
F7062,feature_7062,0.04296408221125603
F131,feature_131,0.04296145215630531
F1288,feature_1288,0.04295488819479942
F1205,feature_1205,0.04295368492603302
F2049,feature_2049,0.04295352101325989
F1580,feature_1580,0.04295101761817932
F2794,feature_2794,0.04294579103589058
F6294,feature_6294,0.042942266911268234
F5228,feature_5228,0.04294125363230705
F8860,feature_8860,0.04294108599424362
F9222,feature_9222,0.04293886572122574
F7716,feature_7716,0.04293558746576309
F340,feature_340,0.04293549805879593
F3497,feature_3497,0.04293099790811539
F2376,feature_2376,0.04292958602309227
F3531,feature_3531,0.04292599484324455
F6986,feature_6986,0.042919181287288666
F2987,feature_2987,0.04291795939207077
F2386,feature_2386,0.04290993884205818
F3590,feature_3590,0.04290956258773804
F2160,feature_2160,0.04290812462568283
F3864,feature_3864,0.04290483146905899
F2673,feature_2673,0.04290292412042618
F9598,feature_9598,0.04290002956986427
F4894,feature_4894,0.04289974272251129
F5725,feature_5725,0.04288892447948456
F4270,feature_4270,0.04288845881819725
F1301,feature_1301,0.04288418963551521
F6420,feature_6420,0.04288390278816223
F411,feature_411,0.04288075119256973
F9484,feature_9484,0.042879097163677216
F5972,feature_5972,0.04287739098072052
F5223,feature_5223,0.04287474974989891
F5055,feature_5055,0.0428733229637146
F7801,feature_7801,0.042870983481407166
F6081,feature_6081,0.042870961129665375
F1845,feature_1845,0.04287095367908478
F5295,feature_5295,0.042868636548519135
F7137,feature_7137,0.042867958545684814
F5337,feature_5337,0.042859382927417755
F3904,feature_3904,0.042856257408857346
F9464,feature_9464,0.04285023361444473
F8540,feature_8540,0.04284543916583061
F4176,feature_4176,0.04284437373280525
F6166,feature_6166,0.042843081057071686
F8615,feature_8615,0.04284170642495155
F1458,feature_1458,0.04283677041530609
F2549,feature_2549,0.04283633083105087
F5698,feature_5698,0.04283439740538597
F8018,feature_8018,0.04283299669623375
F5867,feature_5867,0.04283105209469795
F6034,feature_6034,0.04283057153224945
F6436,feature_6436,0.04282878711819649
F9600,feature_9600,0.042828530073165894
F6102,feature_6102,0.042823757976293564
F7786,feature_7786,0.042817626148462296
F7572,feature_7572,0.04281694069504738
F9674,feature_9674,0.04281674697995186
F7023,feature_7023,0.042806800454854965
F6586,feature_6586,0.04279360547661781
F7728,feature_7728,0.042791955173015594
F9065,feature_9065,0.04279163479804993
F1239,feature_1239,0.042790886014699936
F4471,feature_4471,0.042790379375219345
F6344,feature_6344,0.042788151651620865
F1232,feature_1232,0.042787861078977585
F8115,feature_8115,0.0427829883992672
F2345,feature_2345,0.04278247430920601
F2872,feature_2872,0.04278195649385452
F9413,feature_9413,0.04277946799993515
F6082,feature_6082,0.042775630950927734
F6602,feature_6602,0.04277021065354347
F8812,feature_8812,0.04275944456458092
F1089,feature_1089,0.04275898262858391
F5345,feature_5345,0.04274880886077881
F1736,feature_1736,0.04274396598339081
F5406,feature_5406,0.04274332523345947
F9651,feature_9651,0.04274231567978859
F9308,feature_9308,0.04274165630340576
F1484,feature_1484,0.04274064302444458
F6324,feature_6324,0.04273330792784691
F3959,feature_3959,0.042729463428258896
F1874,feature_1874,0.04272809624671936
F461,feature_461,0.0427216999232769
F2060,feature_2060,0.0427214577794075
F5089,feature_5089,0.042720913887023926
F724,feature_724,0.04271801561117172
F5253,feature_5253,0.0427091047167778
F2087,feature_2087,0.042708367109298706
F4032,feature_4032,0.042706314474344254
F8831,feature_8831,0.042705781757831573
F1314,feature_1314,0.04270422086119652
F9889,feature_9889,0.04270300269126892
F2802,feature_2802,0.04269738122820854
F9388,feature_9388,0.042691562324762344
F4821,feature_4821,0.04269058257341385
F9124,feature_9124,0.04269016161561012
F47,feature_47,0.042684148997068405
F4841,feature_4841,0.042680758982896805
F5557,feature_5557,0.04267987608909607
F7359,feature_7359,0.04267628863453865
F3009,feature_3009,0.04267621785402298
F6309,feature_6309,0.042673464864492416
F9979,feature_9979,0.04267248883843422
F2843,feature_2843,0.04267095401883125
F8121,feature_8121,0.042666517198085785
F8093,feature_8093,0.04266466200351715
F7852,feature_7852,0.04265923053026199
F3480,feature_3480,0.04264983534812927
F5400,feature_5400,0.04264351353049278
F5919,feature_5919,0.04264293983578682
F4811,feature_4811,0.04263655096292496
F1304,feature_1304,0.042628999799489975
F1026,feature_1026,0.04262537136673927
F4290,feature_4290,0.04262424632906914
F5520,feature_5520,0.04262416437268257
F5836,feature_5836,0.04262321814894676
F4226,feature_4226,0.04262212663888931
F5226,feature_5226,0.0426211953163147
F2101,feature_2101,0.04261072352528572
F3446,feature_3446,0.04260548949241638
F6266,feature_6266,0.04260126128792763
F5115,feature_5115,0.042595259845256805
F4412,feature_4412,0.042594149708747864
F2957,feature_2957,0.04259209334850311
F777,feature_777,0.04258356988430023
F3680,feature_3680,0.04257901385426521
F8458,feature_8458,0.042575735598802567
F1077,feature_1077,0.04257459193468094
F3260,feature_3260,0.04257304593920708
F8896,feature_8896,0.042571429163217545
F7303,feature_7303,0.04257061704993248
F2762,feature_2762,0.04256945475935936
F3983,feature_3983,0.04256833344697952
F387,feature_387,0.04256759211421013
F5982,feature_5982,0.04256454110145569
F6982,feature_6982,0.0425594337284565
F3299,feature_3299,0.042557720094919205
F6631,feature_6631,0.042555417865514755
F5064,feature_5064,0.042553290724754333
F4810,feature_4810,0.042551420629024506
F5389,feature_5389,0.04255111888051033
F7595,feature_7595,0.04255084693431854
F5011,feature_5011,0.04254879057407379
F7989,feature_7989,0.04254651814699173
F9556,feature_9556,0.04254382476210594
F9012,feature_9012,0.04254315048456192
F2277,feature_2277,0.04254237934947014
F7862,feature_7862,0.042524565011262894
F394,feature_394,0.04252336546778679
F2509,feature_2509,0.042522404342889786
F7054,feature_7054,0.04250790923833847
F398,feature_398,0.04249776899814606
F2084,feature_2084,0.042495593428611755
F6343,feature_6343,0.04249320551753044
F3755,feature_3755,0.042491912841796875
F1794,feature_1794,0.04248221218585968
F1546,feature_1546,0.04248004034161568
F389,feature_389,0.0424652136862278
F7630,feature_7630,0.04246436804533005
F9864,feature_9864,0.04246237874031067
F3694,feature_3694,0.04245210066437721
F2684,feature_2684,0.042451318353414536
F2566,feature_2566,0.042451053857803345
F647,feature_647,0.04244741424918175
F969,feature_969,0.04244573414325714
F7576,feature_7576,0.04244563356041908
F4791,feature_4791,0.04244106262922287
F5825,feature_5825,0.042440060526132584
F9397,feature_9397,0.04243708774447441
F5078,feature_5078,0.04243490844964981
F8353,feature_8353,0.042434509843587875
F8799,feature_8799,0.04243167117238045
F2424,feature_2424,0.04243062809109688
F4609,feature_4609,0.042426832020282745
F6581,feature_6581,0.04242681339383125
F9412,feature_9412,0.04242658242583275
F5049,feature_5049,0.04242461547255516
F529,feature_529,0.04242343828082085
F9120,feature_9120,0.042421355843544006
F1823,feature_1823,0.042419660836458206
F4934,feature_4934,0.04241953417658806
F7293,feature_7293,0.04241654649376869
F2635,feature_2635,0.042413730174303055
F5458,feature_5458,0.04241067171096802
F2006,feature_2006,0.04240938648581505
F3177,feature_3177,0.04240591824054718
F2697,feature_2697,0.0424000583589077
F1198,feature_1198,0.042393699288368225
F5072,feature_5072,0.04238266497850418
F314,feature_314,0.04238215461373329
F1534,feature_1534,0.042380377650260925
F7288,feature_7288,0.042379919439554214
F8101,feature_8101,0.042376089841127396
F7007,feature_7007,0.042374178767204285
F5031,feature_5031,0.042373642325401306
F4050,feature_4050,0.042371515184640884
F7480,feature_7480,0.042370494455099106
F5316,feature_5316,0.04236961901187897
F9479,feature_9479,0.04236734285950661
F1261,feature_1261,0.04236287623643875
F6388,feature_6388,0.04236162453889847
F2946,feature_2946,0.042360518127679825
F8217,feature_8217,0.04235701635479927
F4991,feature_4991,0.04235590621829033
F1013,feature_1013,0.04235565662384033
F6950,feature_6950,0.04235147684812546
F30,feature_30,0.04235079884529114
F6925,feature_6925,0.042349204421043396
F4497,feature_4497,0.04234687238931656
F7950,feature_7950,0.04234529286623001
F360,feature_360,0.04234011843800545
F5509,feature_5509,0.04233933240175247
F260,feature_260,0.04233501851558685
F9215,feature_9215,0.04233471304178238
F3718,feature_3718,0.04233425855636597
F5183,feature_5183,0.04232735186815262
F9085,feature_9085,0.04232556000351906
F6480,feature_6480,0.04232417047023773
F3258,feature_3258,0.04232322424650192
F746,feature_746,0.042323190718889236
F8988,feature_8988,0.04232306778430939
F3256,feature_3256,0.04232042655348778
F263,feature_263,0.042320385575294495
F5214,feature_5214,0.042319752275943756
F9616,feature_9616,0.042315252125263214
F3932,feature_3932,0.04231153056025505
F9004,feature_9004,0.04231073334813118
F5146,feature_5146,0.04230638965964317
F7818,feature_7818,0.04230540245771408
F953,feature_953,0.04230500012636185
F2405,feature_2405,0.042303666472435
F9863,feature_9863,0.04230297729372978
F1467,feature_1467,0.04230150580406189
F7980,feature_7980,0.04229358211159706
F5670,feature_5670,0.042291320860385895
F7783,feature_7783,0.042289089411497116
F8607,feature_8607,0.042286865413188934
F230,feature_230,0.04228378087282181
F7439,feature_7439,0.042278073728084564
F1884,feature_1884,0.04227236285805702
F4663,feature_4663,0.04226645082235336
F3826,feature_3826,0.04226206988096237
F6860,feature_6860,0.04225869104266167
F8621,feature_8621,0.04225624352693558
F4961,feature_4961,0.04225146770477295
F2573,feature_2573,0.042251307517290115
F4864,feature_4864,0.0422474704682827
F3594,feature_3594,0.0422462597489357
F7340,feature_7340,0.042244862765073776
F1402,feature_1402,0.04224269092082977
F1581,feature_1581,0.04223477840423584
F3601,feature_3601,0.04223404452204704
F537,feature_537,0.04222746565937996
F9341,feature_9341,0.042226359248161316
F4621,feature_4621,0.0422254242002964
F7214,feature_7214,0.04221824184060097
F6849,feature_6849,0.04221148416399956
F2135,feature_2135,0.042209554463624954
F1400,feature_1400,0.04220789298415184
F8402,feature_8402,0.04220757260918617
F2781,feature_2781,0.042200636118650436
F5025,feature_5025,0.04219331219792366
F9160,feature_9160,0.04219040274620056
F2421,feature_2421,0.04218866676092148
F654,feature_654,0.04218665510416031
F4654,feature_4654,0.04218500480055809
F5808,feature_5808,0.042181823402643204
F9256,feature_9256,0.04217508062720299
F3529,feature_3529,0.04217064380645752
F9857,feature_9857,0.042169924825429916
F1390,feature_1390,0.042161207646131516
F2912,feature_2912,0.04215654730796814
F2034,feature_2034,0.04215099662542343
F2818,feature_2818,0.04214182496070862
F2831,feature_2831,0.0421416200697422
F338,feature_338,0.042141612619161606
F5546,feature_5546,0.042139727622270584
F2902,feature_2902,0.04213782027363777
F7501,feature_7501,0.04213465377688408
F1386,feature_1386,0.04212489351630211
F5560,feature_5560,0.0421227365732193
F6729,feature_6729,0.0421222485601902
F6661,feature_6661,0.04211847111582756
F9823,feature_9823,0.042118120938539505
F1085,feature_1085,0.04211489483714104
F1492,feature_1492,0.04211423546075821
F8796,feature_8796,0.04210979491472244
F5599,feature_5599,0.04210887476801872
F1725,feature_1725,0.0421019122004509
F8383,feature_8383,0.04209993779659271
F8086,feature_8086,0.0420902818441391
F7906,feature_7906,0.04208340868353844
F4469,feature_4469,0.04208165779709816
F7343,feature_7343,0.042073026299476624
F195,feature_195,0.04207237809896469
F8765,feature_8765,0.042061738669872284
F1330,feature_1330,0.042059820145368576
F6774,feature_6774,0.04205690696835518
F3781,feature_3781,0.04205659031867981
F3398,feature_3398,0.04205631837248802
F4746,feature_4746,0.042056187987327576
F5888,feature_5888,0.04205502197146416
F3195,feature_3195,0.042052894830703735
F4010,feature_4010,0.04205203801393509
F5252,feature_5252,0.04204787686467171
F2,feature_2,0.04204738140106201
F1146,feature_1146,0.042039576917886734
F4434,feature_4434,0.04203898832201958
F3561,feature_3561,0.042038481682538986
F8884,feature_8884,0.04203755035996437
F372,feature_372,0.04203454405069351
F3301,feature_3301,0.042031701654195786
F4420,feature_4420,0.04203033819794655
F157,feature_157,0.0420299768447876
F5037,feature_5037,0.042021576315164566
F8554,feature_8554,0.04201951250433922
F9549,feature_9549,0.04201536253094673
F4930,feature_4930,0.04201465845108032
F198,feature_198,0.04200516641139984
F5741,feature_5741,0.04200486093759537
F6326,feature_6326,0.042003218084573746
F5488,feature_5488,0.042001254856586456
F8424,feature_8424,0.041999075561761856
F1443,feature_1443,0.041994959115982056
F9636,feature_9636,0.041990138590335846
F2955,feature_2955,0.04198988527059555
F2210,feature_2210,0.04198875278234482
F2358,feature_2358,0.041988305747509
F5615,feature_5615,0.041987787932157516
F2889,feature_2889,0.04198739677667618
F7019,feature_7019,0.041987285017967224
F2909,feature_2909,0.04198196902871132
F830,feature_830,0.041979528963565826
F6593,feature_6593,0.04197651147842407
F1941,feature_1941,0.04197412356734276
F6933,feature_6933,0.04196859896183014
F7983,feature_7983,0.041968297213315964
F252,feature_252,0.041966937482357025
F8325,feature_8325,0.04196006432175636
F3520,feature_3520,0.041956182569265366
F6517,feature_6517,0.04195578023791313
F1764,feature_1764,0.04195361211895943
F7364,feature_7364,0.041948314756155014
F8500,feature_8500,0.04193965718150139
F2299,feature_2299,0.04193897545337677
F4069,feature_4069,0.041936248540878296
F7854,feature_7854,0.04193411394953728
F2388,feature_2388,0.04193292185664177
F7842,feature_7842,0.04193180426955223
F3676,feature_3676,0.04192819073796272
F9366,feature_9366,0.041927140206098557
F7227,feature_7227,0.04192541912198067
F8955,feature_8955,0.041921745985746384
F1309,feature_1309,0.041913073509931564
F3025,feature_3025,0.041905272752046585
F3445,feature_3445,0.041904836893081665
F5578,feature_5578,0.04189959540963173
F3631,feature_3631,0.041895367205142975
F9902,feature_9902,0.041891809552907944
F838,feature_838,0.04189169406890869
F7479,feature_7479,0.041889388114213943
F4919,feature_4919,0.04188620299100876
F8131,feature_8131,0.04188597947359085
F2193,feature_2193,0.04188554733991623
F2989,feature_2989,0.041884247213602066
F2678,feature_2678,0.041883524507284164
F6791,feature_6791,0.04187717288732529
F3566,feature_3566,0.04187688231468201
F7060,feature_7060,0.0418720468878746
F2301,feature_2301,0.04187103733420372
F9629,feature_9629,0.04186905920505524
F1830,feature_1830,0.04186141863465309
F7885,feature_7885,0.041860923171043396
F486,feature_486,0.04185915365815163
F381,feature_381,0.041846029460430145
F4002,feature_4002,0.04184386506676674
F8533,feature_8533,0.04183908924460411
F7853,feature_7853,0.04183901101350784
F5916,feature_5916,0.04183878377079964
F9618,feature_9618,0.04183756187558174
F7894,feature_7894,0.041837193071842194
F3608,feature_3608,0.041837066411972046
F4186,feature_4186,0.04183085635304451
F4045,feature_4045,0.04183078929781914
F1086,feature_1086,0.04183034598827362
F2297,feature_2297,0.04182912036776543
F8630,feature_8630,0.0418265201151371
F5100,feature_5100,0.041826508939266205
F9589,feature_9589,0.04182635620236397
F3603,feature_3603,0.041823696345090866
F3605,feature_3605,0.04182060435414314
F2380,feature_2380,0.041820358484983444
F8913,feature_8913,0.04182000830769539
F1449,feature_1449,0.04181407392024994
F7636,feature_7636,0.041813772171735764
F3521,feature_3521,0.04181168973445892
F1857,feature_1857,0.04180775582790375
F6869,feature_6869,0.041806645691394806
F1455,feature_1455,0.04179255664348602
F217,feature_217,0.041791919618844986
F7602,feature_7602,0.041790302842855453
F9912,feature_9912,0.04178984463214874
F5151,feature_5151,0.04178512096405029
F6033,feature_6033,0.04178197681903839
F8055,feature_8055,0.04178158566355705
F153,feature_153,0.04177334904670715
F7725,feature_7725,0.04177257418632507
F6841,feature_6841,0.04177185520529747
F4878,feature_4878,0.041769612580537796
F8894,feature_8894,0.04176906496286392
F2416,feature_2416,0.041766032576560974
F6433,feature_6433,0.04176574572920799
F660,feature_660,0.04174843430519104
F2809,feature_2809,0.041747234761714935
F9928,feature_9928,0.04174719750881195
F8221,feature_8221,0.04174381494522095
F369,feature_369,0.041743580251932144
F4000,feature_4000,0.041737768799066544
F4313,feature_4313,0.04173719137907028
F8246,feature_8246,0.041734613478183746
F7564,feature_7564,0.04172993078827858
F684,feature_684,0.041727859526872635
F7516,feature_7516,0.041720956563949585
F1660,feature_1660,0.04171958193182945
F4269,feature_4269,0.04171814024448395
F34,feature_34,0.04171710088849068
F219,feature_219,0.041712794452905655
F5667,feature_5667,0.041706882417201996
F7574,feature_7574,0.041706543415784836
F1289,feature_1289,0.041701242327690125
F6226,feature_6226,0.04169861227273941
F9770,feature_9770,0.04169832915067673
F2015,feature_2015,0.04169648885726929
F2568,feature_2568,0.04169323667883873
F4136,feature_4136,0.04168957099318504
F5108,feature_5108,0.04168887808918953
F9098,feature_9098,0.041688136756420135
F5550,feature_5550,0.041688092052936554
F9416,feature_9416,0.041677143424749374
F8495,feature_8495,0.0416746623814106
F7784,feature_7784,0.04167235642671585
F9420,feature_9420,0.04167184978723526
F6579,feature_6579,0.041665881872177124
F4737,feature_4737,0.0416632741689682
F749,feature_749,0.041661493480205536
F1025,feature_1025,0.04166136309504509
F8624,feature_8624,0.041657838970422745
F4264,feature_4264,0.041654858738183975
F2914,feature_2914,0.04165381193161011
F4244,feature_4244,0.04165244475007057
F2351,feature_2351,0.04165055602788925
F1599,feature_1599,0.04164688289165497
F6709,feature_6709,0.041641369462013245
F1716,feature_1716,0.04163660481572151
F7515,feature_7515,0.04163593798875809
F7858,feature_7858,0.041624560952186584
F8522,feature_8522,0.04161549359560013
F3924,feature_3924,0.04161061346530914
F8723,feature_8723,0.04160534590482712
F3386,feature_3386,0.04160303995013237
F3126,feature_3126,0.04159994423389435
F4769,feature_4769,0.041598208248615265
F8163,feature_8163,0.04159407317638397
F4601,feature_4601,0.04159161075949669
F9661,feature_9661,0.04159018397331238
F8230,feature_8230,0.04158785566687584
F3695,feature_3695,0.04158671572804451
F458,feature_458,0.04158465564250946
F5220,feature_5220,0.04158451408147812
F8400,feature_8400,0.04158345237374306
F2360,feature_2360,0.04158302769064903
F6884,feature_6884,0.041582249104976654
F3816,feature_3816,0.04157852381467819
F5105,feature_5105,0.041575584560632706
F9569,feature_9569,0.04157498478889465
F3086,feature_3086,0.04157363623380661
F4195,feature_4195,0.04157111421227455
F7665,feature_7665,0.0415695384144783
F3719,feature_3719,0.041569143533706665
F7719,feature_7719,0.041567590087652206
F3019,feature_3019,0.04156605899333954
F4986,feature_4986,0.04156574234366417
F7593,feature_7593,0.04156253859400749
F6367,feature_6367,0.041555676609277725
F9293,feature_9293,0.04155547171831131
F420,feature_420,0.04154454544186592
F3568,feature_3568,0.041543565690517426
F1263,feature_1263,0.04153871536254883
F6336,feature_6336,0.04153503105044365
F8153,feature_8153,0.041534263640642166
F5174,feature_5174,0.04153401032090187
F6768,feature_6768,0.04152948036789894
F2333,feature_2333,0.04152941331267357
F8309,feature_8309,0.04152896627783775
F2024,feature_2024,0.04152708873152733
F2329,feature_2329,0.04152686521410942
F5048,feature_5048,0.04152469336986542
F5959,feature_5959,0.04152096062898636
F2237,feature_2237,0.04151865839958191
F4398,feature_4398,0.041518062353134155
F2258,feature_2258,0.041514232754707336
F3838,feature_3838,0.041508663445711136
F5904,feature_5904,0.04150812327861786
F9266,feature_9266,0.04150483384728432
F5542,feature_5542,0.04150472953915596
F7100,feature_7100,0.04150235652923584
F8169,feature_8169,0.041499532759189606
F4533,feature_4533,0.041497375816106796
F200,feature_200,0.04149675741791725
F8129,feature_8129,0.04149412736296654
F2919,feature_2919,0.04149135202169418
F4353,feature_4353,0.04149080440402031
F3704,feature_3704,0.041488416492938995
F4963,feature_4963,0.04148269072175026
F2431,feature_2431,0.041481658816337585
F5148,feature_5148,0.04147984832525253
F1713,feature_1713,0.04147446155548096
F3664,feature_3664,0.041473109275102615
F8566,feature_8566,0.04147164151072502
F7711,feature_7711,0.04146930202841759
F752,feature_752,0.04146822541952133
F9528,feature_9528,0.04146566241979599
F3714,feature_3714,0.041460081934928894
F2511,feature_2511,0.04145960137248039
F6535,feature_6535,0.04145931452512741
F9568,feature_9568,0.04145738109946251
F4806,feature_4806,0.041454967111349106
F1950,feature_1950,0.04145251214504242
F9988,feature_9988,0.041449904441833496
F2838,feature_2838,0.041449569165706635
F6630,feature_6630,0.04144774004817009
F729,feature_729,0.041446175426244736
F4051,feature_4051,0.04144589975476265
F3972,feature_3972,0.04144544526934624
F2506,feature_2506,0.04144429787993431
F5099,feature_5099,0.04144255816936493
F6164,feature_6164,0.04144177585840225
F6896,feature_6896,0.041439905762672424
F7144,feature_7144,0.04143534228205681
F573,feature_573,0.04143039509654045
F8174,feature_8174,0.04142891988158226
F4351,feature_4351,0.04142540693283081
F5637,feature_5637,0.041423361748456955
F2051,feature_2051,0.04142216220498085
F1547,feature_1547,0.041421111673116684
F5857,feature_5857,0.041418254375457764
F4491,feature_4491,0.041416704654693604
F9599,feature_9599,0.04141531512141228
F2576,feature_2576,0.04141456261277199
F895,feature_895,0.04141412675380707
F5372,feature_5372,0.041410453617572784
F1928,feature_1928,0.04140739515423775
F367,feature_367,0.04140687733888626
F2929,feature_2929,0.0414036326110363
F9285,feature_9285,0.04140271618962288
F2480,feature_2480,0.041400957852602005
F9396,feature_9396,0.04139658436179161
F9174,feature_9174,0.04139652103185654
F1494,feature_1494,0.041387494653463364
F3506,feature_3506,0.04138614609837532
F1789,feature_1789,0.04138444736599922
F6795,feature_6795,0.04138113930821419
F9873,feature_9873,0.04137575626373291
F5044,feature_5044,0.04137240722775459
F4177,feature_4177,0.04137139022350311
F8835,feature_8835,0.04137023165822029
F9818,feature_9818,0.041369933634996414
F1998,feature_1998,0.04136555269360542
F7932,feature_7932,0.0413639135658741
F9459,feature_9459,0.041361600160598755
F6844,feature_6844,0.041361596435308456
F1275,feature_1275,0.04136126488447189
F7928,feature_7928,0.041354186832904816
F7048,feature_7048,0.041349589824676514
F7162,feature_7162,0.0413489006459713
F1170,feature_1170,0.041348498314619064
F6669,feature_6669,0.04134674370288849
F6018,feature_6018,0.04134304076433182
F8113,feature_8113,0.041342321783304214
F9356,feature_9356,0.04134020954370499
F7517,feature_7517,0.04133492335677147
F8570,feature_8570,0.04133427143096924
F5598,feature_5598,0.041331637650728226
F6680,feature_6680,0.04132717847824097
F4487,feature_4487,0.041323769837617874
F9901,feature_9901,0.04131954908370972
F9911,feature_9911,0.04130825772881508
F2256,feature_2256,0.04130804166197777
F4275,feature_4275,0.04130730405449867
F3363,feature_3363,0.04130522534251213
F4629,feature_4629,0.04130483791232109
F712,feature_712,0.041296109557151794
F5296,feature_5296,0.04129340872168541
F3423,feature_3423,0.041290052235126495
F8801,feature_8801,0.04128953814506531
F1899,feature_1899,0.04128626734018326
F3043,feature_3043,0.04128599911928177
F8906,feature_8906,0.041283756494522095
F4078,feature_4078,0.04127731919288635
F9476,feature_9476,0.041276510804891586
F3619,feature_3619,0.04127553477883339
F1516,feature_1516,0.041274841874837875
F1380,feature_1380,0.04127270728349686
F9566,feature_9566,0.04127254709601402
F4755,feature_4755,0.041271913796663284
F6271,feature_6271,0.04126978665590286
F9686,feature_9686,0.04126828536391258
F3851,feature_3851,0.04126382991671562
F6890,feature_6890,0.04125951603055
F5497,feature_5497,0.04125918447971344
F3537,feature_3537,0.041252341121435165
F6350,feature_6350,0.04124552011489868
F9843,feature_9843,0.04124521091580391
F4647,feature_4647,0.0412447527050972
F3757,feature_3757,0.04124436154961586
F4040,feature_4040,0.041244085878133774
F8916,feature_8916,0.041241198778152466
F2279,feature_2279,0.04123946651816368
F6533,feature_6533,0.04123895242810249
F5903,feature_5903,0.041237153112888336
F3161,feature_3161,0.041237059980630875
F2035,feature_2035,0.04123537987470627
F5280,feature_5280,0.04123138636350632
F1653,feature_1653,0.04122849181294441
F1852,feature_1852,0.04122769832611084
F31,feature_31,0.04122711718082428
F1775,feature_1775,0.04122679680585861
F4199,feature_4199,0.04122629761695862
F9503,feature_9503,0.04122390225529671
F8065,feature_8065,0.041220083832740784
F9486,feature_9486,0.04121933504939079
F1932,feature_1932,0.0412176176905632
F3708,feature_3708,0.04121691733598709
F9875,feature_9875,0.04121645167469978
F732,feature_732,0.041213683784008026
F8390,feature_8390,0.04121045023202896
F4071,feature_4071,0.04120984673500061
F3339,feature_3339,0.04120810702443123
F7819,feature_7819,0.0412038117647171
F6806,feature_6806,0.04119669646024704
F1531,feature_1531,0.04119548946619034
F436,feature_436,0.04119262844324112
F7373,feature_7373,0.041187215596437454
F2613,feature_2613,0.04118542745709419
F4210,feature_4210,0.041179247200489044
F6172,feature_6172,0.041178543120622635
F9919,feature_9919,0.04117809236049652
F4007,feature_4007,0.041172996163368225
F1680,feature_1680,0.04117177799344063
F2346,feature_2346,0.04116637259721756
F2981,feature_2981,0.04116537421941757
F6485,feature_6485,0.04116383567452431
F4566,feature_4566,0.04116307944059372
F7366,feature_7366,0.04115856811404228
F8145,feature_8145,0.041154712438583374
F1585,feature_1585,0.0411524698138237
F8066,feature_8066,0.04114708676934242
F1646,feature_1646,0.04114457219839096
F5738,feature_5738,0.04113774001598358
F4750,feature_4750,0.04113641381263733
F7920,feature_7920,0.04113541916012764
F5152,feature_5152,0.04113132506608963
F4701,feature_4701,0.041123561561107635
F3987,feature_3987,0.04111998900771141
F7398,feature_7398,0.04111948609352112
F1192,feature_1192,0.0411146841943264
F2648,feature_2648,0.0411086343228817
F4411,feature_4411,0.041108377277851105
F5210,feature_5210,0.04110637307167053
F5911,feature_5911,0.04110519215464592
F3213,feature_3213,0.04110512509942055
F8572,feature_8572,0.04110262170433998
F2189,feature_2189,0.04109807312488556
F5750,feature_5750,0.04109678417444229
F8366,feature_8366,0.04109462350606918
F1511,feature_1511,0.04109352454543114
F919,feature_919,0.04108930751681328
F1132,feature_1132,0.0410851314663887
F2952,feature_2952,0.04108273237943649
F3852,feature_3852,0.04108152538537979
F7911,feature_7911,0.04108094796538353
F273,feature_273,0.0410793162882328
F8856,feature_8856,0.04107723757624626
F3091,feature_3091,0.041076693683862686
F4516,feature_4516,0.041075535118579865
F332,feature_332,0.04107018932700157
F3144,feature_3144,0.04106954485177994
F6249,feature_6249,0.04106703773140907
F1665,feature_1665,0.04106636345386505
F3489,feature_3489,0.041065461933612823
F7287,feature_7287,0.041060954332351685
F1247,feature_1247,0.04105913266539574
F9593,feature_9593,0.0410570465028286
F8150,feature_8150,0.04105537384748459
F9180,feature_9180,0.041053202003240585
F3964,feature_3964,0.04104882851243019
F3276,feature_3276,0.041047610342502594
F1749,feature_1749,0.04104569926857948
F1024,feature_1024,0.04104069620370865
F4915,feature_4915,0.04103972762823105
F6293,feature_6293,0.041038911789655685
F6590,feature_6590,0.041037749499082565
F6170,feature_6170,0.04103202000260353
F7649,feature_7649,0.04103057086467743
F5945,feature_5945,0.041025351732969284
F1119,feature_1119,0.04102354124188423
F9655,feature_9655,0.04102334380149841
F202,feature_202,0.04102126136422157
F3960,feature_3960,0.0410190224647522
F9433,feature_9433,0.0410190112888813
F6424,feature_6424,0.041018933057785034
F4068,feature_4068,0.04101657122373581
F697,feature_697,0.041015904396772385
F4514,feature_4514,0.04101451858878136
F1880,feature_1880,0.041014499962329865
F2691,feature_2691,0.04101185500621796
F3367,feature_3367,0.04101155698299408
F3235,feature_3235,0.04100999981164932
F6797,feature_6797,0.04100346192717552
F6934,feature_6934,0.041002605110406876
F2894,feature_2894,0.04100089892745018
F1352,feature_1352,0.04099958762526512
F4543,feature_4543,0.04099930822849274
F6005,feature_6005,0.04099011421203613
F8758,feature_8758,0.040988046675920486
F5282,feature_5282,0.04097512736916542
F5205,feature_5205,0.04097292944788933
F5080,feature_5080,0.040968313813209534
F5113,feature_5113,0.04096662998199463
F5554,feature_5554,0.04096532240509987
F1149,feature_1149,0.04095608368515968
F5686,feature_5686,0.04095078632235527
F8133,feature_8133,0.04094827547669411
F1431,feature_1431,0.040943969041109085
F8532,feature_8532,0.04093636944890022
F1417,feature_1417,0.04093605652451515
F4038,feature_4038,0.04093478247523308
F6304,feature_6304,0.0409344844520092
F4387,feature_4387,0.04092543199658394
F4707,feature_4707,0.04092404618859291
F2807,feature_2807,0.04092327877879143
F1997,feature_1997,0.04092082381248474
F9795,feature_9795,0.040917396545410156
F6876,feature_6876,0.04091726243495941
F8303,feature_8303,0.040915243327617645
F2596,feature_2596,0.04091401398181915
F1140,feature_1140,0.040912169963121414
F1502,feature_1502,0.040911003947257996
F4953,feature_4953,0.04090967774391174
F4846,feature_4846,0.04090416803956032
F5356,feature_5356,0.04090151563286781
F7276,feature_7276,0.04089950770139694
F1430,feature_1430,0.04089600220322609
F2247,feature_2247,0.040894754230976105
F6236,feature_6236,0.040884699672460556
F7148,feature_7148,0.040883682668209076
F8111,feature_8111,0.04087993502616882
F3930,feature_3930,0.04087868332862854
F775,feature_775,0.0408780537545681
F4183,feature_4183,0.04087252542376518
F3180,feature_3180,0.04087008535861969
F7476,feature_7476,0.04086939990520477
F6526,feature_6526,0.0408683605492115
F3142,feature_3142,0.040867604315280914
F6543,feature_6543,0.0408671535551548
F6565,feature_6565,0.04086712747812271
F4907,feature_4907,0.04086649417877197
F9803,feature_9803,0.04086325690150261
F5457,feature_5457,0.040859661996364594
F2235,feature_2235,0.04085707291960716
F9003,feature_9003,0.040856700390577316
F9965,feature_9965,0.040854956954717636
F189,feature_189,0.04085325449705124
F2749,feature_2749,0.04085167869925499
F7844,feature_7844,0.04085131362080574
F1098,feature_1098,0.040851298719644547
F7414,feature_7414,0.040850598365068436
F8971,feature_8971,0.04084824398159981
F2032,feature_2032,0.04084154590964317
F5991,feature_5991,0.04083970561623573
F506,feature_506,0.04083248972892761
F2758,feature_2758,0.040832120925188065
F7367,feature_7367,0.0408313050866127
F7900,feature_7900,0.04082997143268585
F7111,feature_7111,0.04082803428173065
F1066,feature_1066,0.04081977903842926
F1815,feature_1815,0.04081454873085022
F7969,feature_7969,0.04081377387046814
F3862,feature_3862,0.04081279784440994
F3657,feature_3657,0.04080716148018837
F9035,feature_9035,0.04080605134367943
F3660,feature_3660,0.040802739560604095
F753,feature_753,0.04080171883106232
F4116,feature_4116,0.04080146178603172
F4403,feature_4403,0.040800102055072784
F1389,feature_1389,0.040799565613269806
F311,feature_311,0.0407959520816803
F6684,feature_6684,0.040795013308525085
F7189,feature_7189,0.04079379141330719
F5200,feature_5200,0.0407937653362751
F5681,feature_5681,0.04079163819551468
F1620,feature_1620,0.0407903827726841
F4084,feature_4084,0.04078935086727142
F5005,feature_5005,0.04078890383243561
F1210,feature_1210,0.0407821349799633
F2426,feature_2426,0.040781617164611816
F3910,feature_3910,0.04078146442770958
F209,feature_209,0.04077858477830887
F6688,feature_6688,0.04076746478676796
F874,feature_874,0.04076492786407471
F1948,feature_1948,0.04076366499066353
F8487,feature_8487,0.04076189920306206
F2143,feature_2143,0.04075924679636955
F2116,feature_2116,0.04075697436928749
F8126,feature_8126,0.04075218737125397
F7332,feature_7332,0.040747396647930145
F8,feature_8,0.04074380546808243
F6311,feature_6311,0.04074334353208542
F7562,feature_7562,0.040740225464105606
F3834,feature_3834,0.040739286690950394
F6665,feature_6665,0.04073807969689369
F4804,feature_4804,0.04073388874530792
F649,feature_649,0.04073074087500572
F5000,feature_5000,0.040723785758018494
F8403,feature_8403,0.040719687938690186
F873,feature_873,0.04070806875824928
F9171,feature_9171,0.04070623591542244
F8196,feature_8196,0.04070297256112099
F8327,feature_8327,0.040702931582927704
F3283,feature_3283,0.040699541568756104
F1681,feature_1681,0.04069041460752487
F6312,feature_6312,0.040689632296562195
F2295,feature_2295,0.04068839177489281
F2465,feature_2465,0.040685370564460754
F8646,feature_8646,0.04067980870604515
F1240,feature_1240,0.04067487642168999
F9403,feature_9403,0.04067181050777435
F2022,feature_2022,0.040671393275260925
F1512,feature_1512,0.04067079350352287
F7800,feature_7800,0.04066094383597374
F3969,feature_3969,0.04065961018204689
F2956,feature_2956,0.04065815731883049
F2439,feature_2439,0.0406540147960186
F8832,feature_8832,0.040640175342559814
F1123,feature_1123,0.04063843935728073
F2406,feature_2406,0.040634576231241226
F7696,feature_7696,0.04063435271382332
F7069,feature_7069,0.040632233023643494
F9595,feature_9595,0.04063131660223007
F949,feature_949,0.040631283074617386
F8544,feature_8544,0.04063117876648903
F8746,feature_8746,0.04062729328870773
F2644,feature_2644,0.04062657430768013
F981,feature_981,0.040626250207424164
F4964,feature_4964,0.040626026690006256
F266,feature_266,0.04062211886048317
F4639,feature_4639,0.04061289504170418
F2185,feature_2185,0.04061178117990494
F3430,feature_3430,0.04060547798871994
F3584,feature_3584,0.04060465469956398
F3679,feature_3679,0.040604520589113235
F9642,feature_9642,0.04060351476073265
F3156,feature_3156,0.040599413216114044
F6560,feature_6560,0.04059801995754242
F380,feature_380,0.04059682786464691
F2469,feature_2469,0.04059552401304245
F9119,feature_9119,0.040593236684799194
F2845,feature_2845,0.04059285670518875
F9722,feature_9722,0.04059026390314102
F5574,feature_5574,0.040587618947029114
F1676,feature_1676,0.0405864492058754
F9126,feature_9126,0.040585778653621674
F6450,feature_6450,0.04058237001299858
F9819,feature_9819,0.040576037019491196
F8291,feature_8291,0.0405757874250412
F543,feature_543,0.040574561804533005
F2489,feature_2489,0.04057067260146141
F6832,feature_6832,0.040570542216300964
F4468,feature_4468,0.04056965187191963
F716,feature_716,0.04056659713387489
F9011,feature_9011,0.04056505486369133
F2005,feature_2005,0.040564753115177155
F2675,feature_2675,0.040563762187957764
F1270,feature_1270,0.04056249186396599
F3595,feature_3595,0.040556520223617554
F1835,feature_1835,0.040553800761699677
F5340,feature_5340,0.04055348038673401
F912,feature_912,0.040553461760282516
F5917,feature_5917,0.04055216908454895
F7322,feature_7322,0.04054538905620575
F914,feature_914,0.04054490476846695
F2747,feature_2747,0.04054258391261101
F4852,feature_4852,0.04054171219468117
F6649,feature_6649,0.04054119065403938
F1557,feature_1557,0.040530186146497726
F808,feature_808,0.04052424058318138
F5970,feature_5970,0.040523797273635864
F1618,feature_1618,0.04052180424332619
F7694,feature_7694,0.0405203253030777
F7173,feature_7173,0.04051788151264191
F5767,feature_5767,0.040515948086977005
F8846,feature_8846,0.040515393018722534
F429,feature_429,0.040515098720788956
F1143,feature_1143,0.04051420837640762
F1177,feature_1177,0.04050877317786217
F3559,feature_3559,0.04050488397479057
F5873,feature_5873,0.040503595024347305
F2241,feature_2241,0.04050350561738014
F8047,feature_8047,0.040502797812223434
F8226,feature_8226,0.04049154743552208
F7792,feature_7792,0.04049047827720642
F7455,feature_7455,0.04048927128314972
F6745,feature_6745,0.04048822075128555
F2666,feature_2666,0.04048748314380646
F294,feature_294,0.04048541933298111
F526,feature_526,0.04048304259777069
F5587,feature_5587,0.040481917560100555
F3981,feature_3981,0.040480103343725204
F3215,feature_3215,0.040478192269802094
F3351,feature_3351,0.0404745452105999
F598,feature_598,0.04047364369034767
F1185,feature_1185,0.0404711589217186
F1326,feature_1326,0.0404709130525589
F8455,feature_8455,0.04047064483165741
F6008,feature_6008,0.040466707199811935
F6408,feature_6408,0.040465861558914185
F1188,feature_1188,0.04046492278575897
F2585,feature_2585,0.040461234748363495
F4612,feature_4612,0.04045991599559784
F8817,feature_8817,0.04045889154076576
F6955,feature_6955,0.04045848175883293
F1753,feature_1753,0.04045601934194565
F2064,feature_2064,0.04045237973332405
F6053,feature_6053,0.0404481440782547
F6465,feature_6465,0.04044537991285324
F592,feature_592,0.040444325655698776
F1491,feature_1491,0.04044086113572121
F7101,feature_7101,0.04043940082192421
F9179,feature_9179,0.04043847322463989
F5288,feature_5288,0.04043541103601456
F4926,feature_4926,0.040432900190353394
F2932,feature_2932,0.04042787849903107
F5067,feature_5067,0.04042553901672363
F109,feature_109,0.04042302444577217
F5984,feature_5984,0.040419988334178925
F3220,feature_3220,0.04041925072669983
F5412,feature_5412,0.040417663753032684
F1412,feature_1412,0.04041564464569092
F970,feature_970,0.040413521230220795
F8740,feature_8740,0.040412597358226776
F9631,feature_9631,0.040410783141851425
F8542,feature_8542,0.040405839681625366
F7457,feature_7457,0.04040522128343582
F9541,feature_9541,0.04040258750319481
F2216,feature_2216,0.040390610694885254
F3347,feature_3347,0.04039058834314346
F5417,feature_5417,0.0403878390789032
F2626,feature_2626,0.04038752615451813
F3690,feature_3690,0.04038704186677933
F3112,feature_3112,0.04038553684949875
F2869,feature_2869,0.040384892374277115
F7329,feature_7329,0.04037553444504738
F2142,feature_2142,0.040375374257564545
F5595,feature_5595,0.04037511348724365
F5649,feature_5649,0.04037484526634216
F1757,feature_1757,0.04037308320403099
F8663,feature_8663,0.04037022963166237
F1074,feature_1074,0.04036729782819748
F8519,feature_8519,0.04036616161465645
F6834,feature_6834,0.040364861488342285
F9322,feature_9322,0.04036463052034378
F3219,feature_3219,0.04036005213856697
F3773,feature_3773,0.04035653918981552
F4735,feature_4735,0.040355585515499115
F940,feature_940,0.04035557433962822
F6851,feature_6851,0.040349893271923065
F6403,feature_6403,0.040349122136831284
F8587,feature_8587,0.04034760221838951
F7446,feature_7446,0.04034639522433281
F7866,feature_7866,0.040344301611185074
F9475,feature_9475,0.04034380987286568
F9153,feature_9153,0.040341008454561234
F9461,feature_9461,0.04033757746219635
F2243,feature_2243,0.040336403995752335
F5442,feature_5442,0.040334273129701614
F5501,feature_5501,0.0403338260948658
F708,feature_708,0.04033316671848297
F6467,feature_6467,0.04032818600535393
F559,feature_559,0.0403217077255249
F1059,feature_1059,0.04032012075185776
F8437,feature_8437,0.040309783071279526
F3515,feature_3515,0.040304675698280334
F1908,feature_1908,0.04029737040400505
F2630,feature_2630,0.04029465839266777
F3751,feature_3751,0.04029351472854614
F7973,feature_7973,0.040293000638484955
F977,feature_977,0.040288735181093216
F1043,feature_1043,0.04028774052858353
F8986,feature_8986,0.04028647020459175
F4669,feature_4669,0.040278419852256775
F3961,feature_3961,0.040267232805490494
F4510,feature_4510,0.04026303440332413
F9339,feature_9339,0.04025932773947716
F4376,feature_4376,0.04025830328464508
F6704,feature_6704,0.04025803133845329
F548,feature_548,0.040257081389427185
F5387,feature_5387,0.04025229439139366
F1436,feature_1436,0.04023902490735054
F2182,feature_2182,0.04023769870400429
F1102,feature_1102,0.040237024426460266
F4702,feature_4702,0.04023633152246475
F7669,feature_7669,0.040234751999378204
F6504,feature_6504,0.0402340330183506
F8269,feature_8269,0.04022993892431259
F5156,feature_5156,0.04022933170199394
F6815,feature_6815,0.040229104459285736
F7494,feature_7494,0.04022892192006111
F9454,feature_9454,0.04022475704550743
F8268,feature_8268,0.04022296890616417
F1195,feature_1195,0.04022187367081642
F8089,feature_8089,0.04022147133946419
F7904,feature_7904,0.040214743465185165
F8401,feature_8401,0.04021336883306503
F3389,feature_3389,0.04020308703184128
F3740,feature_3740,0.040200892835855484
F1783,feature_1783,0.040199097245931625
F8502,feature_8502,0.04019150882959366
F4083,feature_4083,0.04019128903746605
F5336,feature_5336,0.0401897206902504
F4102,feature_4102,0.040187448263168335
F7049,feature_7049,0.040186986327171326
F2440,feature_2440,0.0401868037879467
F640,feature_640,0.0401846319437027
F9802,feature_9802,0.04018069803714752
F6887,feature_6887,0.04017810896039009
F1858,feature_1858,0.04017557203769684
F9380,feature_9380,0.04017348960042
F5868,feature_5868,0.04017212241888046
F9907,feature_9907,0.040169816464185715
F2127,feature_2127,0.0401676744222641
F1953,feature_1953,0.040166862308979034
F2105,feature_2105,0.040166229009628296
F4699,feature_4699,0.04016364738345146
F8378,feature_8378,0.040160998702049255
F4274,feature_4274,0.04016070440411568
F8639,feature_8639,0.040157947689294815
F7254,feature_7254,0.04015578329563141
F8213,feature_8213,0.04015498235821724
F9477,feature_9477,0.04015342518687248
F2847,feature_2847,0.04015287011861801
F2072,feature_2072,0.04014752432703972
F7565,feature_7565,0.04014728218317032
F9315,feature_9315,0.040146682411432266
F8503,feature_8503,0.04014408215880394
F4444,feature_4444,0.040143512189388275
F8839,feature_8839,0.04014251008629799
F9990,feature_9990,0.040140826255083084
F7319,feature_7319,0.04013992100954056
F7017,feature_7017,0.04013952240347862
F4939,feature_4939,0.04013759270310402
F3845,feature_3845,0.04013730213046074
F8071,feature_8071,0.04013565555214882
F3990,feature_3990,0.04013446345925331
F964,feature_964,0.04013283550739288
F8548,feature_8548,0.040132150053977966
F8573,feature_8573,0.04012429714202881
F2700,feature_2700,0.04010957106947899
F6405,feature_6405,0.04010559618473053
F3172,feature_3172,0.04010090231895447
F8662,feature_8662,0.040099307894706726
F379,feature_379,0.04009778052568436
F1471,feature_1471,0.04009685292840004
F3883,feature_3883,0.04009569063782692
F941,feature_941,0.040092092007398605
F416,feature_416,0.04009166359901428
F8164,feature_8164,0.04009019955992699
F5850,feature_5850,0.040083568543195724
F877,feature_877,0.040083251893520355
F9261,feature_9261,0.04008299484848976
F4500,feature_4500,0.040082305669784546
F2641,feature_2641,0.04008070379495621
F4762,feature_4762,0.04007866233587265
F4917,feature_4917,0.04007801413536072
F6857,feature_6857,0.040076036006212234
F8685,feature_8685,0.0400691032409668
F4688,feature_4688,0.04006753861904144
F2798,feature_2798,0.04006543010473251
F140,feature_140,0.040059894323349
F167,feature_167,0.04005713015794754
F4551,feature_4551,0.04005667567253113
F1607,feature_1607,0.04005550593137741
F8584,feature_8584,0.04005224257707596
F3453,feature_3453,0.04005132243037224
F43,feature_43,0.04005066305398941
F2727,feature_2727,0.04004714637994766
F8980,feature_8980,0.04004380479454994
F4093,feature_4093,0.04004155844449997
F492,feature_492,0.04004120081663132
F2126,feature_2126,0.04004060849547386
F2047,feature_2047,0.04003818333148956
F2184,feature_2184,0.04003798961639404
F4954,feature_4954,0.04003738984465599
F7531,feature_7531,0.04002958908677101
F2546,feature_2546,0.04002906754612923
F8375,feature_8375,0.040024686604738235
F9632,feature_9632,0.040024515241384506
F4217,feature_4217,0.04002252593636513
F9609,feature_9609,0.04001918062567711
F3461,feature_3461,0.04001748561859131
F108,feature_108,0.04001458361744881
F3402,feature_3402,0.04001440107822418
F6061,feature_6061,0.040013086050748825
F1182,feature_1182,0.04001240059733391
F4027,feature_4027,0.040012311190366745
F1761,feature_1761,0.04001050069928169
F6527,feature_6527,0.040003702044487
F6826,feature_6826,0.040003396570682526
F7893,feature_7893,0.04000239819288254
F7659,feature_7659,0.04000173509120941
F7033,feature_7033,0.04000166803598404
F3725,feature_3725,0.039999742060899734
F1169,feature_1169,0.03999512642621994
F3422,feature_3422,0.03999283164739609
F8225,feature_8225,0.039991091936826706
F5592,feature_5592,0.03998890519142151
F3892,feature_3892,0.03998389095067978
F8997,feature_8997,0.03998345509171486
F8010,feature_8010,0.039982836693525314
F9829,feature_9829,0.039981357753276825
F443,feature_443,0.039981115609407425
F7648,feature_7648,0.03997918963432312
F8610,feature_8610,0.03997600078582764
F9313,feature_9313,0.03997042402625084
F301,feature_301,0.03996216133236885
F2054,feature_2054,0.03995441645383835
F9311,feature_9311,0.03995348513126373
F1018,feature_1018,0.03995257988572121
F9278,feature_9278,0.03995218873023987
F1306,feature_1306,0.03995076194405556
F7197,feature_7197,0.03995031490921974
F9739,feature_9739,0.039947766810655594
F3532,feature_3532,0.039944253861904144
F1057,feature_1057,0.03994326293468475
F4929,feature_4929,0.039942607283592224
F4553,feature_4553,0.03994143754243851
F2138,feature_2138,0.039936237037181854
F5651,feature_5651,0.03993537276983261
F5263,feature_5263,0.03993338346481323
F4179,feature_4179,0.03993307054042816
F5536,feature_5536,0.039932530373334885
F3522,feature_3522,0.03992628678679466
F9878,feature_9878,0.03992230445146561
F8423,feature_8423,0.03991810977458954
F265,feature_265,0.03991781547665596
F3859,feature_3859,0.039916153997182846
F2194,feature_2194,0.03991588577628136
F335,feature_335,0.0399150550365448
F4568,feature_4568,0.039913833141326904
F3355,feature_3355,0.039905447512865067
F6757,feature_6757,0.03990451619029045
F9936,feature_9936,0.03990420326590538
F2156,feature_2156,0.03990378975868225
F9894,feature_9894,0.03990243747830391
F280,feature_280,0.03990156576037407
F6639,feature_6639,0.039900753647089005
F6083,feature_6083,0.039895493537187576
F8046,feature_8046,0.03989366441965103
F5013,feature_5013,0.0398930162191391
F1118,feature_1118,0.03988875448703766
F2995,feature_2995,0.03988824412226677
F5630,feature_5630,0.03988710790872574
F9445,feature_9445,0.03988606110215187
F6975,feature_6975,0.03988419473171234
F7131,feature_7131,0.03988349437713623
F9091,feature_9091,0.03988226130604744
F4110,feature_4110,0.03987818956375122
F9744,feature_9744,0.039878133684396744
F5107,feature_5107,0.03987546265125275
F7962,feature_7962,0.03987329453229904
F9769,feature_9769,0.03987270966172218
F1294,feature_1294,0.039866551756858826
F9610,feature_9610,0.03986623138189316
F624,feature_624,0.03986556455492973
F9512,feature_9512,0.03986315429210663
F3448,feature_3448,0.039862364530563354
F2300,feature_2300,0.039860598742961884
F1871,feature_1871,0.03985755145549774
F8834,feature_8834,0.03985320404171944
F8972,feature_8972,0.03984983637928963
F6731,feature_6731,0.03984649106860161
F2948,feature_2948,0.03984520584344864
F4552,feature_4552,0.03984489291906357
F507,feature_507,0.03984364867210388
F8806,feature_8806,0.03984025493264198
F6941,feature_6941,0.03983595222234726
F2868,feature_2868,0.03983401879668236
F2589,feature_2589,0.03983401507139206
F8890,feature_8890,0.039832811802625656
F4140,feature_4140,0.039832402020692825
F2253,feature_2253,0.03983038663864136
F142,feature_142,0.039828091859817505
F6717,feature_6717,0.03982510045170784
F4829,feature_4829,0.039822790771722794
F1506,feature_1506,0.039818134158849716
F7898,feature_7898,0.03981173783540726
F8425,feature_8425,0.039811450988054276
F7073,feature_7073,0.03980287164449692
F6094,feature_6094,0.03980262950062752
F3011,feature_3011,0.039802271872758865
F6799,feature_6799,0.03979942947626114
F811,feature_811,0.03979741036891937
F9077,feature_9077,0.039796095341444016
F3746,feature_3746,0.03979503735899925
F5837,feature_5837,0.03979482874274254
F8266,feature_8266,0.039794716984033585
F5752,feature_5752,0.03978775441646576
F8791,feature_8791,0.039786092936992645
F8489,feature_8489,0.039785463362932205
F9150,feature_9150,0.039782531559467316
F7471,feature_7471,0.03978048264980316
F5874,feature_5874,0.039778947830200195
F2450,feature_2450,0.039777565747499466
F7266,feature_7266,0.03977566957473755
F9450,feature_9450,0.03977256640791893
F7106,feature_7106,0.0397697351872921
F9624,feature_9624,0.039768774062395096
F5922,feature_5922,0.0397619865834713
F868,feature_868,0.03976095840334892
F9942,feature_9942,0.03976016119122505
F4368,feature_4368,0.03975771740078926
F9117,feature_9117,0.039753708988428116
F4405,feature_4405,0.03975297510623932
F8015,feature_8015,0.03975006565451622
F925,feature_925,0.039746735244989395
F7650,feature_7650,0.0397445373237133
F3191,feature_3191,0.03974334895610809
F3857,feature_3857,0.03974274545907974
F8252,feature_8252,0.0397370383143425
F1883,feature_1883,0.03973569720983505
F7632,feature_7632,0.03973458707332611
F9054,feature_9054,0.039729826152324677
F2792,feature_2792,0.03972470760345459
F7673,feature_7673,0.03972289711236954
F465,feature_465,0.03972207009792328
F966,feature_966,0.039721522480249405
F4358,feature_4358,0.039720892906188965
F345,feature_345,0.03972051292657852
F1482,feature_1482,0.03971724957227707
F5467,feature_5467,0.03971448540687561
F501,feature_501,0.0397031232714653
F6225,feature_6225,0.03969898447394371
F5704,feature_5704,0.03969695419073105
F482,feature_482,0.03969230502843857
F3158,feature_3158,0.039692141115665436
F8552,feature_8552,0.03968888148665428
F6349,feature_6349,0.039688244462013245
F8084,feature_8084,0.03968653082847595
F1180,feature_1180,0.03967712074518204
F9271,feature_9271,0.039671797305345535
F2820,feature_2820,0.03966619074344635
F7404,feature_7404,0.039663590490818024
F9190,feature_9190,0.03966328129172325
F821,feature_821,0.03966211527585983
F3989,feature_3989,0.0396537147462368
F5807,feature_5807,0.039650801569223404
F1862,feature_1862,0.039648592472076416
F107,feature_107,0.03964623808860779
F758,feature_758,0.03964182734489441
F3645,feature_3645,0.03963799402117729
F2742,feature_2742,0.03963775187730789
F9675,feature_9675,0.03963736444711685
F3010,feature_3010,0.0396370068192482
F1563,feature_1563,0.03963584825396538
F9689,feature_9689,0.03963477537035942
F3639,feature_3639,0.039629977196455
F487,feature_487,0.03962579369544983
F3371,feature_3371,0.0396234393119812
F1879,feature_1879,0.039619721472263336
F3598,feature_3598,0.039618514478206635
F3162,feature_3162,0.03961707651615143
F6273,feature_6273,0.039614737033843994
F7334,feature_7334,0.03961454704403877
F3672,feature_3672,0.039609890431165695
F8275,feature_8275,0.03960876911878586
F284,feature_284,0.03960779681801796
F6511,feature_6511,0.03960682451725006
F2446,feature_2446,0.03960675373673439
F3501,feature_3501,0.039605189114809036
F2265,feature_2265,0.039601657539606094
F3048,feature_3048,0.039600491523742676
F5117,feature_5117,0.03959774971008301
F9083,feature_9083,0.03959653154015541
F7146,feature_7146,0.03959350660443306
F4031,feature_4031,0.039590902626514435
F5680,feature_5680,0.0395895354449749
F2659,feature_2659,0.03958925977349281
F658,feature_658,0.03958737850189209
F2392,feature_2392,0.03958309814333916
F7598,feature_7598,0.039582982659339905
F9510,feature_9510,0.039582509547472
F1731,feature_1731,0.03958018496632576
F1096,feature_1096,0.039578456431627274
F178,feature_178,0.03957557678222656
F8354,feature_8354,0.03957534208893776
F8192,feature_8192,0.03957245126366615
F5502,feature_5502,0.03956891596317291
F6263,feature_6263,0.03956647589802742
F2530,feature_2530,0.03956132009625435
F2372,feature_2372,0.039559394121170044
F2309,feature_2309,0.039557989686727524
F4044,feature_4044,0.03955775871872902
F481,feature_481,0.039557576179504395
F27,feature_27,0.039557140320539474
F6174,feature_6174,0.0395546592772007
F9865,feature_9865,0.039553992450237274
F1445,feature_1445,0.03955285996198654
F7415,feature_7415,0.039552126079797745
F231,feature_231,0.03955046460032463
F1130,feature_1130,0.03954492136836052
F277,feature_277,0.0395442396402359
F9276,feature_9276,0.03954300284385681
F9394,feature_9394,0.03954022377729416
F8457,feature_8457,0.039539359509944916
F221,feature_221,0.03953846916556358
F5355,feature_5355,0.03953837603330612
F2274,feature_2274,0.0395374521613121
F584,feature_584,0.03953630104660988
F1063,feature_1063,0.03953535854816437
F5187,feature_5187,0.0395340733230114
F402,feature_402,0.039532359689474106
F163,feature_163,0.03952808678150177
F5786,feature_5786,0.039527881890535355
F9181,feature_9181,0.039523929357528687
F1978,feature_1978,0.039523813873529434
F8377,feature_8377,0.03952334448695183
F5097,feature_5097,0.03952330723404884
F1229,feature_1229,0.03952301666140556
F1064,feature_1064,0.03952079266309738
F8468,feature_8468,0.0395185612142086
F3282,feature_3282,0.03951602056622505
F958,feature_958,0.039514970034360886
F2925,feature_2925,0.03951377794146538
F6916,feature_6916,0.039506588131189346
F6289,feature_6289,0.039505891501903534
F2282,feature_2282,0.03950508311390877
F5007,feature_5007,0.03950486332178116
F7838,feature_7838,0.03950386121869087
F1462,feature_1462,0.0395037904381752
F1974,feature_1974,0.039503440260887146
F1005,feature_1005,0.039493005722761154
F952,feature_952,0.03949226066470146
F7967,feature_7967,0.03948555886745453
F9105,feature_9105,0.039481136947870255
F3184,feature_3184,0.03948069363832474
F431,feature_431,0.03947983682155609
F7684,feature_7684,0.039475247263908386
F8516,feature_8516,0.03947342932224274
F1023,feature_1023,0.039469894021749496
F2076,feature_2076,0.03946816921234131
F6703,feature_6703,0.03946743905544281
F3747,feature_3747,0.03946597874164581
F1196,feature_1196,0.039462488144636154
F4914,feature_4914,0.03945266082882881
F6891,feature_6891,0.0394519567489624
F6422,feature_6422,0.03944909945130348
F1439,feature_1439,0.03944871947169304
F3115,feature_3115,0.039443884044885635
F748,feature_748,0.039442889392375946
F1097,feature_1097,0.03944166377186775
F1265,feature_1265,0.039438698440790176
F9145,feature_9145,0.03943782299757004
F8983,feature_8983,0.03943462297320366
F2515,feature_2515,0.03943222016096115
F4670,feature_4670,0.03941810131072998
F2485,feature_2485,0.039414048194885254
F7136,feature_7136,0.03940490260720253
F5449,feature_5449,0.03940357267856598
F173,feature_173,0.03940139710903168
F220,feature_220,0.03939787670969963
F1333,feature_1333,0.03939324989914894
F6897,feature_6897,0.03939230740070343
F519,feature_519,0.039389386773109436
F6079,feature_6079,0.03938332945108414
F4716,feature_4716,0.039381664246320724
F9834,feature_9834,0.03937513008713722
F4003,feature_4003,0.03937434405088425
F9820,feature_9820,0.03937215358018875
F4463,feature_4463,0.03937089443206787
F9178,feature_9178,0.03936891630291939
F5065,feature_5065,0.03936628997325897
F9378,feature_9378,0.039364710450172424
F2128,feature_2128,0.03935970366001129
F778,feature_778,0.03935817629098892
F6819,feature_6819,0.039357125759124756
F7341,feature_7341,0.03935607150197029
F9933,feature_9933,0.03935469314455986
F1834,feature_1834,0.03935346007347107
F1271,feature_1271,0.03935331478714943
F8670,feature_8670,0.039352335035800934
F4674,feature_4674,0.03935141861438751
F3962,feature_3962,0.03934985771775246
F2526,feature_2526,0.039348624646663666
F3586,feature_3586,0.03934844583272934
F5365,feature_5365,0.03934485465288162
F6918,feature_6918,0.03934433311223984
F2325,feature_2325,0.039343755692243576
F2969,feature_2969,0.03933810815215111
F8323,feature_8323,0.03933803737163544
F9410,feature_9410,0.03933778405189514
F7326,feature_7326,0.0393376499414444
F1335,feature_1335,0.039333000779151917
F7299,feature_7299,0.03933224081993103
F8356,feature_8356,0.03933051973581314
F9203,feature_9203,0.0393260233104229
F7183,feature_7183,0.039323825389146805
F3874,feature_3874,0.03932302072644234
F5829,feature_5829,0.03932058811187744
F2477,feature_2477,0.039314769208431244
F5748,feature_5748,0.03931398689746857
F719,feature_719,0.03931232914328575
F7618,feature_7618,0.03931199759244919
F5567,feature_5567,0.03930320963263512
F6425,feature_6425,0.03929935023188591
F9698,feature_9698,0.03929835185408592
F8051,feature_8051,0.03929823637008667
F7396,feature_7396,0.039296746253967285
F8802,feature_8802,0.039290376007556915
F3937,feature_3937,0.03927912190556526
F3165,feature_3165,0.03927624970674515
F6585,feature_6585,0.0392734669148922
F3644,feature_3644,0.039271656423807144
F1718,feature_1718,0.03926920145750046
F6205,feature_6205,0.03926355391740799
F7556,feature_7556,0.03925304114818573
F3848,feature_3848,0.03925074636936188
F8518,feature_8518,0.03925018385052681
F6380,feature_6380,0.039249010384082794
F4371,feature_4371,0.039248958230018616
F8590,feature_8590,0.03924768418073654
F3829,feature_3829,0.039246439933776855
F9518,feature_9518,0.03923776000738144
F4951,feature_4951,0.03923657163977623
F1045,feature_1045,0.03923168033361435
F5539,feature_5539,0.03922969475388527
F7347,feature_7347,0.03922919183969498
F8058,feature_8058,0.03922878950834274
F3203,feature_3203,0.03922513499855995
F3385,feature_3385,0.03922168165445328
F6209,feature_6209,0.039218589663505554
F2550,feature_2550,0.039218418300151825
F1334,feature_1334,0.039218246936798096
F5711,feature_5711,0.03921578451991081
F8537,feature_8537,0.039215151220560074
F8818,feature_8818,0.039205342531204224
F3005,feature_3005,0.03920320048928261
F939,feature_939,0.03920184075832367
F532,feature_532,0.03919204697012901
F9165,feature_9165,0.03919149190187454
F7374,feature_7374,0.039190828800201416
F7834,feature_7834,0.03918919712305069
F772,feature_772,0.039188630878925323
F8671,feature_8671,0.039183106273412704
F8724,feature_8724,0.03918260335922241
F9574,feature_9574,0.039178118109703064
F5803,feature_5803,0.039177507162094116
F6186,feature_6186,0.03917732834815979
F2793,feature_2793,0.03917474299669266
F2302,feature_2302,0.039172060787677765
F8405,feature_8405,0.039170537143945694
F9231,feature_9231,0.039168573915958405
F9417,feature_9417,0.039167582988739014
F120,feature_120,0.03916729614138603
F8882,feature_8882,0.03916088491678238
F8779,feature_8779,0.03915594518184662
F7211,feature_7211,0.03915241360664368
F585,feature_585,0.039150092750787735
F4452,feature_4452,0.03914766386151314
F9233,feature_9233,0.03914516046643257
F9756,feature_9756,0.03913871571421623
F4626,feature_4626,0.03913604095578194
F9405,feature_9405,0.03913487121462822
F6610,feature_6610,0.03913268446922302
F4634,feature_4634,0.039129406213760376
F2423,feature_2423,0.03912564367055893
F917,feature_917,0.0391215905547142
F5610,feature_5610,0.03911406919360161
F4684,feature_4684,0.03911079838871956
F3366,feature_3366,0.03910854831337929
F7815,feature_7815,0.0391085222363472
F8738,feature_8738,0.039108384400606155
F721,feature_721,0.03910757973790169
F2056,feature_2056,0.03910393267869949
F3688,feature_3688,0.03910265862941742
F6977,feature_6977,0.039098069071769714
F9588,feature_9588,0.03909657523036003
F2922,feature_2922,0.039095040410757065
F6652,feature_6652,0.03909221664071083
F718,feature_718,0.03909008204936981
F3168,feature_3168,0.03908886760473251
F7490,feature_7490,0.039088379591703415
F5274,feature_5274,0.039087191224098206
F6418,feature_6418,0.03908685967326164
F4312,feature_4312,0.03908677026629448
F4592,feature_4592,0.03908592090010643
F2155,feature_2155,0.03908554092049599
F8087,feature_8087,0.03908471763134003
F1944,feature_1944,0.03908427432179451
F1804,feature_1804,0.039083316922187805
F1613,feature_1613,0.03907908499240875
F7990,feature_7990,0.039078496396541595
F2000,feature_2000,0.03907822445034981
F365,feature_365,0.03907516226172447
F3775,feature_3775,0.0390738807618618
F3286,feature_3286,0.03906875476241112
F5730,feature_5730,0.03906550630927086
F7093,feature_7093,0.03906528651714325
F9523,feature_9523,0.03906506299972534
F7617,feature_7617,0.03906329348683357
F3293,feature_3293,0.03906305879354477
F4408,feature_4408,0.03906247019767761
F8551,feature_8551,0.039059098809957504
F3790,feature_3790,0.03905897215008736
F4446,feature_4446,0.03905869275331497
F7705,feature_7705,0.03905799984931946
F1067,feature_1067,0.039055220782756805
F7308,feature_7308,0.03905489295721054
F2496,feature_2496,0.03905278816819191
F8492,feature_8492,0.039052192121744156
F3454,feature_3454,0.039051737636327744
F3458,feature_3458,0.03904696926474571
F5142,feature_5142,0.0390441007912159
F9742,feature_9742,0.03904283419251442
F9806,feature_9806,0.03904280439019203
F9131,feature_9131,0.039039496332407
F2402,feature_2402,0.039033547043800354
F2349,feature_2349,0.039030954241752625
F3250,feature_3250,0.039030756801366806
F7687,feature_7687,0.03902348503470421
F3155,feature_3155,0.03902285173535347
F9337,feature_9337,0.039018526673316956
F2251,feature_2251,0.03901754692196846
F1483,feature_1483,0.039013952016830444
F1204,feature_1204,0.039010901004076004
F3952,feature_3952,0.039009939879179
F5046,feature_5046,0.03900989890098572
F1675,feature_1675,0.039008449763059616
F6223,feature_6223,0.03900705277919769
F1746,feature_1746,0.03900684416294098
F7042,feature_7042,0.03900430351495743
F6103,feature_6103,0.03900236263871193
F6822,feature_6822,0.03900187090039253
F9711,feature_9711,0.03899995982646942
F810,feature_810,0.03899984434247017
F6152,feature_6152,0.038994353264570236
F6224,feature_6224,0.03899408504366875
F262,feature_262,0.038990557193756104
F9135,feature_9135,0.038990139961242676
F3624,feature_3624,0.03898809105157852
F4130,feature_4130,0.03898658975958824
F7769,feature_7769,0.03898574411869049
F9707,feature_9707,0.03898557275533676
F9587,feature_9587,0.03898179903626442
F6968,feature_6968,0.03898045793175697
F5676,feature_5676,0.038975946605205536
F4933,feature_4933,0.038973670452833176
F3797,feature_3797,0.038970716297626495
F313,feature_313,0.0389704704284668
F8580,feature_8580,0.03896571695804596
F7960,feature_7960,0.03896420821547508
F5881,feature_5881,0.038963429629802704
F9904,feature_9904,0.03895876184105873
F7754,feature_7754,0.03895802050828934
F9232,feature_9232,0.03895721584558487
F8773,feature_8773,0.03895603492856026
F4255,feature_4255,0.0389537550508976
F4593,feature_4593,0.0389530248939991
F9967,feature_9967,0.038952190428972244
F3237,feature_3237,0.03895014151930809
F9025,feature_9025,0.03894698619842529
F8475,feature_8475,0.03894604742527008
F9504,feature_9504,0.038945041596889496
F7400,feature_7400,0.03894457221031189
F7292,feature_7292,0.03894283249974251
F7744,feature_7744,0.038940660655498505
F5678,feature_5678,0.03894006833434105
F5890,feature_5890,0.03893755003809929
F5119,feature_5119,0.038934797048568726
F7006,feature_7006,0.03893468528985977
F8205,feature_8205,0.038933832198381424
F4394,feature_4394,0.03893224895000458
F253,feature_253,0.03893202170729637
F493,feature_493,0.03893028572201729
F5830,feature_5830,0.038929615169763565
F9125,feature_9125,0.03892851620912552
F6057,feature_6057,0.038923390209674835
F7235,feature_7235,0.03892207145690918
F3727,feature_3727,0.038915373384952545
F8392,feature_8392,0.03891437128186226
F962,feature_962,0.038904085755348206
F2457,feature_2457,0.03890150040388107
F6993,feature_6993,0.03889617696404457
F711,feature_711,0.03889597952365875
F480,feature_480,0.038895778357982635
F6015,feature_6015,0.03888268768787384
F1305,feature_1305,0.03888111189007759
F2721,feature_2721,0.03887960687279701
F388,feature_388,0.03887910023331642
F3270,feature_3270,0.03887821361422539
F1409,feature_1409,0.03887542709708214
F6448,feature_6448,0.03887411579489708
F6490,feature_6490,0.0388730987906456
F7067,feature_7067,0.03886883705854416
F7613,feature_7613,0.038866739720106125
F8426,feature_8426,0.03886614367365837
F1328,feature_1328,0.03886249288916588
F7239,feature_7239,0.03886039927601814
F8517,feature_8517,0.03885824605822563
F7253,feature_7253,0.03885532170534134
F4574,feature_4574,0.038850925862789154
F6355,feature_6355,0.03884824737906456
F4640,feature_4640,0.03884819149971008
F1558,feature_1558,0.03884051367640495
F7,feature_7,0.03883926197886467
F5983,feature_5983,0.0388387106359005
F8781,feature_8781,0.038833897560834885
F1092,feature_1092,0.03882581368088722
F3731,feature_3731,0.03882546350359917
F6377,feature_6377,0.03882531449198723
F3151,feature_3151,0.03882484510540962
F2992,feature_2992,0.03882347047328949
F2202,feature_2202,0.03882152959704399
F921,feature_921,0.038816943764686584
F9147,feature_9147,0.03881361335515976
F2174,feature_2174,0.03881162405014038
F7831,feature_7831,0.038810357451438904
F6888,feature_6888,0.03880875185132027
F103,feature_103,0.03880656883120537
F1615,feature_1615,0.03880302980542183
F5476,feature_5476,0.03879905119538307
F4770,feature_4770,0.03879859298467636
F9260,feature_9260,0.03879791870713234
F517,feature_517,0.03879672288894653
F5787,feature_5787,0.03879421949386597
F9554,feature_9554,0.038792893290519714
F6877,feature_6877,0.03879130259156227
F3703,feature_3703,0.03879011794924736
F4834,feature_4834,0.038789764046669006
F8921,feature_8921,0.03878703713417053
F2419,feature_2419,0.03878428786993027
F4985,feature_4985,0.03878156840801239
F7141,feature_7141,0.03877978026866913
F9565,feature_9565,0.0387779101729393
F7712,feature_7712,0.03877680003643036
F496,feature_496,0.038776710629463196
F419,feature_419,0.03877655789256096
F8880,feature_8880,0.03877093642950058
F4665,feature_4665,0.038767259567976
F6750,feature_6750,0.03876681998372078
F464,feature_464,0.038765303790569305
F1541,feature_1541,0.03875942528247833
F8480,feature_8480,0.03875885531306267
F5875,feature_5875,0.03875584527850151
F4642,feature_4642,0.03875547647476196
F1743,feature_1743,0.038754820823669434
F6484,feature_6484,0.03875451162457466
F1525,feature_1525,0.038752052932977676
F4194,feature_4194,0.03875157609581947
F1626,feature_1626,0.03874979913234711
F7811,feature_7811,0.03874555230140686
F6109,feature_6109,0.03874484822154045
F1671,feature_1671,0.038743264973163605
F8326,feature_8326,0.03873208537697792
F1323,feature_1323,0.038731899112463
F9270,feature_9270,0.038727812469005585
F8726,feature_8726,0.038727495819330215
F4039,feature_4039,0.03872619569301605
F3135,feature_3135,0.038725581020116806
F7781,feature_7781,0.038724932819604874
F1519,feature_1519,0.038723669946193695
F3822,feature_3822,0.03872183710336685
F5571,feature_5571,0.03871919959783554
F1631,feature_1631,0.03871544823050499
F8499,feature_8499,0.038714878261089325
F8645,feature_8645,0.038714852184057236
F456,feature_456,0.038714222609996796
F4393,feature_4393,0.03871375694870949
F2199,feature_2199,0.03871314227581024
F4635,feature_4635,0.038712140172719955
F8924,feature_8924,0.03871092200279236
F7891,feature_7891,0.03870498016476631
F9447,feature_9447,0.03870387747883797
F8381,feature_8381,0.038700591772794724
F441,feature_441,0.03869219869375229
F2190,feature_2190,0.03869139775633812
F8451,feature_8451,0.03868980333209038
F1348,feature_1348,0.03868541866540909
F7845,feature_7845,0.03868531435728073
F4571,feature_4571,0.038684144616127014
F8044,feature_8044,0.038679495453834534
F4108,feature_4108,0.038678884506225586
F8134,feature_8134,0.03867495059967041
F3985,feature_3985,0.03867432847619057
F5062,feature_5062,0.03866912052035332
F5261,feature_5261,0.03866847977042198
F1079,feature_1079,0.03866835683584213
F1722,feature_1722,0.03866652399301529
F3992,feature_3992,0.038661614060401917
F5446,feature_5446,0.03865959867835045
F626,feature_626,0.03865796700119972
F7468,feature_7468,0.03865756466984749
F3580,feature_3580,0.0386524572968483
F2408,feature_2408,0.03865193575620651
F7443,feature_7443,0.03864729404449463
F4441,feature_4441,0.03864554688334465
F1448,feature_1448,0.03864442929625511
F6924,feature_6924,0.03863914683461189
F8643,feature_8643,0.038638558238744736
F9924,feature_9924,0.03863729164004326
F8877,feature_8877,0.03862690180540085
F1111,feature_1111,0.03862622380256653
F2305,feature_2305,0.03861944004893303
F1404,feature_1404,0.03861721232533455
F4326,feature_4326,0.03861653804779053
F3362,feature_3362,0.03861507400870323
F4655,feature_4655,0.03861419856548309
F6075,feature_6075,0.03861408308148384
F6457,feature_6457,0.03861265257000923
F8595,feature_8595,0.038607675582170486
F2814,feature_2814,0.03860654681921005
F2441,feature_2441,0.03860054537653923
F2326,feature_2326,0.03859995678067207
F8653,feature_8653,0.03859913349151611
F307,feature_307,0.03859744966030121
F7717,feature_7717,0.03859474137425423
F3133,feature_3133,0.038594137877225876
F5196,feature_5196,0.03859376907348633
F5700,feature_5700,0.038592517375946045
F9514,feature_9514,0.03859216347336769
F3242,feature_3242,0.038588739931583405
F5843,feature_5843,0.0385880246758461
F7207,feature_7207,0.038586489856243134
F1464,feature_1464,0.0385843887925148
F7118,feature_7118,0.038572415709495544
F400,feature_400,0.038566652685403824
F5749,feature_5749,0.03856298327445984
F2921,feature_2921,0.038562387228012085
F1954,feature_1954,0.03856177255511284
F9978,feature_9978,0.03856038302183151
F8838,feature_8838,0.038559217005968094
F6921,feature_6921,0.03855346515774727
F3724,feature_3724,0.03854904696345329
F6886,feature_6886,0.03854801505804062
F5556,feature_5556,0.03854740783572197
F4508,feature_4508,0.038546156138181686
F6207,feature_6207,0.038545168936252594
F5171,feature_5171,0.038536783307790756
F7732,feature_7732,0.038535382598638535
F9113,feature_9113,0.03853398188948631
F6348,feature_6348,0.038532938808202744
F7063,feature_7063,0.03853229805827141
F2075,feature_2075,0.03852782025933266
F8256,feature_8256,0.03852713108062744
F4305,feature_4305,0.038525354117155075
F8427,feature_8427,0.03852315619587898
F1522,feature_1522,0.03852090239524841
F3047,feature_3047,0.03851854056119919
F3123,feature_3123,0.03851713240146637
F3364,feature_3364,0.03851202502846718
F6936,feature_6936,0.038511745631694794
F1785,feature_1785,0.03851159289479256
F6578,feature_6578,0.03850949555635452
F9457,feature_9457,0.03850942105054855
F8774,feature_8774,0.03850801661610603
F333,feature_333,0.03850403428077698
F6419,feature_6419,0.038503941148519516
F1548,feature_1548,0.038502298295497894
F774,feature_774,0.03849731385707855
F2870,feature_2870,0.03848721459507942
F7773,feature_7773,0.038484323769807816
F8469,feature_8469,0.03848183900117874
F1255,feature_1255,0.03848108649253845
F4729,feature_4729,0.03847973421216011
F3015,feature_3015,0.038476310670375824
F4967,feature_4967,0.03847606107592583
F7790,feature_7790,0.038475535809993744
F3401,feature_3401,0.03847409039735794
F7961,feature_7961,0.038473691791296005
F2283,feature_2283,0.03847051411867142
F5813,feature_5813,0.038468021899461746
F1051,feature_1051,0.03846567124128342
F9345,feature_9345,0.03846510499715805
F5464,feature_5464,0.03846055641770363
F9960,feature_9960,0.03846023231744766
F3087,feature_3087,0.03845915198326111
F3228,feature_3228,0.03845369815826416
F7109,feature_7109,0.03845331817865372
F4059,feature_4059,0.038453083485364914
F7223,feature_7223,0.03845210745930672
F5188,feature_5188,0.03844869136810303
F3431,feature_3431,0.03844257444143295
F1538,feature_1538,0.03844162076711655
F5447,feature_5447,0.03844122961163521
F2164,feature_2164,0.03843814879655838
F3507,feature_3507,0.0384308323264122
F5168,feature_5168,0.03842881694436073
F9252,feature_9252,0.038425903767347336
F995,feature_995,0.03842505067586899
F8666,feature_8666,0.03841911256313324
F9974,feature_9974,0.03841817378997803
F8994,feature_8994,0.038416773080825806
F4483,feature_4483,0.03841413930058479
F133,feature_133,0.038408100605010986
F8362,feature_8362,0.038407713174819946
F8788,feature_8788,0.03840676695108414
F5083,feature_5083,0.03840579092502594
F2676,feature_2676,0.03840329498052597
F2581,feature_2581,0.03840240463614464
F6486,feature_6486,0.03840174525976181
F4228,feature_4228,0.03839636594057083
F4787,feature_4787,0.03839154541492462
F8254,feature_8254,0.03839116543531418
F9055,feature_9055,0.038391146808862686
F7690,feature_7690,0.038388341665267944
F309,feature_309,0.03838799148797989
F1244,feature_1244,0.03838644549250603
F8619,feature_8619,0.038382790982723236
F8969,feature_8969,0.038378939032554626
F3414,feature_3414,0.03837873041629791
F6771,feature_6771,0.038377948105335236
F92,feature_92,0.03837677836418152
F2363,feature_2363,0.03836304321885109
F8206,feature_8206,0.03836245834827423
F2696,feature_2696,0.03835748881101608
F2334,feature_2334,0.038356225937604904
F1597,feature_1597,0.03835558146238327
F6260,feature_6260,0.038355451077222824
F9836,feature_9836,0.0383547805249691
F8417,feature_8417,0.03835303708910942
F3105,feature_3105,0.03834632784128189
F2246,feature_2246,0.038346193730831146
F9240,feature_9240,0.03834579512476921
F9555,feature_9555,0.038345616310834885
F5691,feature_5691,0.03834286332130432
F886,feature_886,0.03834252804517746
F2690,feature_2690,0.03834160417318344
F4751,feature_4751,0.038340479135513306
F4267,feature_4267,0.03833967074751854
F3498,feature_3498,0.038333915174007416
F8549,feature_8549,0.03833377733826637
F7355,feature_7355,0.03833162412047386
F9660,feature_9660,0.03832980617880821
F7112,feature_7112,0.03832836076617241
F2173,feature_2173,0.03832608833909035
F5673,feature_5673,0.0383249968290329
F8209,feature_8209,0.038322512060403824
F3921,feature_3921,0.038320690393447876
F2382,feature_2382,0.038320351392030716
F8344,feature_8344,0.038318417966365814
F3491,feature_3491,0.03831801563501358
F1093,feature_1093,0.03831750527024269
F968,feature_968,0.038312848657369614
F1472,feature_1472,0.038312677294015884
F210,feature_210,0.03831181675195694
F331,feature_331,0.03831138461828232
F6,feature_6,0.03830923140048981
F4241,feature_4241,0.03830834850668907
F1184,feature_1184,0.03830568492412567
F7757,feature_7757,0.03830476105213165
F6270,feature_6270,0.03830230236053467
F7860,feature_7860,0.03830120712518692
F8783,feature_8783,0.038300469517707825
F6836,feature_6836,0.03829929605126381
F9590,feature_9590,0.03829867020249367
F7285,feature_7285,0.03829334303736687
F7187,feature_7187,0.038290638476610184
F8108,feature_8108,0.038289930671453476
F5391,feature_5391,0.03828714042901993
F8020,feature_8020,0.038287051022052765
F244,feature_244,0.03828614950180054
F1593,feature_1593,0.038283221423625946
F6112,feature_6112,0.038281720131635666
F8109,feature_8109,0.0382806621491909
F3996,feature_3996,0.03828020021319389
F4352,feature_4352,0.03827861323952675
F82,feature_82,0.03827686235308647
F1299,feature_1299,0.038274139165878296
F5134,feature_5134,0.03827108070254326
F6758,feature_6758,0.038270238786935806
F3320,feature_3320,0.03826763480901718
F9743,feature_9743,0.03826754167675972
F8973,feature_8973,0.03826335445046425
F5490,feature_5490,0.03825679048895836
F8926,feature_8926,0.038256071507930756
F4123,feature_4123,0.03825566917657852
F9157,feature_9157,0.03825058788061142
F664,feature_664,0.03824646770954132
F3020,feature_3020,0.038235750049352646
F236,feature_236,0.03823534771800041
F9782,feature_9782,0.0382344089448452
F1981,feature_1981,0.03823156654834747
F5185,feature_5185,0.03822764381766319
F1362,feature_1362,0.03822431340813637
F5454,feature_5454,0.03822425380349159
F2288,feature_2288,0.03822384402155876
F4994,feature_4994,0.03821909800171852
F4101,feature_4101,0.03821602091193199
F8179,feature_8179,0.03821556642651558
F3920,feature_3920,0.03821536526083946
F9401,feature_9401,0.03821525350213051
F4139,feature_4139,0.03821302577853203
F9760,feature_9760,0.03821144625544548
F5486,feature_5486,0.03820657730102539
F850,feature_850,0.038206059485673904
F3406,feature_3406,0.03820428252220154
F4250,feature_4250,0.03820332884788513
F8166,feature_8166,0.03820298612117767
F9102,feature_9102,0.038202784955501556
F1153,feature_1153,0.03820262849330902
F3554,feature_3554,0.0382019579410553
F9735,feature_9735,0.03820144385099411
F4505,feature_4505,0.038200948387384415
F2913,feature_2913,0.03820008039474487
F6110,feature_6110,0.038196220993995667
F7493,feature_7493,0.038195207715034485
F4220,feature_4220,0.03819429501891136
F3399,feature_3399,0.03819365054368973
F5120,feature_5120,0.03819281607866287
F1142,feature_1142,0.038191407918930054
F1027,feature_1027,0.0381820909678936
F5530,feature_5530,0.03818116709589958
F9320,feature_9320,0.03817702457308769
F7691,feature_7691,0.038175541907548904
F4544,feature_4544,0.03817479684948921
F7261,feature_7261,0.03817126154899597
F9026,feature_9026,0.03817054256796837
F1325,feature_1325,0.03816889226436615
F1496,feature_1496,0.03816559538245201
F4334,feature_4334,0.03816176950931549
F1313,feature_1313,0.03816165402531624
F7323,feature_7323,0.038160406053066254
F2628,feature_2628,0.03815916180610657
F5401,feature_5401,0.03815627843141556
F7474,feature_7474,0.03815174847841263
F4805,feature_4805,0.0381464920938015
F8618,feature_8618,0.03814433515071869
F5070,feature_5070,0.03813886642456055
F4889,feature_4889,0.038133442401885986
F1235,feature_1235,0.03813245892524719
F2456,feature_2456,0.038130976259708405
F4064,feature_4064,0.038130637258291245
F4754,feature_4754,0.03812650218605995
F4273,feature_4273,0.03812193125486374
F4509,feature_4509,0.03812146931886673
F2234,feature_2234,0.03811671584844589
F2935,feature_2935,0.0381150022149086
F4945,feature_4945,0.038113877177238464
F6980,feature_6980,0.038112130016088486
F5191,feature_5191,0.038111161440610886
F6875,feature_6875,0.038108550012111664
F6701,feature_6701,0.03810783475637436
F698,feature_698,0.03810669481754303
F6197,feature_6197,0.03810567408800125
F704,feature_704,0.03809884935617447
F3074,feature_3074,0.03809790685772896
F5633,feature_5633,0.03809395432472229
F2281,feature_2281,0.03808888792991638
F6143,feature_6143,0.03808567300438881
F7012,feature_7012,0.038083627820014954
F1258,feature_1258,0.038081295788288116
F8152,feature_8152,0.03807991370558739
F5279,feature_5279,0.038079552352428436
F1072,feature_1072,0.03807806968688965
F1161,feature_1161,0.03807723894715309
F8885,feature_8885,0.038075704127550125
F4450,feature_4450,0.038074277341365814
F8613,feature_8613,0.03807292506098747
F2937,feature_2937,0.03806973993778229
F8446,feature_8446,0.03806908801198006
F5257,feature_5257,0.03806782513856888
F3062,feature_3062,0.03806557506322861
F7485,feature_7485,0.038063280284404755
F374,feature_374,0.038062866777181625
F926,feature_926,0.038060251623392105
F7559,feature_7559,0.038053467869758606
F5675,feature_5675,0.038052912801504135
F2557,feature_2557,0.03805221617221832
F6756,feature_6756,0.03805217146873474
F4348,feature_4348,0.038049131631851196
F1019,feature_1019,0.03804311901330948
F3055,feature_3055,0.038042835891246796
F1894,feature_1894,0.038039010018110275
F7676,feature_7676,0.0380314439535141
F5993,feature_5993,0.03803123161196709
F1691,feature_1691,0.038030389696359634
F3592,feature_3592,0.038025952875614166
F7013,feature_7013,0.03802552819252014
F5529,feature_5529,0.038023460656404495
F6913,feature_6913,0.03802147135138512
F6189,feature_6189,0.03801777958869934
F2356,feature_2356,0.038016121834516525
F5619,feature_5619,0.03801547735929489
F9258,feature_9258,0.03801541030406952
F8419,feature_8419,0.038015078753232956
F4080,feature_4080,0.0380135215818882
F6603,feature_6603,0.038011807948350906
F177,feature_177,0.03800864890217781
F6538,feature_6538,0.038007382303476334
F8027,feature_8027,0.03800736367702484
F6290,feature_6290,0.037999726831912994
F5027,feature_5027,0.03799831122159958
F4562,feature_4562,0.03799755871295929
F5378,feature_5378,0.03799676150083542
F5302,feature_5302,0.03799482807517052
F1014,feature_1014,0.03799331560730934
F5526,feature_5526,0.037990111857652664
F3835,feature_3835,0.03798800706863403
F2139,feature_2139,0.0379868783056736
F6142,feature_6142,0.037986550480127335
F7749,feature_7749,0.037980955094099045
F6320,feature_6320,0.03797667473554611
F4614,feature_4614,0.037976671010255814
F8642,feature_8642,0.03797518461942673
F5809,feature_5809,0.03797360882163048
F699,feature_699,0.03797177970409393
F9921,feature_9921,0.03797116130590439
F1791,feature_1791,0.037968456745147705
F8187,feature_8187,0.03796537220478058
F8747,feature_8747,0.03796401992440224
F9789,feature_9789,0.037962865084409714
F4893,feature_4893,0.03795906901359558
F800,feature_800,0.03795485198497772
F6097,feature_6097,0.03795463964343071
F2010,feature_2010,0.03795352578163147
F8443,feature_8443,0.037946440279483795
F6359,feature_6359,0.03794369101524353
F1756,feature_1756,0.03794296458363533
F6432,feature_6432,0.03794238716363907
F5301,feature_5301,0.03794224560260773
F8638,feature_8638,0.037936944514513016
F9993,feature_9993,0.03793318197131157
F7423,feature_7423,0.037932511419057846
F662,feature_662,0.037930019199848175
F6746,feature_6746,0.0379284992814064
F9354,feature_9354,0.0379265658557415
F8855,feature_8855,0.037926431745290756
F2073,feature_2073,0.03792610391974449
F8473,feature_8473,0.03792187198996544
F8704,feature_8704,0.03792016580700874
F9118,feature_9118,0.037917885929346085
F9846,feature_9846,0.037913285195827484
F5827,feature_5827,0.03791172057390213
F3420,feature_3420,0.03791043907403946
F7378,feature_7378,0.03790963813662529
F5130,feature_5130,0.03790213167667389
F5952,feature_5952,0.0379018597304821
F8612,feature_8612,0.037899892777204514
F2263,feature_2263,0.037899699062108994
F761,feature_761,0.037899333983659744
F4902,feature_4902,0.037898387759923935
F9895,feature_9895,0.037898097187280655
F6275,feature_6275,0.03789634257555008
F9467,feature_9467,0.03789374232292175
F1345,feature_1345,0.037893522530794144
F3140,feature_3140,0.03789195418357849
F6803,feature_6803,0.03788831830024719
F8745,feature_8745,0.03788739815354347
F9581,feature_9581,0.03787962719798088
F815,feature_815,0.0378766730427742
F4252,feature_4252,0.03787420690059662
F7080,feature_7080,0.037874191999435425
F7611,feature_7611,0.03786979615688324
F9,feature_9,0.03786793351173401
F9243,feature_9243,0.037865981459617615
F2924,feature_2924,0.03785957768559456
F4522,feature_4522,0.03785897046327591
F268,feature_268,0.037843186408281326
F239,feature_239,0.03784138336777687
F3333,feature_3333,0.03783999755978584
F4815,feature_4815,0.037833694368600845
F5419,feature_5419,0.03783051297068596
F9596,feature_9596,0.03782769292593002
F321,feature_321,0.037827640771865845
F7682,feature_7682,0.037827566266059875
F607,feature_607,0.03782644495368004
F498,feature_498,0.03782567381858826
F7497,feature_7497,0.03782100975513458
F5473,feature_5473,0.03782082721590996
F4265,feature_4265,0.03782081604003906
F3417,feature_3417,0.03781846538186073
F3508,feature_3508,0.037816960364580154
F2040,feature_2040,0.037815216928720474
F2239,feature_2239,0.03781452775001526
F6514,feature_6514,0.037813909351825714
F6443,feature_6443,0.037813276052474976
F3885,feature_3885,0.03781265392899513
F2740,feature_2740,0.03781209886074066
F5041,feature_5041,0.03781002387404442
F3738,feature_3738,0.03780895844101906
F2710,feature_2710,0.03780875727534294
F9370,feature_9370,0.03780512884259224
F6732,feature_6732,0.037804014980793
F4512,feature_4512,0.03780289739370346
F4100,feature_4100,0.03780082240700722
F3066,feature_3066,0.0378003865480423
F745,feature_745,0.03780023381114006
F5106,feature_5106,0.03779977932572365
F3871,feature_3871,0.03779749944806099
F9790,feature_9790,0.03779724985361099
F6619,feature_6619,0.037796247750520706
F578,feature_578,0.03779320418834686
F4309,feature_4309,0.03779170662164688
F5723,feature_5723,0.03778759390115738
F4909,feature_4909,0.03778267279267311
F8830,feature_8830,0.037781909108161926
F1503,feature_1503,0.03777875006198883
F8322,feature_8322,0.03777718171477318
F3839,feature_3839,0.03777695819735527
F6637,feature_6637,0.037776608020067215
F2599,feature_2599,0.037775300443172455
F242,feature_242,0.03777521476149559
F7191,feature_7191,0.03777105361223221
F8770,feature_8770,0.03777053952217102
F1674,feature_1674,0.03776935115456581
F730,feature_730,0.03776808828115463
F6989,feature_6989,0.03776762634515762
F274,feature_274,0.037766002118587494
F9448,feature_9448,0.037765637040138245
F6516,feature_6516,0.03776400536298752
F3809,feature_3809,0.03776329755783081
F2619,feature_2619,0.03776197135448456
F9303,feature_9303,0.037759456783533096
F8709,feature_8709,0.037757422775030136
F5367,feature_5367,0.03775613382458687
F5879,feature_5879,0.037754375487565994
F7816,feature_7816,0.03775251284241676
F2490,feature_2490,0.037748582661151886
F6132,feature_6132,0.03774288296699524
F972,feature_972,0.0377410352230072
F3176,feature_3176,0.037738434970378876
F8033,feature_8033,0.037736926227808
F6402,feature_6402,0.03773398697376251
F334,feature_334,0.03773145750164986
F8088,feature_8088,0.03773137927055359
F3472,feature_3472,0.03773016855120659
F2565,feature_2565,0.03772963583469391
F346,feature_346,0.0377274751663208
F2664,feature_2664,0.03772622346878052
F3841,feature_3841,0.03772549703717232
F3975,feature_3975,0.0377228744328022
F2663,feature_2663,0.03772176429629326
F2638,feature_2638,0.03772108629345894
F4036,feature_4036,0.037720415741205215
F7686,feature_7686,0.03771979361772537
F7159,feature_7159,0.03771768510341644
F760,feature_760,0.037710223346948624
F5524,feature_5524,0.03770988807082176
F462,feature_462,0.037708114832639694
F8188,feature_8188,0.03770388290286064
F6487,feature_6487,0.03770375996828079
F1814,feature_1814,0.037700802087783813
F6113,feature_6113,0.03769842907786369
F2192,feature_2192,0.03769126161932945
F634,feature_634,0.03768935799598694
F2463,feature_2463,0.03768894821405411
F8771,feature_8771,0.03768863528966904
F7068,feature_7068,0.0376858226954937
F4561,feature_4561,0.037680841982364655
F6054,feature_6054,0.03767728433012962
F9809,feature_9809,0.03767702728509903
F5238,feature_5238,0.0376751683652401
F5594,feature_5594,0.037672583013772964
F3588,feature_3588,0.03767181187868118
F9773,feature_9773,0.03766995295882225
F6411,feature_6411,0.03766603767871857
F989,feature_989,0.03766470029950142
F934,feature_934,0.037663187831640244
F1560,feature_1560,0.037660520523786545
F9321,feature_9321,0.037654366344213486
F6118,feature_6118,0.0376511886715889
F473,feature_473,0.03765004500746727
F3298,feature_3298,0.037648677825927734
F8989,feature_8989,0.03764769062399864
F6360,feature_6360,0.03764406964182854
F8545,feature_8545,0.037643782794475555
F4171,feature_4171,0.037638891488313675
F3137,feature_3137,0.03763708099722862
F2572,feature_2572,0.0376364029943943
F3076,feature_3076,0.037636324763298035
F7043,feature_7043,0.037632521241903305
F1435,feature_1435,0.03763078525662422
F565,feature_565,0.03762909770011902
F2273,feature_2273,0.03762528672814369
F4302,feature_4302,0.03762463107705116
F7511,feature_7511,0.03762292489409447
F7707,feature_7707,0.037622518837451935
F9318,feature_9318,0.037618428468704224
F5054,feature_5054,0.0376175120472908
F1904,feature_1904,0.03761725872755051
F571,feature_571,0.03761228173971176
F1711,feature_1711,0.03761111572384834
F5564,feature_5564,0.037610236555337906
F3469,feature_3469,0.03760973736643791
F9679,feature_9679,0.037609536200761795
F3335,feature_3335,0.03760804235935211
F7105,feature_7105,0.03760496899485588
F7478,feature_7478,0.037601273506879807
F1652,feature_1652,0.03760039061307907
F8883,feature_8883,0.037598878145217896
F7554,feature_7554,0.03759787231683731
F9094,feature_9094,0.0375945009291172
F5886,feature_5886,0.03759412840008736
F5814,feature_5814,0.03759384900331497
F765,feature_765,0.03759150952100754
F4993,feature_4993,0.037591058760881424
F6407,feature_6407,0.03759055584669113
F1812,feature_1812,0.03759043663740158
F5178,feature_5178,0.037589024752378464
F291,feature_291,0.037588223814964294
F8730,feature_8730,0.03758731484413147
F701,feature_701,0.037585724145174026
F2884,feature_2884,0.037582460790872574
F2409,feature_2409,0.037581562995910645
F9576,feature_9576,0.03758031129837036
F1952,feature_1952,0.037579089403152466
F4775,feature_4775,0.037576332688331604
F539,feature_539,0.03757624700665474
F2731,feature_2731,0.037574537098407745
F7555,feature_7555,0.03757394850254059
F7251,feature_7251,0.03757302463054657
F6028,feature_6028,0.03757210820913315
F9103,feature_9103,0.03756681829690933
F4813,feature_4813,0.03756669908761978
F613,feature_613,0.037565477192401886
F3207,feature_3207,0.0375644713640213
F9302,feature_9302,0.037563469260931015
F4233,feature_4233,0.03756280243396759
F8821,feature_8821,0.03756265342235565
F7668,feature_7668,0.03756066784262657
F6831,feature_6831,0.037559378892183304
F956,feature_956,0.03755732998251915
F8436,feature_8436,0.03755577653646469
F8717,feature_8717,0.03754575178027153
F5939,feature_5939,0.037545714527368546
F1028,feature_1028,0.03754248842597008
F2310,feature_2310,0.03754128888249397
F3353,feature_3353,0.037532154470682144
F6285,feature_6285,0.037531618028879166
F3254,feature_3254,0.03752382844686508
F3122,feature_3122,0.037523746490478516
F6321,feature_6321,0.037522412836551666
F8160,feature_8160,0.037522315979003906
F8456,feature_8456,0.037521328777074814
F8934,feature_8934,0.03751850500702858
F3803,feature_3803,0.03751594200730324
F3380,feature_3380,0.03751396760344505
F1124,feature_1124,0.03751380369067192
F1015,feature_1015,0.03751260042190552
F628,feature_628,0.037509433925151825
F3683,feature_3683,0.037506457418203354
F6021,feature_6021,0.03750477731227875
F8496,feature_8496,0.03749914467334747
F4983,feature_4983,0.03749248757958412
F9058,feature_9058,0.03749160096049309
F2276,feature_2276,0.03748760372400284
F1518,feature_1518,0.03748757764697075
F790,feature_790,0.03748730942606926
F1340,feature_1340,0.03748192638158798
F1915,feature_1915,0.037481363862752914
F3955,feature_3955,0.03747790679335594
F3457,feature_3457,0.03747731074690819
F296,feature_296,0.03746960684657097
F993,feature_993,0.037464357912540436
F1702,feature_1702,0.037463363260030746
F6146,feature_6146,0.037463221698999405
F1788,feature_1788,0.03746269643306732
F6814,feature_6814,0.0374625027179718
F3248,feature_3248,0.037458229809999466
F833,feature_833,0.03745761513710022
F5760,feature_5760,0.03745456039905548
F2203,feature_2203,0.03745223954319954
F5144,feature_5144,0.03745102882385254
F3205,feature_3205,0.0374484546482563
F8406,feature_8406,0.037445586174726486
F3949,feature_3949,0.03744342178106308
F4730,feature_4730,0.037440311163663864
F7345,feature_7345,0.03743957728147507
F8582,feature_8582,0.03743606433272362
F3687,feature_3687,0.03743589296936989
F5241,feature_5241,0.037434518337249756
F3028,feature_3028,0.03743080049753189
F316,feature_316,0.037428420037031174
F1193,feature_1193,0.037427134811878204
F770,feature_770,0.037424445152282715
F152,feature_152,0.037423282861709595
F2344,feature_2344,0.037422794848680496
F5047,feature_5047,0.03742014989256859
F7205,feature_7205,0.03741467371582985
F4836,feature_4836,0.0374138280749321
F7020,feature_7020,0.037413328886032104
F2848,feature_2848,0.03741253912448883
F422,feature_422,0.03741253539919853
F9170,feature_9170,0.03741050139069557
F6957,feature_6957,0.037409789860248566
F6397,feature_6397,0.037405870854854584
F3777,feature_3777,0.037405457347631454
F5147,feature_5147,0.03740520030260086
F710,feature_710,0.037404414266347885
F4880,feature_4880,0.03740411624312401
F2600,feature_2600,0.03740200772881508
F3596,feature_3596,0.03740081191062927
F2435,feature_2435,0.037397317588329315
F5278,feature_5278,0.037394698709249496
F6872,feature_6872,0.03739156946539879
F193,feature_193,0.03739070147275925
F1537,feature_1537,0.0373864509165287
F1133,feature_1133,0.03737794607877731
F64,feature_64,0.03737756982445717
F5180,feature_5180,0.0373738594353199
F3662,feature_3662,0.03736699000000954
F5885,feature_5885,0.03736689314246178
F6215,feature_6215,0.037364546209573746
F3178,feature_3178,0.0373629666864872
F1833,feature_1833,0.037360746413469315
F6071,feature_6071,0.03736049681901932
F3397,feature_3397,0.03735872730612755
F4892,feature_4892,0.037356186658144
F2788,feature_2788,0.037355341017246246
F7338,feature_7338,0.037354983389377594
F7925,feature_7925,0.037354033440351486
F4181,feature_4181,0.03735101968050003
F7123,feature_7123,0.037350352853536606
F2562,feature_2562,0.0373484306037426
F3850,feature_3850,0.03734653443098068
F147,feature_147,0.03734591230750084
F2988,feature_2988,0.037343353033065796
F8954,feature_8954,0.03733079507946968
F8090,feature_8090,0.03732740134000778
F5640,feature_5640,0.037319909781217575
F1863,feature_1863,0.0373147577047348
F7360,feature_7360,0.03731384128332138
F6994,feature_6994,0.03731188923120499
F1603,feature_1603,0.037308476865291595
F4006,feature_4006,0.03730824962258339
F4898,feature_4898,0.03730451688170433
F6503,feature_6503,0.037302520126104355
F5475,feature_5475,0.037301238626241684
F4671,feature_4671,0.03730097785592079
F8438,feature_8438,0.037300240248441696
F1264,feature_1264,0.03729848936200142
F3426,feature_3426,0.03729347139596939
F9096,feature_9096,0.03729068487882614
F6192,feature_6192,0.03728750720620155
F1112,feature_1112,0.03728664293885231
F7357,feature_7357,0.0372827872633934
F854,feature_854,0.0372823141515255
F4099,feature_4099,0.03728087246417999
F8429,feature_8429,0.03728024289011955
F1960,feature_1960,0.03727685660123825
F1292,feature_1292,0.037274591624736786
F819,feature_819,0.03727419301867485
F2629,feature_2629,0.037271562963724136
F6536,feature_6536,0.03726257383823395
F8441,feature_8441,0.0372622087597847
F298,feature_298,0.037256963551044464
F2903,feature_2903,0.037254925817251205
F3390,feature_3390,0.037253640592098236
F8620,feature_8620,0.03725350275635719
F8992,feature_8992,0.03725070878863335
F2165,feature_2165,0.037248268723487854
F5393,feature_5393,0.037247348576784134
F2352,feature_2352,0.0372467115521431
F5624,feature_5624,0.03724541515111923
F4173,feature_4173,0.03724438697099686
F2772,feature_2772,0.03724420443177223
F5906,feature_5906,0.03724374994635582
F8967,feature_8967,0.03724352642893791
F9481,feature_9481,0.03724167123436928
F5026,feature_5026,0.03723987936973572
F2559,feature_2559,0.0372367799282074
F8432,feature_8432,0.03723249211907387
F4758,feature_4758,0.0372304692864418
F9900,feature_9900,0.03722904622554779
F8125,feature_8125,0.037228573113679886
F2904,feature_2904,0.037227876484394073
F7052,feature_7052,0.03722444549202919
F404,feature_404,0.0372244156897068
F1728,feature_1728,0.03721141070127487
F292,feature_292,0.03721048682928085
F6291,feature_6291,0.037210095673799515
F9986,feature_9986,0.03720963001251221
F4283,feature_4283,0.037205327302217484
F2285,feature_2285,0.03720376268029213
F8247,feature_8247,0.037203676998615265
F5915,feature_5915,0.03720325976610184
F4537,feature_4537,0.037203140556812286
F3774,feature_3774,0.037201862782239914
F5683,feature_5683,0.037198252975940704
F1178,feature_1178,0.03719773888587952
F627,feature_627,0.03719310835003853
F549,feature_549,0.03719213977456093
F6111,feature_6111,0.03718685358762741
F2854,feature_2854,0.037186041474342346
F8984,feature_8984,0.03718546777963638
F6969,feature_6969,0.03718110918998718
F797,feature_797,0.0371805876493454
F1215,feature_1215,0.03717903792858124
F2667,feature_2667,0.03717857226729393
F2805,feature_2805,0.03717764839529991
F4556,feature_4556,0.03717732056975365
F9093,feature_9093,0.037176866084337234
F6609,feature_6609,0.03717340901494026
F1650,feature_1650,0.037171512842178345
F1803,feature_1803,0.03716656565666199
F560,feature_560,0.03716064989566803
F5547,feature_5547,0.03715995326638222
F7892,feature_7892,0.03715798631310463
F7889,feature_7889,0.03715777397155762
F2637,feature_2637,0.03715699911117554
F3591,feature_3591,0.03715558350086212
F9324,feature_9324,0.037153761833906174
F3259,feature_3259,0.037151891738176346
F5754,feature_5754,0.0371498204767704
F9219,feature_9219,0.03714916855096817
F2856,feature_2856,0.03714531287550926
F9329,feature_9329,0.03714250400662422
F1817,feature_1817,0.03713647276163101
F6721,feature_6721,0.03713523596525192
F6361,feature_6361,0.03713519498705864
F8981,feature_8981,0.03713437169790268
F4066,feature_4066,0.03712868317961693
F3986,feature_3986,0.03712604194879532
F7921,feature_7921,0.037120234221220016
F4529,feature_4529,0.03711932525038719
F5039,feature_5039,0.03711865097284317
F5212,feature_5212,0.03711775690317154
F7098,feature_7098,0.0371161587536335
F8002,feature_8002,0.03711549565196037
F2610,feature_2610,0.03711220249533653
F9086,feature_9086,0.03711111843585968
F4952,feature_4952,0.03711043298244476
F3917,feature_3917,0.03710966929793358
F4732,feature_4732,0.03710656985640526
F8508,feature_8508,0.03710588440299034
F5085,feature_5085,0.03709954768419266
F3487,feature_3487,0.03709802404046059
F5215,feature_5215,0.03709762170910835
F1703,feature_1703,0.037097517400979996
F2689,feature_2689,0.037096407264471054
F1806,feature_1806,0.037094756960868835
F7425,feature_7425,0.0370938703417778
F8901,feature_8901,0.037090495228767395
F9419,feature_9419,0.03709028661251068
F3459,feature_3459,0.037090130150318146
F6807,feature_6807,0.03708997368812561
F6589,feature_6589,0.03708847612142563
F8696,feature_8696,0.037088390439748764
F7619,feature_7619,0.03708704188466072
F3128,feature_3128,0.03708552569150925
F7843,feature_7843,0.03708396852016449
F7217,feature_7217,0.037078309804201126
F1802,feature_1802,0.03707762435078621
F2543,feature_2543,0.03707690164446831
F1505,feature_1505,0.03707686811685562
F5758,feature_5758,0.037075474858284
F2607,feature_2607,0.03707540035247803
F1891,feature_1891,0.037074606865644455
F305,feature_305,0.03707354888319969
F4307,feature_4307,0.03707335516810417
F557,feature_557,0.03706667944788933
F8743,feature_8743,0.037066057324409485
F7939,feature_7939,0.037064921110868454
F2170,feature_2170,0.03705892339348793
F4604,feature_4604,0.0370507575571537
F5126,feature_5126,0.037048935890197754
F4014,feature_4014,0.03704693913459778
F3560,feature_3560,0.037046611309051514
F9728,feature_9728,0.03704631328582764
F4453,feature_4453,0.03704425320029259
F6694,feature_6694,0.037043992429971695
F9255,feature_9255,0.03704322502017021
F1091,feature_1091,0.0370427742600441
F3772,feature_3772,0.037040986120700836
F2331,feature_2331,0.03703656792640686
F5898,feature_5898,0.037034519016742706
F65,feature_65,0.03703363239765167
F6378,feature_6378,0.03703049197793007
F1296,feature_1296,0.037028342485427856
F2964,feature_2964,0.03702631592750549
F7532,feature_7532,0.03702457621693611
F8966,feature_8966,0.037023503333330154
F3304,feature_3304,0.037022050470113754
F4271,feature_4271,0.03702166676521301
F9560,feature_9560,0.037019237875938416
F9890,feature_9890,0.03701644018292427
F17,feature_17,0.03701549768447876
F5967,feature_5967,0.037013329565525055
F3673,feature_3673,0.03700994700193405
F2839,feature_2839,0.03700893744826317
F2061,feature_2061,0.03700822591781616
F4517,feature_4517,0.03700681030750275
F2359,feature_2359,0.03700680658221245
F1291,feature_1291,0.03700660914182663
F5455,feature_5455,0.03700627014040947
F5963,feature_5963,0.03700527176260948
F813,feature_813,0.03700416535139084
F9571,feature_9571,0.03700247406959534
F4924,feature_4924,0.03699583560228348
F1269,feature_1269,0.036994341760873795
F8165,feature_8165,0.03699377924203873
F8039,feature_8039,0.036993250250816345
F4796,feature_4796,0.036990564316511154
F7349,feature_7349,0.03698941692709923
F4527,feature_4527,0.03698361665010452
F6435,feature_6435,0.0369793064892292
F6196,feature_6196,0.03697812557220459
F3319,feature_3319,0.036974720656871796
F3609,feature_3609,0.03697442263364792
F3424,feature_3424,0.03696567565202713
F3735,feature_3735,0.03696538880467415
F9471,feature_9471,0.03696445748209953
F7706,feature_7706,0.0369628481566906
F4525,feature_4525,0.036962706595659256
F6253,feature_6253,0.03696055710315704
F4564,feature_4564,0.03695829585194588
F5944,feature_5944,0.03695276379585266
F6556,feature_6556,0.036950621753931046
F5056,feature_5056,0.03694891929626465
F399,feature_399,0.036948252469301224
F7059,feature_7059,0.03694694861769676
F8199,feature_8199,0.03694671764969826
F5883,feature_5883,0.03694627806544304
F1298,feature_1298,0.03694295883178711
F6973,feature_6973,0.03693963959813118
F7194,feature_7194,0.0369376502931118
F8288,feature_8288,0.036935314536094666
F2132,feature_2132,0.03693487495183945
F2631,feature_2631,0.036929983645677567
F7951,feature_7951,0.036926817148923874
F7249,feature_7249,0.03692462295293808
F9238,feature_9238,0.036923617124557495
F5493,feature_5493,0.03692279011011124
F7117,feature_7117,0.0369226448237896
F851,feature_851,0.03692241013050079
F5033,feature_5033,0.03692144155502319
F3113,feature_3113,0.03692072257399559
F9460,feature_9460,0.03691736236214638
F1969,feature_1969,0.03691718727350235
F4851,feature_4851,0.036915913224220276
F4218,feature_4218,0.03691534698009491
F4646,feature_4646,0.03690842166543007
F2791,feature_2791,0.0369083546102047
F8952,feature_8952,0.036905910819768906
F9945,feature_9945,0.03690589964389801
F9628,feature_9628,0.036900319159030914
F6509,feature_6509,0.03689961135387421
F8767,feature_8767,0.03689959645271301
F7549,feature_7549,0.03689908981323242
F2999,feature_2999,0.036897048354148865
F1081,feature_1081,0.036894261837005615
F2036,feature_2036,0.036891110241413116
F1865,feature_1865,0.036887433379888535
F5413,feature_5413,0.03688385710120201
F4788,feature_4788,0.03688259795308113
F6638,feature_6638,0.03688257560133934
F8524,feature_8524,0.036882124841213226
F7616,feature_7616,0.03687562048435211
F7473,feature_7473,0.036874525249004364
F3650,feature_3650,0.036871884018182755
F963,feature_963,0.03687002882361412
F3443,feature_3443,0.03686903417110443
F6251,feature_6251,0.03686603158712387
F8395,feature_8395,0.03686586767435074
F897,feature_897,0.03686174750328064
F3419,feature_3419,0.036855608224868774
F5824,feature_5824,0.03685396537184715
F2774,feature_2774,0.03685245290398598
F862,feature_862,0.036852311342954636
F7571,feature_7571,0.03684922307729721
F6601,feature_6601,0.03684805706143379
F446,feature_446,0.03684762120246887
F1765,feature_1765,0.03684662654995918
F4708,feature_4708,0.03684545308351517
F6374,feature_6374,0.03684287145733833
F5259,feature_5259,0.036842282861471176
F4097,feature_4097,0.03684088587760925
F803,feature_803,0.03684075549244881
F9997,feature_9997,0.036840133368968964
F3001,feature_3001,0.0368385948240757
F5659,feature_5659,0.036838140338659286
F9143,feature_9143,0.036836203187704086
F9042,feature_9042,0.03682829812169075
F7420,feature_7420,0.03682708740234375
F2997,feature_2997,0.036823026835918427
F6520,feature_6520,0.03681681305170059
F3547,feature_3547,0.03681447356939316
F7658,feature_7658,0.03681429848074913
F504,feature_504,0.03681374713778496
F3865,feature_3865,0.03681154549121857
F7876,feature_7876,0.03681102767586708
F3582,feature_3582,0.036810390651226044
F9355,feature_9355,0.03681036829948425
F5068,feature_5068,0.03681008145213127
F2591,feature_2591,0.036808863282203674
F42,feature_42,0.036802880465984344
F7283,feature_7283,0.03679793328046799
F6668,feature_6668,0.03679608181118965
F5250,feature_5250,0.036794308573007584
F3585,feature_3585,0.03678791597485542
F2934,feature_2934,0.03678705170750618
F2303,feature_2303,0.03678496927022934
F1524,feature_1524,0.03678063303232193
F5641,feature_5641,0.036776211112737656
F4429,feature_4429,0.03677580505609512
F8813,feature_8813,0.03677305206656456
F2744,feature_2744,0.03677190840244293
F509,feature_509,0.036770712584257126
F5918,feature_5918,0.03676663339138031
F6754,feature_6754,0.03676364943385124
F1090,feature_1090,0.03675816208124161
F4211,feature_4211,0.03675321862101555
F1363,feature_1363,0.036751821637153625
F2849,feature_2849,0.03674991428852081
F4739,feature_4739,0.0367443822324276
F3648,feature_3648,0.03674251586198807
F1645,feature_1645,0.03674187511205673
F8872,feature_8872,0.036739781498909
F8539,feature_8539,0.036739252507686615
F2688,feature_2688,0.03673655539751053
F9483,feature_9483,0.036736536771059036
F980,feature_980,0.036736179143190384
F661,feature_661,0.03672993555665016
F1322,feature_1322,0.03672991693019867
F4384,feature_4384,0.03672825172543526
F516,feature_516,0.0367281436920166
F6659,feature_6659,0.03672810271382332
F4823,feature_4823,0.03672586381435394
F1401,feature_1401,0.03672470524907112
F5956,feature_5956,0.03671928867697716
F2055,feature_2055,0.03671817481517792
F8715,feature_8715,0.0367177277803421
F2725,feature_2725,0.03671683371067047
F4549,feature_4549,0.03671060502529144
F9958,feature_9958,0.03670940920710564
F6549,feature_6549,0.03670935705304146
F2534,feature_2534,0.03670608252286911
F7281,feature_7281,0.0367017425596714
F1355,feature_1355,0.036695707589387894
F645,feature_645,0.036695584654808044
F1231,feature_1231,0.03669210895895958
F4828,feature_4828,0.03668902441859245
F5414,feature_5414,0.03667931631207466
F2716,feature_2716,0.0366785041987896
F5623,feature_5623,0.036675989627838135
F1732,feature_1732,0.036673955619335175
F1592,feature_1592,0.036671631038188934
F2784,feature_2784,0.03667020425200462
F3681,feature_3681,0.03666868805885315
F5109,feature_5109,0.036667853593826294
F7525,feature_7525,0.03666739910840988
F4672,feature_4672,0.03666643798351288
F8914,feature_8914,0.03666453808546066
F8787,feature_8787,0.036662884056568146
F1742,feature_1742,0.0366625115275383
F6180,feature_6180,0.036659568548202515
F6636,feature_6636,0.03665880113840103
F327,feature_327,0.036654308438301086
F2188,feature_2188,0.036654211580753326
F3686,feature_3686,0.03665121644735336
F6317,feature_6317,0.036650367081165314
F13,feature_13,0.036647893488407135
F6712,feature_6712,0.036645323038101196
F4,feature_4,0.03664461150765419
F4818,feature_4818,0.036637794226408005
F9851,feature_9851,0.03663743659853935
F2803,feature_2803,0.03663647547364235
F4227,feature_4227,0.03663506358861923
F2505,feature_2505,0.03663265332579613
F2552,feature_2552,0.036631740629673004
F5818,feature_5818,0.03663043677806854
F9779,feature_9779,0.036627259105443954
F4824,feature_4824,0.036626897752285004
F6245,feature_6245,0.03662269935011864
F1973,feature_1973,0.036621879786252975
F8816,feature_8816,0.03661823272705078
F5928,feature_5928,0.036618176847696304
F7384,feature_7384,0.036617692559957504
F9520,feature_9520,0.036616001278162
F4603,feature_4603,0.036612432450056076
F1424,feature_1424,0.03660754859447479
F4347,feature_4347,0.03660744056105614
F4479,feature_4479,0.03660371154546738
F8886,feature_8886,0.036602672189474106
F6107,feature_6107,0.03660115599632263
F4957,feature_4957,0.03660004585981369
F6101,feature_6101,0.0365975946187973
F8819,feature_8819,0.03659413382411003
F7377,feature_7377,0.03659382089972496
F1452,feature_1452,0.036593228578567505
F9062,feature_9062,0.03659236431121826
F5852,feature_5852,0.03659180551767349
F9469,feature_9469,0.03659036010503769
F9708,feature_9708,0.0365900918841362
F5672,feature_5672,0.036587923765182495
F4579,feature_4579,0.03658735379576683
F3468,feature_3468,0.03658558055758476
F7166,feature_7166,0.036584146320819855
F8450,feature_8450,0.036583926528692245
F349,feature_349,0.03658316284418106
F4648,feature_4648,0.036580923944711685
F4590,feature_4590,0.03657945245504379
F7057,feature_7057,0.03657795861363411
F3832,feature_3832,0.03657764941453934
F4421,feature_4421,0.036577530205249786
F4115,feature_4115,0.036573633551597595
F7597,feature_7597,0.03657233715057373
F8367,feature_8367,0.03656761720776558
F4649,feature_4649,0.03656701371073723
F1088,feature_1088,0.03656456619501114
F2071,feature_2071,0.03656213358044624
F8763,feature_8763,0.03656020015478134
F3394,feature_3394,0.03656018525362015
F5577,feature_5577,0.03655838221311569
F5262,feature_5262,0.03655797988176346
F7127,feature_7127,0.036556426435709
F9614,feature_9614,0.03655555099248886
F3201,feature_3201,0.03655536472797394
F2507,feature_2507,0.03655347228050232
F9284,feature_9284,0.03655148297548294
F1201,feature_1201,0.03654977306723595
F8735,feature_8735,0.03654941916465759
F1689,feature_1689,0.036549076437950134
F1080,feature_1080,0.036548323929309845
F6060,feature_6060,0.036547284573316574
F7913,feature_7913,0.03654533252120018
F3185,feature_3185,0.03654388338327408
F9265,feature_9265,0.03654300048947334
F3007,feature_3007,0.03654284030199051
F3116,feature_3116,0.03654222562909126
F4162,feature_4162,0.03654203563928604
F7903,feature_7903,0.03654152527451515
F447,feature_447,0.03654034435749054
F4395,feature_4395,0.03653859719634056
F9982,feature_9982,0.03653772547841072
F1589,feature_1589,0.03653515875339508
F6945,feature_6945,0.036535102874040604
F1440,feature_1440,0.03653322532773018
F62,feature_62,0.03653232380747795
F7667,feature_7667,0.03652959316968918
F4548,feature_4548,0.03652831166982651
F5933,feature_5933,0.0365271121263504
F8228,feature_8228,0.036526646465063095
F5386,feature_5386,0.036519840359687805
F7045,feature_7045,0.036519356071949005
F2527,feature_2527,0.0365188792347908
F947,feature_947,0.036518778651952744
F2661,feature_2661,0.036516863852739334
F9537,feature_9537,0.03651648387312889
F1917,feature_1917,0.03651443496346474
F3134,feature_3134,0.036508724093437195
F9937,feature_9937,0.03650781884789467
F7600,feature_7600,0.03650679439306259
F442,feature_442,0.03650464117527008
F669,feature_669,0.036503713577985764
F1054,feature_1054,0.036502815783023834
F6181,feature_6181,0.0364987887442112
F7651,feature_7651,0.03649735823273659
F6508,feature_6508,0.036495789885520935
F9080,feature_9080,0.036492712795734406
F3863,feature_3863,0.036492377519607544
F6188,feature_6188,0.03649008646607399
F8728,feature_8728,0.03648681193590164
F8464,feature_8464,0.0364852249622345
F4882,feature_4882,0.03648480772972107
F8136,feature_8136,0.036483436822891235
F5668,feature_5668,0.03648188337683678
F8929,feature_8929,0.03648053854703903
F3436,feature_3436,0.03648049011826515
F4865,feature_4865,0.03648032993078232
F4918,feature_4918,0.0364789180457592
F7895,feature_7895,0.036478303372859955
F3600,feature_3600,0.03647616133093834
F2269,feature_2269,0.036470480263233185
F373,feature_373,0.036470022052526474
F6072,feature_6072,0.03646799176931381
F7529,feature_7529,0.03646549582481384
F9799,feature_9799,0.03646241873502731
F8797,feature_8797,0.03645848110318184
F3720,feature_3720,0.036456819623708725
F2880,feature_2880,0.03645339235663414
F7644,feature_7644,0.03644290566444397
F3238,feature_3238,0.036442890763282776
F7544,feature_7544,0.03643546998500824
F8243,feature_8243,0.036431487649679184
F2895,feature_2895,0.03642883896827698
F5492,feature_5492,0.03642485290765762
F2900,feature_2900,0.03642209246754646
F2669,feature_2669,0.03642147034406662
F3926,feature_3926,0.03641597181558609
F7812,feature_7812,0.03641534596681595
F1493,feature_1493,0.03641488775610924
F5383,feature_5383,0.036413971334695816
F666,feature_666,0.03641345351934433
F6330,feature_6330,0.036412231624126434
F717,feature_717,0.03640786558389664
F6340,feature_6340,0.036405570805072784
F155,feature_155,0.036404889076948166
F8306,feature_8306,0.03640469163656235
F9920,feature_9920,0.03640013933181763
F667,feature_667,0.036399874836206436
F9808,feature_9808,0.03639848902821541
F1991,feature_1991,0.036397818475961685
F635,feature_635,0.03639642521739006
F7128,feature_7128,0.03639115393161774
F2789,feature_2789,0.03639041632413864
F1465,feature_1465,0.03639010712504387
F3576,feature_3576,0.03638613596558571
F5206,feature_5206,0.03638444095849991
F5469,feature_5469,0.0363813154399395
F6616,feature_6616,0.036377184092998505
F9209,feature_9209,0.0363665446639061
F9757,feature_9757,0.03636422008275986
F1020,feature_1020,0.03635844588279724
F5410,feature_5410,0.036358051002025604
F9016,feature_9016,0.03635657578706741
F7603,feature_7603,0.03635532036423683
F9535,feature_9535,0.03635288402438164
F6352,feature_6352,0.036350227892398834
F275,feature_275,0.03634854778647423
F5585,feature_5585,0.036348167806863785
F6809,feature_6809,0.03634726256132126
F7324,feature_7324,0.036340951919555664
F1721,feature_1721,0.03634074702858925
F9501,feature_9501,0.03633808344602585
F8347,feature_8347,0.03633629530668259
F5930,feature_5930,0.03633430600166321
F5123,feature_5123,0.03633363917469978
F944,feature_944,0.0363333486020565
F6974,feature_6974,0.036332640796899796
F1151,feature_1151,0.036329761147499084
F6254,feature_6254,0.03632647171616554
F4118,feature_4118,0.03632240369915962
F4931,feature_4931,0.03632206842303276
F7454,feature_7454,0.03632146120071411
F5009,feature_5009,0.036320511251688004
F1036,feature_1036,0.0363171249628067
F8271,feature_8271,0.03631599619984627
F5717,feature_5717,0.03631412610411644
F7799,feature_7799,0.03631202131509781
F5580,feature_5580,0.03630949184298515
F5483,feature_5483,0.036308515816926956
F8045,feature_8045,0.03630810230970383
F3075,feature_3075,0.036306798458099365
F5110,feature_5110,0.036303527653217316
F5988,feature_5988,0.03630313649773598
F7804,feature_7804,0.03630281239748001
F1225,feature_1225,0.036302294582128525
F7848,feature_7848,0.03629979491233826
F2389,feature_2389,0.03629725053906441
F8050,feature_8050,0.03629543259739876
F5923,feature_5923,0.036295365542173386
F5519,feature_5519,0.03627998009324074
F6447,feature_6447,0.036278706043958664
F6976,feature_6976,0.03627784922719002
F6642,feature_6642,0.036273542791604996
F302,feature_302,0.03627079352736473
F7071,feature_7071,0.03626548498868942
F5801,feature_5801,0.036262620240449905
F9220,feature_9220,0.036261800676584244
F2470,feature_2470,0.03626168891787529
F1737,feature_1737,0.03626033291220665
F6753,feature_6753,0.036258064210414886
F4782,feature_4782,0.036255866289138794
F4789,feature_4789,0.03625555709004402
F4321,feature_4321,0.03625532239675522
F1993,feature_1993,0.036254771053791046
F5036,feature_5036,0.036253396421670914
F5043,feature_5043,0.03625309467315674
F916,feature_916,0.036252111196517944
F5019,feature_5019,0.036251842975616455
F8888,feature_8888,0.03625055029988289
F4723,feature_4723,0.03624892979860306
F7584,feature_7584,0.03624769672751427
F735,feature_735,0.03624574840068817
F3951,feature_3951,0.03624546900391579
F3655,feature_3655,0.03624506667256355
F8650,feature_8650,0.03624439984560013
F4081,feature_4081,0.03624257072806358
F8074,feature_8074,0.03624064102768898
F7284,feature_7284,0.03623824194073677
F145,feature_145,0.036237768828868866
F2815,feature_2815,0.036236390471458435
F8530,feature_8530,0.036235835403203964
F2195,feature_2195,0.03623442351818085
F8605,feature_8605,0.03623364120721817
F4780,feature_4780,0.03622682765126228
F453,feature_453,0.0362263098359108
F1959,feature_1959,0.036220163106918335
F8494,feature_8494,0.036218833178281784
F1936,feature_1936,0.03621746972203255
F4304,feature_4304,0.03621555119752884
F1419,feature_1419,0.03621143102645874
F7510,feature_7510,0.036198921501636505
F2510,feature_2510,0.03619590401649475
F5179,feature_5179,0.03619065135717392
F8833,feature_8833,0.036190420389175415
F3210,feature_3210,0.03618987277150154
F3222,feature_3222,0.03618869185447693
F4365,feature_4365,0.036188554018735886
F8656,feature_8656,0.03618834167718887
F4216,feature_4216,0.036188025027513504
F1367,feature_1367,0.03618733212351799
F3097,feature_3097,0.036186762154102325
F3607,feature_3607,0.036184974014759064
F5702,feature_5702,0.03618374466896057
F8637,feature_8637,0.0361819751560688
F1970,feature_1970,0.036180488765239716
F9002,feature_9002,0.0361766591668129
F9489,feature_9489,0.03617337718605995
F5425,feature_5425,0.03617295250296593
F1622,feature_1622,0.0361638069152832
F3016,feature_3016,0.03616180270910263
F2674,feature_2674,0.03616095334291458
F876,feature_876,0.03616093099117279
F5799,feature_5799,0.03616053983569145
F5207,feature_5207,0.036159612238407135
F3518,feature_3518,0.03615761175751686
F1869,feature_1869,0.03615666553378105
F8749,feature_8749,0.03615550324320793
F3373,feature_3373,0.036150433123111725
F6248,feature_6248,0.03614936023950577
F7153,feature_7153,0.036147505044937134
F4435,feature_4435,0.036146871745586395
F6163,feature_6163,0.03614524006843567
F9193,feature_9193,0.036144107580184937
F4797,feature_4797,0.03614049032330513
F7184,feature_7184,0.0361376591026783
F5591,feature_5591,0.03613485395908356
F3858,feature_3858,0.03613146394491196
F4043,feature_4043,0.03613121435046196
F8660,feature_8660,0.036130305379629135
F104,feature_104,0.036129578948020935
F3206,feature_3206,0.03612300381064415
F6413,feature_6413,0.03612159192562103
F1916,feature_1916,0.03612002730369568
F3534,feature_3534,0.03611680492758751
F2294,feature_2294,0.036116596311330795
F3530,feature_3530,0.036112524569034576
F3415,feature_3415,0.03611234948039055
F3200,feature_3200,0.03611062467098236
F172,feature_172,0.03610951080918312
F2176,feature_2176,0.03610892966389656
F525,feature_525,0.03610599786043167
F7996,feature_7996,0.03610551729798317
F6615,feature_6615,0.036104630678892136
F9343,feature_9343,0.03609319403767586
F1887,feature_1887,0.03608722612261772
F2020,feature_2020,0.036078765988349915
F6813,feature_6813,0.036077000200748444
F6562,feature_6562,0.03607650101184845
F5735,feature_5735,0.03607497364282608
F3884,feature_3884,0.03606680408120155
F5300,feature_5300,0.03606630489230156
F7277,feature_7277,0.03606418892741203
F8346,feature_8346,0.03606315702199936
F2598,feature_2598,0.036061715334653854
F976,feature_976,0.036059558391571045
F5747,feature_5747,0.036058709025382996
F7856,feature_7856,0.036057282239198685
F5286,feature_5286,0.03605705127120018
F9172,feature_9172,0.03605556860566139
F9310,feature_9310,0.03605519235134125
F7169,feature_7169,0.036052823066711426
F5862,feature_5862,0.03605254366993904
F9633,feature_9633,0.036049310117959976
F6801,feature_6801,0.03604861721396446
F8824,feature_8824,0.03604548051953316
F5732,feature_5732,0.03604479879140854
F5237,feature_5237,0.036043357104063034
F9804,feature_9804,0.036043256521224976
F3878,feature_3878,0.036035675555467606
F4295,feature_4295,0.036034438759088516
F1280,feature_1280,0.03603409603238106
F214,feature_214,0.036033328622579575
F4862,feature_4862,0.036029838025569916
F7878,feature_7878,0.03602602332830429
F1598,feature_1598,0.03602583333849907
F2737,feature_2737,0.03602572903037071
F3208,feature_3208,0.03602408617734909
F2624,feature_2624,0.0360228456556797
F3819,feature_3819,0.036022283136844635
F3106,feature_3106,0.03601929545402527
F6078,feature_6078,0.03601854667067528
F9953,feature_9953,0.036017339676618576
F4534,feature_4534,0.03600888326764107
F5775,feature_5775,0.03600839525461197
F4214,feature_4214,0.036008041352033615
F611,feature_611,0.03600674122571945
F1914,feature_1914,0.036004550755023956
F2828,feature_2828,0.035994984209537506
F3674,feature_3674,0.03598774969577789
F5143,feature_5143,0.03598335012793541
F4129,feature_4129,0.035982973873615265
F8594,feature_8594,0.03598262369632721
F6942,feature_6942,0.03598247841000557
F6553,feature_6553,0.035981521010398865
F7177,feature_7177,0.035976145416498184
F6087,feature_6087,0.03597468137741089
F3041,feature_3041,0.03597181662917137
F1577,feature_1577,0.035971228033304214
F1364,feature_1364,0.03597058355808258
F3513,feature_3513,0.035970259457826614
F3342,feature_3342,0.03596382215619087
F3896,feature_3896,0.03595929220318794
F5248,feature_5248,0.03595762327313423
F312,feature_312,0.035957369953393936
F2134,feature_2134,0.035956669598817825
F6141,feature_6141,0.03595462441444397
F6049,feature_6049,0.03595184534788132
F8811,feature_8811,0.035946983844041824
F1980,feature_1980,0.03594646230340004
F6698,feature_6698,0.03594543784856796
F4291,feature_4291,0.03594429790973663
F1720,feature_1720,0.035943444818258286
F9622,feature_9622,0.03594254329800606
F7654,feature_7654,0.03594066947698593
F9364,feature_9364,0.0359397828578949
F2863,feature_2863,0.0359385646879673
F6724,feature_6724,0.0359380766749382
F5935,feature_5935,0.035935066640377045
F9753,feature_9753,0.03593355789780617
F6785,feature_6785,0.0359327457845211
F7280,feature_7280,0.03593147173523903
F7363,feature_7363,0.03592965379357338
F25,feature_25,0.035927679389715195
F7132,feature_7132,0.03592189773917198
F2248,feature_2248,0.03592162951827049
F4591,feature_4591,0.03591715544462204
F4380,feature_4380,0.03591295704245567
F751,feature_751,0.03590971976518631
F2893,feature_2893,0.035907287150621414
F9940,feature_9940,0.03590714931488037
F4157,feature_4157,0.03590567782521248
F5695,feature_5695,0.03590458258986473
F1199,feature_1199,0.03590339794754982
F9307,feature_9307,0.03590114787220955
F9627,feature_9627,0.035895951092243195
F8718,feature_8718,0.03589474409818649
F6126,feature_6126,0.03589455038309097
F6444,feature_6444,0.03589222580194473
F5759,feature_5759,0.03588910400867462
F7459,feature_7459,0.03588743507862091
F5773,feature_5773,0.03588533028960228
F8229,feature_8229,0.03588472306728363
F405,feature_405,0.03588257357478142
F6458,feature_6458,0.035880859941244125
F9353,feature_9353,0.035875897854566574
F1782,feature_1782,0.035874295979738235
F1611,feature_1611,0.03587254509329796
F1813,feature_1813,0.03586907312273979
F1172,feature_1172,0.03586704283952713
F3476,feature_3476,0.035866159945726395
F5576,feature_5576,0.035865668207407
F2799,feature_2799,0.03586190566420555
F6063,feature_6063,0.03585626929998398
F8874,feature_8874,0.03585459664463997
F1276,feature_1276,0.03585439920425415
F9747,feature_9747,0.03585368022322655
F8106,feature_8106,0.035848651081323624
F4830,feature_4830,0.03584799915552139
F1242,feature_1242,0.03584719076752663
F6915,feature_6915,0.03584674373269081
F3322,feature_3322,0.035845931619405746
F3784,feature_3784,0.03584233671426773
F5122,feature_5122,0.03584187850356102
F1616,feature_1616,0.03583816438913345
F4354,feature_4354,0.03583483025431633
F554,feature_554,0.03583374619483948
F2978,feature_2978,0.035833004862070084
F741,feature_741,0.035832684487104416
F4030,feature_4030,0.03583252802491188
F3054,feature_3054,0.0358298234641552
F2811,feature_2811,0.03582693636417389
F3505,feature_3505,0.035825736820697784
F591,feature_591,0.03582387790083885
F4466,feature_4466,0.035822801291942596
F3211,feature_3211,0.03582160174846649
F9825,feature_9825,0.0358213409781456
F2769,feature_2769,0.03581957519054413
F5841,feature_5841,0.035815704613924026
F2387,feature_2387,0.03581562638282776
F706,feature_706,0.035815272480249405
F4976,feature_4976,0.035812247544527054
F5440,feature_5440,0.03581003472208977
F1571,feature_1571,0.035808015614748
F7722,feature_7722,0.035807546228170395
F3667,feature_3667,0.035807475447654724
F7380,feature_7380,0.03580625355243683
F1900,feature_1900,0.03580567240715027
F6013,feature_6013,0.03580217808485031
F2336,feature_2336,0.03579854220151901
F7624,feature_7624,0.03579244762659073
F7730,feature_7730,0.035791076719760895
F4687,feature_4687,0.03578658774495125
F3312,feature_3312,0.035786062479019165
F3636,feature_3636,0.03578357771039009
F3737,feature_3737,0.035783033818006516
F4011,feature_4011,0.03578271344304085
F7444,feature_7444,0.03578156977891922
F5357,feature_5357,0.03578101471066475
F2413,feature_2413,0.0357808880507946
F2493,feature_2493,0.03578037768602371
F7102,feature_7102,0.03577962890267372
F5016,feature_5016,0.035779308527708054
F6024,feature_6024,0.03577869012951851
F9128,feature_9128,0.03577669337391853
F9290,feature_9290,0.03577622026205063
F8301,feature_8301,0.035776033997535706
F3146,feature_3146,0.035775791853666306
F9910,feature_9910,0.03577439486980438
F4346,feature_4346,0.03577401489019394
F4203,feature_4203,0.035773083567619324
F1719,feature_1719,0.03577163442969322
F3818,feature_3818,0.035771239548921585
F9815,feature_9815,0.035771194845438004
F9884,feature_9884,0.03576980531215668
F2632,feature_2632,0.03576909005641937
F1929,feature_1929,0.03576591983437538
F21,feature_21,0.035763464868068695
F8422,feature_8422,0.035763200372457504
F2817,feature_2817,0.035761963576078415
F4113,feature_4113,0.035760704427957535
F9109,feature_9109,0.0357593335211277
F1100,feature_1100,0.03574972227215767
F353,feature_353,0.035747867077589035
F888,feature_888,0.035746704787015915
F5699,feature_5699,0.035743337124586105
F2102,feature_2102,0.03574182093143463
F5842,feature_5842,0.03574062138795853
F7084,feature_7084,0.035739850252866745
F7124,feature_7124,0.03573927655816078
F5925,feature_5925,0.035738106817007065
F7736,feature_7736,0.03573652729392052
F9207,feature_9207,0.03573615849018097
F3900,feature_3900,0.035734739154577255
F5961,feature_5961,0.03573473170399666
F6368,feature_6368,0.03573350980877876
F617,feature_617,0.035733096301555634
F7248,feature_7248,0.035727087408304214
F9786,feature_9786,0.0357251912355423
F3433,feature_3433,0.03572516888380051
F6086,feature_6086,0.03572063520550728
F9043,feature_9043,0.035720109939575195
F4458,feature_4458,0.0357157438993454
F8575,feature_8575,0.03571508824825287
F4219,feature_4219,0.03571241348981857
F4724,feature_4724,0.03570927679538727
F1549,feature_1549,0.035705722868442535
F4238,feature_4238,0.03570454940199852
F7703,feature_7703,0.03570409491658211
F5884,feature_5884,0.035703159868717194
F4563,feature_4563,0.03570111468434334
F9544,feature_9544,0.03570052608847618
F563,feature_563,0.03570050373673439
F8258,feature_8258,0.03569961339235306
F6173,feature_6173,0.035698067396879196
F339,feature_339,0.035693392157554626
F2044,feature_2044,0.035691771656274796
F7445,feature_7445,0.035687368363142014
F9957,feature_9957,0.03568558394908905
F9351,feature_9351,0.03568538278341293
F8157,feature_8157,0.035684313625097275
F2453,feature_2453,0.03568267449736595
F1779,feature_1779,0.03568115085363388
F8908,feature_8908,0.03567773476243019
F435,feature_435,0.03567755967378616
F7520,feature_7520,0.03567644953727722
F4840,feature_4840,0.035675711929798126
F8137,feature_8137,0.03567244112491608
F5647,feature_5647,0.03567047417163849
F7243,feature_7243,0.03566574305295944
F3855,feature_3855,0.03566381707787514
F3008,feature_3008,0.03566169738769531
F1127,feature_1127,0.035658031702041626
F4279,feature_4279,0.03565695881843567
F9694,feature_9694,0.035654354840517044
F8753,feature_8753,0.03565223887562752
F3541,feature_3541,0.03564998507499695
F5626,feature_5626,0.035649821162223816
F7822,feature_7822,0.03564901277422905
F8128,feature_8128,0.03564659133553505
F9897,feature_9897,0.03564521297812462
F2640,feature_2640,0.035642534494400024
F9950,feature_9950,0.03564021736383438
F8576,feature_8576,0.035637859255075455
F7091,feature_7091,0.03563665598630905
F1002,feature_1002,0.03563595563173294
F3807,feature_3807,0.03563087433576584
F6902,feature_6902,0.0356302335858345
F1569,feature_1569,0.03562766686081886
F5164,feature_5164,0.03562719374895096
F9987,feature_9987,0.03562171384692192
F9241,feature_9241,0.03562067076563835
F4406,feature_4406,0.035619884729385376
F2927,feature_2927,0.035616643726825714
F6395,feature_6395,0.035613544285297394
F2616,feature_2616,0.03561171889305115
F2653,feature_2653,0.035608772188425064
F3173,feature_3173,0.03560831397771835
F1987,feature_1987,0.03560645878314972
F6476,feature_6476,0.035605575889348984
F9487,feature_9487,0.035604480654001236
F9453,feature_9453,0.035604022443294525
F6594,feature_6594,0.03560324013233185
F8453,feature_8453,0.03559940680861473
F9196,feature_9196,0.03559854254126549
F7215,feature_7215,0.03559791296720505
F8208,feature_8208,0.035595525056123734
F5324,feature_5324,0.035595327615737915
F4409,feature_4409,0.03559499979019165
F6027,feature_6027,0.03559345379471779
F4495,feature_4495,0.03559247776865959
F9395,feature_9395,0.03558754548430443
F1034,feature_1034,0.035584453493356705
F8281,feature_8281,0.03558288514614105
F6363,feature_6363,0.035580892115831375
F6399,feature_6399,0.035579849034547806
F2112,feature_2112,0.03557981550693512
F4293,feature_4293,0.03557908535003662
F1262,feature_1262,0.0355769619345665
F9234,feature_9234,0.03557493910193443
F159,feature_159,0.035574279725551605
F5275,feature_5275,0.03557400405406952
F7664,feature_7664,0.035573266446590424
F510,feature_510,0.03556805104017258
F4955,feature_4955,0.035566795617341995
F8060,feature_8060,0.03556368499994278
F8599,feature_8599,0.03555599972605705
F1579,feature_1579,0.03555518761277199
F6171,feature_6171,0.03555143624544144
F6449,feature_6449,0.03555090352892876
F4152,feature_4152,0.03554724156856537
F5575,feature_5575,0.03554682806134224
F1248,feature_1248,0.03554682433605194
F948,feature_948,0.03554517403244972
F67,feature_67,0.03554362431168556
F7919,feature_7919,0.035542022436857224
F325,feature_325,0.035541873425245285
F5361,feature_5361,0.03554018959403038
F6247,feature_6247,0.03553920239210129
F5197,feature_5197,0.035537827759981155
F5894,feature_5894,0.035537734627723694
F1963,feature_1963,0.03553696721792221
F6385,feature_6385,0.03553531691431999
F7655,feature_7655,0.03553416579961777
F3876,feature_3876,0.03553372249007225
F7174,feature_7174,0.03553245589137077
F9654,feature_9654,0.03552421182394028
F4202,feature_4202,0.03552349656820297
F2681,feature_2681,0.03551556169986725
F1428,feature_1428,0.035514019429683685
F4833,feature_4833,0.035513829439878464
F3629,feature_3629,0.035508427768945694
F5249,feature_5249,0.03550833836197853
F687,feature_687,0.03550587594509125
F4949,feature_4949,0.035501349717378616
F1568,feature_1568,0.03549887239933014
F1012,feature_1012,0.03549804538488388
F878,feature_878,0.03549376502633095
F7953,feature_7953,0.03549216687679291
F9440,feature_9440,0.035488542169332504
F3999,feature_3999,0.035482119768857956
F2378,feature_2378,0.03548122197389603
F2361,feature_2361,0.03547979146242142
F1138,feature_1138,0.035474084317684174
F1807,feature_1807,0.03547076880931854
F4873,feature_4873,0.03546923026442528
F6404,feature_6404,0.035468026995658875
F5644,feature_5644,0.03546746447682381
F4396,feature_4396,0.035467348992824554
F8520,feature_8520,0.03546683117747307
F9092,feature_9092,0.03546585142612457
F7997,feature_7997,0.03546392172574997
F2608,feature_2608,0.03546291962265968
F1109,feature_1109,0.03546253591775894
F1958,feature_1958,0.03545684739947319
F5456,feature_5456,0.03545338287949562
F151,feature_151,0.03545210883021355
F1252,feature_1252,0.035451315343379974
F6401,feature_6401,0.035449959337711334
F908,feature_908,0.03544912859797478
F7976,feature_7976,0.03544414043426514
F2830,feature_2830,0.035443227738142014
F267,feature_267,0.03544187545776367
F7884,feature_7884,0.03543931618332863
F9611,feature_9611,0.03543839231133461
F9855,feature_9855,0.03543365001678467
F1888,feature_1888,0.03543144837021828
F3069,feature_3069,0.03542759642004967
F6319,feature_6319,0.03542398661375046
F2604,feature_2604,0.035423945635557175
F9996,feature_9996,0.03542361035943031
F318,feature_318,0.03542109951376915
F6633,feature_6633,0.03541962802410126
F5629,feature_5629,0.03541881591081619
F3620,feature_3620,0.03541788458824158
F4996,feature_4996,0.035417620092630386
F6106,feature_6106,0.03541696444153786
F856,feature_856,0.0354146733880043
F5581,feature_5581,0.0354144349694252
F6161,feature_6161,0.03541254997253418
F2019,feature_2019,0.035412419587373734
F7599,feature_7599,0.035409871488809586
F733,feature_733,0.03540942817926407
F9879,feature_9879,0.03540881350636482
F168,feature_168,0.03540856018662453
F2833,feature_2833,0.035407718271017075
F9764,feature_9764,0.03540762886404991
F6059,feature_6059,0.03540666401386261
F657,feature_657,0.03540202975273132
F9709,feature_9709,0.03540126234292984
F2454,feature_2454,0.03540113568305969
F6434,feature_6434,0.035400986671447754
F5761,feature_5761,0.035394005477428436
F3368,feature_3368,0.035393718630075455
F5254,feature_5254,0.035393550992012024
F8100,feature_8100,0.035393524914979935
F9617,feature_9617,0.03539348021149635
F7697,feature_7697,0.0353904664516449
F6506,feature_6506,0.035387203097343445
F1376,feature_1376,0.03538619354367256
F5495,feature_5495,0.03538425639271736
F5173,feature_5173,0.03538170084357262
F259,feature_259,0.035380974411964417
F8995,feature_8995,0.03537997975945473
F1572,feature_1572,0.03537248075008392
F438,feature_438,0.035371627658605576
F2236,feature_2236,0.03537128493189812
F4161,feature_4161,0.035371266305446625
F2657,feature_2657,0.03536936640739441
F7469,feature_7469,0.03536653518676758
F7142,feature_7142,0.03536386042833328
F1078,feature_1078,0.0353630892932415
F5452,feature_5452,0.035356346517801285
F2563,feature_2563,0.035354629158973694
F2795,feature_2795,0.03535374626517296
F9776,feature_9776,0.03534426912665367
F8041,feature_8041,0.0353427529335022
F8603,feature_8603,0.03534194454550743
F2730,feature_2730,0.03534141182899475
F638,feature_638,0.0353412963449955
F7782,feature_7782,0.03533897176384926
F2324,feature_2324,0.03533497080206871
F1061,feature_1061,0.035332512110471725
F2298,feature_2298,0.035332340747117996
F6009,feature_6009,0.03533227741718292
F4940,feature_4940,0.03533213958144188
F2703,feature_2703,0.03533203899860382
F8917,feature_8917,0.03532867506146431
F542,feature_542,0.035322144627571106
F9268,feature_9268,0.03532125800848007
F7740,feature_7740,0.03532009944319725
F2544,feature_2544,0.035318516194820404
F8895,feature_8895,0.03531629964709282
F1733,feature_1733,0.0353151373565197
F2048,feature_2048,0.03531266748905182
F7152,feature_7152,0.03531022369861603
F5290,feature_5290,0.03530873730778694
F7871,feature_7871,0.03530406951904297
F5811,feature_5811,0.03530077636241913
F9030,feature_9030,0.0352962501347065
F4459,feature_4459,0.0352943018078804
F4125,feature_4125,0.03529294952750206
F6307,feature_6307,0.03528843820095062
F7741,feature_7741,0.03528398275375366
F4208,feature_4208,0.035283979028463364
F5559,feature_5559,0.035281773656606674
F4189,feature_4189,0.03527972847223282
F1910,feature_1910,0.03527836501598358
F9272,feature_9272,0.03527749329805374
F4545,feature_4545,0.035277288407087326
F6414,feature_6414,0.03527700528502464
F6115,feature_6115,0.03527682274580002
F7714,feature_7714,0.035275548696517944
F2473,feature_2473,0.03527485579252243
F6201,feature_6201,0.035271938890218735
F1946,feature_1946,0.03526797890663147
F4617,feature_4617,0.03526797890663147
F403,feature_403,0.03526622802019119
F7825,feature_7825,0.03525712713599205
F5910,feature_5910,0.03525347635149956
F6046,feature_6046,0.03525282442569733
F9073,feature_9073,0.03525253385305405
F6325,feature_6325,0.03525029495358467
F9947,feature_9947,0.03524968400597572
F8852,feature_8852,0.03524869307875633
F5213,feature_5213,0.03524862974882126
F4172,feature_4172,0.035245999693870544
F6051,feature_6051,0.03524349629878998
F9787,feature_9787,0.03524305298924446
F8922,feature_8922,0.03524208068847656
F1649,feature_1649,0.035240769386291504
F3602,feature_3602,0.03523457795381546
F1727,feature_1727,0.035233136266469955
F7849,feature_7849,0.035232607275247574
F5208,feature_5208,0.035231947898864746
F882,feature_882,0.03523046523332596
F6780,feature_6780,0.035229578614234924
F5375,feature_5375,0.0352272093296051
F9656,feature_9656,0.03522668778896332
F4968,feature_4968,0.03522579371929169
F2157,feature_2157,0.0352255143225193
F3369,feature_3369,0.03522450104355812
F3253,feature_3253,0.03522375598549843
F84,feature_84,0.03522341698408127
F3656,feature_3656,0.03522196412086487
F1408,feature_1408,0.035219740122556686
F9881,feature_9881,0.03521842509508133
F3271,feature_3271,0.035213422030210495
F5292,feature_5292,0.03521068021655083
F4280,feature_4280,0.035208020359277725
F603,feature_603,0.03520404174923897
F1122,feature_1122,0.03520149737596512
F6491,feature_6491,0.03520093858242035
F3447,feature_3447,0.03519808501005173
F385,feature_385,0.0351974293589592
F3288,feature_3288,0.03519579768180847
F5227,feature_5227,0.0351954847574234
F804,feature_804,0.03519388660788536
F1488,feature_1488,0.03518715500831604
F2963,feature_2963,0.03518638014793396
F4944,feature_4944,0.035185329616069794
F5849,feature_5849,0.03518488258123398
F5239,feature_5239,0.035180915147066116
F9279,feature_9279,0.03518085554242134
F1763,feature_1763,0.035179488360881805
F383,feature_383,0.03517841920256615
F957,feature_957,0.035177990794181824
F555,feature_555,0.03517581522464752
F225,feature_225,0.03517119586467743
F8930,feature_8930,0.03516991436481476
F5784,feature_5784,0.035168781876564026
F5021,feature_5021,0.0351678803563118
F8324,feature_8324,0.035161469131708145
F6931,feature_6931,0.035160813480615616
F5091,feature_5091,0.03515986353158951
F7968,feature_7968,0.035158444195985794
F5184,feature_5184,0.03515694662928581
F7486,feature_7486,0.03515248745679855
F7125,feature_7125,0.03515201061964035
F5973,feature_5973,0.035149361938238144
F4166,feature_4166,0.03514924645423889
F8449,feature_8449,0.035142768174409866
F4276,feature_4276,0.03514157980680466
F474,feature_474,0.0351414754986763
F5441,feature_5441,0.03514130413532257
F9373,feature_9373,0.03513487055897713
F3030,feature_3030,0.035128459334373474
F5182,feature_5182,0.03512829542160034
F6685,feature_6685,0.035127609968185425
F9074,feature_9074,0.03512327000498772
F2715,feature_2715,0.0351225845515728
F4332,feature_4332,0.035120073705911636
F9918,feature_9918,0.03511897101998329
F2806,feature_2806,0.035117775201797485
F6296,feature_6296,0.03511761128902435
F1668,feature_1668,0.035117257386446
F3429,feature_3429,0.035117171704769135
F8742,feature_8742,0.03511453792452812
F5001,feature_5001,0.03511296585202217
F4885,feature_4885,0.03510941565036774
F7995,feature_7995,0.035109296441078186
F3027,feature_3027,0.035105232149362564
F6583,feature_6583,0.03510456532239914
F844,feature_844,0.0351036936044693
F9069,feature_9069,0.0351032093167305
F7639,feature_7639,0.03510202094912529
F5901,feature_5901,0.035100530833005905
F7833,feature_7833,0.03510052338242531
F1712,feature_1712,0.03509670868515968
F4225,feature_4225,0.0350952185690403
F3218,feature_3218,0.035091180354356766
F6354,feature_6354,0.03508930280804634
F5233,feature_5233,0.0350886769592762
F1604,feature_1604,0.03508826717734337
F4319,feature_4319,0.03508627042174339
F3767,feature_3767,0.035084620118141174
F7910,feature_7910,0.03507969155907631
F982,feature_982,0.03507339209318161
F8606,feature_8606,0.0350731685757637
F6829,feature_6829,0.03506771847605705
F5739,feature_5739,0.03506672382354736
F2896,feature_2896,0.03506657853722572
F343,feature_343,0.03506568446755409
F6959,feature_6959,0.03506391867995262
F4367,feature_4367,0.03506334498524666
F5896,feature_5896,0.03506064787507057
F26,feature_26,0.0350605808198452
F2996,feature_2996,0.03506018966436386
F1893,feature_1893,0.03505910187959671
F3374,feature_3374,0.03505818173289299
F1478,feature_1478,0.035056889057159424
F8008,feature_8008,0.035056259483098984
F1972,feature_1972,0.035055115818977356
F9411,feature_9411,0.035054806619882584
F1369,feature_1369,0.03505398705601692
F3604,feature_3604,0.035053931176662445
F9000,feature_9000,0.0350508838891983
F8393,feature_8393,0.035040825605392456
F232,feature_232,0.035039544105529785
F3360,feature_3360,0.035039130598306656
F1245,feature_1245,0.035037361085414886
F3612,feature_3612,0.03503626212477684
F9442,feature_9442,0.03503471612930298
F9822,feature_9822,0.035028163343667984
F3396,feature_3396,0.03502487391233444
F9269,feature_9269,0.03502396121621132
F132,feature_132,0.03502320498228073
F2504,feature_2504,0.03502065688371658
F5432,feature_5432,0.03501993790268898
F5909,feature_5909,0.03501953184604645
F1810,feature_1810,0.03501644730567932
F5666,feature_5666,0.035015154629945755
F5479,feature_5479,0.03501512110233307
F5193,feature_5193,0.03501349315047264
F5782,feature_5782,0.03501179441809654
F6092,feature_6092,0.03501018136739731
F6335,feature_6335,0.03500860556960106
F5299,feature_5299,0.035005535930395126
F824,feature_824,0.03500455245375633
F4237,feature_4237,0.03500274196267128
F9214,feature_9214,0.035002700984478
F3938,feature_3938,0.03499963507056236
F7061,feature_7061,0.034997329115867615
F5411,feature_5411,0.03499342501163483
F2907,feature_2907,0.03499225527048111
F9431,feature_9431,0.034991875290870667
F1995,feature_1995,0.034982822835445404
F9751,feature_9751,0.03498147428035736
F8647,feature_8647,0.034976862370967865
F2897,feature_2897,0.034974951297044754
F3524,feature_3524,0.034974079579114914
F3700,feature_3700,0.034974075853824615
F5793,feature_5793,0.03497271239757538
F8687,feature_8687,0.03497062250971794
F6277,feature_6277,0.034967485815286636
F8851,feature_8851,0.03496706485748291
F5329,feature_5329,0.03496667370200157
F3898,feature_3898,0.03496646136045456
F1121,feature_1121,0.0349658764898777
F4306,feature_4306,0.03496497869491577
F418,feature_418,0.034963298588991165
F3127,feature_3127,0.03496045991778374
F1486,feature_1486,0.03495965152978897
F9831,feature_9831,0.034959349781274796
F7519,feature_7519,0.03495849668979645
F1849,feature_1849,0.03495830297470093
F3971,feature_3971,0.03495333343744278
F6472,feature_6472,0.034953102469444275
F6700,feature_6700,0.03495301306247711
F5515,feature_5515,0.0349503755569458
F2503,feature_2503,0.03494982793927193
F9408,feature_9408,0.03494878485798836
F1343,feature_1343,0.034946709871292114
F7802,feature_7802,0.0349465012550354
F6675,feature_6675,0.03494146466255188
F7936,feature_7936,0.034935299307107925
F2594,feature_2594,0.03493169695138931
F1847,feature_1847,0.034931525588035583
F4681,feature_4681,0.034929435700178146
F3782,feature_3782,0.03492875024676323
F5338,feature_5338,0.03492822125554085
F8867,feature_8867,0.03492414951324463
F5806,feature_5806,0.03492191806435585
F8636,feature_8636,0.03491945192217827
F3470,feature_3470,0.0349181592464447
F7306,feature_7306,0.03491482138633728
F9294,feature_9294,0.03491424769163132
F1316,feature_1316,0.0349125973880291
F3302,feature_3302,0.03491134196519852
F176,feature_176,0.03491112217307091
F896,feature_896,0.0349101684987545
F7879,feature_7879,0.03490800783038139
F6267,feature_6267,0.03490758314728737
F5646,feature_5646,0.03490717336535454
F371,feature_371,0.03490644693374634
F9063,feature_9063,0.03490494191646576
F348,feature_348,0.03490268066525459
F2181,feature_2181,0.03489900752902031
F9966,feature_9966,0.0348908007144928
F9288,feature_9288,0.03489069268107414
F3551,feature_3551,0.03488989546895027
F3887,feature_3887,0.034887492656707764
F3291,feature_3291,0.03488467261195183
F1515,feature_1515,0.0348840057849884
F3998,feature_3998,0.03488229587674141
F1022,feature_1022,0.03488146513700485
F5920,feature_5920,0.034880559891462326
F1513,feature_1513,0.0348803736269474
F9033,feature_9033,0.03487878292798996
F1730,feature_1730,0.0348779559135437
F5853,feature_5853,0.03487124294042587
F8876,feature_8876,0.03487076610326767
F6748,feature_6748,0.03486860170960426
F7195,feature_7195,0.03486541286110878
F2427,feature_2427,0.034862861037254333
F2699,feature_2699,0.034862566739320755
F9701,feature_9701,0.034861065447330475
F8871,feature_8871,0.034860581159591675
F8701,feature_8701,0.034860510379076004
F521,feature_521,0.03485662117600441
F4602,feature_4602,0.03485375642776489
F7408,feature_7408,0.03485121205449104
F1315,feature_1315,0.03484729677438736
F9594,feature_9594,0.03484639897942543
F3798,feature_3798,0.034844476729631424
F5603,feature_5603,0.03484166041016579
F8029,feature_8029,0.0348416306078434
F9542,feature_9542,0.03483590483665466
F297,feature_297,0.03482898697257042
F8785,feature_8785,0.03482503443956375
F2611,feature_2611,0.03482397645711899
F5992,feature_5992,0.03482358157634735
F740,feature_740,0.034823227673769
F9833,feature_9833,0.03482157364487648
F7631,feature_7631,0.03481491655111313
F9567,feature_9567,0.034814395010471344
F7578,feature_7578,0.034813255071640015
F2646,feature_2646,0.034813135862350464
F9505,feature_9505,0.03481237217783928
F7430,feature_7430,0.03481151908636093
F3306,feature_3306,0.034809648990631104
F6333,feature_6333,0.03480879217386246
F7988,feature_7988,0.03480769693851471
F5766,feature_5766,0.034805357456207275
F8692,feature_8692,0.03480413556098938
F5167,feature_5167,0.03480351343750954
F8699,feature_8699,0.034802086651325226
F8691,feature_8691,0.034800298511981964
F241,feature_241,0.03479864448308945
F7521,feature_7521,0.03479515761137009
F6372,feature_6372,0.03479471802711487
F3317,feature_3317,0.03478739410638809
F8592,feature_8592,0.03478614613413811
F5929,feature_5929,0.03478569537401199
F8052,feature_8052,0.034785397350788116
F370,feature_370,0.034784089773893356
F2899,feature_2899,0.03478269651532173
F3685,feature_3685,0.034779760986566544
F146,feature_146,0.034778889268636703
F2605,feature_2605,0.03477710857987404
F9608,feature_9608,0.03477621078491211
F6070,feature_6070,0.03477402776479721
F6855,feature_6855,0.03477323427796364
F2593,feature_2593,0.03477305546402931
F5088,feature_5088,0.03477177023887634
F4150,feature_4150,0.0347713902592659
F6303,feature_6303,0.034769121557474136
F8307,feature_8307,0.03476780652999878
F2215,feature_2215,0.034764811396598816
F8768,feature_8768,0.034760527312755585
F5648,feature_5648,0.03475937992334366
F4839,feature_4839,0.034753236919641495
F4160,feature_4160,0.034752216190099716
F7495,feature_7495,0.03475066274404526
F7672,feature_7672,0.034748394042253494
F3578,feature_3578,0.03474712371826172
F7537,feature_7537,0.03474694490432739
F83,feature_83,0.03474650904536247
F5914,feature_5914,0.03474421426653862
F5481,feature_5481,0.0347440168261528
F6557,feature_6557,0.03474261611700058
F8302,feature_8302,0.034738026559352875
F4350,feature_4350,0.03473445773124695
F5746,feature_5746,0.03472840040922165
F4695,feature_4695,0.034728001803159714
F3217,feature_3217,0.03472727909684181
F158,feature_158,0.03472651168704033
F576,feature_576,0.03472518175840378
F9257,feature_9257,0.034724440425634384
F5604,feature_5604,0.03472317382693291
F6145,feature_6145,0.034722913056612015
F7040,feature_7040,0.034720998257398605
F6835,feature_6835,0.03471933305263519
F4567,feature_4567,0.03471842408180237
F8628,feature_8628,0.03471459448337555
F1411,feature_1411,0.03471408411860466
F7212,feature_7212,0.03471096605062485
F1559,feature_1559,0.03470797836780548
F2050,feature_2050,0.034704044461250305
F2459,feature_2459,0.0347035750746727
F3867,feature_3867,0.03469832241535187
F3914,feature_3914,0.03469794988632202
F4843,feature_4843,0.034695953130722046
F1841,feature_1841,0.03469563648104668
F4370,feature_4370,0.034691765904426575
F6221,feature_6221,0.034690242260694504
F8305,feature_8305,0.03468986973166466
F3726,feature_3726,0.034689053893089294
F7542,feature_7542,0.03468666598200798
F9796,feature_9796,0.03468453884124756
F4521,feature_4521,0.03468260169029236
F4678,feature_4678,0.03468162566423416
F8892,feature_8892,0.03467933461070061
F5166,feature_5166,0.03467744588851929
F8632,feature_8632,0.03467738628387451
F2280,feature_2280,0.03467608243227005
F9637,feature_9637,0.034673891961574554
F7828,feature_7828,0.03467107564210892
F4058,feature_4058,0.03467008098959923
F2417,feature_2417,0.03466891124844551
F7777,feature_7777,0.03466754034161568
F540,feature_540,0.03466612473130226
F1165,feature_1165,0.03466526418924332
F9874,feature_9874,0.034664832055568695
F2002,feature_2002,0.034662701189517975
F5639,feature_5639,0.03465985879302025
F2776,feature_2776,0.03465959057211876
F2420,feature_2420,0.03465953469276428
F785,feature_785,0.03465170040726662
F9870,feature_9870,0.03465123102068901
F7387,feature_7387,0.0346420519053936
F8861,feature_8861,0.03463905677199364
F3324,feature_3324,0.03463742882013321
F45,feature_45,0.03463532775640488
F2204,feature_2204,0.03463304787874222
F8471,feature_8471,0.034631554037332535
F222,feature_222,0.03462997078895569
F1377,feature_1377,0.034628551453351974
F9038,feature_9038,0.03462779521942139
F2564,feature_2564,0.034626174718141556
F2043,feature_2043,0.034623999148607254
F9973,feature_9973,0.034621331840753555
F9053,feature_9053,0.034621093422174454
F1056,feature_1056,0.03461918979883194
F8171,feature_8171,0.03461828827857971
F8418,feature_8418,0.034616418182849884
F396,feature_396,0.034614935517311096
F2364,feature_2364,0.034611064940690994
F1921,feature_1921,0.034609537571668625
F7070,feature_7070,0.0346054881811142
F9183,feature_9183,0.03460308164358139
F6014,feature_6014,0.03460235893726349
F6124,feature_6124,0.03460032492876053
F2461,feature_2461,0.03459969907999039
F7929,feature_7929,0.0345977358520031
F7727,feature_7727,0.03459685668349266
F9115,feature_9115,0.034595075994729996
F1300,feature_1300,0.03459012508392334
F2567,feature_2567,0.03458760306239128
F2707,feature_2707,0.03458595648407936
F3995,feature_3995,0.03458290174603462
F5590,feature_5590,0.034582123160362244
F6445,feature_6445,0.034581877291202545
F7563,feature_7563,0.03458123281598091
F6862,feature_6862,0.03458090126514435
F7625,feature_7625,0.034579623490571976
F3868,feature_3868,0.03457828611135483
F1114,feature_1114,0.034574322402477264
F6453,feature_6453,0.034574221819639206
F9014,feature_9014,0.034571681171655655
F434,feature_434,0.03456970676779747
F8186,feature_8186,0.03456568717956543
F1353,feature_1353,0.03456562012434006
F3092,feature_3092,0.034564338624477386
F7335,feature_7335,0.03456365317106247
F7524,feature_7524,0.03456306830048561
F2786,feature_2786,0.034561093896627426
F7956,feature_7956,0.0345599465072155
F4725,feature_4725,0.03455319255590439
F4726,feature_4726,0.03455258533358574
F4212,feature_4212,0.034541063010692596
F33,feature_33,0.03453955799341202
F6599,feature_6599,0.034534841775894165
F3756,feature_3756,0.03453151136636734
F5095,feature_5095,0.03453030437231064
F3051,feature_3051,0.034530121833086014
F8557,feature_8557,0.0345282107591629
F9888,feature_9888,0.034526076167821884
F286,feature_286,0.03452407941222191
F2198,feature_2198,0.034518852829933167
F2063,feature_2063,0.034515995532274246
F625,feature_625,0.034511830657720566
F9703,feature_9703,0.03450979292392731
F840,feature_840,0.03450971469283104
F6036,feature_6036,0.034509509801864624
F7701,feature_7701,0.03450916334986687
F8361,feature_8361,0.03450792655348778
F1145,feature_1145,0.0345073938369751
F4001,feature_4001,0.034505680203437805
F5484,feature_5484,0.034502360969781876
F7291,feature_7291,0.034499555826187134
F6838,feature_6838,0.03449774533510208
F7382,feature_7382,0.0344930961728096
F8032,feature_8032,0.03449101746082306
F2751,feature_2751,0.03449033573269844
F485,feature_485,0.03448949754238129
F6837,feature_6837,0.0344865582883358
F3046,feature_3046,0.03448265418410301
F63,feature_63,0.03448088839650154
F6116,feature_6116,0.034474123269319534
F1707,feature_1707,0.03447236120700836
F8428,feature_8428,0.03447221592068672
F9680,feature_9680,0.03447122126817703
F1890,feature_1890,0.03446951508522034
F344,feature_344,0.03446599096059799
F3272,feature_3272,0.03446268290281296
F6280,feature_6280,0.03446001932024956
F903,feature_903,0.034457579255104065
F5221,feature_5221,0.03445659950375557
F5445,feature_5445,0.034456416964530945
F5537,feature_5537,0.03445464372634888
F1128,feature_1128,0.03445163369178772
F3575,feature_3575,0.034450117498636246
F1371,feature_1371,0.03444831445813179
F2159,feature_2159,0.03444240614771843
F852,feature_852,0.034441351890563965
F3381,feature_3381,0.03443756327033043
F3697,feature_3697,0.03443700075149536
F2270,feature_2270,0.03443579748272896
F7766,feature_7766,0.034430693835020065
F5426,feature_5426,0.03443067520856857
F5128,feature_5128,0.03442731872200966
F9508,feature_9508,0.03441651538014412
F7546,feature_7546,0.034415874630212784
F4417,feature_4417,0.034412696957588196
F9144,feature_9144,0.03441251814365387
F7566,feature_7566,0.03441185876727104
F890,feature_890,0.03440992161631584
F3709,feature_3709,0.03440982475876808
F9446,feature_9446,0.03440932556986809
F3571,feature_3571,0.034405067563056946
F5022,feature_5022,0.03439812362194061
F6519,feature_6519,0.03439800441265106
F5176,feature_5176,0.0343974307179451
F4714,feature_4714,0.03439515829086304
F7601,feature_7601,0.03439297527074814
F9137,feature_9137,0.03438838943839073
F4156,feature_4156,0.034387510269880295
F8075,feature_8075,0.034386295825242996
F2892,feature_2892,0.03438480943441391
F6820,feature_6820,0.03438439592719078
F4808,feature_4808,0.03438232094049454
F4538,feature_4538,0.03438052907586098
F1256,feature_1256,0.03437947854399681
F3294,feature_3294,0.034377679228782654
F5854,feature_5854,0.03437645733356476
F9621,feature_9621,0.03437420725822449
F4094,feature_4094,0.03437395021319389
F6863,feature_6863,0.03437314182519913
F909,feature_909,0.0343695692718029
F3942,feature_3942,0.03436727449297905
F5613,feature_5613,0.03436482325196266
F8535,feature_8535,0.03436252474784851
F6459,feature_6459,0.034361690282821655
F7943,feature_7943,0.034359969198703766
F8245,feature_8245,0.03435773402452469
F5075,feature_5075,0.034357208758592606
F6679,feature_6679,0.034353964030742645
F5494,feature_5494,0.03435153141617775
F8365,feature_8365,0.03434985503554344
F5504,feature_5504,0.034346070140600204
F7337,feature_7337,0.03434496000409126
F4753,feature_4753,0.0343431755900383
F1672,feature_1672,0.03434222191572189
F1501,feature_1501,0.034341659396886826
F6308,feature_6308,0.03433934226632118
F7986,feature_7986,0.03433912992477417
F1374,feature_1374,0.03433901071548462
F8342,feature_8342,0.03433811664581299
F3717,feature_3717,0.03433632850646973
F4465,feature_4465,0.03433145582675934
F7557,feature_7557,0.03433041274547577
F9277,feature_9277,0.0343259759247303
F9017,feature_9017,0.034323643893003464
F9259,feature_9259,0.03432072326540947
F7793,feature_7793,0.03431937098503113
F3094,feature_3094,0.03431827574968338
F6179,feature_6179,0.03431699797511101
F4596,feature_4596,0.03431412950158119
F3078,feature_3078,0.03431321680545807
F1473,feature_1473,0.03431253880262375
F6232,feature_6232,0.03430891036987305
F7426,feature_7426,0.034308888018131256
F3181,feature_3181,0.034308433532714844
F1233,feature_1233,0.034307993948459625
F2982,feature_2982,0.03430519998073578
F3152,feature_3152,0.03429945558309555
F6742,feature_6742,0.034296125173568726
F2314,feature_2314,0.034295618534088135
F1999,feature_1999,0.0342944972217083
F9704,feature_9704,0.034290313720703125
F1021,feature_1021,0.03428782522678375
F1526,feature_1526,0.03428775072097778
F5996,feature_5996,0.0342823788523674
F3337,feature_3337,0.03428177535533905
F6608,feature_6608,0.034278519451618195
F3421,feature_3421,0.03427712991833687
F6301,feature_6301,0.034274134784936905
F7840,feature_7840,0.0342739000916481
F8173,feature_8173,0.034273531287908554
F7362,feature_7362,0.03427186235785484
F4330,feature_4330,0.03427029773592949
F448,feature_448,0.03426993638277054
F5834,feature_5834,0.03426787629723549
F1010,feature_1010,0.03426763042807579
F8116,feature_8116,0.03426548093557358
F2709,feature_2709,0.034264057874679565
F9430,feature_9430,0.03426143899559975
F6670,feature_6670,0.03426142409443855
F911,feature_911,0.034256767481565475
F1396,feature_1396,0.034252993762493134
F8959,feature_8959,0.03425140306353569
F6406,feature_6406,0.03425019979476929
F709,feature_709,0.03424913063645363
F9653,feature_9653,0.0342484712600708
F139,feature_139,0.03424675762653351
F8672,feature_8672,0.03424642235040665
F5098,feature_5098,0.03424402326345444
F5548,feature_5548,0.03424343839287758
F5728,feature_5728,0.034242551773786545
F4266,feature_4266,0.034241415560245514
F8064,feature_8064,0.03424123674631119
F3483,feature_3483,0.03423959016799927
F3202,feature_3202,0.03422633931040764
F6244,feature_6244,0.03421729803085327
F1278,feature_1278,0.03421522676944733
F6833,feature_6833,0.034208137542009354
F6788,feature_6788,0.034202415496110916
F8504,feature_8504,0.03419966623187065
F2826,feature_2826,0.03419933468103409
F2885,feature_2885,0.03419698774814606
F1469,feature_1469,0.03419461101293564
F4478,feature_4478,0.034191954880952835
F1591,feature_1591,0.03419014438986778
F1212,feature_1212,0.03418898209929466
F4442,feature_4442,0.03418763354420662
F1191,feature_1191,0.03418569266796112
F2625,feature_2625,0.034185681492090225
F5720,feature_5720,0.034184250980615616
F2121,feature_2121,0.03417813405394554
F6580,feature_6580,0.034175001084804535
F9262,feature_9262,0.034174565225839615
F6455,feature_6455,0.03417118638753891
F8497,feature_8497,0.03416725620627403
F6734,feature_6734,0.03416568785905838
F7122,feature_7122,0.034163717180490494
F1349,feature_1349,0.034163448959589005
F9031,feature_9031,0.034163448959589005
F8902,feature_8902,0.03415840491652489
F9361,feature_9361,0.03415706008672714
F1331,feature_1331,0.03415517508983612
F295,feature_295,0.034154605120420456
F6919,feature_6919,0.0341545045375824
F595,feature_595,0.03415424004197121
F8676,feature_8676,0.03415234759449959
F2724,feature_2724,0.034148216247558594
F3358,feature_3358,0.03414740413427353
F614,feature_614,0.03414339944720268
F3622,feature_3622,0.034141093492507935
F4959,feature_4959,0.03413965180516243
F3132,feature_3132,0.03413650393486023
F3744,feature_3744,0.03413455933332443
F7401,feature_7401,0.03412323072552681
F6064,feature_6064,0.03412267938256264
F6847,feature_6847,0.03412223234772682
F1919,feature_1919,0.034119587391614914
F7541,feature_7541,0.034119121730327606
F2874,feature_2874,0.03411687910556793
F9732,feature_9732,0.034114859998226166
F6828,feature_6828,0.034112848341464996
F9695,feature_9695,0.03411197289824486
F1033,feature_1033,0.034110572189092636
F2377,feature_2377,0.03410713002085686
F7171,feature_7171,0.03410712629556656
F8185,feature_8185,0.03410712629556656
F8873,feature_8873,0.03410546854138374
F2362,feature_2362,0.034103043377399445
F5489,feature_5489,0.03410111740231514
F484,feature_484,0.034099336713552475
F4341,feature_4341,0.034098975360393524
F7247,feature_7247,0.03409701958298683
F842,feature_842,0.03409431129693985
F111,feature_111,0.0340941920876503
F1754,feature_1754,0.03409040346741676
F8194,feature_8194,0.03408952057361603
F6635,feature_6635,0.03408750146627426
F5505,feature_5505,0.03408548980951309
F9236,feature_9236,0.034081995487213135
F3003,feature_3003,0.03408191725611687
F3264,feature_3264,0.03407486528158188
F1094,feature_1094,0.0340745784342289
F4890,feature_4890,0.03407420590519905
F2381,feature_2381,0.03407405689358711
F7076,feature_7076,0.03407292068004608
F9494,feature_9494,0.034072406589984894
F8364,feature_8364,0.03406798839569092
F9765,feature_9765,0.03406776115298271
F4700,feature_4700,0.03406326100230217
F6970,feature_6970,0.034061942249536514
F5791,feature_5791,0.03405943512916565
F4809,feature_4809,0.03405582159757614
F1574,feature_1574,0.03405538946390152
F5745,feature_5745,0.034055083990097046
F9492,feature_9492,0.03405117243528366
F4436,feature_4436,0.034050390124320984
F7037,feature_7037,0.034047313034534454
F5219,feature_5219,0.03404729813337326
F5015,feature_5015,0.03404565900564194
F9511,feature_9511,0.0340401753783226
F8893,feature_8893,0.034036412835121155
F1843,feature_1843,0.03402102366089821
F6066,feature_6066,0.03402097895741463
F7509,feature_7509,0.03401951864361763
F1617,feature_1617,0.03401900827884674
F1366,feature_1366,0.034018538892269135
F6853,feature_6853,0.03401852399110794
F766,feature_766,0.03401654586195946
F9943,feature_9943,0.03401610255241394
F5572,feature_5572,0.034015242010354996
F1236,feature_1236,0.03401508927345276
F7294,feature_7294,0.03401407226920128
F1391,feature_1391,0.03401386737823486
F1750,feature_1750,0.034010499715805054
F4124,feature_4124,0.03400757536292076
F6623,feature_6623,0.034007277339696884
F6039,feature_6039,0.03400697559118271
F7462,feature_7462,0.0340019054710865
F6783,feature_6783,0.033996544778347015
F6926,feature_6926,0.03399461507797241
F39,feature_39,0.03399404510855675
F4520,feature_4520,0.03399302437901497
F1156,feature_1156,0.03398881107568741
F6043,feature_6043,0.03398813307285309
F8891,feature_8891,0.033985503017902374
F8476,feature_8476,0.03397778794169426
F8736,feature_8736,0.03397708386182785
F8515,feature_8515,0.03397590294480324
F8085,feature_8085,0.03397512063384056
F5708,feature_5708,0.033965833485126495
F6951,feature_6951,0.03396528586745262
F1189,feature_1189,0.03396424651145935
F3882,feature_3882,0.033963631838560104
F4625,feature_4625,0.03396174684166908
F3805,feature_3805,0.03395976126194
F4923,feature_4923,0.03395960107445717
F3824,feature_3824,0.03395768254995346
F6850,feature_6850,0.03395356237888336
F9020,feature_9020,0.03394806385040283
F8030,feature_8030,0.033944614231586456
F9791,feature_9791,0.033940937370061874
F9224,feature_9224,0.033939749002456665
F5822,feature_5822,0.0339384563267231
F7186,feature_7186,0.033936649560928345
F1221,feature_1221,0.03393499553203583
F1284,feature_1284,0.03393371030688286
F8534,feature_8534,0.03393309935927391
F2320,feature_2320,0.033932603895664215
F6613,feature_6613,0.033930908888578415
F2038,feature_2038,0.033929985016584396
F5584,feature_5584,0.033922016620635986
F8744,feature_8744,0.033921338617801666
F960,feature_960,0.0339183583855629
F9156,feature_9156,0.033918075263500214
F754,feature_754,0.03391584753990173
F2250,feature_2250,0.03391522541642189
F1698,feature_1698,0.03391483426094055
F1896,feature_1896,0.03391462191939354
F8040,feature_8040,0.03391332924365997
F1148,feature_1148,0.03391311317682266
F8333,feature_8333,0.03391207754611969
F6454,feature_6454,0.033910319209098816
F2404,feature_2404,0.03390974923968315
F1895,feature_1895,0.033907968550920486
F7949,feature_7949,0.03390701860189438
F6073,feature_6073,0.03390682861208916
F4075,feature_4075,0.03390330448746681
F9360,feature_9360,0.03389519080519676
F7350,feature_7350,0.03389269858598709
F9800,feature_9800,0.033889222890138626
F9497,feature_9497,0.033888451755046844
F9546,feature_9546,0.03388410061597824
F681,feature_681,0.03388134390115738
F414,feature_414,0.03387606516480446
F7590,feature_7590,0.03387250751256943
F9861,feature_9861,0.03387090936303139
F4956,feature_4956,0.0338703952729702
F8479,feature_8479,0.03386733680963516
F212,feature_212,0.03386659547686577
F6569,feature_6569,0.033861320465803146
F1619,feature_1619,0.033859554678201675
F5563,feature_5563,0.033854786306619644
F4705,feature_4705,0.03385389596223831
F4004,feature_4004,0.03385189548134804
F5195,feature_5195,0.03384937345981598
F8414,feature_8414,0.03384831175208092
F4995,feature_4995,0.033847905695438385
F323,feature_323,0.03384743630886078
F8598,feature_8598,0.033846497535705566
F3118,feature_3118,0.03384385257959366
F1006,feature_1006,0.0338437519967556
F2986,feature_2986,0.03384275361895561
F3114,feature_3114,0.03384264186024666
F4992,feature_4992,0.0338403694331646
F6328,feature_6328,0.033836670219898224
F7301,feature_7301,0.03383601829409599
F8675,feature_8675,0.03383248671889305
F3853,feature_3853,0.033830758184194565
F7774,feature_7774,0.033825188875198364
F5838,feature_5838,0.03382445126771927
F7477,feature_7477,0.03381712734699249
F3552,feature_3552,0.0338168740272522
F6088,feature_6088,0.03381083160638809
F3979,feature_3979,0.033810559660196304
F6297,feature_6297,0.033809151500463486
F2512,feature_2512,0.033808622509241104
F6563,feature_6563,0.03379951789975166
F8563,feature_8563,0.03379247337579727
F6337,feature_6337,0.03379150852560997
F5503,feature_5503,0.033790115267038345
F2458,feature_2458,0.033789992332458496
F7971,feature_7971,0.033788327127695084
F2129,feature_2129,0.03378237783908844
F319,feature_319,0.03378217667341232
F5844,feature_5844,0.03377975896000862
F6218,feature_6218,0.03377788886427879
F5245,feature_5245,0.03377754986286163
F261,feature_261,0.03377724066376686
F5541,feature_5541,0.033774103969335556
F5034,feature_5034,0.03377388045191765
F1137,feature_1137,0.03377354145050049
F5450,feature_5450,0.03376613184809685
F7994,feature_7994,0.033765099942684174
F7945,feature_7945,0.0337633341550827
F3713,feature_3713,0.03376179188489914
F8761,feature_8761,0.03376118838787079
F8317,feature_8317,0.03376093879342079
F8689,feature_8689,0.033759936690330505
F6276,feature_6276,0.03375602513551712
F9885,feature_9885,0.03375457972288132
F2866,feature_2866,0.03375251218676567
F3261,feature_3261,0.0337519608438015
F9415,feature_9415,0.033745765686035156
F5448,feature_5448,0.03374437242746353
F2609,feature_2609,0.03374435380101204
F1989,feature_1989,0.033744342625141144
F8095,feature_8095,0.03374280035495758
F3388,feature_3388,0.03374263644218445
F8950,feature_8950,0.033740587532520294
F1223,feature_1223,0.033739861100912094
F7750,feature_7750,0.03373822569847107
F6958,feature_6958,0.03373498097062111
F16,feature_16,0.033733516931533813
F9869,feature_9869,0.03372993692755699
F3801,feature_3801,0.033729251474142075
F1664,feature_1664,0.03372429683804512
F1227,feature_1227,0.03372257947921753
F5435,feature_5435,0.03372213616967201
F8571,feature_8571,0.03371939808130264
F1661,feature_1661,0.033715661615133286
F5777,feature_5777,0.033711373805999756
F1906,feature_1906,0.03370851278305054
F7216,feature_7216,0.033707208931446075
F203,feature_203,0.03370221331715584
F8974,feature_8974,0.033701442182064056
F9132,feature_9132,0.033700767904520035
F2553,feature_2553,0.03369707614183426
F4745,feature_4745,0.03369543328881264
F3842,feature_3842,0.03369305282831192
F6534,feature_6534,0.033691707998514175
F2649,feature_2649,0.033691540360450745
F6362,feature_6362,0.03369009494781494
F9532,feature_9532,0.033689431846141815
F3796,feature_3796,0.03368765860795975
F8442,feature_8442,0.03368642181158066
F9432,feature_9432,0.033683277666568756
F5018,feature_5018,0.03368067741394043
F3811,feature_3811,0.033680595457553864
F4298,feature_4298,0.03367975726723671
F8803,feature_8803,0.033675745129585266
F8864,feature_8864,0.03367194905877113
F5211,feature_5211,0.0336710549890995
F3736,feature_3736,0.03366508334875107
F2062,feature_2062,0.03366390988230705
F5339,feature_5339,0.03366253152489662
F5217,feature_5217,0.03365915268659592
F4712,feature_4712,0.03365755081176758
F2004,feature_2004,0.03365370258688927
F1927,feature_1927,0.03365321457386017
F3365,feature_3365,0.03365001082420349
F355,feature_355,0.03364881873130798
F1824,feature_1824,0.03364357352256775
F3012,feature_3012,0.03364314138889313
F8300,feature_8300,0.03364107385277748
F9513,feature_9513,0.03363899886608124
F6091,feature_6091,0.0336388535797596
F4689,feature_4689,0.033638663589954376
F7666,feature_7666,0.03363795951008797
F2726,feature_2726,0.03363553434610367
F3245,feature_3245,0.03362997621297836
F6643,feature_6643,0.03362831100821495
F7475,feature_7475,0.0336180180311203
F8368,feature_8368,0.0336155891418457
F620,feature_620,0.03361472114920616
F832,feature_832,0.03361321985721588
F6805,feature_6805,0.033611640334129333
F7168,feature_7168,0.033610984683036804
F1499,feature_1499,0.033607613295316696
F3292,feature_3292,0.03360537067055702
F9245,feature_9245,0.033605121076107025
F9414,feature_9414,0.033604804426431656
F2941,feature_2941,0.0336047001183033
F2734,feature_2734,0.033602938055992126
F4388,feature_4388,0.03360219672322273
F392,feature_392,0.03359779343008995
F2971,feature_2971,0.033597420901060104
F6846,feature_6846,0.033597081899642944
F5734,feature_5734,0.03359589725732803
F4182,feature_4182,0.03359442204236984
F6469,feature_6469,0.033589959144592285
F4948,feature_4948,0.03358989953994751
F6495,feature_6495,0.03358892351388931
F2554,feature_2554,0.033588506281375885
F8304,feature_8304,0.033585939556360245
F1183,feature_1183,0.03358551114797592
F6279,feature_6279,0.03357812389731407
F2755,feature_2755,0.03357798233628273
F4089,feature_4089,0.03357350081205368
F694,feature_694,0.03356903791427612
F6776,feature_6776,0.03356793522834778
F7325,feature_7325,0.033567413687705994
F4475,feature_4475,0.03356566280126572
F4070,feature_4070,0.03356451913714409
F3100,feature_3100,0.03356204926967621
F5155,feature_5155,0.03356196731328964
F3827,feature_3827,0.0335577167570591
F9316,feature_9316,0.03355668485164642
F7771,feature_7771,0.03355519101023674
F4206,feature_4206,0.033554013818502426
F5032,feature_5032,0.033553335815668106
F4807,feature_4807,0.033552709966897964
F1790,feature_1790,0.03355138376355171
F5192,feature_5192,0.033543139696121216
F9129,feature_9129,0.03353656828403473
F6513,feature_6513,0.033532433211803436
F8156,feature_8156,0.03353103995323181
F1644,feature_1644,0.03353053703904152
F5270,feature_5270,0.03352973610162735
F5705,feature_5705,0.0335284098982811
F1741,feature_1741,0.0335252620279789
F1774,feature_1774,0.033524367958307266
F8235,feature_8235,0.03352406993508339
F7031,feature_7031,0.03352009505033493
F6683,feature_6683,0.03351848945021629
F4261,feature_4261,0.0335174985229969
F4012,feature_4012,0.033516835421323776
F6466,feature_6466,0.03351648524403572
F8702,feature_8702,0.033515799790620804
F7447,feature_7447,0.033515095710754395
F4743,feature_4743,0.033514250069856644
F76,feature_76,0.03351032733917236
F6786,feature_6786,0.03350945934653282
F9807,feature_9807,0.03350876271724701
F5511,feature_5511,0.033506836742162704
F7167,feature_7167,0.0335053876042366
F4359,feature_4359,0.03350424766540527
F7226,feature_7226,0.03350336104631424
F1237,feature_1237,0.03350185602903366
F1875,feature_1875,0.03349916264414787
F7024,feature_7024,0.0334990918636322
F7721,feature_7721,0.033499035984277725
F5030,feature_5030,0.03349888324737549
F7582,feature_7582,0.033492933958768845
F8371,feature_8371,0.033491794019937515
F9923,feature_9923,0.033489737659692764
F8028,feature_8028,0.033487506210803986
F5363,feature_5363,0.033481813967227936
F2883,feature_2883,0.03348100185394287
F2915,feature_2915,0.033479366451501846
F3344,feature_3344,0.033477988094091415
F2428,feature_2428,0.03347698226571083
F9326,feature_9326,0.03346971049904823
F705,feature_705,0.033469170331954956
F6041,feature_6041,0.03346801921725273
F9726,feature_9726,0.03346390277147293
F8483,feature_8483,0.033463794738054276
F572,feature_572,0.03346363827586174
F1623,feature_1623,0.033459968864917755
F4850,feature_4850,0.03345784544944763
F6726,feature_6726,0.03345569968223572
F3179,feature_3179,0.03345463424921036
F9200,feature_9200,0.03345340117812157
F8488,feature_8488,0.03344971314072609
F8409,feature_8409,0.03344856947660446
F9917,feature_9917,0.03344521299004555
F3033,feature_3033,0.033443301916122437
F692,feature_692,0.03344258293509483
F4489,feature_4489,0.03344251587986946
F7022,feature_7022,0.033437613397836685
F951,feature_951,0.033435381948947906
F530,feature_530,0.03343389928340912
F6080,feature_6080,0.03343316540122032
F3933,feature_3933,0.03343184292316437
F7009,feature_7009,0.03343041241168976
F2701,feature_2701,0.033430323004722595
F2448,feature_2448,0.033428750932216644
F1886,feature_1886,0.033419813960790634
F5418,feature_5418,0.033416081219911575
F5421,feature_5421,0.03341558948159218
F4709,feature_4709,0.03341401740908623
F9161,feature_9161,0.03340813145041466
F5616,feature_5616,0.033404868096113205
F3766,feature_3766,0.03339618071913719
F5281,feature_5281,0.03339581564068794
F7467,feature_7467,0.033395376056432724
F7286,feature_7286,0.03339524567127228
F7313,feature_7313,0.0333884172141552
F9048,feature_9048,0.03338821604847908
F8556,feature_8556,0.03338196128606796
F5125,feature_5125,0.033380117267370224
F9899,feature_9899,0.0333782434463501
F9816,feature_9816,0.0333748497068882
F3297,feature_3297,0.03337254375219345
F6843,feature_6843,0.033371973782777786
F4997,feature_4997,0.03337043151259422
F1848,feature_1848,0.03336893022060394
F783,feature_783,0.033366549760103226
F8273,feature_8273,0.033365216106176376
F5997,feature_5997,0.03336383029818535
F8900,feature_8900,0.033362407237291336
F3634,feature_3634,0.03335992619395256
F3997,feature_3997,0.033358022570610046
F471,feature_471,0.03335589915513992
F7806,feature_7806,0.03335526958107948
F8105,feature_8105,0.03335447236895561
F1800,feature_1800,0.03335236757993698
F3189,feature_3189,0.033349763602018356
F2954,feature_2954,0.033347904682159424
F2760,feature_2760,0.033345356583595276
F5438,feature_5438,0.033344920724630356
F5950,feature_5950,0.033342860639095306
F2339,feature_2339,0.03334251791238785
F1809,feature_1809,0.033341702073812485
F3350,feature_3350,0.03333494812250137
F7155,feature_7155,0.03333275392651558
F4184,feature_4184,0.03333168104290962
F9443,feature_9443,0.03333092853426933
F8329,feature_8329,0.03332964703440666
F4946,feature_4946,0.033328860998153687
F2411,feature_2411,0.03332769125699997
F6865,feature_6865,0.033325448632240295
F363,feature_363,0.03332463651895523
F5024,feature_5024,0.033322982490062714
F8352,feature_8352,0.03331685811281204
F1658,feature_1658,0.03331621363759041
F983,feature_983,0.03331231325864792
F41,feature_41,0.03331136330962181
F94,feature_94,0.03331088274717331
F4656,feature_4656,0.03330964222550392
F6010,feature_6010,0.03330601751804352
F4703,feature_4703,0.03330555185675621
F3787,feature_3787,0.033301711082458496
F9767,feature_9767,0.033301059156656265
F3502,feature_3502,0.033300239592790604
F2846,feature_2846,0.03329654783010483
F3776,feature_3776,0.033293310552835464
F1222,feature_1222,0.033286429941654205
F8386,feature_8386,0.03327209874987602
F2542,feature_2542,0.03326990827918053
F7985,feature_7985,0.03326905891299248
F8512,feature_8512,0.03326638042926788
F8674,feature_8674,0.033265773206949234
F3464,feature_3464,0.03325823321938515
F762,feature_762,0.03325650468468666
F922,feature_922,0.03324798867106438
F1831,feature_1831,0.033247288316488266
F9335,feature_9335,0.033239930868148804
F7272,feature_7272,0.033239252865314484
F6747,feature_6747,0.033235497772693634
F4576,feature_4576,0.033234767615795135
F317,feature_317,0.03323454037308693
F2046,feature_2046,0.03323311731219292
F9540,feature_9540,0.03322945907711983
F5525,feature_5525,0.03322910517454147
F629,feature_629,0.03322622925043106
F7008,feature_7008,0.03321945667266846
F9173,feature_9173,0.03321804478764534
F4046,feature_4046,0.033214468508958817
F9169,feature_9169,0.03321433067321777
F1912,feature_1912,0.033212050795555115
F9673,feature_9673,0.033208929002285004
F9253,feature_9253,0.03320808708667755
F1350,feature_1350,0.033207524567842484
F6048,feature_6048,0.03320666402578354
F1735,feature_1735,0.03320637717843056
F9625,feature_9625,0.03320574015378952
F5555,feature_5555,0.033201124519109726
F3837,feature_3837,0.03319934383034706
F4536,feature_4536,0.033198267221450806
F6736,feature_6736,0.03319704160094261
F2645,feature_2645,0.0331961065530777
F2539,feature_2539,0.03319437801837921
F1474,feature_1474,0.0331929475069046
F5360,feature_5360,0.033192165195941925
F6040,feature_6040,0.033192139118909836
F3478,feature_3478,0.03318946063518524
F3263,feature_3263,0.03318821266293526
F329,feature_329,0.033186737447977066
F1641,feature_1641,0.03318421542644501
F1695,feature_1695,0.03318261355161667
F8622,feature_8622,0.03317892551422119
F3745,feature_3745,0.03317822888493538
F8059,feature_8059,0.033174775540828705
F401,feature_401,0.03317466005682945
F2516,feature_2516,0.0331738218665123
F9078,feature_9078,0.03316911309957504
F955,feature_955,0.03316868841648102
F6893,feature_6893,0.033166009932756424
F326,feature_326,0.03316185995936394
F6967,feature_6967,0.03316182643175125
F6258,feature_6258,0.03315926343202591
F6148,feature_6148,0.033159028738737106
F2418,feature_2418,0.03315792232751846
F7608,feature_7608,0.03315696492791176
F7237,feature_7237,0.03315480425953865
F3432,feature_3432,0.033146485686302185
F32,feature_32,0.0331449918448925
F9164,feature_9164,0.033144958317279816
F1167,feature_1167,0.03314495459198952
F1666,feature_1666,0.03314027562737465
F3936,feature_3936,0.0331401601433754
F893,feature_893,0.03313864395022392
F3124,feature_3124,0.033138297498226166
F9552,feature_9552,0.0331348218023777
F1905,feature_1905,0.03313394635915756
F4984,feature_4984,0.03313232585787773
F5268,feature_5268,0.03313083201646805
F8752,feature_8752,0.033128660172224045
F5133,feature_5133,0.033128395676612854
F218,feature_218,0.03312799334526062
F4827,feature_4827,0.03312693163752556
F2307,feature_2307,0.03312184661626816
F6477,feature_6477,0.03311802074313164
F3295,feature_3295,0.03311186656355858
F2928,feature_2928,0.03310894966125488
F7724,feature_7724,0.033104024827480316
F125,feature_125,0.03309129551053047
F1154,feature_1154,0.033090513199567795
F5794,feature_5794,0.03308900073170662
F6313,feature_6313,0.03308606520295143
F9582,feature_9582,0.03308139741420746
F9111,feature_9111,0.03307776525616646
F6090,feature_6090,0.033077172935009
F6501,feature_6501,0.033076707273721695
F4485,feature_4485,0.03306620568037033
F6213,feature_6213,0.03306476026773453
F3533,feature_3533,0.033063746988773346
F4213,feature_4213,0.03305808827280998
F3808,feature_3808,0.03305787965655327
F4167,feature_4167,0.033057235181331635
F3528,feature_3528,0.03304978832602501
F2444,feature_2444,0.0330490842461586
F1001,feature_1001,0.033045440912246704
F737,feature_737,0.03304535523056984
F2835,feature_2835,0.03304095193743706
F9198,feature_9198,0.03303083777427673
F8960,feature_8960,0.03302604332566261
F61,feature_61,0.03302251547574997
F8683,feature_8683,0.033017516136169434
F3817,feature_3817,0.033015020191669464
F5882,feature_5882,0.0330093577504158
F9045,feature_9045,0.033005744218826294
F7710,feature_7710,0.03300503268837929
F7585,feature_7585,0.03300297260284424
F2238,feature_2238,0.03300296142697334
F3812,feature_3812,0.0330016054213047
F2146,feature_2146,0.033001430332660675
F3479,feature_3479,0.033001188188791275
F8932,feature_8932,0.0330008901655674
F691,feature_691,0.03299949690699577
F787,feature_787,0.03299492970108986
F2977,feature_2977,0.03299447521567345
F4706,feature_4706,0.032993026077747345
F5538,feature_5538,0.03298821300268173
F4467,feature_4467,0.032987792044878006
F9915,feature_9915,0.03297615796327591
F7164,feature_7164,0.032973840832710266
F845,feature_845,0.03297145292162895
F2197,feature_2197,0.03296947479248047
F3905,feature_3905,0.03296710550785065
F1747,feature_1747,0.03296474739909172
F354,feature_354,0.03295864537358284
F7099,feature_7099,0.032951470464468
F2438,feature_2438,0.03294471278786659
F3849,feature_3849,0.032943688333034515
F1539,feature_1539,0.032941628247499466
F6677,feature_6677,0.03293918818235397
F9972,feature_9972,0.032938577234745026
F2541,feature_2541,0.03293492645025253
F10,feature_10,0.03293338045477867
F2558,feature_2558,0.03293108567595482
F8629,feature_8629,0.032930318266153336
F3597,feature_3597,0.03292928636074066
F5112,feature_5112,0.03292126581072807
F7954,feature_7954,0.03292100131511688
F2962,feature_2962,0.03292093798518181
F7966,feature_7966,0.03292043134570122
F7472,feature_7472,0.032913681119680405
F6687,feature_6687,0.03291342034935951
F7199,feature_7199,0.03291071951389313
F2865,feature_2865,0.032910507172346115
F4668,feature_4668,0.03290895000100136
F4866,feature_4866,0.03290588781237602
F6866,feature_6866,0.032904963940382004
F4535,feature_4535,0.032904788851737976
F986,feature_986,0.032898034900426865
F5145,feature_5145,0.03289688006043434
F2123,feature_2123,0.03289550542831421
F6370,feature_6370,0.032892920076847076
F7005,feature_7005,0.03288925811648369
F5908,feature_5908,0.03288697451353073
F8859,feature_8859,0.032886553555727005
F7081,feature_7081,0.03288384526968002
F9449,feature_9449,0.03288280963897705
F138,feature_138,0.032882653176784515
F194,feature_194,0.03288121521472931
F9961,feature_9961,0.032874755561351776
F3035,feature_3035,0.03287433832883835
F1394,feature_1394,0.03287213668227196
F7252,feature_7252,0.03287014365196228
F342,feature_342,0.03286965563893318
F5607,feature_5607,0.032869305461645126
F6725,feature_6725,0.032867200672626495
F3246,feature_3246,0.032866884022951126
F1786,feature_1786,0.03286629542708397
F8038,feature_8038,0.03286250680685043
F89,feature_89,0.03285927698016167
F2763,feature_2763,0.03285593539476395
F3018,feature_3018,0.032847288995981216
F9832,feature_9832,0.032846495509147644
F7368,feature_7368,0.03284619003534317
F5366,feature_5366,0.03284408897161484
F3699,feature_3699,0.03284351900219917
F5802,feature_5802,0.032842185348272324
F2960,feature_2960,0.03284076228737831
F5010,feature_5010,0.032839760184288025
F2983,feature_2983,0.032837867736816406
F8057,feature_8057,0.03282700106501579
F1923,feature_1923,0.03282457962632179
F9100,feature_9100,0.03282357007265091
F4385,feature_4385,0.032823313027620316
F2528,feature_2528,0.03282209113240242
F894,feature_894,0.032820429652929306
F9140,feature_9140,0.03281247243285179
F3789,feature_3789,0.0328119657933712
F3004,feature_3004,0.03281056508421898
F6845,feature_6845,0.032810553908348083
F9905,feature_9905,0.03280997276306152
F6510,feature_6510,0.03280329331755638
F8778,feature_8778,0.03280327096581459
F946,feature_946,0.032802045345306396
F2168,feature_2168,0.03280111774802208
F69,feature_69,0.03279956430196762
F4901,feature_4901,0.0327983982861042
F3231,feature_3231,0.032795101404190063
F8631,feature_8631,0.0327940471470356
F9488,feature_9488,0.03279337286949158
F6038,feature_6038,0.03279236704111099
F54,feature_54,0.03279206156730652
F19,feature_19,0.03279140964150429
F3637,feature_3637,0.03278857097029686
F7025,feature_7025,0.0327877551317215
F5889,feature_5889,0.03278714045882225
F5232,feature_5232,0.032786913216114044
F3943,feature_3943,0.032780375331640244
F6052,feature_6052,0.03277711570262909
F3928,feature_3928,0.032776735723018646
F8719,feature_8719,0.03277440741658211
F5589,feature_5589,0.03277142345905304
F5172,feature_5172,0.032771043479442596
F5531,feature_5531,0.032769475132226944
F7245,feature_7245,0.032767973840236664
F9406,feature_9406,0.03276664391160011
F6800,feature_6800,0.03276338428258896
F1251,feature_1251,0.03275955095887184
F4034,feature_4034,0.03275834769010544
F541,feature_541,0.032752834260463715
F4876,feature_4876,0.03275277838110924
F2732,feature_2732,0.03275252506136894
F8110,feature_8110,0.03274933621287346
F3504,feature_3504,0.03274904564023018
F247,feature_247,0.03274078294634819
F4391,feature_4391,0.03273659572005272
F7328,feature_7328,0.032733939588069916
F6892,feature_6892,0.032732442021369934
F9730,feature_9730,0.032728396356105804
F4480,feature_4480,0.03272783383727074
F3121,feature_3121,0.032726068049669266
F1739,feature_1739,0.03272462636232376
F5216,feature_5216,0.03272329270839691
F9762,feature_9762,0.032721761614084244
F2634,feature_2634,0.032716985791921616
F1738,feature_1738,0.03271602839231491
F7250,feature_7250,0.03270960599184036
F8461,feature_8461,0.03270585462450981
F1450,feature_1450,0.03270403668284416
F3535,feature_3535,0.032702911645174026
F9516,feature_9516,0.0326976403594017
F3032,feature_3032,0.03269744664430618
F119,feature_119,0.03269621357321739
F5074,feature_5074,0.0326944924890995
F3147,feature_3147,0.03268734738230705
F879,feature_879,0.03268693760037422
F1260,feature_1260,0.03268587589263916
F1407,feature_1407,0.03268299996852875
F885,feature_885,0.03268203139305115
F6940,feature_6940,0.032681822776794434
F809,feature_809,0.03268100321292877
F9736,feature_9736,0.03268076851963997
F2612,feature_2612,0.03267839923501015
F1867,feature_1867,0.03267839923501015
F4248,feature_4248,0.032676540315151215
F3779,feature_3779,0.03267468512058258
F8175,feature_8175,0.03267449513077736
F609,feature_609,0.03267178311944008
F2930,feature_2930,0.03266805037856102
F1864,feature_1864,0.03266463801264763
F3925,feature_3925,0.03266115114092827
F6617,feature_6617,0.03266092762351036
F4845,feature_4845,0.032648444175720215
F6992,feature_6992,0.03264596313238144
F9785,feature_9785,0.0326446034014225
F5718,feature_5718,0.03263942524790764
F4054,feature_4054,0.03263810649514198
F8335,feature_8335,0.032636355608701706
F2370,feature_2370,0.03263357654213905
F4547,feature_4547,0.03263333439826965
F2974,feature_2974,0.03263154253363609
F3722,feature_3722,0.03263123705983162
F3765,feature_3765,0.03262971714138985
F1370,feature_1370,0.03262869268655777
F3570,feature_3570,0.03262779116630554
F3224,feature_3224,0.032623276114463806
F621,feature_621,0.032622162252664566
F2698,feature_2698,0.032619889825582504
F7513,feature_7513,0.03261316195130348
F8853,feature_8853,0.03260713070631027
F9309,feature_9309,0.03260638564825058
F2171,feature_2171,0.032603997737169266
F1310,feature_1310,0.032603826373815536
F8651,feature_8651,0.032600972801446915
F1951,feature_1951,0.03259914740920067
F423,feature_423,0.03259855881333351
F7569,feature_7569,0.0325930193066597
F8898,feature_8898,0.032590486109256744
F2342,feature_2342,0.032589443027973175
F8260,feature_8260,0.032586369663476944
F9027,feature_9027,0.03258432075381279
F1704,feature_1704,0.03258121758699417
F2671,feature_2671,0.03257548809051514
F8601,feature_8601,0.03257518261671066
F8262,feature_8262,0.03257482498884201
F3670,feature_3670,0.03257220610976219
F7066,feature_7066,0.03256746008992195
F4035,feature_4035,0.03256126865744591
F7422,feature_7422,0.03255520761013031
F6462,feature_6462,0.03255384415388107
F7935,feature_7935,0.032553646713495255
F3875,feature_3875,0.032551828771829605
F2745,feature_2745,0.032551493495702744
F6946,feature_6946,0.032550640404224396
F6716,feature_6716,0.032540902495384216
F3017,feature_3017,0.032537225633859634
F1897,feature_1897,0.032530054450035095
F5522,feature_5522,0.03252876177430153
F1670,feature_1670,0.032528359442949295
F1634,feature_1634,0.032521579414606094
F8510,feature_8510,0.032520268112421036
F6492,feature_6492,0.03251953423023224
F7163,feature_7163,0.032515913248062134
F608,feature_608,0.03251466155052185
F8957,feature_8957,0.032512057572603226
F713,feature_713,0.0325104296207428
F4079,feature_4079,0.03250964730978012
F5158,feature_5158,0.03250661492347717
F9141,feature_9141,0.0325050912797451
F5856,feature_5856,0.03250149264931679
F9424,feature_9424,0.03250088915228844
F5905,feature_5905,0.03249998390674591
F1780,feature_1780,0.03249414637684822
F651,feature_651,0.032492976635694504
F9001,feature_9001,0.032488249242305756
F6713,feature_6713,0.03248758614063263
F48,feature_48,0.032486263662576675
F3509,feature_3509,0.0324859656393528
F7586,feature_7586,0.03248495236039162
F2933,feature_2933,0.03248344361782074
F7208,feature_7208,0.03248228877782822
F2739,feature_2739,0.032480739057064056
F1103,feature_1103,0.03248026967048645
F299,feature_299,0.03247787430882454
F5612,feature_5612,0.03247671574354172
F1877,feature_1877,0.032473381608724594
F9197,feature_9197,0.032473161816596985
F7573,feature_7573,0.03246460109949112
F4373,feature_4373,0.03245483338832855
F3059,feature_3059,0.03245234489440918
F206,feature_206,0.03245186805725098
F3083,feature_3083,0.03244930878281593
F2001,feature_2001,0.032448507845401764
F5709,feature_5709,0.03244634345173836
F4659,feature_4659,0.032445721328258514
F196,feature_196,0.03244553133845329
F823,feature_823,0.03244239464402199
F4137,feature_4137,0.03244142606854439
F5900,feature_5900,0.032437942922115326
F6119,feature_6119,0.03243674337863922
F7978,feature_7978,0.03243638575077057
F6108,feature_6108,0.03243212401866913
F8155,feature_8155,0.03243030235171318
F7908,feature_7908,0.03242611140012741
F4506,feature_4506,0.03241922706365585
F5327,feature_5327,0.03241860866546631
F6948,feature_6948,0.03241642564535141
F3693,feature_3693,0.03241364285349846
F8312,feature_8312,0.03241266310214996
F2292,feature_2292,0.03240939602255821
F7591,feature_7591,0.03240932524204254
F4578,feature_4578,0.03240229934453964
F9862,feature_9862,0.032399024814367294
F1983,feature_1983,0.03239688649773598
F3383,feature_3383,0.03239632397890091
F3671,feature_3671,0.03239601477980614
F7175,feature_7175,0.03239389508962631
F4790,feature_4790,0.03238699957728386
F3412,feature_3412,0.03238482400774956
F9579,feature_9579,0.032384175807237625
F9517,feature_9517,0.032379794865846634
F8789,feature_8789,0.03237496688961983
F6711,feature_6711,0.03237486258149147
F5643,feature_5643,0.03237367421388626
F2777,feature_2777,0.032371267676353455
F5631,feature_5631,0.032368388026952744
F2595,feature_2595,0.0323672778904438
F7528,feature_7528,0.03236042335629463
F3157,feature_3157,0.03235815465450287
F9980,feature_9980,0.032356929033994675
F5600,feature_5600,0.0323556624352932
F5978,feature_5978,0.03234585002064705
F1068,feature_1068,0.032345015555620193
F5609,feature_5609,0.032343558967113495
F1943,feature_1943,0.032341986894607544
F8678,feature_8678,0.032341115176677704
F9390,feature_9390,0.03233690187335014
F8925,feature_8925,0.03233395516872406
F574,feature_574,0.03233342990279198
F6383,feature_6383,0.0323328897356987
F794,feature_794,0.032327067106962204
F9871,feature_9871,0.032326407730579376
F279,feature_279,0.03232300281524658
F9066,feature_9066,0.03232278302311897
F9468,feature_9468,0.03232274949550629
F523,feature_523,0.0323202945291996
F4588,feature_4588,0.03231411054730415
F8098,feature_8098,0.032309964299201965
F9369,feature_9369,0.032304294407367706
F1610,feature_1610,0.03230153024196625
F6810,feature_6810,0.03229863941669464
F1667,feature_1667,0.03229716792702675
F6690,feature_6690,0.03229544311761856
F8550,feature_8550,0.03229440748691559
F6381,feature_6381,0.032294031232595444
F1825,feature_1825,0.032292429357767105
F8942,feature_8942,0.0322895348072052
F5621,feature_5621,0.032285988330841064
F376,feature_376,0.032285165041685104
F3303,feature_3303,0.032282136380672455
F93,feature_93,0.03227902576327324
F444,feature_444,0.03227841854095459
F9723,feature_9723,0.03227826580405235
F8012,feature_8012,0.032270971685647964
F9428,feature_9428,0.03225967288017273
F1106,feature_1106,0.03225933387875557
F5422,feature_5422,0.03225787729024887
F9876,feature_9876,0.03225184977054596
F8014,feature_8014,0.03225179389119148
F1307,feature_1307,0.03225022554397583
F3037,feature_3037,0.03225018456578255
F3082,feature_3082,0.0322420559823513
F3239,feature_3239,0.03223063424229622
F3223,feature_3223,0.03222968429327011
F2462,feature_2462,0.03222466632723808
F7830,feature_7830,0.03222380951046944
F6376,feature_6376,0.03221675753593445
F9059,feature_9059,0.03221513330936432
F4938,feature_4938,0.0322113074362278
F7628,feature_7628,0.03221121430397034
F5240,feature_5240,0.03221103176474571
F3732,feature_3732,0.032209161669015884
F7715,feature_7715,0.032208532094955444
F673,feature_673,0.032208092510700226
F784,feature_784,0.032207973301410675
F5135,feature_5135,0.03220713138580322
F3557,feature_3557,0.032206032425165176
F4251,feature_4251,0.032203204929828644
F849,feature_849,0.032202739268541336
F6257,feature_6257,0.032200321555137634
F643,feature_643,0.03219762444496155
F5017,feature_5017,0.032195381820201874
F7547,feature_7547,0.03219075873494148
F8294,feature_8294,0.03219018131494522
F7353,feature_7353,0.03218859061598778
F1697,feature_1697,0.03218651935458183
F9072,feature_9072,0.03218637779355049
F3102,feature_3102,0.03218577057123184
F2994,feature_2994,0.03218427300453186
F7536,feature_7536,0.032184064388275146
F7612,feature_7612,0.03218378871679306
F767,feature_767,0.03218361362814903
F8355,feature_8355,0.032178737223148346
F7116,feature_7116,0.03217821940779686
F4630,feature_4630,0.032176073640584946
F4565,feature_4565,0.03217390924692154
F4908,feature_4908,0.03217146545648575
F931,feature_931,0.03217019885778427
F7657,feature_7657,0.03216777369379997
F4336,feature_4336,0.03216327354311943
F1523,feature_1523,0.03216320648789406
F1583,feature_1583,0.032160621136426926
F3230,feature_3230,0.03215985372662544
F136,feature_136,0.03215816989541054
F207,feature_207,0.03215254098176956
F688,feature_688,0.032152097672224045
F8694,feature_8694,0.032151296734809875
F7972,feature_7972,0.03215087950229645
F843,feature_843,0.032148461788892746
F9399,feature_9399,0.032148074358701706
F2823,feature_2823,0.03214774653315544
F1241,feature_1241,0.03214564919471741
F2704,feature_2704,0.032144512981176376
F6929,feature_6929,0.032142072916030884
F2057,feature_2057,0.03213783726096153
F2965,feature_2965,0.03213652968406677
F1654,feature_1654,0.03213271498680115
F7370,feature_7370,0.03213067352771759
F7496,feature_7496,0.032127752900123596
F4644,feature_4644,0.03212115541100502
F3821,feature_3821,0.032119020819664
F1770,feature_1770,0.03211699053645134
F4060,feature_4060,0.032115597277879715
F5343,feature_5343,0.032114140689373016
F2712,feature_2712,0.03210866451263428
F7156,feature_7156,0.032106559723615646
F8953,feature_8953,0.03210408240556717
F9872,feature_9872,0.032103464007377625
F9548,feature_9548,0.03209814429283142
F5352,feature_5352,0.03209729865193367
F4328,feature_4328,0.03209678828716278
F2656,feature_2656,0.03209666162729263
F8293,feature_8293,0.03209639713168144
F2513,feature_2513,0.03208792209625244
F4673,feature_4673,0.03208577260375023
F8146,feature_8146,0.032082971185445786
F8649,feature_8649,0.032082028687000275
F5974,feature_5974,0.03207648545503616
F9932,feature_9932,0.03207608684897423
F6979,feature_6979,0.03206964209675789
F3316,feature_3316,0.03206700086593628
F8581,feature_8581,0.03206608444452286
F3525,feature_3525,0.03206583857536316
F8845,feature_8845,0.03206431120634079
F2186,feature_2186,0.032063666731119156
F2736,feature_2736,0.032063309103250504
F6901,feature_6901,0.032062552869319916
F6552,feature_6552,0.03206171095371246
F6371,feature_6371,0.03205912560224533
F9051,feature_9051,0.032049961388111115
F8431,feature_8431,0.0320463627576828
F4121,feature_4121,0.0320444293320179
F682,feature_682,0.03204289451241493
F6719,feature_6719,0.03203888237476349
F499,feature_499,0.032036419957876205
F7826,feature_7826,0.03203537315130234
F1772,feature_1772,0.032034557312726974
F6114,feature_6114,0.03203378617763519
F807,feature_807,0.03201942890882492
F5510,feature_5510,0.03201477974653244
F9050,feature_9050,0.03201320767402649
F9811,feature_9811,0.032012682408094406
F637,feature_637,0.032010309398174286
F3340,feature_3340,0.03201018646359444
F2602,feature_2602,0.03200806677341461
F5334,feature_5334,0.0320071317255497
F1372,feature_1372,0.032003045082092285
F8345,feature_8345,0.0320013090968132
F2694,feature_2694,0.03199907764792442
F2201,feature_2201,0.03199634328484535
F9133,feature_9133,0.03199325501918793
F534,feature_534,0.0319928377866745
F3265,feature_3265,0.03199094161391258
F2317,feature_2317,0.03198758512735367
F8298,feature_8298,0.03198566660284996
F9939,feature_9939,0.03198126703500748
F768,feature_768,0.03198116645216942
F3615,feature_3615,0.031979408115148544
F7881,feature_7881,0.03197014331817627
F4268,feature_4268,0.03196270018815994
F7522,feature_7522,0.03195623680949211
F7733,feature_7733,0.0319557823240757
F186,feature_186,0.03195561468601227
F8720,feature_8720,0.03195379301905632
F5869,feature_5869,0.03195134922862053
F3846,feature_3846,0.03195073455572128
F3229,feature_3229,0.0319506861269474
F2151,feature_2151,0.0319470576941967
F5322,feature_5322,0.03194238990545273
F4616,feature_4616,0.03194229304790497
F7234,feature_7234,0.031941045075654984
F961,feature_961,0.03193860501050949
F2275,feature_2275,0.031937576830387115
F366,feature_366,0.03193282335996628
F9507,feature_9507,0.031928934156894684
F8299,feature_8299,0.03192850574851036
F5716,feature_5716,0.03192608803510666
F655,feature_655,0.03192394599318504
F5543,feature_5543,0.031922344118356705
F1385,feature_1385,0.03192069008946419
F6978,feature_6978,0.031920481473207474
F4623,feature_4623,0.03191839158535004
F2268,feature_2268,0.03191838786005974
F5819,feature_5819,0.0319160632789135
F3039,feature_3039,0.03191554918885231
F2859,feature_2859,0.03191136568784714
F5020,feature_5020,0.03190728649497032
F8998,feature_8998,0.03190401941537857
F1918,feature_1918,0.031903836876153946
F7907,feature_7907,0.031901851296424866
F8585,feature_8585,0.03190132975578308
F4310,feature_4310,0.03190070390701294
F5165,feature_5165,0.0319000706076622
F4801,feature_4801,0.03189951553940773
F9081,feature_9081,0.03189840540289879
F7797,feature_7797,0.03189736232161522
F4048,feature_4048,0.03189486265182495
F5762,feature_5762,0.031894832849502563
F128,feature_128,0.03189187869429588
F8319,feature_8319,0.031888317316770554
F1784,feature_1784,0.03188560903072357
F4849,feature_4849,0.03188512474298477
F8569,feature_8569,0.031880829483270645
F5689,feature_5689,0.03187789395451546
F5820,feature_5820,0.03187496215105057
F2207,feature_2207,0.031874243170022964
F3452,feature_3452,0.03187263384461403
F6848,feature_6848,0.03186852112412453
F1082,feature_1082,0.03186729922890663
F7504,feature_7504,0.03186558559536934
F3438,feature_3438,0.03186478838324547
F6488,feature_6488,0.03186452388763428
F1318,feature_1318,0.03186129778623581
F4798,feature_4798,0.03185904026031494
F8114,feature_8114,0.03185674175620079
F9247,feature_9247,0.0318552665412426
F5499,feature_5499,0.03185516595840454
F2753,feature_2753,0.03184964880347252
F2670,feature_2670,0.03184870257973671
F1174,feature_1174,0.031846899539232254
F7147,feature_7147,0.03184550255537033
F8881,feature_8881,0.03183766081929207
F8822,feature_8822,0.031834349036216736
F3665,feature_3665,0.031829942017793655
F4022,feature_4022,0.031828463077545166
F8737,feature_8737,0.03182554990053177
F4340,feature_4340,0.03182333707809448
F1876,feature_1876,0.03181689232587814
F2990,feature_2990,0.031814757734537125
F6905,feature_6905,0.03181381896138191
F1965,feature_1965,0.031801383942365646
F2606,feature_2606,0.03179897740483284
F9246,feature_9246,0.03179701417684555
F8586,feature_8586,0.03179671987891197
F2518,feature_2518,0.03179575502872467
F2524,feature_2524,0.031795650720596313
F2014,feature_2014,0.03179391846060753
F4473,feature_4473,0.03179311752319336
F4941,feature_4941,0.03179300203919411
F736,feature_736,0.03179144114255905
F9194,feature_9194,0.03178933635354042
F7743,feature_7743,0.031788721680641174
F2481,feature_2481,0.03178421035408974
F3677,feature_3677,0.031783200800418854
F3131,feature_3131,0.03178258240222931
F3800,feature_3800,0.03178001940250397
F3950,feature_3950,0.03177620470523834
F71,feature_71,0.03177331015467644
F3405,feature_3405,0.03177270665764809
F1792,feature_1792,0.031772539019584656
F2088,feature_2088,0.031769730150699615
F801,feature_801,0.031769026070833206
F1873,feature_1873,0.03176531940698624
F8021,feature_8021,0.0317646786570549
F97,feature_97,0.031764499843120575
F2822,feature_2822,0.03176345303654671
F5614,feature_5614,0.031759195029735565
F3752,feature_3752,0.03175734356045723
F1250,feature_1250,0.03175395354628563
F4082,feature_4082,0.03175172209739685
F4979,feature_4979,0.031749773770570755
F7311,feature_7311,0.031749576330184937
F5714,feature_5714,0.031748343259096146
F7047,feature_7047,0.03174630552530289
F4653,feature_4653,0.03174503520131111
F8357,feature_8357,0.03174492344260216
F2578,feature_2578,0.031743984669446945
F9438,feature_9438,0.03173874691128731
F8388,feature_8388,0.031738121062517166
F5527,feature_5527,0.03173801675438881
F7824,feature_7824,0.031734902411699295
F7615,feature_7615,0.03173455595970154
F1243,feature_1243,0.031731557101011276
F6204,feature_6204,0.03172953054308891
F6547,feature_6547,0.031728602945804596
F4613,feature_4613,0.0317268893122673
F4999,feature_4999,0.031725604087114334
F4542,feature_4542,0.0317244790494442
F8287,feature_8287,0.031716715544462204
F2172,feature_2172,0.031716130673885345
F728,feature_728,0.031716059893369675
F6037,feature_6037,0.031712885946035385
F690,feature_690,0.031712159514427185
F7877,feature_7877,0.031706683337688446
F999,feature_999,0.031704727560281754
F1578,feature_1578,0.03170207515358925
F5429,feature_5429,0.03170113265514374
F7314,feature_7314,0.03169882297515869
F6208,feature_6208,0.03169610723853111
F126,feature_126,0.03169587254524231
F4717,feature_4717,0.031684085726737976
F5957,feature_5957,0.03167852759361267
F8397,feature_8397,0.031676772981882095
F4633,feature_4633,0.031668759882450104
F5428,feature_5428,0.03166768699884415
F5463,feature_5463,0.031667616218328476
F7056,feature_7056,0.031667254865169525
F1994,feature_1994,0.0316658690571785
F9821,feature_9821,0.0316658653318882
F3411,feature_3411,0.031665123999118805
F1168,feature_1168,0.03166411072015762
F7933,feature_7933,0.03166331723332405
F2233,feature_2233,0.03166124224662781
F6521,feature_6521,0.031660087406635284
F9788,feature_9788,0.03165977820754051
F6898,feature_6898,0.031658515334129333
F8609,feature_8609,0.03165110573172569
F9844,feature_9844,0.031649526208639145
F8809,feature_8809,0.0316472053527832
F6576,feature_6576,0.031645502895116806
F1651,feature_1651,0.031645044684410095
F2877,feature_2877,0.03164288029074669
F1926,feature_1926,0.03163909539580345
F2179,feature_2179,0.0316343791782856
F1451,feature_1451,0.0316297672688961
F9283,feature_9283,0.03162871301174164
F2824,feature_2824,0.03162791207432747
F2348,feature_2348,0.031626541167497635
F6050,feature_6050,0.03162078186869621
F3623,feature_3623,0.03161688148975372
F8923,feature_8923,0.03161622956395149
F1939,feature_1939,0.03161020576953888
F1962,feature_1962,0.03160957992076874
F3927,feature_3927,0.03160911798477173
F7369,feature_7369,0.03160778805613518
F8684,feature_8684,0.031605467200279236
F4539,feature_4539,0.03160269930958748
F3968,feature_3968,0.03159892559051514
F5713,feature_5713,0.031595464795827866
F4842,feature_4842,0.03159480541944504
F2290,feature_2290,0.03158673644065857
F4460,feature_4460,0.0315840020775795
F9015,feature_9015,0.03158334270119667
F4272,feature_4272,0.03158199042081833
F9868,feature_9868,0.03158138319849968
F4502,feature_4502,0.03157409280538559
F4107,feature_4107,0.03157142549753189
F2016,feature_2016,0.031570106744766235
F5682,feature_5682,0.03156697377562523
F6302,feature_6302,0.031564824283123016
F8780,feature_8780,0.03155626356601715
F6274,feature_6274,0.031556177884340286
F3908,feature_3908,0.03154709190130234
F6203,feature_6203,0.031532444059848785
F6682,feature_6682,0.03152991458773613
F29,feature_29,0.031528763473033905
F2898,feature_2898,0.03152788430452347
F6825,feature_6825,0.031521987169981
F642,feature_642,0.03151988238096237
F4546,feature_4546,0.03151659294962883
F91,feature_91,0.031514957547187805
F6234,feature_6234,0.03151095658540726
F6660,feature_6660,0.03150905668735504
F6596,feature_6596,0.03150316700339317
F3341,feature_3341,0.03150263801217079
F1925,feature_1925,0.03150104358792305
F5958,feature_5958,0.031500447541475296
F545,feature_545,0.03149555251002312
F7358,feature_7358,0.031495071947574615
F1038,feature_1038,0.03149466961622238
F5346,feature_5346,0.03148976340889931
F6914,feature_6914,0.03148818016052246
F1158,feature_1158,0.031486738473176956
F3783,feature_3783,0.031486477702856064
F3093,feature_3093,0.031486328691244125
F3465,feature_3465,0.03148297592997551
F4147,feature_4147,0.03148210048675537
F6446,feature_6446,0.03147663548588753
F4073,feature_4073,0.031471218913793564
F3473,feature_3473,0.03146713599562645
F4631,feature_4631,0.03146025165915489
F686,feature_686,0.03145807608962059
F5625,feature_5625,0.03145802021026611
F5131,feature_5131,0.03145698457956314
F5403,feature_5403,0.03145681694149971
F2723,feature_2723,0.03145601972937584
F1463,feature_1463,0.03145537152886391
F6597,feature_6597,0.031452905386686325
F377,feature_377,0.031450189650058746
F3451,feature_3451,0.03144761547446251
F5795,feature_5795,0.03144320473074913
F430,feature_430,0.031439539045095444
F6479,feature_6479,0.03143711015582085
F4308,feature_4308,0.03143654391169548
F3929,feature_3929,0.031435444951057434
F115,feature_115,0.03143516555428505
F4410,feature_4410,0.0314331129193306
F3166,feature_3166,0.03143231198191643
F1378,feature_1378,0.03142981603741646
F3418,feature_3418,0.03142552822828293
F4682,feature_4682,0.03141407296061516
F7523,feature_7523,0.031408511102199554
F5821,feature_5821,0.031408458948135376
F1095,feature_1095,0.03140731155872345
F7393,feature_7393,0.03140467032790184
F4402,feature_4402,0.031404245644807816
F8214,feature_8214,0.03140309080481529
F6035,feature_6035,0.03140026703476906
F2254,feature_2254,0.03139886260032654
F3941,feature_3941,0.0313892588019371
F391,feature_391,0.03138863295316696
F2945,feature_2945,0.0313858687877655
F7403,feature_7403,0.03138432651758194
F9075,feature_9075,0.031382493674755096
F4569,feature_4569,0.0313812792301178
F7145,feature_7145,0.03137945383787155
F2092,feature_2092,0.031377099454402924
F9663,feature_9663,0.03136959671974182
F9970,feature_9970,0.03136920556426048
F8069,feature_8069,0.03136855736374855
F1909,feature_1909,0.03136563301086426
F7734,feature_7734,0.03136274218559265
F4515,feature_4515,0.03136131912469864
F2191,feature_2191,0.03136000409722328
F272,feature_272,0.031357452273368835
F601,feature_601,0.03135649487376213
F5514,feature_5514,0.03135586529970169
F5462,feature_5462,0.03135257214307785
F8870,feature_8870,0.031346578150987625
F7180,feature_7180,0.031346291303634644
F3906,feature_3906,0.03134344518184662
F9927,feature_9927,0.03134341165423393
F5544,feature_5544,0.031343013048172
F6026,feature_6026,0.03133903443813324
F1924,feature_1924,0.03133872523903847
F6298,feature_6298,0.03133844584226608
F9336,feature_9336,0.03133685514330864
F9684,feature_9684,0.03131860867142677
F2177,feature_2177,0.03131776303052902
F7765,feature_7765,0.031317420303821564
F6155,feature_6155,0.031314220279455185
F9386,feature_9386,0.031308770179748535
F8286,feature_8286,0.03130590170621872
F5774,feature_5774,0.03128933534026146
F4760,feature_4760,0.03128548339009285
F2617,feature_2617,0.0312839038670063
F9601,feature_9601,0.03128340095281601
F8162,feature_8162,0.03128191456198692
F8907,feature_8907,0.031268127262592316
F1129,feature_1129,0.03126529976725578
F412,feature_412,0.031247619539499283
F1405,feature_1405,0.03124738112092018
F8284,feature_8284,0.03124513477087021
F7330,feature_7330,0.03124469518661499
F8755,feature_8755,0.031243959441781044
F1882,feature_1882,0.031241919845342636
F5800,feature_5800,0.031241336837410927
F6315,feature_6315,0.031241314485669136
F4887,feature_4887,0.031235288828611374
F2272,feature_2272,0.03123307228088379
F4103,feature_4103,0.031232625246047974
F4607,feature_4607,0.03123226948082447
F4853,feature_4853,0.031231388449668884
F6522,feature_6522,0.031227177008986473
F3169,feature_3169,0.03122568130493164
F5964,feature_5964,0.031222308054566383
F3628,feature_3628,0.031221147626638412
F5871,feature_5871,0.03122066520154476
F4056,feature_4056,0.031214237213134766
F524,feature_524,0.03121418133378029
F2187,feature_2187,0.03121383674442768
F7262,feature_7262,0.031212102621793747
F7312,feature_7312,0.031208312138915062
F1956,feature_1956,0.031207526102662086
F1382,feature_1382,0.031205495819449425
F5872,feature_5872,0.03120286948978901
F3888,feature_3888,0.031201668083667755
F2508,feature_2508,0.031199293211102486
F9101,feature_9101,0.03119872510433197
F3456,feature_3456,0.031196432188153267
F9506,feature_9506,0.031195499002933502
F4096,feature_4096,0.03119518794119358
F4879,feature_4879,0.031190592795610428
F7193,feature_7193,0.031190399080514908
F1682,feature_1682,0.031188540160655975
F5323,feature_5323,0.03118772804737091
F7905,feature_7905,0.03118623048067093
F3063,feature_3063,0.031185630708932877
F77,feature_77,0.031183619052171707
F3120,feature_3120,0.0311723779886961
F9425,feature_9425,0.031163616105914116
F1421,feature_1421,0.031163057312369347
F8523,feature_8523,0.0311601459980011
F7688,feature_7688,0.03115241602063179
F4802,feature_4802,0.031149622052907944
F2668,feature_2668,0.031149478629231453
F738,feature_738,0.031143127009272575
F2857,feature_2857,0.03114166297018528
F9634,feature_9634,0.031140312552452087
F9883,feature_9883,0.031136857345700264
F5496,feature_5496,0.031136587262153625
F1762,feature_1762,0.031133312731981277
F5987,feature_5987,0.031130637973546982
F6706,feature_6706,0.03112603910267353
F3384,feature_3384,0.031124403700232506
F7940,feature_7940,0.03112398460507393
F6214,feature_6214,0.031122470274567604
F2271,feature_2271,0.031120873987674713
F5913,feature_5913,0.031119469553232193
F5003,feature_5003,0.0311172753572464
F3909,feature_3909,0.03111712634563446
F3334,feature_3334,0.03111693635582924
F8777,feature_8777,0.031113922595977783
F6002,feature_6002,0.031110156327486038
F2293,feature_2293,0.031108923256397247
F8265,feature_8265,0.031105205416679382
F9725,feature_9725,0.031105056405067444
F4572,feature_4572,0.03109864890575409
F6211,feature_6211,0.03109860047698021
F1566,feature_1566,0.031097296625375748
F7405,feature_7405,0.031094657257199287
F2095,feature_2095,0.031093768775463104
F9837,feature_9837,0.03108539991080761
F4598,feature_4598,0.03108212910592556
F4362,feature_4362,0.0310804545879364
F9955,feature_9955,0.03107607178390026
F8328,feature_8328,0.0310747679322958
F604,feature_604,0.031074250116944313
F6137,feature_6137,0.031072363257408142
F4077,feature_4077,0.03106369450688362
F7078,feature_7078,0.031061911955475807
F4899,feature_4899,0.03106088750064373
F7646,feature_7646,0.031059492379426956
F8847,feature_8847,0.03105853497982025
F6177,feature_6177,0.03105771914124489
F8003,feature_8003,0.031054750084877014
F9282,feature_9282,0.03105190582573414
F6671,feature_6671,0.03105084039270878
F8583,feature_8583,0.03104458563029766
F9104,feature_9104,0.031039515510201454
F3977,feature_3977,0.031039485707879066
F9718,feature_9718,0.03103814087808132
F3993,feature_3993,0.031035110354423523
F714,feature_714,0.031032679602503777
F9691,feature_9691,0.03103151172399521
F836,feature_836,0.031031429767608643
F8614,feature_8614,0.031030461192131042
F7829,feature_7829,0.031028645113110542
F9968,feature_9968,0.03102804906666279
F1530,feature_1530,0.031027376651763916
F3073,feature_3073,0.031024055555462837
F715,feature_715,0.031018221750855446
F2910,feature_2910,0.031015990301966667
F5778,feature_5778,0.03101552650332451
F3791,feature_3791,0.03100769966840744
F2926,feature_2926,0.031007537618279457
F8641,feature_8641,0.031003981828689575
F1955,feature_1955,0.03100244514644146
F1521,feature_1521,0.031000301241874695
F4246,feature_4246,0.030998962000012398
F3965,feature_3965,0.03099825419485569
F6074,feature_6074,0.030996419489383698
F3663,feature_3663,0.030993405729532242
F9122,feature_9122,0.030990583822131157
F9107,feature_9107,0.030990008264780045
F7394,feature_7394,0.03097962960600853
F5936,feature_5936,0.030972322449088097
F3336,feature_3336,0.030971769243478775
F3721,feature_3721,0.030970929190516472
F6346,feature_6346,0.03096643276512623
F9295,feature_9295,0.030962243676185608
F1358,feature_1358,0.030959103256464005
F1037,feature_1037,0.030956069007515907
F2008,feature_2008,0.03095290996134281
F6823,feature_6823,0.03095078468322754
F66,feature_66,0.030948571860790253
F185,feature_185,0.03094719909131527
F552,feature_552,0.030946848914027214
F347,feature_347,0.030945569276809692
F1456,feature_1456,0.03094540350139141
F3640,feature_3640,0.030937662348151207
F8107,feature_8107,0.030934099107980728
F1748,feature_1748,0.030933193862438202
F4311,feature_4311,0.03093227557837963
F9227,feature_9227,0.030930833891034126
F4091,feature_4091,0.03092959150671959
F9281,feature_9281,0.030927885323762894
F6722,feature_6722,0.030926063656806946
F2729,feature_2729,0.030922438949346542
F4511,feature_4511,0.030917633324861526
F2759,feature_2759,0.030917521566152573
F9146,feature_9146,0.03091585449874401
F4318,feature_4318,0.03091464191675186
F9683,feature_9683,0.030913490802049637
F7979,feature_7979,0.030904795974493027
F9866,feature_9866,0.03090166114270687
F6765,feature_6765,0.030901458114385605
F2840,feature_2840,0.03089931607246399
F3820,feature_3820,0.0308920256793499
F5273,feature_5273,0.03088996745646
F494,feature_494,0.030889388173818588
F9522,feature_9522,0.03088691271841526
F1590,feature_1590,0.030884236097335815
F1701,feature_1701,0.030883271247148514
F7232,feature_7232,0.030879752710461617
F489,feature_489,0.030874712392687798
F2340,feature_2340,0.030860936269164085
F4209,feature_4209,0.030857201665639877
F1659,feature_1659,0.030844271183013916
F6769,feature_6769,0.030839236453175545
F4895,feature_4895,0.03082439862191677
F8005,feature_8005,0.03082270361483097
F4369,feature_4369,0.030818691477179527
F2853,feature_2853,0.0308180321007967
F5780,feature_5780,0.030815843492746353
F1253,feature_1253,0.03081468679010868
F7890,feature_7890,0.03081171028316021
F1535,feature_1535,0.030810438096523285
F2722,feature_2722,0.03081001713871956
F1901,feature_1901,0.030809473246335983
F7290,feature_7290,0.030807703733444214
F5396,feature_5396,0.03079717792570591
F2651,feature_2651,0.030792562291026115
F2249,feature_2249,0.03078589029610157
F2053,feature_2053,0.030784672126173973
F9383,feature_9383,0.030783623456954956
F9578,feature_9578,0.030776850879192352
F1052,feature_1052,0.03077225387096405
F3815,feature_3815,0.0307718887925148
F6398,feature_6398,0.03077075444161892
F15,feature_15,0.030769657343626022
F6199,feature_6199,0.03076622448861599
F6900,feature_6900,0.03076392598450184
F1075,feature_1075,0.03075970895588398
F3031,feature_3031,0.030757978558540344
F5712,feature_5712,0.030756793916225433
F3463,feature_3463,0.030754372477531433
F7158,feature_7158,0.030751481652259827
F4164,feature_4164,0.0307509396225214
F4606,feature_4606,0.03074919432401657
F5132,feature_5132,0.030745165422558784
F8640,feature_8640,0.030740216374397278
F7594,feature_7594,0.030736351385712624
F6981,feature_6981,0.030734386295080185
F2371,feature_2371,0.030731119215488434
F3510,feature_3510,0.030730945989489555
F5688,feature_5688,0.030725371092557907
F8712,feature_8712,0.030717790126800537
F8374,feature_8374,0.0307170283049345
F9984,feature_9984,0.030716363340616226
F3913,feature_3913,0.03071483038365841
F518,feature_518,0.030713219195604324
F1801,feature_1801,0.030711814761161804
F6182,feature_6182,0.030711492523550987
F8249,feature_8249,0.030709169805049896
F7964,feature_7964,0.03070879355072975
F1655,feature_1655,0.030706964433193207
F2920,feature_2920,0.03070673905313015
F4366,feature_4366,0.03070441260933876
F7575,feature_7575,0.030703527852892876
F600,feature_600,0.03069601021707058
F1131,feature_1131,0.03069225884974003
F8240,feature_8240,0.030688539147377014
F6442,feature_6442,0.03068668395280838
F6582,feature_6582,0.030682357028126717
F2017,feature_2017,0.030677171424031258
F4741,feature_4741,0.030674776062369347
F9985,feature_9985,0.030672520399093628
F6766,feature_6766,0.030668282881379128
F4418,feature_4418,0.03065541386604309
F4247,feature_4247,0.030655186623334885
F3581,feature_3581,0.030649011954665184
F5385,feature_5385,0.030646488070487976
F9374,feature_9374,0.03064524009823799
F224,feature_224,0.03064132295548916
F2011,feature_2011,0.030639521777629852
F9138,feature_9138,0.030633699148893356
F5832,feature_5832,0.03063126839697361
F2627,feature_2627,0.030626676976680756
F7836,feature_7836,0.0306218434125185
F3912,feature_3912,0.03061930648982525
F2790,feature_2790,0.03061896190047264
F2209,feature_2209,0.03061777539551258
F8826,feature_8826,0.030614331364631653
F6437,feature_6437,0.03061109036207199
F3549,feature_3549,0.030608439818024635
F2384,feature_2384,0.030605614185333252
F703,feature_703,0.030604379251599312
F5831,feature_5831,0.030599934980273247
F3678,feature_3678,0.03059786558151245
F8102,feature_8102,0.0305939894169569
F9949,feature_9949,0.030589621514081955
F5004,feature_5004,0.030581407248973846
F2330,feature_2330,0.030581291764974594
F8119,feature_8119,0.030576428398489952
F7640,feature_7640,0.03057641163468361
F4494,feature_4494,0.03057391569018364
F8210,feature_8210,0.030568281188607216
F5433,feature_5433,0.030565131455659866
F4379,feature_4379,0.030564887449145317
F2041,feature_2041,0.03056255728006363
F3978,feature_3978,0.030561285093426704
F7036,feature_7036,0.030554739758372307
F2683,feature_2683,0.030554668977856636
F796,feature_796,0.03054414503276348
F1055,feature_1055,0.030541304498910904
F7151,feature_7151,0.03053789585828781
F4900,feature_4900,0.03053731471300125
F8840,feature_8840,0.030536683276295662
F46,feature_46,0.0305353831499815
F2832,feature_2832,0.030534055083990097
F2467,feature_2467,0.03053371049463749
F8316,feature_8316,0.030531249940395355
F6417,feature_6417,0.03053073026239872
F1818,feature_1818,0.030527262017130852
F1190,feature_1190,0.03052285499870777
F5804,feature_5804,0.03052271157503128
F1279,feature_1279,0.03051808662712574
F5534,feature_5534,0.0305176954716444
F4814,feature_4814,0.030513271689414978
F9826,feature_9826,0.030510222539305687
F384,feature_384,0.03050973080098629
F7203,feature_7203,0.03050856478512287
F5194,feature_5194,0.030505215749144554
F5579,feature_5579,0.03050101548433304
F9602,feature_9602,0.030500661581754684
F5285,feature_5285,0.030495617538690567
F1673,feature_1673,0.030489223077893257
F857,feature_857,0.03048834018409252
F5866,feature_5866,0.030487922951579094
F829,feature_829,0.03048568032681942
F2082,feature_2082,0.030485669150948524
F2227,feature_2227,0.03047621063888073
F6396,feature_6396,0.030473344027996063
F1461,feature_1461,0.03047330677509308
F2878,feature_2878,0.030473172664642334
F3194,feature_3194,0.0304635651409626
F6003,feature_6003,0.0304629597812891
F6357,feature_6357,0.03045574203133583
F8739,feature_8739,0.030452346429228783
F1724,feature_1724,0.03044602833688259
F8337,feature_8337,0.030443839728832245
F1218,feature_1218,0.030441146343946457
F4921,feature_4921,0.030438687652349472
F3257,feature_3257,0.030431589111685753
F1977,feature_1977,0.03042575716972351
F6327,feature_6327,0.03042248822748661
F2323,feature_2323,0.030417177826166153
F4987,feature_4987,0.03041394054889679
F7568,feature_7568,0.030411120504140854
F229,feature_229,0.03041049838066101
F4998,feature_4998,0.030410446226596832
F2452,feature_2452,0.0304050762206316
F4905,feature_4905,0.030393777415156364
F7079,feature_7079,0.030390871688723564
F8244,feature_8244,0.030387645587325096
F4119,feature_4119,0.030385885387659073
F8318,feature_8318,0.03037908673286438
F7609,feature_7609,0.030371524393558502
F4884,feature_4884,0.030364442616701126
F2070,feature_2070,0.030363839119672775
F9670,feature_9670,0.03036000020802021
F4881,feature_4881,0.030355436727404594
F6681,feature_6681,0.030351877212524414
F5229,feature_5229,0.03035147488117218
F6016,feature_6016,0.03035125322639942
F2464,feature_2464,0.030342133715748787
F4922,feature_4922,0.030336670577526093
F3579,feature_3579,0.030336173251271248
F2580,feature_2580,0.03033182956278324
F8626,feature_8626,0.030331255868077278
F5660,feature_5660,0.030325859785079956
F5354,feature_5354,0.030325395986437798
F5706,feature_5706,0.03032403253018856
F6193,feature_6193,0.03032386116683483
F350,feature_350,0.03031926602125168
F3739,feature_3739,0.03031758964061737
F4134,feature_4134,0.030316930264234543
F7823,feature_7823,0.030315307900309563
F8652,feature_8652,0.030312979593873024
F4960,feature_4960,0.030312949791550636
F9687,feature_9687,0.03031141124665737
F4496,feature_4496,0.030310137197375298
F8627,feature_8627,0.030308719724416733
F2886,feature_2886,0.03030775859951973
F1624,feature_1624,0.03030613623559475
F6334,feature_6334,0.030303798615932465
F2687,feature_2687,0.030302001163363457
F5669,feature_5669,0.03030122071504593
F9700,feature_9700,0.030296918004751205
F7089,feature_7089,0.030288955196738243
F9639,feature_9639,0.03028581477701664
F1381,feature_1381,0.03028108738362789
F3471,feature_3471,0.030280690640211105
F3486,feature_3486,0.03027973137795925
F1961,feature_1961,0.030277255922555923
F5189,feature_5189,0.030276572331786156
F6879,feature_6879,0.0302725862711668
F6663,feature_6663,0.030272487550973892
F3111,feature_3111,0.03026808425784111
F5358,feature_5358,0.030263423919677734
F8026,feature_8026,0.030261952430009842
F6044,feature_6044,0.030260194092988968
F3193,feature_3193,0.03025219775736332
F4198,feature_4198,0.0302521213889122
F5247,feature_5247,0.030250487849116325
F2120,feature_2120,0.03025020845234394
F2451,feature_2451,0.030242495238780975
F1781,feature_1781,0.03024020977318287
F7560,feature_7560,0.030236275866627693
F6949,feature_6949,0.030234158039093018
F352,feature_352,0.030233109369874
F9298,feature_9298,0.03023095242679119
F7604,feature_7604,0.030224235728383064
F1940,feature_1940,0.030222468078136444
F5816,feature_5816,0.030222106724977493
F2871,feature_2871,0.030216684564948082
F2150,feature_2150,0.03021545149385929
F9500,feature_9500,0.03021080791950226
F9586,feature_9586,0.030208535492420197
F2620,feature_2620,0.030208434909582138
F4144,feature_4144,0.030205540359020233
F3036,feature_3036,0.030204376205801964
F8498,feature_8498,0.03019867092370987
F8000,feature_8000,0.0301958154886961
F6085,feature_6085,0.030193451792001724
F7588,feature_7588,0.030193287879228592
F3872,feature_3872,0.030186375603079796
F8538,feature_8538,0.030185434967279434
F7083,feature_7083,0.030184399336576462
F7339,feature_7339,0.03018343262374401
F3633,feature_3633,0.030183255672454834
F1797,feature_1797,0.030181095004081726
F2939,feature_2939,0.030174817889928818
F5655,feature_5655,0.030173569917678833
F8990,feature_8990,0.030169181525707245
F1160,feature_1160,0.030168786644935608
F942,feature_942,0.03016834147274494
F40,feature_40,0.030168285593390465
F6818,feature_6818,0.03016543947160244
F4812,feature_4812,0.030162373557686806
F7381,feature_7381,0.03015909343957901
F7178,feature_7178,0.03015686757862568
F2262,feature_2262,0.030154231935739517
F235,feature_235,0.030154120177030563
F7865,feature_7865,0.03015216998755932
F4690,feature_4690,0.03015184961259365
F8857,feature_8857,0.030146902427077293
F6187,feature_6187,0.03013799898326397
F7942,feature_7942,0.03013644739985466
F2130,feature_2130,0.030131034553050995
F1582,feature_1582,0.030130630359053612
F2556,feature_2556,0.03012755699455738
F451,feature_451,0.030122920870780945
F5379,feature_5379,0.03011765331029892
F7429,feature_7429,0.030110927298665047
F2067,feature_2067,0.030110232532024384
F9064,feature_9064,0.0301003810018301
F6342,feature_6342,0.030095312744379044
F5170,feature_5170,0.030094649642705917
F8733,feature_8733,0.03009236976504326
F5177,feature_5177,0.03009168617427349
F3311,feature_3311,0.03009054996073246
F5685,feature_5685,0.030087217688560486
F2780,feature_2780,0.030085811391472816
F5002,feature_5002,0.03008383885025978
F8348,feature_8348,0.03008366748690605
F4740,feature_4740,0.030074961483478546
F7260,feature_7260,0.030071137472987175
F2425,feature_2425,0.03006523847579956
F6288,feature_6288,0.030061660334467888
F6470,feature_6470,0.030060337856411934
F5103,feature_5103,0.03005804307758808
F7453,feature_7453,0.030054574832320213
F4400,feature_4400,0.030050260946154594
F4932,feature_4932,0.03004889376461506
F6760,feature_6760,0.03004881553351879
F4197,feature_4197,0.030048182234168053
F4916,feature_4916,0.030039461329579353
F3352,feature_3352,0.030034206807613373
F4464,feature_4464,0.030032355338335037
F7130,feature_7130,0.03002842515707016
F2218,feature_2218,0.03002689592540264
F1758,feature_1758,0.030025891959667206
F9712,feature_9712,0.03002370521426201
F6255,feature_6255,0.03002209961414337
F6412,feature_6412,0.03002099134027958
F7192,feature_7192,0.03001924231648445
F7412,feature_7412,0.030015548691153526
F2343,feature_2343,0.03001236915588379
F5864,feature_5864,0.030009599402546883
F192,feature_192,0.030007697641849518
F3988,feature_3988,0.030004778876900673
F9328,feature_9328,0.030003370717167854
F2984,feature_2984,0.030001843348145485
F87,feature_87,0.02999410219490528
F3583,feature_3583,0.02999206818640232
F8528,feature_8528,0.02998795360326767
F4774,feature_4774,0.029984906315803528
F1992,feature_1992,0.029981223866343498
F7514,feature_7514,0.029977289959788322
F2773,feature_2773,0.029973343014717102
F898,feature_898,0.029972830787301064
F5561,feature_5561,0.02997182123363018
F2517,feature_2517,0.029971498996019363
F5162,feature_5162,0.029969505965709686
F6318,feature_6318,0.029964985325932503
F4092,feature_4092,0.029964040964841843
F992,feature_992,0.02996385283768177
F9749,feature_9749,0.02996056154370308
F3526,feature_3526,0.029959743842482567
F8810,feature_8810,0.029958650469779968
F8703,feature_8703,0.029957573860883713
F6856,feature_6856,0.029953058809041977
F5348,feature_5348,0.029951537027955055
F8434,feature_8434,0.029951225966215134
F5513,feature_5513,0.029944606125354767
F5823,feature_5823,0.029941461980342865
F2308,feature_2308,0.02994079329073429
F3593,feature_3593,0.029931310564279556
F8477,feature_8477,0.029930423945188522
F8693,feature_8693,0.029928268864750862
F7660,feature_7660,0.02992566116154194
F4749,feature_4749,0.0299224816262722
F281,feature_281,0.029921893030405045
F3669,feature_3669,0.029912777245044708
F9771,feature_9771,0.02991250343620777
F4965,feature_4965,0.029910694807767868
F8076,feature_8076,0.029909411445260048
F7548,feature_7548,0.029908787459135056
F4942,feature_4942,0.029908379539847374
F5260,feature_5260,0.029906434938311577
F5058,feature_5058,0.02990538999438286
F8912,feature_8912,0.02990383841097355
F7257,feature_7257,0.029902160167694092
F6065,feature_6065,0.029899166896939278
F4381,feature_4381,0.029896263033151627
F2662,feature_2662,0.02988741360604763
F5661,feature_5661,0.02988460101187229
F3307,feature_3307,0.029883308336138725
F6794,feature_6794,0.029880128800868988
F7543,feature_7543,0.029878227040171623
F1949,feature_1949,0.029877856373786926
F7753,feature_7753,0.029877500608563423
F2888,feature_2888,0.029869182035326958
F7709,feature_7709,0.029867028817534447
F9225,feature_9225,0.02986634150147438
F5371,feature_5371,0.029866324737668037
F7088,feature_7088,0.0298637542873621
F4414,feature_4414,0.029856016859412193
F9185,feature_9185,0.02985469438135624
F5190,feature_5190,0.029852375388145447
F3023,feature_3023,0.02984975278377533
F5059,feature_5059,0.029843691736459732
F4033,feature_4033,0.02984187938272953
F5298,feature_5298,0.029840636998414993
F5694,feature_5694,0.029839301481842995
F7160,feature_7160,0.029835015535354614
F3117,feature_3117,0.02982536144554615
F6029,feature_6029,0.029810084030032158
F8766,feature_8766,0.029805822297930717
F1432,feature_1432,0.02980463020503521
F4364,feature_4364,0.029804376885294914
F7499,feature_7499,0.029802849516272545
F1105,feature_1105,0.02980029210448265
F7645,feature_7645,0.029792223125696182
F3428,feature_3428,0.029792221263051033
F80,feature_80,0.0297915767878294
F406,feature_406,0.02978489175438881
F858,feature_858,0.02978467009961605
F3141,feature_3141,0.029779577627778053
F1319,feature_1319,0.02977933920919895
F7747,feature_7747,0.029774067923426628
F3555,feature_3555,0.029773849993944168
F8710,feature_8710,0.02976996824145317
F7463,feature_7463,0.029769552871584892
F3492,feature_3492,0.02976094000041485
F9036,feature_9036,0.02975979819893837
F974,feature_974,0.029753126204013824
F6252,feature_6252,0.02975211851298809
F240,feature_240,0.029748383909463882
F3044,feature_3044,0.029743583872914314
F6529,feature_6529,0.02974040061235428
F1778,feature_1778,0.029739663004875183
F8147,feature_8147,0.029737314209342003
F4641,feature_4641,0.02973264269530773
F7271,feature_7271,0.029726646840572357
F4619,feature_4619,0.029719293117523193
F4112,feature_4112,0.029716677963733673
F3558,feature_3558,0.029716309159994125
F8748,feature_8748,0.029706086963415146
F1065,feature_1065,0.029705047607421875
F5657,feature_5657,0.029704883694648743
F1267,feature_1267,0.029695717617869377
F293,feature_293,0.02969490736722946
F5654,feature_5654,0.029690571129322052
F610,feature_610,0.02968827821314335
F1846,feature_1846,0.02968721091747284
F154,feature_154,0.029683783650398254
F9934,feature_9934,0.029682155698537827
F1544,feature_1544,0.029682109132409096
F3038,feature_3038,0.0296794306486845
F9839,feature_9839,0.02967735007405281
F6185,feature_6185,0.029674099758267403
F3653,feature_3653,0.029672592878341675
F8727,feature_8727,0.029663776978850365
F7094,feature_7094,0.029658118262887
F351,feature_351,0.029657870531082153
F8439,feature_8439,0.02965698391199112
F9018,feature_9018,0.029648344963788986
F2770,feature_2770,0.02964465133845806
F1311,feature_1311,0.029640760272741318
F8282,feature_8282,0.029638202860951424
F1705,feature_1705,0.029629571363329887
F5948,feature_5948,0.02962757833302021
F8937,feature_8937,0.029626905918121338
F3716,feature_3716,0.02962413802742958
F665,feature_665,0.02962314337491989
F5990,feature_5990,0.029612399637699127
F6903,feature_6903,0.02960447408258915
F3101,feature_3101,0.02959711104631424
F4278,feature_4278,0.02959444746375084
F847,feature_847,0.02959359809756279
F1851,feature_1851,0.029593437910079956
F5947,feature_5947,0.029590610414743423
F2834,feature_2834,0.029586367309093475
F5540,feature_5540,0.029584728181362152
F5817,feature_5817,0.02957991324365139
F2136,feature_2136,0.029578689485788345
F4704,feature_4704,0.029578158631920815
F9716,feature_9716,0.029575645923614502
F5023,feature_5023,0.029572010040283203
F3833,feature_3833,0.02957063540816307
F8158,feature_8158,0.029567088931798935
F2065,feature_2065,0.029559075832366943
F7708,feature_7708,0.029555559158325195
F8182,feature_8182,0.02954467199742794
F2245,feature_2245,0.02954421192407608
F6710,feature_6710,0.029537875205278397
F6658,feature_6658,0.029531069099903107
F6827,feature_6827,0.029527146369218826
F8928,feature_8928,0.029523590579628944
F8905,feature_8905,0.02951696701347828
F1930,feature_1930,0.029510732740163803
F7863,feature_7863,0.02951018512248993
F5743,feature_5743,0.029506642371416092
F4296,feature_4296,0.029504025354981422
F1320,feature_1320,0.029503678902983665
F9079,feature_9079,0.02950163185596466
F2672,feature_2672,0.029497912153601646
F8698,feature_8698,0.02949199266731739
F7140,feature_7140,0.029491648077964783
F7487,feature_7487,0.029491189867258072
F1640,feature_1640,0.02948257140815258
F7794,feature_7794,0.029480474069714546
F100,feature_100,0.02947142720222473
F2829,feature_2829,0.02946813963353634
F2289,feature_2289,0.029467593878507614
F4488,feature_4488,0.02946566417813301
F6096,feature_6096,0.02946261689066887
F4958,feature_4958,0.029459046199917793
F3330,feature_3330,0.029458483681082726
F3923,feature_3923,0.029455900192260742
F9482,feature_9482,0.029453860595822334
F4927,feature_4927,0.029440434649586678
F2148,feature_2148,0.029435161501169205
F8215,feature_8215,0.029434842988848686
F3196,feature_3196,0.029430218040943146
F5052,feature_5052,0.029425017535686493
F432,feature_432,0.029423788189888
F5118,feature_5118,0.02942134626209736
F7770,feature_7770,0.029420461505651474
F2728,feature_2728,0.02941913902759552
F9766,feature_9766,0.029415298253297806
F4029,feature_4029,0.029407132416963577
F1696,feature_1696,0.029404839500784874
F4800,feature_4800,0.029404304921627045
F8722,feature_8722,0.02940053679049015
F4335,feature_4335,0.029397770762443542
F750,feature_750,0.029397254809737206
F9759,feature_9759,0.029386408627033234
F5303,feature_5303,0.029381200671195984
F4067,feature_4067,0.02938077412545681
F208,feature_208,0.02937963791191578
F4632,feature_4632,0.0293784998357296
F6707,feature_6707,0.02937600389122963
F9182,feature_9182,0.029371369630098343
F5721,feature_5721,0.029367979615926743
F3300,feature_3300,0.02936704456806183
F3540,feature_3540,0.029363306239247322
F9842,feature_9842,0.02936135046184063
F6868,feature_6868,0.029360700398683548
F3799,feature_3799,0.029358236119151115
F4734,feature_4734,0.029354674741625786
F7610,feature_7610,0.02935340441763401
F9814,feature_9814,0.029352787882089615
F4438,feature_4438,0.029346110299229622
F7873,feature_7873,0.02934402972459793
F7352,feature_7352,0.029331007972359657
F4324,feature_4324,0.02933098003268242
F2242,feature_2242,0.029323212802410126
F1477,feature_1477,0.029321396723389626
F979,feature_979,0.029319990426301956
F7583,feature_7583,0.029318559914827347
F7482,feature_7482,0.029314815998077393
F7764,feature_7764,0.029313132166862488
F6198,feature_6198,0.029313091188669205
F4317,feature_4317,0.029312605038285255
F8448,feature_8448,0.029309289529919624
F6816,feature_6816,0.029308024793863297
F4897,feature_4897,0.029296373948454857
F639,feature_639,0.029284188523888588
F2532,feature_2532,0.02928226627409458
F1069,feature_1069,0.029280079528689384
F9455,feature_9455,0.029279327020049095
F10000,feature_10000,0.029275914654135704
F8655,feature_8655,0.029273483902215958
F9801,feature_9801,0.029268518090248108
F1000,feature_1000,0.029260385781526566
F937,feature_937,0.02925911732017994
F6987,feature_6987,0.02925836853682995
F6250,feature_6250,0.029257196933031082
F8793,feature_8793,0.02925248257815838
F1990,feature_1990,0.029251284897327423
F503,feature_503,0.029247751459479332
F2261,feature_2261,0.029245777055621147
F731,feature_731,0.029242221266031265
F6144,feature_6144,0.029242053627967834
F633,feature_633,0.02923979051411152
F2484,feature_2484,0.02923845313489437
F6811,feature_6811,0.029236778616905212
F1071,feature_1071,0.029230432584881783
F6505,feature_6505,0.029225744307041168
F6129,feature_6129,0.02922174334526062
F4427,feature_4427,0.029221175238490105
F9005,feature_9005,0.029220763593912125
F7143,feature_7143,0.029220551252365112
F9551,feature_9551,0.0292133167386055
F3705,feature_3705,0.029206909239292145
F5482,feature_5482,0.029197415336966515
F4062,feature_4062,0.02919355221092701
F1911,feature_1911,0.029190093278884888
F4257,feature_4257,0.02919008955359459
F910,feature_910,0.02918105572462082
F5980,feature_5980,0.02917611412703991
F3143,feature_3143,0.029170092195272446
F9384,feature_9384,0.029169421643018723
F7726,feature_7726,0.029165418818593025
F2311,feature_2311,0.02915744110941887
F6935,feature_6935,0.029155133292078972
F7465,feature_7465,0.029154717922210693
F6416,feature_6416,0.02914603054523468
F9577,feature_9577,0.029143111780285835
F1125,feature_1125,0.029140222817659378
F9291,feature_9291,0.029139894992113113
F9244,feature_9244,0.029139235615730286
F3378,feature_3378,0.029135867953300476
F5839,feature_5839,0.02913118526339531
F6023,feature_6023,0.029130317270755768
F491,feature_491,0.029130011796951294
F5545,feature_5545,0.02912316285073757
F2695,feature_2695,0.0291190966963768
F5201,feature_5201,0.02911803126335144
F5863,feature_5863,0.02911415509879589
F7241,feature_7241,0.0291071105748415
F4610,feature_4610,0.02910025417804718
F8661,feature_8661,0.029097730293869972
F8036,feature_8036,0.029094137251377106
F3475,feature_3475,0.02909078076481819
F1768,feature_1768,0.0290901567786932
F6382,feature_6382,0.029088055714964867
F4637,feature_4637,0.02908136509358883
F2499,feature_2499,0.02908027358353138
F8762,feature_8762,0.02907562628388405
F2436,feature_2436,0.029075590893626213
F8807,feature_8807,0.029075216501951218
F6379,feature_6379,0.029071655124425888
F4431,feature_4431,0.029070941731333733
F2445,feature_2445,0.02906828746199608
F7534,feature_7534,0.029066530987620354
F9130,feature_9130,0.029063966125249863
F8079,feature_8079,0.02906319499015808
F8616,feature_8616,0.029062295332551003
F4738,feature_4738,0.029061367735266685
F3267,feature_3267,0.029059551656246185
F7320,feature_7320,0.02905864827334881
F223,feature_223,0.02905641682446003
F3154,feature_3154,0.02905423566699028
F3741,feature_3741,0.029051583260297775
F6515,feature_6515,0.029051203280687332
F6233,feature_6233,0.02905050292611122
F439,feature_439,0.029043050482869148
F9971,feature_9971,0.029042720794677734
F8241,feature_8241,0.029041042551398277
F9067,feature_9067,0.029036538675427437
F4874,feature_4874,0.029032951220870018
F6475,feature_6475,0.029032494872808456
F3174,feature_3174,0.029030002653598785
F8224,feature_8224,0.02902303822338581
F8062,feature_8062,0.029021060094237328
F5071,feature_5071,0.029020050540566444
F3919,feature_3919,0.029018837958574295
F6438,feature_6438,0.029018228873610497
F786,feature_786,0.029017386958003044
F9167,feature_9167,0.0290155578404665
F6130,feature_6130,0.029015319421887398
F7300,feature_7300,0.029012851417064667
F6022,feature_6022,0.029008671641349792
F3788,feature_3788,0.02900565043091774
F7489,feature_7489,0.02900492027401924
F5674,feature_5674,0.029004184529185295
F8682,feature_8682,0.029001465067267418
F9338,feature_9338,0.02899930439889431
F9623,feature_9623,0.028998756781220436
F1031,feature_1031,0.028995566070079803
F7176,feature_7176,0.02899106964468956
F3946,feature_3946,0.02898591011762619
F3879,feature_3879,0.028984669595956802
F7170,feature_7170,0.028981411829590797
F5384,feature_5384,0.028975598514080048
F4439,feature_4439,0.028973234817385674
F2936,feature_2936,0.028970511630177498
F7452,feature_7452,0.02896622009575367
F954,feature_954,0.028965279459953308
F8054,feature_8054,0.028963515534996986
F8815,feature_8815,0.028962671756744385
F3462,feature_3462,0.02896249108016491
F4207,feature_4207,0.028962425887584686
F9314,feature_9314,0.02896093763411045
F6158,feature_6158,0.02895655483007431
F5508,feature_5508,0.02895604446530342
F4424,feature_4424,0.028953993692994118
F8382,feature_8382,0.028953487053513527
F4618,feature_4618,0.028950946405529976
F3212,feature_3212,0.02894073911011219
F4855,feature_4855,0.028939930722117424
F6391,feature_6391,0.02893267385661602
F1982,feature_1982,0.028930749744176865
F985,feature_985,0.028924820944666862
F6237,feature_6237,0.02892264910042286
F9561,feature_9561,0.028920233249664307
F4158,feature_4158,0.028917156159877777
F7134,feature_7134,0.028913073241710663
F1194,feature_1194,0.028912559151649475
F791,feature_791,0.028911231085658073
F2582,feature_2582,0.028911154717206955
F9713,feature_9713,0.028910722583532333
F9317,feature_9317,0.0289089884608984
F9280,feature_9280,0.028906524181365967
F6498,feature_6498,0.0289058368653059
F7768,feature_7768,0.028898360207676888
F3899,feature_3899,0.028895733878016472
F1032,feature_1032,0.028888626024127007
F3079,feature_3079,0.028879448771476746
F5079,feature_5079,0.02887846529483795
F4913,feature_4913,0.028873102739453316
F3689,feature_3689,0.028872469440102577
F1164,feature_1164,0.028870614245533943
F589,feature_589,0.02886858955025673
F2752,feature_2752,0.02886679209768772
F9761,feature_9761,0.028865346685051918
F9267,feature_9267,0.02886161394417286
F1826,feature_1826,0.028859132900834084
F7365,feature_7365,0.028853897005319595
F7621,feature_7621,0.028849545866250992
F8956,feature_8956,0.02884705364704132
F4662,feature_4662,0.028846481814980507
F2520,feature_2520,0.028843089938163757
F4053,feature_4053,0.028827734291553497
F4555,feature_4555,0.02882487140595913
F7999,feature_7999,0.028820443898439407
F7915,feature_7915,0.028818784281611443
F9671,feature_9671,0.028818272054195404
F5333,feature_5333,0.028816912323236465
F5127,feature_5127,0.028816182166337967
F9793,feature_9793,0.028812646865844727
F1466,feature_1466,0.0288098007440567
F8083,feature_8083,0.028803054243326187
F2958,feature_2958,0.02880079671740532
F7279,feature_7279,0.028799742460250854
F7351,feature_7351,0.028796108439564705
F8700,feature_8700,0.028792034834623337
F8679,feature_8679,0.028790120035409927
F3953,feature_3953,0.028788043186068535
F7104,feature_7104,0.028787292540073395
F7317,feature_7317,0.0287785641849041
F1859,feature_1859,0.028775282204151154
F1197,feature_1197,0.028773080557584763
F6744,feature_6744,0.028769701719284058
F9208,feature_9208,0.02876461297273636
F2341,feature_2341,0.028763964772224426
F1003,feature_1003,0.028762467205524445
F6439,feature_6439,0.028750991448760033
F7029,feature_7029,0.0287501011043787
F1226,feature_1226,0.02874789386987686
F8941,feature_8941,0.02874705009162426
F623,feature_623,0.02874520607292652
F7074,feature_7074,0.028742890805006027
F1070,feature_1070,0.028742074966430664
F9493,feature_9493,0.028736582025885582
F5491,feature_5491,0.028730595484375954
F5696,feature_5696,0.02872186154127121
F4249,feature_4249,0.028715116903185844
F7626,feature_7626,0.028705783188343048
F4794,feature_4794,0.028696974739432335
F7103,feature_7103,0.028695786371827126
F483,feature_483,0.028686203062534332
F7680,feature_7680,0.028680957853794098
F7776,feature_7776,0.028678953647613525
F8634,feature_8634,0.028676098212599754
F4232,feature_4232,0.028675971552729607
F2523,feature_2523,0.028674816712737083
F7641,feature_7641,0.028668612241744995
F646,feature_646,0.02866828255355358
F1254,feature_1254,0.028664318844676018
F7916,feature_7916,0.02865670993924141
F6781,feature_6781,0.028655437752604485
F4122,feature_4122,0.02865472249686718
F3104,feature_3104,0.028653321787714958
F5608,feature_5608,0.028650445863604546
F2322,feature_2322,0.02864658087491989
F4447,feature_4447,0.028646444901823997
F7837,feature_7837,0.028640981763601303
F1186,feature_1186,0.028637738898396492
F7385,feature_7385,0.028634371235966682
F1648,feature_1648,0.02863309346139431
F8529,feature_8529,0.028632819652557373
F8828,feature_8828,0.02862922102212906
F359,feature_359,0.028628019616007805
F4055,feature_4055,0.028611954301595688
F562,feature_562,0.02860845997929573
F1495,feature_1495,0.028606805950403214
F3911,feature_3911,0.02860666811466217
F1017,feature_1017,0.028604887425899506
F7796,feature_7796,0.02859923057258129
F478,feature_478,0.028588565066456795
F6364,feature_6364,0.028582140803337097
F2905,feature_2905,0.028578221797943115
F9404,feature_9404,0.028577975928783417
F7934,feature_7934,0.028572997078299522
F975,feature_975,0.02856977842748165
F825,feature_825,0.028567299246788025
F8945,feature_8945,0.02856377325952053
F4731,feature_4731,0.02855273149907589
F7723,feature_7723,0.028544394299387932
F9909,feature_9909,0.028541503474116325
F8336,feature_8336,0.02854110486805439
F5848,feature_5848,0.028540823608636856
F8837,feature_8837,0.02853313274681568
F1639,feature_1639,0.02852811850607395
F2221,feature_2221,0.02852673828601837
F4854,feature_4854,0.02852608822286129
F1442,feature_1442,0.02850419282913208
F2169,feature_2169,0.028492923825979233
F9456,feature_9456,0.028492171317338943
F9550,feature_9550,0.028491400182247162
F1387,feature_1387,0.0284893661737442
F445,feature_445,0.028484594076871872
F5597,feature_5597,0.028476452454924583
F3768,feature_3768,0.028475841507315636
F7970,feature_7970,0.028475599363446236
F7847,feature_7847,0.02847522497177124
F8664,feature_8664,0.02845778316259384
F1550,feature_1550,0.028454186394810677
F4820,feature_4820,0.028447981923818588
F60,feature_60,0.028444569557905197
F5272,feature_5272,0.028438832610845566
F6899,feature_6899,0.028434596955776215
F3045,feature_3045,0.02843298949301243
F5408,feature_5408,0.028431888669729233
F8218,feature_8218,0.02842942252755165
F6595,feature_6595,0.028426717966794968
F556,feature_556,0.0284246988594532
F8159,feature_8159,0.028424177318811417
F9657,feature_9657,0.028424030169844627
F4747,feature_4747,0.028415421023964882
F2312,feature_2312,0.028414631262421608
F1692,feature_1692,0.028414035215973854
F8820,feature_8820,0.028407052159309387
F4484,feature_4484,0.028396712616086006
F9458,feature_9458,0.02839541994035244
F9068,feature_9068,0.02839529886841774
F2574,feature_2574,0.028387855738401413
F1060,feature_1060,0.028384249657392502
F841,feature_841,0.028379449620842934
F5149,feature_5149,0.02837301231920719
F5320,feature_5320,0.02837102860212326
F9273,feature_9273,0.02837061509490013
F9206,feature_9206,0.02837051823735237
F9717,feature_9717,0.028363866731524467
F535,feature_535,0.028360741212964058
F7427,feature_7427,0.028358714655041695
F2166,feature_2166,0.02835567481815815
F5077,feature_5077,0.02835378609597683
F4859,feature_4859,0.028351206332445145
F7157,feature_7157,0.02834930457174778
F7851,feature_7851,0.028347212821245193
F2429,feature_2429,0.028339071199297905
F8591,feature_8591,0.028331248089671135
F7416,feature_7416,0.028327209874987602
F285,feature_285,0.028324194252490997
F271,feature_271,0.028321128338575363
F6415,feature_6415,0.02832108736038208
F5715,feature_5715,0.02832040749490261
F7402,feature_7402,0.028315996751189232
F3060,feature_3060,0.02831166796386242
F3273,feature_3273,0.02831057645380497
F4155,feature_4155,0.02830948308110237
F4624,feature_4624,0.02830723486840725
F7868,feature_7868,0.028304358944296837
F2658,feature_2658,0.028304174542427063
F7139,feature_7139,0.028301969170570374
F7466,feature_7466,0.028301902115345
F4052,feature_4052,0.028298361226916313
F324,feature_324,0.02829698659479618
F8862,feature_8862,0.028292134404182434
F8462,feature_8462,0.028289323672652245
F6629,feature_6629,0.028286883607506752
F4337,feature_4337,0.028284763917326927
F6568,feature_6568,0.028278645128011703
F722,feature_722,0.028275303542613983
F457,feature_457,0.028271928429603577
F3606,feature_3606,0.028267422690987587
F9463,feature_9463,0.028264908120036125
F4660,feature_4660,0.028264351189136505
F6047,feature_6047,0.028257125988602638
F2765,feature_2765,0.028256721794605255
F586,feature_586,0.028256559744477272
F7428,feature_7428,0.02825632132589817
F4599,feature_4599,0.02825261652469635
F7607,feature_7607,0.02824985794723034
F3349,feature_3349,0.028244245797395706
F568,feature_568,0.028240390121936798
F6751,feature_6751,0.028221581131219864
F4315,feature_4315,0.028220318257808685
F1113,feature_1113,0.028219841420650482
F9658,feature_9658,0.02821451611816883
F816,feature_816,0.028213486075401306
F6911,feature_6911,0.02820739336311817
F1453,feature_1453,0.028204835951328278
F1110,feature_1110,0.02819785103201866
F6464,feature_6464,0.028197797015309334
F5434,feature_5434,0.028189674019813538
F7185,feature_7185,0.028184067457914352
F973,feature_973,0.02818402461707592
F4191,feature_4191,0.028180887922644615
F8750,feature_8750,0.02818022482097149
F116,feature_116,0.02817932516336441
F1399,feature_1399,0.028176402673125267
F4611,feature_4611,0.02817533351480961
F3544,feature_3544,0.02817254513502121
F9034,feature_9034,0.028165778145194054
F4857,feature_4857,0.028159188106656075
F3022,feature_3022,0.02815755270421505
F1213,feature_1213,0.02815520390868187
F3392,feature_3392,0.028146814554929733
F7120,feature_7120,0.028135249391198158
F8177,feature_8177,0.028128821402788162
F3889,feature_3889,0.028121523559093475
F8602,feature_8602,0.02810453437268734
F8296,feature_8296,0.028100982308387756
F9498,feature_9498,0.028100769966840744
F1187,feature_1187,0.028095219284296036
F2398,feature_2398,0.028091300278902054
F8396,feature_8396,0.028089893981814384
F3061,feature_3061,0.02808387205004692
F5677,feature_5677,0.02808382734656334
F9827,feature_9827,0.028083277866244316
F6564,feature_6564,0.02807684615254402
F9248,feature_9248,0.02806970290839672
F6095,feature_6095,0.028063900768756866
F9603,feature_9603,0.028061414137482643
F1576,feature_1576,0.028058208525180817
F6409,feature_6409,0.028056683018803596
F2125,feature_2125,0.028052745386958122
F1135,feature_1135,0.028042631223797798
F965,feature_965,0.02804180048406124
F3327,feature_3327,0.02804064191877842
F4763,feature_4763,0.028040342032909393
F9186,feature_9186,0.028040120378136635
F5971,feature_5971,0.028036396950483322
F4856,feature_4856,0.028032831847667694
F5828,feature_5828,0.02803017757833004
F798,feature_798,0.028029927983880043
F6842,feature_6842,0.028028862550854683
F4503,feature_4503,0.02802535705268383
F7204,feature_7204,0.028024647384881973
F924,feature_924,0.02802378498017788
F5690,feature_5690,0.028023196384310722
F6545,feature_6545,0.028013985604047775
F8887,feature_8887,0.028010327368974686
F8149,feature_8149,0.02800743654370308
F2961,feature_2961,0.028006164357066154
F8444,feature_8444,0.02800481952726841
F11,feature_11,0.02799757942557335
F6390,feature_6390,0.027996554970741272
F7267,feature_7267,0.02799491584300995
F5465,feature_5465,0.02799287810921669
F1357,feature_1357,0.0279870443046093
F8202,feature_8202,0.02798687294125557
F8330,feature_8330,0.027985891327261925
F3449,feature_3449,0.027980931103229523
F6537,feature_6537,0.027980778366327286
F5114,feature_5114,0.027973104268312454
F3356,feature_3356,0.02796303480863571
F9763,feature_9763,0.027957886457443237
F8216,feature_8216,0.02795593813061714
F9702,feature_9702,0.027949316427111626
F1967,feature_1967,0.02794273942708969
F9685,feature_9685,0.027931421995162964
F7839,feature_7839,0.02792368084192276
F6570,feature_6570,0.027921117842197418
F9646,feature_9646,0.02791975811123848
F3599,feature_3599,0.027911212295293808
F9533,feature_9533,0.02790694683790207
F1285,feature_1285,0.027900848537683487
F5351,feature_5351,0.0278996042907238
F5532,feature_5532,0.027891555801033974
F4697,feature_4697,0.02788996323943138
F3466,feature_3466,0.02788933739066124
F7788,feature_7788,0.027880480512976646
F362,feature_362,0.027876153588294983
F9853,feature_9853,0.027873927727341652
F375,feature_375,0.027869971469044685
F8341,feature_8341,0.027866555377840996
F6323,feature_6323,0.02786366455256939
F6004,feature_6004,0.027855588123202324
F4767,feature_4767,0.02785399742424488
F9991,feature_9991,0.027851836755871773
F3880,feature_3880,0.027846401557326317
F4744,feature_4744,0.02784089371562004
F3326,feature_3326,0.02784011699259281
F5966,feature_5966,0.027837002649903297
F8408,feature_8408,0.027836455032229424
F2623,feature_2623,0.027836184948682785
F1637,feature_1637,0.027835413813591003
F2108,feature_2108,0.027828240767121315
F3948,feature_3948,0.02780803106725216
F6478,feature_6478,0.027805587276816368
F9952,feature_9952,0.02780512161552906
F290,feature_290,0.027804147452116013
F3712,feature_3712,0.027803299948573112
F2940,feature_2940,0.027790984138846397
F1628,feature_1628,0.02779081091284752
F3613,feature_3613,0.02778943069279194
F683,feature_683,0.02778770960867405
F5652,feature_5652,0.027786104008555412
F6909,feature_6909,0.027783049270510674
F978,feature_978,0.027777737006545067
F150,feature_150,0.027775369584560394
F9175,feature_9175,0.027774831280112267
F6058,feature_6058,0.027774425223469734
F7133,feature_7133,0.02776271104812622
F1029,feature_1029,0.027758939191699028
F6952,feature_6952,0.027754591777920723
F5994,feature_5994,0.027750827372074127
F8292,feature_8292,0.02774948813021183
F6541,feature_6541,0.027747346088290215
F22,feature_22,0.02774672396481037
F2474,feature_2474,0.027744866907596588
F5076,feature_5076,0.02773698978126049
F9768,feature_9768,0.027730343863368034
F3387,feature_3387,0.027724504470825195
F4288,feature_4288,0.027719423174858093
F7418,feature_7418,0.027719061821699142
F1425,feature_1425,0.027713486924767494
F7605,feature_7605,0.02771294303238392
F6394,feature_6394,0.027710750699043274
F6871,feature_6871,0.027709631249308586
F9752,feature_9752,0.02770676091313362
F2842,feature_2842,0.027705729007720947
F7484,feature_7484,0.027701886370778084
F2449,feature_2449,0.027695659548044205
F2959,feature_2959,0.027692744508385658
F258,feature_258,0.02768024057149887
F8024,feature_8024,0.02767840400338173
F310,feature_310,0.02767818607389927
F4518,feature_4518,0.02767079509794712
F9228,feature_9228,0.027668597176671028
F9006,feature_9006,0.027651088312268257
F702,feature_702,0.02764771692454815
F818,feature_818,0.027640169486403465
F5305,feature_5305,0.027636639773845673
F5737,feature_5737,0.027619266882538795
F204,feature_204,0.027611974626779556
F6195,feature_6195,0.02761089988052845
F9515,feature_9515,0.0276070237159729
F9534,feature_9534,0.02760457620024681
F4577,feature_4577,0.027595246210694313
F5552,feature_5552,0.02759217843413353
F6150,feature_6150,0.02759062871336937
F4423,feature_4423,0.027580007910728455
F1397,feature_1397,0.027571002021431923
F1819,feature_1819,0.02756704017519951
F902,feature_902,0.02756114862859249
F9572,feature_9572,0.0275588296353817
F9189,feature_9189,0.027557216584682465
F3616,feature_3616,0.02755012921988964
F5617,feature_5617,0.027544107288122177
F3512,feature_3512,0.027539847418665886
F5116,feature_5116,0.027528777718544006
F9037,feature_9037,0.027522116899490356
F5380,feature_5380,0.027510855346918106
F455,feature_455,0.027507707476615906
F6777,feature_6777,0.02750748209655285
F806,feature_806,0.02750709094107151
F3806,feature_3806,0.027505969628691673
F6494,feature_6494,0.027503740042448044
F848,feature_848,0.027497315779328346
F3296,feature_3296,0.027489900588989258
F8946,feature_8946,0.027487738057971
F866,feature_866,0.027484893798828125
F6673,feature_6673,0.02748410403728485
F3632,feature_3632,0.02748212032020092
F5307,feature_5307,0.02748059667646885
F20,feature_20,0.027468210086226463
F3236,feature_3236,0.02745865285396576
F1860,feature_1860,0.02744869515299797
F4419,feature_4419,0.02744053676724434
F2074,feature_2074,0.02743784338235855
F2970,feature_2970,0.027435190975666046
F3103,feature_3103,0.0274340957403183
F5057,feature_5057,0.027428196743130684
F7692,feature_7692,0.027416575700044632
F4106,feature_4106,0.027413981035351753
F6190,feature_6190,0.027412058785557747
F4005,feature_4005,0.02739931270480156
F6239,feature_6239,0.027397414669394493
F5902,feature_5902,0.02739679627120495
F5645,feature_5645,0.027395566925406456
F7379,feature_7379,0.027392404153943062
F7354,feature_7354,0.027392331510782242
F3538,feature_3538,0.02739211730659008
F9334,feature_9334,0.027386613190174103
F2660,feature_2660,0.02738592028617859
F8073,feature_8073,0.027384746819734573
F663,feature_663,0.02738119103014469
F160,feature_160,0.027381151914596558
F2133,feature_2133,0.027380233630537987
F7899,feature_7899,0.02737792581319809
F4286,feature_4286,0.027377264574170113
F1898,feature_1898,0.02737623080611229
F7663,feature_7663,0.02737566828727722
F6528,feature_6528,0.027374818921089172
F4138,feature_4138,0.027372268959879875
F4582,feature_4582,0.02736852876842022
F8782,feature_8782,0.027368195354938507
F5517,feature_5517,0.027364574372768402
F8681,feature_8681,0.027363324537873268
F5293,feature_5293,0.02736157923936844
F3780,feature_3780,0.0273603368550539
F2882,feature_2882,0.027360159903764725
F9748,feature_9748,0.027360156178474426
F1234,feature_1234,0.027350198477506638
F3290,feature_3290,0.027345627546310425
F5235,feature_5235,0.027343302965164185
F1556,feature_1556,0.02734261378645897
F2306,feature_2306,0.027342284098267555
F644,feature_644,0.027341270819306374
F3052,feature_3052,0.027332687750458717
F6882,feature_6882,0.027332482859492302
F6767,feature_6767,0.027312148362398148
F763,feature_763,0.027311543002724648
F9213,feature_9213,0.0273114163428545
F4628,feature_4628,0.027303067967295647
F7154,feature_7154,0.027301346883177757
F9325,feature_9325,0.027300652116537094
F1162,feature_1162,0.027298454195261
F6702,feature_6702,0.027294335886836052
F7693,feature_7693,0.02728956751525402
F2478,feature_2478,0.02728847600519657
F4710,feature_4710,0.027274128049612045
F7282,feature_7282,0.027270078659057617
F2115,feature_2115,0.027266057208180428
F3049,feature_3049,0.02725384011864662
F7064,feature_7064,0.02725348435342312
F4528,feature_4528,0.02725164033472538
F5724,feature_5724,0.02724814973771572
F5084,feature_5084,0.02724149450659752
F3348,feature_3348,0.027237385511398315
F929,feature_929,0.027235928922891617
F3163,feature_3163,0.027231490239501
F3565,feature_3565,0.027225693687796593
F1134,feature_1134,0.027223015204072
F8315,feature_8315,0.027213137596845627
F3372,feature_3372,0.027211224660277367
F1533,feature_1533,0.027203762903809547
F7181,feature_7181,0.027192628011107445
F2086,feature_2086,0.027167608961462975
F57,feature_57,0.0271659754216671
F7129,feature_7129,0.027164077386260033
F5420,feature_5420,0.02716250717639923
F2217,feature_2217,0.027157818898558617
F1073,feature_1073,0.027154745534062386
F3243,feature_3243,0.027154678478837013
F5744,feature_5744,0.0271526500582695
F5325,feature_5325,0.02714209444820881
F3077,feature_3077,0.027138901874423027
F4008,feature_4008,0.02711573615670204
F4636,feature_4636,0.02711137756705284
F4222,feature_4222,0.027111012488603592
F8654,feature_8654,0.027106884866952896
F4666,feature_4666,0.02710374817252159
F5733,feature_5733,0.027101490646600723
F3894,feature_3894,0.02709624543786049
F4680,feature_4680,0.027095790952444077
F6151,feature_6151,0.027081500738859177
F9149,feature_9149,0.027064794674515724
F7558,feature_7558,0.027056746184825897
F1295,feature_1295,0.027050260454416275
F5326,feature_5326,0.02704663947224617
F6167,feature_6167,0.02703588455915451
F8543,feature_8543,0.02703346498310566
F9223,feature_9223,0.027030261233448982
F8034,feature_8034,0.027029722929000854
F4792,feature_4792,0.027023760601878166
F9898,feature_9898,0.027018161490559578
F3701,feature_3701,0.027017679065465927
F1564,feature_1564,0.027015117928385735
F2908,feature_2908,0.027010425925254822
F8320,feature_8320,0.02700999565422535
F6666,feature_6666,0.027008192613720894
F1935,feature_1935,0.02699696272611618
F2430,feature_2430,0.02699427492916584
F282,feature_282,0.02699008397758007
F5995,feature_5995,0.026987720280885696
F4526,feature_4526,0.026986896991729736
F98,feature_98,0.026985635980963707
F5605,feature_5605,0.026983104646205902
F8183,feature_8183,0.02697790041565895
F8578,feature_8578,0.02697223424911499
F9543,feature_9543,0.02696157433092594
F6932,feature_6932,0.026960013434290886
F5949,feature_5949,0.02695399709045887
F6322,feature_6322,0.026953861117362976
F5045,feature_5045,0.02693787030875683
F9299,feature_9299,0.026937250047922134
F2104,feature_2104,0.026931485161185265
F7779,feature_7779,0.02693021483719349
F9372,feature_9372,0.026930149644613266
F4223,feature_4223,0.02692737989127636
F1751,feature_1751,0.026922140270471573
F8184,feature_8184,0.026921788230538368
F1290,feature_1290,0.026920784264802933
F4722,feature_4722,0.026918305084109306
F9465,feature_9465,0.026918305084109306
F9391,feature_9391,0.02690647542476654
F5436,feature_5436,0.02690393477678299
F5264,feature_5264,0.02688797377049923
F6912,feature_6912,0.0268871933221817
F3439,feature_3439,0.026882870122790337
F8466,feature_8466,0.026881974190473557
F3343,feature_3343,0.026877008378505707
F5137,feature_5137,0.026876602321863174
F6577,feature_6577,0.02687433548271656
F7742,feature_7742,0.026869868859648705
F4472,feature_4472,0.026861993595957756
F171,feature_171,0.026849722489714622
F3564,feature_3564,0.026847612112760544
F1433,feature_1433,0.026846718043088913
F4575,feature_4575,0.026846379041671753
F9558,feature_9558,0.026846356689929962
F6894,feature_6894,0.026840073987841606
F4432,feature_4432,0.02683972753584385
F5218,feature_5218,0.026837490499019623
F6917,feature_6917,0.026832468807697296
F5087,feature_5087,0.02682640589773655
F2208,feature_2208,0.026822669431567192
F7661,feature_7661,0.026815814897418022
F9813,feature_9813,0.02681548520922661
F9496,feature_9496,0.02681158483028412
F4911,feature_4911,0.026804009452462196
F2029,feature_2029,0.02679642289876938
F7752,feature_7752,0.026788661256432533
F3702,feature_3702,0.026765940710902214
F7224,feature_7224,0.026761313900351524
F8961,feature_8961,0.026737425476312637
F5308,feature_5308,0.026733171194791794
F1947,feature_1947,0.026723267510533333
F9296,feature_9296,0.0267164446413517
F6316,feature_6316,0.026713626459240913
F6067,feature_6067,0.026711128652095795
F3107,feature_3107,0.026708832010626793
F1046,feature_1046,0.026708582416176796
F3186,feature_3186,0.02670290693640709
F8588,feature_8588,0.026689250022172928
F5362,feature_5362,0.026687804609537125
F4178,feature_4178,0.026684897020459175
F4338,feature_4338,0.026684734970331192
F1219,feature_1219,0.02668326534330845
F9529,feature_9529,0.026681793853640556
F7570,feature_7570,0.026679810136556625
F6160,feature_6160,0.026669396087527275
F5792,feature_5792,0.026659680530428886
F4928,feature_4928,0.026656268164515495
F8022,feature_8022,0.026655741035938263
F4104,feature_4104,0.026651280000805855
F3408,feature_3408,0.026647794991731644
F4580,feature_4580,0.026646967977285385
F5090,feature_5090,0.026646513491868973
F950,feature_950,0.026646021753549576
F9116,feature_9116,0.026638705283403397
F1678,feature_1678,0.02663392573595047
F7735,feature_7735,0.02662692777812481
F5304,feature_5304,0.026624776422977448
F7179,feature_7179,0.026620376855134964
F7295,feature_7295,0.026619916781783104
F1752,feature_1752,0.02661609649658203
F771,feature_771,0.026613356545567513
F6627,feature_6627,0.02661300264298916
F2471,feature_2471,0.026612143963575363
F5887,feature_5887,0.026605769991874695
F2775,feature_2775,0.0266017597168684
F4025,feature_4025,0.026601016521453857
F4779,feature_4779,0.02659955807030201
F5588,feature_5588,0.02659458853304386
F8951,feature_8951,0.02659452334046364
F2756,feature_2756,0.026591220870614052
F3065,feature_3065,0.026578309014439583
F4245,feature_4245,0.02656841278076172
F426,feature_426,0.026567367836833
F5895,feature_5895,0.02656734734773636
F2875,feature_2875,0.026566535234451294
F205,feature_205,0.026560289785265923
F2821,feature_2821,0.026559652760624886
F9893,feature_9893,0.026558246463537216
F4756,feature_4756,0.026552798226475716
F899,feature_899,0.026550374925136566
F4455,feature_4455,0.02653832547366619
F3915,feature_3915,0.026535963639616966
F7678,feature_7678,0.026534684002399445
F7699,feature_7699,0.026529109105467796
F5763,feature_5763,0.02652844972908497
F2491,feature_2491,0.02652677148580551
F7592,feature_7592,0.026519598439335823
F2321,feature_2321,0.02651788853108883
F4019,feature_4019,0.026510532945394516
F1504,feature_1504,0.026497438549995422
F6012,feature_6012,0.026495836675167084
F6032,feature_6032,0.026491397991776466
F5246,feature_5246,0.026483945548534393
F1627,feature_1627,0.026483818888664246
F23,feature_23,0.02647658996284008
F3321,feature_3321,0.0264736395329237
F648,feature_648,0.026469716802239418
F2525,feature_2525,0.02646486833691597
F5768,feature_5768,0.026455553248524666
F4594,feature_4594,0.02644996903836727
F3197,feature_3197,0.026448938995599747
F4154,feature_4154,0.02644650638103485
F9251,feature_9251,0.026446206495165825
F6878,feature_6878,0.026445189490914345
F1312,feature_1312,0.0264444500207901
F7947,feature_7947,0.026438124477863312
F6235,feature_6235,0.026435136795043945
F4301,feature_4301,0.026426969096064568
F8385,feature_8385,0.02642570622265339
F6796,feature_6796,0.026421010494232178
F9688,feature_9688,0.026415321975946426
F9891,feature_9891,0.026414915919303894
F9860,feature_9860,0.026413079351186752
F1630,feature_1630,0.02640998736023903
F6242,feature_6242,0.026409903541207314
F9009,feature_9009,0.026404300704598427
F677,feature_677,0.026394538581371307
F3209,feature_3209,0.02639167755842209
F6727,feature_6727,0.026387687772512436
F9992,feature_9992,0.026386525481939316
F9941,feature_9941,0.026378151029348373
F7567,feature_7567,0.02637513168156147
F632,feature_632,0.026365162804722786
F606,feature_606,0.026365000754594803
F9044,feature_9044,0.0263572596013546
F6715,feature_6715,0.026354646310210228
F905,feature_905,0.02634609118103981
F3696,feature_3696,0.02634584717452526
F9951,feature_9951,0.026345157995820045
F9407,feature_9407,0.026344912126660347
F9838,feature_9838,0.026334332302212715
F2754,feature_2754,0.02633366547524929
F5271,feature_5271,0.026326188817620277
F4793,feature_4793,0.026323992758989334
F3056,feature_3056,0.026319634169340134
F4111,feature_4111,0.026316657662391663
F8546,feature_8546,0.026316436007618904
F5256,feature_5256,0.026311218738555908
F8072,feature_8072,0.02629218064248562
F5981,feature_5981,0.02629050798714161
F7579,feature_7579,0.026286857202649117
F187,feature_187,0.026286302134394646
F1687,feature_1687,0.026279449462890625
F4407,feature_4407,0.026278281584382057
F1767,feature_1767,0.026261888444423676
F7419,feature_7419,0.026254860684275627
F5516,feature_5516,0.026252590119838715
F8555,feature_8555,0.026251640170812607
F4486,feature_4486,0.02624625712633133
F8006,feature_8006,0.026244334876537323
F4180,feature_4180,0.026228878647089005
F7965,feature_7965,0.026225237175822258
F6128,feature_6128,0.0262245312333107
F8250,feature_8250,0.026222720742225647
F3167,feature_3167,0.02622169628739357
F3314,feature_3314,0.026220763102173805
F5297,feature_5297,0.026215767487883568
F668,feature_668,0.026215318590402603
F308,feature_308,0.02621319890022278
F3742,feature_3742,0.026209799572825432
F7361,feature_7361,0.026207726448774338
F5053,feature_5053,0.02620200254023075
F6749,feature_6749,0.0261967983096838
F795,feature_795,0.026196064427495003
F5977,feature_5977,0.026195693761110306
F4727,feature_4727,0.02619009278714657
F9956,feature_9956,0.026184121146798134
F1595,feature_1595,0.02617824263870716
F4149,feature_4149,0.026167092844843864
F112,feature_112,0.02616272121667862
F6954,feature_6954,0.026153428480029106
F72,feature_72,0.026149561628699303
F6159,feature_6159,0.026147587224841118
F7814,feature_7814,0.02614312432706356
F7342,feature_7342,0.026136059314012527
F1693,feature_1693,0.026124706491827965
F7440,feature_7440,0.026106825098395348
F4322,feature_4322,0.02610558271408081
F8897,feature_8897,0.026094775646924973
F1259,feature_1259,0.02609267085790634
F9989,feature_9989,0.02609032392501831
F5632,feature_5632,0.026090307161211967
F996,feature_996,0.02608981914818287
F9060,feature_9060,0.026089753955602646
F6366,feature_6366,0.02607615292072296
F5423,feature_5423,0.0260720606893301
F9070,feature_9070,0.026070168241858482
F2385,feature_2385,0.026065608486533165
F6587,feature_6587,0.026063036173582077
F3976,feature_3976,0.026043744757771492
F725,feature_725,0.026042912155389786
F9289,feature_9289,0.026029398664832115
F9570,feature_9570,0.026010792702436447
F6231,feature_6231,0.026004070416092873
F4990,feature_4990,0.025997532531619072
F5315,feature_5315,0.02599419839680195
F4127,feature_4127,0.02599305287003517
F9089,feature_9089,0.02599155157804489
F5664,feature_5664,0.025990966707468033
F9954,feature_9954,0.02598632499575615
F4361,feature_4361,0.025981131941080093
F9906,feature_9906,0.025972748175263405
F2529,feature_2529,0.02596614696085453
F9375,feature_9375,0.025962285697460175
F7018,feature_7018,0.025958821177482605
F58,feature_58,0.025952313095331192
F7984,feature_7984,0.025945834815502167
F5404,feature_5404,0.02593929134309292
F9644,feature_9644,0.025931475684046745
F9061,feature_9061,0.025928664952516556
F3026,feature_3026,0.0259222574532032
F9142,feature_9142,0.025904953479766846
F249,feature_249,0.025900743901729584
F8513,feature_8513,0.02589578367769718
F1287,feature_1287,0.025891000404953957
F9882,feature_9882,0.02587992139160633
F7946,feature_7946,0.025874387472867966
F4816,feature_4816,0.025869451463222504
F248,feature_248,0.025866061449050903
F7975,feature_7975,0.025857439264655113
F4205,feature_4205,0.025853116065263748
F2679,feature_2679,0.025851596146821976
F8978,feature_8978,0.025846973061561584
F4303,feature_4303,0.02584158629179001
F1542,feature_1542,0.025840608403086662
F7483,feature_7483,0.0258302241563797
F6153,feature_6153,0.025826318189501762
F1931,feature_1931,0.025824831798672676
F875,feature_875,0.02581583708524704
F8170,feature_8170,0.025814583525061607
F1985,feature_1985,0.025812214240431786
F6840,feature_6840,0.02581198140978813
F6421,feature_6421,0.025811346247792244
F8070,feature_8070,0.025805559009313583
F8567,feature_8567,0.02579883299767971
F4861,feature_4861,0.02579234540462494
F8191,feature_8191,0.025790458545088768
F2007,feature_2007,0.025789575651288033
F7798,feature_7798,0.025788241997361183
F9583,feature_9583,0.025782160460948944
F8043,feature_8043,0.02577902004122734
F8909,feature_8909,0.025760753080248833
F6997,feature_6997,0.02575743943452835
F7702,feature_7702,0.025757303461432457
F8261,feature_8261,0.02575620636343956
F3400,feature_3400,0.025743169710040092
F6858,feature_6858,0.025740481913089752
F6089,feature_6089,0.02573387138545513
F2106,feature_2106,0.025730442255735397
F4215,feature_4215,0.02573029138147831
F3425,feature_3425,0.02572815492749214
F5243,feature_5243,0.025726819410920143
F4832,feature_4832,0.025723684579133987
F5014,feature_5014,0.025720585137605667
F6864,feature_6864,0.02570829913020134
F5405,feature_5405,0.025696413591504097
F6546,feature_6546,0.02569487690925598
F9946,feature_9946,0.025688044726848602
F470,feature_470,0.02568061277270317
F9106,feature_9106,0.02567979134619236
F5157,feature_5157,0.02567235566675663
F8759,feature_8759,0.025669163092970848
F4343,feature_4343,0.02566702663898468
F6859,feature_6859,0.025664862245321274
F4087,feature_4087,0.02565566450357437
F8688,feature_8688,0.02565510757267475
F7789,feature_7789,0.025653596967458725
F1398,feature_1398,0.025650518015027046
F9123,feature_9123,0.025644520297646523
F8669,feature_8669,0.025641538202762604
F6656,feature_6656,0.025638427585363388
F3733,feature_3733,0.02561839669942856
F5102,feature_5102,0.02561534196138382
F6651,feature_6651,0.025614026933908463
F2501,feature_2501,0.025612952187657356
F6104,feature_6104,0.025611495599150658
F8031,feature_8031,0.025609716773033142
F1938,feature_1938,0.025606490671634674
F2335,feature_2335,0.02560596913099289
F7642,feature_7642,0.025605086237192154
F99,feature_99,0.02558894455432892
F215,feature_215,0.025576382875442505
F757,feature_757,0.025574613362550735
F5638,feature_5638,0.025569438934326172
F2850,feature_2850,0.025565415620803833
F8561,feature_8561,0.025554168969392776
F3338,feature_3338,0.02555255778133869
F2890,feature_2890,0.02554188296198845
F1152,feature_1152,0.025539951398968697
F9429,feature_9429,0.025538988411426544
F1976,feature_1976,0.025538455694913864
F9959,feature_9959,0.025537749752402306
F3269,feature_3269,0.025536637753248215
F6135,feature_6135,0.025525109842419624
F3897,feature_3897,0.025523830205202103
F4875,feature_4875,0.025520090013742447
F6861,feature_6861,0.025508439168334007
F570,feature_570,0.025504695251584053
F8112,feature_8112,0.025502914562821388
F3761,feature_3761,0.02549836039543152
F9495,feature_9495,0.02549416571855545
F6972,feature_6972,0.02548905275762081
F14,feature_14,0.025488927960395813
F1679,feature_1679,0.02548670768737793
F6792,feature_6792,0.025483516976237297
F2039,feature_2039,0.025476228445768356
F6964,feature_6964,0.025458017364144325
F4620,feature_4620,0.025453953072428703
F9564,feature_9564,0.02545355260372162
F3886,feature_3886,0.02545042708516121
F7627,feature_7627,0.025440990924835205
F4345,feature_4345,0.02543497458100319
F2403,feature_2403,0.02542191743850708
F3395,feature_3395,0.025420868769288063
F4718,feature_4718,0.02540477178990841
F9794,feature_9794,0.025401750579476357
F9592,feature_9592,0.02538752183318138
F5565,feature_5565,0.02538590133190155
F1272,feature_1272,0.025380544364452362
F5310,feature_5310,0.025375554338097572
F3574,feature_3574,0.025369374081492424
F9845,feature_9845,0.025362249463796616
F1155,feature_1155,0.02536197006702423
F805,feature_805,0.025360381230711937
F6384,feature_6384,0.025353284552693367
F7746,feature_7746,0.025352051481604576
F527,feature_527,0.025351859629154205
F5954,feature_5954,0.02534490078687668
F1529,feature_1529,0.02533303014934063
F6345,feature_6345,0.025328610092401505
F5940,feature_5940,0.025327272713184357
F928,feature_928,0.025318937376141548
F4314,feature_4314,0.025317266583442688
F3771,feature_3771,0.025315605103969574
F5060,feature_5060,0.025313930585980415
F8964,feature_8964,0.025307022035121918
F1459,feature_1459,0.025297971442341805
F2066,feature_2066,0.02529243752360344
F7097,feature_7097,0.025287695229053497
F9300,feature_9300,0.02527908980846405
F5596,feature_5596,0.025271309539675713
F1257,feature_1257,0.025269214063882828
F9682,feature_9682,0.025265956297516823
F8714,feature_8714,0.025258278474211693
F9381,feature_9381,0.025256145745515823
F9099,feature_9099,0.025255437940359116
F564,feature_564,0.02525407075881958
F2025,feature_2025,0.025254057720303535
F1053,feature_1053,0.02525268867611885
F4817,feature_4817,0.025251559913158417
F1035,feature_1035,0.02524118684232235
F3095,feature_3095,0.025209512561559677
F330,feature_330,0.02520724944770336
F5953,feature_5953,0.025201812386512756
F9480,feature_9480,0.02519974857568741
F6441,feature_6441,0.025195887312293053
F7458,feature_7458,0.025194412097334862
F9162,feature_9162,0.025191307067871094
F2206,feature_2206,0.025188634172081947
F7737,feature_7737,0.02518487349152565
F8143,feature_8143,0.025171909481287003
F2390,feature_2390,0.025171618908643723
F211,feature_211,0.0251696165651083
F4028,feature_4028,0.025168534368276596
F4863,feature_4863,0.025168510153889656
F2476,feature_2476,0.025158198550343513
F5776,feature_5776,0.025157811120152473
F300,feature_300,0.02514095976948738
F7305,feature_7305,0.02512909471988678
F6571,feature_6571,0.025126580148935318
F4778,feature_4778,0.025121307000517845
F9340,feature_9340,0.02511347085237503
F8272,feature_8272,0.025112919509410858
F8948,feature_8948,0.025108501315116882
F4989,feature_4989,0.025105943903326988
F5312,feature_5312,0.025098685175180435
F1829,feature_1829,0.02509606070816517
F7553,feature_7553,0.02508850395679474
F75,feature_75,0.02508445456624031
F5186,feature_5186,0.025075621902942657
F5318,feature_5318,0.025062724947929382
F4374,feature_4374,0.025061141699552536
F5244,feature_5244,0.025058651342988014
F2030,feature_2030,0.025050245225429535
F5740,feature_5740,0.025043655186891556
F2579,feature_2579,0.02502857893705368
F8308,feature_8308,0.025014029815793037
F8987,feature_8987,0.025010323151946068
F9995,feature_9995,0.025004025548696518
F8706,feature_8706,0.02499500848352909
F6076,feature_6076,0.024993963539600372
F4386,feature_4386,0.024983715265989304
F4728,feature_4728,0.02497180365025997
F514,feature_514,0.024970991536974907
F1842,feature_1842,0.0249533299356699
F7622,feature_7622,0.024952583014965057
F6341,feature_6341,0.024951377883553505
F3308,feature_3308,0.024937942624092102
F183,feature_183,0.024933068081736565
F55,feature_55,0.024932334199547768
F4281,feature_4281,0.024928569793701172
F8035,feature_8035,0.024927565827965736
F2827,feature_2827,0.02492682635784149
F9365,feature_9365,0.024924933910369873
F7938,feature_7938,0.02491886541247368
F5321,feature_5321,0.024915451183915138
F8976,feature_8976,0.02491048537194729
F9491,feature_9491,0.024908501654863358
F7055,feature_7055,0.024903468787670135
F2407,feature_2407,0.024896621704101562
F6605,feature_6605,0.02489527128636837
F3160,feature_3160,0.02489241026341915
F5231,feature_5231,0.024890955537557602
F4133,feature_4133,0.02488856203854084
F8094,feature_8094,0.024881605058908463
F8195,feature_8195,0.02487967349588871
F7221,feature_7221,0.024862710386514664
F7228,feature_7228,0.024858463555574417
F8617,feature_8617,0.02483692578971386
F2468,feature_2468,0.024825025349855423
F7464,feature_7464,0.0248145442456007
F3345,feature_3345,0.02481338195502758
F9615,feature_9615,0.02481171488761902
F6127,feature_6127,0.02480246312916279
F5199,feature_5199,0.024792738258838654
F8716,feature_8716,0.024791676551103592
F8667,feature_8667,0.024786902591586113
F6762,feature_6762,0.02478330209851265
F2951,feature_2951,0.024780049920082092
F566,feature_566,0.024771060794591904
F2757,feature_2757,0.024760520085692406
F1395,feature_1395,0.024760255590081215
F3550,feature_3550,0.024755030870437622
F3109,feature_3109,0.02475246600806713
F4016,feature_4016,0.024746185168623924
F2601,feature_2601,0.024743739515542984
F6165,feature_6165,0.024740993976593018
F3836,feature_3836,0.02471252717077732
F4501,feature_4501,0.024697713553905487
F3707,feature_3707,0.02468673326075077
F5294,feature_5294,0.024683400988578796
F6880,feature_6880,0.024678973481059074
F9746,feature_9746,0.02466762252151966
F8800,feature_8800,0.024666212499141693
F8099,feature_8099,0.02466469816863537
F2252,feature_2252,0.024662142619490623
F5924,feature_5924,0.024657264351844788
F3119,feature_3119,0.02465691603720188
F2801,feature_2801,0.02465479075908661
F5764,feature_5764,0.024649035185575485
F7488,feature_7488,0.024645879864692688
F7923,feature_7923,0.02463860809803009
F4935,feature_4935,0.02462252415716648
F7882,feature_7882,0.024604378268122673
F9452,feature_9452,0.02459869347512722
F8490,feature_8490,0.024597350507974625
F2592,feature_2592,0.024591105058789253
F4037,feature_4037,0.024587467312812805
F7309,feature_7309,0.024585900828242302
F8939,feature_8939,0.024582069367170334
F6830,feature_6830,0.02457825094461441
F1216,feature_1216,0.024574648588895798
F7409,feature_7409,0.0245597492903471
F9029,feature_9029,0.024549324065446854
F7952,feature_7952,0.024541838094592094
F8625,feature_8625,0.02453712746500969
F8142,feature_8142,0.024531129747629166
F4416,feature_4416,0.024529868736863136
F8181,feature_8181,0.024525828659534454
F8657,feature_8657,0.024522578343749046
F4835,feature_4835,0.02452036552131176
F110,feature_110,0.02451009675860405
F1889,feature_1889,0.024508746340870857
F289,feature_289,0.024499565362930298
F9580,feature_9580,0.024495551362633705
F4224,feature_4224,0.02448168769478798
F3641,feature_3641,0.02447979897260666
F6999,feature_6999,0.02446797490119934
F407,feature_407,0.024452535435557365
F9668,feature_9668,0.024446777999401093
F6206,feature_6206,0.024435849860310555
F8053,feature_8053,0.024431010708212852
F6572,feature_6572,0.024430178105831146
F9526,feature_9526,0.0244281142950058
F9948,feature_9948,0.024423977360129356
F6268,feature_6268,0.02441689372062683
F2260,feature_2260,0.02440275065600872
F5719,feature_5719,0.0243973471224308
F1798,feature_1798,0.024394068866968155
F2677,feature_2677,0.024386528879404068
F1642,feature_1642,0.02437158301472664
F9387,feature_9387,0.024363134056329727
F2119,feature_2119,0.024351254105567932
F4047,feature_4047,0.024340374395251274
F2059,feature_2059,0.02433820068836212
F2122,feature_2122,0.024335717782378197
F7539,feature_7539,0.02433459274470806
F8399,feature_8399,0.024333003908395767
F8063,feature_8063,0.024327842518687248
F8239,feature_8239,0.02432330511510372
F7653,feature_7653,0.02432175911962986
F165,feature_165,0.0243162102997303
F5370,feature_5370,0.024314645677804947
F3939,feature_3939,0.024295344948768616
F6817,feature_6817,0.024289632216095924
F2873,feature_2873,0.02428503893315792
F5198,feature_5198,0.02428201399743557
F6123,feature_6123,0.024271519854664803
F475,feature_475,0.02425810508430004
F8037,feature_8037,0.02424725890159607
F7028,feature_7028,0.024247152730822563
F5390,feature_5390,0.02424461580812931
F6991,feature_6991,0.02424255758523941
F9573,feature_9573,0.024230100214481354
F6122,feature_6122,0.024229617789387703
F1795,feature_1795,0.024227309972047806
F7161,feature_7161,0.024223975837230682
F9023,feature_9023,0.024213256314396858
F5606,feature_5606,0.024211416020989418
F3810,feature_3810,0.02419723942875862
F4389,feature_4389,0.024173641577363014
F9028,feature_9028,0.024164358153939247
F8910,feature_8910,0.02414857968688011
F6154,feature_6154,0.02413894608616829
F2231,feature_2231,0.024133527651429176
F1282,feature_1282,0.024131624028086662
F8376,feature_8376,0.024123776704072952
F9745,feature_9745,0.024113116785883904
F1517,feature_1517,0.024113012477755547
F3902,feature_3902,0.024087410420179367
F4667,feature_4667,0.024071097373962402
F9835,feature_9835,0.024064654484391212
F476,feature_476,0.024063393473625183
F4540,feature_4540,0.024061501026153564
F583,feature_583,0.02405492402613163
F7388,feature_7388,0.024039899930357933
F7832,feature_7832,0.02403745800256729
F7041,feature_7041,0.024029435589909554
F1317,feature_1317,0.02402423694729805
F3553,feature_3553,0.02402373030781746
F1945,feature_1945,0.02398231253027916
F3760,feature_3760,0.02397789992392063
F9331,feature_9331,0.023966120555996895
F6730,feature_6730,0.02396467700600624
F8470,feature_8470,0.023954428732395172
F5975,feature_5975,0.02393733151257038
F9087,feature_9087,0.023924367502331734
F2052,feature_2052,0.02389761060476303
F4074,feature_4074,0.023895099759101868
F1420,feature_1420,0.023886287584900856
F9977,feature_9977,0.02387765236198902
F9368,feature_9368,0.02387005090713501
F676,feature_676,0.02386230044066906
F747,feature_747,0.02384469285607338
F9727,feature_9727,0.023843297734856606
F6351,feature_6351,0.02383965626358986
F6440,feature_6440,0.023833628743886948
F4643,feature_4643,0.023821499198675156
F6998,feature_6998,0.023813819512724876
F988,feature_988,0.0237869955599308
F3881,feature_3881,0.02378661371767521
F5876,feature_5876,0.023779157549142838
F9605,feature_9605,0.0237658079713583
F4777,feature_4777,0.023765217512845993
F8124,feature_8124,0.0237630195915699
F7872,feature_7872,0.02374649979174137
F12,feature_12,0.023740295320749283
F9926,feature_9926,0.023740239441394806
F5453,feature_5453,0.02372494898736477
F9798,feature_9798,0.023721151053905487
F233,feature_233,0.02369738556444645
F8734,feature_8734,0.023696813732385635
F3477,feature_3477,0.023694848641753197
F776,feature_776,0.023693012073636055
F5332,feature_5332,0.023691151291131973
F6773,feature_6773,0.023684870451688766
F6069,feature_6069,0.023684337735176086
F505,feature_505,0.023683618754148483
F6718,feature_6718,0.023683257400989532
F4231,feature_4231,0.023681828752160072
F2328,feature_2328,0.023673145100474358
F2855,feature_2855,0.023665402084589005
F945,feature_945,0.023663077503442764
F5569,feature_5569,0.02365884557366371
F415,feature_415,0.023641735315322876
F9681,feature_9681,0.023635484278202057
F450,feature_450,0.023630011826753616
F4163,feature_4163,0.02362683042883873
F8792,feature_8792,0.023623386397957802
F7551,feature_7551,0.023616408929228783
F3090,feature_3090,0.02360626682639122
F7614,feature_7614,0.02360324002802372
F8253,feature_8253,0.023601938039064407
F9008,feature_9008,0.023601656779646873
F3058,feature_3058,0.023592188954353333
F1171,feature_1171,0.02357533574104309
F4532,feature_4532,0.02356925792992115
F8219,feature_8219,0.02355341985821724
F693,feature_693,0.023549290373921394
F2400,feature_2400,0.02354595623910427
F9525,feature_9525,0.02354293316602707
F4168,feature_4168,0.023541973903775215
F1375,feature_1375,0.023531019687652588
F8574,feature_8574,0.0234974417835474
F4325,feature_4325,0.023467721417546272
F245,feature_245,0.023464037105441093
F6387,feature_6387,0.023462975397706032
F2887,feature_2887,0.02344813011586666
F9976,feature_9976,0.023446494713425636
F4333,feature_4333,0.023443708196282387
F6474,feature_6474,0.023442905396223068
F6314,feature_6314,0.02342851646244526
F180,feature_180,0.023421943187713623
F1614,feature_1614,0.023418059572577477
F1986,feature_1986,0.023382127285003662
F1734,feature_1734,0.02338181808590889
F2741,feature_2741,0.023380037397146225
F7835,feature_7835,0.023378025740385056
F1562,feature_1562,0.023374728858470917
F6737,feature_6737,0.023371152579784393
F789,feature_789,0.023350732401013374
F3729,feature_3729,0.023348642513155937
F2947,feature_2947,0.02334408462047577
F8379,feature_8379,0.023343030363321304
F9019,feature_9019,0.023342851549386978
F2434,feature_2434,0.023341000080108643
F7987,feature_7987,0.023335052654147148
F5840,feature_5840,0.023329248651862144
F6007,feature_6007,0.02332720346748829
F5161,feature_5161,0.023323241621255875
F7407,feature_7407,0.023322604596614838
F4282,feature_4282,0.023298120126128197
F7410,feature_7410,0.023297511041164398
F3762,feature_3762,0.023287689313292503
F2042,feature_2042,0.023286249488592148
F7670,feature_7670,0.023273730650544167
F5477,feature_5477,0.023267630487680435
F3187,feature_3187,0.02324811741709709
F8677,feature_8677,0.023236004635691643
F5658,feature_5658,0.02323117107152939
F1418,feature_1418,0.023227347061038017
F6055,feature_6055,0.02322574518620968
F8965,feature_8965,0.02322482131421566
F5662,feature_5662,0.02318548411130905
F4263,feature_4263,0.0231853686273098
F4560,feature_4560,0.02318491041660309
F3931,feature_3931,0.02317986823618412
F3098,feature_3098,0.023178039118647575
F5533,feature_5533,0.023138662800192833
F2332,feature_2332,0.023126402869820595
F9938,feature_9938,0.02312440797686577
F817,feature_817,0.023121275007724762
F2103,feature_2103,0.023120645433664322
F5955,feature_5955,0.02311757579445839
F1393,feature_1393,0.02311336062848568
F1714,feature_1714,0.023112157359719276
F1796,feature_1796,0.02310943230986595
F162,feature_162,0.023097509518265724
F5870,feature_5870,0.023095615208148956
F1042,feature_1042,0.023092443123459816
F3625,feature_3625,0.023090211674571037
F5932,feature_5932,0.023076307028532028
F3136,feature_3136,0.023075737059116364
F4781,feature_4781,0.023071082308888435
F3769,feature_3769,0.02306470088660717
F1101,feature_1101,0.02305780164897442
F923,feature_923,0.02305549941956997
F5459,feature_5459,0.02305351011455059
F8596,feature_8596,0.023046914488077164
F7310,feature_7310,0.02304501086473465
F7273,feature_7273,0.023043164983391762
F7424,feature_7424,0.023025667294859886
F7436,feature_7436,0.023007536306977272
F1202,feature_1202,0.0230034701526165
F3474,feature_3474,0.023002663627266884
F8463,feature_8463,0.02298351563513279
F4151,feature_4151,0.022983109578490257
F3982,feature_3982,0.022978421300649643
F7897,feature_7897,0.022938234731554985
F3376,feature_3376,0.022935591638088226
F8751,feature_8751,0.022932128980755806
F3204,feature_3204,0.02292882464826107
F5437,feature_5437,0.022920317947864532
F7231,feature_7231,0.02289499342441559
F2096,feature_2096,0.022893646731972694
F8370,feature_8370,0.02288280986249447
F3922,feature_3922,0.02288077026605606
F8665,feature_8665,0.022869139909744263
F8486,feature_8486,0.022863468155264854
F4570,feature_4570,0.02284565381705761
F1479,feature_1479,0.02283969707787037
F3711,feature_3711,0.022825485095381737
F9797,feature_9797,0.02282257378101349
F4415,feature_4415,0.022810140624642372
F4088,feature_4088,0.022805212065577507
F5551,feature_5551,0.022803431376814842
F2161,feature_2161,0.02279595471918583
F2395,feature_2395,0.02279406040906906
F6739,feature_6739,0.022790435701608658
F3244,feature_3244,0.022785602137446404
F4587,feature_4587,0.022771179676055908
F881,feature_881,0.022771058604121208
F3277,feature_3277,0.022753773257136345
F2861,feature_2861,0.02275337278842926
F9352,feature_9352,0.02275046892464161
F8927,feature_8927,0.02273973822593689
F1709,feature_1709,0.02273501642048359
F9204,feature_9204,0.02273269183933735
F37,feature_37,0.022727401927113533
F495,feature_495,0.02270672470331192
F1281,feature_1281,0.022699855268001556
F8474,feature_8474,0.022687716409564018
F4404,feature_4404,0.022683577612042427
F3149,feature_3149,0.02268090657889843
F7704,feature_7704,0.022679848596453667
F2012,feature_2012,0.022679680958390236
F8686,feature_8686,0.02267138659954071
F1766,feature_1766,0.022668026387691498
F5570,feature_5570,0.0226542167365551
F7751,feature_7751,0.02265256457030773
F4822,feature_4822,0.022645456716418266
F5620,feature_5620,0.022644130513072014
F6426,feature_6426,0.02264263667166233
F70,feature_70,0.022626737132668495
F6373,feature_6373,0.022620033472776413
F4146,feature_4146,0.022615976631641388
F1677,feature_1677,0.022615665569901466
F5789,feature_5789,0.022602112963795662
F8440,feature_8440,0.02260136604309082
F2222,feature_2222,0.02259097248315811
F2555,feature_2555,0.022576501592993736
F8525,feature_8525,0.022540949285030365
F106,feature_106,0.02252686768770218
F5399,feature_5399,0.02252252958714962
F3110,feature_3110,0.02250569313764572
F8757,feature_8757,0.022503644227981567
F8527,feature_8527,0.022501397877931595
F9319,feature_9319,0.022496815770864487
F867,feature_867,0.02249423786997795
F2141,feature_2141,0.022478239610791206
F5891,feature_5891,0.022476250305771828
F4675,feature_4675,0.02247011289000511
F59,feature_59,0.02246899902820587
F4148,feature_4148,0.022446811199188232
F9640,feature_9640,0.02244345098733902
F5785,feature_5785,0.0224402267485857
F8380,feature_8380,0.02241445705294609
F9547,feature_9547,0.02241090126335621
F7738,feature_7738,0.022407690063118935
F9358,feature_9358,0.022403381764888763
F341,feature_341,0.022399436682462692
F9217,feature_9217,0.022393861785531044
F579,feature_579,0.022392069920897484
F6723,feature_6723,0.022378789260983467
F3410,feature_3410,0.02237572707235813
F3854,feature_3854,0.02237018756568432
F4877,feature_4877,0.022357935085892677
F7870,feature_7870,0.022356487810611725
F5507,feature_5507,0.022313077002763748
F8311,feature_8311,0.022310974076390266
F6839,feature_6839,0.02230525016784668
F4581,feature_4581,0.02229938842356205
F1979,feature_1979,0.02229057252407074
F5225,feature_5225,0.02226574718952179
F3494,feature_3494,0.022264845669269562
F5368,feature_5368,0.022252216935157776
F1157,feature_1157,0.02222101204097271
F8509,feature_8509,0.022216593846678734
F7638,feature_7638,0.022216491401195526
F8560,feature_8560,0.02221273072063923
F8526,feature_8526,0.022183528169989586
F8067,feature_8067,0.02217707596719265
F3323,feature_3323,0.022152798250317574
F8452,feature_8452,0.022144468501210213
F7268,feature_7268,0.022142738103866577
F9342,feature_9342,0.022137338295578957
F2779,feature_2779,0.02213430404663086
F5859,feature_5859,0.022129416465759277
F78,feature_78,0.022128241136670113
F7762,feature_7762,0.02212231047451496
F2313,feature_2313,0.02211809530854225
F6634,feature_6634,0.022103887051343918
F2864,feature_2864,0.0221013855189085
F1444,feature_1444,0.022083567455410957
F7470,feature_7470,0.022082844749093056
F2569,feature_2569,0.022076968103647232
F8600,feature_8600,0.022076692432165146
F1332,feature_1332,0.022074975073337555
F2225,feature_2225,0.022074855864048004
F7269,feature_7269,0.022071771323680878
F5461,feature_5461,0.022068539634346962
F3869,feature_3869,0.02206733450293541
F7399,feature_7399,0.022064803168177605
F4170,feature_4170,0.022058269008994102
F3651,feature_3651,0.02205274999141693
F1044,feature_1044,0.022045806050300598
F1274,feature_1274,0.02204539254307747
F8280,feature_8280,0.02204074151813984
F2080,feature_2080,0.022035662084817886
F8180,feature_8180,0.02201673574745655
F9398,feature_9398,0.02201584354043007
F1528,feature_1528,0.02201281487941742
F8416,feature_8416,0.02200849913060665
F3096,feature_3096,0.021988416090607643
F5242,feature_5242,0.021985817700624466
F3778,feature_3778,0.02197822369635105
F9264,feature_9264,0.021977601572871208
F3577,feature_3577,0.02197176218032837
F8559,feature_8559,0.021962597966194153
F8009,feature_8009,0.021950408816337585
F652,feature_652,0.021943291649222374
F490,feature_490,0.021940803155303
F2287,feature_2287,0.021923398599028587
F1224,feature_1224,0.02191990055143833
F9095,feature_9095,0.02191932499408722
F5266,feature_5266,0.021915117278695107
F6956,feature_6956,0.021907569840550423
F4285,feature_4285,0.02190086804330349
F1217,feature_1217,0.02189650572836399
F6667,feature_6667,0.02189011126756668
F1700,feature_1700,0.02188592404127121
F587,feature_587,0.02186940237879753
F4363,feature_4363,0.021867889910936356
F1040,feature_1040,0.021867606788873672
F2891,feature_2891,0.021861497312784195
F1116,feature_1116,0.02186042070388794
F7318,feature_7318,0.021851157769560814
F605,feature_605,0.021835343912243843
F6789,feature_6789,0.021830568090081215
F4615,feature_4615,0.02181899920105934
F3081,feature_3081,0.021815026178956032
F6056,feature_6056,0.02180795557796955
F6306,feature_6306,0.02179921418428421
F4950,feature_4950,0.021790893748402596
F8251,feature_8251,0.021770436316728592
F5289,feature_5289,0.021762359887361526
F1636,feature_1636,0.021746857091784477
F6194,feature_6194,0.021719448268413544
F7258,feature_7258,0.021719273179769516
F2137,feature_2137,0.021707961335778236
F8384,feature_8384,0.021682625636458397
F3067,feature_3067,0.021681055426597595
F5692,feature_5692,0.021657701581716537
F5129,feature_5129,0.021655598655343056
F7449,feature_7449,0.021653931587934494
F2327,feature_2327,0.02164924331009388
F6574,feature_6574,0.02164210006594658
F7431,feature_7431,0.021641233935952187
F421,feature_421,0.021612398326396942
F1507,feature_1507,0.021601233631372452
F8865,feature_8865,0.021601015701889992
F7437,feature_7437,0.021598804742097855
F7679,feature_7679,0.02159801498055458
F149,feature_149,0.021586885675787926
F846,feature_846,0.02156899683177471
F5063,feature_5063,0.02156893163919449
F6331,feature_6331,0.02156665548682213
F3232,feature_3232,0.021563440561294556
F2860,feature_2860,0.021563362330198288
F1107,feature_1107,0.021562371402978897
F2719,feature_2719,0.021551072597503662
F378,feature_378,0.021550629287958145
F1536,feature_1536,0.0215484406799078
F5093,feature_5093,0.02152780070900917
F8420,feature_8420,0.02152520790696144
F1710,feature_1710,0.021514616906642914
F991,feature_991,0.021509040147066116
F3427,feature_3427,0.02150898426771164
F7421,feature_7421,0.021508395671844482
F3280,feature_3280,0.02148953452706337
F4772,feature_4772,0.021487634629011154
F9840,feature_9840,0.021486088633537292
F3064,feature_3064,0.02148548513650894
F1760,feature_1760,0.02147728204727173
F3108,feature_3108,0.021457863971590996
F156,feature_156,0.021442493423819542
F9731,feature_9731,0.02144220657646656
F3233,feature_3233,0.021439652889966965
F2943,feature_2943,0.021436400711536407
F8013,feature_8013,0.0214362982660532
F8644,feature_8644,0.02142457477748394
F9136,feature_9136,0.02142055332660675
F9254,feature_9254,0.02140101045370102
F3309,feature_3309,0.021393170580267906
F4837,feature_4837,0.02139078453183174
F8754,feature_8754,0.021379763260483742
F5311,feature_5311,0.021369261667132378
F9812,feature_9812,0.0213655773550272
F4867,feature_4867,0.021356705576181412
F6222,feature_6222,0.021350817754864693
F612,feature_612,0.021348388865590096
F935,feature_935,0.021342992782592773
F7912,feature_7912,0.021341510117053986
F2368,feature_2368,0.021340303122997284
F288,feature_288,0.021290136501193047
F130,feature_130,0.021257584914565086
F73,feature_73,0.021220598369836807
F2023,feature_2023,0.021211128681898117
F3315,feature_3315,0.021197911351919174
F2560,feature_2560,0.021194936707615852
F8949,feature_8949,0.021193521097302437
F7244,feature_7244,0.021176129579544067
F8435,feature_8435,0.021154329180717468
F5394,feature_5394,0.02115194872021675
F2319,feature_2319,0.021138813346624374
F6540,feature_6540,0.02113276720046997
F3499,feature_3499,0.021121380850672722
F2614,feature_2614,0.021120451390743256
F452,feature_452,0.021116795018315315
F7941,feature_7941,0.021100923418998718
F3024,feature_3024,0.02109633758664131
F726,feature_726,0.021081678569316864
F2230,feature_2230,0.021069927141070366
F1490,feature_1490,0.02106953039765358
F315,feature_315,0.02106829546391964
F6168,feature_6168,0.021059682592749596
F8863,feature_8863,0.021031765267252922
F4196,feature_4196,0.02103043906390667
F9385,feature_9385,0.021029874682426453
F6292,feature_6292,0.021019848063588142
F6139,feature_6139,0.02101549133658409
F7805,feature_7805,0.021014325320720673
F1356,feature_1356,0.020993152633309364
F1422,feature_1422,0.02096771076321602
F477,feature_477,0.02095847576856613
F2901,feature_2901,0.02095843479037285
F3870,feature_3870,0.020931245759129524
F8092,feature_8092,0.020906703546643257
F5693,feature_5693,0.020897401496767998
F3490,feature_3490,0.020894303917884827
F1415,feature_1415,0.02089051343500614
F5042,feature_5042,0.020872414112091064
F967,feature_967,0.0208717193454504
F5942,feature_5942,0.020830942317843437
F8421,feature_8421,0.020825311541557312
F2746,feature_2746,0.020815718919038773
F1771,feature_1771,0.02080373466014862
F5846,feature_5846,0.020800812169909477
F7926,feature_7926,0.020798569545149803
F971,feature_971,0.020796434953808784
F927,feature_927,0.02078968845307827
F1745,feature_1745,0.020785333588719368
F1351,feature_1351,0.02078223042190075
F2286,feature_2286,0.020776260644197464
F6365,feature_6365,0.0207661222666502
F4454,feature_4454,0.020760420709848404
F1039,feature_1039,0.020733561366796494
F7713,feature_7713,0.02072182483971119
F8854,feature_8854,0.020718537271022797
F9226,feature_9226,0.020713193342089653
F2226,feature_2226,0.020697789266705513
F9715,feature_9715,0.020696960389614105
F2782,feature_2782,0.020694715902209282
F5771,feature_5771,0.020673608407378197
F3057,feature_3057,0.020671973004937172
F52,feature_52,0.020662741735577583
F7506,feature_7506,0.02066182717680931
F9643,feature_9643,0.02064066007733345
F8122,feature_8122,0.020630747079849243
F4969,feature_4969,0.020619558170437813
F5081,feature_5081,0.0206186193972826
F1427,feature_1427,0.02059149369597435
F2391,feature_2391,0.020580407232046127
F3268,feature_3268,0.02057313360273838
F8135,feature_8135,0.02056783437728882
F4456,feature_4456,0.02056109718978405
F386,feature_386,0.020549409091472626
F536,feature_536,0.020524343475699425
F4481,feature_4481,0.020518403500318527
