feature,weight_list
F1,"[0.4047662317752838, 0.15985867381095886, 0.5615100860595703, 0.001060256501659751, 0.08138371258974075, 0.15986678004264832, 0.04532216116786003, 0.30194491147994995, 0.0505385547876358, 0.10985348373651505, 0.07359395176172256, 0.6877186298370361, 0.013864274136722088, 0.508857250213623, 0.05152209848165512, 0.0659351646900177, 0.13782677054405212, 0.0810687392950058, 0.1305759996175766, 0.054683513939380646, 0.07333260029554367, 1.1168781518936157, 0.07352131605148315, 0.033363740891218185, 0.022625070065259933, 0.08828946202993393, 0.0849129930138588, 0.2659545838832855, 0.36582615971565247, 0.3346801698207855, 0.25161615014076233, 0.13216662406921387, 0.04059258848428726, 0.3671686053276062, 0.2430015653371811, 0.3133644759654999, 0.03174561262130737, 0.036241404712200165, 0.048047296702861786, 0.22231510281562805, 0.24489930272102356, 0.15529751777648926, 0.09834419935941696, 0.1125362440943718, 0.0701337531208992, 0.3956454396247864, 0.01835993118584156, 0.0772581472992897, 0.2018955796957016, 0.00964637566357851, 0.02639787085354328, 0.1743350774049759, 0.0042619844898581505, 0.1181316152215004, 0.2282547503709793, 0.4344405233860016, 0.20726697146892548, 0.14094878733158112, 0.09053141623735428, 0.32790160179138184, 0.17781610786914825, 0.021484870463609695, 1.0992900133132935, 0.039458949118852615, 0.26274070143699646, 0.18462324142456055, 0.07938428968191147, 0.1029936820268631, 0.3801000714302063, 0.09477461874485016, 0.08307628333568573, 0.17083944380283356, 0.7446335554122925, 0.6921151876449585, 0.023973701521754265, 0.1718236654996872, 0.7420555353164673, 0.0007150592282414436, 0.4800547957420349, 0.4180932641029358, 0.42487281560897827, 0.19847460091114044, 0.11631232500076294, 0.28168371319770813, 0.11468087881803513, 0.14883974194526672, 0.050300680100917816, 0.11096777021884918, 0.18926627933979034, 0.07877694815397263, 0.050039950758218765, 0.08695996552705765, 0.4868805408477783, 0.1878879815340042, 0.022633567452430725, 0.24870821833610535, 0.10225492715835571, 0.14671117067337036, 0.24087561666965485, 0.1270538717508316, 0.023753609508275986, 0.005418590735644102, 0.02300407737493515, 0.14774569869041443, 0.11500754952430725, 0.19526854157447815, 0.042920585721731186, 0.002437189221382141, 0.07512865960597992, 0.6084784269332886, 0.43277984857559204, 0.07356962561607361, 0.6283814907073975, 0.38742977380752563, 0.23022083938121796, 0.10736289620399475, 0.36779600381851196, 0.3228907287120819, 0.03044135868549347, 0.26325035095214844, 0.02383379265666008, 0.3289685547351837, 0.1828765571117401, 0.1275089979171753, 0.43337512016296387, 0.2641381323337555, 0.036083705723285675, 0.10743995755910873]"
F2,"[0.054108042269945145, 0.02584380842745304, 0.08671830594539642, 0.1458168625831604, 0.36171019077301025, 0.15553142130374908, 0.3499189615249634, 0.11786957830190659, 0.03504937142133713, 0.20345546305179596, 0.06686125695705414, 0.21183991432189941, 0.4928647577762604, 0.015520535409450531, 0.04491239786148071, 0.4575713574886322, 0.40431150794029236, 0.6982445120811462, 0.2558322846889496, 0.08306244760751724, 0.12890245020389557, 0.07141958177089691, 0.2124144732952118, 0.014844154007732868, 0.14714306592941284, 0.10193517804145813, 0.08245071023702621, 0.09231451153755188, 0.034560106694698334, 0.18306483328342438, 0.05184591934084892, 0.6281546950340271, 0.1989031434059143, 0.282766729593277, 0.002397503238171339, 0.10320726782083511, 0.07970379292964935, 0.2280227392911911, 0.17558859288692474, 0.08205391466617584, 0.31540489196777344, 0.034955549985170364, 0.27651482820510864, 0.25593462586402893, 0.10333441942930222, 0.08165788650512695, 0.15244761109352112, 0.16007253527641296, 0.06968670338392258, 0.2571261525154114, 0.02121025137603283, 0.30217134952545166, 0.08281155675649643, 0.051453735679388046, 0.1119827851653099, 0.35971730947494507, 0.1206013485789299, 0.06573684513568878, 0.06884639710187912, 0.015153375454246998, 0.013978435657918453, 0.3108057975769043, 0.19933022558689117, 0.16816315054893494, 0.07814662903547287, 0.20794513821601868, 0.13794812560081482, 0.38299039006233215, 0.07043913751840591, 0.17345039546489716, 0.16458329558372498, 0.11585117131471634, 0.10311035811901093, 0.16352085769176483, 0.18723517656326294, 0.2849317193031311, 0.16367490589618683, 0.042229343205690384, 0.1333330124616623, 0.24879521131515503, 0.00688076950609684, 0.06475023180246353, 0.05408564582467079, 0.035128235816955566, 0.006067960523068905, 0.2941749095916748, 0.04036366567015648, 0.2116241306066513, 0.2528512477874756, 0.0996573269367218, 0.08033246546983719, 0.21671435236930847, 0.26787951588630676, 0.2177567332983017, 0.16010034084320068, 0.08992923051118851, 0.3793300986289978, 0.12148254364728928, 0.08697351813316345, 0.10714931041002274, 0.012789572589099407, 0.010895770974457264, 0.06213919073343277, 0.0062291887588799, 0.18771834671497345, 0.12371005117893219, 0.08291299641132355, 0.2669815123081207, 0.04556484520435333, 0.15381383895874023, 0.032272353768348694, 0.1501861959695816, 0.33969008922576904, 0.09962882101535797, 0.1698705106973648, 0.051042258739471436, 0.2325310856103897, 0.08568950742483139, 0.03399554267525673, 0.5525263547897339, 0.10510818660259247, 0.018124638125300407, 0.19100239872932434, 0.010171052068471909, 0.04321916028857231, 0.07942842692136765, 0.08075934648513794, 0.021943416446447372]"
F3,"[0.02648198790848255, 0.09463030099868774, 0.10167025029659271, 0.07720239460468292, 0.036585722118616104, 0.06959671527147293, 0.012739038094878197, 0.01346854493021965, 0.1349683403968811, 0.042798981070518494, 0.006094386801123619, 0.04342399910092354, 0.09810859709978104, 0.028219062834978104, 0.04616754502058029, 0.01154316496104002, 0.009443752467632294, 0.12406839430332184, 0.02988974004983902, 0.06964025646448135, 0.058583859354257584, 0.012610557489097118, 0.16984198987483978, 0.05694955587387085, 0.227696493268013, 0.2150147557258606, 0.008936861529946327, 0.01614687405526638, 0.05440736562013626, 0.0840047150850296, 0.0048611955717206, 0.0019531857687979937, 0.0023989614564925432, 0.04137536510825157, 0.002378640230745077, 0.02593710646033287, 0.009812580421566963, 0.056930772960186005, 0.00799694936722517, 0.016826346516609192, 0.009073220193386078, 0.008329802192747593, 0.010589217767119408, 0.10836542397737503, 0.03421894088387489, 0.04402273893356323, 0.06525252014398575, 0.048021964728832245, 0.09873466938734055, 0.018063277006149292, 0.02643391117453575, 0.12411488592624664, 0.0011312010465189815, 0.0067260791547596455, 0.013029240071773529, 0.09085015952587128, 0.01070497278124094, 0.042061615735292435, 0.009037313982844353, 0.057639215141534805, 0.10442359000444412, 0.0402585007250309, 0.031758811324834824, 0.2156473696231842, 0.07005299627780914, 0.08489523082971573, 0.001598248491063714, 0.039041463285684586, 0.05300365388393402, 0.1334802806377411, 0.07944518327713013, 0.023518970236182213, 0.07200752198696136, 7.799454033374786e-05, 0.0219391081482172, 0.0630655288696289, 0.14540499448776245, 0.0011151694925501943, 0.049517322331666946, 0.0677923858165741, 0.04430927336215973, 0.01507917046546936, 0.043958477675914764, 0.08572370558977127, 0.00048073468497022986, 0.038256023079156876, 0.0031609907746315002, 0.03439362719655037, 0.0014009670121595263, 0.0013241971610113978, 0.03748903051018715, 0.048136088997125626, 0.046101536601781845, 0.00501906406134367, 0.010589206591248512, 0.05795285850763321, 0.06035377457737923, 0.033391110599040985, 0.018900863826274872, 0.00564261619001627, 0.02751542627811432, 0.1677897721529007, 0.0009955670684576035, 0.054478976875543594, 0.04413865879178047, 0.05102328956127167, 0.07991284877061844, 0.03744911402463913, 0.00942465104162693, 0.03171972185373306, 0.005262633319944143, 0.04191255569458008, 0.059114955365657806, 0.02304881438612938, 0.044801801443099976, 0.01888427883386612, 0.1109452173113823, 0.018618641421198845, 0.09679360687732697, 0.01264216285198927, 0.0047816140577197075, 0.11346778273582458, 0.024030297994613647, 0.004058829043060541, 0.043659139424562454, 0.007144566625356674, 0.06528042256832123, 0.048418957740068436]"
F4,"[0.15188296139240265, 0.14516298472881317, 0.04535498470067978, 0.13653002679347992, 0.1117641031742096, 0.07583795487880707, 0.23168179392814636, 0.14688065648078918, 0.3278748095035553, 0.2953720688819885, 0.09576287120580673, 0.1586161106824875, 0.06903894245624542, 0.07820926606655121, 0.1138325110077858, 0.14892631769180298, 0.24316896498203278, 0.13737325370311737, 0.010019222274422646, 0.03929546847939491, 0.05996318161487579, 0.026470618322491646, 0.11237721145153046, 0.014669348485767841, 0.09113473445177078, 0.2842353880405426, 0.16107675433158875, 0.05422355979681015, 0.43032562732696533, 0.0085716238245368, 0.19344285130500793, 0.09758447110652924, 0.08732359111309052, 0.09035806357860565, 0.06794070452451706, 0.02199770323932171, 0.1539500504732132, 0.15391752123832703, 0.06328301876783371, 0.3554930090904236, 0.03231258690357208, 0.14753864705562592, 0.09809339046478271, 0.08210719376802444, 0.21346737444400787, 0.10836464911699295, 0.029977096244692802, 0.03111233562231064, 0.14144355058670044, 0.1252368688583374, 0.18365009129047394, 0.14807656407356262, 0.09962808340787888, 0.001008294872008264, 0.0395931676030159, 0.33409595489501953, 0.1588800996541977, 0.07080993801355362, 0.12477387487888336, 0.09485648572444916, 0.18284346163272858, 0.10397041589021683, 0.008484041318297386, 0.21030078828334808, 0.011892281472682953, 0.00021511192608159035, 0.030177295207977295, 0.1505076289176941, 0.09260661154985428, 0.022794706746935844, 0.29327160120010376, 0.007232422474771738, 0.03275896981358528, 0.30886131525039673, 0.08347445726394653, 0.022228386253118515, 0.052209749817848206, 0.07718023657798767, 0.22603565454483032, 0.15672442317008972, 0.0030938265845179558, 0.17008543014526367, 0.1398605853319168, 0.1475193053483963, 0.1309356391429901, 0.25961175560951233, 0.008349361829459667, 0.0672524943947792, 0.008822212927043438, 0.13086549937725067, 0.06155823543667793, 0.14309601485729218, 0.03432497754693031, 0.10176067054271698, 0.059546053409576416, 0.2004917860031128, 0.22941218316555023, 0.10870913416147232, 0.005944672506302595, 0.13724535703659058, 0.011267760768532753, 0.16064831614494324, 0.1662474274635315, 0.3184027075767517, 0.0012726127170026302, 0.002425873652100563, 0.03542199358344078, 0.04019293934106827, 0.12681253254413605, 0.3083442151546478, 0.27173787355422974, 0.17696815729141235, 0.11520679295063019, 0.1372746229171753, 0.2784462571144104, 0.2651832699775696, 0.27833113074302673, 0.07220850884914398, 0.3041996955871582, 0.08459483832120895, 0.03539964556694031, 0.12006402760744095, 0.1442141830921173, 0.09206730872392654, 0.18194447457790375, 0.25660625100135803, 0.03139841929078102, 0.09900913387537003]"
F5,"[0.10920543968677521, 0.07415689527988434, 0.04054063931107521, 0.12963196635246277, 0.27413466572761536, 0.0022806432098150253, 0.02059277333319187, 0.2990979552268982, 0.04046399146318436, 0.24402375519275665, 0.22868981957435608, 0.16451041400432587, 0.0007951005827635527, 0.09776928275823593, 0.037755124270915985, 0.09348754584789276, 0.26989516615867615, 0.12434433400630951, 0.07658541202545166, 0.08806266635656357, 0.05820732191205025, 0.026115821674466133, 0.38123655319213867, 0.10612818598747253, 0.020058156922459602, 0.05437570810317993, 0.19306880235671997, 0.2766006588935852, 0.29337063431739807, 0.020059634000062943, 0.030048076063394547, 0.23308685421943665, 0.0012012681690976024, 0.3964010775089264, 0.07012472301721573, 0.14063593745231628, 0.009989680722355843, 0.1472518891096115, 0.17771418392658234, 0.011387892067432404, 0.05154700204730034, 0.12128696590662003, 0.17051471769809723, 0.018642950803041458, 0.2760244905948639, 0.016790665686130524, 0.002068792236968875, 0.08942511677742004, 0.20134368538856506, 0.24400946497917175, 0.07608478516340256, 0.1682431697845459, 0.17612622678279877, 0.40050333738327026, 0.13009318709373474, 0.005377062130719423, 0.32655882835388184, 0.1926753669977188, 0.11750812828540802, 0.16303382813930511, 0.5085864067077637, 0.028426077216863632, 0.008871451020240784, 0.07618478685617447, 0.12160174548625946, 0.10695961117744446, 0.09179190546274185, 0.08033034950494766, 0.10966885089874268, 0.30459165573120117, 0.036879152059555054, 0.07531581073999405, 0.03775351494550705, 0.0023446697741746902, 0.09552598744630814, 0.2907712459564209, 0.08961524069309235, 0.09417732059955597, 0.007889077067375183, 0.1529807597398758, 1.1952698230743408, 0.19303888082504272, 0.057872526347637177, 0.10903708636760712, 0.037871260195970535, 0.045715611428022385, 0.21341511607170105, 0.23275548219680786, 0.12061002850532532, 0.02941383235156536, 0.12948757410049438, 0.14533376693725586, 0.2178705930709839, 0.18551184237003326, 0.17141669988632202, 0.1534903645515442, 0.28264620900154114, 0.12531453371047974, 0.06005701422691345, 0.0029271093662828207, 0.1537165641784668, 0.6280357241630554, 0.014287561178207397, 0.33195623755455017, 0.05930093675851822, 0.06607569009065628, 0.116059809923172, 0.202393040060997, 0.2599371671676636, 0.009440136142075062, 0.09459438920021057, 0.02764582633972168, 0.11559920012950897, 0.27571365237236023, 0.2388017326593399, 0.02526257373392582, 0.1167154610157013, 0.2604740262031555, 0.0824703574180603, 0.21654112637043, 0.02467803657054901, 0.2379256784915924, 0.20612706243991852, 0.11867900937795639, 0.20481008291244507, 0.22180421650409698, 0.13076505064964294, 0.1939074546098709]"
F6,"[0.08022096008062363, 0.04105236753821373, 0.3321802616119385, 0.10973940789699554, 0.08066581934690475, 0.008479360491037369, 0.3614081144332886, 0.4671756625175476, 0.038007501512765884, 0.2140079289674759, 0.1535598784685135, 0.5138792991638184, 0.07421428710222244, 0.1357959359884262, 0.19380788505077362, 0.011041971854865551, 0.16253690421581268, 0.3088683485984802, 0.2378695011138916, 0.07130366563796997, 0.05017244815826416, 0.24559110403060913, 2.230997779406607e-05, 0.28926903009414673, 0.1653386652469635, 0.25719019770622253, 0.0920625850558281, 0.33294329047203064, 0.5001943111419678, 0.014353824779391289, 0.2736576199531555, 0.02899268828332424, 0.04145630821585655, 0.10277807712554932, 0.14277349412441254, 0.19475515186786652, 0.04836798831820488, 0.10593245178461075, 0.00519162742421031, 0.1641392856836319, 0.06253805756568909, 0.1362621933221817, 0.23065625131130219, 0.1797366589307785, 0.43262773752212524, 0.031901199370622635, 0.02721920982003212, 0.03212166577577591, 0.338733047246933, 0.16076694428920746, 0.27342474460601807, 0.17084898054599762, 0.1305365413427353, 0.05138050764799118, 0.15777043998241425, 0.07262006402015686, 0.17322176694869995, 0.03887508809566498, 0.24343977868556976, 0.23684076964855194, 0.16444696485996246, 0.1924000382423401, 0.6927523016929626, 0.2673780024051666, 0.14196375012397766, 0.08710969984531403, 0.02696753479540348, 0.038631074130535126, 0.014587006531655788, 0.06067367643117905, 0.07142893970012665, 0.02294876053929329, 0.027148466557264328, 0.16556547582149506, 0.0392519049346447, 0.10037989169359207, 0.2649596631526947, 0.16022081673145294, 0.3036274015903473, 0.14271606504917145, 0.33564719557762146, 0.11397429555654526, 0.17000357806682587, 0.1510028839111328, 0.27004578709602356, 0.012677107006311417, 0.07173378765583038, 0.13451220095157623, 0.19878944754600525, 0.09370027482509613, 0.12450973689556122, 0.1991150975227356, 0.2794744074344635, 0.2620549201965332, 0.12195609509944916, 0.03098037652671337, 0.08571187406778336, 0.04599759355187416, 0.16788625717163086, 0.08460384607315063, 0.05625775456428528, 0.15817247331142426, 0.03862842917442322, 0.10402228683233261, 0.2605150043964386, 0.1867079734802246, 0.05134805664420128, 0.01933092065155506, 0.004711280111223459, 0.10735683888196945, 0.18436585366725922, 0.07415071874856949, 0.24036338925361633, 0.04664123058319092, 0.1425820142030716, 0.21290430426597595, 0.09689081460237503, 0.23090369999408722, 0.05031004920601845, 0.2945846915245056, 0.045779380947351456, 0.061616841703653336, 0.4409010410308838, 0.04523956775665283, 0.11860314011573792, 0.5412700176239014, 0.2573527991771698, 0.09132196754217148]"
F7,"[0.04983803257346153, 0.09638729691505432, 0.11492287367582321, 0.19456183910369873, 0.0069516985677182674, 0.2119378000497818, 0.6438574194908142, 0.025410206988453865, 0.13270586729049683, 0.08485769480466843, 0.04463063180446625, 0.180667906999588, 0.1540738195180893, 0.2174597531557083, 0.15315140783786774, 0.2123972475528717, 0.26429861783981323, 0.14511923491954803, 0.13273674249649048, 0.10790234804153442, 0.1359444111585617, 0.06478442996740341, 0.2511890232563019, 0.11802683770656586, 0.008721241727471352, 0.2553752362728119, 0.11238483339548111, 0.6533738970756531, 0.10607751458883286, 0.14545513689517975, 0.12523940205574036, 0.21670745313167572, 0.16791222989559174, 0.19160529971122742, 0.08091925829648972, 0.11645873636007309, 0.17670436203479767, 0.1364777535200119, 0.105714350938797, 0.09648312628269196, 0.19223491847515106, 0.10308273136615753, 0.14102308452129364, 0.2884172797203064, 0.12198083102703094, 0.13900800049304962, 0.28546321392059326, 0.2693268060684204, 0.061860259622335434, 0.28834474086761475, 0.2053776979446411, 0.005334433168172836, 0.13127516210079193, 0.04658830165863037, 0.1906062364578247, 0.23984062671661377, 0.4951322674751282, 0.060698769986629486, 0.3936844766139984, 0.04755949229001999, 0.1204405352473259, 0.14988359808921814, 0.22218511998653412, 0.23353834450244904, 0.14364850521087646, 0.09967421740293503, 0.08704742044210434, 0.06107116490602493, 0.24646107852458954, 0.21724899113178253, 0.12032046914100647, 0.05412618815898895, 0.1516738384962082, 0.29696834087371826, 0.1106102243065834, 0.5346721410751343, 0.25951653718948364, 0.09188701957464218, 0.14064159989356995, 0.6766848564147949, 0.01844586245715618, 0.24496044218540192, 0.33409252762794495, 0.05547080561518669, 0.190664142370224, 0.0016574487090110779, 0.5842210054397583, 0.0024868713226169348, 0.020078016445040703, 0.22299134731292725, 0.5317811369895935, 0.09525641053915024, 0.07626930624246597, 0.04927190765738487, 0.05933336913585663, 0.19779501855373383, 0.0733305886387825, 0.019731489941477776, 0.027290256693959236, 0.31170162558555603, 0.06720113754272461, 0.13110502064228058, 0.18754266202449799, 0.08198686689138412, 0.2502176761627197, 0.19266271591186523, 0.009276117198169231, 0.3148097097873688, 0.021578337997198105, 0.14632441103458405, 0.14420665800571442, 0.6116949915885925, 0.08900508284568787, 0.026296507567167282, 0.04806162416934967, 0.017354637384414673, 0.1777111142873764, 0.13672247529029846, 0.13592548668384552, 0.11370581388473511, 0.09294393658638, 0.04843713343143463, 0.4180697798728943, 0.15746913850307465, 0.11010754853487015, 0.11749518662691116, 0.4486161768436432, 0.10042564570903778]"
F8,"[0.04570421949028969, 0.01575266756117344, 0.034202832728624344, 0.13114504516124725, 0.0684204027056694, 0.00013858338934369385, 0.02494671382009983, 0.009521416388452053, 0.30271610617637634, 0.21337370574474335, 0.11534886807203293, 0.06116712838411331, 0.05685111880302429, 0.24391038715839386, 0.15657846629619598, 0.2585800588130951, 0.1464175134897232, 0.18225109577178955, 0.0035242699086666107, 0.08967472612857819, 0.07621392607688904, 0.20310133695602417, 0.28728994727134705, 0.3194454610347748, 0.02053181454539299, 0.16832372546195984, 0.03851070627570152, 0.06795800477266312, 0.19795513153076172, 0.12346166372299194, 0.19961929321289062, 0.04754077270627022, 0.11760932207107544, 0.36050018668174744, 0.08768374472856522, 0.49117395281791687, 0.3324168622493744, 0.32004988193511963, 0.24088923633098602, 0.08884193003177643, 0.4074835181236267, 0.2000366449356079, 0.0216640867292881, 0.043643686920404434, 0.11758986115455627, 0.23570571839809418, 0.04550836980342865, 0.03802000731229782, 0.06874308735132217, 0.44956091046333313, 0.007563270162791014, 0.04194483906030655, 0.025497499853372574, 0.05613274499773979, 0.07811999320983887, 0.16945047676563263, 0.2644524574279785, 0.20571596920490265, 0.16215498745441437, 0.2696247398853302, 0.12824203073978424, 0.10474283248186111, 0.2884270250797272, 0.07486098259687424, 0.13945025205612183, 0.073351189494133, 0.1933344155550003, 0.34565994143486023, 0.1549830287694931, 0.3872617185115814, 0.1389588862657547, 0.12225528061389923, 0.13360191881656647, 0.00853058323264122, 0.1270822435617447, 0.2318781316280365, 0.16392502188682556, 0.024530673399567604, 0.12367091327905655, 0.0974547266960144, 0.17117580771446228, 0.049460750073194504, 0.05974288657307625, 0.2398599535226822, 0.45087772607803345, 0.10977621376514435, 0.15683281421661377, 0.09862067550420761, 0.07851148396730423, 0.11484342813491821, 0.06279238313436508, 0.3535577952861786, 0.15455356240272522, 0.2233658879995346, 0.16498062014579773, 0.09766552597284317, 0.3061787784099579, 0.3578849732875824, 0.4279804229736328, 0.12883950769901276, 0.07184992730617523, 0.3272683322429657, 0.01043172087520361, 0.0811290517449379, 0.02825014665722847, 0.148138165473938, 0.11069516837596893, 0.019614649936556816, 0.5502727031707764, 0.24754570424556732, 0.18836575746536255, 0.0719231441617012, 0.004869348835200071, 0.06704268604516983, 0.0004822526534553617, 0.05874093621969223, 0.08846716582775116, 0.22513948380947113, 0.27855074405670166, 0.1027403399348259, 0.06119535490870476, 0.037768978625535965, 0.10002176463603973, 0.10068829357624054, 0.3041609823703766, 0.10902243107557297, 0.046416025608778, 0.13050024211406708]"
F9,"[0.13183122873306274, 0.3274939954280853, 0.35780781507492065, 0.0774967148900032, 0.08150121569633484, 0.28674259781837463, 0.21939632296562195, 0.006776855327188969, 0.06373125314712524, 0.2553825378417969, 0.1317255049943924, 0.012584890238940716, 0.2253335863351822, 0.015648147091269493, 0.0671052560210228, 0.19903668761253357, 0.12312904745340347, 0.0754406526684761, 0.140610933303833, 0.19303424656391144, 0.1888132095336914, 0.032544832676649094, 0.04400588199496269, 0.17881916463375092, 0.03917187079787254, 0.39565548300743103, 0.020791061222553253, 0.2502661943435669, 0.02647136151790619, 0.09543175250291824, 0.049806270748376846, 0.19967496395111084, 0.28097280859947205, 0.23314568400382996, 0.04074281081557274, 0.032656822353601456, 0.05612998083233833, 0.14088281989097595, 0.03371065482497215, 0.007518725004047155, 0.11250673234462738, 0.08380109816789627, 0.18683728575706482, 0.16522395610809326, 0.1238546222448349, 0.027639418840408325, 0.1911165863275528, 0.19834338128566742, 0.06275764852762222, 0.10448482632637024, 0.2175389975309372, 0.12573495507240295, 0.3749867379665375, 0.5536342859268188, 0.08825477212667465, 0.1670740246772766, 0.2389877885580063, 0.19212105870246887, 0.08954232186079025, 0.023440469056367874, 0.3547482192516327, 0.15319547057151794, 0.06895706802606583, 0.4412291944026947, 0.29087838530540466, 0.2491110861301422, 0.2427433878183365, 0.08118127286434174, 0.050728294998407364, 0.1255412995815277, 0.0036504899617284536, 0.5217879414558411, 0.17956367135047913, 0.14749552309513092, 0.07946518063545227, 0.05499114841222763, 0.24853745102882385, 0.280495285987854, 0.2657994031906128, 0.37847447395324707, 0.014188474044203758, 0.4540277421474457, 0.03009089268743992, 0.26575660705566406, 0.35851114988327026, 0.16582702100276947, 0.3949797749519348, 0.04387130215764046, 0.03991824388504028, 0.1259990930557251, 0.0655684620141983, 0.16032953560352325, 0.08434348553419113, 0.42841750383377075, 0.054066210985183716, 0.11987466365098953, 0.03606954216957092, 0.14221937954425812, 0.11728726327419281, 0.3945266306400299, 0.2541184723377228, 0.12865717709064484, 0.1851598173379898, 0.08483684062957764, 0.03566192463040352, 0.2620362639427185, 0.19156621396541595, 0.008034620434045792, 0.12794429063796997, 0.036281291395425797, 0.14242058992385864, 0.17972679436206818, 0.16642853617668152, 0.15391366183757782, 0.21967604756355286, 0.31082695722579956, 0.3587895631790161, 0.03404901921749115, 0.1054723933339119, 0.04418325424194336, 0.17375405132770538, 0.03271440416574478, 0.22263440489768982, 0.32579129934310913, 0.3069651126861572, 0.1548701971769333, 0.13809604942798615, 0.04194347560405731]"
F10,"[0.6174787878990173, 0.4026764929294586, 0.48757174611091614, 0.2320733368396759, 0.10924972593784332, 0.26179516315460205, 0.09028108417987823, 0.3440800607204437, 0.14957216382026672, 0.06247345730662346, 0.0658758208155632, 0.1499815583229065, 0.08938731998205185, 0.71001136302948, 0.13461989164352417, 0.4763629138469696, 0.5655484199523926, 0.2312384694814682, 0.02282850630581379, 0.1776309609413147, 0.158161461353302, 0.29070326685905457, 0.14275892078876495, 0.07031990587711334, 0.0001983960682991892, 0.06740467995405197, 0.15983688831329346, 0.16276328265666962, 0.0366741381585598, 0.23860865831375122, 0.23998340964317322, 0.5717240571975708, 0.2795558571815491, 0.30784547328948975, 0.22741039097309113, 0.3333475589752197, 0.25105392932891846, 0.1499430388212204, 0.3400958776473999, 0.05905434861779213, 0.09884507209062576, 0.17427407205104828, 0.024018069729208946, 0.14951753616333008, 0.07865819334983826, 0.44278684258461, 0.004085506312549114, 0.20546525716781616, 0.5346295833587646, 0.47953030467033386, 0.1442074328660965, 0.0431804284453392, 0.39372605085372925, 0.08852607011795044, 0.07801061868667603, 0.2871912121772766, 0.11481611430644989, 0.13978996872901917, 0.18546774983406067, 0.0751640796661377, 0.3820580244064331, 0.08630993962287903, 0.4299889802932739, 0.11626748740673065, 0.24614548683166504, 0.10431064665317535, 0.015857519581913948, 0.004115607589483261, 0.35089585185050964, 0.1270064264535904, 0.2617039680480957, 0.18290551006793976, 0.049768175929784775, 0.0855320617556572, 0.007470449898391962, 0.27680355310440063, 0.11015487462282181, 0.08766661584377289, 0.4678821265697479, 0.5291101932525635, 0.14639952778816223, 0.227183997631073, 0.34096673130989075, 0.2417813539505005, 0.041742097586393356, 0.35908418893814087, 0.05127928406000137, 0.08775904774665833, 0.252745121717453, 0.14883354306221008, 0.16955144703388214, 0.4761941730976105, 0.1787479966878891, 0.1319221407175064, 0.09946674853563309, 0.26720741391181946, 0.4057658910751343, 0.06988982111215591, 0.09679059684276581, 0.5813990831375122, 0.3771490752696991, 0.239361971616745, 0.04708186537027359, 0.19794267416000366, 0.2943321764469147, 0.21022765338420868, 0.3329024314880371, 0.6955713033676147, 0.41465479135513306, 0.16207915544509888, 0.33036279678344727, 0.17917539179325104, 0.2811446785926819, 0.1359013170003891, 0.07868599891662598, 0.06641175597906113, 0.45043644309043884, 0.1516779661178589, 0.5589475631713867, 0.0580146498978138, 0.015781257301568985, 0.40874388813972473, 0.3356640636920929, 0.0749916285276413, 0.012232959270477295, 0.11526525020599365, 0.211760014295578, 0.012981992214918137]"
F11,"[0.09465335309505463, 0.19628630578517914, 0.10181953758001328, 0.22235693037509918, 0.05696052312850952, 0.0537964329123497, 0.08382894098758698, 0.05244116857647896, 0.04585396125912666, 0.21409127116203308, 0.09198690950870514, 0.13257448375225067, 0.10778187215328217, 0.35448551177978516, 0.11230045557022095, 0.2629014849662781, 0.23103058338165283, 0.13319523632526398, 0.13506507873535156, 0.14098778367042542, 0.08400660008192062, 0.14118428528308868, 0.04722635820508003, 0.0697677731513977, 0.08396471291780472, 0.22155213356018066, 0.11760436743497849, 0.1525595784187317, 0.020332489162683487, 0.1389312446117401, 0.26836735010147095, 0.2380148023366928, 0.08527934551239014, 0.10356378555297852, 0.35659366846084595, 0.22497762739658356, 0.042095668613910675, 0.14159347116947174, 0.021242203190922737, 0.4660060703754425, 0.00011957824608543888, 0.30269908905029297, 0.08758551627397537, 0.055690184235572815, 0.004897356033325195, 0.052282001823186874, 0.29531553387641907, 0.09836675226688385, 0.045875534415245056, 0.24449408054351807, 0.11294578015804291, 0.2241143435239792, 0.01890331506729126, 0.0015916284173727036, 0.0034980333875864744, 0.01108307670801878, 0.016742335632443428, 0.22634351253509521, 0.09347692877054214, 0.24123375117778778, 0.15114101767539978, 0.015195048414170742, 0.10136055201292038, 0.23810738325119019, 0.051574788987636566, 0.0887581929564476, 0.0004724519094452262, 0.0014715163270011544, 0.5978806018829346, 0.1390952318906784, 0.026013031601905823, 0.08146972209215164, 0.05960317701101303, 0.013120177201926708, 0.06311717629432678, 0.007073290180414915, 0.08066631853580475, 0.04819756746292114, 0.013472233898937702, 0.08309027552604675, 0.1752939671278, 0.030316760763525963, 0.18401950597763062, 0.0687435120344162, 0.2260824739933014, 0.35473042726516724, 0.18163593113422394, 0.28760090470314026, 0.1074841096997261, 0.07530611008405685, 0.07238569110631943, 0.12370917946100235, 0.22053320705890656, 0.0397830605506897, 0.3062504529953003, 0.03604082390666008, 0.018025267869234085, 0.01615295745432377, 0.04951953515410423, 0.01475167740136385, 0.09458005428314209, 0.14166122674942017, 0.2506609559059143, 0.10273971408605576, 0.00886595156043768, 0.2751229703426361, 0.04013674706220627, 0.04860304296016693, 0.04447369650006294, 0.07907380163669586, 0.15863578021526337, 0.17957636713981628, 0.3759040832519531, 0.16473901271820068, 0.32893887162208557, 0.043886467814445496, 0.2328062504529953, 0.12253730744123459, 0.13592155277729034, 0.16522271931171417, 0.21415185928344727, 0.28513675928115845, 0.09218040108680725, 0.1267736852169037, 0.4195930063724518, 0.16949208080768585, 0.031148388981819153, 0.3677704930305481]"
F12,"[0.017608970403671265, 0.09781482815742493, 0.4001329243183136, 0.195909321308136, 0.1540079265832901, 0.26107731461524963, 0.012194216251373291, 0.07297112792730331, 0.030841005966067314, 0.006665179040282965, 0.1978643387556076, 0.42500627040863037, 0.0060521988198161125, 0.10306156426668167, 0.13532991707324982, 0.009612666442990303, 0.09909015148878098, 0.06325624138116837, 0.1418253481388092, 0.1528898924589157, 0.27200251817703247, 0.22140125930309296, 0.07114561647176743, 0.29630711674690247, 0.13825149834156036, 0.06223485246300697, 0.016534337773919106, 0.09453309327363968, 0.503514289855957, 0.21799150109291077, 0.2988310754299164, 0.01772320829331875, 0.0468347892165184, 0.0175201203674078, 0.16175343096256256, 0.028503788635134697, 0.08886152505874634, 0.11180511862039566, 0.12533487379550934, 0.1911475658416748, 0.11780636757612228, 0.28077128529548645, 0.09461094439029694, 0.2558877766132355, 0.23350121080875397, 0.02190956473350525, 0.023043280467391014, 0.06619036197662354, 0.07895225286483765, 0.07991287112236023, 0.07929057627916336, 0.13470616936683655, 0.0569000244140625, 0.16690358519554138, 0.09556405246257782, 0.14710378646850586, 0.001670552184805274, 0.32159754633903503, 0.062034446746110916, 0.2192138433456421, 0.4279187321662903, 0.09476625174283981, 0.6438885927200317, 0.003994365688413382, 0.12416227161884308, 0.24478556215763092, 0.1952369511127472, 0.21296265721321106, 0.10579776763916016, 0.09087491780519485, 0.0886521190404892, 0.022100599482655525, 0.16649989783763885, 0.22462604939937592, 0.1360386162996292, 0.16617967188358307, 0.030193287879228592, 0.0934937596321106, 0.26150041818618774, 0.09773396700620651, 0.13856787979602814, 0.06347490102052689, 0.20191740989685059, 0.4068901538848877, 0.22120174765586853, 0.022653767839074135, 0.05673545226454735, 0.2663162052631378, 0.0170849971473217, 0.014322014525532722, 0.23951278626918793, 0.07811993360519409, 0.20981253683567047, 0.044010814279317856, 0.12035774439573288, 0.034191206097602844, 0.15127192437648773, 0.16676437854766846, 0.3839334547519684, 0.02643030695617199, 0.046368300914764404, 0.3123161494731903, 0.31311896443367004, 0.10545675456523895, 0.01935427449643612, 0.07462669909000397, 0.386942982673645, 0.06881716102361679, 0.06714091449975967, 0.29697635769844055, 0.22674542665481567, 0.034193798899650574, 0.21011771261692047, 0.09916956722736359, 0.1151692196726799, 0.020229006186127663, 0.002729770727455616, 0.030799828469753265, 0.19633305072784424, 0.1898885816335678, 0.2676248550415039, 0.21502631902694702, 0.18196943402290344, 0.21864642202854156, 0.13537754118442535, 0.11376515030860901, 0.13007885217666626, 0.15559175610542297]"
F13,"[0.16076719760894775, 0.10830856114625931, 0.05325289070606232, 0.20551705360412598, 0.07277046144008636, 0.27496397495269775, 0.14198096096515656, 0.3295542001724243, 0.009933125227689743, 0.18029838800430298, 0.13329122960567474, 0.0927993431687355, 0.0642176941037178, 0.27349352836608887, 0.18651126325130463, 0.06329931318759918, 0.1689232587814331, 0.01327567733824253, 0.0723755806684494, 0.008737701922655106, 0.14325927197933197, 0.3169744908809662, 0.16113601624965668, 0.02293933928012848, 0.1514202207326889, 0.18334829807281494, 0.1380864977836609, 0.2813599407672882, 0.6270895004272461, 0.025435984134674072, 0.06719212979078293, 0.15785327553749084, 0.17379412055015564, 0.37331610918045044, 0.09294158220291138, 0.047927357256412506, 0.17233163118362427, 0.09597533941268921, 0.16526302695274353, 0.17306195199489594, 0.1348097175359726, 0.14700257778167725, 0.052989643067121506, 0.26687395572662354, 0.016451651230454445, 0.09727174788713455, 0.14826764166355133, 0.18508398532867432, 0.22917558252811432, 0.2892967760562897, 0.08317774534225464, 0.07744044810533524, 0.08256760239601135, 0.22719135880470276, 0.11499384045600891, 0.025115003809332848, 0.1929374784231186, 0.1878814697265625, 0.15812915563583374, 0.026863187551498413, 0.3092358112335205, 0.22904326021671295, 0.26819688081741333, 0.20766089856624603, 0.007059756200760603, 0.12685620784759521, 0.17348960041999817, 0.026275094598531723, 0.05372331663966179, 0.373567670583725, 0.045785725116729736, 0.06754758954048157, 0.04381418228149414, 0.05198076367378235, 0.27511900663375854, 0.0654236450791359, 0.380552738904953, 0.21518495678901672, 0.24217599630355835, 0.17994581162929535, 0.9383034706115723, 0.28847813606262207, 0.05303540453314781, 0.010604084469377995, 0.011340747587382793, 0.12823235988616943, 0.1200026124715805, 0.25285109877586365, 0.12414345145225525, 0.33790621161460876, 0.2363990694284439, 0.09324245154857635, 0.069989413022995, 0.13450878858566284, 0.17620402574539185, 0.06739853322505951, 0.04587212949991226, 0.17586486041545868, 0.0009241370717063546, 0.4421069622039795, 0.13508838415145874, 0.09987438470125198, 0.08187640458345413, 0.3850790560245514, 0.4096008241176605, 0.0840742439031601, 0.1917063295841217, 0.2944090962409973, 0.17601341009140015, 0.10965907573699951, 0.08254164457321167, 0.1196790561079979, 0.025263981893658638, 0.10909955203533173, 0.11245778203010559, 0.15796904265880585, 0.060129787772893906, 0.17796532809734344, 0.1702924221754074, 0.11971081048250198, 0.014972027391195297, 0.15104657411575317, 0.19187907874584198, 0.13693545758724213, 0.16838769614696503, 0.19334657490253448, 0.1750212162733078, 0.10404831916093826]"
F14,"[0.38178858160972595, 0.12180934101343155, 0.04316354915499687, 0.1960264891386032, 0.4201485216617584, 0.27992454171180725, 0.21569037437438965, 0.02389199659228325, 0.05160369724035263, 0.2074299156665802, 0.016917746514081955, 0.6587195992469788, 0.04537946730852127, 0.49527955055236816, 0.1796530783176422, 0.15001995861530304, 0.1608167439699173, 0.2160090208053589, 0.14418083429336548, 0.3332502543926239, 0.0520249642431736, 0.05399637669324875, 0.19741694629192352, 0.05604519695043564, 0.09320143610239029, 0.11669892072677612, 0.012064062058925629, 0.024337267503142357, 0.0961572453379631, 0.15810994803905487, 0.2500951290130615, 0.005414335988461971, 0.3547310531139374, 0.21508333086967468, 0.4270177185535431, 0.4429878294467926, 0.10702091455459595, 0.30179929733276367, 0.13739441335201263, 0.022413451224565506, 0.0883839875459671, 0.34050071239471436, 0.018896471709012985, 0.059396952390670776, 0.11280490458011627, 0.09693963825702667, 0.045749321579933167, 0.10263700038194656, 0.23214387893676758, 0.3314720690250397, 0.0939498245716095, 0.26461100578308105, 0.07502718269824982, 0.0178066398948431, 0.3099219799041748, 0.03467739000916481, 0.16538630425930023, 0.2061881124973297, 0.17814452946186066, 0.03536294400691986, 0.2664511501789093, 0.1497000753879547, 0.1927511841058731, 0.2456049621105194, 0.03400612622499466, 0.2565944492816925, 0.19336968660354614, 0.0954122394323349, 0.3069869577884674, 0.021163398399949074, 0.04135114699602127, 0.27389004826545715, 0.14554551243782043, 0.21202035248279572, 0.429625540971756, 0.07635079324245453, 0.09969241172075272, 0.04116645082831383, 0.14522235095500946, 0.29327017068862915, 0.009199454449117184, 0.18091315031051636, 0.1746237725019455, 0.05630536377429962, 0.11947115510702133, 0.15681315958499908, 0.27252528071403503, 0.10548176616430283, 0.0234514307230711, 0.2020704448223114, 0.3450792729854584, 0.35335418581962585, 0.16492240130901337, 0.05646730214357376, 0.051843419671058655, 0.22330357134342194, 0.15198008716106415, 0.34904807806015015, 0.10467156767845154, 0.2615901231765747, 0.09281367808580399, 0.018470164388418198, 0.29568561911582947, 0.10243738442659378, 0.27268174290657043, 0.1715216189622879, 0.20984572172164917, 0.2747054994106293, 0.011276344768702984, 0.03480641543865204, 0.29152581095695496, 0.08285395801067352, 0.2879520356655121, 0.09118494391441345, 0.1255059391260147, 0.09871088713407516, 0.011102146469056606, 0.16104064881801605, 0.2794090509414673, 0.1177319809794426, 0.23764562606811523, 0.3402753174304962, 0.1207045391201973, 0.15482982993125916, 0.024964813143014908, 0.07031114399433136, 0.23835612833499908, 0.09822817146778107]"
F15,"[0.01501427497714758, 0.042203836143016815, 0.16526713967323303, 0.48641011118888855, 0.04418952390551567, 0.03861319273710251, 0.38600975275039673, 0.10833697766065598, 0.08348199725151062, 0.09744599461555481, 0.028430651873350143, 0.11864031106233597, 0.2305777221918106, 0.33495819568634033, 0.1530086100101471, 0.0741201788187027, 0.017534252256155014, 0.17058974504470825, 0.05452321469783783, 0.10459112375974655, 0.16943609714508057, 0.1330343782901764, 0.1441919058561325, 0.1380736529827118, 0.0974503681063652, 0.000418959156377241, 0.034731052815914154, 0.2124050259590149, 0.07683508098125458, 0.5616871118545532, 0.12167822569608688, 0.08371816575527191, 0.1047072485089302, 0.06258648633956909, 0.30362311005592346, 0.05097063630819321, 0.19764794409275055, 0.327096164226532, 0.12365303933620453, 0.056906431913375854, 0.21285346150398254, 0.04091029241681099, 0.1400270313024521, 0.0982707068324089, 0.16532361507415771, 0.23052169382572174, 0.2556785047054291, 0.06251564621925354, 0.033034563064575195, 0.10978514701128006, 0.017900899052619934, 0.19746707379817963, 0.0744084045290947, 0.09163292497396469, 0.016695115715265274, 0.06839680671691895, 0.08491580188274384, 0.022316843271255493, 0.03853384032845497, 0.16095547378063202, 0.23611438274383545, 0.09873160719871521, 0.13406026363372803, 0.06236184388399124, 0.31387874484062195, 0.1988154500722885, 0.3413601815700531, 0.027903443202376366, 0.027992375195026398, 0.05627753585577011, 0.0959082767367363, 0.01724732294678688, 0.22528210282325745, 0.1376236528158188, 0.05314226821064949, 0.02212360128760338, 0.018647946417331696, 0.11810252815485, 0.15686708688735962, 0.4677697718143463, 0.047276582568883896, 0.07987364381551743, 0.43618032336235046, 0.046230439096689224, 0.0985480472445488, 0.06852436065673828, 0.06599432975053787, 0.17260025441646576, 0.3381304144859314, 0.10247718542814255, 0.1296125054359436, 0.3422482907772064, 0.08162304759025574, 0.021672703325748444, 0.07407872378826141, 0.14303147792816162, 0.044491518288850784, 0.13073953986167908, 0.05096886307001114, 0.006842358503490686, 0.2790551781654358, 0.09236664324998856, 0.15749628841876984, 0.021957317367196083, 0.18430909514427185, 0.22640937566757202, 0.1792069971561432, 0.10819429159164429, 0.10064337402582169, 0.26647862792015076, 0.4359191954135895, 0.37489649653434753, 0.1876470446586609, 0.18590125441551208, 0.31822389364242554, 0.24089081585407257, 0.39352571964263916, 0.21474729478359222, 0.009071573615074158, 0.08856700360774994, 0.1897781938314438, 0.11188773810863495, 0.2942558825016022, 0.06697077304124832, 0.05676193907856941, 0.05950111150741577, 0.19643288850784302, 0.025197740644216537]"
F16,"[0.2600216567516327, 0.16932737827301025, 0.3561369776725769, 0.17554700374603271, 0.0030734771862626076, 0.1790551245212555, 0.04468466714024544, 0.08784998208284378, 0.05624155327677727, 0.059364549815654755, 0.20798805356025696, 0.240526020526886, 0.5245457291603088, 0.13925442099571228, 0.1701466590166092, 0.0924353376030922, 0.45102083683013916, 0.11744853109121323, 0.0601971372961998, 0.2582423985004425, 0.11156410723924637, 0.1690986603498459, 0.17024505138397217, 0.06778987497091293, 0.00040315312799066305, 0.0027477340772747993, 0.2569720447063446, 0.21626810729503632, 0.04406634345650673, 0.0012750247260555625, 0.07114008814096451, 0.27914658188819885, 0.08907413482666016, 0.23969335854053497, 0.25317415595054626, 0.07020512223243713, 0.005568716209381819, 0.017438014969229698, 0.12127672880887985, 0.10875371843576431, 0.157118022441864, 0.09502410143613815, 0.11889269948005676, 0.02930491231381893, 0.09740574657917023, 0.06495041400194168, 0.19177879393100739, 0.05079573765397072, 0.0957847312092781, 0.03612292930483818, 0.08798270672559738, 0.1192256510257721, 0.06926123052835464, 0.023933595046401024, 0.023861363530158997, 0.16934143006801605, 0.0874520018696785, 0.044333793222904205, 0.15863440930843353, 0.5231719613075256, 0.02492356300354004, 0.14184559881687164, 0.3647691309452057, 0.06172362342476845, 0.25725775957107544, 0.034303441643714905, 0.16106444597244263, 0.2868373692035675, 0.278687059879303, 0.039833251386880875, 0.07492118328809738, 0.0009351022308692336, 0.14998456835746765, 0.021137550473213196, 0.09651273488998413, 0.031147155910730362, 0.23317170143127441, 0.04380534589290619, 0.1739620715379715, 0.04371830075979233, 0.0791640654206276, 0.027187351137399673, 0.2171102911233902, 0.023547453805804253, 0.11268661916255951, 0.2838475704193115, 0.16176831722259521, 0.08435160666704178, 0.03882216289639473, 0.1680307388305664, 0.16184063255786896, 0.19564354419708252, 0.0023425661493092775, 0.06622928380966187, 0.04927691072225571, 0.1489412784576416, 0.02135205827653408, 0.15272964537143707, 0.12073972076177597, 0.22974655032157898, 0.12120471149682999, 0.23574449121952057, 0.21070320904254913, 0.14066626131534576, 0.008257566019892693, 0.051143329590559006, 0.03833009675145149, 0.05101318657398224, 0.0011802177177742124, 0.010988213121891022, 0.07360727339982986, 0.11125438660383224, 0.1502991020679474, 0.22132134437561035, 0.09348846226930618, 0.14367473125457764, 0.13874408602714539, 0.10884370654821396, 0.0071227275766432285, 0.24418261647224426, 0.06230033561587334, 0.2146974802017212, 0.0024660350754857063, 0.10839074105024338, 0.14068150520324707, 0.030006276443600655, 0.28424882888793945, 0.12005607038736343]"
F17,"[0.08718898892402649, 0.06315145641565323, 0.056900691241025925, 0.19749264419078827, 0.08444947749376297, 0.48306456208229065, 0.03285824507474899, 0.14936873316764832, 0.035935498774051666, 0.03427601978182793, 0.12074898928403854, 0.13132193684577942, 0.08099723607301712, 0.15202267467975616, 0.10799354314804077, 0.022055648267269135, 0.0738973468542099, 0.07253357023000717, 0.1616489440202713, 0.11547206342220306, 0.07871728390455246, 0.014487006701529026, 0.1316658854484558, 0.08693399280309677, 0.08370447903871536, 0.026118824258446693, 0.3260291516780853, 0.3090621829032898, 0.07222456485033035, 0.0027999859303236008, 0.11188455671072006, 0.09763941913843155, 0.053994640707969666, 0.06887486577033997, 0.08112840354442596, 0.16391029953956604, 0.09399120509624481, 0.07661599665880203, 0.23010952770709991, 0.0491274930536747, 0.1488211303949356, 0.10567033290863037, 0.0025602797977626324, 0.08983463793992996, 0.007735634222626686, 0.03379800543189049, 0.07750090211629868, 0.052126072347164154, 0.20049405097961426, 0.08631903678178787, 0.03258252143859863, 0.13946832716464996, 0.14362980425357819, 0.10976188629865646, 0.15653134882450104, 0.10579012334346771, 0.17387406527996063, 0.3382780849933624, 0.16336895525455475, 0.1281026303768158, 0.19625996053218842, 0.11616054177284241, 0.33636170625686646, 0.0948943942785263, 0.11906664818525314, 0.1523592174053192, 0.04355771839618683, 0.11522616446018219, 0.20736493170261383, 0.17307034134864807, 0.23859287798404694, 0.2595958709716797, 0.20634737610816956, 0.11635608971118927, 0.1220490112900734, 0.0695677325129509, 0.07883128523826599, 0.19122476875782013, 0.11632677167654037, 0.04293850064277649, 0.12911903858184814, 0.0753864124417305, 0.0582374632358551, 0.22162707149982452, 0.06566663086414337, 0.07907287031412125, 0.2889661490917206, 0.1957220733165741, 0.11390593647956848, 0.022026903927326202, 0.13268566131591797, 0.1681523472070694, 0.13339665532112122, 0.04066052660346031, 0.06781361997127533, 0.000859791471157223, 0.014291397295892239, 0.034806989133358, 0.021919051185250282, 0.12911368906497955, 0.11685510724782944, 0.015345393680036068, 0.012553603388369083, 0.015601650811731815, 0.07403084635734558, 0.1634037047624588, 0.11918073147535324, 0.22817449271678925, 0.06197357922792435, 0.40256017446517944, 0.18500789999961853, 0.13974615931510925, 0.2494775652885437, 0.21742601692676544, 0.18184222280979156, 0.03553064167499542, 0.012738779187202454, 0.0703493133187294, 0.0008751305867917836, 0.018804771825671196, 0.06974677741527557, 0.14313176274299622, 0.023490795865654945, 0.07223864644765854, 0.041573185473680496, 0.2057638168334961, 0.1941080391407013, 0.16491952538490295]"
F18,"[0.15033794939517975, 0.11987289786338806, 0.1997632086277008, 0.024777522310614586, 0.09962815046310425, 0.08855390548706055, 0.2074854075908661, 0.06974374502897263, 0.1298804134130478, 0.03350812941789627, 0.48971956968307495, 0.16194336116313934, 0.10586957633495331, 0.05239791050553322, 0.02052001841366291, 0.046093907207250595, 0.16734632849693298, 0.3115922510623932, 0.06943489611148834, 0.03820403665304184, 0.322640061378479, 0.12765900790691376, 0.1015532910823822, 0.18343989551067352, 0.07851387560367584, 0.24675129354000092, 0.46867164969444275, 0.010989252477884293, 0.24687610566616058, 0.05089215189218521, 0.18732962012290955, 0.1975378543138504, 0.39280542731285095, 0.06891157478094101, 0.16846755146980286, 0.2994050085544586, 0.107599176466465, 0.053698327392339706, 0.09206750988960266, 0.40951499342918396, 0.1363135427236557, 0.3011449873447418, 0.2560443878173828, 0.02317444421350956, 0.06473003327846527, 0.10117121040821075, 0.3188980519771576, 0.06805213540792465, 0.29161936044692993, 0.04578900337219238, 0.2918245196342468, 0.25775042176246643, 0.40156829357147217, 0.1434936821460724, 0.11777415126562119, 0.22871381044387817, 0.11024881154298782, 0.38148683309555054, 0.10717582702636719, 0.06726782023906708, 0.05559983849525452, 0.21987128257751465, 0.42129185795783997, 0.48151975870132446, 0.09978450834751129, 1.1106173992156982, 0.06911160796880722, 0.1742292046546936, 0.16114333271980286, 0.06432247906923294, 0.25400376319885254, 0.053670477122068405, 0.38731083273887634, 0.32509666681289673, 0.11655531823635101, 0.11897056549787521, 0.26514631509780884, 0.003547600470483303, 0.1468132585287094, 0.2316276729106903, 0.23674866557121277, 0.18897809088230133, 0.23267681896686554, 0.021264484152197838, 0.06367626041173935, 0.12813006341457367, 0.04696928709745407, 0.13975447416305542, 0.045312389731407166, 0.1535709947347641, 0.18115542829036713, 0.05022338032722473, 0.05151251330971718, 0.02834993600845337, 0.06404335051774979, 0.24323534965515137, 0.11508990824222565, 0.1595338135957718, 0.040409404784440994, 0.0062969098798930645, 0.0524558462202549, 0.013259016908705235, 0.10949777811765671, 0.06311507523059845, 0.42155686020851135, 0.34287676215171814, 0.2445201873779297, 0.3307487368583679, 0.22102808952331543, 0.17298610508441925, 0.3227759003639221, 0.1380889117717743, 0.2069876343011856, 0.007228764705359936, 0.45586705207824707, 0.17902570962905884, 0.036517322063446045, 0.3384755551815033, 0.17742818593978882, 0.14184674620628357, 0.022424396127462387, 0.23965880274772644, 0.07749349623918533, 0.034525077790021896, 0.07385528832674026, 0.31695276498794556, 0.32580432295799255, 0.09758663922548294]"
F19,"[0.13233213126659393, 0.04962385073304176, 0.08116500079631805, 0.2812133729457855, 0.031221386045217514, 0.1696583330631256, 0.04161905497312546, 0.06473343074321747, 0.11738787591457367, 0.23576511442661285, 0.029749667271971703, 0.11493729799985886, 0.09911458939313889, 0.23109562695026398, 0.09684251993894577, 0.19749779999256134, 0.2645663619041443, 0.03946054354310036, 0.16749100387096405, 0.037774186581373215, 0.051492612808942795, 0.09073244780302048, 0.006751957815140486, 0.002653106115758419, 0.10319668054580688, 0.050532128661870956, 0.10632316023111343, 0.048170119524002075, 0.13398078083992004, 0.1439220905303955, 0.3017168641090393, 0.13747452199459076, 0.03392145782709122, 0.029982896521687508, 0.566704511642456, 0.35894882678985596, 0.09418380260467529, 0.10726071149110794, 0.0633748397231102, 0.07164778560400009, 0.04677257686853409, 0.018309010192751884, 0.14533160626888275, 0.3855441212654114, 0.08313104510307312, 0.013807417824864388, 0.19135308265686035, 0.1080399677157402, 0.04614579305052757, 0.08500494062900543, 0.13202589750289917, 0.14709199965000153, 0.3107054531574249, 0.24859946966171265, 0.22683919966220856, 0.22463487088680267, 0.005559070035815239, 0.0632932037115097, 0.14568670094013214, 0.06438317894935608, 0.22029177844524384, 0.03511865437030792, 0.08169424533843994, 0.09230887144804001, 0.036591462790966034, 0.03858506307005882, 0.023383960127830505, 0.009913326241075993, 0.009174834936857224, 0.24605059623718262, 0.044613998383283615, 0.04937164485454559, 0.06749124079942703, 0.3445166051387787, 0.040689218789339066, 0.09093941003084183, 0.003902292810380459, 0.09989609569311142, 0.09042702615261078, 0.013727713376283646, 0.008784608915448189, 0.2884862422943115, 0.6098105907440186, 0.001655546948313713, 0.39820024371147156, 0.033479612320661545, 0.010794861242175102, 0.0628638043999672, 0.14550790190696716, 0.11393911391496658, 0.009389652870595455, 0.400968998670578, 0.39166533946990967, 0.30121511220932007, 0.19267873466014862, 0.17585022747516632, 0.017004797235131264, 0.17861533164978027, 0.38650670647621155, 0.19654974341392517, 0.05083784833550453, 0.16066287457942963, 0.24517972767353058, 0.14304219186306, 0.046904075890779495, 0.10425832122564316, 0.19996683299541473, 0.0695781260728836, 0.01849258504807949, 0.11319978535175323, 0.33876389265060425, 0.2619468867778778, 0.12650059163570404, 0.23804660141468048, 0.2832050025463104, 0.0955168753862381, 0.0832611545920372, 0.4712706208229065, 0.017110906541347504, 0.03837670385837555, 0.5928568243980408, 0.44615504145622253, 0.06699580699205399, 0.0893361046910286, 0.030687738209962845, 0.01794128119945526, 0.07718828320503235, 0.0678221732378006]"
F20,"[0.2685767114162445, 0.006170698907226324, 0.1607924997806549, 0.16957519948482513, 0.1536986231803894, 0.16498345136642456, 0.21526028215885162, 0.07372306287288666, 0.16634400188922882, 0.08768424391746521, 0.032006535679101944, 0.18863753974437714, 0.38027065992355347, 0.10971850156784058, 0.14080587029457092, 0.09128817915916443, 0.05519966036081314, 0.3548065721988678, 0.14782732725143433, 0.030118213966488838, 0.0010694892844185233, 0.09398670494556427, 0.062269095331430435, 0.025215651839971542, 0.08023640513420105, 0.17543064057826996, 0.08905217796564102, 0.03748282790184021, 0.011962859891355038, 0.09791956096887589, 0.1415373533964157, 0.31120455265045166, 0.005091308616101742, 0.016128726303577423, 0.043068040162324905, 0.16631609201431274, 0.06857012212276459, 0.18378795683383942, 0.19074292480945587, 0.06034979969263077, 0.14959688484668732, 0.06084802374243736, 0.048815011978149414, 0.09349805116653442, 0.13177883625030518, 0.04041728377342224, 0.006220944691449404, 0.06653986126184464, 0.082833431661129, 0.15873032808303833, 0.32633352279663086, 0.151455357670784, 0.1080891415476799, 0.06762441247701645, 0.12006174027919769, 0.06223498284816742, 0.22593142092227936, 0.12485811114311218, 0.017816107720136642, 0.3115367293357849, 0.12725785374641418, 0.1536927968263626, 0.15336476266384125, 0.22768542170524597, 0.030904248356819153, 0.016579221934080124, 0.5737670063972473, 0.24937519431114197, 0.27278947830200195, 0.06468124687671661, 0.27273768186569214, 0.012010582722723484, 0.11756222695112228, 0.13700160384178162, 0.04662424325942993, 0.11242782324552536, 0.13296765089035034, 0.04687235504388809, 0.1722334325313568, 0.1378650963306427, 0.01758890599012375, 0.12952665984630585, 0.0006874346290715039, 0.15177081525325775, 0.3264281749725342, 0.03909681737422943, 0.11864004284143448, 0.10779745876789093, 0.1553877741098404, 0.0016573806060478091, 0.13149434328079224, 0.417470782995224, 0.054851189255714417, 0.02927723526954651, 0.023655200377106667, 0.01360231637954712, 0.265437513589859, 0.1359681785106659, 0.11267095804214478, 0.09519197046756744, 0.06455725431442261, 0.11593668162822723, 0.05063494294881821, 0.14015884697437286, 0.3323231041431427, 0.07213497906923294, 0.07455679029226303, 0.12120596319437027, 0.051292888820171356, 0.11011806130409241, 0.32687175273895264, 0.13906538486480713, 0.14619210362434387, 0.2160920947790146, 0.30719417333602905, 0.15318048000335693, 0.26510733366012573, 0.010787849314510822, 0.03458044305443764, 0.04957878962159157, 0.06300249695777893, 0.025947654619812965, 0.2108568698167801, 0.37265491485595703, 0.12359855324029922, 0.15136082470417023, 0.33693164587020874, 0.08962038159370422]"
F21,"[0.14911489188671112, 0.06980942189693451, 0.2945588231086731, 0.14529897272586823, 0.11784601956605911, 0.3406723737716675, 0.03737007454037666, 0.27620628476142883, 0.022433141246438026, 0.10336539894342422, 0.07116536051034927, 0.012751228176057339, 0.07360976189374924, 0.06119054928421974, 0.8088493943214417, 0.5008523464202881, 0.02544143982231617, 0.02497500739991665, 0.23237895965576172, 0.13277050852775574, 0.0686192661523819, 0.03889085352420807, 0.11787126213312149, 0.20179538428783417, 0.2614743113517761, 0.19241666793823242, 0.1732112318277359, 0.03994279354810715, 0.01980472169816494, 0.0033494271337985992, 0.1331731379032135, 0.04581800848245621, 0.01693793013691902, 0.06868980824947357, 0.31891536712646484, 0.5071324110031128, 0.015281190164387226, 0.29953667521476746, 0.11941231042146683, 0.4713377356529236, 0.012037595734000206, 0.11643584072589874, 0.0036164037883281708, 0.222881481051445, 0.08666767179965973, 0.16607777774333954, 0.18149873614311218, 0.15049368143081665, 0.017674775794148445, 0.007553984876722097, 0.01174981240183115, 0.2087232768535614, 0.2760183811187744, 0.14002463221549988, 0.021240437403321266, 0.2320977747440338, 0.07623860985040665, 0.06990225613117218, 0.13371510803699493, 0.009488869458436966, 0.14559727907180786, 0.13592740893363953, 0.01597527228295803, 0.06493920087814331, 0.058470070362091064, 0.01555537711828947, 0.1331857442855835, 0.1457921415567398, 0.017054421827197075, 0.08026119321584702, 0.02846049889922142, 0.03645505756139755, 0.18332035839557648, 0.10990225523710251, 0.08760977536439896, 0.3015264868736267, 0.16546636819839478, 0.037732794880867004, 0.1408241242170334, 0.19485139846801758, 0.11782529205083847, 0.08227018266916275, 0.08999362587928772, 0.033109817653894424, 0.17765368521213531, 0.0028892604168504477, 0.10045930743217468, 0.06520844995975494, 0.3667234480381012, 0.060883402824401855, 0.0739273875951767, 0.0154903344810009, 0.1636928766965866, 0.26276126503944397, 0.03669358417391777, 0.11116357892751694, 0.052665095776319504, 0.09730559587478638, 0.18597891926765442, 0.32976508140563965, 0.11199518293142319, 0.07023021578788757, 0.18568138778209686, 0.05421920865774155, 0.22856946289539337, 0.1622905731201172, 0.36971765756607056, 0.0640103742480278, 0.16388453543186188, 0.20117437839508057, 0.1927739679813385, 0.015811901539564133, 0.15897367894649506, 0.07233810424804688, 0.034043896943330765, 0.14985552430152893, 0.08320404589176178, 0.02065473049879074, 0.10187772661447525, 0.254054993391037, 0.04606366530060768, 0.19095472991466522, 0.050103362649679184, 0.16620056331157684, 0.10028678923845291, 0.14088143408298492, 0.43407994508743286, 0.006727167405188084]"
F22,"[0.005266932304948568, 0.00851278193295002, 0.09879405051469803, 0.00046917414874769747, 0.042585212737321854, 0.19031332433223724, 0.020311327651143074, 0.1357940435409546, 0.04219533130526543, 0.07238957285881042, 0.17484697699546814, 0.055342014878988266, 0.06470790505409241, 0.048195209354162216, 0.19236448407173157, 0.2171153575181961, 0.22825226187705994, 0.06682713329792023, 0.0657157376408577, 0.0821937769651413, 0.23853394389152527, 0.06500133126974106, 0.14698044955730438, 0.2012988030910492, 0.18077881634235382, 0.20553991198539734, 0.00011302698840154335, 0.10352914780378342, 0.2906160354614258, 0.14445804059505463, 0.07257363200187683, 0.23012354969978333, 0.11831034719944, 0.14485478401184082, 0.00817541591823101, 0.23164069652557373, 0.22811643779277802, 0.0712641179561615, 0.04588979855179787, 0.15440814197063446, 0.2552882730960846, 0.18982425332069397, 0.08760343492031097, 0.129694864153862, 0.11041326820850372, 0.0685318112373352, 0.0009120024042204022, 0.1977137178182602, 0.14442937076091766, 0.3148338496685028, 0.084679514169693, 0.0853695347905159, 0.16172312200069427, 0.19979974627494812, 0.15435656905174255, 0.2511672079563141, 0.10481550544500351, 0.1656564474105835, 0.008459906093776226, 0.0007478022016584873, 0.3571830689907074, 0.011935368180274963, 0.08549634367227554, 0.07524365186691284, 0.17889460921287537, 0.04807380959391594, 0.12301096320152283, 0.01999623328447342, 0.13657645881175995, 0.17355535924434662, 0.19106239080429077, 0.1291959285736084, 0.19471023976802826, 0.17741122841835022, 0.24033693969249725, 0.13587574660778046, 0.22143249213695526, 0.19324003159999847, 0.024035412818193436, 0.27805957198143005, 0.31335142254829407, 0.7678208947181702, 0.2548013925552368, 0.11942926794290543, 0.003723588539287448, 0.12842001020908356, 0.04076933115720749, 0.013555450364947319, 0.04783305525779724, 0.16228021681308746, 0.10576136410236359, 0.05311774089932442, 0.2728399634361267, 0.05442774295806885, 0.11564163118600845, 0.08162044733762741, 0.20449350774288177, 0.07077202200889587, 0.2588508725166321, 0.007229350041598082, 0.02193405292928219, 0.11266594380140305, 0.04600626230239868, 0.0787879005074501, 0.025716178119182587, 0.08749827742576599, 0.002163634402677417, 0.0023099661339074373, 0.08172976225614548, 0.15452758967876434, 0.01371402945369482, 0.09667613357305527, 0.13923399150371552, 0.048295460641384125, 0.07572717219591141, 0.05791076645255089, 0.11502845585346222, 0.138568714261055, 0.2271919846534729, 0.05172184109687805, 0.08633682131767273, 0.09255802631378174, 0.09988704323768616, 0.12325030565261841, 0.00234644184820354, 0.025261852890253067, 0.054198045283555984, 0.2737269997596741]"
F23,"[0.006194621324539185, 0.14482556283473969, 0.003079001558944583, 0.14272937178611755, 0.10501258075237274, 0.06811203807592392, 0.09913554042577744, 0.006213979795575142, 0.4839501678943634, 0.25371503829956055, 0.14135320484638214, 0.05900409445166588, 0.0013149260776117444, 0.11962668597698212, 0.1240733414888382, 0.22773253917694092, 0.11455850303173065, 0.25479650497436523, 0.14888809621334076, 0.026344159618020058, 0.10168479382991791, 0.06725136190652847, 0.13353778421878815, 0.034483060240745544, 0.15145276486873627, 0.26804885268211365, 0.09561236202716827, 0.041789013892412186, 0.02692686952650547, 0.06872064620256424, 0.19971905648708344, 0.8958579301834106, 0.014376921579241753, 0.09530261904001236, 0.34706342220306396, 0.5671345591545105, 0.03472721204161644, 0.06264273822307587, 0.22043977677822113, 0.16526077687740326, 0.015217573381960392, 0.32982707023620605, 0.008842693641781807, 0.020759664475917816, 0.10116003453731537, 0.41724371910095215, 0.18804168701171875, 0.13323114812374115, 0.02206435613334179, 0.11428896337747574, 0.36685436964035034, 0.23302485048770905, 0.13479730486869812, 0.3145756721496582, 0.09901421517133713, 0.18999819457530975, 0.28813886642456055, 0.264874666929245, 0.07720852643251419, 0.1657784879207611, 0.14382775127887726, 0.013048158958554268, 0.13342255353927612, 0.1215711459517479, 0.16808484494686127, 0.06369318068027496, 0.010412130504846573, 0.014773309230804443, 0.03457220271229744, 0.17692507803440094, 0.6077679395675659, 0.26469317078590393, 0.32877933979034424, 0.10507526993751526, 0.2198512703180313, 0.265462189912796, 0.028189193457365036, 0.07174843549728394, 0.11193870007991791, 0.04972439631819725, 0.20973826944828033, 0.04272858425974846, 0.06388914585113525, 0.0548383928835392, 0.13763491809368134, 0.29576486349105835, 0.03544677793979645, 0.17538557946681976, 0.3881276547908783, 0.19905854761600494, 0.08785192668437958, 0.002732297405600548, 0.30286556482315063, 0.16886305809020996, 0.1489039957523346, 0.6095962524414062, 0.047203660011291504, 0.42568883299827576, 0.061017271131277084, 0.06370951980352402, 0.2557904124259949, 0.011552305892109871, 0.008867769502103329, 0.018630079925060272, 0.002509139943867922, 0.12313970178365707, 0.18825769424438477, 0.2132181078195572, 0.018985901027917862, 0.0005291990237310529, 0.19545629620552063, 0.00012939619773533195, 0.26131471991539, 0.04556569084525108, 0.14333811402320862, 0.02996373549103737, 0.14033158123493195, 0.17353560030460358, 0.39452019333839417, 0.027527155354619026, 0.04173813760280609, 0.30793389678001404, 0.12957054376602173, 0.10254841297864914, 0.09261482954025269, 0.16251738369464874, 0.0037634086329489946, 0.1449870765209198]"
F24,"[0.479606956243515, 0.18119576573371887, 0.30534860491752625, 0.39595961570739746, 0.18782749772071838, 0.06775674223899841, 0.009764001704752445, 0.057704195380210876, 0.30279257893562317, 0.04072204604744911, 0.009806498885154724, 0.08786191791296005, 0.1363336145877838, 0.030458373948931694, 0.0030522795859724283, 0.23477834463119507, 0.00935405120253563, 0.11455214023590088, 0.18346667289733887, 0.10219750553369522, 0.1705612689256668, 0.11400417238473892, 0.0005983117152936757, 0.0747305303812027, 0.07805000245571136, 0.037901945412158966, 0.046913597732782364, 0.1419847160577774, 0.10982958227396011, 0.3907051384449005, 0.07332348823547363, 0.13946890830993652, 8.063560380833223e-05, 0.05612488090991974, 0.03542332351207733, 0.05750546604394913, 0.07925746589899063, 0.33098304271698, 0.2727276086807251, 0.2605251967906952, 0.086519755423069, 0.04805925861001015, 0.2497406154870987, 0.0886320024728775, 0.11279771476984024, 0.0560033954679966, 0.03143421560525894, 0.1541084349155426, 0.33085182309150696, 0.024466462433338165, 0.15824438631534576, 0.38464638590812683, 0.27136579155921936, 0.07440505176782608, 0.2091192603111267, 0.26603493094444275, 0.18792954087257385, 0.008711026050150394, 0.608606219291687, 0.3701702952384949, 0.3162049651145935, 0.08370296657085419, 0.01900244690477848, 0.298197865486145, 0.04951148107647896, 0.3340252935886383, 0.3663802742958069, 0.2681032717227936, 0.15015465021133423, 0.05067630857229233, 0.016938775777816772, 0.07455256581306458, 0.18472711741924286, 0.08741970360279083, 0.19732803106307983, 0.18971283733844757, 0.21756133437156677, 0.23908951878547668, 0.3291531205177307, 0.02981843799352646, 0.03910502418875694, 0.03341791033744812, 0.019069502130150795, 0.06309682130813599, 0.1334734708070755, 0.4332263767719269, 0.07136552780866623, 0.06684129685163498, 0.09852047264575958, 0.08159584552049637, 0.09227250516414642, 0.14075961709022522, 0.08637592941522598, 0.10387696325778961, 0.03180704265832901, 0.02408316731452942, 0.04735918715596199, 0.5355910062789917, 0.03466137871146202, 0.11846745759248734, 0.139153853058815, 0.3212893605232239, 0.0007159644737839699, 0.23413558304309845, 0.19204114377498627, 0.2125040590763092, 0.27878886461257935, 0.18071959912776947, 0.0835336446762085, 0.385759174823761, 0.24935975670814514, 0.12100265920162201, 0.14864128828048706, 0.05609230324625969, 0.10638201236724854, 0.08388055860996246, 0.2621707618236542, 0.02217690274119377, 0.07872996479272842, 0.05818213149905205, 0.00019559312204364687, 0.18275149166584015, 0.16081593930721283, 0.07577726244926453, 0.43727928400039673, 0.0007971767336130142, 0.3405497372150421, 0.16790758073329926]"
F25,"[0.019468633458018303, 0.023008408024907112, 0.07313084602355957, 0.023189743980765343, 0.14742189645767212, 0.2505195438861847, 0.05112228915095329, 0.0478898249566555, 0.5912172794342041, 0.0638185366988182, 0.05819990113377571, 0.08321022242307663, 0.002053957898169756, 0.22063420712947845, 0.22657732665538788, 0.01885204017162323, 0.09531517326831818, 0.03242625668644905, 0.0863577276468277, 0.17845827341079712, 0.24363350868225098, 0.04733782634139061, 0.0611330009996891, 0.12366616725921631, 0.10713687539100647, 0.5616149306297302, 0.40069979429244995, 0.07557700574398041, 0.20564666390419006, 0.08649399131536484, 0.04520567134022713, 0.07138434797525406, 0.06156672164797783, 0.0645928904414177, 0.17097444832324982, 0.025499403476715088, 0.29888248443603516, 0.12306895852088928, 0.4029458165168762, 0.18939295411109924, 0.04951270669698715, 0.24190568923950195, 0.06520301848649979, 0.014459923841059208, 0.0684211254119873, 0.012828750535845757, 0.06959450989961624, 0.02482706867158413, 0.2702805697917938, 0.028455737978219986, 0.05152125656604767, 0.10511443018913269, 0.6470232605934143, 1.179605484008789, 0.0855683907866478, 0.029300609603524208, 0.08931060880422592, 0.1373981088399887, 0.1714288294315338, 0.28173601627349854, 0.5299989581108093, 0.2632851302623749, 0.09366412460803986, 0.20655664801597595, 0.031542811542749405, 0.033056311309337616, 0.3123425543308258, 0.13699638843536377, 0.26303601264953613, 0.023389698937535286, 0.024763131514191628, 0.2672731876373291, 0.00472307251766324, 0.10864150524139404, 0.296834796667099, 0.051411159336566925, 0.08480559289455414, 0.018175212666392326, 0.10771417617797852, 0.14818385243415833, 0.23100964725017548, 0.12095101922750473, 0.08335606008768082, 0.10521112382411957, 0.5198180675506592, 0.09080388396978378, 0.03394721820950508, 0.09069901704788208, 0.10789436846971512, 0.08694896101951599, 0.022716736420989037, 0.21747219562530518, 0.08485913276672363, 0.21222102642059326, 0.17285308241844177, 0.17091743648052216, 0.05216635391116142, 0.0964738130569458, 0.042153824120759964, 0.15467746555805206, 0.25930771231651306, 0.09691772609949112, 0.04840720817446709, 0.09847396612167358, 0.2565074563026428, 0.02970738522708416, 0.29945892095565796, 0.010085317306220531, 0.09751486033201218, 0.10538695752620697, 0.24365247786045074, 0.15537549555301666, 0.3250303566455841, 0.12646083533763885, 0.0616743266582489, 0.1854233294725418, 0.23253700137138367, 0.22026079893112183, 0.022142620757222176, 0.06444939225912094, 0.17797186970710754, 0.006967409513890743, 0.01251666247844696, 0.18516331911087036, 0.0793168768286705, 0.12668932974338531, 0.22246310114860535, 0.08590839058160782]"
F26,"[0.0699116513133049, 0.06526415050029755, 0.0477907694876194, 0.09165141731500626, 0.09079471230506897, 0.16066807508468628, 0.12003115564584732, 0.07157573103904724, 0.14220842719078064, 0.06423243880271912, 0.024705497547984123, 0.3897249698638916, 0.25381094217300415, 0.07510164380073547, 0.09512212872505188, 0.19915632903575897, 0.08411910384893417, 0.20844346284866333, 0.19514815509319305, 0.11425194889307022, 0.03147966414690018, 0.11584437638521194, 0.09445422142744064, 0.051024001091718674, 0.02743351459503174, 0.18522034585475922, 0.09833680838346481, 0.05925856530666351, 0.0963432565331459, 0.16787773370742798, 0.17462602257728577, 0.21640466153621674, 0.08386345207691193, 0.15635345876216888, 0.07438632100820541, 0.21878410875797272, 0.08449158817529678, 0.05074614658951759, 0.22821250557899475, 0.27843740582466125, 0.006130709312856197, 0.11478350311517715, 0.26235079765319824, 0.3428440988063812, 0.04988337680697441, 0.20135578513145447, 0.10453496873378754, 0.2565118968486786, 0.01737194135785103, 0.024552013725042343, 0.03545112535357475, 0.044937461614608765, 0.1633702963590622, 0.10624410212039948, 0.06361868977546692, 0.10273241996765137, 0.04461967945098877, 0.41868114471435547, 0.4844028949737549, 0.09607376158237457, 0.2051919847726822, 0.03944568336009979, 0.044327735900878906, 0.04589880257844925, 0.15209084749221802, 0.004385481588542461, 0.25632330775260925, 0.04283127561211586, 0.0377345010638237, 0.05094779655337334, 0.12997697293758392, 0.11650832742452621, 0.1611679643392563, 0.22165420651435852, 0.14524610340595245, 0.009791266173124313, 0.0006165695376694202, 0.26157936453819275, 0.05691832676529884, 0.02185163088142872, 0.2094741314649582, 0.2426750212907791, 0.06181303784251213, 0.23751449584960938, 0.11730115860700607, 0.2034556269645691, 0.1871628761291504, 0.26420858502388, 0.0021331619936972857, 0.20092551410198212, 0.32559677958488464, 0.15609298646450043, 0.3524031937122345, 0.06611773371696472, 0.27081072330474854, 0.061065755784511566, 0.14868853986263275, 0.016239993274211884, 0.04068832844495773, 0.10224294662475586, 0.015706870704889297, 0.07842596620321274, 0.08376872539520264, 0.1347174346446991, 0.11418706178665161, 0.23940438032150269, 0.014022476971149445, 0.17716865241527557, 0.08468460291624069, 0.27298012375831604, 0.20756851136684418, 0.10396478325128555, 0.1143055185675621, 0.2729976177215576, 0.1767120659351349, 0.16148214042186737, 0.07179569453001022, 0.02598787471652031, 0.08364976197481155, 0.034563276916742325, 0.20511597394943237, 0.03897934779524803, 0.0183098241686821, 0.09414435923099518, 0.04616014286875725, 0.32926660776138306, 0.1547255963087082, 0.45501092076301575]"
F27,"[0.022972311824560165, 0.06323157995939255, 0.08583071082830429, 0.014724242500960827, 0.06366831064224243, 0.2342972308397293, 0.005228264722973108, 0.32591867446899414, 0.09713353216648102, 0.1242671012878418, 0.19584964215755463, 0.0191509909927845, 0.06740690767765045, 0.0064122024923563, 0.014278050512075424, 0.005838134791702032, 0.047723591327667236, 0.6920192241668701, 0.3333439230918884, 0.02519037574529648, 0.1439570188522339, 0.11044755578041077, 0.072258859872818, 0.27999401092529297, 0.1494772881269455, 0.19858618080615997, 0.1398540735244751, 0.12941528856754303, 0.07557754218578339, 0.019393736496567726, 0.04549723491072655, 0.5910226106643677, 0.021326974034309387, 0.33460015058517456, 0.17160263657569885, 0.013527777045965195, 0.008202034048736095, 0.13612264394760132, 0.24796971678733826, 0.01595933549106121, 0.005785895045846701, 0.16816429793834686, 0.010210548527538776, 0.15812696516513824, 0.017266511917114258, 0.3033517003059387, 0.06490062177181244, 0.0019166241399943829, 0.06315621733665466, 0.03895339369773865, 0.1549360752105713, 0.06488333642482758, 0.05157812684774399, 0.2531623840332031, 0.19351530075073242, 0.16765351593494415, 0.36623528599739075, 0.300853967666626, 0.3118857145309448, 0.14013192057609558, 0.008278388530015945, 0.0033223475329577923, 0.2899397611618042, 0.17817172408103943, 0.003136696293950081, 0.05298371613025665, 0.05194113031029701, 0.12191276997327805, 0.1860799789428711, 0.06909917294979095, 0.2871810793876648, 0.07198672741651535, 0.30547717213630676, 0.05174251273274422, 0.13927029073238373, 0.04731638357043266, 0.0080784996971488, 0.03676139563322067, 0.03398260846734047, 0.16336962580680847, 0.03497513011097908, 0.39088839292526245, 0.016209404915571213, 0.03138190507888794, 0.21688824892044067, 0.3347983956336975, 0.009373110719025135, 0.19135922193527222, 0.3641507923603058, 0.010161347687244415, 0.07366401702165604, 0.013450033031404018, 0.04783641919493675, 0.23119157552719116, 0.002907846122980118, 0.302280068397522, 0.22157330811023712, 0.14699290692806244, 0.06437143683433533, 0.029548289254307747, 0.0752440020442009, 0.18528372049331665, 0.004964756779372692, 0.16265402734279633, 0.130036860704422, 0.17680053412914276, 0.005191092379391193, 0.16050443053245544, 0.22015590965747833, 0.03780480846762657, 0.1766943484544754, 0.02256839908659458, 0.1484479159116745, 0.224285289645195, 0.109590083360672, 0.07971203327178955, 0.15625245869159698, 0.1229901984333992, 0.3834908902645111, 0.06161441281437874, 0.16916455328464508, 0.08307423442602158, 0.17100109159946442, 0.3215586245059967, 0.03953505679965019, 0.2870340347290039, 0.027148373425006866, 0.15801839530467987]"
F28,"[0.15332220494747162, 0.1432969868183136, 0.4567294120788574, 0.10677985846996307, 0.8595149517059326, 0.039488665759563446, 0.6544459462165833, 0.16911421716213226, 0.4736995995044708, 0.006560455076396465, 0.03516411781311035, 0.12385151535272598, 0.21541935205459595, 0.18314258754253387, 0.31129294633865356, 0.41594186425209045, 0.12836714088916779, 0.33041778206825256, 0.16104429960250854, 0.22952045500278473, 0.2115173041820526, 0.21053050458431244, 0.33007296919822693, 0.010885859839618206, 0.07423620671033859, 0.1714334785938263, 0.1309010088443756, 0.5517168641090393, 0.09985650330781937, 0.4789106249809265, 0.07692079246044159, 0.09265801310539246, 0.1952902227640152, 0.20816220343112946, 0.13263598084449768, 0.2222306877374649, 0.42641371488571167, 0.21623411774635315, 0.14894525706768036, 0.06052188575267792, 0.5046160817146301, 0.08681179583072662, 0.20145483314990997, 0.036708902567625046, 0.7288947701454163, 0.1557263433933258, 0.07848558574914932, 0.7771559953689575, 0.5943255424499512, 0.22777202725410461, 0.18357746303081512, 0.22593162953853607, 0.09202088415622711, 0.1749800145626068, 0.10208231955766678, 0.10794437676668167, 0.013831754215061665, 0.09050992876291275, 0.026026658713817596, 0.19886058568954468, 0.61929851770401, 0.18054740130901337, 0.3863737881183624, 0.19553758203983307, 1.1561862230300903, 0.017464594915509224, 0.06516068428754807, 0.1248118057847023, 0.06678152084350586, 0.09960964322090149, 0.11020215600728989, 0.3954288363456726, 0.0317542739212513, 0.07314892113208771, 0.13790713250637054, 0.4896489977836609, 0.32677769660949707, 0.1566421091556549, 0.06142677739262581, 0.31185612082481384, 0.09606942534446716, 0.22657783329486847, 0.31286102533340454, 0.025417830795049667, 0.17088429629802704, 0.05516864359378815, 0.027879294008016586, 0.3331429064273834, 0.2905089259147644, 0.03714233264327049, 0.010113290511071682, 0.2774624526500702, 0.34104016423225403, 0.36982089281082153, 0.10384532809257507, 0.012723077088594437, 0.025391677394509315, 0.3807987570762634, 0.0006773429922759533, 0.03449097275733948, 0.3093775808811188, 0.04338691383600235, 0.012726436369121075, 0.027301663532853127, 0.18597576022148132, 0.1145688071846962, 0.21461835503578186, 0.19221752882003784, 0.13006795942783356, 0.072491854429245, 0.29715192317962646, 0.06144939363002777, 0.2767382860183716, 0.13220055401325226, 0.014264334924519062, 0.10164780914783478, 0.04658612981438637, 0.14404615759849548, 0.1780121624469757, 0.013447077013552189, 0.05367722734808922, 0.08608249574899673, 0.5297062993049622, 0.23646113276481628, 0.08915597945451736, 0.07000984251499176, 0.24146875739097595, 0.038050148636102676]"
F29,"[0.1584646999835968, 0.16619281470775604, 0.17103180289268494, 0.18570007383823395, 0.015544460155069828, 0.06908584386110306, 0.2951359450817108, 0.07772061228752136, 0.21948672831058502, 0.1112176775932312, 0.04053512215614319, 0.02944747358560562, 0.5042402148246765, 0.02558743953704834, 0.22588586807250977, 0.19028669595718384, 0.1275240182876587, 0.018202943727374077, 0.064496248960495, 0.04122617840766907, 0.276351660490036, 0.05425719544291496, 0.0004043928056489676, 0.10145311057567596, 0.11376944929361343, 0.056670863181352615, 0.2252517193555832, 0.05909634754061699, 0.005599145777523518, 0.10939262062311172, 0.0994780883193016, 0.012121586129069328, 0.039914488792419434, 0.25050854682922363, 0.10102927684783936, 0.30777767300605774, 0.01067319791764021, 0.3967020809650421, 0.12436129152774811, 0.1846076101064682, 0.11812381446361542, 0.19117283821105957, 0.10985876619815826, 0.11169514805078506, 0.05212211608886719, 0.04361080750823021, 0.18570439517498016, 0.14703567326068878, 0.07072313129901886, 0.11155185848474503, 0.13501298427581787, 0.09548475593328476, 0.04091397300362587, 0.20792120695114136, 0.1153956949710846, 0.3933921158313751, 0.02453031949698925, 0.1255234181880951, 0.12552383542060852, 0.0026986831799149513, 0.010580250062048435, 0.2829441428184509, 0.20295681059360504, 0.03810214251279831, 0.01864803209900856, 0.2722014784812927, 0.240778386592865, 0.4268798828125, 0.05202152207493782, 0.06750801205635071, 0.14851444959640503, 0.11697952449321747, 0.02878345549106598, 0.009395413100719452, 0.009279592894017696, 0.2125675231218338, 0.1906592696905136, 0.06577587872743607, 0.09404545277357101, 0.029515182599425316, 0.00852341577410698, 0.23498481512069702, 0.08551613241434097, 0.3981928527355194, 0.3597475290298462, 0.023546947166323662, 0.02701977640390396, 0.06377597898244858, 0.08700420707464218, 0.15156437456607819, 0.041182734072208405, 0.4199378490447998, 0.16265647113323212, 0.054158736020326614, 0.035516154021024704, 0.1890261173248291, 0.004944191314280033, 0.046962276101112366, 0.0507374070584774, 0.029425524175167084, 0.08934792131185532, 0.24323996901512146, 0.09710174053907394, 0.1571580469608307, 0.008949126116931438, 0.440238356590271, 0.020416120067238808, 0.36817479133605957, 0.010487571358680725, 0.13439953327178955, 0.1813110113143921, 0.04746285080909729, 0.2624087929725647, 0.019915299490094185, 0.027643846347928047, 0.10207278281450272, 0.24036137759685516, 0.09186441451311111, 0.0547148659825325, 0.2379407435655594, 0.11297810822725296, 0.3043992519378662, 0.004653547424823046, 0.06000367924571037, 0.11430665105581284, 0.12429776042699814, 0.4235282242298126, 0.05316111072897911]"
F30,"[0.10256577283143997, 0.21807920932769775, 0.07522808760404587, 0.04842932149767876, 0.0716797336935997, 0.4054597318172455, 0.024191444739699364, 0.10167483985424042, 0.06393594294786453, 0.22000184655189514, 0.09439718723297119, 0.02390993945300579, 0.045316193252801895, 0.07705032080411911, 0.08357201516628265, 0.046999599784612656, 0.12840408086776733, 0.1485556960105896, 0.11878079921007156, 0.009236111305654049, 0.07133219391107559, 0.2427193969488144, 0.11332888901233673, 0.10249558836221695, 0.08825289458036423, 0.3950434625148773, 0.1708805114030838, 0.10664737969636917, 0.178490549325943, 0.06998094916343689, 0.2611662447452545, 0.03010232001543045, 0.1881973147392273, 0.015086011029779911, 0.08828163892030716, 0.2741066813468933, 0.1011221781373024, 0.004521423485130072, 0.16627831757068634, 0.23318582773208618, 0.07378274947404861, 0.07121166586875916, 0.013355370610952377, 0.207582488656044, 0.023256732150912285, 0.026946643367409706, 0.13056379556655884, 0.29210448265075684, 0.11952386796474457, 0.05534953996539116, 0.2088635265827179, 0.04057888686656952, 0.023242179304361343, 0.08224892616271973, 0.19076192378997803, 0.11382000148296356, 0.3268043100833893, 0.2671206295490265, 0.25106102228164673, 0.08695609867572784, 0.24073526263237, 0.3059804439544678, 0.12422992289066315, 0.16063594818115234, 0.03422372788190842, 0.13864806294441223, 0.311750590801239, 0.016445733606815338, 0.3689079284667969, 0.1932273656129837, 0.21304358541965485, 0.2278483510017395, 0.02272513322532177, 0.027133801952004433, 0.10835691541433334, 0.1899498999118805, 0.10564813017845154, 0.09898654371500015, 0.15130864083766937, 0.25829172134399414, 0.061113908886909485, 0.12135615944862366, 0.04417223483324051, 0.20083609223365784, 0.047279082238674164, 0.31356489658355713, 0.058646026998758316, 0.16342537105083466, 0.02476414479315281, 0.22129778563976288, 0.1563931256532669, 0.022431882098317146, 0.12851788103580475, 0.1721142679452896, 0.12224838882684708, 0.10073846578598022, 0.06579601764678955, 0.05417769029736519, 0.056237731128931046, 0.04732344672083855, 0.29624971747398376, 0.2036108523607254, 0.054613515734672546, 0.0471808984875679, 0.1461397260427475, 0.39197003841400146, 0.007737715728580952, 0.17938867211341858, 0.038919515907764435, 0.01537079643458128, 0.22559481859207153, 0.12842218577861786, 0.0751698836684227, 0.13486401736736298, 0.006493717432022095, 0.07151596993207932, 0.11737385392189026, 0.03755917400121689, 0.4325419068336487, 0.11132723093032837, 0.037172961980104446, 0.15213367342948914, 0.15154168009757996, 0.21121257543563843, 0.058832500129938126, 0.13578058779239655, 0.2815006375312805, 0.2833895981311798]"
F31,"[0.0973949059844017, 0.2524479627609253, 0.09214811772108078, 0.33784720301628113, 0.3221276104450226, 0.06712991744279861, 0.0501653328537941, 0.022677293047308922, 0.0001091795857064426, 0.19750016927719116, 0.7415117025375366, 0.20174112915992737, 0.061397701501846313, 0.019893495365977287, 0.18009692430496216, 0.09718047082424164, 0.169488325715065, 0.0946720615029335, 0.22564968466758728, 0.06595809757709503, 0.06336162239313126, 0.22723360359668732, 0.06489869207143784, 0.23394343256950378, 0.1099032610654831, 0.266458660364151, 0.14016929268836975, 0.2698845863342285, 0.028417978435754776, 0.25696396827697754, 0.17385682463645935, 0.03392806649208069, 0.05683259665966034, 0.16824589669704437, 0.6326644420623779, 0.003909482154995203, 0.22013548016548157, 0.2501402795314789, 0.03873791545629501, 0.00085531419608742, 0.32034456729888916, 0.13396532833576202, 0.028386147692799568, 0.09201547503471375, 0.1735612452030182, 0.005952677223831415, 0.22430546581745148, 0.11062847822904587, 0.02968856319785118, 0.24583852291107178, 0.17588883638381958, 0.13884127140045166, 0.15700185298919678, 0.2502920925617218, 0.09203296154737473, 0.25303468108177185, 0.2946915924549103, 0.043539758771657944, 0.24978935718536377, 0.17656172811985016, 0.13279812037944794, 0.08891083300113678, 0.22294442355632782, 0.10144344717264175, 0.014079388231039047, 0.3607257902622223, 0.4390234351158142, 0.05443841218948364, 0.10159831494092941, 0.23012283444404602, 0.201494500041008, 0.03571048751473427, 0.46164146065711975, 0.019315296784043312, 0.3653813302516937, 0.06253190338611603, 0.12816014885902405, 0.09187239408493042, 0.05905044823884964, 0.08145518600940704, 0.10237658023834229, 0.07308974117040634, 0.4365185797214508, 0.3195195198059082, 0.08188702166080475, 0.10076700896024704, 0.15683750808238983, 0.2337695062160492, 0.026696041226387024, 0.07727270573377609, 0.2041032761335373, 0.08055426180362701, 0.1638612300157547, 0.019399289041757584, 0.0838400200009346, 0.21675990521907806, 0.3074079155921936, 0.38386785984039307, 0.008837074041366577, 0.19128049910068512, 0.12221770733594894, 0.3138945400714874, 0.026380034163594246, 0.08369861543178558, 0.01245786715298891, 0.14320622384548187, 0.47383642196655273, 0.13847695291042328, 0.094601571559906, 0.04584787040948868, 0.030061153694987297, 0.0398206003010273, 0.015932809561491013, 0.026594310998916626, 0.06528954207897186, 0.059139762073755264, 0.17987123131752014, 0.11972948163747787, 0.06735627353191376, 0.04055269807577133, 0.031252793967723846, 0.17755915224552155, 0.1092200055718422, 0.3859899938106537, 0.13071130216121674, 0.05861769616603851, 0.13234980404376984, 0.20752979815006256]"
F32,"[0.014238080009818077, 0.060655370354652405, 0.3758816421031952, 0.2437157779932022, 0.3533989191055298, 0.04416276887059212, 0.1795710176229477, 0.092879518866539, 0.044180769473314285, 0.01202110480517149, 0.33395692706108093, 0.21133042871952057, 0.007383442018181086, 0.10277114808559418, 0.43034255504608154, 0.09255015850067139, 0.11451394110918045, 0.06273586302995682, 0.26038312911987305, 0.2573058009147644, 0.18774168193340302, 0.31873050332069397, 0.0544343926012516, 0.06827948242425919, 0.338115394115448, 0.09131535142660141, 0.29395613074302673, 0.33097001910209656, 0.07132595032453537, 0.14954063296318054, 0.1927299052476883, 0.2480429857969284, 0.22060590982437134, 0.09966395795345306, 0.19961777329444885, 0.27524104714393616, 0.15558885037899017, 0.0050876559689641, 0.06331004947423935, 0.10498948395252228, 0.052326008677482605, 0.3252628743648529, 0.0022382072638720274, 0.27446895837783813, 0.031242940574884415, 0.07379717379808426, 0.12587855756282806, 0.15149548649787903, 0.16915255784988403, 0.05667027458548546, 0.3966549336910248, 0.01176468189805746, 0.038310933858156204, 0.12893564999103546, 0.0832958072423935, 0.038999784737825394, 0.11892976611852646, 0.08907750993967056, 0.06396972388029099, 0.1568286120891571, 0.019585365429520607, 0.13560865819454193, 0.09288043528795242, 0.10009215772151947, 0.07563037425279617, 0.31540170311927795, 0.16624018549919128, 0.006602191831916571, 0.18903006613254547, 0.3494734466075897, 0.11347668617963791, 0.3658251464366913, 0.15104159712791443, 0.10023920983076096, 0.03784129396080971, 0.05950607359409332, 0.4861006438732147, 0.0886751264333725, 0.20803962647914886, 0.4315067231655121, 0.13190674781799316, 0.06746930629014969, 0.16159997880458832, 0.011495141312479973, 0.06554055958986282, 0.12243292480707169, 0.1355205923318863, 0.041536517441272736, 0.2520447373390198, 0.019397305324673653, 0.197373628616333, 0.06563647091388702, 0.14700832962989807, 0.06815193593502045, 0.054062370210886, 0.06436076760292053, 0.18376041948795319, 0.004258154425770044, 0.1715639978647232, 0.009048954583704472, 0.23814460635185242, 0.5075724124908447, 0.03156014904379845, 0.3061319887638092, 0.039321672171354294, 0.057252444326877594, 0.07275226712226868, 0.1280158907175064, 0.2074088156223297, 0.028367016464471817, 0.05654127523303032, 0.03657938539981842, 0.6268524527549744, 0.13510368764400482, 0.16731473803520203, 0.15910926461219788, 0.027862999588251114, 0.01894318126142025, 0.06649621576070786, 0.2720045745372772, 0.0022592106834053993, 0.2381884753704071, 0.041248172521591187, 0.2845608592033386, 0.004344471730291843, 0.05129722133278847, 0.1481124311685562, 0.12882743775844574]"
F33,"[0.19033589959144592, 0.7648217678070068, 0.2867036461830139, 0.029645660892128944, 0.0035299709998071194, 0.11635881662368774, 0.11082159727811813, 0.1758837252855301, 0.3315327763557434, 0.16831472516059875, 0.17016829550266266, 0.025873685255646706, 0.09655093401670456, 0.01980479806661606, 0.06832591444253922, 0.31336450576782227, 0.19606727361679077, 0.11686451733112335, 0.07964611053466797, 0.08835400640964508, 0.004686275497078896, 0.15894289314746857, 0.10614340752363205, 0.036451708525419235, 0.0879988968372345, 0.03738890215754509, 0.36252930760383606, 0.14954009652137756, 0.20878063142299652, 0.03318314999341965, 0.15900428593158722, 0.026228729635477066, 0.043902646750211716, 0.01637144200503826, 0.03889162838459015, 0.15352711081504822, 0.1080290898680687, 0.14603015780448914, 0.2329961508512497, 0.06850771605968475, 0.013703829608857632, 0.003763803280889988, 0.020816225558519363, 0.2935117781162262, 0.05176238343119621, 0.020888788625597954, 0.27556681632995605, 0.026827631518244743, 0.19891637563705444, 0.06515664607286453, 0.04220559448003769, 0.11203712970018387, 0.2289619892835617, 0.05182693526148796, 0.05517306178808212, 0.18455520272254944, 0.10634702444076538, 0.10914928466081619, 0.05853165686130524, 0.0768350139260292, 0.32117849588394165, 0.158259317278862, 0.11773296445608139, 0.15469492971897125, 0.023471370339393616, 0.2665935456752777, 0.009260909631848335, 0.03164916858077049, 0.31434640288352966, 0.14777503907680511, 0.2600023150444031, 0.06202970817685127, 0.27576714754104614, 0.09424936026334763, 0.01803799346089363, 0.07823427766561508, 0.006584889721125364, 0.03791120648384094, 0.2113647162914276, 0.02908250316977501, 0.21087461709976196, 0.05539508908987045, 0.17475458979606628, 0.023989440873265266, 0.18040980398654938, 0.19529426097869873, 0.2495039403438568, 0.02280283533036709, 0.1272604614496231, 0.2843850553035736, 0.1159479022026062, 0.3054808974266052, 0.21189448237419128, 0.23038719594478607, 0.03683114051818848, 0.0013416733127087355, 0.043522365391254425, 0.16770565509796143, 0.2181260734796524, 0.007638486102223396, 0.20832395553588867, 0.10829566419124603, 0.023911945521831512, 0.11484693735837936, 0.03886871039867401, 0.236324742436409, 0.28090524673461914, 0.09698157757520676, 0.20452658832073212, 0.052329402416944504, 0.39019036293029785, 0.19114477932453156, 0.18665249645709991, 0.09951747208833694, 0.061722420156002045, 0.33883166313171387, 0.03886711224913597, 0.0768524780869484, 0.23342476785182953, 0.1327483355998993, 0.2266494184732437, 0.09148094058036804, 0.07148870080709457, 0.30815404653549194, 0.04335503280162811, 0.012234723195433617, 0.16438516974449158, 0.16994599997997284]"
F34,"[0.07122699916362762, 0.14757069945335388, 0.338650107383728, 0.008763095363974571, 0.04701961576938629, 0.14809423685073853, 0.016577234491705894, 0.0036724668461829424, 0.3590709865093231, 0.2897241711616516, 0.34872353076934814, 0.11618537455797195, 0.35727161169052124, 0.19401007890701294, 0.26746365427970886, 0.21846124529838562, 0.07920081168413162, 0.11003121733665466, 0.010729274712502956, 0.3898243308067322, 0.07813175022602081, 0.10877025127410889, 0.4097520112991333, 0.029800191521644592, 0.07195258885622025, 0.37844204902648926, 0.28698787093162537, 0.05729465186595917, 0.2235230803489685, 0.14187771081924438, 0.10949449241161346, 0.09516332298517227, 0.17334352433681488, 0.04382849857211113, 0.1487727165222168, 0.2605564296245575, 0.5605233311653137, 0.11689762771129608, 0.05698621645569801, 0.012954861856997013, 0.015270564705133438, 0.21401014924049377, 0.07083343714475632, 0.130992591381073, 0.09528057277202606, 0.18719175457954407, 0.07820301502943039, 0.1171509176492691, 0.09616231918334961, 0.08717607706785202, 0.015812596306204796, 0.03267733380198479, 0.2488204538822174, 0.4970747232437134, 0.09693603217601776, 0.09794993698596954, 0.23944342136383057, 0.2523813247680664, 0.07969909906387329, 0.0869857668876648, 0.5999621748924255, 0.053370703011751175, 0.05717873200774193, 0.16572526097297668, 0.2813020944595337, 0.003951411694288254, 0.27798405289649963, 0.004612468648701906, 0.016268864274024963, 0.008529276587069035, 0.3033023178577423, 0.04078243300318718, 0.17105132341384888, 0.02851586788892746, 0.045193396508693695, 0.07903505861759186, 0.2807732820510864, 0.08468218147754669, 0.0014085128204897046, 0.07336462289094925, 0.08395008742809296, 0.27490177750587463, 0.08392521739006042, 0.215723916888237, 0.1120123490691185, 0.007793121505528688, 0.005311386659741402, 0.1231117993593216, 0.0808715894818306, 0.034774430096149445, 0.015293424017727375, 0.08987043052911758, 0.09830252081155777, 0.004704547580331564, 0.05404631420969963, 0.1844237595796585, 0.2875806391239166, 0.1687113642692566, 0.11951187998056412, 0.0003975576546508819, 0.1706160455942154, 0.4449771046638489, 0.0658554881811142, 0.1295551210641861, 0.3231644034385681, 0.4173162281513214, 0.13836950063705444, 0.09112314879894257, 0.023951657116413116, 0.09890744835138321, 0.20166881382465363, 0.06556607037782669, 0.023516254499554634, 0.059305720031261444, 0.24604541063308716, 0.02364550717175007, 0.2966386377811432, 0.08807273954153061, 0.01811903342604637, 0.024070309475064278, 0.039507802575826645, 0.27715152502059937, 0.10916633903980255, 0.6136829257011414, 0.13198325037956238, 0.06618726253509521, 0.21170906722545624, 0.338758647441864]"
F35,"[0.2627202868461609, 0.22910165786743164, 0.23320826888084412, 0.3584529161453247, 0.01943756267428398, 0.16237707436084747, 0.1909186691045761, 0.07527746260166168, 0.1179608628153801, 0.22506509721279144, 0.06685532629489899, 0.3144122362136841, 0.06495032459497452, 0.12352125346660614, 0.1619550585746765, 0.39139217138290405, 0.24780084192752838, 0.037835463881492615, 0.18627332150936127, 0.044669847935438156, 0.11161603033542633, 0.18724270164966583, 0.041859060525894165, 0.062399644404649734, 0.04278237000107765, 0.35834914445877075, 0.4920908808708191, 0.007285638712346554, 0.006976521108299494, 0.10092301666736603, 0.11852996051311493, 0.0025724410079419613, 0.2516476809978485, 0.07064960151910782, 0.1859603375196457, 0.09200213849544525, 0.08951408416032791, 0.029483474791049957, 0.21844935417175293, 0.027019180357456207, 0.08217242360115051, 0.32894012331962585, 0.1565975695848465, 0.1834508627653122, 0.019037682563066483, 0.25208836793899536, 0.10098811239004135, 0.09476123005151749, 0.21017234027385712, 0.05035140737891197, 0.14366154372692108, 0.26486143469810486, 0.1494733840227127, 0.20029352605342865, 0.031103407964110374, 0.08513443171977997, 0.3306567370891571, 0.05502160266041756, 0.0003716435167007148, 0.5818403959274292, 0.020235730335116386, 0.059088341891765594, 0.09104704111814499, 0.00342574599198997, 0.08392156660556793, 0.04118542745709419, 0.29784438014030457, 0.010208766907453537, 0.10963823646306992, 0.16565217077732086, 0.20976270735263824, 0.037128034979104996, 0.1483159214258194, 0.2451447695493698, 0.09679416567087173, 0.4636377990245819, 0.15846428275108337, 0.301621675491333, 0.04992268979549408, 0.014210307039320469, 0.15237145125865936, 0.0858737975358963, 0.044635236263275146, 0.18315008282661438, 0.14131642878055573, 0.1544828861951828, 0.3295556604862213, 0.014565029181540012, 0.13955266773700714, 0.31821465492248535, 0.06819196790456772, 0.06226000562310219, 0.015630748122930527, 0.0998172014951706, 0.08961213380098343, 0.16386465728282928, 0.032832108438014984, 0.2176561802625656, 0.12106584757566452, 0.3008781671524048, 0.014003672637045383, 0.3771517872810364, 0.09984946995973587, 0.14489874243736267, 0.22851546108722687, 0.04423493891954422, 0.15943659842014313, 0.12301751226186752, 0.056863971054553986, 0.11278307437896729, 0.3804641664028168, 0.02533193863928318, 0.14169400930404663, 0.2541262209415436, 0.4428442120552063, 0.1621488481760025, 0.39211034774780273, 0.0957484096288681, 0.02339426428079605, 0.021482503041625023, 0.09128046780824661, 0.13837674260139465, 0.25745317339897156, 0.03154830262064934, 0.06198805943131447, 0.10354335606098175, 0.04450713098049164, 0.1631457656621933]"
F36,"[0.137859046459198, 0.018658269196748734, 0.27092692255973816, 0.10121942311525345, 0.0979086309671402, 0.1788354068994522, 0.06112285703420639, 0.16805005073547363, 0.14270462095737457, 0.0012956619029864669, 0.12006865441799164, 0.15658190846443176, 0.06798205524682999, 0.1431664377450943, 0.008866488002240658, 0.016528258100152016, 0.035411395132541656, 0.3487038016319275, 0.005744941532611847, 0.00482337549328804, 0.11245229095220566, 0.056095633655786514, 0.03598751872777939, 0.048291489481925964, 0.027451148256659508, 0.04603062570095062, 0.23671257495880127, 0.08572793006896973, 0.09365247935056686, 0.006947509478777647, 0.004261890891939402, 0.8345146775245667, 0.04544013366103172, 0.12825976312160492, 0.15682870149612427, 0.08314219117164612, 0.09112335741519928, 0.11873983591794968, 0.22371432185173035, 0.08554452657699585, 0.1428908109664917, 0.07880591601133347, 0.014043551869690418, 0.033052146434783936, 0.21636565029621124, 0.3402751684188843, 0.5834598541259766, 0.12246982753276825, 0.01359573844820261, 0.07249533385038376, 0.4767269492149353, 0.05739615485072136, 0.12481153011322021, 0.07081720978021622, 0.11122211068868637, 0.08448368310928345, 0.01023363322019577, 0.022639933973550797, 0.1360689252614975, 0.05998023971915245, 0.09123833477497101, 0.10738486796617508, 0.01915600523352623, 0.2831362187862396, 0.00034417147981002927, 0.05288252234458923, 0.01901937462389469, 0.26102712750434875, 0.02991398796439171, 0.07026895880699158, 0.2585256099700928, 0.18393433094024658, 0.05348196253180504, 0.13292305171489716, 0.08269397169351578, 0.364339143037796, 0.15091578662395477, 0.06546001881361008, 0.27249839901924133, 0.029530564323067665, 0.08665630221366882, 0.09876783937215805, 0.00562954181805253, 0.015103893354535103, 0.05143759772181511, 0.10981151461601257, 0.18437884747982025, 0.057211700826883316, 0.39169842004776, 0.07667245715856552, 0.07540995627641678, 0.046852078288793564, 0.36435455083847046, 0.14366567134857178, 0.06362418830394745, 0.13491873443126678, 0.11179940402507782, 0.19455547630786896, 0.14301569759845734, 0.002230215584859252, 0.10972706228494644, 0.027265191078186035, 0.0006656224722974002, 0.2923106253147125, 0.04624723643064499, 0.07366468757390976, 0.16695956885814667, 0.24054624140262604, 0.2549588680267334, 0.10417453199625015, 0.030557243153452873, 0.1373269408941269, 0.14995475113391876, 0.08219235390424728, 0.22740676999092102, 0.058084141463041306, 0.09728555381298065, 0.013513777405023575, 0.22410522401332855, 0.07582336664199829, 0.055540602654218674, 0.3288099765777588, 0.018830936402082443, 0.06350846588611603, 0.1111566424369812, 0.24112732708454132, 0.2856537997722626, 0.1754133105278015]"
F37,"[0.10246257483959198, 0.2890706956386566, 0.07636260241270065, 0.18332697451114655, 0.1463625431060791, 0.13240903615951538, 0.15824060142040253, 0.21220968663692474, 0.33293917775154114, 0.10058514028787613, 0.03568803891539574, 0.27535760402679443, 0.050345756113529205, 0.17952501773834229, 0.042775265872478485, 0.21785344183444977, 0.008982347324490547, 0.0035655167885124683, 0.1662401407957077, 0.06558803468942642, 0.18207447230815887, 0.09377758204936981, 0.21494413912296295, 0.08106584846973419, 0.27433115243911743, 0.13495464622974396, 0.4867033064365387, 0.32193148136138916, 0.1215706467628479, 0.07827263325452805, 0.07114686071872711, 0.13527220487594604, 0.3006020188331604, 0.08384612947702408, 0.1534063220024109, 0.24667516350746155, 0.04521682858467102, 0.08142707496881485, 0.09917335212230682, 0.0829714685678482, 0.17474263906478882, 0.051495734602212906, 0.12466022372245789, 0.02817571349442005, 0.2693202495574951, 0.21688897907733917, 0.28516703844070435, 0.3634459972381592, 0.3449937105178833, 0.18657048046588898, 0.4138464331626892, 0.019357210025191307, 0.13887131214141846, 0.02026134543120861, 0.015426892787218094, 0.15930643677711487, 0.032215241342782974, 0.47595515847206116, 0.0533205084502697, 0.07738867402076721, 0.20904432237148285, 0.16669362783432007, 0.021607229486107826, 0.20726199448108673, 0.2296484112739563, 0.014379589818418026, 0.18152973055839539, 0.18566611409187317, 0.11628340184688568, 0.1272750198841095, 0.18027019500732422, 0.007411603815853596, 0.07138058543205261, 0.003322276985272765, 0.20489802956581116, 0.22224077582359314, 0.07378587126731873, 0.06295929849147797, 0.15722797811031342, 0.1991288810968399, 0.028512615710496902, 0.4664463996887207, 0.3493862748146057, 0.09180904179811478, 0.057840753346681595, 0.11132879555225372, 0.26319149136543274, 0.13876236975193024, 0.046803057193756104, 0.24424238502979279, 0.06693121045827866, 0.17669528722763062, 0.3093630373477936, 0.23605430126190186, 0.007201612461358309, 0.01479910034686327, 0.1623563915491104, 0.19932721555233002, 0.17184461653232574, 0.045889418572187424, 0.23000194132328033, 0.016233954578638077, 0.16674892604351044, 0.09148139506578445, 0.10038916021585464, 0.20738485455513, 0.3307216465473175, 0.07014334201812744, 0.44426533579826355, 0.09120528399944305, 0.13472145795822144, 0.03009067289531231, 0.1952856183052063, 0.18347960710525513, 0.13142600655555725, 0.08714402467012405, 0.010199646465480328, 0.04361787065863609, 0.1080123633146286, 0.05772979557514191, 0.03640972822904587, 0.24142113327980042, 0.2739425003528595, 0.0284680537879467, 0.09826551377773285, 0.1968720257282257, 0.19472308456897736, 0.11404544115066528]"
F38,"[0.10690420866012573, 0.2086895853281021, 0.05478283390402794, 0.3143905997276306, 0.19300012290477753, 0.32445457577705383, 0.06864088028669357, 0.24898508191108704, 0.2648627460002899, 0.09196548163890839, 0.23347148299217224, 0.22523242235183716, 0.08112028241157532, 0.17445562779903412, 0.023008404299616814, 0.24357599020004272, 0.14380136132240295, 0.12044274806976318, 0.009673520922660828, 0.3810030221939087, 0.11333400011062622, 0.04688720032572746, 0.4287618398666382, 0.0432206355035305, 0.1755967140197754, 0.08944492787122726, 0.04302807152271271, 0.09871279448270798, 0.033844489604234695, 0.030057379975914955, 0.08835255354642868, 0.015544473193585873, 0.010933377780020237, 0.09413450211286545, 0.034411218017339706, 0.36599045991897583, 0.27354639768600464, 0.18249163031578064, 0.004204941913485527, 0.0026532942429184914, 0.031027283519506454, 0.2867406904697418, 0.038523368537425995, 0.10055870562791824, 0.09808056801557541, 0.10080468654632568, 0.052338484674692154, 0.06543697416782379, 0.4532570540904999, 0.15492738783359528, 0.13452282547950745, 0.12246136367321014, 0.28892430663108826, 0.009048474952578545, 0.366494745016098, 0.3123459815979004, 0.3821619153022766, 0.08285309374332428, 0.19031985104084015, 0.3642658293247223, 0.20689217746257782, 0.02879989519715309, 0.08442036807537079, 0.14343911409378052, 0.015692828223109245, 0.039111800491809845, 0.005460941698402166, 0.05982666835188866, 0.558040201663971, 0.20232994854450226, 0.00028461150941438973, 0.09412002563476562, 0.021017665043473244, 0.01494994293898344, 0.08499593287706375, 0.11222006380558014, 0.05684400349855423, 0.13140128552913666, 0.20544183254241943, 0.1410125195980072, 0.19813798367977142, 0.13434426486492157, 0.11065628379583359, 0.5092132687568665, 0.21836905181407928, 0.3567959666252136, 0.1930643618106842, 0.04469095170497894, 0.04613523557782173, 0.13665302097797394, 0.15061713755130768, 0.11427529156208038, 0.11698971688747406, 0.02389657124876976, 0.048797108232975006, 0.18408344686031342, 0.3931666314601898, 0.035149332135915756, 0.13070976734161377, 0.1458435207605362, 0.022275950759649277, 0.16963136196136475, 0.08639369904994965, 0.058797504752874374, 0.015614411793649197, 0.05082853510975838, 0.21110424399375916, 0.07424046099185944, 0.13880938291549683, 0.06780076771974564, 0.37082356214523315, 0.15213459730148315, 0.02207258529961109, 0.018897859379649162, 0.288433313369751, 0.0756462886929512, 0.1936015486717224, 0.18816505372524261, 0.07067055255174637, 0.0590299628674984, 0.19284895062446594, 0.1394650787115097, 0.17067980766296387, 0.3843558132648468, 0.35800155997276306, 0.23695802688598633, 0.025255123153328896, 0.038700222969055176]"
F39,"[0.06351413577795029, 0.4482804238796234, 0.255197674036026, 0.12338902056217194, 0.020261362195014954, 0.1565542072057724, 0.0525691844522953, 0.026218455284833908, 0.4590570628643036, 0.09202607721090317, 0.04884874448180199, 0.48967209458351135, 0.21262304484844208, 0.060673631727695465, 0.3136458694934845, 0.10246961563825607, 0.01934322714805603, 0.4163375198841095, 0.08239568769931793, 0.043841227889060974, 0.20441675186157227, 0.08673501759767532, 0.33005863428115845, 0.17516259849071503, 1.7872269381769e-05, 0.026889849454164505, 0.036818843334913254, 0.4038701057434082, 0.14382892847061157, 0.1969580203294754, 0.10583027452230453, 0.05445699766278267, 0.09627550095319748, 0.2483767569065094, 0.01942642591893673, 0.02334406040608883, 0.16443736851215363, 0.24348369240760803, 0.2172113060951233, 0.21722450852394104, 0.07042374461889267, 0.0878223404288292, 0.05154208466410637, 0.1180742084980011, 0.017972541972994804, 0.07960127294063568, 0.05040134862065315, 0.04436568170785904, 0.0829140692949295, 0.012540613301098347, 0.09471331536769867, 0.19740892946720123, 0.19943413138389587, 0.0829128623008728, 0.1653023213148117, 0.07341810315847397, 0.028212202712893486, 0.37816664576530457, 0.16215889155864716, 0.5736134648323059, 0.08095330744981766, 0.0991266667842865, 0.4150320291519165, 0.1605719029903412, 0.04711034148931503, 0.24169252812862396, 0.04753248766064644, 0.19961443543434143, 0.03765670582652092, 0.08344761282205582, 0.2911630868911743, 0.18085265159606934, 0.1095702201128006, 0.08965776115655899, 0.04970795661211014, 0.1183665543794632, 0.07808906584978104, 0.10272492468357086, 0.7420156598091125, 0.016118424013257027, 0.10097670555114746, 0.12293732166290283, 0.13734427094459534, 0.17348860204219818, 0.3660047948360443, 0.04429541900753975, 0.18479637801647186, 0.2832144796848297, 0.020534677430987358, 0.004958172794431448, 0.1421337127685547, 0.4651867747306824, 0.31148871779441833, 0.3839757442474365, 0.08210021257400513, 0.02359643019735813, 0.041165463626384735, 0.13914650678634644, 0.07344914227724075, 0.1899140626192093, 0.0832352414727211, 0.11689000576734543, 0.07748490571975708, 0.20433050394058228, 0.16946354508399963, 0.4148453176021576, 0.3004910349845886, 0.15703417360782623, 0.040035098791122437, 0.08275071531534195, 0.04246160015463829, 0.22504377365112305, 0.04327274486422539, 0.3962540626525879, 0.15052293241024017, 0.30955636501312256, 0.05270981043577194, 0.0883103609085083, 0.06777453422546387, 0.1679459512233734, 0.1838247925043106, 0.31858670711517334, 0.18670035898685455, 0.18851925432682037, 0.11731331050395966, 0.09489650279283524, 0.16386717557907104, 0.25988659262657166]"
F40,"[0.06118394434452057, 0.13350072503089905, 0.2437390387058258, 0.18208007514476776, 0.20008572936058044, 0.3816702365875244, 0.26227059960365295, 0.09308990091085434, 0.14114564657211304, 0.08099035173654556, 0.02546067163348198, 0.38183003664016724, 0.10449040681123734, 0.1939934939146042, 0.7797558307647705, 0.2520746886730194, 0.051997337490320206, 0.2972804605960846, 0.12682713568210602, 0.676234245300293, 0.114844411611557, 0.08019214868545532, 0.15440087020397186, 0.11508446931838989, 0.013914307579398155, 0.061648786067962646, 0.16552767157554626, 0.004927938338369131, 0.07744484394788742, 0.03644260764122009, 0.0748901218175888, 0.04419119283556938, 0.06990357488393784, 0.36097586154937744, 0.21905039250850677, 0.6148838996887207, 0.3100461959838867, 0.2070031613111496, 0.02119729295372963, 0.11730153858661652, 0.08736441284418106, 0.11326616257429123, 0.07518557459115982, 0.07721630483865738, 0.10358687490224838, 0.10903917998075485, 0.0982745960354805, 0.06279117614030838, 0.18824982643127441, 0.3680044114589691, 0.0400383435189724, 0.040357962250709534, 0.08589539676904678, 0.2828923463821411, 0.13417308032512665, 0.33797645568847656, 0.006270112004131079, 0.17282894253730774, 0.12642410397529602, 0.06879113614559174, 0.18048393726348877, 0.29396218061447144, 0.13883541524410248, 0.23061305284500122, 0.06366079300642014, 0.18230995535850525, 0.23149149119853973, 0.1283102035522461, 0.17578713595867157, 0.06614050269126892, 0.030226390808820724, 0.02505374513566494, 0.19679220020771027, 0.10068242996931076, 0.32661157846450806, 0.3949398994445801, 0.21150214970111847, 0.005437036044895649, 0.03673423454165459, 0.27069851756095886, 0.1477012038230896, 0.18383090198040009, 0.07439138740301132, 0.21780189871788025, 0.09432298690080643, 0.11015258729457855, 0.3469793200492859, 0.08284246176481247, 0.19052615761756897, 0.28847458958625793, 0.23655392229557037, 0.05150652676820755, 0.03538903594017029, 0.1208065077662468, 0.0008855008636601269, 0.08527694642543793, 0.557744026184082, 0.049017637968063354, 0.028479991480708122, 0.2213100790977478, 0.009867873042821884, 0.23868918418884277, 0.08226113021373749, 0.32148224115371704, 0.05595094710588455, 0.1102004423737526, 0.2729793190956116, 0.18733623623847961, 0.0349414087831974, 0.132470041513443, 0.05331681668758392, 0.019544295966625214, 0.10494394600391388, 0.01496254000812769, 0.164110466837883, 0.3603833317756653, 0.45948296785354614, 0.0967082753777504, 0.00039553886745125055, 0.04270727559924126, 0.12297863513231277, 0.1814253032207489, 0.08334632962942123, 0.30355632305145264, 0.1901504099369049, 0.01576760783791542, 0.10088393837213516, 0.024804243817925453]"
F41,"[0.018027937039732933, 0.3780274987220764, 0.19768951833248138, 0.09947145730257034, 0.03472714498639107, 0.03419916704297066, 0.04185159504413605, 0.01920882798731327, 0.12727105617523193, 0.13805684447288513, 0.05237796902656555, 0.2566923499107361, 0.06226886808872223, 0.27484455704689026, 0.20378011465072632, 0.14584016799926758, 0.3560718297958374, 0.1724705845117569, 0.2071641981601715, 0.08296068012714386, 0.012939068488776684, 0.10725996643304825, 0.10281200706958771, 0.05805892124772072, 0.176922008395195, 0.21378253400325775, 0.1823883205652237, 0.10232537984848022, 0.007926826365292072, 0.20964889228343964, 0.0361260287463665, 0.10135940462350845, 0.3816721737384796, 0.20337055623531342, 0.06264768540859222, 0.1056709885597229, 0.07377990335226059, 0.12368173897266388, 0.07373260706663132, 0.20616452395915985, 0.014886146411299706, 0.10988488793373108, 0.03622712194919586, 0.02079187147319317, 0.00982277188450098, 0.08772970736026764, 0.117582306265831, 0.10217209905385971, 0.35116705298423767, 0.05442937836050987, 0.004908175673335791, 0.31368857622146606, 0.06942321360111237, 0.06038286164402962, 0.17075657844543457, 0.21349091827869415, 0.15060383081436157, 0.45161789655685425, 0.09862986207008362, 0.10545904189348221, 0.16223178803920746, 0.0008715186850167811, 0.09773086756467819, 0.034993063658475876, 0.17820826172828674, 0.04184411093592644, 0.06335373222827911, 0.08776383101940155, 0.11380162090063095, 0.03842098265886307, 0.21375559270381927, 0.025838123634457588, 0.10047877579927444, 0.13331735134124756, 0.020863423123955727, 0.14626726508140564, 0.27639898657798767, 0.05964360386133194, 0.00019505464297253639, 0.11825446784496307, 0.19139689207077026, 0.08664584159851074, 0.030030908063054085, 0.30862390995025635, 0.04946252703666687, 0.5217564105987549, 0.2098989337682724, 0.09219677001237869, 0.24621640145778656, 0.21624182164669037, 0.2245270311832428, 0.2414332777261734, 0.03028731979429722, 0.10818596184253693, 0.15689222514629364, 0.24961340427398682, 0.07197824865579605, 0.06848152726888657, 0.0645587295293808, 0.030805164948105812, 0.14588506519794464, 0.3823215663433075, 0.21643443405628204, 0.12651333212852478, 0.05914347618818283, 0.014799162745475769, 0.018292775377631187, 0.01774563267827034, 0.09964859485626221, 0.15966796875, 0.07397781312465668, 0.1787145733833313, 0.2568880617618561, 0.0027687828987836838, 0.20905517041683197, 0.14025960862636566, 0.1509929895401001, 0.004893438424915075, 0.30679407715797424, 0.04353245347738266, 0.12279262393712997, 0.06046734005212784, 0.21274173259735107, 0.18224550783634186, 0.029610659927129745, 0.028510507196187973, 0.08574538677930832, 0.31929251551628113]"
F42,"[0.04585827887058258, 0.3805661201477051, 0.1474270522594452, 0.0529651939868927, 0.03299684077501297, 0.018291989341378212, 0.030332881957292557, 0.1665048897266388, 0.3038226068019867, 0.1433209478855133, 0.10174983739852905, 0.058892298489809036, 0.02483043074607849, 0.18010187149047852, 0.14210370182991028, 0.1707877665758133, 0.09820378571748734, 0.33892181515693665, 0.08625223487615585, 0.25957953929901123, 0.22471320629119873, 0.06286610662937164, 0.2202843874692917, 0.24724578857421875, 0.2565809488296509, 0.13725648820400238, 0.16185498237609863, 0.014797024428844452, 0.24314171075820923, 0.06410668790340424, 0.23209011554718018, 0.6369983553886414, 0.17439934611320496, 0.1142876148223877, 0.21804344654083252, 0.43062782287597656, 0.052382417023181915, 0.08343039453029633, 0.3451169431209564, 0.08449200540781021, 0.1752079576253891, 0.0653393566608429, 0.04853533208370209, 0.1546534299850464, 0.06587328016757965, 0.284816175699234, 0.21517273783683777, 0.11250673979520798, 0.11067492514848709, 0.027819568291306496, 0.47019657492637634, 0.0033488415647298098, 0.12931585311889648, 0.08040817081928253, 0.10563023388385773, 0.0182274729013443, 0.22706730663776398, 0.20546011626720428, 0.010066710412502289, 0.2551736831665039, 0.23317842185497284, 0.15943677723407745, 0.05850740149617195, 0.19120705127716064, 0.084257110953331, 0.15272478759288788, 0.09342415630817413, 0.08871164172887802, 0.06290140002965927, 0.04460010305047035, 0.3727525770664215, 0.19436456263065338, 0.2804083824157715, 0.01643230952322483, 0.065766841173172, 0.2678626477718353, 0.21160025894641876, 0.12991037964820862, 0.08610948920249939, 0.008279582485556602, 0.06746320426464081, 0.1128782406449318, 0.083009272813797, 0.26425859332084656, 0.17832215130329132, 0.1631132811307907, 0.17625272274017334, 0.12973038852214813, 0.4779597520828247, 0.037371937185525894, 0.003584157442674041, 0.019367992877960205, 0.0625075101852417, 0.45815640687942505, 0.04588034749031067, 0.13679374754428864, 0.022222107276320457, 0.05678427219390869, 0.16745997965335846, 0.041941478848457336, 0.012226411141455173, 0.0956137627363205, 0.14204135537147522, 0.04956243187189102, 0.13887538015842438, 0.10184959322214127, 0.121046282351017, 0.06877871602773666, 0.2017805129289627, 0.17906378209590912, 0.146646186709404, 0.11579430848360062, 0.03278553485870361, 0.1679750382900238, 0.21816155314445496, 0.2676231563091278, 0.17525111138820648, 0.04839407280087471, 0.07639195024967194, 0.05886797606945038, 0.00478905625641346, 0.12328086048364639, 0.24848781526088715, 0.2257198542356491, 0.01326871756464243, 0.26665133237838745, 0.0011506143491715193, 0.16558632254600525]"
F43,"[0.04528852552175522, 0.06142399460077286, 0.042141392827034, 0.49527159333229065, 0.06157815456390381, 0.20416197180747986, 0.13203227519989014, 0.16566412150859833, 0.10745661705732346, 0.300398051738739, 0.005900506861507893, 0.16677014529705048, 0.13752438127994537, 0.16180036962032318, 0.100907102227211, 0.19094721972942352, 0.18098188936710358, 0.14239396154880524, 0.017440618947148323, 0.03972325474023819, 0.008117367513477802, 0.06211268901824951, 0.30939802527427673, 0.208196222782135, 0.03304579481482506, 0.030400754883885384, 0.005630116909742355, 0.24836845695972443, 0.24279814958572388, 0.036535799503326416, 0.07248832285404205, 0.25783997774124146, 0.13096214830875397, 0.01818818226456642, 0.0009202121873386204, 0.25075286626815796, 0.1321105659008026, 0.1391436755657196, 0.19769729673862457, 0.08931292593479156, 0.21161751449108124, 0.06806973367929459, 0.07611146569252014, 0.31664735078811646, 0.1483316719532013, 0.3432166874408722, 0.10592873394489288, 0.23274283111095428, 0.09828468412160873, 0.45017996430397034, 0.1566520780324936, 0.014313832856714725, 0.24280765652656555, 0.10189580917358398, 0.06467823684215546, 0.2454073429107666, 0.10016269236803055, 0.08122478425502777, 0.1410522162914276, 0.040542300790548325, 0.06193245202302933, 0.04875664785504341, 0.07866861671209335, 0.5407257676124573, 0.19384488463401794, 0.05026615411043167, 0.20999309420585632, 0.05053495615720749, 0.1810363382101059, 0.15222014486789703, 0.0008645239286124706, 0.001595635199919343, 0.03183135762810707, 0.251321941614151, 0.060177870094776154, 0.2169158160686493, 0.0650549903512001, 0.012753385119140148, 0.1009097620844841, 0.0027989165391772985, 0.27919721603393555, 0.5935972929000854, 0.2336803376674652, 0.09906596690416336, 0.021819479763507843, 0.08302278816699982, 0.062417782843112946, 0.07055788487195969, 0.08586421608924866, 0.028204919770359993, 0.16419483721256256, 0.0562547892332077, 0.07634366303682327, 0.3174807131290436, 0.011286533437669277, 0.1671503335237503, 0.3368927538394928, 0.20551742613315582, 0.09808305650949478, 0.014928312972187996, 0.05838314816355705, 0.032476793974637985, 0.0293154027312994, 0.2104441076517105, 0.030881360173225403, 0.026328956708312035, 0.15315672755241394, 0.04393947497010231, 0.24993474781513214, 0.03988493233919144, 0.27650344371795654, 0.01541068870574236, 0.12923701107501984, 0.24680361151695251, 0.10017731785774231, 0.2999296188354492, 0.11899726837873459, 0.06862928718328476, 0.21377232670783997, 0.15938594937324524, 0.19497688114643097, 0.10528350621461868, 0.21161691844463348, 0.17874297499656677, 0.2921163737773895, 0.4260653257369995, 0.1200767233967781, 0.0774029940366745]"
F44,"[1.0410526990890503, 0.20280325412750244, 0.02441408857703209, 0.029573747888207436, 0.13999854028224945, 0.07694949209690094, 0.20673544704914093, 0.03160357102751732, 0.3785460889339447, 0.007689394988119602, 0.1348986029624939, 0.29768630862236023, 0.0432434007525444, 0.13249360024929047, 0.10076116770505905, 0.17439034581184387, 0.16796331107616425, 0.10699446499347687, 0.06447514146566391, 0.15899518132209778, 0.18553555011749268, 0.018614768981933594, 0.22748664021492004, 0.05191008746623993, 0.43556806445121765, 0.18497954308986664, 0.2342756688594818, 0.05559094250202179, 0.2352799028158188, 0.10851848125457764, 0.10431244969367981, 0.005249287001788616, 0.22634992003440857, 0.010672414675354958, 0.06960409134626389, 0.09082495421171188, 0.09028484672307968, 0.0028780235443264246, 0.03269067406654358, 0.030984319746494293, 0.16588468849658966, 0.07947663217782974, 0.3288678228855133, 0.1449291706085205, 0.08139827847480774, 0.016932489350438118, 0.1600181758403778, 0.09357460588216782, 0.18585656583309174, 0.2142661213874817, 0.1806773543357849, 0.023149991407990456, 0.016221188008785248, 0.08122221380472183, 0.009781243279576302, 0.1276601105928421, 0.20709292590618134, 0.2528294324874878, 0.1803412288427353, 0.13805614411830902, 0.0005289274849928916, 0.17366549372673035, 0.17439216375350952, 0.042737070471048355, 0.10550466924905777, 0.09638247638940811, 0.01151102315634489, 0.030155643820762634, 0.13695713877677917, 0.043341200798749924, 0.24332961440086365, 0.08447173982858658, 0.100133515894413, 0.049548279494047165, 0.060967106372117996, 0.10934619605541229, 0.1714402288198471, 0.029123250395059586, 0.12368858605623245, 0.02743767946958542, 0.2489301562309265, 0.02110636606812477, 0.22713366150856018, 0.057032499462366104, 0.023212356492877007, 0.01597590185701847, 0.25221604108810425, 0.2683996260166168, 0.007973859086632729, 0.019875654950737953, 0.010162927210330963, 0.08141971379518509, 0.3097456991672516, 0.007021239027380943, 0.127110093832016, 0.09015291184186935, 0.11561249196529388, 0.07752836495637894, 0.4791799783706665, 0.19826604425907135, 0.03274664655327797, 0.09957894682884216, 0.10164478421211243, 0.07926225662231445, 0.046060651540756226, 0.08157888054847717, 0.4095025360584259, 0.15222366154193878, 0.23698465526103973, 0.14037583768367767, 0.271033376455307, 0.11699514836072922, 0.15283390879631042, 0.021965444087982178, 0.025270400568842888, 0.05973378196358681, 0.04625333845615387, 0.010675705969333649, 0.13136789202690125, 0.2159138023853302, 0.06236650049686432, 0.1668521612882614, 0.010853520594537258, 0.004139496944844723, 0.02489917166531086, 0.042109210044145584, 0.1916053593158722, 0.07352658361196518]"
F45,"[0.14566761255264282, 0.19299118220806122, 0.07264736294746399, 0.14207607507705688, 0.15590575337409973, 0.0516015850007534, 0.09311893582344055, 0.004515818320214748, 0.08748605102300644, 0.005973299499601126, 0.39826300740242004, 0.17720343172550201, 0.008828489109873772, 0.09254532307386398, 0.2184971421957016, 0.028499295935034752, 0.5598188042640686, 0.22774535417556763, 0.07871852070093155, 0.26562026143074036, 0.21924690902233124, 0.01163116842508316, 0.01282217912375927, 0.18765789270401, 0.31785517930984497, 0.0667584165930748, 0.13974352180957794, 0.162260040640831, 0.09165225178003311, 0.007085629738867283, 0.1460297405719757, 0.33943191170692444, 0.11540086567401886, 0.06923213601112366, 0.7407786250114441, 0.0856582447886467, 0.12866944074630737, 0.018909968435764313, 0.060135968029499054, 0.00828610360622406, 0.10794761776924133, 0.14311060309410095, 0.21724148094654083, 0.3347098231315613, 0.14909102022647858, 0.025070320814847946, 0.07550810277462006, 0.02536638267338276, 0.1343896985054016, 0.260903537273407, 0.1374160200357437, 0.24389848113059998, 0.4838128685951233, 0.008976801298558712, 0.150090754032135, 0.05123654380440712, 0.07961569726467133, 0.203934445977211, 0.08290182054042816, 0.03165646642446518, 0.04228346049785614, 0.08661752194166183, 0.031128372997045517, 0.10493576526641846, 0.20403529703617096, 0.0512697696685791, 0.011606637388467789, 0.03338362276554108, 0.03805752098560333, 0.0610044002532959, 0.03989521414041519, 0.006687259767204523, 0.18618783354759216, 0.05042951554059982, 0.3475245535373688, 0.1167629286646843, 0.06969375908374786, 0.05130748823285103, 0.10578954219818115, 0.160816490650177, 0.10622584819793701, 0.02158541791141033, 0.39970535039901733, 0.12457031011581421, 0.023160433396697044, 0.12161784619092941, 0.39005476236343384, 0.1568266749382019, 0.18519176542758942, 0.1286645084619522, 0.07612141221761703, 0.04410570487380028, 0.19946414232254028, 0.1448976695537567, 0.059245336800813675, 0.11926867812871933, 0.09606888145208359, 0.12156949192285538, 0.027923772111535072, 0.35371750593185425, 0.1380559653043747, 0.08438803255558014, 0.1465168297290802, 0.02735675312578678, 0.023216089233756065, 0.3362993896007538, 0.0764528438448906, 0.034165944904088974, 0.21387401223182678, 0.131105437874794, 0.12009169906377792, 0.38182851672172546, 0.009156578220427036, 0.05406126007437706, 0.1372554451227188, 0.005951684899628162, 0.047207530587911606, 0.14348602294921875, 0.24843819439411163, 0.1628492772579193, 0.08597186207771301, 0.10045627504587173, 0.007768654264509678, 0.06122661381959915, 0.35149863362312317, 0.2911909222602844, 0.24021391570568085, 0.041765615344047546]"
F46,"[0.16935133934020996, 0.46590226888656616, 0.14523033797740936, 0.39742788672447205, 0.016161195933818817, 0.042467620223760605, 0.06716668605804443, 0.12321250885725021, 0.0993143692612648, 0.020197072997689247, 0.3187841773033142, 0.3096356987953186, 0.2284722626209259, 0.29488521814346313, 0.2046002745628357, 0.17989405989646912, 0.020475266501307487, 0.04299885407090187, 0.018513375893235207, 0.08281771093606949, 0.040351349860429764, 0.09239015728235245, 0.16372662782669067, 0.16736653447151184, 0.08205283433198929, 0.20848561823368073, 0.12024988979101181, 0.13078753650188446, 0.1827157586812973, 0.005316308233886957, 0.3750830292701721, 0.3052758276462555, 0.009035006165504456, 0.17965421080589294, 0.43893203139305115, 0.1362413614988327, 0.26085254549980164, 0.0891110748052597, 0.03122975490987301, 0.13117128610610962, 0.10105159133672714, 0.2705637514591217, 0.040281593799591064, 0.10997512191534042, 0.10467701405286789, 0.12754061818122864, 0.06396837532520294, 0.05314904451370239, 0.1703818142414093, 0.07520788908004761, 0.038696154952049255, 0.20644807815551758, 0.04201919957995415, 0.12985460460186005, 0.0615311935544014, 0.11602231115102768, 0.3438622057437897, 0.5027933716773987, 0.11188595741987228, 0.27289941906929016, 0.17193259298801422, 0.10263065993785858, 0.1696341186761856, 0.20011715590953827, 0.1374603807926178, 0.1784583181142807, 0.13425445556640625, 0.11040148884057999, 0.617610514163971, 0.5044353008270264, 0.08927977085113525, 0.0523657463490963, 0.12220335006713867, 0.07128885388374329, 0.10113119333982468, 0.14322388172149658, 0.1547093689441681, 0.10981441289186478, 0.12839065492153168, 0.1627839058637619, 0.23416781425476074, 0.0054433527402579784, 0.14624138176441193, 0.21831409633159637, 0.044609710574150085, 0.022664373740553856, 0.22463272511959076, 0.03927133232355118, 0.01129528321325779, 0.20057299733161926, 0.17810408771038055, 0.004516086541116238, 0.32416078448295593, 0.07552862167358398, 0.06941895186901093, 0.13549984991550446, 0.16959229111671448, 0.019440004602074623, 0.13669036328792572, 0.22067582607269287, 0.13439905643463135, 0.06798183172941208, 0.2533246576786041, 0.22116541862487793, 0.06343735754489899, 0.2678307890892029, 0.011183282360434532, 0.01883186213672161, 0.032879967242479324, 0.06976792216300964, 0.18624016642570496, 0.1516660749912262, 0.3077368140220642, 0.18375906348228455, 0.19890663027763367, 0.11362673342227936, 0.1349894404411316, 0.04369139298796654, 0.05335478484630585, 0.0778963640332222, 0.29794856905937195, 0.2907840311527252, 0.0710834413766861, 0.17540967464447021, 0.054144348949193954, 0.3056030571460724, 0.18115875124931335, 0.3575889468193054]"
F47,"[0.08554166555404663, 0.1764354407787323, 0.32026734948158264, 0.1365346908569336, 0.08031455427408218, 0.27359622716903687, 0.3221187889575958, 0.1563878357410431, 0.1937597543001175, 0.0375511609017849, 0.16745525598526, 0.010710547678172588, 0.07125689089298248, 0.45981016755104065, 0.2874813973903656, 0.23843207955360413, 0.05065903440117836, 0.12338656932115555, 0.06623297184705734, 0.022767718881368637, 0.0466584712266922, 0.22145554423332214, 0.12120279669761658, 0.27978119254112244, 0.33689114451408386, 0.01753498986363411, 0.11309132725000381, 0.03371214121580124, 0.1762726753950119, 0.029521021991968155, 0.12651200592517853, 0.14998199045658112, 0.12142454087734222, 0.08586754649877548, 0.12864740192890167, 0.4768982231616974, 0.19978037476539612, 0.039658550173044205, 0.01501503773033619, 0.11101271957159042, 0.2869759500026703, 0.018723344430327415, 0.07191211730241776, 0.1846630871295929, 0.14098772406578064, 0.38705405592918396, 0.19903458654880524, 0.5237207412719727, 0.22049707174301147, 0.5312018990516663, 0.052039649337530136, 0.020263923332095146, 0.35852935910224915, 0.1165040135383606, 0.11241960525512695, 0.6568257808685303, 0.36552175879478455, 0.24791774153709412, 0.018058475106954575, 0.1427573561668396, 0.06556742638349533, 0.019348720088601112, 0.13493028283119202, 0.06034745275974274, 0.2282119244337082, 0.08724159747362137, 0.18145067989826202, 0.31967923045158386, 0.2431086003780365, 0.14831209182739258, 0.3570006787776947, 0.030049815773963928, 0.19796887040138245, 0.32479164004325867, 0.10212761908769608, 0.13664725422859192, 0.08841611444950104, 0.07923619449138641, 0.0107854213565588, 0.3071942925453186, 0.2140665352344513, 0.43844887614250183, 0.12619324028491974, 0.2720574140548706, 0.2431163787841797, 0.034713733941316605, 0.15483161807060242, 0.13791514933109283, 0.30282121896743774, 0.12923917174339294, 0.13888594508171082, 0.14279642701148987, 0.2913973033428192, 0.22256317734718323, 0.04158678278326988, 0.035483941435813904, 0.19960330426692963, 0.06606127321720123, 0.17195239663124084, 0.02416040748357773, 0.010507498867809772, 0.19793978333473206, 0.09130294620990753, 0.015503604896366596, 0.09459983557462692, 0.49381905794143677, 0.303321897983551, 0.44092559814453125, 0.0511474534869194, 0.023770393803715706, 0.22619277238845825, 0.26037460565567017, 0.27620741724967957, 0.028088688850402832, 0.0904337614774704, 0.26545917987823486, 0.03431481122970581, 0.015146194957196712, 0.1453322023153305, 0.08048448711633682, 0.13712145388126373, 0.008933777920901775, 0.18606698513031006, 0.036796264350414276, 0.039842747151851654, 0.1691955327987671, 0.00995307695120573, 0.10706807672977448]"
F48,"[0.7061785459518433, 0.05933590233325958, 0.11325810104608536, 0.10428212583065033, 0.1258615106344223, 0.19838373363018036, 0.2274368703365326, 0.04544584080576897, 0.5519533753395081, 0.05289255455136299, 0.09761045128107071, 0.48449790477752686, 0.10556723177433014, 0.04798407480120659, 0.3251648545265198, 0.1771414428949356, 0.006120774429291487, 0.20973166823387146, 0.5828765034675598, 0.017911702394485474, 0.3379909098148346, 0.06179535388946533, 0.16684255003929138, 0.23365972936153412, 0.3793213367462158, 0.1260094791650772, 0.15243208408355713, 0.09894794970750809, 0.11710509657859802, 0.11738061159849167, 0.15299434959888458, 0.12982764840126038, 0.10832634568214417, 0.13267189264297485, 0.027534129098057747, 0.06464902311563492, 0.24029749631881714, 0.022900056093931198, 0.1625850945711136, 0.14873163402080536, 0.12406845390796661, 0.17172324657440186, 0.18495537340641022, 0.07935189455747604, 0.28019851446151733, 0.0550476610660553, 0.019654477015137672, 0.07142593711614609, 0.48925548791885376, 0.2995013892650604, 0.3202686309814453, 0.14882557094097137, 0.20524223148822784, 0.0746309906244278, 0.05295125022530556, 0.26335665583610535, 0.13807599246501923, 0.0057517471723258495, 0.032090842723846436, 0.02435382828116417, 0.286601185798645, 0.05560854449868202, 0.19923536479473114, 0.12463648617267609, 0.1470930129289627, 0.0753011703491211, 0.10967458784580231, 0.0720890462398529, 0.05095168948173523, 0.04549646005034447, 0.1707449108362198, 0.05206156522035599, 0.10711104422807693, 0.3135017454624176, 0.18642662465572357, 0.07699352502822876, 0.2508690655231476, 0.1217743456363678, 0.38043150305747986, 0.22751837968826294, 0.050061408430337906, 0.2056780457496643, 0.07314838469028473, 0.18895092606544495, 0.20604950189590454, 0.11271056532859802, 0.2668324112892151, 0.24151280522346497, 0.006949134636670351, 0.09993908554315567, 0.12587882578372955, 0.1292063295841217, 0.22715994715690613, 0.035568319261074066, 0.006566999014467001, 0.009694459848105907, 0.12014458328485489, 0.03589681535959244, 0.3542995750904083, 0.07934049516916275, 0.15492090582847595, 0.2796523869037628, 0.014745469205081463, 0.13153046369552612, 0.2199624925851822, 0.3381008803844452, 0.006614941172301769, 0.05005267634987831, 0.4119715690612793, 0.22985388338565826, 0.4461692273616791, 0.19173124432563782, 0.007514615077525377, 0.025186646729707718, 0.022717595100402832, 0.036290403455495834, 0.07330134510993958, 0.1436583697795868, 0.1059681624174118, 0.0428982749581337, 0.0042663682252168655, 0.1701311320066452, 0.06313671171665192, 0.13425739109516144, 0.1308073103427887, 0.12712286412715912, 0.10055140405893326, 0.369083434343338]"
F49,"[0.1970548927783966, 0.1420867145061493, 0.2800354063510895, 0.056173015385866165, 0.07247021049261093, 0.2693832218647003, 0.19076007604599, 0.2834942638874054, 0.019249124452471733, 0.12203071266412735, 0.41150397062301636, 0.02732073701918125, 0.41628530621528625, 0.03802257031202316, 0.11920139193534851, 0.39598405361175537, 0.02646615356206894, 0.032319076359272, 0.3861389756202698, 0.28950992226600647, 0.13534848392009735, 0.16913175582885742, 0.0880429670214653, 0.04824564978480339, 0.08193647116422653, 0.08410250395536423, 0.09588450193405151, 0.15382446348667145, 0.1247820258140564, 0.02950216829776764, 0.11637016385793686, 0.07008668035268784, 0.1266479641199112, 0.1902632862329483, 0.040477655827999115, 0.1600857824087143, 0.17698103189468384, 0.09592882543802261, 0.44294092059135437, 0.1662307232618332, 0.13349439203739166, 0.032142411917448044, 0.3342425525188446, 0.17667490243911743, 0.000679805816616863, 0.11583248525857925, 0.37556084990501404, 0.11776044219732285, 0.003988232929259539, 0.04548114538192749, 0.2898121476173401, 0.1581556648015976, 0.06193298473954201, 0.021531417965888977, 0.005062414333224297, 0.5306165814399719, 0.03907903656363487, 0.2065306156873703, 0.0896710678935051, 0.2783694863319397, 0.4771036207675934, 0.062025703489780426, 0.5230150818824768, 0.16739337146282196, 0.33094409108161926, 0.12822847068309784, 0.06150945648550987, 0.07666414231061935, 0.07541606575250626, 0.12733790278434753, 0.09375831484794617, 0.16371890902519226, 0.11541850119829178, 0.020437581464648247, 0.1619453877210617, 0.18647617101669312, 0.026547353714704514, 0.007462934125214815, 0.03036685846745968, 0.4309527575969696, 0.007771935313940048, 0.01752726174890995, 0.2563667893409729, 0.11015710979700089, 0.03552466630935669, 0.09233205765485764, 0.05488147959113121, 0.18328940868377686, 0.06576071679592133, 0.14140063524246216, 0.08469920605421066, 0.10310690104961395, 0.22730973362922668, 0.1865393966436386, 0.0946541577577591, 0.16190291941165924, 0.30936843156814575, 0.40952348709106445, 0.26963743567466736, 0.05528285726904869, 0.057861022651195526, 0.022153152152895927, 0.0832970067858696, 0.11035922914743423, 0.10541388392448425, 0.11295995116233826, 0.19273123145103455, 0.3411356806755066, 0.1354760229587555, 0.09214060753583908, 0.14078445732593536, 0.033328115940093994, 0.16519920527935028, 0.04991283640265465, 0.1050681322813034, 0.22296041250228882, 0.09975673258304596, 0.31320515275001526, 0.13535280525684357, 0.027944697067141533, 0.00943052675575018, 0.06293276697397232, 0.13880153000354767, 0.6816200017929077, 0.07302241772413254, 0.10411383211612701, 0.027887750416994095, 0.06306207925081253]"
F50,"[0.06719827651977539, 0.25545361638069153, 0.09006384760141373, 0.16220223903656006, 0.06312893331050873, 0.05301201716065407, 0.026334242895245552, 0.025181381031870842, 0.15250907838344574, 0.22708828747272491, 0.2183505892753601, 0.20420901477336884, 0.27883413434028625, 0.19999311864376068, 0.129248708486557, 0.2992234230041504, 0.0351763553917408, 0.21261650323867798, 0.13433320820331573, 0.024976830929517746, 0.232924684882164, 0.025895463302731514, 0.07893012464046478, 0.10062288492918015, 0.17081351578235626, 0.01102361362427473, 0.19954773783683777, 0.2626512348651886, 0.029240429401397705, 0.0277303047478199, 0.19708314538002014, 0.1498791128396988, 0.0699806958436966, 0.17379136383533478, 0.09640343487262726, 0.0212303027510643, 0.10013711452484131, 0.3814026415348053, 0.0005413226899690926, 0.18774546682834625, 0.031081179156899452, 0.32138437032699585, 0.1243288591504097, 0.21250757575035095, 0.1605064570903778, 0.07418981194496155, 0.02848629653453827, 0.10508633404970169, 0.4149952828884125, 0.0883958637714386, 0.04992559552192688, 0.044828303158283234, 0.013102597557008266, 0.03702026233077049, 0.2010934203863144, 0.27706024050712585, 0.1735956221818924, 0.17147457599639893, 0.12682346999645233, 0.10754114389419556, 0.051746852695941925, 0.12008050084114075, 0.09893397241830826, 0.023140758275985718, 0.384603351354599, 0.06321971118450165, 0.036100223660469055, 0.3560883104801178, 0.2873462438583374, 0.3150436282157898, 0.009523172862827778, 0.028519287705421448, 0.10187391191720963, 0.204526886343956, 0.09585223346948624, 0.02075941115617752, 0.15719006955623627, 0.02304285578429699, 0.04580893740057945, 0.20643743872642517, 0.08964159339666367, 0.1590666025876999, 0.08914471417665482, 0.13905897736549377, 0.31002989411354065, 0.16624993085861206, 0.1938067376613617, 0.10484785586595535, 0.07789033651351929, 0.07721351832151413, 0.21331509947776794, 0.015384558588266373, 0.13671927154064178, 0.15171819925308228, 0.1450161337852478, 0.2603437602519989, 0.09180755168199539, 0.3551988899707794, 0.046445082873106, 0.05525919049978256, 0.058162108063697815, 0.19455257058143616, 0.058110274374485016, 0.004655920900404453, 0.15860170125961304, 0.07514576613903046, 0.03913510963320732, 0.10164997726678848, 0.0827159434556961, 0.05991876497864723, 0.18303215503692627, 0.14281530678272247, 0.09981393814086914, 0.002220409456640482, 0.0005198080325499177, 0.1228167936205864, 0.18647733330726624, 0.05765128135681152, 0.017984846606850624, 0.02672485262155533, 0.2842022180557251, 0.19327649474143982, 0.09875134378671646, 0.28147852420806885, 0.03690481558442116, 0.32016459107398987, 0.0032094079069793224, 0.09152553975582123]"
F51,"[0.08848100155591965, 0.06102515012025833, 0.01976482942700386, 0.19790537655353546, 0.07551757991313934, 0.21256941556930542, 0.21766355633735657, 0.030460776761174202, 0.34817126393318176, 0.1823764443397522, 0.01316057238727808, 0.06632807850837708, 0.17540429532527924, 0.2647078037261963, 0.07827680557966232, 0.6242886185646057, 0.42707857489585876, 0.011489294469356537, 0.1394909918308258, 0.24119162559509277, 0.2373993694782257, 0.1436195969581604, 0.08928047865629196, 0.018525954335927963, 0.029284445568919182, 0.013239657506346703, 0.3090977072715759, 0.013461423106491566, 0.16052724421024323, 0.09691224247217178, 0.1420087218284607, 0.06735023856163025, 0.17806728184223175, 0.07818476855754852, 0.035792842507362366, 0.012258496135473251, 0.08693625777959824, 0.03908100351691246, 0.018810760229825974, 0.3740098476409912, 0.1853104680776596, 0.18590937554836273, 0.1549403965473175, 0.04408472776412964, 0.1755605787038803, 0.14827604591846466, 0.144011452794075, 0.04671700671315193, 0.38923096656799316, 0.40265151858329773, 0.1637749820947647, 0.23832431435585022, 0.06225442513823509, 0.2147606611251831, 0.08057607710361481, 0.12470237910747528, 0.038537438958883286, 0.016503307968378067, 0.0398247092962265, 0.15266761183738708, 0.21161743998527527, 0.28336653113365173, 0.21624524891376495, 0.2278328835964203, 0.38784053921699524, 0.08250179141759872, 0.05276940390467644, 0.2755749225616455, 0.1811406910419464, 0.028938885778188705, 0.036756642162799835, 0.03621908649802208, 0.08869766443967819, 0.2018943727016449, 0.006479113828390837, 0.579703152179718, 0.42945024371147156, 0.04198216274380684, 0.1443042904138565, 0.025748714804649353, 0.011994454078376293, 0.19878970086574554, 0.001958623994141817, 0.00475622434169054, 0.23489895462989807, 0.19090917706489563, 0.0302562415599823, 0.12607993185520172, 0.07717325538396835, 0.18058271706104279, 0.14621886610984802, 0.10084114968776703, 0.012021034955978394, 0.046917274594306946, 0.25301995873451233, 0.15930499136447906, 0.049962036311626434, 0.2809174656867981, 0.17753195762634277, 0.26406174898147583, 0.11556598544120789, 0.3299623727798462, 0.012701272033154964, 0.2655087411403656, 0.27388808131217957, 0.22596825659275055, 0.11937347799539566, 0.013173970393836498, 0.14433184266090393, 0.15805265307426453, 0.5653753876686096, 0.09211653470993042, 0.2043578028678894, 0.08716291189193726, 0.006678702775388956, 0.012049312703311443, 0.13608381152153015, 0.01770654506981373, 0.09835349023342133, 0.17666321992874146, 0.0255653727799654, 0.2122502475976944, 0.13026468455791473, 0.24903854727745056, 0.11390123516321182, 0.08070915192365646, 0.07741181552410126, 0.5180796980857849]"
F52,"[0.6241761445999146, 0.12585368752479553, 0.16509146988391876, 0.01604410633444786, 0.2326105386018753, 0.21582697331905365, 0.016217242926359177, 0.048082802444696426, 0.1407211273908615, 0.09058703482151031, 0.1852736920118332, 0.038270387798547745, 0.1402098387479782, 0.03436833247542381, 0.09672200679779053, 0.28730249404907227, 0.18987584114074707, 0.14010308682918549, 0.24588260054588318, 0.2245117425918579, 0.016303202137351036, 0.1972808539867401, 0.09134859591722488, 0.3163827061653137, 0.07256552577018738, 0.04517854377627373, 0.0436236597597599, 0.030843272805213928, 0.03145282343029976, 0.103300079703331, 0.0407264307141304, 0.03625721484422684, 0.15365925431251526, 0.13442349433898926, 0.09894344955682755, 0.1246945783495903, 0.003625816199928522, 0.19159337878227234, 0.05442050099372864, 0.07323645055294037, 0.20326916873455048, 0.3127999007701874, 0.08853312581777573, 0.06449003517627716, 0.11026649177074432, 0.053386252373456955, 0.1686311662197113, 0.14630012214183807, 0.029108725488185883, 0.15498577058315277, 0.01020489539951086, 0.08531634509563446, 0.42974889278411865, 0.2001471221446991, 0.03903326764702797, 0.18110033869743347, 0.6585643291473389, 0.21817980706691742, 0.0648447647690773, 0.009888207539916039, 0.6620208024978638, 0.07388705015182495, 0.32010170817375183, 0.2526939809322357, 0.016400648280978203, 0.10381000488996506, 0.30459991097450256, 0.18679514527320862, 0.19694378972053528, 0.037778761237859726, 0.40468671917915344, 0.020470192655920982, 0.24609258770942688, 0.16369222104549408, 0.19458970427513123, 0.051910046488046646, 0.066954106092453, 0.18548665940761566, 0.09712502360343933, 0.010133394040167332, 0.05663697049021721, 0.07542558014392853, 0.03844130039215088, 0.059088919311761856, 0.15281206369400024, 0.008183673024177551, 0.15205419063568115, 0.022016707807779312, 0.031125957146286964, 0.09155330061912537, 0.04901175573468208, 0.02545047365128994, 0.024734962731599808, 0.024442702531814575, 0.12437378615140915, 0.054748374968767166, 0.2098870873451233, 0.0329473540186882, 0.022270431742072105, 0.29251721501350403, 0.06544028222560883, 0.12078185379505157, 0.3013152778148651, 0.004792496562004089, 0.05676516517996788, 0.041554953902959824, 0.3019542694091797, 0.3546903133392334, 0.008568561635911465, 0.01488255150616169, 0.354647696018219, 0.08151805400848389, 0.018377268686890602, 0.04784900322556496, 0.17196810245513916, 0.030507368966937065, 0.1907617747783661, 0.049762167036533356, 0.13126496970653534, 0.023264208808541298, 0.0007687481702305377, 0.03287350386381149, 0.1971779316663742, 0.00944499857723713, 0.20477436482906342, 0.1481127142906189, 0.32276713848114014, 0.15820305049419403]"
F53,"[0.026028677821159363, 0.2115471363067627, 0.5668938755989075, 0.05058218166232109, 0.1781027764081955, 0.09995471686124802, 0.10274044424295425, 0.1754833161830902, 0.11862318217754364, 0.06468737125396729, 0.20200839638710022, 0.33643028140068054, 0.07303735613822937, 0.04219659045338631, 0.23915164172649384, 0.06954933702945709, 0.07709576934576035, 0.12338671833276749, 0.03261099010705948, 0.16403712332248688, 0.040980078279972076, 0.07762934267520905, 0.051014162600040436, 0.13430996239185333, 0.13084270060062408, 0.1063353642821312, 0.03441885486245155, 0.12803293764591217, 0.17546455562114716, 0.04164374992251396, 0.3191756308078766, 0.24984197318553925, 0.11370028555393219, 0.0633724108338356, 0.010388240218162537, 0.14225061237812042, 0.18998262286186218, 0.0578569658100605, 0.20266439020633698, 0.11426281183958054, 0.23393771052360535, 0.2925471365451813, 0.10056718438863754, 0.2838364839553833, 0.0185206588357687, 0.07783248275518417, 0.1707039177417755, 0.08108127117156982, 0.3841453194618225, 0.4532639980316162, 0.012297249399125576, 0.7105780243873596, 0.216062530875206, 0.12795771658420563, 0.3017024099826813, 0.16329340636730194, 0.15287771821022034, 0.04801250994205475, 0.012410774827003479, 0.01711578667163849, 0.024241473525762558, 0.1696503460407257, 0.059554800391197205, 0.1482519805431366, 0.016382306814193726, 0.13058581948280334, 0.13203445076942444, 0.03924556076526642, 0.5526196956634521, 0.5155389308929443, 0.18306230008602142, 0.0536549910902977, 0.11005882173776627, 0.02609948441386223, 0.00544253783300519, 0.04518580064177513, 0.04952549561858177, 0.13073737919330597, 0.20421962440013885, 0.2297590672969818, 0.1151389330625534, 0.05438556894659996, 0.07434873282909393, 0.26040658354759216, 0.3553304374217987, 0.12021371722221375, 0.06588774919509888, 0.10116125643253326, 0.17398424446582794, 0.02697642333805561, 0.13334424793720245, 0.11102699488401413, 0.24147750437259674, 0.04252474009990692, 0.0935688391327858, 0.06939584761857986, 0.13585078716278076, 0.147027850151062, 0.13236062228679657, 0.5703957676887512, 0.04749701917171478, 0.03815608099102974, 0.022715382277965546, 0.05712185427546501, 0.016125062480568886, 0.411905437707901, 0.04430989548563957, 0.22150751948356628, 0.10184188932180405, 0.004675972741097212, 0.08693782240152359, 0.09056618064641953, 0.1963532269001007, 0.3690515160560608, 0.20669397711753845, 0.30626606941223145, 0.25616806745529175, 0.14203839004039764, 0.11202890425920486, 0.33369430899620056, 0.1746874898672104, 0.08182532340288162, 0.008434761315584183, 0.23247165977954865, 0.12950360774993896, 0.28843602538108826, 0.011792619712650776, 0.06883467733860016]"
F54,"[0.15375114977359772, 0.1537427008152008, 0.12621177732944489, 0.12511789798736572, 0.19304770231246948, 0.25120165944099426, 0.6189257502555847, 0.19301441311836243, 0.13340266048908234, 0.24624988436698914, 0.09894171357154846, 0.06752075999975204, 0.022724129259586334, 0.13375885784626007, 0.14822348952293396, 0.2091594934463501, 0.09062474220991135, 0.08518142998218536, 0.03985247388482094, 0.38471412658691406, 0.39287474751472473, 0.6107738614082336, 0.0046141501516103745, 0.11201499402523041, 0.5424045920372009, 0.3072453737258911, 0.10731194168329239, 0.07304509729146957, 0.0841401070356369, 0.365825891494751, 0.1975976824760437, 0.07652086764574051, 0.17310139536857605, 0.09656233340501785, 0.21218352019786835, 0.034704647958278656, 0.10003707557916641, 0.10462042689323425, 0.08701741695404053, 0.12259486317634583, 0.0915256217122078, 0.08593600243330002, 0.17411988973617554, 0.4329468905925751, 0.03943278640508652, 0.27018675208091736, 0.13043493032455444, 0.2633586823940277, 0.5283710956573486, 0.17195478081703186, 0.05215669423341751, 0.2706789970397949, 0.05309746414422989, 0.20242254436016083, 0.04007618874311447, 0.10444124788045883, 0.028033651411533356, 0.12388420104980469, 0.44738343358039856, 0.28663814067840576, 0.2721203565597534, 0.08290602266788483, 0.2095676064491272, 0.2033611387014389, 0.016100464388728142, 0.38924574851989746, 0.18181468546390533, 0.20206943154335022, 0.19525665044784546, 0.3191545307636261, 0.029384257271885872, 0.21493278443813324, 0.06576664745807648, 0.11746744811534882, 0.13891717791557312, 0.14619432389736176, 0.46441417932510376, 0.1920442432165146, 0.42557862401008606, 0.005489841103553772, 0.09917354583740234, 0.25015076994895935, 0.37504351139068604, 0.03565056249499321, 0.00127422995865345, 0.09674135595560074, 0.16914427280426025, 0.031115597113966942, 0.1923997849225998, 0.15255212783813477, 0.8119586706161499, 0.10835675895214081, 0.029810722917318344, 0.01459436770528555, 0.10518651455640793, 0.309023916721344, 0.010238507762551308, 0.13583992421627045, 0.058021429926157, 0.24286046624183655, 0.09228083491325378, 0.05112776160240173, 0.0502331480383873, 0.1499895453453064, 0.460450142621994, 0.41424286365509033, 0.0013240999542176723, 0.36023178696632385, 0.06628463417291641, 0.48118719458580017, 0.002382181119173765, 0.19355683028697968, 0.4396650493144989, 0.36043837666511536, 0.002802754519507289, 0.06352068483829498, 0.12138866633176804, 0.017579076811671257, 0.12482032924890518, 0.17253604531288147, 0.18929387629032135, 0.3121257722377777, 0.4010898172855377, 0.12463368475437164, 0.5198557376861572, 0.2039901316165924, 0.1176552027463913, 0.057974860072135925]"
F55,"[0.27117228507995605, 0.3448188900947571, 0.05624546855688095, 0.1961824893951416, 0.060775816440582275, 0.4143438935279846, 0.02725989557802677, 0.06760270893573761, 0.28880542516708374, 0.028429558500647545, 0.26919764280319214, 0.12132662534713745, 0.2095184624195099, 0.3502082824707031, 0.12088500708341599, 0.018706966191530228, 0.17460331320762634, 0.14866593480110168, 0.018447866663336754, 0.20255789160728455, 0.25629082322120667, 0.043964873999357224, 0.3181529939174652, 0.1494000107049942, 0.1901582032442093, 0.056979428976774216, 0.16979773342609406, 0.03848112374544144, 0.1422148048877716, 0.11239802092313766, 0.014161176979541779, 0.06418848782777786, 0.030998313799500465, 0.08615066856145859, 0.2323264628648758, 0.10441352427005768, 0.1898534893989563, 0.09149951487779617, 0.40479812026023865, 0.1340560019016266, 0.27670153975486755, 0.4860680103302002, 0.007385764271020889, 0.24291883409023285, 0.11360273510217667, 0.19226810336112976, 0.024344298988580704, 0.218012273311615, 0.404046893119812, 0.12460847944021225, 0.04719214886426926, 0.03719724714756012, 0.061894066631793976, 0.020747540518641472, 0.05218148231506348, 0.06840389221906662, 0.03905481472611427, 0.09213490039110184, 0.025660883635282516, 0.03462648019194603, 0.3014508783817291, 0.19112537801265717, 0.0363847091794014, 0.006468907929956913, 0.044123947620391846, 0.0396646186709404, 0.2744844853878021, 0.22381235659122467, 0.04324188828468323, 0.024956827983260155, 0.07679189741611481, 0.051425591111183167, 0.237382709980011, 0.23910392820835114, 1.1191385984420776, 0.17914912104606628, 0.38687780499458313, 0.020319031551480293, 0.02281787432730198, 0.3563423752784729, 0.10091943293809891, 0.059348221868276596, 0.08901676535606384, 0.25781482458114624, 0.07996531575918198, 0.12487323582172394, 0.002494260435923934, 0.4456143379211426, 0.005617192480713129, 0.02055361680686474, 0.3806097209453583, 0.07892292737960815, 0.0015794632490724325, 0.044490937143564224, 0.06005839630961418, 0.24948732554912567, 0.10935729742050171, 0.12545453011989594, 0.00688270153477788, 0.30074343085289, 0.12841379642486572, 0.01842355728149414, 0.08433528244495392, 0.3747798800468445, 0.08365518599748611, 0.14936253428459167, 0.19552557170391083, 0.31202825903892517, 0.10273526608943939, 0.27347949147224426, 0.0950402319431305, 0.24276800453662872, 0.17521384358406067, 0.06493932753801346, 0.1607753485441208, 0.038882479071617126, 0.303731769323349, 0.21176482737064362, 0.020928163081407547, 0.2661486566066742, 0.1390911340713501, 0.04907509312033653, 0.17414610087871552, 0.01262729149311781, 0.1821214258670807, 0.35097670555114746, 0.2326001673936844, 0.4690178334712982]"
F56,"[0.06797990947961807, 0.3549814522266388, 0.18313033878803253, 0.21613845229148865, 0.18138724565505981, 0.6019033789634705, 0.07352067530155182, 0.09877964109182358, 0.008054825477302074, 0.2462996244430542, 0.13070833683013916, 0.11387372016906738, 0.037041667848825455, 0.11773447692394257, 0.28081491589546204, 0.16299939155578613, 0.06776989996433258, 0.2814500331878662, 0.018724137917160988, 0.10501565784215927, 0.26531827449798584, 0.09446693956851959, 0.23044848442077637, 0.13150885701179504, 0.138265460729599, 0.10697299242019653, 0.7035020589828491, 0.4101613461971283, 0.13260148465633392, 0.12152629345655441, 0.00108819711022079, 0.31303519010543823, 0.10775911062955856, 0.12663500010967255, 0.14881865680217743, 0.48734384775161743, 0.031659480184316635, 0.10653302818536758, 0.10170118510723114, 0.8586668372154236, 0.39144498109817505, 0.18663159012794495, 0.2476407140493393, 0.1232883632183075, 0.22560088336467743, 0.06546188145875931, 0.3429306745529175, 0.13801530003547668, 0.14129672944545746, 0.15978297591209412, 0.30458328127861023, 0.23527076840400696, 0.08096486330032349, 0.00315340724773705, 0.2040151208639145, 0.02961024083197117, 0.19808000326156616, 0.20567277073860168, 0.14677222073078156, 0.23885902762413025, 0.11711899191141129, 0.07540763169527054, 0.10178422927856445, 0.17594732344150543, 0.12095899134874344, 0.2123010903596878, 0.11288232356309891, 0.012520827353000641, 0.149083212018013, 0.00536445202305913, 0.42398613691329956, 0.09568239748477936, 0.09265823662281036, 0.04765738919377327, 0.04008061811327934, 0.037363674491643906, 0.024676738306879997, 0.029957560822367668, 0.00031702363048680127, 0.13981495797634125, 0.05113067477941513, 0.21592919528484344, 0.08373907208442688, 0.01389284711331129, 0.012172895483672619, 0.0221322700381279, 0.11722253262996674, 0.45201575756073, 0.17942564189434052, 0.1210082471370697, 0.07726894319057465, 0.21528807282447815, 0.09056688100099564, 0.09533397853374481, 0.1206822395324707, 0.33786946535110474, 0.07393115013837814, 0.088560551404953, 0.31980839371681213, 0.26109933853149414, 0.02418813295662403, 0.017851803451776505, 0.06713232398033142, 0.13856613636016846, 0.020908068865537643, 0.3803408443927765, 0.2991422414779663, 0.22193317115306854, 0.12058696895837784, 0.0024857025127857924, 0.2841152548789978, 0.008811441250145435, 0.1008141040802002, 0.1570681631565094, 0.3433103561401367, 0.06148258224129677, 0.08687907457351685, 0.10787457227706909, 0.25138261914253235, 0.08352102339267731, 0.046328358352184296, 0.1388394683599472, 0.22349628806114197, 0.24539698660373688, 0.06044407933950424, 0.035858090966939926, 0.1752578765153885, 0.1812889724969864]"
F57,"[0.24465607106685638, 0.26366138458251953, 0.1802944540977478, 0.007883251644670963, 0.059642061591148376, 0.17579986155033112, 0.015079380013048649, 0.12460749596357346, 0.3257881700992584, 0.23857013881206512, 0.12818433344364166, 0.382436603307724, 0.16112099587917328, 0.29311761260032654, 0.008492688648402691, 0.10714441537857056, 0.1769288331270218, 0.20684237778186798, 0.1388617306947708, 0.10186516493558884, 0.08854538947343826, 0.32510021328926086, 0.4643910527229309, 0.1432315558195114, 0.047503188252449036, 0.07410264760255814, 0.07785733044147491, 0.02603129670023918, 0.16755370795726776, 0.12957441806793213, 0.37054821848869324, 0.08316906541585922, 0.287933886051178, 0.2807519733905792, 0.037800148129463196, 0.13984063267707825, 0.23018765449523926, 0.2283076047897339, 0.06845583021640778, 0.14026284217834473, 0.21808597445487976, 0.07846348732709885, 0.11428534239530563, 0.07314389944076538, 0.38033586740493774, 0.09368572384119034, 0.15507283806800842, 0.13665194809436798, 0.15628337860107422, 0.1774372160434723, 0.03267451003193855, 0.6164421439170837, 0.03407241404056549, 0.031413257122039795, 0.10127921402454376, 0.107932448387146, 0.01314389519393444, 0.16549158096313477, 0.27668362855911255, 0.052692826837301254, 0.11125664412975311, 0.04563653841614723, 0.01589532382786274, 0.1939038634300232, 0.16223853826522827, 0.2474733144044876, 0.010586620308458805, 0.09875915199518204, 0.24031731486320496, 0.32631534337997437, 0.25202253460884094, 0.0038824917282909155, 0.36983123421669006, 0.1935047209262848, 0.3057161569595337, 0.019471069797873497, 0.07506206631660461, 0.07609021663665771, 0.12284036725759506, 0.06590280681848526, 0.041600365191698074, 0.11379345506429672, 0.2339019477367401, 0.15633752942085266, 0.1547500342130661, 0.12630009651184082, 0.19906368851661682, 0.4999788999557495, 0.1398618072271347, 0.21382692456245422, 0.22122256457805634, 0.45213136076927185, 0.4209353029727936, 0.2096671462059021, 0.027094287797808647, 0.02257751114666462, 0.3245009481906891, 0.19125984609127045, 0.03066602163016796, 0.24353034794330597, 0.10966748744249344, 0.0269063301384449, 0.11347377300262451, 0.031736914068460464, 0.13154861330986023, 0.043064966797828674, 0.07568449527025223, 0.1694112867116928, 0.07560284435749054, 0.06471450626850128, 0.05743889510631561, 0.05727590247988701, 0.08679009228944778, 0.09690410643815994, 0.07914461195468903, 0.07969553023576736, 0.16276758909225464, 0.131731778383255, 0.28037309646606445, 0.1266632080078125, 0.35955992341041565, 0.05514432117342949, 0.020780261605978012, 0.08363749831914902, 0.194199338555336, 0.08080773800611496, 0.08731681108474731, 0.4209516644477844]"
F58,"[0.3428640067577362, 0.11847778409719467, 0.08321601152420044, 0.01378817018121481, 0.038542136549949646, 0.15908004343509674, 0.019649913534522057, 0.2746395766735077, 0.2785434126853943, 0.08053913712501526, 0.03119981847703457, 0.04296953231096268, 0.011678790673613548, 0.2237214893102646, 0.06557931751012802, 0.10478756576776505, 0.12739203870296478, 0.3277133107185364, 0.4780764877796173, 0.13379119336605072, 0.0032471944577991962, 0.16129785776138306, 0.03552534058690071, 0.10246973484754562, 0.20446652173995972, 0.09732463955879211, 0.18989720940589905, 0.06412982940673828, 0.1206425204873085, 0.02897818759083748, 0.05292447283864021, 0.04676918685436249, 0.08140786737203598, 0.17083555459976196, 0.12703828513622284, 0.39026254415512085, 0.014702413231134415, 0.14345921576023102, 0.3724308907985687, 0.03208993375301361, 0.003602870972827077, 0.2914920151233673, 0.001758845872245729, 0.14566142857074738, 0.2564479112625122, 0.17007578909397125, 0.013711164705455303, 0.07843829691410065, 0.014897891320288181, 0.143000066280365, 0.12191582471132278, 0.07475830614566803, 0.06077190861105919, 0.0020005954429507256, 0.3139630854129791, 0.00430595176294446, 0.02964687906205654, 0.15393932163715363, 0.003487594658508897, 0.1466556042432785, 0.12789446115493774, 0.15736159682273865, 0.22381256520748138, 0.2543928325176239, 0.060666728764772415, 0.16123923659324646, 0.09396678954362869, 0.03869292885065079, 0.34261438250541687, 0.1639556884765625, 0.24585479497909546, 0.055839765816926956, 0.16151301562786102, 0.22928263247013092, 0.05960843712091446, 0.3635198771953583, 0.3406509459018707, 0.03392261266708374, 0.056584205478429794, 0.014553731307387352, 0.007864872924983501, 0.16197435557842255, 0.22392161190509796, 0.01751542091369629, 0.09875494986772537, 0.19563421607017517, 0.16259178519248962, 0.19693587720394135, 0.1994374841451645, 0.04148847609758377, 0.001750571304000914, 0.40014395117759705, 0.14028459787368774, 0.08683783560991287, 0.000819272652734071, 0.36474713683128357, 0.10308316349983215, 0.3874572217464447, 0.08775265514850616, 0.03130335733294487, 0.21910177171230316, 0.11447783559560776, 0.007829415611922741, 0.15029630064964294, 0.027119463309645653, 0.15993115305900574, 0.25471004843711853, 0.056536901742219925, 0.14633731544017792, 0.020033054053783417, 0.24518775939941406, 0.17795300483703613, 0.07677740603685379, 0.21699723601341248, 0.04226807877421379, 0.016842272132635117, 0.10465997457504272, 0.20207330584526062, 0.11605772376060486, 0.2502560317516327, 0.019499396905303, 0.5579938292503357, 0.2676158547401428, 0.06887772679328918, 0.04842092841863632, 0.3167698383331299, 0.11172763258218765, 0.17240074276924133]"
F59,"[0.18872378766536713, 0.10792481154203415, 0.09437448531389236, 0.050695862621068954, 0.08334462344646454, 0.34621697664260864, 0.6620826721191406, 0.08455640077590942, 0.46367162466049194, 0.00683570234104991, 0.03757672756910324, 0.05808193236589432, 0.1999429613351822, 0.1755097657442093, 0.16163606941699982, 0.5959509015083313, 0.2717379629611969, 0.16238979995250702, 0.41614922881126404, 0.03504617512226105, 0.10275497287511826, 0.19343948364257812, 0.47517332434654236, 0.15328292548656464, 0.12002398073673248, 0.21053385734558105, 0.0073171802796423435, 0.17786473035812378, 0.27475249767303467, 0.07807819545269012, 0.014230087399482727, 0.31392472982406616, 0.3374750316143036, 0.2639833986759186, 0.2641374468803406, 0.2015688121318817, 0.037329088896512985, 0.17024263739585876, 0.17752298712730408, 0.24661296606063843, 0.047131236642599106, 0.3067486584186554, 0.1135137528181076, 0.0077146245166659355, 0.0019179109949618578, 0.17137782275676727, 0.10524435341358185, 0.12241918593645096, 0.16455455124378204, 0.20721641182899475, 0.009097784757614136, 0.1245047003030777, 0.07781389355659485, 0.4128274917602539, 0.45976752042770386, 0.33995404839515686, 0.42777571082115173, 0.18577438592910767, 0.028367023915052414, 0.019800232723355293, 0.26306188106536865, 0.013737376779317856, 0.32646751403808594, 0.3640676438808441, 0.21937043964862823, 0.008125393651425838, 0.005383464973419905, 0.1547900289297104, 0.40820470452308655, 0.1655551940202713, 0.017745550721883774, 0.06379085034132004, 0.0406930185854435, 0.007048184052109718, 0.31289801001548767, 0.03749693185091019, 0.15533149242401123, 0.014089265838265419, 0.10104823857545853, 0.025401988998055458, 0.3334046006202698, 0.10657975822687149, 0.2420375943183899, 0.24162060022354126, 0.003696471219882369, 0.12967035174369812, 0.20567385852336884, 0.16744613647460938, 0.10574906319379807, 0.23633147776126862, 0.09418103843927383, 0.19053956866264343, 0.0722830593585968, 0.3246050775051117, 0.11540673673152924, 0.34872183203697205, 0.23368658125400543, 0.10459420830011368, 0.04242657497525215, 0.1584680825471878, 0.18671412765979767, 0.17537392675876617, 0.37382933497428894, 0.24657176434993744, 0.1572670340538025, 0.535230815410614, 0.19209741055965424, 0.2507539987564087, 0.3877854645252228, 0.1895555555820465, 0.05987681448459625, 0.2501637637615204, 0.0986851155757904, 0.0389130599796772, 0.042397238314151764, 0.020520128309726715, 0.34738755226135254, 0.07987327873706818, 0.24646632373332977, 0.020307159051299095, 0.1395208090543747, 0.04211152344942093, 0.18708255887031555, 0.08449937403202057, 0.12004417926073074, 0.16837449371814728, 0.05770747363567352, 0.3176814019680023]"
F60,"[0.07286129891872406, 0.09431851655244827, 0.3002464771270752, 0.20855127274990082, 0.07261092960834503, 0.3293052315711975, 0.5180671215057373, 0.08842319250106812, 0.22179292142391205, 0.2518461048603058, 0.09744159877300262, 0.004147412721067667, 0.1079830601811409, 0.14926637709140778, 0.22759968042373657, 0.3051873743534088, 0.0666755735874176, 0.30284616351127625, 0.07854729145765305, 0.2688846290111542, 0.14424942433834076, 0.12392478436231613, 0.12400137633085251, 0.10519735515117645, 0.06495625525712967, 0.0544603131711483, 0.17392165958881378, 0.14416654407978058, 0.3225322663784027, 0.054390810430049896, 0.6193442940711975, 0.0035729219671338797, 0.25081536173820496, 0.02660301886498928, 0.1679251492023468, 0.2498372495174408, 0.09349334239959717, 0.15463471412658691, 0.21440944075584412, 0.3382855951786041, 0.02290298417210579, 0.4957837760448456, 0.037107810378074646, 0.3546660244464874, 0.1393612027168274, 0.1113845556974411, 0.31117576360702515, 0.07355859130620956, 0.20350417494773865, 0.23926974833011627, 0.14868514239788055, 0.03546340763568878, 0.13711516559123993, 0.01099089253693819, 0.0958269014954567, 0.053452376276254654, 0.14813721179962158, 0.05799577757716179, 0.13458028435707092, 0.24873973429203033, 0.0026694454718381166, 0.04498466104269028, 0.35118094086647034, 0.34058883786201477, 0.054789766669273376, 0.21787172555923462, 0.2030440717935562, 0.020121172070503235, 0.09376077353954315, 0.3142476975917816, 0.12125985324382782, 0.009844168089330196, 0.3076537251472473, 0.07210967689752579, 0.2813212275505066, 0.08739463239908218, 0.10322949290275574, 0.0019001546315848827, 0.06714490801095963, 0.19192549586296082, 0.0929923802614212, 0.15362665057182312, 0.21155308187007904, 0.2420918494462967, 0.28561416268348694, 0.21796132624149323, 0.09558480232954025, 0.6844355463981628, 0.17333976924419403, 0.3620794713497162, 0.12271145731210709, 0.1363552361726761, 0.23749227821826935, 0.06013140454888344, 0.16873887181282043, 0.21628281474113464, 0.1617509424686432, 0.12987838685512543, 0.03153150528669357, 0.16783057153224945, 0.04956768453121185, 0.037002887576818466, 0.07895772904157639, 0.24235397577285767, 0.014048270881175995, 0.6837246417999268, 0.3802832067012787, 0.8186244964599609, 0.3764635920524597, 0.09871295839548111, 0.3524857461452484, 0.007263221777975559, 0.0421718992292881, 0.4326339066028595, 0.4000057578086853, 0.1277347058057785, 0.015324052423238754, 0.08570873737335205, 0.4202829599380493, 0.06230054423213005, 0.2625608742237091, 0.33691948652267456, 0.07475104928016663, 0.31250032782554626, 0.18879540264606476, 0.8181772232055664, 0.15154726803302765, 0.09645485132932663]"
F61,"[0.2726540267467499, 0.042168181389570236, 0.5033674240112305, 0.2423345148563385, 0.13656629621982574, 0.18305692076683044, 0.4736851155757904, 0.03283685818314552, 0.917750895023346, 0.1190190538764, 0.0884169265627861, 0.4838951826095581, 0.12022890150547028, 0.018253633752465248, 0.24007555842399597, 0.10556840151548386, 0.040125567466020584, 0.18326495587825775, 0.25165483355522156, 0.26824280619621277, 0.09834524244070053, 0.10559605062007904, 0.32345497608184814, 0.06385967880487442, 0.04660991579294205, 0.05109116807579994, 0.009502837434411049, 0.20469000935554504, 0.37355855107307434, 0.0888340026140213, 0.17841333150863647, 0.02633732371032238, 0.10107775777578354, 0.21116924285888672, 0.2701931893825531, 0.16271498799324036, 0.4699758291244507, 0.038550619035959244, 0.27519744634628296, 0.20346668362617493, 0.17947639524936676, 0.2055751234292984, 0.07037923485040665, 0.14425073564052582, 0.17007198929786682, 0.2072511613368988, 0.10893379896879196, 0.3747122883796692, 0.3380885720252991, 0.23069903254508972, 0.2797880172729492, 0.01897367648780346, 0.014969129115343094, 0.384478896856308, 0.046644311398267746, 0.2115771472454071, 0.17085593938827515, 0.35246697068214417, 0.017334692180156708, 0.08288826048374176, 0.25795912742614746, 0.03763008862733841, 0.0907909944653511, 0.07761877030134201, 0.05703704059123993, 0.036922208964824677, 0.29708877205848694, 0.012692753225564957, 0.5774603486061096, 0.3801612854003906, 0.018483711406588554, 0.29221826791763306, 0.16701264679431915, 0.000521870912052691, 0.15948686003684998, 0.28216370940208435, 0.04746760055422783, 0.07756103575229645, 0.2596677541732788, 0.13065925240516663, 0.18643182516098022, 0.18686476349830627, 0.03563481196761131, 0.5815210342407227, 0.4293123185634613, 0.1344623565673828, 0.07021672278642654, 0.0739058181643486, 0.04883020743727684, 0.13178780674934387, 0.20398710668087006, 0.1828194111585617, 0.19296640157699585, 0.6149328351020813, 0.19645792245864868, 0.017142493277788162, 0.026949455961585045, 0.02378879487514496, 0.3009951710700989, 0.3597850799560547, 0.018620971590280533, 0.035384729504585266, 0.18524670600891113, 0.10451627522706985, 0.19202567636966705, 0.11973098665475845, 0.29567432403564453, 0.038186702877283096, 0.0010846919612959027, 0.15231435000896454, 0.1759806126356125, 0.06524486094713211, 0.20264224708080292, 0.4326234459877014, 0.09951376169919968, 0.0011868251021951437, 0.2852945029735565, 0.19781941175460815, 0.43044301867485046, 0.20856909453868866, 0.17184725403785706, 0.06509426236152649, 0.23701994121074677, 0.012018132023513317, 0.0703791156411171, 0.15889430046081543, 0.25863754749298096, 0.03720442205667496]"
F62,"[0.21709296107292175, 0.32678040862083435, 0.2748119533061981, 0.23823192715644836, 0.07971411198377609, 0.22628168761730194, 0.0999065488576889, 0.2925640642642975, 0.4581371545791626, 0.016547037288546562, 0.11877213418483734, 0.04673675820231438, 0.11998279392719269, 0.022224288433790207, 0.2073071300983429, 0.1153617799282074, 0.18793782591819763, 0.15631571412086487, 0.12878094613552094, 0.19885265827178955, 0.10967280715703964, 0.09923373907804489, 0.14518499374389648, 0.3639236092567444, 0.23254309594631195, 0.23867039382457733, 0.5054264664649963, 0.3510647416114807, 0.04553420841693878, 0.06951303035020828, 0.025586942210793495, 0.20920515060424805, 0.005979356821626425, 0.3655416667461395, 0.168950155377388, 0.4889870285987854, 0.00595148466527462, 0.09373515844345093, 0.329946368932724, 0.008704678155481815, 0.13738380372524261, 0.0734572485089302, 0.2029101699590683, 0.13603021204471588, 0.08066686987876892, 0.02142859250307083, 0.20764780044555664, 0.11622757464647293, 0.06840800493955612, 0.013676982372999191, 0.31346696615219116, 0.3378485441207886, 0.026510434225201607, 0.04449733719229698, 0.030398109927773476, 0.05077274888753891, 0.37353813648223877, 0.09484339505434036, 0.1355784386396408, 0.021522847935557365, 0.07328364253044128, 0.07352560013532639, 0.057533472776412964, 0.3365578353404999, 0.0372857041656971, 0.02330288290977478, 0.12276141345500946, 0.07674354314804077, 0.08396413922309875, 0.02754206769168377, 0.22508379817008972, 0.017163490876555443, 0.2089962661266327, 0.06940393894910812, 0.10814908891916275, 0.0548914410173893, 0.16495653986930847, 0.1189626082777977, 0.1300024390220642, 0.02402653731405735, 0.22095929086208344, 0.2524469792842865, 0.05773364007472992, 0.15056750178337097, 0.11765311658382416, 0.11553188413381577, 0.1397169679403305, 0.0698808953166008, 0.0596606507897377, 0.09152928739786148, 0.016550742089748383, 0.03282923996448517, 0.2831001281738281, 0.17058849334716797, 0.11521629244089127, 0.09852530807256699, 0.10424719005823135, 0.24790838360786438, 0.21684807538986206, 0.06658358126878738, 0.034101083874702454, 0.022093338891863823, 0.2997018098831177, 0.055801380425691605, 0.20232096314430237, 0.015484941191971302, 0.033197298645973206, 0.04324578866362572, 0.07327613234519958, 0.09406991302967072, 0.4655073285102844, 0.15223360061645508, 0.020098678767681122, 0.31165117025375366, 0.19277073442935944, 0.0041282386519014835, 0.09384322911500931, 0.14852862060070038, 0.3597787618637085, 0.10009973496198654, 0.12141677737236023, 0.2543643116950989, 1.1043901395169087e-05, 0.18665412068367004, 0.19727148115634918, 0.04653843864798546, 0.6195701360702515, 0.04285084456205368]"
F63,"[0.37899720668792725, 0.06158587709069252, 0.03420086205005646, 0.12022527307271957, 0.17572779953479767, 0.3429471254348755, 0.23897221684455872, 0.09318637102842331, 0.506382942199707, 0.061639051884412766, 0.04071662575006485, 0.27137163281440735, 0.03220747038722038, 0.18747825920581818, 0.05195574462413788, 0.28565213084220886, 0.06305649131536484, 0.08701056241989136, 0.04171520844101906, 0.05236852169036865, 0.01190726924687624, 0.13567090034484863, 0.06774120032787323, 0.023791426792740822, 0.11520960927009583, 0.1201101690530777, 0.012232585810124874, 0.11013469099998474, 0.13398000597953796, 0.06218693032860756, 0.2026994675397873, 0.09720346331596375, 0.08492470532655716, 0.31067612767219543, 0.03266086429357529, 0.13469171524047852, 0.021366698667407036, 0.28728601336479187, 0.32830533385276794, 0.016528422012925148, 0.06511867791414261, 0.13791298866271973, 0.16086216270923615, 0.3170130252838135, 0.19647552073001862, 0.15386617183685303, 0.0366319976747036, 0.08917994797229767, 0.4233880639076233, 0.12455226480960846, 0.1280110478401184, 0.39952564239501953, 0.03383352607488632, 0.01837344653904438, 0.3733105957508087, 0.17503364384174347, 0.07641271501779556, 0.07115756720304489, 0.2406221330165863, 0.02345069870352745, 0.24424707889556885, 0.283387154340744, 0.19442333281040192, 0.28197309374809265, 0.12016478925943375, 0.01715363934636116, 0.20335017144680023, 0.13567787408828735, 0.167475163936615, 0.5458383560180664, 0.1179388239979744, 0.031343258917331696, 0.03483835607767105, 0.05750839039683342, 0.2124355286359787, 0.030386215075850487, 0.06081562116742134, 0.09350370615720749, 0.16488918662071228, 0.30761152505874634, 0.1186179518699646, 0.18635348975658417, 0.13010597229003906, 0.3544785976409912, 0.29169708490371704, 0.15029366314411163, 0.05549490824341774, 0.09139147400856018, 0.14193308353424072, 0.2106870710849762, 0.013743874616920948, 0.1113470196723938, 0.30927184224128723, 0.0332232303917408, 0.039546553045511246, 0.011332456022500992, 0.1287609487771988, 0.06817685067653656, 0.0005477986414916813, 0.23208902776241302, 0.10394223779439926, 0.009945841506123543, 0.09375600516796112, 0.1570976972579956, 0.22251927852630615, 0.3897036015987396, 0.32752206921577454, 0.045642971992492676, 0.037980202585458755, 0.2765659689903259, 0.125629723072052, 0.059770435094833374, 0.1404852718114853, 0.04707980901002884, 0.29365330934524536, 0.05376292020082474, 0.46786871552467346, 0.4752418100833893, 0.2612953186035156, 0.05843720585107803, 0.2019791454076767, 0.14205260574817657, 0.0035158160608261824, 0.07376027852296829, 0.08556880056858063, 0.021235531195998192, 0.19058401882648468, 0.3896001875400543]"
F64,"[0.1681976020336151, 0.08715633302927017, 0.19712169468402863, 0.1374441385269165, 0.22044432163238525, 0.2302592247724533, 0.5406818389892578, 0.14592139422893524, 0.08809707313776016, 0.08647369593381882, 0.04301047697663307, 0.41976606845855713, 0.13584935665130615, 0.29345273971557617, 0.015842033550143242, 0.27078041434288025, 0.26803556084632874, 0.10674368590116501, 0.14144419133663177, 0.03472117334604263, 0.13276654481887817, 0.11494690924882889, 0.0317927785217762, 0.34787794947624207, 0.3555331826210022, 0.2378128468990326, 0.03179265931248665, 0.040021128952503204, 0.19387498497962952, 0.17002780735492706, 0.576441764831543, 0.08914591372013092, 0.04714948683977127, 0.3001100718975067, 0.168223574757576, 0.4240378439426422, 0.36514487862586975, 0.06363508850336075, 0.07416261732578278, 0.0012428292538970709, 0.05786951258778572, 0.26847410202026367, 0.04328504577279091, 0.1362239271402359, 0.09782342612743378, 0.17945080995559692, 0.046578485518693924, 0.1449696570634842, 0.003001942066475749, 0.008028180338442326, 0.0504758246243, 0.11619279533624649, 0.0449441596865654, 0.06431878358125687, 0.3249608874320984, 0.036324746906757355, 0.11367129534482956, 0.13326647877693176, 0.39236897230148315, 0.19912095367908478, 0.008847911842167377, 0.1000041589140892, 0.22302861511707306, 0.20932474732398987, 0.20665983855724335, 0.5305770635604858, 0.1760404258966446, 0.10895805060863495, 0.42362499237060547, 0.29579073190689087, 0.11513810604810715, 0.06629239022731781, 0.004653044044971466, 0.1593141406774521, 0.3262280225753784, 0.002528304234147072, 0.12818150222301483, 0.11611179262399673, 0.2857481837272644, 0.1378423273563385, 0.10929492115974426, 0.34659284353256226, 0.028777144849300385, 0.059189971536397934, 0.08026225119829178, 0.42627614736557007, 0.03788582980632782, 0.018446115776896477, 0.020682554692029953, 0.09004192054271698, 0.47936946153640747, 0.046581268310546875, 0.3087622821331024, 0.03733524680137634, 0.4369311034679413, 0.16217195987701416, 0.16745778918266296, 0.13002260029315948, 0.00835671741515398, 0.1051856130361557, 0.020271126180887222, 0.016604449599981308, 0.10365770012140274, 0.07351676374673843, 0.3162521421909332, 0.2417299896478653, 0.22020204365253448, 0.1390974372625351, 0.10633226484060287, 0.18034592270851135, 0.3327524662017822, 0.14070329070091248, 0.057128164917230606, 0.051318928599357605, 0.38368722796440125, 0.03379511833190918, 0.10589364916086197, 0.32835260033607483, 0.5104621648788452, 0.4976288378238678, 0.3311931788921356, 0.35078996419906616, 0.3189709484577179, 0.26841673254966736, 0.182534322142601, 0.09382911026477814, 0.2017231583595276, 0.19351810216903687]"
F65,"[0.09539976716041565, 0.060165341943502426, 0.1118919625878334, 0.2681640088558197, 0.04008569195866585, 0.018012063577771187, 0.03158752620220184, 0.011925581842660904, 0.023565612733364105, 0.1043052151799202, 0.05896632373332977, 0.37178274989128113, 0.171617329120636, 0.04656997695565224, 0.25426021218299866, 0.4110995829105377, 0.09322847425937653, 0.28705060482025146, 0.032857105135917664, 0.006476204376667738, 0.18962553143501282, 0.021533578634262085, 0.10536371171474457, 0.05936896800994873, 0.07615179568529129, 0.03304998576641083, 0.11635999381542206, 0.046936992555856705, 0.07645437866449356, 0.06685187667608261, 0.18882381916046143, 0.10551291704177856, 0.1618725061416626, 0.07178788632154465, 0.06757314503192902, 0.14817719161510468, 0.07324753701686859, 0.06246265023946762, 0.04250851273536682, 0.08511368185281754, 0.014919806271791458, 0.3356359302997589, 0.1448349505662918, 0.09213901311159134, 0.2810433506965637, 0.004166202154010534, 0.08874630928039551, 0.12271122634410858, 0.1456153243780136, 0.006426999345421791, 0.4744042754173279, 0.3875739276409149, 0.056772783398628235, 0.05117283761501312, 0.1337842494249344, 0.08732923865318298, 0.1071217879652977, 0.059256039559841156, 0.18497413396835327, 0.1015685647726059, 0.031230179592967033, 0.11146152019500732, 0.10580450296401978, 0.02719917707145214, 0.09143073111772537, 0.07784398645162582, 0.059440791606903076, 0.045456379652023315, 0.0964849516749382, 0.008368573151528835, 0.05859026685357094, 0.05226391926407814, 0.14361023902893066, 0.06978191435337067, 0.08604224026203156, 0.20840951800346375, 0.0462714359164238, 0.01656988076865673, 0.015957903116941452, 0.004812570754438639, 0.0028310969937592745, 0.0012770285829901695, 0.07344269752502441, 0.14690229296684265, 0.38463544845581055, 0.06579858809709549, 0.21510262787342072, 0.2338312864303589, 0.01006497535854578, 0.09297869354486465, 0.09029898047447205, 0.08188915997743607, 0.15266399085521698, 0.10877944529056549, 0.38327091932296753, 0.16488642990589142, 0.16733233630657196, 0.17094026505947113, 0.14612478017807007, 0.009055168367922306, 0.1674174815416336, 0.16449174284934998, 0.1009475588798523, 0.0586564727127552, 0.13175173103809357, 0.08062274008989334, 0.2470255196094513, 0.31698042154312134, 0.0809946283698082, 0.058087058365345, 0.3452110290527344, 0.2487107217311859, 0.0011092714266851544, 0.1297566443681717, 0.1450796127319336, 0.039077334105968475, 0.13203856348991394, 0.1791381537914276, 0.007794364355504513, 0.27260127663612366, 0.16480840742588043, 0.29184457659721375, 0.016826579347252846, 0.2001146376132965, 0.13888657093048096, 0.08422061055898666, 0.1504584103822708, 0.15034057199954987]"
F66,"[0.030679307878017426, 0.18189287185668945, 0.3778879940509796, 0.020397810265421867, 0.07537413388490677, 0.10248618572950363, 0.08366689831018448, 0.04679153487086296, 0.13131606578826904, 0.06235630810260773, 0.07408090680837631, 0.07951267063617706, 0.04306105896830559, 0.09968585520982742, 0.09689792990684509, 0.3426058292388916, 0.07260559499263763, 0.05101599544286728, 0.02576155588030815, 0.06567694991827011, 0.07362416386604309, 0.08700118958950043, 0.1611424684524536, 0.07125234603881836, 0.03558842092752457, 0.0653625875711441, 0.12050621211528778, 0.03390646353363991, 0.054518282413482666, 0.12876512110233307, 0.07890796661376953, 0.015072018839418888, 0.12398956716060638, 0.014375613071024418, 0.04142192751169205, 0.07967466115951538, 0.1590730994939804, 0.15302887558937073, 0.26559436321258545, 0.05739952251315117, 0.10749756544828415, 0.07877282798290253, 0.11402124911546707, 0.012569461949169636, 0.10271462798118591, 0.18079137802124023, 0.054981887340545654, 0.18135757744312286, 0.06307828426361084, 0.11963974684476852, 0.1475626528263092, 0.1772550344467163, 0.06441877037286758, 0.09895302355289459, 0.027250753715634346, 0.06253187358379364, 0.12780308723449707, 0.002260840032249689, 0.27736616134643555, 0.025010112673044205, 0.05059615522623062, 0.042423564940690994, 0.0867624431848526, 0.09742831438779831, 0.09359550476074219, 0.32047221064567566, 0.2051413357257843, 0.022720197215676308, 0.04300829768180847, 0.22374089062213898, 0.04337237402796745, 0.01788908988237381, 0.01993492618203163, 0.01605810411274433, 0.05495331808924675, 0.21407297253608704, 0.10385831445455551, 0.021498410031199455, 0.016565894708037376, 0.0008593624806962907, 0.06048334017395973, 0.28206178545951843, 0.007952266372740269, 0.12532562017440796, 0.2560769319534302, 0.13330024480819702, 0.14806556701660156, 0.20393410325050354, 0.14619475603103638, 0.2868072986602783, 0.09625221788883209, 0.1585465520620346, 0.1763133704662323, 0.32168182730674744, 0.1421731412410736, 0.009800932370126247, 0.03593320772051811, 0.19242903590202332, 0.10068536549806595, 0.19223138689994812, 0.0535748191177845, 0.0007878959295339882, 0.06795777380466461, 0.08528906852006912, 0.16026507318019867, 0.023101482540369034, 0.014479528181254864, 0.1258748173713684, 0.03691369667649269, 0.05854906514286995, 0.21487559378147125, 0.011885602958500385, 0.03602035343647003, 0.05913742259144783, 0.29102271795272827, 0.0718972235918045, 0.3425430953502655, 0.2073967456817627, 0.33836373686790466, 0.09369061142206192, 0.054765041917562485, 0.02320529893040657, 0.12836125493049622, 0.022130124270915985, 0.06447423994541168, 0.08131275326013565, 0.08249890804290771, 0.07571344822645187]"
F67,"[0.5394644141197205, 0.45741012692451477, 1.0896896123886108, 0.13793174922466278, 0.04154582321643829, 0.06553961336612701, 0.5775234699249268, 0.582122802734375, 0.2060651034116745, 0.09831886738538742, 0.004628688097000122, 0.41662758588790894, 0.566314697265625, 0.21157363057136536, 0.057288289070129395, 0.5758771300315857, 0.31734737753868103, 0.07726812362670898, 0.28190863132476807, 0.16258573532104492, 0.09480199962854385, 0.751622200012207, 0.20165462791919708, 0.12122330814599991, 0.05109446495771408, 0.3986171782016754, 0.15413667261600494, 0.08955699950456619, 0.2613174319267273, 0.16579006612300873, 0.06051439046859741, 0.396825909614563, 0.0964423194527626, 0.10078777372837067, 0.1534418761730194, 0.0012727996800094843, 0.30228936672210693, 0.45029568672180176, 0.3717856705188751, 0.05546656996011734, 0.19828103482723236, 0.32909539341926575, 0.4624733626842499, 0.1273646056652069, 0.10247143357992172, 0.33687904477119446, 0.11571384221315384, 0.29448339343070984, 1.1000808477401733, 0.817526638507843, 0.560073733329773, 0.13853450119495392, 0.0009434172534383833, 0.18300309777259827, 0.03796553611755371, 0.4884220063686371, 0.3033957779407501, 0.000616003992035985, 0.2983349859714508, 0.08265568315982819, 0.6687910556793213, 0.05521180108189583, 0.1219276711344719, 0.33499056100845337, 0.07317431271076202, 0.2352501004934311, 0.08871740847826004, 0.1546427309513092, 0.3858208656311035, 0.03490903228521347, 0.27667999267578125, 0.11174827814102173, 0.09693331271409988, 0.1335141360759735, 0.10889340192079544, 0.5512443780899048, 0.055397119373083115, 0.31483498215675354, 0.6285753846168518, 0.6532659530639648, 0.15129975974559784, 0.33270275592803955, 0.004023170098662376, 0.41357675194740295, 0.6403241157531738, 0.1949842870235443, 0.04313759133219719, 0.13996879756450653, 0.2583814859390259, 0.21077720820903778, 0.05891838297247887, 0.6508798003196716, 0.08579666912555695, 0.8053362369537354, 0.10223966836929321, 0.1027899831533432, 0.13157208263874054, 0.04724038392305374, 0.06298328936100006, 0.3426472544670105, 0.10419372469186783, 0.08847883343696594, 0.06706105172634125, 0.07201822847127914, 0.14468401670455933, 0.7523441314697266, 0.3726086914539337, 0.24086934328079224, 0.16446435451507568, 0.19998523592948914, 0.9783644080162048, 0.1853276789188385, 0.20571239292621613, 0.20091655850410461, 0.3021911680698395, 0.11816617846488953, 0.99564528465271, 0.17842543125152588, 0.6832568049430847, 0.24516215920448303, 0.12212632596492767, 0.42567703127861023, 0.5191895961761475, 0.0649230033159256, 0.1672244518995285, 0.5185968279838562, 0.6000484228134155, 0.36326879262924194]"
