sample_index,cluster,true_label
4756,10,1
8446,3,6
3413,10,4
2973,10,1
1985,0,9
8515,5,6
3735,10,1
10224,3,10
9964,0,2
12966,1,7
5094,10,1
8190,5,6
11676,5,10
485,6,9
5838,2,1
8649,7,2
4790,0,1
8885,7,2
7519,6,6
2372,0,9
9500,3,2
1991,6,9
12791,1,8
380,6,9
9397,6,2
148,10,9
10181,9,10
11428,9,10
12346,1,3
3132,2,1
10945,9,10
6709,3,6
472,6,9
3408,6,4
3851,10,1
11648,5,10
7697,10,6
2170,0,9
2371,0,9
6109,6,1
10483,9,10
10184,9,10
3024,10,1
5887,2,1
5862,5,1
3798,6,1
12726,1,8
5472,10,1
12921,2,7
9303,6,2
1453,7,9
1637,5,9
3606,6,1
9489,3,2
11740,5,10
12268,1,3
8838,0,2
708,6,9
2057,0,9
5619,2,1
1639,6,9
2485,6,9
10571,9,10
3487,2,1
7168,8,6
10409,9,10
12459,5,3
5810,6,1
10710,9,10
6581,0,6
7714,6,6
3495,2,1
11939,9,10
4037,2,1
3839,5,1
12817,1,8
1478,6,9
6482,0,6
7390,0,6
8681,6,2
12573,1,3
6990,5,6
9509,6,2
2314,7,9
3139,0,1
1024,0,9
6652,6,6
12022,1,10
10473,9,10
8866,1,2
7547,3,6
1768,7,9
12893,5,7
1056,0,9
471,6,9
11923,2,10
11687,5,10
468,7,9
4644,2,1
7318,8,6
1086,7,9
7994,6,6
4017,2,1
565,6,9
2051,7,9
10132,1,10
13014,9,7
10038,1,10
2045,7,9
10200,1,10
8018,8,6
3900,2,1
838,7,9
6949,8,6
1514,7,9
3903,2,1
7816,6,6
9695,5,2
11759,5,10
3897,2,1
11546,9,10
10659,9,10
2545,6,9
1216,7,9
10836,9,10
9053,0,2
6054,10,1
253,6,9
4618,2,1
5188,2,1
5806,10,1
2885,6,4
7397,8,6
1986,10,9
9822,6,2
12097,1,3
3509,10,1
590,7,9
10119,9,10
10356,9,10
3923,2,1
6509,6,6
10526,9,10
3889,5,1
4561,10,1
9744,5,2
3397,6,4
7582,6,6
685,7,9
6255,8,6
1290,0,9
6426,5,6
156,7,9
8556,8,6
8026,5,6
6569,8,6
12576,5,3
10344,9,10
12130,9,3
10673,5,10
12797,1,8
10843,1,10
9158,3,2
12195,9,3
12383,1,3
11896,7,10
5223,2,1
5240,2,1
4175,2,1
12892,5,7
4811,0,1
11395,9,10
4372,2,0
3190,10,1
9890,10,2
3687,10,1
2123,6,9
10215,1,10
219,6,9
6615,7,6
878,0,9
9622,5,2
4299,10,1
4705,10,1
322,6,9
2515,6,9
6049,2,1
4078,10,1
11954,9,10
11929,7,10
7810,2,6
7687,5,6
8005,8,6
9522,3,2
39,5,9
10091,9,10
11698,5,10
5290,2,1
5325,0,1
1708,0,9
9307,5,2
1505,0,9
3399,7,1
7511,5,6
537,5,9
9165,10,2
12539,5,3
4629,2,1
9278,5,2
2730,6,9
2875,10,4
11005,9,10
10522,9,10
371,6,9
2370,0,9
4597,2,1
636,0,9
12873,1,7
497,7,9
11485,9,10
12389,1,3
3935,2,1
575,7,9
7249,5,6
10306,9,10
1808,6,9
2651,5,9
5363,0,0
2556,10,9
12679,5,8
1908,0,9
1915,6,9
135,7,9
2082,0,9
5596,5,0
11566,9,10
9083,5,2
4785,2,1
6678,5,6
73,6,9
3542,2,1
8206,5,6
8842,3,2
4297,2,1
3435,2,1
6586,3,6
12894,1,7
7939,3,6
6585,3,6
1959,0,9
5343,10,1
3627,10,1
5878,5,1
5972,10,0
10793,9,10
9434,4,2
9375,1,2
11482,6,10
8452,2,6
6857,6,6
1484,6,9
9901,7,2
11226,9,10
3152,10,1
11303,9,10
3852,10,1
12671,5,8
1419,7,9
3420,6,4
4143,2,1
7280,6,6
7960,6,6
3135,2,1
670,7,9
5898,7,1
455,7,9
8100,5,6
415,6,9
11487,9,10
9792,5,2
8963,3,2
5646,2,1
3727,10,1
12360,1,3
2325,6,9
10064,5,10
7485,6,6
2841,3,0
12158,9,3
4326,2,1
11685,5,10
10950,7,10
278,7,9
10580,9,10
4616,2,1
7351,6,6
11779,9,10
3388,3,4
6567,8,6
9009,10,2
12587,5,3
8162,5,6
5902,2,1
6662,8,6
7312,3,6
6187,8,6
8776,7,2
9281,6,2
2934,10,1
4602,6,1
8055,5,6
11652,5,10
9072,6,2
4712,5,1
6682,8,6
10560,9,10
12520,3,3
10230,9,10
1824,0,9
9050,6,2
12437,5,3
2380,0,9
10842,9,10
7668,0,6
6480,8,6
1925,7,9
8048,5,6
11720,1,10
1508,0,9
12748,9,8
9005,1,2
1631,10,9
419,6,9
9406,3,2
2947,6,4
7736,6,6
5719,6,1
7774,3,6
11571,5,10
11667,5,10
10665,9,10
12025,5,10
10401,9,10
9425,5,2
9480,3,2
1207,0,9
4565,5,0
8304,6,6
3993,5,1
5539,2,1
12953,9,7
9758,5,2
8359,6,6
6502,5,6
4381,0,1
364,6,9
5592,6,1
8921,1,2
8538,8,6
7430,6,6
10335,1,10
9314,6,2
1132,7,9
9426,6,2
11475,1,10
1922,6,9
8492,5,6
4283,2,1
5119,2,1
10534,9,10
3295,2,1
586,7,9
5381,2,1
5340,7,1
11440,9,10
9002,5,2
6537,8,6
10505,9,10
401,7,9
11236,9,10
3561,6,1
6096,6,1
3171,2,1
10586,9,10
131,7,9
9619,7,2
8780,5,2
3912,6,1
5028,0,1
6648,0,6
1525,0,9
5641,10,1
5319,2,1
4405,5,1
10020,6,10
2015,0,9
3450,2,1
2571,6,9
12912,5,7
8529,6,6
8218,7,6
7049,6,6
5899,10,1
12321,5,3
4066,2,1
277,7,9
4357,5,1
10776,9,10
3706,10,1
605,6,9
7601,6,6
12975,5,7
7988,8,6
1362,0,9
8165,8,6
3642,2,1
6133,3,6
2271,6,9
9363,3,2
11494,6,10
10439,9,10
3581,10,1
9600,3,2
7542,6,6
304,7,9
667,7,9
6785,3,6
3172,10,1
5655,6,1
9028,1,2
6890,8,6
12616,1,3
9253,6,2
734,5,9
9222,3,2
3268,10,1
10167,1,10
3203,7,4
11616,1,10
9219,7,2
10102,9,10
3904,10,1
10355,9,10
529,5,9
6301,3,6
11345,5,10
10489,9,10
8541,6,6
6027,2,1
9535,3,2
9994,9,10
5755,6,1
6493,8,6
3599,2,1
12439,5,3
174,5,9
1978,0,9
7670,6,6
7021,8,6
8702,5,2
7185,0,6
6677,3,6
2333,6,9
4683,10,0
869,5,9
12607,5,3
9204,7,2
4566,10,1
8689,3,2
8939,3,2
695,7,9
9936,3,2
6359,3,6
9780,10,2
5772,6,1
5096,10,1
3321,10,1
12395,9,3
7500,6,6
9274,6,2
3913,5,1
4198,10,1
6725,8,6
8585,5,6
11502,9,10
2462,7,9
6943,2,6
4796,10,1
11437,5,10
2058,0,9
5768,2,1
12964,9,7
457,7,9
5322,0,1
7240,6,6
12796,1,8
10783,9,10
8447,8,6
3634,6,1
2772,5,9
9761,6,2
3693,6,1
8846,3,2
439,6,9
6950,8,6
10951,9,10
11612,5,10
5831,10,1
7811,3,6
6760,5,6
7442,3,6
2038,6,9
9609,7,2
3505,10,1
2152,0,9
5385,10,1
3218,0,4
2528,6,9
9248,10,2
4027,2,1
9722,1,2
11821,6,10
4825,2,1
9927,6,2
11600,9,10
9592,3,2
1904,6,9
533,7,9
12498,5,3
2422,6,9
3303,10,1
9819,5,2
1694,0,9
1764,7,9
10008,9,10
3758,10,1
9092,3,2
1344,0,9
7821,5,6
10413,1,10
5990,10,1
9757,6,2
9877,5,2
5339,2,1
11498,9,10
6175,8,6
6664,8,6
1300,0,9
11113,6,10
1079,5,9
8503,8,6
229,7,9
5131,0,1
10885,9,10
3748,10,1
5093,10,1
147,10,9
4214,2,1
10804,1,10
3023,2,1
4368,2,1
5312,2,1
9477,10,2
8308,2,6
2540,6,9
10462,1,10
8523,6,6
133,6,9
12060,9,10
10631,9,10
9147,10,2
8449,8,6
9926,6,2
4636,10,1
5146,10,1
8111,5,6
7186,6,6
8225,5,6
2568,10,9
11115,1,10
2112,10,9
9694,1,2
12347,1,3
12278,9,3
8865,0,2
10346,9,10
10765,9,10
7309,3,6
9513,6,2
1235,0,9
7870,6,6
3700,10,1
267,5,9
12839,1,8
4192,5,1
12264,5,3
10703,5,10
12318,5,3
10133,1,10
11603,5,10
4305,7,1
9647,7,2
1642,7,9
7438,6,6
4628,10,1
856,0,9
192,10,9
4346,7,1
7841,5,6
10417,9,10
9182,1,2
3991,10,1
8732,6,2
4685,2,1
11589,1,10
2803,7,9
3568,10,1
8526,6,6
3173,10,1
10022,1,10
11797,6,10
9905,3,2
6231,7,6
12874,1,7
5279,2,1
6636,0,6
5474,10,1
9387,5,2
5449,6,1
5611,5,1
9061,6,2
3410,10,1
2676,7,9
7775,3,6
2783,5,9
3584,10,1
3195,10,1
10470,9,10
12808,1,8
4686,2,1
1690,0,9
8094,3,6
2667,7,9
7114,5,6
3690,10,1
4006,10,1
1638,6,9
810,0,9
8113,3,6
2472,5,9
11867,9,10
6866,3,6
2991,10,4
6801,0,6
3276,10,1
10978,5,10
1227,7,9
7363,8,6
8107,3,6
4662,2,1
10902,5,10
10543,9,10
8366,5,6
7153,5,6
7618,6,6
2634,6,9
8679,1,2
8564,6,6
8537,8,6
3256,10,1
836,0,9
7979,3,6
9054,5,2
10702,9,10
5636,6,1
1157,0,9
12828,5,8
10664,9,10
2480,0,9
12005,9,10
7731,8,6
10921,1,10
8485,5,6
1183,7,9
349,6,9
459,6,9
5036,2,1
7225,6,6
12589,6,3
3549,6,1
5015,2,1
2682,7,9
7698,5,6
3043,2,1
7981,3,6
12898,5,7
1965,0,9
162,3,9
3473,2,1
11346,5,10
6985,8,6
11125,9,10
1340,7,9
735,5,9
2598,6,9
10701,5,10
4923,5,1
3059,10,4
11360,5,10
7322,3,6
1536,0,9
11649,1,10
2219,6,9
10775,1,10
8455,5,6
438,6,9
8275,5,6
2101,7,9
5072,0,1
284,6,9
1650,6,9
2926,6,4
11070,7,10
983,7,9
3598,5,1
5536,6,1
8381,5,6
4349,2,1
11404,1,10
9772,1,2
6116,5,6
7465,3,6
11680,9,10
9935,6,2
11137,9,10
12620,1,3
4414,2,1
5023,5,0
6476,6,6
2044,7,9
2936,10,1
8465,3,6
823,10,9
6932,5,6
3510,10,1
12180,1,3
3970,2,1
3107,2,1
5826,6,1
9683,7,2
8927,6,2
915,0,9
7957,6,6
10866,7,10
11419,9,10
4556,2,1
238,5,9
12032,9,10
1369,0,9
12901,1,7
6590,2,6
4243,2,1
8639,3,2
271,7,9
1946,7,9
3885,2,1
5688,6,1
10440,9,10
2213,0,9
1020,0,9
680,0,9
10572,9,10
11484,9,10
3206,2,1
7787,5,6
9358,2,2
1906,6,9
2798,7,9
6190,10,6
6477,5,6
6127,3,6
4865,10,1
12552,1,3
6057,2,1
7077,6,6
2789,6,9
3653,6,1
1815,6,9
11344,5,10
4815,0,1
871,0,9
4593,10,1
3224,0,4
6750,3,6
9268,6,2
2895,7,4
5683,10,1
10565,9,10
2294,7,9
2900,7,4
2382,10,0
1749,5,9
10596,9,10
1140,7,9
1539,7,9
293,6,9
7305,6,6
6154,6,6
4193,10,1
10077,9,10
9333,5,2
11163,5,10
4251,0,1
1257,0,9
9702,6,2
7571,6,6
11921,9,10
3227,0,4
46,6,9
4212,0,1
7598,5,6
762,7,9
11892,7,10
3540,6,1
7441,7,6
4571,2,1
2203,6,9
2401,6,9
4087,2,1
3688,2,5
1836,10,9
12375,9,3
11168,9,10
7840,3,6
3196,10,1
10028,1,10
8014,8,6
9875,6,2
9541,1,2
11653,1,10
251,7,9
6908,3,6
8030,5,6
10965,9,10
10989,9,10
2620,7,9
8104,6,6
4056,2,1
10615,0,10
412,6,9
5569,5,1
7303,6,6
6014,10,1
9399,6,2
7566,6,6
12016,9,10
6538,5,6
3827,2,1
3433,6,1
7732,8,6
3163,10,1
6136,2,6
212,6,9
7685,6,6
7765,6,6
3125,0,1
5633,2,1
1121,7,9
10367,9,10
531,6,9
5884,10,1
9627,3,2
6850,3,6
10533,5,10
12127,1,3
2816,7,9
8630,8,6
1128,7,9
8614,8,6
11468,1,10
10101,9,10
191,10,9
6309,8,6
11721,1,10
10403,9,10
3620,10,1
526,10,9
2855,6,4
4668,2,1
5234,0,1
2286,0,9
320,6,9
10397,1,10
622,10,9
4327,2,1
11174,1,10
3715,5,1
9383,7,2
745,5,9
9844,1,2
2263,7,9
12866,9,7
1558,10,9
8759,3,2
2121,0,9
5333,6,1
7509,3,6
2037,0,9
3817,10,1
12387,1,3
9586,5,2
3874,10,1
4679,2,1
10437,9,10
6312,3,6
5092,10,1
11289,1,10
3153,10,1
5700,2,1
8613,3,6
9922,3,2
4954,0,1
1051,0,9
1399,10,9
6765,6,6
694,7,9
5861,2,1
9322,10,2
4541,10,1
5026,2,1
7204,6,6
12704,1,8
7211,0,6
5652,6,1
11848,5,10
2338,6,9
4350,2,1
9606,6,2
9329,6,2
5113,0,1
1100,0,9
6744,5,6
1251,10,9
9710,5,2
12075,1,3
1405,6,9
3330,10,1
8666,2,2
7648,3,6
12548,9,3
1636,5,9
9279,1,2
3456,6,1
3470,2,1
10035,9,10
12463,6,3
5799,5,0
6168,5,6
5919,6,1
5011,2,1
3010,2,1
1605,7,9
12478,1,3
6494,8,6
5913,5,0
103,7,9
274,6,9
10551,9,10
698,5,9
11337,1,10
9790,5,2
7612,6,6
3056,10,4
12545,1,3
4180,2,1
4655,6,1
2941,10,1
3489,2,1
2570,6,9
7911,2,6
12120,1,3
473,6,9
5470,10,1
1268,0,9
9947,1,2
9663,5,2
2867,6,4
7217,6,6
3960,5,1
8073,5,6
6685,8,6
1113,7,9
6862,5,6
10934,9,10
10691,9,10
6971,5,6
357,6,9
2214,0,9
7121,6,6
6173,5,6
1999,6,9
3609,10,1
6917,5,6
11334,5,10
9532,3,2
10998,9,10
11031,5,10
6470,0,6
7164,6,6
12306,9,3
4595,2,1
8441,3,6
10781,9,10
12181,1,3
11341,9,10
8408,5,6
4195,10,1
2896,7,4
2648,5,9
3089,10,4
8792,5,2
9920,5,2
9449,6,2
6261,3,6
553,6,9
1719,6,9
9840,6,2
8138,5,6
2145,6,9
12093,1,3
5395,2,1
12352,1,3
6702,3,6
209,6,9
10464,9,10
842,7,9
2909,10,1
7760,5,6
10646,1,10
1792,6,9
6319,3,6
6757,8,6
2011,0,9
629,6,9
12362,1,3
11317,5,10
12523,1,3
2001,7,9
8291,5,6
779,7,9
4118,10,1
12601,6,3
6305,5,6
7379,8,6
1166,0,9
12186,1,3
10448,9,10
11990,9,10
9446,6,2
12353,1,3
5529,6,1
11999,9,10
11394,9,10
7655,5,6
9188,3,2
5038,2,1
12554,1,3
6598,5,6
2498,5,9
7268,5,6
4964,2,1
1685,0,9
11364,9,10
7320,8,6
7388,7,6
10928,7,10
8402,6,6
366,6,9
4604,10,1
1304,0,9
720,7,9
9174,1,2
3614,10,1
2389,0,9
5767,2,1
2725,2,9
9058,6,2
2368,0,9
3338,10,1
3081,5,1
12889,5,7
7924,6,6
10948,7,10
4389,10,1
6510,7,6
3596,10,1
6348,8,6
3216,0,4
11,10,9
5738,10,1
4598,2,1
4123,2,1
6291,3,6
3097,0,4
9275,5,2
712,10,9
6010,10,1
8874,0,2
8296,8,6
3742,10,1
12773,6,8
1325,0,9
2660,6,9
2483,6,9
862,2,9
7644,6,6
3713,6,0
5711,6,1
8801,1,2
9997,1,10
10268,1,10
12348,1,3
9624,6,2
4103,10,1
3249,0,4
12674,1,8
2117,6,9
7722,0,6
4547,10,1
4122,2,1
12605,1,3
1656,6,9
11910,1,10
8534,8,6
4852,2,1
321,6,9
9666,5,2
7101,6,6
6019,2,1
9738,3,2
12968,1,7
7260,3,6
4315,2,1
1843,0,9
10715,5,10
11528,9,10
10126,5,10
9476,10,2
4867,10,1
4737,6,1
3438,2,1
6938,2,6
8569,8,6
1260,0,9
3462,2,1
11130,1,10
7696,5,6
2235,10,9
7332,6,6
2298,7,9
2258,0,9
1302,0,9
8896,1,2
7429,5,6
7319,8,6
11829,6,10
2358,6,9
4871,2,1
8823,3,2
11390,7,10
1783,0,9
2918,5,4
8753,1,2
1809,6,9
756,0,9
6805,6,6
3006,0,4
6876,0,6
3432,2,1
7395,8,6
2834,6,9
4438,0,1
1481,0,0
9304,3,2
8197,3,6
3061,10,4
339,5,9
4690,2,1
8725,10,2
4106,5,1
5161,5,0
10687,5,10
5101,2,1
5507,6,1
2212,7,9
2719,10,9
388,6,9
11920,7,10
5058,2,1
2990,6,4
11574,9,10
7199,8,6
8648,4,2
9017,10,2
6881,3,6
6336,6,6
891,7,9
12709,5,8
8627,6,6
8673,1,2
12939,5,7
4200,2,1
10724,9,10
12948,1,7
5261,10,1
11501,9,10
11013,9,10
4081,2,1
8276,5,6
11131,9,10
6735,5,6
8621,6,6
9957,6,2
654,7,9
3602,2,1
10266,1,10
2790,6,9
12191,1,3
1014,0,9
1874,5,9
4155,2,1
6842,8,6
6681,8,6
3607,6,1
5746,6,1
5927,7,1
7032,3,6
5207,10,1
2546,10,9
8092,6,6
6105,6,1
9205,0,2
2004,6,9
5962,2,1
3597,2,1
3424,2,1
207,6,9
9902,5,2
929,0,9
7615,3,6
1173,0,9
8411,8,6
4134,2,1
1982,0,9
6453,7,6
2889,6,4
7743,8,6
1289,0,9
1234,2,9
9713,1,2
11459,9,10
13016,9,7
3339,6,4
8758,5,2
12070,1,3
12117,1,3
51,2,9
4508,2,1
299,6,9
7853,2,6
2530,6,9
9324,5,2
4781,2,1
4759,2,1
8549,6,6
1259,0,9
2341,6,9
9552,5,2
3336,0,1
11179,9,10
1842,0,9
10118,9,10
4130,10,1
12301,9,3
12744,1,8
12134,1,3
9011,2,2
1450,0,9
10827,9,10
11302,9,10
5315,2,1
11062,9,10
9653,3,2
2722,7,9
11513,1,10
6103,6,1
8392,6,6
1692,0,9
796,10,9
7366,6,6
12198,9,3
10229,9,10
9287,6,2
3996,2,1
2132,7,9
11294,5,10
5971,2,1
5666,2,1
5259,0,1
10832,9,10
9073,1,2
8043,5,6
9590,6,2
6931,5,6
5562,2,1
6140,6,6
4976,2,1
8790,0,2
10773,9,10
1745,0,9
2449,0,9
2312,7,9
5718,2,1
4281,2,0
4934,10,0
11669,6,10
8632,5,6
1444,10,9
10791,1,10
825,7,9
909,5,9
10348,9,10
7973,6,6
12206,1,3
10307,9,10
10790,6,10
10347,1,10
308,6,9
3411,3,4
11134,9,10
10918,5,10
272,7,9
3629,10,1
6861,5,6
10458,1,10
10095,9,10
10925,9,10
6532,5,6
7166,6,6
9726,5,2
1950,6,9
6038,6,0
8085,5,6
1111,0,9
6695,5,6
11581,1,10
2031,0,9
2448,0,9
10515,9,10
2439,0,9
6794,5,6
9748,6,2
9572,10,2
5239,6,1
1434,7,9
12770,1,8
5495,10,1
1975,0,9
4994,10,1
3301,2,1
9335,7,2
5790,2,1
9928,6,2
10161,1,10
2640,7,9
665,7,9
2935,6,1
194,10,9
9745,5,2
1640,6,9
837,7,9
6322,3,6
4981,6,1
8498,8,6
11051,3,10
3340,2,1
11607,1,10
12296,1,3
12425,1,3
4149,2,1
1977,0,9
2552,6,9
11869,9,10
10705,9,10
6244,3,6
2285,0,9
2021,10,9
7798,5,6
7952,8,6
8704,6,2
8653,3,2
9620,3,2
10806,1,10
4419,2,1
2257,0,9
7273,6,6
5078,2,1
5414,10,1
11944,9,10
1353,0,9
2603,6,9
12753,1,8
1443,10,9
2454,5,9
2654,6,9
3823,2,1
6825,10,6
408,7,9
6727,7,6
4406,2,1
285,6,9
8360,6,6
8426,5,6
12368,9,3
12475,5,3
3544,2,1
2951,2,4
9618,3,2
6326,10,6
9536,10,2
10436,9,10
124,7,9
1025,0,9
8000,6,6
1454,0,9
6944,6,6
10494,9,10
26,5,9
215,6,9
97,6,9
9577,6,2
8850,2,2
4800,0,1
416,6,9
12786,1,8
5525,10,1
608,7,9
8527,2,6
9961,1,2
7675,5,6
3908,0,1
2070,0,9
10138,9,10
9603,6,2
12116,9,3
11749,5,10
3810,2,1
8285,6,6
6164,3,6
1785,0,9
2996,5,1
4166,2,1
5180,2,1
3188,10,1
7819,5,6
12105,1,3
9431,3,2
6979,7,6
1189,0,9
10011,9,10
11793,5,10
8121,6,6
6072,3,1
11609,5,10
3482,2,1
10216,5,10
2694,5,9
5541,5,1
1164,0,9
1753,0,9
2874,6,4
5359,2,1
4484,2,1
7912,5,6
10733,9,10
8352,8,6
8574,8,6
1070,0,9
8004,8,6
520,5,9
6816,5,6
7584,3,6
12577,1,3
10376,9,10
2187,6,9
10795,9,10
12445,5,3
1951,10,9
6934,5,6
9404,6,2
4521,2,1
3941,2,1
6988,4,6
11412,9,10
2713,6,9
10786,7,10
494,7,9
3180,10,1
946,7,9
12816,5,8
5659,2,1
3426,10,1
11177,1,10
1243,0,9
1970,5,9
9074,6,2
5594,2,1
13018,9,7
813,7,9
8770,5,2
11739,9,10
6125,6,6
5997,2,1
10140,9,10
2877,6,4
9737,1,2
7918,7,6
7433,7,6
3548,10,1
9394,6,2
2650,7,9
11461,9,10
9059,7,2
11795,5,10
11391,1,10
6691,8,6
4097,2,1
12847,1,8
5770,2,1
1715,7,9
76,6,9
1787,0,9
5018,2,1
5628,6,1
9450,10,2
1011,0,9
1898,2,9
12275,1,3
8991,0,2
1119,0,9
7830,6,6
8128,6,6
5544,10,1
6056,2,1
5283,10,1
2787,6,9
3921,10,1
1716,7,9
10087,9,10
4238,0,1
11227,9,10
10453,9,10
4450,10,1
5834,10,1
6278,3,6
3963,10,1
5489,2,1
1619,7,9
5830,10,1
9929,3,2
3491,5,1
686,7,9
12844,5,8
6251,5,6
8355,6,6
10905,5,10
6205,6,6
7897,6,6
1653,6,9
5192,0,1
5167,10,1
270,7,9
9743,5,2
10004,5,10
3746,2,1
6460,3,6
1911,0,9
3536,10,1
4268,0,1
11715,1,10
6879,8,6
6435,8,6
3460,6,1
11021,9,10
6313,6,6
9377,10,2
3150,0,4
1560,0,9
4284,2,1
7588,6,6
3060,0,4
4743,7,1
4936,2,1
10271,1,10
8519,8,6
4975,2,1
12627,1,3
10382,9,10
11624,5,10
9648,1,2
1206,0,9
2928,10,1
11978,1,10
9124,6,2
11960,9,10
3207,2,4
12319,1,3
9836,6,2
7498,6,6
9585,6,2
382,6,9
6197,8,6
8937,5,2
8301,6,6
7720,6,6
12642,5,8
1223,0,9
8421,6,1
12635,1,8
914,7,9
10860,1,10
9345,2,2
6930,5,6
10040,9,10
126,7,9
5197,5,1
12433,1,3
60,10,9
2489,5,9
10609,5,10
3452,2,1
9139,5,2
2084,0,9
5461,6,1
12408,1,3
5875,10,1
312,7,9
7457,8,6
3820,6,1
606,6,9
1704,7,9
5451,2,1
431,6,9
4591,2,1
3136,2,1
4937,10,1
10384,9,10
2906,10,1
8349,2,6
9795,1,2
9038,3,2
3275,10,1
5187,10,1
12179,1,3
4853,2,1
11159,1,10
3760,10,1
9215,5,2
7294,6,6
2997,2,1
6618,0,6
1608,6,9
5181,2,1
6080,6,1
9347,5,2
5255,10,1
5084,2,1
10272,1,10
8765,3,2
9843,10,2
7505,2,6
755,0,9
3771,6,1
3242,0,4
9861,6,2
2327,6,9
2977,0,4
6266,5,6
609,6,9
11543,9,10
2168,7,9
2505,5,9
8155,6,6
2638,6,9
5896,10,1
3390,10,1
7901,5,6
9295,3,2
11246,1,10
12768,9,8
5431,2,1
3370,0,1
1751,10,9
5567,5,1
5458,10,1
372,6,9
9784,6,2
978,0,9
2061,5,9
1317,0,9
12224,1,3
3944,0,1
1099,0,9
2738,6,9
1880,7,9
11229,1,10
1349,0,9
5888,2,1
4532,0,1
8472,6,6
10206,1,10
7141,7,6
7328,6,6
1603,7,9
3109,0,1
3040,10,1
6936,6,6
4872,5,1
1363,0,9
269,7,9
5930,5,1
11557,9,10
1869,0,9
8562,6,6
3521,6,1
11544,9,10
3541,6,1
2272,0,9
3826,2,1
1757,0,9
6237,3,6
1878,7,9
9137,3,2
7132,5,6
9910,6,2
3554,2,1
8582,3,6
8778,10,2
10548,9,10
4907,0,1
1599,7,9
11877,5,10
4018,2,1
7869,6,6
4289,2,1
1957,6,9
10015,5,10
224,6,9
11319,1,10
851,7,9
7562,3,6
8,2,9
11614,1,10
9328,3,2
18,2,9
3012,2,1
7699,5,6
11796,5,10
10392,9,10
10285,5,10
6630,7,6
12174,1,3
1495,5,9
7925,7,6
1476,0,9
5008,2,1
644,10,9
10026,9,10
6146,6,6
9040,6,2
6698,0,6
11907,1,10
12072,1,3
10563,9,10
12040,5,10
6474,8,6
9762,5,2
7945,5,6
9914,6,2
10529,1,10
1641,6,9
12086,5,3
12381,1,3
8437,5,6
11184,5,10
2769,6,9
10706,9,10
11200,9,10
6889,6,6
10900,6,10
71,5,9
12397,9,3
8458,3,6
3234,0,4
2109,0,9
9385,6,2
4850,2,1
5204,10,1
3654,10,1
406,6,9
10066,1,10
10679,1,10
10316,9,10
12891,1,7
10039,9,10
10056,1,10
8683,7,2
1475,5,9
10435,9,10
3749,2,1
9407,10,2
2597,10,9
7845,8,6
9630,6,2
396,5,9
8372,2,6
3485,10,1
11354,9,10
4943,2,1
771,7,9
2717,5,9
4074,2,1
9962,6,2
9156,1,2
4125,10,1
10239,9,10
9153,6,2
805,6,9
5,6,9
8194,3,6
12649,5,8
10063,1,10
4909,10,1
177,6,9
11602,1,10
6410,3,6
5778,6,1
6012,2,1
3395,10,4
2824,6,9
996,0,9
11467,1,10
4660,2,1
8297,8,6
10234,1,10
8123,3,6
7326,2,6
7641,3,6
7307,6,6
1409,7,9
12804,5,8
8743,5,2
1006,0,9
4607,6,1
10379,1,10
1542,7,9
2153,0,9
3500,2,1
9067,6,2
4185,10,1
137,7,9
9932,3,2
9793,5,2
9925,5,2
11480,1,10
8246,6,6
4310,2,1
12986,5,7
5952,2,1
11714,5,10
7544,5,6
9667,6,2
9414,6,2
855,7,9
1800,7,9
2795,7,9
12337,1,3
749,0,9
3074,2,1
1323,0,9
11332,9,10
3054,10,1
1188,5,9
7298,2,6
12156,1,3
12668,6,8
6800,10,6
3502,10,1
6708,5,6
6415,7,6
3037,0,1
4608,2,1
5440,10,1
12928,1,7
3053,2,1
11936,9,10
4104,10,1
3911,5,1
7064,8,6
1724,0,9
9439,10,2
5210,2,1
7154,8,6
717,6,9
3104,0,0
5264,0,1
9037,5,2
5129,2,1
9794,5,2
3527,2,1
11389,1,10
4225,10,1
9657,5,2
11349,5,10
10201,1,10
9823,7,2
2839,2,4
3494,5,1
3313,0,4
5004,2,1
11536,1,10
8622,8,6
5209,8,1
1773,0,9
11124,6,10
11753,5,10
11947,9,10
12604,5,3
8292,6,6
2788,7,9
32,5,9
11706,9,10
6065,6,1
2151,0,9
10183,9,10
1005,0,9
5097,10,1
3956,2,1
2016,10,9
8773,1,2
5928,2,1
7769,6,6
7913,6,6
886,5,9
7002,0,6
12270,1,3
42,6,9
8045,5,6
437,6,9
9103,1,2
1426,7,9
6508,0,6
12418,1,3
10135,1,10
3610,10,1
3925,5,1
7767,3,6
1543,7,9
1832,0,9
12659,1,8
4935,2,1
2199,0,9
243,6,9
5047,2,1
9956,10,2
4383,10,1
11117,1,10
5374,2,1
8495,8,6
506,5,9
2742,6,9
3458,2,1
714,0,9
10228,9,10
3187,10,1
10875,1,10
6496,8,6
1370,10,9
11056,1,10
5249,2,1
5335,2,1
4691,2,1
4340,2,1
9672,5,2
3649,6,1
6368,7,6
747,10,9
3859,2,1
791,6,9
9904,5,2
231,6,9
10637,9,10
2592,6,9
6555,3,6
8888,5,2
7321,6,6
5479,2,1
12757,1,8
10141,7,10
5304,2,1
6587,5,6
9558,6,2
5644,6,1
7324,3,6
8098,5,6
9283,10,2
8445,5,6
6192,6,6
2925,6,1
3669,6,1
8479,3,6
6755,6,6
2467,0,9
4498,0,1
11073,9,10
6332,3,6
11756,9,10
3368,2,4
5445,10,1
10446,9,10
12223,9,3
12473,1,3
1752,2,9
8399,6,6
7606,7,6
7569,3,6
8040,5,6
7178,8,6
3170,0,4
7234,6,6
5296,10,1
8224,5,6
8219,5,6
1161,5,9
788,0,9
2459,7,9
4594,10,1
450,7,9
9468,3,2
12068,1,3
6613,2,6
1860,7,9
8096,10,6
6186,8,6
7674,10,6
7341,6,6
6159,7,6
5117,10,1
8979,5,2
12357,1,3
10767,1,10
5537,2,1
7535,6,6
11628,1,10
10097,9,10
688,7,9
4848,2,1
8664,6,2
9776,5,2
5568,2,1
9596,7,2
8338,8,6
11697,9,10
12151,1,3
821,0,9
1882,0,9
3673,2,1
12525,1,3
11418,9,10
9894,6,2
2146,10,9
433,6,9
4856,10,1
4558,2,1
4752,2,1
10517,1,10
458,6,9
4549,10,1
9398,10,2
6818,5,6
11853,1,10
12571,2,3
1686,0,9
2700,5,9
12653,9,8
10083,5,10
11449,1,10
4896,5,1
2829,6,9
4026,2,1
5467,5,1
11830,1,10
3560,7,1
5817,2,1
390,6,9
10732,9,10
8172,10,6
5761,6,1
5350,0,1
7848,8,6
8310,7,6
3048,2,1
3833,10,1
6819,3,6
10940,9,10
560,6,9
3754,2,1
11849,9,10
6650,8,6
4786,2,1
5230,2,1
2227,0,9
245,6,9
11711,1,10
2778,6,9
4589,6,1
998,0,9
6675,8,6
7016,3,6
11943,9,10
11297,9,10
8477,3,6
6784,5,6
5753,6,1
6085,10,1
9436,4,2
5297,5,1
4751,2,1
8844,3,2
7558,6,6
1464,7,9
6980,2,6
1765,7,9
198,10,9
10846,1,10
1258,0,9
1604,7,9
1651,6,9
5519,2,1
8149,2,6
6967,8,6
4669,2,1
7567,7,6
5808,5,1
4258,10,1
5691,6,1
2041,7,9
9382,10,2
8020,8,6
7579,3,6
1016,0,9
11024,9,10
4995,10,1
594,7,9
3724,10,0
12132,1,3
5737,5,1
11807,1,10
4985,10,1
1211,7,9
12172,1,3
6099,2,1
9729,6,2
4717,2,1
4461,2,1
12777,5,8
4702,10,1
7385,5,6
11141,6,10
106,7,9
9161,6,2
3994,10,0
3636,10,1
11373,1,10
10759,0,10
11164,5,10
11153,1,10
1134,7,9
11531,5,10
9447,10,2
12295,1,3
12101,1,3
3013,0,4
11006,9,10
4001,0,1
7937,6,6
9907,3,2
5435,2,1
8904,0,2
5390,0,1
11093,9,10
11919,7,10
9736,6,2
7526,6,6
6157,6,6
1487,7,9
2334,7,9
5957,7,1
4069,2,1
6515,7,6
480,0,9
2705,7,9
3822,6,1
12508,1,3
9351,2,2
4625,10,1
10847,5,10
2240,0,9
3045,2,1
12971,5,7
2583,7,9
8022,5,6
10422,9,10
2437,0,9
547,6,9
4714,6,1
9783,3,2
27,6,9
901,5,9
9344,3,2
7308,6,6
12561,5,3
4009,10,1
2373,0,9
3497,6,1
5523,2,1
926,0,9
528,5,9
178,6,9
12820,1,8
2291,7,9
5098,2,1
275,6,9
1838,0,9
11416,1,10
6529,8,6
4841,2,1
8674,2,2
6907,3,6
7152,6,6
6053,3,1
11092,9,10
10507,1,10
9853,1,2
7503,6,6
10380,0,10
11527,9,10
11517,5,10
5337,2,1
1055,0,9
11813,7,10
1131,0,9
10958,9,10
9453,10,2
7859,8,6
3165,10,1
6396,8,6
12526,5,3
8332,5,6
5488,6,1
8852,0,2
12043,5,10
3805,2,1
6268,5,6
5149,2,0
12937,7,7
10908,5,10
8684,5,2
2113,0,9
10142,5,10
7243,8,6
4730,2,1
4323,0,1
5791,2,1
8507,5,6
3513,2,1
9864,3,2
7684,3,6
11974,9,10
5124,0,1
4188,10,1
464,6,9
9245,0,2
6556,3,6
1326,0,9
11744,5,10
1585,5,9
5338,2,1
1655,7,9
2129,7,9
6023,2,1
242,7,9
11026,9,10
12669,5,8
6208,6,6
6123,5,6
701,6,9
5616,6,1
9209,1,2
778,7,9
2239,0,9
2952,2,4
5163,0,1
1027,0,9
894,10,9
3459,2,1
1491,10,9
9356,2,2
5351,2,1
7029,8,6
12183,1,3
578,7,9
2492,5,9
11479,1,10
4497,2,1
11522,9,10
8090,3,6
5118,10,1
6328,3,6
12073,1,3
10857,1,10
1575,0,9
910,0,9
9076,3,2
4219,10,1
6346,8,6
9688,3,2
8238,5,6
10834,9,10
1646,0,9
6017,2,1
2542,6,9
7611,5,6
12283,1,3
4697,10,1
12692,1,8
9659,5,2
5939,2,1
579,6,9
3005,6,0
5380,2,1
11580,1,10
12625,5,3
2284,0,9
675,0,9
2251,10,9
6806,0,6
9617,1,2
5190,10,1
7067,0,6
12647,5,8
6792,8,6
1330,0,9
1254,10,9
3102,2,1
10312,9,10
7496,5,6
11575,9,10
11198,9,10
5293,2,1
314,6,9
1147,0,9
1883,5,9
2093,7,9
11491,9,10
1245,7,9
8078,6,6
5216,2,1
3750,10,1
3794,6,1
7740,3,6
9136,5,2
8824,6,2
4398,2,1
9128,6,2
4673,2,1
6689,8,6
5924,2,1
9508,3,2
9217,3,2
9441,10,2
7628,3,6
12129,1,3
1635,6,9
8650,5,2
4342,6,1
12050,5,10
10960,9,10
3562,6,1
3079,0,1
11071,1,10
7624,3,6
7586,3,6
9433,6,2
3895,10,1
7789,2,6
10149,9,10
1537,7,9
4333,6,1
4170,10,1
2469,6,9
8912,9,2
5012,2,1
10676,9,10
8959,0,2
9452,10,2
6942,5,6
3146,10,1
8895,3,2
6031,2,1
5623,10,1
5387,2,1
12769,9,8
11441,9,10
9526,1,2
3248,0,4
10871,9,10
3096,0,0
3354,2,1
2538,5,9
306,7,9
12419,1,3
11138,1,10
2002,6,9
722,0,9
4970,2,1
3386,10,1
4642,2,1
2273,0,9
352,7,9
5473,2,1
9813,5,2
7050,3,6
3802,10,1
10123,5,10
4700,0,1
3445,2,1
4951,10,1
10013,5,10
5871,2,1
4966,2,1
2688,6,9
6945,8,6
3296,2,1
6521,5,6
12613,5,3
4302,0,1
11605,5,10
1602,6,9
10991,9,10
10855,4,10
235,7,9
1159,7,9
1900,5,9
6235,6,6
1361,0,9
770,7,9
6292,3,6
10657,9,10
8855,3,2
4042,2,1
5300,2,1
7820,0,6
8389,6,6
11781,9,10
4055,2,1
6454,3,6
9366,5,2
1351,0,9
2624,6,9
11316,5,10
3675,6,1
8141,5,6
8913,1,2
12192,1,3
7284,5,6
3011,6,1
2869,6,1
7381,8,6
1054,0,9
12438,9,3
1283,0,9
7932,5,6
6549,3,6
10894,9,10
6206,6,6
2427,6,9
8563,2,6
2094,0,9
2739,10,9
2111,0,9
1769,7,9
4711,6,1
7463,5,6
6118,8,6
4895,0,1
8298,3,6
10243,5,10
6543,7,6
12952,9,7
134,6,9
6875,8,6
1579,7,9
9660,3,2
6356,6,6
69,6,9
9,10,9
5911,5,0
5406,2,1
8457,6,6
3498,6,1
1278,5,9
2226,0,9
10290,1,10
559,0,9
12271,1,3
10858,1,10
11542,2,10
492,6,9
8431,3,6
2193,7,9
3940,2,1
8087,3,6
8281,3,6
10888,9,10
2754,6,9
789,0,9
10292,9,10
6285,3,6
9243,5,2
9601,5,2
10971,9,10
782,10,9
11642,9,10
5007,10,1
2172,0,9
1252,0,9
11460,9,10
10528,9,10
214,6,9
7963,3,6
9473,5,2
7293,6,6
13006,6,7
8555,6,6
2171,7,9
12225,1,3
1499,7,9
9293,10,2
5982,2,1
7715,6,6
87,10,9
9576,5,2
8578,7,6
3273,0,4
2916,10,1
8849,3,2
6599,8,6
8076,6,6
1518,7,9
7120,8,6
12749,1,8
373,6,9
2635,7,9
375,5,9
7712,6,6
2417,6,9
11046,9,10
7780,5,6
11994,1,10
6711,8,6
638,0,9
9183,1,2
8075,6,6
1284,0,9
3997,7,1
3623,2,1
2259,6,9
12732,1,8
2823,6,9
3480,2,1
2760,7,9
11630,1,10
9965,5,2
517,7,9
12663,1,8
1521,0,9
8336,5,6
6441,8,6
6507,0,6
3332,6,4
4475,2,1
11234,1,10
7081,7,6
9787,5,2
6323,5,6
4447,0,1
4977,2,1
12909,1,7
12312,5,3
10336,7,10
9312,5,2
12492,1,3
11995,9,10
9306,5,2
3950,2,1
150,10,9
11367,4,10
3674,6,1
2486,6,9
4439,2,1
816,6,9
3692,10,1
7272,7,6
3001,10,1
4223,2,1
5587,2,1
11799,6,10
4241,10,0
5999,10,1
7170,8,6
6619,0,6
10389,9,10
7113,6,6
5849,2,1
189,10,9
5916,10,1
1827,0,9
10169,1,10
690,7,9
7523,6,6
5847,10,1
2632,7,9
2880,6,4
13019,5,7
9064,10,2
9656,5,2
10627,9,10
6978,5,6
2773,10,9
7157,3,6
10006,5,10
10728,1,10
6378,3,6
9760,6,2
11950,9,10
9804,5,2
4487,2,1
11114,6,10
5749,6,1
1622,6,9
2986,2,1
6307,5,6
11673,9,10
11824,6,10
7492,6,6
2863,2,1
11030,9,10
7706,8,6
12929,5,7
9554,10,2
806,5,9
7517,6,6
7620,3,6
7679,6,6
7110,8,6
8589,5,6
11265,6,10
425,5,9
733,5,9
2819,6,9
3757,2,1
7871,6,6
10465,9,10
9001,5,2
8082,10,6
12885,10,7
2924,5,1
8603,5,6
12118,1,3
7337,6,6
5588,10,1
10867,9,10
10600,9,10
8944,10,2
4656,10,1
490,6,9
11689,5,10
9646,6,2
5542,6,1
7956,6,6
7374,3,6
10121,9,10
9700,1,2
7155,0,6
801,7,9
4840,2,1
4586,10,1
12946,9,7
5172,2,1
864,0,9
10780,9,10
9323,6,2
11558,9,10
7968,6,6
539,7,9
5650,2,1
10258,6,10
4347,0,1
6331,10,6
5109,2,1
7748,8,6
3624,10,1
5237,5,1
7222,6,6
12702,1,8
5455,10,1
4797,0,1
10030,7,10
2893,10,1
11362,9,10
1494,0,9
9675,5,2
8654,10,2
12064,9,3
736,10,9
7828,5,6
723,0,9
6128,6,6
12157,1,3
1282,0,9
11532,1,10
12386,1,3
8568,5,6
11945,6,10
10768,9,10
9498,6,2
12582,5,3
10585,9,10
6740,3,6
5859,6,1
2500,5,9
8391,5,6
12123,1,3
12166,1,3
2431,5,9
7314,3,6
7291,8,6
7413,3,6
8624,3,6
5520,2,1
2087,0,9
10800,5,10
8369,3,6
4787,0,1
11264,1,10
8341,5,6
4482,10,1
6289,8,6
1336,0,0
6737,5,6
10429,9,10
3126,5,1
5621,2,1
10103,9,10
9118,2,2
8221,10,6
12882,1,7
11559,9,10
11801,1,10
8687,3,2
10869,9,10
7622,8,6
5728,2,1
9803,5,2
4659,10,1
7836,7,6
6239,3,6
793,7,9
10808,1,10
2511,6,9
1423,0,9
10321,9,10
7093,3,6
5792,2,1
10213,1,10
1803,6,9
4764,2,1
8478,5,6
1397,7,9
11970,1,10
1936,10,9
2601,7,9
6859,10,6
6631,3,6
3182,10,1
8234,5,6
3264,10,1
11521,9,10
1170,0,9
2674,7,9
1019,0,9
2141,5,9
3619,6,1
3655,10,1
795,7,9
6432,5,6
12222,9,3
7301,2,6
12503,1,3
403,7,9
227,6,9
9269,10,2
1298,0,9
8771,6,2
12038,9,10
5978,10,1
122,7,9
12639,5,8
8015,8,6
7823,5,6
2429,6,9
4249,10,1
12687,9,8
4480,10,1
8802,3,2
2468,0,9
2340,6,9
4464,0,0
11255,9,10
5756,10,1
196,10,9
4481,10,1
2907,10,1
6742,2,6
12257,9,3
9930,6,2
7898,5,6
9162,3,2
6564,6,6
5935,6,1
10714,5,10
1208,7,9
8986,10,2
2186,7,9
7439,6,6
8133,5,6
8501,6,6
9026,1,2
11719,5,10
12960,1,7
6929,5,6
2504,5,9
4795,2,1
10521,5,10
8386,3,6
2728,7,9
12908,1,7
1962,0,9
11623,9,10
6340,8,6
10152,6,10
2811,7,9
11287,1,10
9677,6,2
12331,6,3
6194,3,6
7414,5,6
5409,10,1
857,5,9
2665,7,9
4173,2,1
1414,6,9
12107,9,3
6062,6,1
8647,5,2
6813,0,6
3358,0,4
1488,7,9
8475,7,6
2110,0,9
8699,3,2
1104,7,9
1889,7,9
2721,6,9
127,7,9
2510,10,9
257,5,9
12333,1,3
395,5,9
1971,7,9
6853,3,6
10813,5,10
2502,5,9
7608,3,6
12399,5,3
6690,8,6
3259,0,4
5100,5,1
8490,6,6
7288,6,6
9874,6,2
9087,6,2
3973,2,1
10553,9,10
12464,1,3
10556,9,10
5020,10,1
7474,10,6
12742,1,8
4390,2,1
5904,3,1
10411,9,10
2412,6,9
12752,1,8
4099,10,1
10967,5,10
4005,2,1
9032,2,2
154,7,9
9280,10,2
10907,0,10
6277,8,6
9520,6,2
8226,3,6
10797,5,10
7082,6,6
11146,1,10
11745,9,10
9472,3,2
10220,4,10
8302,6,6
4313,10,0
2447,0,9
9751,10,2
4749,2,1
4140,10,1
7297,6,6
3198,10,1
7371,3,6
8791,3,2
12078,9,3
589,7,9
7437,3,6
15,10,9
7710,6,6
2430,7,9
2523,6,9
8530,3,6
12371,1,3
8191,6,6
4839,2,1
2241,0,9
12610,5,3
4181,0,1
567,7,9
5289,0,1
8924,5,2
811,0,9
5267,2,1
5754,2,1
261,6,9
10954,10,10
10155,9,10
4704,10,1
1041,0,9
5156,10,1
948,7,9
142,6,9
7313,6,6
8329,6,6
8211,8,6
2308,7,9
561,2,9
815,0,9
6081,10,1
7502,6,6
3129,0,1
2595,6,9
7392,6,6
9550,6,2
12046,9,10
3284,0,1
8442,5,6
7707,8,6
10059,9,10
5776,6,1
1941,0,9
11563,9,10
4427,2,1
2374,0,9
10415,5,10
12037,1,10
13022,9,7
8236,5,6
7896,6,6
8774,1,2
5114,0,1
8916,10,2
8322,5,6
2631,6,9
2850,10,4
4279,10,1
7825,3,6
1793,6,9
7613,3,6
8105,6,6
7861,3,6
48,6,9
12234,1,3
1380,0,9
12484,1,3
12351,1,3
5052,2,1
6956,5,6
9036,5,2
12100,9,3
12047,9,10
12486,9,3
367,6,9
2032,0,9
1445,6,9
4877,0,1
38,6,9
3774,2,1
4293,10,1
4476,2,1
518,5,9
11296,1,10
1931,6,9
1265,0,9
3788,2,1
5252,10,1
3477,10,1
2090,10,9
3586,6,1
731,5,9
7142,3,6
3978,2,1
9411,10,2
3228,0,4
11473,1,10
9680,5,2
7610,6,6
11206,1,10
8239,5,6
6485,7,6
10854,9,10
7889,10,6
881,5,9
8960,5,2
206,6,9
9821,2,2
5774,6,1
6775,3,6
6772,3,6
5933,10,1
2989,0,1
9816,3,2
11983,9,10
3659,2,1
8782,0,2
12515,1,3
9704,6,2
4826,0,1
155,7,9
2189,7,9
12461,5,3
4319,0,1
3431,2,1
7640,3,6
6446,3,6
1470,0,9
12284,9,3
1012,0,9
5269,10,1
3409,6,4
4973,2,1
534,2,9
4613,6,1
4211,0,1
3520,10,1
7955,10,6
9096,3,2
2756,5,9
5009,6,1
9080,1,2
3272,0,4
7103,6,6
4782,2,1
5944,6,1
8358,5,6
5154,2,1
9970,6,2
9437,5,2
10196,9,10
5459,2,1
10175,9,10
7900,5,6
7224,6,6
1774,0,9
3496,2,1
440,6,9
1924,7,9
9071,1,2
7875,8,6
8489,6,6
11408,9,10
2653,7,9
12287,9,3
5550,2,1
6597,8,6
2397,10,9
5224,2,1
11433,9,10
11578,1,10
13021,6,7
4436,10,1
9854,3,2
7728,3,6
12334,1,3
9339,3,2
12432,1,3
7079,6,6
1354,5,9
1588,0,9
5559,10,1
4115,2,1
4101,10,1
86,10,9
5136,2,1
6918,5,6
1864,0,9
4567,0,1
11545,1,10
2402,7,9
8643,3,2
9571,1,2
8416,8,6
6225,5,6
4105,2,1
8700,6,2
11647,1,10
11280,9,10
1870,10,9
12629,1,3
8909,3,2
4445,2,1
6372,8,6
5583,5,1
7568,6,6
12281,1,3
11637,9,10
9979,1,2
5953,6,1
8374,5,6
6373,3,6
9125,0,2
9349,2,2
11033,9,10
5353,10,0
8804,1,2
6653,8,6
11342,1,10
3966,10,1
9955,5,2
2702,7,9
11263,5,10
11439,9,10
6176,5,6
9561,1,2
10584,9,10
8156,6,6
2808,10,9
3026,6,4
160,6,9
5672,6,1
7882,7,6
9233,6,2
7851,3,6
11188,4,10
2346,6,9
1664,6,9
9846,8,2
11872,6,10
568,6,9
5690,6,1
4404,2,1
3427,10,1
1849,0,9
2234,6,9
1315,0,9
4961,2,5
11688,9,10
1788,0,9
1287,0,9
9024,6,2
12200,1,3
8940,5,2
8696,10,2
2496,5,9
7246,8,6
305,6,9
3042,2,1
3290,2,1
13012,7,7
3793,6,1
10041,9,10
3894,2,1
4938,0,1
1084,7,9
9184,10,2
9327,6,2
5637,6,1
10826,9,10
10941,5,10
8370,6,6
1028,0,9
11865,1,10
7754,5,6
882,10,9
6429,7,6
12868,1,7
2103,7,9
3039,10,1
6257,5,6
4676,10,1
5961,6,1
4085,10,1
10261,6,10
1576,0,9
1984,0,9
1033,0,9
7259,6,6
8321,6,6
11565,9,10
10597,5,10
5331,2,1
2262,0,9
11620,6,10
1241,7,9
2260,6,9
1699,0,9
2758,7,9
8029,5,6
10222,3,10
10068,5,10
7263,6,6
10823,9,10
12479,1,3
10825,1,10
10844,9,10
4416,2,1
6102,6,1
12615,5,3
449,6,9
3184,10,1
7844,8,6
9150,10,2
10254,1,10
7000,0,6
11816,5,10
10122,5,10
4654,10,1
5722,6,1
9911,7,2
11723,5,10
11160,7,10
7817,5,6
5841,10,1
10178,1,10
8192,5,6
12640,1,8
11213,9,10
1594,0,9
4410,2,1
7426,6,6
4772,2,1
7832,4,6
4991,0,1
10410,9,10
1981,0,9
7173,8,6
10805,1,10
9983,4,2
12837,1,8
10792,5,10
4804,10,1
4271,2,1
8069,5,6
10524,9,10
3469,2,1
7127,2,6
8814,1,2
237,10,9
4986,6,1
20,10,9
11061,9,10
8513,6,6
853,7,9
5437,2,1
11953,9,10
7221,5,6
6679,8,6
8752,10,2
5914,5,0
6762,7,6
12722,9,8
10538,1,10
7649,6,6
8403,5,6
8484,3,6
11357,9,10
10217,4,10
477,7,9
2868,6,4
1489,7,9
8931,1,2
4000,2,1
10414,1,10
5063,0,1
12491,1,3
8354,5,6
2122,5,9
5301,2,1
4506,2,0
7078,3,6
6672,8,6
7158,10,6
6029,10,1
1202,10,9
676,6,9
12815,1,8
10160,9,10
5428,2,1
6274,8,6
8395,6,6
8981,3,2
11636,6,10
5860,10,1
11239,9,10
12631,5,3
3176,10,1
8973,6,2
2785,5,9
10939,9,10
5165,10,1
11905,1,10
4778,0,1
9687,7,2
9273,6,2
12675,5,8
3981,2,1
5191,2,1
2164,6,9
10809,1,10
13013,5,7
6256,5,6
6786,5,6
1830,7,9
1938,7,9
4024,2,1
8731,6,2
3349,0,1
9553,7,2
1532,2,9
5867,2,1
8871,1,2
1919,6,9
187,10,9
7355,5,6
5657,6,1
11465,9,10
12262,9,3
787,0,9
9949,4,2
6022,6,1
10859,1,10
12766,1,8
8414,8,6
7597,2,6
582,6,9
2317,6,9
8042,5,6
4124,2,1
345,6,9
8171,5,6
6246,6,6
863,7,9
1338,0,9
4882,5,1
2131,0,9
6463,2,6
6020,2,1
10689,9,10
12248,1,3
10459,3,10
3801,2,1
1138,7,9
5208,6,1
7445,8,6
12114,9,3
2619,6,9
8676,7,2
12205,1,3
5807,2,1
5968,2,1
4953,2,1
10742,9,10
5934,6,1
6447,6,6
12751,1,8
2733,7,9
45,6,9
7191,3,6
3334,10,1
2766,6,9
2126,7,9
7764,5,6
391,6,9
5713,2,1
3980,0,1
6513,7,6
2683,7,9
8580,5,6
3792,6,1
3615,6,1
11700,5,10
1515,0,9
6883,5,6
4242,7,1
3068,0,4
11598,1,10
655,10,9
7250,10,6
11260,5,10
7639,3,6
10136,5,10
1083,7,9
2662,5,9
4699,10,1
6188,10,6
180,5,9
7028,2,6
7063,8,6
3515,6,1
4226,0,1
10675,9,10
7887,8,6
525,10,9
1693,0,9
12099,1,3
6351,6,6
4980,10,1
4834,2,1
10729,9,10
2843,10,1
12546,5,3
2248,7,9
2252,10,9
2649,6,9
12611,9,3
7551,6,6
5854,2,1
10620,9,10
4261,2,1
3932,2,1
7849,5,6
874,0,9
11916,5,10
6355,6,6
10598,1,10
764,7,9
10005,5,10
11774,9,10
4300,6,0
7396,8,6
2797,10,9
566,6,9
6223,5,6
5560,6,1
3239,0,4
11162,5,10
8542,5,6
9642,6,2
1916,5,9
11284,9,10
8185,5,6
5503,10,1
10822,9,10
9052,5,2
11103,9,10
6533,6,6
4741,5,1
9692,5,2
3479,10,1
1067,0,9
448,6,9
3082,10,1
4530,10,1
3594,10,1
6324,8,6
4585,10,1
7290,6,6
7813,3,6
4908,2,1
7744,8,6
2554,6,9
12041,5,10
5629,6,1
9141,5,2
8454,5,6
6171,5,6
3035,5,1
10170,1,10
2279,7,9
952,0,9
8610,3,6
1609,10,9
9421,10,2
6481,3,6
7476,8,6
12173,9,3
6955,5,6
2833,6,9
4361,2,1
12522,1,3
1549,7,9
1077,0,9
10260,1,10
2645,6,9
12273,1,3
9432,5,2
6802,8,6
7627,6,6
12881,1,7
5121,2,1
4029,2,1
6687,0,6
8853,6,2
10424,9,10
5013,2,1
6594,0,6
12260,5,3
8607,6,6
1154,7,9
10357,9,10
1093,0,9
10711,9,10
8833,5,2
6459,5,6
6957,3,6
4836,10,1
5141,2,1
5733,2,1
5263,2,1
8036,3,6
6514,8,6
9469,3,2
4100,2,1
3861,2,1
4827,2,1
10721,9,10
4468,2,1
4859,2,1
12373,3,3
2387,0,9
12455,6,3
8409,8,6
10911,9,10
11037,9,10
4373,2,1
3919,2,1
11340,6,10
5530,6,1
3779,2,1
3813,10,1
2520,6,9
5382,0,1
7336,3,6
11864,1,10
11414,9,10
12249,9,3
9848,7,2
6364,6,6
12549,1,3
12308,1,3
12529,1,3
7602,7,6
5160,10,1
3954,0,1
1677,5,9
11486,9,10
11407,5,10
1473,0,9
6296,8,6
4397,10,1
9839,1,2
10081,1,10
9250,5,2
1143,0,9
4362,10,1
7450,3,6
10763,1,10
7766,5,6
3892,2,1
11726,9,10
1198,7,9
8762,5,2
7917,6,6
10523,9,10
5779,6,1
8203,5,6
9488,7,2
11400,1,10
5051,2,1
6335,5,6
3200,2,0
12911,5,7
7609,5,6
2293,7,9
4861,2,1
6343,6,6
8775,5,2
7946,6,6
12907,1,7
5025,10,1
9443,10,2
5265,10,1
8202,5,6
10770,9,10
8891,7,2
9832,10,2
7138,0,6
10574,9,10
10968,5,10
2188,0,9
12488,9,3
99,7,9
6026,2,1
8886,3,2
123,7,9
10088,9,10
12232,1,3
4919,2,1
1766,0,9
2720,6,9
8749,3,2
9159,7,2
9420,5,2
8473,2,6
11285,9,10
969,0,9
12608,5,3
11784,5,10
3982,2,1
10284,9,10
4311,0,1
6975,5,6
7300,5,6
208,6,9
6832,5,6
11307,9,10
6465,6,6
2432,7,9
2050,6,9
10251,9,10
4016,2,1
6732,10,6
10668,1,10
5427,6,0
6316,3,6
4603,2,1
2807,7,9
182,6,9
12579,5,3
8882,2,2
9179,10,2
398,6,9
9244,5,2
3666,7,1
683,6,9
8793,5,2
12789,1,8
9613,7,2
5829,6,1
1789,2,9
3588,10,1
2681,6,9
2970,6,1
7770,6,6
5681,2,1
4472,0,1
11839,1,10
10892,9,10
3972,10,1
9769,1,2
6970,5,6
5102,10,1
287,7,9
9308,6,2
8952,5,2
2077,0,9
852,7,9
4420,2,1
7761,3,6
3857,2,1
4206,2,1
5318,2,1
7938,7,6
2246,0,9
11429,9,10
2964,2,4
6349,6,6
10726,9,10
12944,9,7
3853,10,1
466,6,9
2043,7,9
3971,7,1
10070,9,10
8114,5,6
12537,1,3
4955,2,1
751,7,9
11998,5,10
11253,1,10
3194,10,1
3646,10,1
365,6,9
4910,2,1
2478,6,9
700,6,9
5980,10,1
8914,3,2
1010,0,9
9259,2,2
10270,1,10
12536,5,3
6789,5,6
8993,0,2
5620,2,1
6124,8,6
6547,6,6
4028,2,1
10895,9,10
3603,2,1
1918,6,9
2463,6,9
4376,0,1
12733,9,8
743,6,9
3800,10,5
7443,6,6
7365,6,6
6937,6,6
8467,8,6
10174,9,10
4974,2,1
4102,7,1
918,0,9
6271,6,6
8881,5,2
5002,10,1
11240,9,10
10139,9,10
7739,6,6
3088,10,4
7650,6,6
3855,10,1
11249,2,10
12431,1,3
1840,7,9
9870,5,2
4094,10,1
11105,9,10
1552,7,9
6287,8,6
5570,10,1
2613,10,9
11208,0,10
4178,0,1
580,5,9
10670,1,10
4681,10,1
4209,10,1
1293,0,9
9673,3,2
10301,9,10
11765,9,10
3246,0,4
5697,2,1
8213,2,6
11157,9,10
12452,9,3
5682,10,1
8992,10,2
2318,0,9
3078,2,1
10547,1,10
11771,6,10
12737,1,8
709,7,9
11674,5,10
5865,2,1
427,6,9
8652,1,2
1356,5,9
12641,6,8
10626,9,10
11626,1,10
10374,1,10
10718,9,10
8347,8,6
11925,7,10
7835,3,6
921,0,9
9422,6,2
3787,2,1
2391,0,9
8460,5,6
5915,6,1
8248,5,6
170,6,9
2376,0,9
8968,6,2
5417,2,1
4127,10,1
2303,7,9
1794,6,9
5625,2,1
8596,5,6
9578,5,2
8623,3,6
3016,2,4
556,6,9
3383,10,1
3114,10,1
4312,10,0
6399,8,6
5251,10,1
12560,1,3
5863,2,1
4993,10,1
8144,5,6
12821,5,8
11156,9,10
5766,5,1
3193,10,1
276,7,9
12164,1,3
5528,10,1
8642,6,2
3526,5,1
5356,2,1
4789,0,1
6694,8,6
11008,9,10
8605,5,6
12890,9,7
8097,5,6
4718,2,1
7041,8,6
2872,6,1
905,10,9
6219,5,6
3403,10,1
2945,6,1
12242,1,3
414,6,9
6764,0,6
8433,3,6
10381,9,10
1309,0,9
3890,7,1
2747,7,9
3862,10,1
3664,10,1
4738,10,1
117,7,9
1709,6,9
5492,6,1
5723,10,1
9012,5,2
6131,6,6
9373,6,2
4600,2,1
1082,0,9
5439,2,1
7256,6,6
972,0,9
10341,9,10
1676,0,9
8934,6,2
12457,1,3
9524,3,2
7036,3,6
8595,5,6
1457,0,9
9632,3,2
3401,10,1
5833,6,1
8950,0,2
6777,0,6
8712,10,2
989,0,9
5273,2,1
2602,10,9
7258,0,6
8763,5,2
2139,7,9
6579,8,6
5986,2,1
9684,6,2
6863,5,6
6097,2,1
6247,8,6
4483,2,1
993,0,9
974,0,9
1885,5,9
8450,3,6
10112,9,10
6713,0,6
2988,10,1
11002,9,10
907,0,9
1292,0,9
3589,10,1
3151,10,1
7432,5,6
10796,5,10
8007,8,6
4904,10,1
3501,2,1
3226,0,4
1130,7,9
8669,5,2
3280,10,4
5483,10,1
6113,10,1
12480,9,3
7695,0,6
4917,0,1
12798,1,8
4210,10,1
9924,10,2
9097,3,2
3591,10,1
2908,10,1
10472,9,10
12524,9,3
3243,0,4
9108,1,2
12240,1,3
327,6,9
1181,7,9
12344,1,3
399,7,9
7466,3,6
11230,9,10
10303,9,10
12241,1,3
11938,2,10
11597,2,10
11069,9,10
3755,10,1
12914,5,7
3009,10,0
5320,0,1
2156,0,9
11275,9,10
1412,7,9
814,7,9
6018,6,1
205,5,9
4108,2,1
6079,2,1
1583,5,9
8583,5,6
12322,1,3
6914,8,6
10514,9,10
2814,10,9
49,2,9
2573,6,9
647,7,9
7285,5,6
653,7,9
12378,1,3
7054,6,6
4576,2,1
1829,7,9
10959,9,10
1821,7,9
9519,7,2
3665,6,1
166,6,9
4527,0,1
1118,7,9
8139,5,6
1226,7,9
12533,1,3
12082,1,3
1903,6,9
12599,6,3
10881,9,10
1253,10,9
12699,1,8
12992,6,7
10334,10,10
6983,5,6
3392,10,1
2446,7,9
6165,4,6
10172,1,10
625,0,9
1307,0,9
8487,6,6
1318,0,9
4972,2,1
152,5,9
4227,6,1
7745,6,6
8797,10,2
5355,2,1
8179,6,6
3156,0,4
987,0,9
4528,2,1
2590,6,9
9396,8,2
5258,0,1
2736,6,9
1681,0,9
10164,1,10
11851,6,10
5077,0,1
11305,9,10
4813,2,1
738,10,9
9046,5,2
10506,1,10
11258,1,10
8766,1,2
1747,0,9
6265,8,6
2606,7,9
904,0,9
12115,9,3
5059,10,1
12900,5,7
7881,8,6
4236,2,1
7151,8,6
7198,2,6
12543,5,3
3850,10,1
8900,10,2
9604,5,2
1670,6,9
3782,10,1
4525,0,0
11298,9,10
1390,5,9
10964,9,10
6902,7,6
1101,0,9
3269,2,1
11568,1,10
55,2,9
6290,3,6
10501,1,10
10535,9,10
479,7,9
10204,1,10
9921,5,2
3002,0,1
1071,0,9
1088,7,9
4441,2,5
5095,10,1
1593,0,9
6497,8,6
11262,9,10
9838,6,2
963,0,9
4259,6,0
9565,5,2
3789,6,1
5654,2,1
200,6,9
4070,2,1
3682,2,1
1630,7,9
12897,1,7
12875,1,7
11783,9,10
6759,10,6
12510,1,3
2255,7,9
4176,10,1
706,6,9
2407,6,9
3640,2,1
11430,9,10
11520,1,10
1912,0,9
11634,1,10
2233,6,9
10398,1,10
10614,9,10
301,7,9
10163,9,10
10186,9,10
11453,5,10
5705,2,1
4036,10,1
7717,5,6
10286,5,10
8122,5,6
6004,2,1
1696,7,9
7369,6,6
297,6,9
6198,8,6
4844,10,1
2697,7,9
4940,2,1
5855,2,1
8919,5,2
12350,1,3
5850,2,1
7057,8,6
8739,6,2
8466,8,6
5515,10,1
77,5,9
10845,1,10
2817,6,9
6395,7,6
8682,3,2
971,0,9
8468,8,6
9460,1,2
10949,9,10
2309,7,9
11884,9,10
5751,10,1
4886,10,1
2461,7,9
9880,5,2
5762,2,1
11788,1,10
1819,0,9
4621,2,1
5132,2,1
730,7,9
8051,5,6
2471,10,9
7017,3,6
9581,5,2
8606,5,6
6552,3,6
302,7,9
6495,8,6
8701,1,2
2180,7,9
593,7,9
3906,2,1
8300,5,6
8951,0,2
462,6,9
10324,9,10
8708,5,2
3057,10,4
1498,7,9
11582,1,10
7762,8,6
12637,1,8
461,5,9
7456,6,6
10466,1,10
12145,1,3
6919,6,6
12531,1,3
11041,9,10
8591,8,6
1420,0,9
7978,5,6
2267,0,9
11975,5,10
8707,3,2
6122,2,6
12811,9,8
10497,9,10
4058,2,1
3930,10,1
379,6,9
9580,6,2
12779,1,8
1645,0,9
7800,5,6
3901,2,1
5432,10,1
9180,1,2
3241,0,4
12108,9,3
2822,6,9
8926,3,2
10052,9,10
9931,10,2
110,6,9
2076,7,9
3590,10,1
9423,10,2
6738,3,6
10036,9,10
12096,1,3
8201,5,6
7356,6,6
411,5,9
3073,7,1
12363,1,3
3380,6,1
2054,6,9
557,6,9
1378,0,9
8755,5,2
8033,5,6
5606,10,1
3729,10,1
2381,0,9
7488,6,6
81,5,9
936,0,9
6075,6,1
9728,10,2
259,6,9
5330,2,1
5508,6,1
1862,0,9
11178,1,10
12954,9,7
502,6,9
8806,6,2
6347,8,6
6847,3,6
3105,10,1
500,6,9
10621,1,10
11968,9,10
23,2,9
10451,9,10
11537,5,10
2879,7,4
7257,7,6
460,6,9
1865,0,9
1817,0,9
510,5,9
8058,3,6
12516,5,3
11730,5,10
11003,9,10
5714,6,1
268,5,9
4197,10,1
1050,0,9
592,7,9
5346,2,1
681,0,9
3327,2,4
3229,0,4
8938,6,2
12858,1,7
8120,6,6
7140,3,6
866,0,9
8345,8,6
10976,5,10
5731,6,1
2055,3,9
4524,10,1
2641,7,9
9638,10,2
7122,3,6
3843,6,1
10375,9,10
4822,2,1
3267,10,1
10182,5,10
6624,8,6
8787,10,2
11426,1,10
1220,0,9
11222,1,10
3516,10,1
10577,0,10
3836,10,1
342,7,9
8837,5,2
3298,2,1
8872,3,2
2750,10,9
728,0,9
9847,6,2
5843,5,1
12926,1,7
3215,0,4
6436,8,6
1735,0,9
2174,0,9
7156,6,6
1758,7,9
601,10,9
9883,5,2
1717,6,9
6769,3,6
9369,5,2
12422,1,3
1060,0,9
12102,1,3
5005,0,1
1421,0,9
6207,3,6
5103,10,1
11670,5,10
3252,0,4
5500,2,1
7948,6,6
11654,1,10
5710,10,1
1392,6,9
12989,5,7
8086,5,6
5604,2,1
2894,7,1
6724,8,6
12583,1,3
7342,8,6
6273,5,6
2522,6,9
7735,3,6
8565,4,6
12139,1,3
11355,9,10
8348,5,6
8834,1,2
7741,5,6
6162,2,6
8880,0,2
12860,9,7
5773,2,1
2423,0,9
5624,5,1
3062,2,1
2985,10,1
7545,6,6
3695,6,1
9237,1,2
1270,0,9
3304,10,1
3967,10,1
12504,1,3
10192,1,10
6155,3,6
10481,9,10
11579,1,10
6032,6,1
1199,0,9
9810,5,2
5069,2,1
8217,5,6
1042,0,9
4592,10,1
8615,5,6
12572,1,3
8915,1,2
10188,1,10
3362,2,1
2745,5,9
6344,5,6
2643,6,9
7242,6,6
7004,3,6
7524,6,6
8670,5,2
583,6,9
3322,10,1
6048,2,1
11477,9,10
11717,5,10
7398,8,6
9872,6,2
1823,7,9
10602,1,10
7411,5,6
5605,6,1
571,6,9
9918,6,2
7575,3,6
5107,2,1
10337,9,10
10247,9,10
10310,9,10
6064,2,1
631,0,9
12316,9,3
11034,9,10
6670,5,6
11729,5,10
4377,2,1
1003,0,9
11762,9,10
12636,5,8
10639,9,10
204,6,9
6491,8,6
3557,2,1
8807,1,2
8227,3,6
9886,5,2
12915,5,7
8137,10,6
6466,7,6
10743,9,10
7214,6,6
1887,0,9
2557,6,9
4388,0,1
10029,9,10
5151,6,1
11646,9,10
2345,6,9
12727,1,8
12149,1,3
4138,0,1
2473,5,9
402,7,9
9107,5,2
7788,7,6
11217,9,10
7295,6,6
12974,5,7
4729,6,1
8299,5,6
6961,2,6
445,6,9
11577,1,10
10330,5,10
8757,5,2
7205,0,6
11447,9,10
4257,6,0
9598,3,2
8628,6,6
3842,2,1
6156,6,6
8691,3,2
435,6,9
7180,6,6
8977,5,2
6306,8,6
2672,10,9
2586,5,9
9350,2,2
9989,1,10
1274,0,9
5942,6,1
707,7,9
7980,6,6
12591,5,3
3587,10,1
7626,3,6
3737,5,1
7367,8,6
11027,5,10
1224,0,9
7375,3,6
8243,5,6
3106,2,1
6439,3,6
10276,9,10
4559,2,1
1324,0,9
7212,6,6
1544,7,9
7815,8,6
12280,9,3
5782,2,1
1679,0,9
2679,6,9
1195,0,9
463,7,9
2904,5,1
5870,2,1
6977,3,6
3761,6,1
1026,0,9
12517,5,3
5788,2,1
10267,1,10
9987,6,10
11090,0,10
2779,6,9
1628,7,9
2572,6,9
5433,2,1
9696,5,2
12167,1,3
3277,10,1
5316,0,0
5147,10,1
7289,6,6
5890,10,1
6445,5,6
4866,10,1
3189,10,1
5236,2,5
176,6,9
8657,1,2
3533,10,1
1048,0,9
9942,3,2
7112,3,6
6423,7,6
2201,0,9
5250,10,1
4928,6,1
5450,2,1
7829,3,6
1120,7,9
6169,2,6
8375,6,6
1598,5,9
10748,1,10
7809,10,6
2357,7,9
8164,8,6
1184,7,9
7271,6,6
12872,1,7
12530,1,3
10471,9,10
11142,9,10
11887,9,10
2378,0,9
12194,1,3
10442,9,10
6643,8,6
2392,6,9
2268,0,9
11651,1,10
11456,9,10
1632,7,9
12802,10,8
970,0,9
172,5,9
5142,2,1
7617,6,6
10299,9,10
6573,7,6
9060,2,2
10722,9,10
5726,6,1
8618,8,6
323,7,9
4068,2,1
11549,1,10
2818,6,9
10105,9,10
6106,10,1
5671,2,1
8146,6,6
7528,6,6
6910,6,6
1018,0,9
2827,6,9
8425,5,6
8949,0,2
8150,3,6
3394,2,1
8863,7,2
10238,9,10
2835,10,9
12209,1,3
3365,10,1
4263,10,1
11755,9,10
10328,1,10
6069,10,1
7935,6,6
7024,5,6
2026,0,9
3585,2,1
6506,3,6
4329,2,1
11742,1,10
1512,0,9
4220,10,1
12458,6,3
456,6,9
9008,5,2
4550,10,0
2106,7,9
1280,7,9
8432,3,6
3481,2,1
10678,3,10
5967,6,1
9403,6,2
2063,5,9
1905,5,9
3353,2,1
6817,3,6
7934,6,6
4369,0,1
6145,5,6
7999,6,6
11746,9,10
8410,8,6
10143,9,10
9497,10,2
2861,2,1
677,5,9
3030,0,4
6078,10,1
5182,0,1
3418,10,1
4652,2,1
6421,5,6
2365,7,9
8966,5,2
2533,6,9
7678,6,6
5502,10,1
7195,6,6
2488,5,9
2937,5,1
729,7,9
12865,9,7
8125,3,6
10502,1,10
6428,3,6
6901,5,6
12354,1,3
10987,9,10
4255,6,0
10537,1,10
12258,6,3
8444,5,6
11107,9,10
10592,9,10
10896,1,10
12924,1,7
607,6,9
11007,9,10
9200,3,2
3254,0,4
12725,1,8
1927,6,9
12987,5,7
3351,0,1
4721,2,1
12676,5,8
8729,6,2
8368,2,6
5607,2,1
3440,2,1
12430,9,3
9223,5,2
5732,2,1
626,6,9
2623,6,9
9978,6,2
11596,5,10
11435,9,10
11743,9,10
7834,5,6
3768,10,1
5973,2,1
4858,2,1
9805,5,2
4779,2,1
9873,6,2
1731,10,9
7975,6,6
12532,1,3
11489,9,10
2741,6,9
6826,5,6
333,5,9
9908,10,2
5137,10,1
9090,5,2
9448,7,2
5034,2,1
1806,5,9
3752,10,1
8781,3,2
10917,9,10
5526,5,1
3098,2,1
2105,7,9
9393,6,2
12290,1,3
5286,2,1
12870,1,7
143,5,9
8427,6,6
3769,10,1
7343,6,6
4072,2,1
5845,10,1
3382,10,1
9389,10,2
10788,1,10
6655,8,6
11116,1,10
2099,0,9
5825,10,1
1944,7,9
11815,1,10
2905,5,1
11290,9,10
10632,9,10
11940,9,10
5739,2,1
8722,7,2
11478,9,10
12824,9,8
6492,8,6
781,7,9
12427,1,3
7680,3,6
981,0,9
5067,0,1
2897,7,4
1136,7,9
7188,5,6
12984,5,7
8135,5,6
11048,9,10
9018,1,2
3677,10,1
13017,6,7
3119,10,4
12976,9,7
6981,3,6
9025,5,2
2100,0,9
1456,0,9
9410,10,2
7362,6,6
4747,2,1
3154,0,0
12831,1,8
316,5,9
1200,0,9
7550,6,6
1531,0,9
5412,6,1
12300,9,3
2127,7,9
9464,5,2
3522,2,1
6318,5,6
7146,3,6
10264,1,10
3821,10,1
3511,2,1
10021,9,10
10566,1,10
8199,6,6
5042,2,1
4744,10,1
8384,5,6
7482,3,6
7902,5,6
6601,5,6
1606,7,9
7401,8,6
12512,9,3
9583,1,2
3128,2,1
3902,2,1
3998,2,1
6649,2,6
4004,2,1
9462,6,2
4950,2,1
11139,9,10
12896,5,7
4605,6,1
8351,6,6
11014,9,10
1610,6,9
7487,3,6
8461,5,6
8822,1,2
7380,5,6
9779,2,2
2456,5,9
4948,0,1
6525,5,6
2707,6,9
10001,7,10
2169,0,9
8839,4,2
4510,0,1
8751,7,2
12087,9,3
12233,9,3
1395,7,9
3529,7,1
8312,6,6
2331,6,9
7235,6,6
12557,1,3
8597,3,6
10782,9,10
2289,7,9
9033,3,2
9286,6,2
3959,2,1
4819,2,1
5775,2,1
5372,10,1
9546,10,2
3486,6,1
3928,2,1
1065,0,9
10421,9,10
7310,6,6
11315,6,10
3003,0,4
5396,6,1
3407,10,1
7554,6,6
645,7,9
12219,1,3
4025,10,1
5150,0,0
8544,3,6
9786,5,2
7296,6,6
8550,5,6
831,0,9
508,6,9
9767,5,2
4430,2,1
5613,2,1
9649,6,2
10886,5,10
2394,6,9
6178,3,6
10075,5,10
11800,4,10
761,7,9
12330,1,3
12793,1,8
1087,7,9
4920,2,1
8008,8,6
4672,10,1
6478,10,6
10760,4,10
7724,3,6
3663,6,0
4503,2,1
1187,0,9
1778,0,9
5460,2,1
7219,6,6
4325,6,0
3704,10,1
6217,8,6
1980,7,9
7459,6,6
4696,10,1
1626,7,9
11991,9,10
10649,9,10
3231,0,4
11045,9,10
9113,7,2
4191,10,1
12696,1,8
9007,1,2
3396,10,1
13007,9,7
5457,2,1
9658,3,2
8222,3,6
7559,6,6
11931,5,10
4491,2,1
8879,0,2
9380,5,2
3948,2,1
10708,9,10
1427,7,9
12208,9,3
4425,0,1
6729,3,6
12407,1,3
9413,10,2
5178,2,1
1712,6,9
10086,4,10
3519,6,1
7473,5,6
8539,8,6
2930,6,1
4984,10,1
7805,5,6
11022,9,10
2347,7,9
6400,8,6
8464,6,6
3656,6,1
5288,2,1
844,7,9
3604,10,1
4766,10,1
4177,0,1
5089,10,1
3660,2,1
11245,9,10
8714,10,2
10159,9,10
3840,0,1
1036,0,9
11488,9,10
12420,1,3
535,10,9
6551,3,6
4640,2,1
11992,9,10
11955,9,10
7703,0,6
8856,3,2
1555,7,9
9229,5,2
8671,3,2
8184,6,6
1359,10,9
5227,2,1
3661,2,1
12014,9,10
6622,5,6
5513,10,1
3814,0,1
6091,10,1
6455,3,6
5858,10,1
11132,9,10
2316,10,9
9254,2,2
1066,0,9
8181,8,6
491,7,9
12496,1,3
4409,6,5
7425,5,6
11553,5,10
6024,2,1
9948,1,2
2465,6,9
4132,10,1
10496,9,10
6160,8,6
6150,6,6
1968,7,9
9167,3,2
6227,5,6
1090,0,9
1116,0,9
12506,5,3
7478,6,6
5123,2,1
5828,6,1
1743,7,9
2377,5,9
6182,3,6
12665,5,8
12736,1,8
12162,1,3
4235,0,1
7227,8,6
10225,1,10
7594,10,6
9937,5,2
5903,10,1
5014,10,1
4719,10,1
5446,10,1
11311,5,10
11268,1,10
11500,9,10
2768,6,9
7491,6,6
536,5,9
8832,10,2
5274,0,1
5580,5,1
3311,0,4
6501,0,6
64,5,9
1194,0,9
2481,7,9
6815,5,6
12630,1,3
4761,2,1
1983,0,9
9981,6,2
7636,3,6
6849,3,6
9755,6,2
10469,1,10
596,7,9
12098,1,3
5667,10,1
7570,7,6
4885,2,1
8469,8,6
4041,5,1
10820,9,10
10690,9,10
361,6,9
3360,2,1
5158,2,1
9958,1,2
7953,8,6
3630,2,1
7807,5,6
1285,0,9
1333,0,9
3377,2,1
12869,1,7
5155,2,1
1989,7,9
3238,0,4
3310,0,1
11325,0,10
4080,10,1
4486,2,1
2474,5,9
34,5,9
4316,10,0
1406,6,9
7128,6,6
10723,9,10
6230,5,6
11009,9,10
7944,6,6
3625,10,1
9952,1,2
6773,3,6
1519,0,9
10162,1,10
9138,7,2
8277,6,6
5816,10,1
4504,2,1
671,7,9
5802,2,1
8710,1,2
10898,9,10
12658,6,8
1812,6,9
9503,10,2
405,6,9
2453,2,9
7353,6,6
4817,10,1
11733,1,10
9334,6,2
4997,2,1
5627,2,1
10372,9,10
1855,0,9
10922,5,10
1649,7,9
3506,2,1
10408,9,10
4437,10,1
3343,2,4
8737,10,2
2196,7,9
4806,2,1
8877,5,2
4873,0,1
10454,9,10
9240,10,2
263,6,9
1528,7,9
8878,3,2
58,6,9
3514,6,1
193,10,9
10340,9,10
4469,10,1
7389,10,6
2095,0,9
12154,9,3
3815,6,1
12369,1,3
2161,0,9
4262,2,1
10253,1,10
10603,5,10
4328,5,1
2182,6,9
2914,6,4
8200,6,6
10484,9,10
5524,2,1
9806,3,2
12315,1,3
5345,5,1
1947,0,9
2159,6,9
8796,10,2
8130,6,6
11308,9,10
1561,0,9
6602,6,6
2143,6,9
1814,5,9
2618,6,9
12214,1,3
9481,1,2
3468,6,1
10650,9,10
8491,6,6
9685,1,2
6499,0,6
7637,3,6
1191,0,9
12384,1,3
1190,7,9
6250,5,6
9438,5,2
5876,10,1
12681,6,8
794,0,9
757,7,9
12833,1,8
5090,0,1
7109,6,6
7763,3,6
19,10,9
5017,2,1
12977,5,7
1722,0,9
5509,2,1
2232,0,9
6263,10,6
2362,0,9
4626,10,1
657,0,9
6524,8,6
5556,2,0
9352,2,2
3245,0,4
11882,5,10
7209,7,6
916,0,9
11861,9,10
9765,10,2
7276,6,6
7782,6,6
12051,9,10
5549,10,1
6995,0,6
6723,8,6
12236,1,3
1490,0,9
4855,2,1
3773,2,1
3865,2,1
12721,0,8
1169,0,9
8198,6,6
8601,3,6
2767,6,9
12325,1,3
12947,5,7
10628,9,10
2999,10,1
9010,5,2
7931,10,6
2913,10,4
11151,1,10
9868,1,2
2162,7,9
62,6,9
2859,10,1
9149,3,2
7838,3,6
11386,9,10
12057,7,10
3465,2,1
11587,5,10
9625,3,2
1248,0,9
5514,10,1
12259,1,3
12466,5,3
2762,7,9
5311,2,1
6286,5,6
7452,8,6
1400,10,9
10899,9,10
7663,8,6
10661,9,10
6321,5,6
10434,9,10
6557,3,6
9459,6,2
8680,1,2
6087,10,1
922,0,9
4899,2,1
10658,9,10
2288,0,9
4505,0,1
7906,2,6
16,6,9
3714,6,1
11323,1,10
10605,9,10
4190,10,1
11672,1,10
3069,10,1
12411,1,3
4888,2,1
9933,3,2
10320,9,10
7406,6,6
5186,0,1
10622,1,10
7504,6,6
12760,1,8
9584,6,2
2830,7,9
2470,6,9
11617,6,10
1182,7,9
3197,7,1
10887,9,10
407,6,9
9272,10,2
11152,1,10
1004,0,9
12662,6,8
8265,8,6
2755,7,9
3626,10,1
4296,6,0
9827,6,2
7966,6,6
7023,3,6
10293,9,10
3357,0,4
6418,5,6
9708,6,2
3087,10,4
12590,9,3
7080,3,6
3133,10,0
3090,5,1
5907,10,1
6232,8,6
10876,1,10
8294,3,6
2136,0,9
12682,5,8
3550,2,1
12691,9,8
1097,7,9
4874,6,1
9197,3,2
5956,7,1
8270,6,6
6752,3,6
10772,9,10
960,0,9
2647,7,9
12859,1,7
6840,3,6
10868,9,10
1504,0,9
9507,6,2
8153,5,6
554,6,9
10833,9,10
2413,6,9
5765,2,1
9867,5,2
3621,3,1
5819,2,1
3429,5,1
1847,0,9
2998,10,4
11091,9,10
5176,2,1
2975,10,4
1907,0,9
7207,6,6
10531,1,10
1714,6,9
9833,3,2
1355,5,9
5082,0,1
2743,6,9
1548,7,9
10233,1,10
8252,8,6
11897,7,10
7232,5,6
5881,2,1
6684,8,6
10383,9,10
5809,6,1
11464,6,10
7418,6,6
3969,2,1
9859,3,2
8768,6,2
5484,10,1
12020,9,10
9208,5,2
98,7,9
9042,1,2
9566,6,2
10738,0,10
9160,6,2
5724,2,1
12643,5,8
6448,8,6
5173,2,1
3168,0,4
10280,1,10
2953,2,4
5378,6,1
6628,3,6
7223,5,6
112,7,9
7201,6,6
9903,3,2
669,7,9
12904,9,7
12792,6,8
12216,9,3
2821,6,9
4535,10,1
9465,10,2
8716,5,2
1987,2,9
12628,9,3
2761,7,9
4477,2,1
1496,0,9
12238,9,3
6221,2,6
12729,5,8
3504,2,1
3364,10,1
829,10,9
10576,9,10
11064,9,10
8579,5,6
9698,6,2
563,6,9
3778,10,1
226,6,9
10564,9,10
8180,3,6
8385,8,6
562,6,9
8436,6,6
12534,5,3
7196,3,6
10914,5,10
12453,5,3
8522,6,6
1939,6,9
1895,6,9
3211,0,4
976,0,9
12328,9,3
3582,6,1
4341,6,1
1068,0,9
10682,1,10
10110,3,10
5268,5,1
11902,7,10
1744,0,9
7773,5,6
5851,10,1
5905,10,1
10443,9,10
4502,2,1
7123,6,6
10277,9,10
10693,9,10
281,7,9
7239,8,6
5554,10,1
5630,6,1
9699,10,2
1761,7,9
11927,7,10
5198,10,1
6661,0,6
10199,1,10
4393,7,1
4509,10,1
6260,8,6
10656,9,10
532,6,9
5426,2,1
4233,0,1
346,7,9
8102,5,6
9474,5,2
4932,2,1
2024,2,9
3279,10,4
3348,0,1
6941,8,6
7192,7,6
1897,7,9
4467,2,1
6999,8,6
4854,2,1
1825,0,9
2578,6,9
7124,6,6
12961,2,7
5787,2,1
7034,8,6
2995,10,1
159,6,9
10049,9,10
2190,7,9
10085,1,10
2326,7,9
6612,5,6
5394,2,1
551,6,9
9967,6,2
2886,5,4
12024,9,10
576,2,9
699,6,9
819,7,9
4145,2,1
116,7,9
10395,9,10
6953,5,6
12083,1,3
10010,9,10
3864,2,1
9282,6,2
10929,9,10
4205,10,1
300,7,9
7238,6,6
12004,9,10
4273,2,1
8685,6,2
5740,6,1
4254,0,1
884,0,9
12519,6,3
4544,10,1
6498,8,6
12621,9,3
2615,6,9
1671,5,9
11299,1,10
3995,2,1
572,6,9
7497,5,6
11421,9,10
3366,10,1
2274,0,9
8406,8,6
12343,1,3
995,0,9
9424,5,2
11671,1,10
1142,7,9
12125,1,3
11055,1,10
3405,10,1
7449,6,6
330,6,9
11455,9,10
10482,9,10
6993,3,6
959,0,9
1805,5,9
883,0,9
6872,3,6
7171,6,6
3830,6,1
7590,6,6
11335,5,10
9263,6,2
9896,10,2
3007,0,4
9888,6,2
5438,6,1
11035,9,10
442,6,9
10807,5,10
2144,7,9
5701,6,1
3983,10,1
11666,9,10
4064,2,1
4044,2,1
12228,9,3
2800,6,9
9134,3,2
2942,6,1
5597,2,1
1058,0,9
7786,6,6
8717,6,2
1713,6,9
3369,2,1
10338,9,10
7799,5,6
12943,5,7
9342,5,2
1535,0,9
3595,10,1
10518,1,10
2845,6,1
12490,1,3
9175,1,2
3524,5,1
326,6,9
5824,6,1
6645,8,6
9973,3,2
1291,0,9
713,6,9
10402,9,10
11836,1,10
3733,10,1
3356,0,4
3406,10,1
6575,5,6
11844,9,10
4382,0,1
1894,6,9
2804,7,9
12983,1,7
4945,10,1
4157,2,1
1781,0,9
7145,8,6
6147,6,6
4720,2,1
2217,5,9
9381,3,2
5456,2,1
13025,9,7
2883,5,4
12106,1,3
7512,3,6
1540,7,9
620,7,9
335,6,9
8948,3,2
7387,5,6
12230,1,3
6288,8,6
10569,9,10
7419,10,6
2744,6,9
10641,9,10
8748,10,2
470,6,9
5466,2,1
6527,5,6
2088,5,9
628,6,9
3617,2,1
12785,5,8
3302,5,1
5577,2,1
2715,10,9
2133,5,9
6920,10,6
11736,9,10
8860,0,2
7159,6,6
6262,7,6
358,6,9
9845,1,2
12841,1,8
4021,2,1
5618,6,1
5647,2,1
3058,10,4
3573,2,1
11541,1,10
5796,10,1
599,10,9
6869,3,6
4038,2,1
8010,8,6
6252,3,6
2040,7,9
8736,10,2
2014,0,9
8493,5,6
4723,2,1
12853,1,7
3326,2,1
5116,10,1
4533,2,0
955,0,9
687,6,9
4543,0,1
1276,0,9
3214,0,4
2972,10,1
12429,1,3
10246,9,10
2698,7,9
8633,8,6
5309,2,1
6916,6,6
188,10,9
951,0,9
9671,5,2
6741,5,6
4526,0,1
12277,1,3
2637,10,9
4617,10,1
4512,0,0
6419,6,6
9662,5,2
9495,3,2
4870,2,1
7688,10,6
12595,9,3
1888,0,9
5049,0,1
6153,6,6
5771,2,1
5189,10,1
5518,2,1
12564,2,3
8250,8,6
4832,2,1
8428,7,6
6009,10,1
6891,5,6
12969,1,7
2019,0,9
1303,0,9
2302,7,9
3212,0,4
877,7,9
12088,9,3
1737,0,9
3841,2,1
7947,6,6
12846,5,8
4710,6,1
6006,7,1
1175,10,9
1438,7,9
8497,8,6
5285,2,1
2085,7,9
4893,0,0
11632,5,10
10377,4,10
9514,3,2
11195,9,10
5743,10,1
4067,2,1
11218,9,10
3466,2,1
386,6,9
6809,0,6
10893,9,10
5558,10,1
3891,2,1
8323,6,6
7709,7,6
12128,1,3
2974,6,1
11158,9,10
12787,1,8
3325,10,1
1568,0,9
7417,6,6
3385,10,1
11286,9,10
927,0,9
11291,9,10
2517,6,9
6376,8,6
8892,10,2
2460,7,9
11454,9,10
2794,6,9
7040,8,6
13008,5,7
10244,9,10
7306,6,6
3270,10,1
6166,3,6
12286,9,3
6530,5,6
4916,2,1
12684,1,8
12715,1,8
12735,1,8
8353,6,6
7592,3,6
2532,6,9
4732,6,1
9133,1,2
1034,0,9
5598,10,1
426,6,9
1106,7,9
1795,10,9
111,7,9
8818,5,2
4753,2,1
5403,10,0
7676,6,6
12052,9,10
7,6,9
9860,5,2
3015,7,1
4331,0,1
2253,7,9
2086,2,9
6754,3,6
3084,2,1
6828,5,6
11523,9,10
9070,6,2
7950,8,6
10115,9,10
4153,2,1
783,7,9
991,0,9
9402,8,2
4667,2,1
6605,7,6
12932,1,7
5344,10,1
6748,3,6
397,5,9
11972,9,10
6083,10,1
1581,7,9
9725,6,2
3883,2,1
7631,3,6
4694,2,1
9299,3,2
4868,2,1
11047,9,10
12972,5,7
2178,6,9
4267,2,1
5521,2,1
11716,1,10
6167,8,6
3563,2,1
759,0,9
10812,1,10
1754,7,9
11638,5,10
286,6,9
11635,1,10
8241,5,6
8459,3,6
10114,9,10
9951,7,2
3858,6,1
10418,9,10
6438,4,6
4034,2,1
746,4,9
12783,1,8
1240,0,9
4301,2,1
6472,8,6
10365,5,10
8989,10,2
12925,1,7
6222,6,6
5421,2,1
179,6,9
4199,2,1
4577,10,1
8041,5,6
11601,5,10
3696,10,1
13000,5,7
7899,10,6
9641,6,2
830,7,9
2851,6,4
923,0,9
9241,6,2
5836,10,1
115,7,9
3020,6,4
3877,2,1
2142,7,9
8509,6,6
12137,1,3
2433,0,9
2010,10,9
1160,7,9
12521,5,3
11691,1,10
12788,1,8
10168,1,10
6213,5,6
7548,6,6
1394,7,9
1174,0,9
8868,4,2
7422,3,6
9701,10,2
6638,5,6
6317,3,6
5425,2,1
6887,3,6
4518,2,1
12380,1,3
6443,3,6
12758,9,8
11505,1,10
255,7,9
5358,10,1
4622,6,1
8212,8,6
758,5,9
2696,6,9
7936,3,6
5303,7,1
2689,6,9
3067,0,1
6836,3,6
4958,5,1
7672,6,6
11668,9,10
8079,5,6
11371,9,10
627,6,9
3525,6,1
4563,2,1
9614,3,2
5332,10,1
10802,5,10
7044,8,6
5443,6,1
3051,5,1
5493,2,1
10824,9,10
10235,1,10
11015,1,10
185,10,9
808,0,9
1236,0,9
11221,1,10
5866,2,1
8357,10,6
7746,6,6
11526,5,10
5471,10,1
7546,3,6
7403,8,6
3122,10,4
3922,10,1
5411,10,1
514,6,9
7281,6,6
6835,8,6
12618,1,3
12199,1,3
11610,5,10
6886,5,6
2644,7,9
1286,7,9
2912,6,1
9318,5,2
2608,6,9
6417,5,6
6824,6,6
3160,10,1
6864,2,6
11058,6,10
1881,0,9
1165,0,9
9720,10,2
11789,1,10
2315,7,9
10195,1,10
7991,7,6
3977,2,1
1178,10,9
5511,2,1
9741,5,2
11965,5,10
10210,1,10
4237,2,1
7690,2,6
9348,2,2
4648,2,1
6158,6,6
664,10,9
8742,6,2
6183,3,6
4039,2,1
8126,5,6
509,6,9
6350,3,6
6696,5,6
6224,7,6
3988,2,1
66,6,9
8995,0,2
94,6,9
12023,5,10
3537,6,1
5348,6,1
3708,10,1
2966,2,1
11365,1,10
417,7,9
4706,10,1
1091,0,9
2513,10,9
3652,2,1
6635,0,6
953,0,9
7347,3,6
7664,6,6
7358,5,6
10957,5,10
8091,6,6
7484,6,6
3976,2,1
1416,0,9
10387,9,10
2962,2,4
5735,2,1
10441,9,10
2910,10,1
9548,10,2
10982,1,10
4002,6,0
11956,5,10
114,7,9
7638,3,6
3490,2,1
8794,6,2
11857,9,10
4407,2,1
3575,5,1
10961,9,10
3471,2,1
9336,3,2
2337,6,9
5050,0,1
3415,10,4
8216,5,6
11313,1,10
2198,7,9
5152,2,1
8253,6,6
36,6,9
10651,9,10
11004,9,10
6337,3,6
8608,6,6
5235,0,1
6034,2,1
3393,10,4
6407,5,6
4023,2,0
11169,9,10
3457,6,1
9661,6,2
11077,9,10
9825,3,2
4332,2,0
4114,2,1
10274,1,10
11273,5,10
1007,0,9
4581,2,1
10601,5,10
2065,6,9
2536,6,9
4794,0,1
1502,7,9
4823,2,1
2675,7,9
11693,9,10
12990,5,7
11057,9,10
12697,1,8
7708,8,6
3869,2,1
9062,5,2
4474,0,1
8289,5,6
602,0,9
8908,3,2
7405,6,6
4715,10,1
942,0,9
6092,10,1
2269,0,9
3689,10,1
9412,3,2
12734,1,8
12448,6,3
1511,7,9
5886,2,1
2414,0,9
10205,1,10
2444,6,9
2748,10,9
7400,8,6
12710,6,8
9814,1,2
7475,6,6
10113,9,10
692,5,9
4675,2,1
8335,3,6
10486,9,10
9538,6,2
7136,6,6
12335,5,3
2223,7,9
1853,0,9
421,7,9
558,7,9
4015,10,1
3177,10,1
7340,3,6
6966,8,6
6621,8,6
8400,6,6
10638,9,10
1875,5,9
7540,3,6
1771,7,9
8976,6,2
5642,6,1
9091,3,2
8214,5,6
3538,6,1
428,6,9
7047,2,6
489,6,9
1616,10,9
7581,3,6
11922,6,10
6896,8,6
12276,1,3
8258,10,6
2149,0,9
5658,6,1
1297,0,9
5043,0,1
7147,6,6
11278,9,10
5482,0,1
11819,6,10
9102,5,2
6572,8,6
10311,9,10
5168,5,1
2428,6,9
10060,9,10
6403,6,6
1841,0,9
7085,5,6
8050,5,6
9506,3,2
541,5,9
3605,2,1
10713,9,10
1381,5,9
4163,2,1
1267,0,9
8867,5,2
89,5,9
5486,10,1
12367,9,3
5434,2,1
6386,3,6
4358,10,1
5389,2,1
8499,6,6
3299,2,1
4161,10,1
7967,6,6
11098,1,10
8690,3,2
8505,6,6
9611,5,2
2477,6,9
1574,5,9
12189,1,3
12141,1,3
351,7,9
4670,2,1
6253,6,6
2148,0,9
12168,1,3
3532,2,1
9551,10,2
9654,7,2
1501,7,9
4880,2,1
8044,7,6
798,0,9
10061,9,10
3824,0,1
11530,9,10
10148,9,10
2585,6,9
3809,6,1
4370,2,1
5995,2,1
12410,1,3
2958,5,4
10352,9,10
4395,2,1
6671,0,6
5277,2,1
10427,9,10
5885,7,1
3155,0,1
9608,6,2
2138,7,9
3333,10,1
4158,10,1
10558,9,10
2393,6,9
4433,0,1
8508,6,6
413,6,9
6402,6,6
5031,0,1
7055,3,6
2091,7,9
1156,5,9
4649,2,1
8434,6,6
776,7,9
8553,5,6
11443,9,10
5329,10,1
4385,0,1
4159,2,1
9940,5,2
9121,0,2
9360,8,2
2497,5,9
10861,9,10
1705,0,9
6829,3,6
7657,0,6
12495,5,3
125,6,9
40,6,9
6363,5,6
12871,1,7
8280,6,6
10684,9,10
2846,10,4
10739,7,10
5906,10,1
10018,1,10
9781,6,2
5419,2,1
11277,9,10
11694,5,10
10672,1,10
9547,3,2
11930,6,10
5044,2,1
1526,10,9
7578,6,6
9401,3,2
3576,5,1
430,6,9
4061,2,1
9486,6,2
11870,9,10
1799,6,9
9976,10,2
5128,0,1
1935,10,9
9466,6,2
3240,0,4
1387,6,9
9788,5,2
10544,9,10
11219,1,10
9035,1,2
1247,7,9
3644,10,1
9505,3,2
9740,1,2
3739,10,1
2167,0,9
7885,8,6
2508,6,9
10359,1,10
2215,6,9
10165,9,10
11516,5,10
8943,6,2
6141,5,6
2735,6,9
469,6,9
1587,7,9
5360,2,1
10956,9,10
10913,9,10
10789,5,10
1179,7,9
4913,0,1
1596,0,9
3844,2,1
9831,10,2
8063,5,6
11099,9,10
7514,6,6
11639,9,10
1098,5,9
7279,6,6
2828,5,9
11724,9,10
5504,10,1
1777,10,9
5839,10,1
12638,5,8
6180,5,6
9916,6,2
650,7,9
12339,1,3
6021,10,1
839,0,9
11244,9,10
4053,10,1
8789,6,2
11322,7,10
11843,9,10
8438,6,6
5631,2,1
1455,5,9
7408,6,6
8594,6,6
7621,3,6
163,7,9
12446,1,3
11040,9,10
4288,10,1
9999,1,10
6226,3,6
9691,10,2
6295,8,6
8688,3,2
8819,0,2
5260,0,1
4731,6,1
8724,10,2
7323,6,6
11314,9,10
8196,8,6
2968,6,1
8514,8,6
10850,1,10
11415,9,10
4452,2,1
1611,10,9
4599,2,1
5918,2,1
9763,7,2
4059,0,1
10016,1,10
9166,5,2
11190,4,10
635,6,9
7248,10,6
9623,10,2
4639,2,1
1755,0,9
12673,5,8
588,0,9
985,0,9
8917,10,2
9898,10,2
4396,10,1
7962,5,6
7073,7,6
11232,1,10
8343,6,6
6370,7,6
11946,7,10
8295,6,6
9982,5,2
12996,6,7
1772,0,9
11451,1,10
4458,10,1
1112,7,9
8744,6,2
11281,9,10
6603,3,6
2404,7,9
4698,10,1
854,7,9
7976,6,6
217,6,9
4234,10,1
4270,2,1
849,0,9
10153,1,10
11554,9,10
4187,10,1
5307,0,1
10930,9,10
7184,6,6
744,5,9
377,7,9
11583,6,10
2355,6,9
11312,1,10
11458,9,10
11962,9,10
10736,4,10
8337,6,6
8140,8,6
7784,2,6
5945,2,1
360,5,9
12826,1,8
8401,7,6
12196,5,3
11735,9,10
12651,1,8
6311,8,6
6584,0,6
5575,6,1
10704,1,10
8119,6,6
9664,3,2
11466,1,10
9234,10,2
6452,6,6
10358,5,10
8287,5,6
6873,6,6
7134,5,6
218,6,9
8911,5,2
8946,3,2
11376,9,10
6915,3,6
845,7,9
4343,5,1
9271,6,2
6987,8,6
4260,2,1
1920,5,9
2256,0,9
8407,8,6
11989,9,10
12575,1,3
9317,7,2
7860,5,6
2529,6,9
7543,5,6
4117,2,1
7043,6,6
10232,1,10
6114,8,6
9539,3,2
2678,6,9
4693,10,1
11741,9,10
4892,0,1
10935,9,10
9044,6,2
12958,1,7
8204,5,6
9941,5,2
11823,6,10
3138,10,1
5024,2,1
8928,6,2
2163,5,9
2610,6,9
1044,7,9
3367,10,1
1573,0,9
6039,10,1
6196,6,6
1967,7,9
1592,0,9
6422,5,6
5499,2,1
12165,9,3
10094,9,10
6138,6,6
9199,1,2
1644,5,9
9774,5,2
11216,9,10
1595,0,9
10545,9,10
9892,6,2
7247,10,6
8727,7,2
868,0,9
11875,9,10
5684,6,1
11356,5,10
924,0,9
6745,10,6
7508,3,6
8364,5,6
6982,3,6
1263,10,9
8423,7,6
5021,0,1
11525,9,10
1570,0,9
2716,2,9
10757,9,10
5835,10,1
979,0,9
5241,5,1
7480,6,6
7108,3,6
2656,7,9
2204,0,9
3868,2,1
6375,5,6
7985,6,6
418,6,9
146,10,9
9169,1,2
2350,0,9
11126,5,10
3555,2,1
3927,2,1
4221,10,1
947,0,9
12282,1,3
3698,10,1
1663,6,9
4531,10,1
7996,3,6
4462,10,1
2399,7,9
8061,5,6
9977,3,2
2388,0,9
12813,1,8
3373,0,1
11792,1,10
9277,10,2
6475,3,6
8997,0,2
10404,1,10
7982,10,6
5138,2,1
8571,8,6
12140,9,3
10179,1,10
3430,2,1
2176,5,9
1271,0,9
5447,2,1
4338,2,1
11900,7,10
10698,9,10
7116,10,6
5909,2,1
3455,10,1
3263,10,1
4276,0,1
11539,1,10
4046,2,1
7069,3,6
3909,6,1
4646,2,1
8918,1,2
10828,9,10
10540,7,10
3204,10,1
11068,9,10
7270,6,6
2857,10,4
3017,10,1
5203,10,1
10944,1,10
3344,2,1
3710,6,1
11074,9,10
118,7,9
7119,6,6
11044,9,10
11750,5,10
3309,0,1
8325,6,6
3633,10,1
3178,10,1
3835,10,1
5917,6,1
5481,10,1
5703,5,1
13011,6,7
4152,2,1
4391,0,1
12169,1,3
10510,1,10
9247,0,2
11766,9,10
2441,7,9
9294,3,2
10423,9,10
3076,10,1
4010,0,0
9742,6,2
6877,5,6
11201,9,10
9768,5,2
10890,9,10
7539,3,6
4432,2,1
4035,2,1
7169,8,6
11775,9,10
812,7,9
9759,6,2
8186,6,6
7801,3,6
11282,9,10
4554,10,1
79,6,9
6812,0,6
9591,6,2
1688,0,9
10309,9,10
3046,2,1
1107,7,9
6668,3,6
4470,10,1
5111,10,1
3083,0,1
2209,10,9
2228,7,9
11880,1,10
1305,0,9
2487,6,9
6389,7,6
6540,0,6
4321,0,1
8378,6,6
12743,1,8
2098,0,9
12211,1,3
11997,5,10
5709,2,1
4634,2,5
11511,9,10
12462,1,3
3517,2,1
12251,9,3
3381,6,1
246,7,9
9849,6,2
5048,0,1
6334,6,6
10281,9,10
2726,6,9
1933,10,9
1546,7,9
4733,6,1
11166,5,10
9985,1,10
10208,1,10
10927,9,10
3530,2,1
11403,1,10
4186,0,1
1365,10,9
5717,6,1
6479,5,6
9915,3,2
5226,0,1
10546,9,10
9202,7,2
726,5,9
12910,5,7
2052,6,9
3417,7,1
4716,10,1
1952,0,9
11257,1,10
12497,1,3
6909,6,6
3233,0,4
11350,1,10
2898,6,4
3608,6,1
2993,10,0
5741,10,1
11237,1,10
9236,10,2
4522,2,1
10323,9,10
11020,9,10
2059,0,9
9470,5,2
6093,10,1
12400,9,3
9631,6,2
8520,5,6
11000,9,10
9357,5,2
3672,2,1
8735,6,2
7464,6,6
12778,1,8
1474,0,9
12574,1,3
1334,0,9
7738,3,6
3297,2,1
10495,9,10
2039,7,9
12090,9,3
8101,3,6
7364,5,6
12031,9,10
10938,9,10
1680,0,9
1613,10,9
2060,2,9
7921,3,6
5891,10,1
8840,4,2
10504,1,10
10351,9,10
7489,6,6
11834,9,10
9109,5,2
4564,2,1
7160,5,6
1648,7,9
719,7,9
3651,6,1
11966,9,10
5994,2,1
8006,8,6
6211,8,6
5648,6,1
8303,6,6
2310,7,9
619,6,9
11725,5,10
5377,2,1
422,6,9
11127,1,10
1994,6,9
9953,6,2
10674,9,10
10460,9,10
6641,0,6
549,6,9
1624,10,9
4816,10,1
4692,5,1
7794,6,6
11324,9,10
9485,6,2
8481,7,6
9829,6,2
2793,6,9
11293,5,10
8612,6,6
12359,1,3
3796,0,1
12152,1,3
4184,2,1
11683,5,10
11868,9,10
7229,4,6
12034,9,10
3583,2,1
5076,2,1
12055,9,10
11751,5,10
12585,1,3
4745,0,1
3148,0,4
2073,10,9
4537,10,1
11686,9,10
12161,9,3
173,6,9
5974,2,1
2965,2,4
10240,9,10
12750,6,8
9039,3,2
3678,10,1
10289,9,10
1760,7,9
1816,5,9
8387,6,6
9022,6,2
2630,6,9
6294,6,6
587,6,9
5422,10,1
5922,2,1
5820,2,1
6968,5,6
3111,0,1
5299,2,1
7591,6,6
447,6,9
9570,6,2
12460,1,3
12719,9,8
11338,9,10
4317,2,1
954,0,9
8829,1,2
5977,10,1
3876,10,1
8962,1,2
9887,3,2
5872,2,1
5086,10,1
6320,5,6
9430,5,2
12465,9,3
12392,9,3
3159,7,1
8813,6,2
291,7,9
640,6,9
6528,0,6
4460,10,1
7700,6,6
2410,0,9
12007,9,10
6353,5,6
11202,9,10
5938,2,1
11080,1,10
8331,5,6
12923,5,7
9808,1,2
5947,2,1
8417,5,6
303,6,9
3807,6,1
12851,1,7
9511,6,2
1350,0,9
7527,3,6
385,6,9
6848,3,6
1845,5,9
1896,10,9
10218,4,10
264,7,9
9264,10,2
5054,7,1
11060,5,10
6632,8,6
2870,2,1
792,6,9
11643,1,10
9461,7,2
9882,1,2
1145,7,9
1607,7,9
4215,2,1
1797,7,9
2569,6,9
8635,8,6
11599,1,10
6129,6,6
9512,3,2
10606,9,10
2810,6,9
11233,1,10
4413,0,1
3436,10,1
9015,2,2
6561,3,6
7916,2,6
3926,2,1
12366,5,3
585,6,9
846,10,9
11794,5,10
11518,1,10
12272,1,3
6214,5,6
11495,9,10
3518,6,1
3166,2,1
5362,0,0
7993,6,6
8068,5,6
1961,0,9
12451,1,3
12499,1,3
2740,6,9
11123,9,10
7716,2,6
2411,7,9
1750,0,9
3167,0,4
5946,5,1
4523,10,1
4758,5,1
8907,7,2
2815,7,9
5408,10,1
2714,5,9
5497,6,1
5281,10,1
9851,6,2
10295,9,10
7843,8,6
9569,6,2
2892,6,4
684,7,9
9140,3,2
2034,0,9
8371,5,6
2658,5,9
8231,5,6
1437,7,9
6763,5,6
9207,6,2
7131,3,6
6100,2,1
6517,10,6
8990,5,2
9988,9,10
9099,7,2
10904,5,10
8857,1,2
8602,5,6
902,5,9
6854,8,6
8314,8,6
6600,5,6
1471,7,9
9145,6,2
11942,6,10
11856,1,10
10884,5,10
3086,10,1
3738,6,1
5555,2,1
9676,5,2
12563,5,3
12076,1,3
2703,6,9
12059,5,10
3220,0,4
7753,0,6
8767,10,2
12449,1,3
12942,9,7
574,6,9
7428,7,6
10360,1,10
1837,0,9
7003,6,6
544,6,9
7097,6,6
11109,9,10
4548,10,1
9733,6,2
8163,8,6
11810,6,10
11377,9,10
4583,2,1
10342,9,10
6037,2,1
540,5,9
8110,5,6
11413,9,10
9516,6,2
4903,0,1
3686,10,1
11969,5,10
9716,6,2
4364,6,1
5910,5,1
1375,7,9
542,10,9
11659,6,10
7046,6,6
1219,0,9
8178,3,6
1727,10,9
8848,5,2
9056,1,2
91,7,9
668,7,9
4536,10,1
11817,10,10
5334,10,0
8235,8,6
2876,6,4
1103,7,9
10107,1,10
9869,1,2
3580,6,1
12288,0,3
9563,10,2
3570,10,1
12398,9,3
2831,10,9
2753,6,9
11702,5,10
11604,1,10
9593,5,2
7415,3,6
639,2,9
8893,5,2
6620,8,6
8028,6,6
1732,10,9
11406,9,10
3628,6,1
1239,10,9
7241,6,6
4280,2,1
7402,8,6
4282,2,1
11155,9,10
12814,1,8
1893,7,9
826,0,9
8415,8,6
8476,6,6
1114,7,9
5001,2,1
12888,5,7
10074,9,10
6534,0,6
9089,10,2
3192,0,1
3845,0,1
843,7,9
2881,6,1
965,0,9
7510,6,6
4490,2,1
57,5,9
899,5,9
934,0,9
8099,3,6
1171,10,9
5610,5,1
4946,2,1
3631,2,1
10642,9,10
10317,9,10
7372,5,6
9732,1,2
5364,10,1
4314,10,0
9337,6,2
8397,5,6
6404,7,6
6926,2,6
1654,10,9
12979,1,7
10568,1,10
9556,6,2
9494,5,2
7274,3,6
2987,10,1
2809,6,9
283,6,9
12388,1,3
577,10,9
9799,5,2
96,7,9
2812,6,9
9562,10,2
223,6,9
2862,6,4
12338,1,3
113,7,9
10992,1,10
10480,9,10
10979,0,10
10525,1,10
3546,6,1
1493,7,9
11705,1,10
11181,9,10
12244,1,3
6267,5,6
12017,9,10
11593,2,10
2224,0,9
3577,6,1
10993,9,10
9000,1,2
6707,3,6
4189,10,1
4075,10,1
10700,1,10
11866,9,10
4250,2,1
4126,10,1
8072,3,6
1662,6,9
11695,9,10
9818,6,2
9756,6,2
11757,9,10
11066,9,10
10613,9,10
5694,2,1
3593,2,1
3416,10,1
2458,7,9
11379,9,10
962,0,9
3914,2,1
5725,6,1
12544,9,3
12193,1,3
5822,6,1
12556,6,3
3052,0,1
9542,10,2
5213,2,1
10263,6,10
10581,9,10
4952,10,1
8697,3,2
6803,5,6
5612,2,1
6095,2,1
5126,0,0
2784,5,9
7282,6,6
2946,10,1
10619,9,10
4727,2,1
8451,5,6
7883,8,6
2147,6,9
1790,6,9
11025,9,10
748,0,9
12775,1,8
11760,9,10
797,0,9
11209,7,10
9909,10,2
5857,2,1
598,7,9
6716,6,6
5386,10,0
835,0,9
4156,2,1
3670,10,1
4065,10,1
2275,0,9
3572,10,1
8803,1,2
6030,5,1
11254,1,10
3285,5,1
3419,2,1
6565,3,6
6644,0,6
10394,9,10
11496,9,10
6761,5,6
3257,0,1
9004,6,2
10573,9,10
5793,2,1
9194,3,2
9081,1,2
3512,10,0
12806,1,8
4927,2,1
663,7,9
1928,6,9
8154,5,6
11980,9,10
4120,2,1
10273,1,10
4466,7,1
804,5,9
12124,1,3
2369,0,9
3034,10,1
7409,8,6
4807,2,1
7493,5,6
10023,5,10
11396,1,10
12135,1,3
3331,6,4
4725,6,1
11288,9,10
2561,6,9
4095,5,1
3191,0,1
12470,1,3
12477,9,3
6734,10,6
108,7,9
10947,6,10
7876,6,6
8611,5,6
10734,5,10
4770,2,1
12309,1,3
8456,7,6
2853,6,4
6424,5,6
10503,1,10
10589,1,10
880,0,9
6002,10,1
11150,1,10
3493,10,1
12800,9,8
9187,1,2
10034,9,10
3875,10,1
6959,5,6
8587,5,6
5988,10,1
9621,5,2
393,5,9
6163,5,6
7852,3,6
1667,6,9
12864,5,7
1517,7,9
4921,2,0
1620,6,9
3101,0,4
121,7,9
6360,5,6
12039,1,10
7135,6,6
5680,6,1
8746,6,2
1249,5,9
12474,1,3
7733,8,6
2102,7,9
5685,2,1
2299,7,9
10611,5,10
6137,6,6
8570,8,6
9975,3,2
3008,0,4
10814,1,10
6450,8,6
44,5,9
11490,9,10
12203,1,3
12285,9,3
8255,6,6
5803,2,1
1892,0,9
1429,7,9
569,6,9
1376,5,9
9753,10,2
9629,6,2
7693,8,6
6746,5,6
12111,1,3
2254,0,9
3679,2,1
4269,2,1
12066,1,3
7645,8,6
3717,10,1
5397,0,1
4378,2,1
4890,2,1
7423,3,6
10361,1,10
11846,6,10
6365,8,6
7625,6,6
7477,6,6
10329,1,10
9257,5,2
3442,2,1
6710,0,6
8380,5,6
482,6,9
2135,6,9
10966,5,10
9343,2,2
2416,7,9
7894,6,6
938,0,9
10037,9,10
12292,5,3
2801,6,9
90,7,9
10542,9,10
484,6,9
8273,5,6
6550,0,6
11242,1,10
13003,5,7
4426,10,1
4077,2,1
7458,6,6
9228,5,2
11049,1,10
248,10,9
10758,0,10
2125,7,9
5266,0,1
10325,9,10
6388,7,6
522,4,9
11267,1,10
3047,2,1
9575,6,2
3831,10,1
12818,1,8
216,6,9
4171,2,1
8845,10,2
7216,6,6
6451,0,6
12809,1,8
6646,0,6
10067,1,10
4957,0,1
6654,0,6
9594,6,2
10370,1,10
5736,6,1
9791,6,2
2398,7,9
11012,9,10
9374,3,2
2581,10,9
6640,0,6
3999,2,1
5480,6,1
3387,6,1
7553,8,6
2211,0,9
3175,10,1
1463,7,9
11958,9,10
9289,5,2
4596,2,1
3000,2,0
313,7,9
12980,5,7
12819,1,8
5668,5,1
1734,10,9
12906,9,7
2655,6,9
8264,6,6
5404,10,1
8970,6,2
3372,6,4
7125,8,6
1366,10,9
6243,3,6
10901,7,10
5220,2,1
7255,6,6
3449,2,1
6796,8,6
6047,5,1
5222,2,5
3899,10,1
5676,6,1
8861,5,2
1684,0,9
3728,2,1
3946,0,0
12685,1,8
12655,6,8
1876,7,9
9135,7,2
11692,5,10
7172,6,6
12332,1,3
11608,1,10
8112,2,6
10130,1,10
6904,6,6
10250,9,10
5821,2,1
11561,9,10
3985,0,1
7015,10,6
1545,7,9
9974,7,2
1996,6,9
7210,5,6
12487,5,3
12239,9,3
11148,1,10
2709,10,9
6788,5,6
2825,7,9
12712,1,8
210,6,9
8821,3,2
10428,9,10
9796,5,2
6299,3,6
2435,0,9
9340,10,2
4098,2,1
4905,2,1
9968,4,2
10594,9,10
7061,0,6
10816,1,10
3292,2,1
5157,0,1
1600,5,9
1767,7,9
11425,5,10
4627,10,1
7174,8,6
8025,6,6
9597,6,2
3476,10,1
4345,2,1
1408,5,9
10810,0,10
5275,0,1
4557,2,1
3282,10,1
4363,10,1
3219,0,4
4812,2,1
11128,5,10
6882,5,6
12962,5,7
3201,0,1
9568,6,2
9218,5,2
7600,7,6
4755,10,1
7808,3,6
11556,5,10
7231,3,6
7404,6,6
10282,1,10
5545,5,0
10177,1,10
5996,2,1
5599,6,1
1910,0,9
7826,5,6
1032,0,9
6357,3,6
6656,6,6
6016,2,1
12401,1,3
12402,6,3
11913,7,10
3879,10,1
9714,2,2
7020,8,6
6107,10,1
8956,0,2
6362,6,6
2160,7,9
6680,8,6
10407,9,10
8933,5,2
1193,7,9
2622,6,9
5291,3,1
7726,6,6
5287,2,1
5392,2,1
2426,6,9
5022,10,1
6293,6,6
4348,10,1
5950,6,1
1513,5,9
6464,10,6
1075,0,9
7435,8,6
9998,1,10
10190,1,10
7677,6,6
1955,5,9
3764,2,1
1618,7,9
1850,0,9
1002,0,9
6779,8,6
2323,6,9
11259,7,10
6658,0,6
1482,6,9
980,0,9
8728,3,2
11988,9,10
7045,5,6
11934,1,10
6383,8,6
11963,9,10
9155,5,2
8883,3,2
9559,5,2
10541,9,10
4292,6,0
11850,9,10
7961,6,6
8003,8,6
3439,2,1
3772,7,1
6179,6,6
1786,0,9
8828,1,2
11690,1,10
9079,6,2
5006,2,1
10104,9,10
9855,1,2
5068,0,1
7842,8,6
9021,1,2
4869,2,1
1580,0,9
6912,6,6
2574,6,9
2884,6,4
5696,6,1
892,10,9
12598,5,3
9834,2,2
9655,9,2
1835,7,9
7814,3,6
11806,6,10
11175,7,10
1459,7,9
8812,1,2
1155,5,9
7163,6,6
3320,5,1
2929,10,1
1953,0,9
10304,5,10
8945,2,2
12784,1,8
7139,3,6
1105,7,9
1890,0,9
1775,7,9
8958,1,2
12246,2,3
7614,8,6
3453,2,1
12686,9,8
10604,9,10
3329,0,1
10313,9,10
11279,9,10
8229,6,6
11149,9,10
7230,4,6
10479,9,10
158,10,9
2960,2,4
2068,0,9
2359,10,9
2356,10,9
12436,1,3
12502,1,3
9261,6,2
1255,0,9
2322,7,9
3499,2,1
1078,0,9
2695,10,9
7033,0,6
9587,6,2
12146,1,3
4606,10,1
8521,6,6
423,6,9
4224,2,1
3681,10,1
11374,9,10
3260,0,4
3050,2,1
6483,6,6
11231,1,10
12500,5,3
4623,10,1
5393,2,1
7914,6,6
912,0,9
43,6,9
4091,10,1
1398,10,9
11431,9,10
11738,5,10
8247,5,6
338,6,9
11083,1,10
10562,9,10
5039,2,1
12104,1,3
1452,0,9
2539,6,9
4201,2,1
7074,6,6
12382,1,3
11436,1,10
6593,5,6
739,6,9
11397,9,10
2455,7,9
9297,1,2
12756,1,8
10640,9,10
3697,2,1
3667,2,1
11619,6,10
8575,5,6
7444,6,6
5217,2,1
7447,6,6
12424,1,3
12861,1,7
1530,10,9
10297,9,10
4933,2,1
11625,1,10
6236,3,6
573,7,9
2450,0,9
6011,2,1
6663,8,6
5206,6,1
5323,0,1
9301,10,2
7930,7,6
9143,3,2
11703,1,10
3884,5,1
9094,3,2
9674,5,2
5758,10,1
11052,1,10
9878,7,2
3225,0,4
4843,0,1
12527,1,3
2005,6,9
1458,0,9
5699,2,1
11562,7,10
5369,2,1
5019,2,1
5060,0,1
5175,10,1
7275,2,6
5572,10,1
5600,2,1
3938,2,1
2547,6,9
10840,9,10
5964,2,1
1319,0,9
5468,10,1
12444,1,3
8032,6,6
8394,6,6
11519,5,10
9490,3,2
5313,2,1
12092,1,3
2408,7,9
8634,6,6
7752,6,6
8695,10,2
8453,2,6
8929,1,2
12648,1,8
9246,7,2
1393,6,9
5813,2,1
12409,1,3
11384,1,10
711,6,9
5987,2,1
8249,6,6
7107,6,6
752,7,9
4172,2,1
9912,7,2
10474,9,10
10007,9,10
12489,1,3
10549,9,10
3217,0,4
5748,6,1
2799,7,9
3428,10,1
7440,6,6
1834,0,9
8662,5,2
12850,1,7
5405,2,1
2639,7,9
7758,5,6
12694,1,8
4183,2,1
7831,8,6
7541,6,6
7863,6,6
11973,5,10
12160,9,3
11318,9,10
11904,7,10
2205,0,9
8116,6,6
476,7,9
6616,5,6
12916,1,7
9361,6,2
3743,10,1
8268,6,6
12695,1,8
10426,9,10
10985,10,10
10207,9,10
11621,1,10
9346,2,2
4090,2,1
4726,5,1
1407,6,9
4356,2,1
10051,9,10
750,0,9
5948,2,1
11129,1,10
7893,7,6
2878,6,1
12905,9,7
429,6,9
5401,2,1
8884,4,2
11050,1,10
3658,2,1
1687,0,9
8941,7,2
12720,6,8
4355,2,1
2229,7,9
6486,0,6
11854,9,10
1584,0,9
4443,0,1
3838,2,1
9635,3,2
6270,8,6
4387,2,1
6380,3,6
6563,3,6
8115,8,6
4371,0,1
7520,6,6
10090,3,10
4941,2,1
11380,9,10
9368,6,2
10811,9,10
4421,2,1
10725,9,10
11196,5,10
10478,9,10
11515,5,10
9515,6,2
2332,6,9
9871,5,2
1923,10,9
149,6,9
8875,8,2
12252,1,3
5295,2,1
2976,6,1
9181,6,2
4802,2,1
10109,9,10
6264,8,6
1674,0,9
9148,1,2
10156,9,10
1730,10,9
896,7,9
10891,9,10
9467,3,2
6736,5,6
8965,5,2
11492,9,10
1081,0,9
2008,10,9
11885,9,10
4054,2,1
12056,9,10
2626,6,9
7729,6,6
7360,5,6
8208,2,6
8065,5,6
12528,1,3
5088,10,1
9098,3,2
2724,5,9
7756,5,6
702,10,9
8012,8,6
5035,2,1
9801,5,2
3464,3,1
2420,6,9
5897,6,1
7587,6,6
8363,3,6
6673,5,6
7283,6,6
8720,6,2
4308,2,1
6003,2,1
3871,2,1
1964,0,9
5543,6,1
232,10,9
6327,8,6
5815,10,1
3070,0,4
3784,7,1
3085,10,0
6170,8,6
2576,6,9
262,6,9
5238,6,1
4750,0,1
3230,0,4
956,0,9
2069,10,9
597,7,9
10054,1,10
8535,8,6
4379,2,1
10557,9,10
5073,2,1
9415,10,2
1779,10,9
1668,5,9
8448,8,6
9227,5,2
2155,0,9
2642,5,9
1410,0,9
11087,9,10
6807,8,6
7494,5,6
348,2,9
12807,1,8
674,0,9
7933,10,6
9300,6,2
2562,6,9
501,7,9
9682,3,2
1706,0,9
1902,5,9
2220,7,9
3803,10,1
3158,0,1
12356,9,3
11791,1,10
9893,3,2
8001,5,6
8988,8,2
1061,0,9
4411,2,1
11986,9,10
5143,2,1
4663,2,1
8109,6,6
6269,5,6
621,5,9
12782,1,8
7778,3,6
11802,6,10
475,6,9
3130,2,1
3989,2,1
6927,6,6
10265,1,10
10761,0,10
3559,2,1
3281,10,1
1763,7,9
22,2,9
5532,5,1
5302,0,1
12144,1,3
1856,7,9
6071,2,1
4306,6,1
3716,2,1
5201,7,1
997,0,9
6070,10,1
9321,6,2
234,6,9
2352,0,9
4579,10,1
11096,1,10
2221,6,9
8795,5,2
9939,1,2
8344,3,6
5837,10,1
11550,1,10
4133,10,1
6753,5,6
11474,1,10
8651,6,2
2931,10,4
169,6,9
12993,9,7
666,7,9
8267,3,6
10794,1,10
7691,3,6
5228,0,5
12845,1,8
6888,5,6
1591,0,9
3808,6,1
3712,6,0
9777,2,2
10420,9,10
7661,3,6
3293,2,1
2200,2,9
5398,5,1
7692,5,6
11915,1,10
2222,0,9
175,6,9
9719,2,2
2406,0,9
1264,0,9
10756,1,10
5196,2,1
7182,8,6
7705,8,6
3091,5,1
9326,5,2
11481,1,10
8261,3,6
8319,7,6
7361,3,6
8470,8,6
5805,6,1
10618,1,10
1109,0,9
3694,6,1
5029,0,1
7607,6,6
11018,0,10
10430,9,10
11212,9,10
7603,6,6
2297,7,9
6523,8,6
11535,9,10
3028,0,4
4651,2,1
2978,2,1
6519,0,6
820,0,9
4724,6,1
9735,3,2
5200,10,1
2646,7,9
10981,9,10
12825,1,8
12852,1,7
10248,9,10
9126,0,2
3790,5,1
799,2,9
10476,9,10
11551,1,10
2443,0,9
4722,2,1
12063,9,3
5852,6,1
6204,7,6
12689,9,8
8890,0,2
12680,1,8
7105,6,6
4780,10,1
1072,5,9
3552,2,1
1272,0,9
4862,2,1
6500,8,6
859,10,9
3027,0,4
6121,5,6
643,0,9
1332,0,9
5140,2,1
1956,6,9
1261,7,9
6722,8,6
7253,6,6
9427,7,2
12190,1,3
11924,9,10
5573,2,1
5527,2,1
4990,2,1
341,7,9
13002,5,7
10,10,9
8518,8,6
1262,5,9
2938,10,1
2049,6,9
12213,1,3
10924,9,10
6094,6,1
465,6,9
9885,5,2
8103,8,6
3648,10,1
11858,9,10
4320,10,1
4449,10,1
5354,2,1
2158,0,9
8558,8,6
3632,2,1
5464,2,1
12364,1,3
5763,2,1
3072,7,1
12693,1,8
11205,9,10
12113,9,3
3400,6,1
4164,2,1
11385,9,10
5376,10,1
911,0,9
2917,5,1
9195,3,2
4650,10,1
2994,10,0
4635,2,0
362,7,9
249,7,9
9533,6,2
581,6,9
8901,4,2
2231,7,9
11110,1,10
12703,1,8
5925,2,1
8031,5,6
8269,6,6
8177,5,6
9884,5,2
10151,1,10
7646,3,6
8278,4,6
11592,1,10
483,10,9
1342,5,9
1404,6,9
3986,10,1
5418,0,1
9013,5,2
12415,1,3
2000,7,9
1586,5,9
9602,5,2
3767,6,1
6674,8,6
4303,6,0
11292,9,10
6821,6,6
4139,10,1
2083,0,9
7643,3,6
11106,9,10
10983,9,10
11135,9,10
7910,10,6
8059,5,6
950,0,9
10364,9,10
11182,1,10
1360,7,9
5294,2,1
10425,9,10
12210,1,3
1725,0,9
1990,2,9
8862,1,2
1872,0,9
1571,0,9
4968,2,1
7373,3,6
5727,2,0
11358,5,10
1669,6,9
716,6,9
240,7,9
11250,7,10
7954,8,6
1770,0,9
7560,8,6
2920,5,4
11906,7,10
6042,2,1
7071,7,6
7333,6,6
3352,2,1
11660,1,10
11266,1,10
632,7,9
1073,0,9
12061,1,3
474,6,9
8599,7,6
5640,2,1
420,5,9
95,6,9
11547,6,10
2029,0,9
3363,0,4
11444,5,10
12836,1,8
2629,6,9
1917,6,9
10078,9,10
10106,9,10
5416,10,1
11710,5,10
11215,9,10
8932,6,2
2710,10,9
2617,10,9
7165,5,6
9020,6,2
7277,6,6
2512,6,9
11144,7,10
1389,6,9
11957,9,10
1269,0,9
2264,5,9
5785,2,1
3342,0,1
1168,0,9
7350,5,6
12567,5,3
10137,2,10
6384,8,6
354,6,9
11507,9,10
4687,2,1
7022,5,6
10974,5,10
3931,10,1
11238,1,10
10354,9,10
6804,3,6
5336,0,1
4352,2,1
290,6,9
8557,8,6
12274,1,3
9110,5,2
4798,2,1
8047,5,6
10751,1,10
6051,2,1
6797,8,6
11470,9,10
3317,2,1
11145,1,10
220,7,9
7317,6,6
12810,1,8
8106,2,6
8095,5,6
9950,6,2
4298,6,0
2078,0,9
8108,5,6
2864,10,4
9906,5,2
144,6,9
2902,7,1
10879,1,10
2249,0,9
7181,6,6
7233,5,6
3398,6,4
6490,8,6
5032,2,1
1577,0,9
7236,6,6
7252,10,6
10683,9,10
2553,10,9
6202,6,6
7499,8,6
7891,10,6
11393,1,10
5243,2,1
10519,9,10
4695,10,1
11538,1,10
13005,5,7
7391,0,6
2551,6,9
11089,9,10
10652,9,10
4570,2,1
4256,6,0
3834,2,1
1479,7,9
11448,1,10
7144,6,6
10677,9,10
7056,8,6
6546,0,6
11564,9,10
7795,8,6
6456,8,6
8600,6,6
12919,9,7
2774,7,9
8309,6,6
9517,3,2
201,5,9
10995,9,10
1177,7,9
336,2,9
1798,6,9
10048,9,10
10588,5,10
8975,1,2
1643,6,9
5794,2,1
7329,8,6
31,6,9
2175,0,9
9706,5,2
10575,9,10
6895,5,6
5522,2,1
10124,9,10
6297,8,6
12044,9,10
5166,10,1
11432,9,10
8540,8,6
2415,0,9
5321,10,1
10053,1,10
11737,9,10
8974,1,2
4516,2,1
6984,8,6
8145,10,6
2166,7,9
2600,5,9
2445,10,9
2442,7,9
347,6,9
11761,9,10
9086,3,2
8350,3,6
3934,2,1
9612,6,2
6151,8,6
12746,1,8
6074,10,1
5745,6,1
1740,7,9
10245,9,10
867,5,9
6233,8,6
8474,5,6
3463,5,0
119,7,9
503,10,9
10555,9,10
7757,5,6
5399,0,1
4174,0,0
13027,9,7
7662,6,6
2979,5,1
280,7,9
7920,6,6
603,6,9
139,7,9
2191,7,9
6925,2,6
11320,9,10
5027,0,1
3080,10,1
4073,2,1
6512,6,6
6747,2,6
1310,0,9
3893,2,1
7971,6,6
1660,6,9
8223,8,6
2594,6,9
11186,9,10
5105,2,1
931,0,9
10027,9,10
7088,8,6
10784,1,10
5609,2,1
4424,10,1
5662,2,1
11570,1,10
7506,5,6
6282,8,6
404,10,9
10591,1,10
10419,9,10
11786,5,10
7446,6,6
10461,9,10
7850,3,6
8887,1,2
10154,9,10
7068,6,6
12973,5,7
5960,2,1
2584,6,9
11655,5,10
8809,1,2
12245,1,3
6969,5,6
4417,6,5
1059,0,9
70,6,9
2525,6,9
1022,0,9
521,7,9
11985,9,10
656,6,9
6369,6,6
3235,0,4
12011,9,10
9378,5,2
10920,5,10
5062,2,1
8619,8,6
10031,1,10
7267,6,6
8262,3,6
9841,1,2
3120,10,1
10385,1,10
1948,0,9
12008,9,10
11452,1,10
7908,7,6
3979,0,1
8157,5,6
10042,9,10
8435,5,6
9734,6,2
11423,5,10
4033,2,1
5420,2,1
11615,6,10
1929,7,9
5643,10,1
11763,9,10
12542,9,3
7777,6,6
3318,0,1
1386,6,9
12441,9,3
2183,5,9
6700,8,6
12718,1,8
6272,3,6
4092,0,1
1949,10,9
7997,5,6
12218,1,3
8430,5,6
9201,3,2
11665,1,10
11336,1,10
7427,0,6
5055,2,1
6617,3,6
8342,5,6
7772,5,6
12994,5,7
12967,5,7
8002,8,6
1937,10,9
10093,9,10
9123,9,2
8129,5,6
3414,10,1
9031,1,2
11381,9,10
3137,0,4
12326,1,3
11065,9,10
12412,1,3
5649,2,1
7009,5,6
10214,1,10
1000,0,9
4998,2,1
12170,1,3
5388,2,1
239,5,9
11351,1,10
8083,6,6
6330,5,6
7133,3,6
6998,8,6
2304,7,9
5512,2,1
6240,3,6
11977,9,10
3444,10,1
1460,0,9
4511,2,1
10189,9,10
8734,6,2
11918,7,10
7884,3,6
2013,10,9
1337,0,9
5617,2,1
12336,1,3
9120,6,2
9972,5,2
1854,0,9
9492,10,2
5164,10,1
7984,6,6
5656,6,1
7926,7,6
10000,1,10
7886,6,6
7927,6,6
5614,6,1
3886,2,1
11569,1,10
2195,7,9
6974,6,6
12678,5,8
1201,5,9
3113,5,1
10019,1,10
925,0,9
5361,2,1
9176,1,2
5585,2,1
9116,5,2
6591,8,6
4244,0,1
10391,1,10
7580,7,6
3832,5,1
5984,6,1
1180,7,9
10527,1,10
7161,3,6
1277,0,9
4012,2,1
11770,5,10
8646,1,2
4914,0,1
1633,6,9
6610,8,6
12324,1,3
8760,5,2
17,2,9
710,0,9
1148,5,9
11097,1,10
5931,6,1
2206,0,9
12652,1,8
2657,5,9
5706,2,1
4304,2,1
7877,6,6
4915,2,1
7226,8,6
8039,6,6
5877,2,1
11104,9,10
7768,5,6
3753,2,1
3361,5,4
2943,6,1
6431,6,6
25,2,9
7846,8,6
5284,0,1
8723,10,2
12126,9,3
12006,9,10
6900,5,6
8825,10,2
1554,7,9
6046,6,1
6933,5,6
1062,0,9
8609,3,6
9881,6,2
8830,5,2
9766,10,2
2384,0,9
24,2,9
1998,6,9
10308,9,10
3253,0,4
9934,3,2
5231,10,1
967,0,9
9006,1,2
7014,8,6
12202,1,3
2197,7,9
8244,8,6
6028,6,1
3643,10,1
12812,9,8
11573,9,10
1623,6,9
7035,6,6
9850,6,2
5424,0,1
7630,3,6
2680,2,9
10236,5,10
6461,7,6
4520,6,1
4109,10,1
9899,6,2
10853,0,10
7552,6,6
12596,5,3
9003,3,2
2939,10,1
9866,5,2
1844,0,9
4735,2,1
2971,10,1
10241,9,10
4128,10,1
6457,8,6
9225,6,2
10388,9,10
2802,6,9
873,0,9
7179,8,6
4076,2,1
8799,1,2
11223,9,10
10298,1,10
6120,5,6
359,7,9
876,0,9
74,6,9
4415,2,1
8930,1,2
8383,7,6
3142,10,1
2130,0,9
8706,8,2
7943,6,6
8593,6,6
4860,2,1
6625,8,6
4196,10,1
9173,3,2
11136,9,10
10452,9,10
5698,10,1
1802,7,9
3019,10,1
6756,8,6
11629,6,10
5622,6,1
5413,2,1
6487,2,6
9607,3,2
5254,0,1
2386,0,9
1804,6,9
2915,7,1
10513,9,10
637,6,9
12250,1,3
8080,5,6
9408,10,2
12456,6,3
488,6,9
4739,10,1
2718,5,9
451,7,9
7302,6,6
334,2,9
11063,5,10
3384,10,1
4851,2,1
3391,10,1
2537,6,9
12229,9,3
5535,6,1
10552,9,10
4248,10,0
7653,3,6
7018,8,6
4318,8,1
2244,0,9
4688,0,1
1822,7,9
3718,5,1
2202,6,9
5998,2,1
8148,2,6
6516,5,6
4049,0,5
7689,3,6
2933,10,1
12026,5,10
318,5,9
10173,9,10
3854,10,1
7352,8,6
6161,5,6
12568,1,3
2932,6,4
6526,6,6
7718,8,6
12745,1,8
387,6,9
8228,5,6
5498,6,1
6903,6,6
1867,7,9
1759,7,9
5786,2,1
6041,2,1
12903,9,7
4351,2,1
6412,10,6
3848,10,1
10727,9,10
11732,5,10
8827,1,2
5179,2,1
570,6,9
2207,6,9
11805,6,10
8894,0,2
7942,6,6
1469,0,9
6433,5,6
12934,1,7
5958,7,1
3149,0,4
1256,0,9
7359,5,6
292,6,9
519,6,9
3556,10,1
12406,9,3
10999,5,10
8158,4,6
10815,1,10
11301,1,10
3872,10,1
10096,5,10
8288,6,6
7008,3,6
11375,5,10
2134,6,9
5889,10,1
6325,8,6
8143,5,6
7469,3,6
10878,1,10
9372,8,2
12570,9,3
9807,5,2
9048,6,2
1807,6,9
4146,0,1
9418,6,2
9395,6,2
1960,0,9
6275,3,6
6860,5,6
2967,2,1
8715,1,2
129,7,9
6411,5,6
10371,9,10
12622,5,3
2614,6,9
7533,8,6
3181,10,1
10771,5,10
1720,7,9
2531,6,9
6559,3,6
5496,6,1
2150,0,9
6387,6,6
8536,8,6
10943,5,10
273,6,9
6314,3,6
5582,5,1
1403,6,9
10485,9,10
10386,1,10
512,7,9
11189,9,10
5586,2,1
10872,9,10
8379,6,6
1738,0,9
9857,1,2
3337,10,1
3709,10,1
12978,5,7
7269,6,6
11420,9,10
8567,8,6
1329,0,9
944,0,9
5310,2,1
1728,7,9
4845,2,1
2699,10,9
4353,10,1
7455,3,6
10450,9,10
3461,2,1
4988,6,1
5298,10,1
11023,9,10
7654,6,6
6408,5,6
9112,1,2
7037,3,6
1533,0,9
11818,10,10
2805,6,9
6112,10,1
3567,2,1
2344,6,9
12730,9,8
11677,9,10
10645,9,10
9679,3,2
184,10,9
11504,6,10
12970,1,7
3539,6,1
3018,10,1
9482,10,2
2466,6,9
4088,2,1
5242,2,1
7711,3,6
9996,9,10
8665,6,2
5041,10,1
5326,10,1
4999,2,1
2763,6,9
11210,5,10
900,10,9
2749,2,9
10187,1,10
5516,2,1
3266,0,1
1942,6,9
7747,6,6
2957,2,4
5144,2,1
5693,6,1
10937,9,10
5908,10,1
6484,6,6
2390,0,9
11193,9,10
9588,5,2
7434,3,6
1433,0,9
3723,6,1
4582,2,1
2664,6,9
2115,6,9
10749,0,10
11180,0,10
12404,9,3
6614,8,6
4633,0,1
12505,9,3
12754,1,8
6444,5,6
11747,5,10
6174,8,6
1780,0,9
498,6,9
481,7,9
10333,1,10
4455,2,1
1129,0,9
6191,7,6
8998,4,2
8077,5,6
11295,5,10
12922,5,7
8124,7,6
12547,5,3
3049,2,1
7905,3,6
10633,9,10
10257,1,10
4003,2,1
3806,6,1
1534,0,9
8588,5,6
4863,10,1
2409,7,9
4757,0,1
7855,5,6
5678,10,1
11085,1,10
7102,3,6
2238,0,9
10294,9,10
4643,2,1
7483,6,6
3213,0,4
10848,9,10
12021,4,10
1288,0,9
9543,10,2
9355,2,2
9066,1,2
2033,0,9
6571,8,6
11427,1,10
252,6,9
3571,10,1
513,6,9
5552,2,1
9266,1,2
2813,6,9
12667,5,8
10146,9,10
5949,2,1
4030,2,1
1657,6,9
11283,9,10
9232,6,2
12951,5,7
9527,5,2
12304,0,3
12215,1,3
9797,1,2
8160,5,6
3359,10,1
10740,9,10
9252,1,2
3942,2,1
5954,7,1
6717,6,6
7194,5,6
11984,2,10
7094,6,6
7537,8,6
4366,0,1
12443,5,3
715,7,9
3286,2,1
11053,1,10
11971,9,10
12880,1,7
10559,9,10
12626,9,3
9876,1,2
3699,10,1
11825,6,10
6781,3,6
1673,6,9
7605,3,6
8559,5,6
8660,6,2
5218,2,1
7929,5,6
2452,10,9
10973,4,10
3812,2,1
10202,1,10
2383,5,9
2777,6,9
8661,6,2
8013,8,6
12535,1,3
12243,1,3
4,6,9
2563,6,9
5065,10,1
3316,2,1
6144,5,6
12867,2,7
6025,2,1
202,6,9
11681,5,10
12435,9,3
4116,2,1
3185,10,1
12688,1,8
4661,0,1
9224,2,2
9311,3,2
5979,10,1
2668,5,9
5477,10,1
11912,1,10
1810,6,9
12150,1,3
12988,9,7
1439,0,9
12148,1,3
3112,0,4
4344,2,1
7867,6,6
11095,9,10
9016,2,2
6392,3,6
11328,6,10
6248,6,6
10014,5,10
12840,1,8
6333,6,6
8471,8,6
12314,9,3
1461,7,9
10166,9,10
4878,2,1
2579,6,9
10630,9,10
2992,10,1
1229,7,9
4418,10,1
775,7,9
5127,10,1
6427,6,6
9693,5,2
6973,0,6
5576,10,1
165,7,9
3374,10,4
3881,7,1
4572,2,1
908,0,9
7031,3,6
4232,10,1
2956,2,4
11081,1,10
9800,5,2
4831,0,1
2734,7,9
4701,10,1
5602,6,1
12048,9,10
7847,8,6
12716,1,8
11808,6,10
2484,7,9
12830,1,8
4587,10,1
4294,0,1
6303,6,6
12247,1,3
12717,1,8
9897,5,2
3262,7,4
4245,7,1
2526,6,9
1279,0,9
11871,1,10
12863,9,7
29,6,9
8711,1,2
4552,10,1
2243,0,9
8193,5,6
5436,0,1
2494,5,9
5256,2,1
4112,4,1
5379,0,0
9384,10,2
2514,6,9
2292,7,9
10617,1,10
1094,7,9
9521,3,2
12594,5,3
10685,9,10
12391,9,3
1346,0,9
3958,2,1
10932,9,10
486,5,9
11888,1,10
12468,6,3
8566,8,6
11684,9,10
8127,5,6
10416,9,10
2871,6,1
958,7,9
7873,6,6
2137,10,9
12886,6,7
3066,0,1
1466,7,9
9579,6,2
11640,5,10
8677,6,2
975,0,9
6795,3,6
1163,0,9
369,5,9
4775,2,1
4647,2,1
6822,7,6
2108,7,9
937,0,9
5246,0,0
4501,2,1
8659,6,2
2242,0,9
7011,3,6
6562,3,6
7378,3,6
7245,8,6
765,7,9
130,7,9
140,10,9
8815,0,2
2154,0,9
9370,5,2
9429,6,2
4339,10,1
3770,10,1
5653,2,1
5795,6,1
8021,8,6
4653,10,1
10975,0,10
982,0,9
11622,9,10
2118,0,9
919,0,9
12010,9,10
5752,2,1
12323,9,3
7671,3,6
9319,5,2
4555,0,1
10076,9,10
2955,2,4
54,6,9
12538,9,3
12805,1,8
4956,2,1
107,7,9
1139,7,9
6115,5,6
9557,6,2
12950,1,7
3702,10,1
1886,0,9
11120,9,10
1213,7,9
6972,2,6
530,10,9
2507,6,9
4645,2,1
5037,2,0
9913,10,2
9946,10,2
11321,1,10
6782,3,6
5670,2,1
9305,1,2
6405,8,6
6730,10,6
12790,5,8
4499,2,1
1322,0,9
2482,7,9
10877,1,10
7370,3,6
7218,3,6
10753,1,10
2438,0,9
7150,8,6
5651,2,1
1726,0,9
10587,1,10
6063,6,1
1422,5,9
5087,10,1
10680,1,10
2848,10,4
195,10,9
7951,8,6
9029,1,2
3917,10,1
3347,0,1
8788,3,2
1039,0,9
5491,5,0
65,6,9
4113,4,1
11718,9,10
5842,10,1
913,7,9
7879,6,6
7137,6,6
9826,5,2
3110,2,1
7868,3,6
389,6,9
11812,6,10
7574,7,6
6440,5,6
12982,5,7
8996,1,2
1320,0,9
12656,1,8
9993,9,10
5202,0,1
6134,3,6
11964,9,10
6852,6,6
5232,2,1
11154,1,10
10667,5,10
7479,3,6
2261,6,9
12707,1,8
6637,0,6
3818,2,1
8293,6,6
410,6,9
1052,0,9
5185,10,1
2245,0,9
1701,0,9
6084,10,1
4615,10,1
9023,10,2
5280,10,1
6409,6,6
3964,10,1
4031,2,1
12471,5,3
7286,5,6
2776,5,9
2729,5,9
3684,6,1
6558,3,6
9451,6,2
4929,2,1
3093,2,1
5687,6,1
3116,7,1
2780,7,9
7651,8,6
186,7,9
8942,1,2
5707,2,1
6,7,9
1435,7,9
6623,2,6
1442,10,9
171,6,9
12018,9,10
9212,10,2
1237,2,9
1551,7,9
9752,6,2
9717,6,2
10003,9,10
4060,2,1
7737,5,6
617,6,9
2012,6,9
6749,2,6
2589,6,9
1029,0,9
2501,5,9
2081,0,9
8531,3,6
4996,10,1
7658,7,6
11778,5,10
4842,0,1
7038,3,6
1141,7,9
7348,3,6
12428,1,3
3346,10,1
3882,5,1
11383,1,10
1852,7,9
4230,2,1
10099,9,10
5174,0,1
1203,7,9
3896,5,1
329,7,9
6522,7,6
7880,7,6
12289,5,3
6280,6,6
2633,6,9
9721,5,2
2732,7,9
5557,6,1
12855,1,7
10318,1,10
487,7,9
3933,2,1
12857,1,7
11951,6,10
7461,3,6
10071,9,10
4494,2,1
12551,1,3
2596,7,9
5370,2,1
5760,6,1
1891,0,9
6142,5,6
12405,1,3
6066,5,1
9778,5,2
11382,9,10
12540,9,3
4588,10,1
10747,9,10
6184,3,6
7053,8,6
9534,6,2
4274,2,0
9455,6,2
8516,8,6
1374,0,9
12708,1,8
8698,2,2
6838,3,6
6473,8,6
2890,6,4
10863,5,10
2342,6,9
10936,9,10
10231,9,10
652,5,9
9711,6,2
10079,9,10
785,3,9
6705,7,6
9475,7,2
12297,1,3
2577,6,9
548,6,9
4884,2,1
10125,9,10
10612,5,10
1447,0,9
9330,6,2
1451,0,9
12562,1,3
5943,2,1
7383,5,6
7513,3,6
4216,2,1
1974,0,9
6783,8,6
12728,0,8
9528,6,2
5811,10,1
10977,5,10
2360,6,9
10073,1,10
12220,1,3
1796,6,9
6055,10,1
10406,9,10
6701,8,6
5901,10,1
6659,5,6
7338,6,6
545,6,9
2866,6,4
1146,0,9
2089,10,9
4707,10,1
8023,8,6
5219,2,1
11016,9,10
4141,0,1
10696,1,10
10144,1,10
4624,2,1
8056,5,6
11410,9,10
4971,2,1
11310,1,10
1037,0,9
1833,0,9
7702,7,6
1339,0,9
7791,5,6
1186,7,9
1483,6,9
4746,6,1
511,7,9
8306,10,6
1621,6,9
9302,6,2
10300,9,10
5747,2,1
2636,7,9
6865,3,6
1080,10,9
1831,0,9
2313,7,9
9785,1,2
12036,7,10
3657,2,1
11678,5,10
1562,0,9
10197,9,10
3828,10,1
1485,0,9
7632,6,6
6858,3,6
7013,3,6
5407,2,1
4519,2,1
5951,6,1
8967,1,2
6986,5,6
10926,9,10
3759,6,1
2080,0,9
2128,7,9
8305,6,6
6101,2,1
4444,0,0
9313,6,2
9610,5,2
1230,0,9
5465,10,1
8011,8,6
9686,7,2
6878,0,6
8166,5,6
546,10,9
9193,0,2
5801,5,1
10762,4,10
933,0,9
7507,6,6
7556,6,6
5937,10,1
12450,1,3
6073,6,1
11727,5,10
8318,5,6
9428,3,2
5010,0,1
697,10,9
1125,7,9
646,7,9
10362,9,10
7089,6,6
4365,0,1
1273,0,9
9267,6,2
885,0,9
11663,5,10
7992,3,6
2832,10,9
7531,6,6
10223,3,10
3819,2,1
10916,9,10
2296,7,9
12091,6,3
1988,2,9
7824,5,6
4324,0,1
12566,5,3
1945,7,9
5818,10,1
11776,9,10
12185,9,3
84,5,9
5603,2,1
11417,1,10
5071,0,1
5225,2,1
7261,6,6
1614,10,9
807,5,9
5079,0,1
524,10,9
6997,3,6
2074,7,9
12094,9,3
11402,7,10
8864,1,2
12602,1,3
1733,0,9
1299,0,9
11510,9,10
10903,5,10
3141,10,4
7065,3,6
5292,2,1
678,7,9
11369,5,10
935,0,9
2280,7,9
5305,2,1
8532,5,6
6077,2,1
10269,1,10
2395,7,9
5966,2,1
9214,1,2
8245,3,6
11359,1,10
10635,9,10
3691,6,1
5601,2,1
6820,6,6
1312,0,9
6531,3,6
6148,8,6
11847,9,10
7719,6,6
289,7,9
11011,9,10
1250,0,9
7368,6,6
2464,6,9
5874,6,1
6420,5,6
1739,0,9
2852,6,4
1384,10,9
368,6,9
7796,6,6
8876,8,2
1597,6,9
2363,7,9
12159,9,3
7904,2,6
8854,10,2
2575,6,9
1095,0,9
12212,9,3
1921,6,9
254,6,9
7048,0,6
4290,2,1
10043,9,10
2301,7,9
10532,1,10
2022,0,9
11457,9,10
3144,0,1
11214,1,10
10326,9,10
3169,0,4
9582,5,2
2506,5,9
4534,2,1
10550,9,10
11176,5,10
11588,5,10
2300,7,9
5563,2,1
6870,5,6
6449,8,6
8983,3,2
10778,1,10
12469,1,3
3287,6,1
7635,3,6
8598,6,6
732,6,9
3261,10,1
9992,1,10
9944,1,2
4454,10,1
623,0,9
3775,2,1
2518,6,9
6117,5,6
3274,7,4
9154,3,2
4448,10,1
8066,5,6
11329,9,10
8230,6,6
3847,10,1
10447,9,10
11247,1,10
3323,10,1
5538,6,1
2237,0,9
5317,10,0
10636,9,10
6200,8,6
5781,5,1
12340,1,3
9189,5,2
10752,1,10
4922,2,1
4960,2,1
10837,9,10
8641,1,2
4982,6,1
12379,1,3
988,0,9
7557,3,6
307,6,9
3736,5,1
10607,9,10
3711,10,1
12143,1,3
8259,7,6
12015,9,10
1335,0,9
8376,3,6
5075,2,1
12413,1,3
8982,6,2
11300,1,10
9088,5,2
6958,3,6
1385,5,9
11370,9,10
2403,0,9
1934,7,9
5145,10,1
8500,8,6
10508,1,10
6893,5,6
10058,1,10
9309,6,2
10055,1,10
1123,5,9
8034,6,6
3029,6,4
6898,5,6
1647,6,9
356,6,9
6241,3,6
434,6,9
2192,0,9
6234,6,6
2671,7,9
7354,5,6
1682,0,9
1391,6,9
1497,5,9
11833,6,10
4517,5,1
5083,2,1
2781,7,9
4380,2,1
11993,1,10
6082,10,1
3319,2,1
1246,0,9
1281,7,9
1352,0,9
11656,1,10
4925,10,1
11220,1,10
6774,0,6
11378,9,10
11917,5,10
12774,1,8
5349,2,1
1672,0,9
8377,6,6
10017,9,10
4446,2,1
6976,5,6
10084,5,10
1884,5,9
3289,0,1
809,0,9
8947,3,2
12584,5,3
4769,2,1
8667,5,2
10147,9,10
11613,6,10
9047,10,2
2948,10,1
11339,9,10
6406,8,6
11010,9,10
4423,5,1
4121,2,1
742,6,9
2693,6,9
10345,0,10
12711,1,8
7781,5,6
12759,9,8
3258,0,4
3870,2,1
12981,1,7
9837,5,2
63,6,9
12393,9,3
2838,6,4
9265,10,2
8093,5,6
8964,5,2
11841,9,10
8626,5,6
1721,7,9
161,6,9
9171,6,2
3676,10,1
11306,9,10
11067,9,10
10134,1,10
2185,10,9
1348,0,9
7213,6,6
662,10,9
725,5,9
12593,5,3
10390,9,10
12507,1,3
3055,0,4
9435,7,2
5900,2,1
6199,8,6
1210,7,9
4169,2,1
2840,6,4
6181,3,6
10671,9,10
2564,6,9
10970,5,10
6430,6,6
4079,10,1
2982,10,1
9085,1,2
3140,6,4
8404,6,6
8843,3,2
4777,10,1
2379,0,9
6629,3,6
2218,6,9
4810,0,1
7965,10,6
2627,6,9
2921,6,4
7292,8,6
11043,9,10
3208,0,4
7839,2,6
7577,6,6
4435,2,1
7704,8,6
11662,1,10
9065,1,2
7090,3,6
10750,9,10
3558,6,1
11901,7,10
12550,5,3
11777,1,10
10864,6,10
11572,9,10
12763,1,8
228,7,9
5780,2,1
12632,1,3
9530,3,2
9484,6,2
9400,8,2
11101,9,10
5846,10,1
4684,2,1
5534,2,1
9152,3,2
7792,5,6
8286,8,6
7106,8,6
7052,5,6
11767,9,10
12997,5,7
10050,9,10
1382,6,9
6152,3,6
12000,5,10
5991,6,1
2064,0,9
3041,2,1
564,0,9
12650,5,8
9379,4,2
11886,9,10
3635,2,1
1110,0,9
3611,6,1
12298,1,3
1666,6,9
9362,8,2
7619,3,6
6511,2,6
9990,1,10
7042,0,6
4784,2,1
8266,6,6
5053,2,1
1695,7,9
12184,1,3
11631,6,10
12147,1,3
7060,8,6
8972,5,2
5873,2,1
4360,2,1
10353,1,10
5270,0,1
5384,10,1
12670,5,8
8805,7,2
6414,3,6
10278,9,10
11422,1,10
5214,2,1
12700,1,8
2120,6,9
4089,2,1
2434,0,9
2305,7,9
543,6,9
12217,9,3
10909,9,10
12221,1,3
2092,6,9
939,0,9
11548,1,10
1634,6,9
12053,9,10
2751,2,9
1700,0,9
8658,1,2
6699,0,6
4086,2,1
9730,6,2
8709,1,2
5441,10,1
7583,3,6
5099,2,1
8798,5,2
7436,6,6
4019,10,1
6358,5,6
10984,9,10
8390,6,6
6939,0,6
41,6,9
3379,6,1
2765,5,9
10047,9,10
4507,2,1
7970,6,6
6283,3,6
11192,9,10
4791,0,1
3117,0,1
10490,9,10
3668,10,1
2582,6,9
8586,5,6
3866,10,1
6471,6,6
9523,3,2
5730,2,1
3725,2,1
10433,9,10
3124,10,0
10120,5,10
6469,3,6
10252,9,10
12895,1,7
1053,0,9
7730,3,6
10082,9,10
767,7,9
10610,1,10
1509,0,9
3734,10,1
8339,5,6
4295,2,1
8754,6,2
1472,0,9
10707,1,10
5085,10,1
4978,2,1
11327,5,10
11758,9,10
8340,6,6
6553,3,6
10990,1,10
1858,7,9
8064,5,6
5533,5,1
7237,7,6
1652,6,9
822,0,9
7785,5,6
7070,6,6
4814,10,1
3077,0,1
673,6,9
279,7,9
12740,1,8
8745,3,2
12723,1,8
9564,5,2
6361,5,6
682,5,9
6841,3,6
6212,8,6
203,5,9
848,5,9
8703,2,2
10194,9,10
11111,5,10
1233,0,9
4680,2,1
4011,2,1
8644,5,2
3592,10,1
12848,9,7
1691,6,9
4337,10,1
8062,5,6
957,0,9
3446,2,1
1031,0,9
3237,0,4
850,6,9
6381,3,6
12279,1,3
5171,2,1
9235,6,2
7532,8,6
12597,1,3
11961,1,10
12614,1,3
6693,8,6
6393,6,6
2096,0,9
296,6,9
552,6,9
3829,6,1
4601,6,1
1997,5,9
2348,6,9
6666,2,6
2984,10,1
5892,10,1
5679,2,1
3063,10,1
2354,6,1
1069,0,9
8847,0,2
4560,2,1
12416,1,3
11398,1,10
7448,8,6
7407,5,6
3762,10,1
11679,5,10
8328,6,6
8251,8,6
3345,0,1
2844,6,4
10457,1,10
10467,9,10
2343,6,9
1848,0,9
1266,0,9
2320,0,9
10072,9,10
5853,2,1
9168,1,2
12122,1,3
5664,2,1
1926,7,9
10368,9,10
4562,10,1
9331,6,2
5832,10,1
8365,5,6
9644,6,2
105,7,9
6799,2,6
9923,5,2
12945,6,7
6210,8,6
10492,9,10
2230,7,9
2588,6,9
4967,2,1
1748,0,9
6780,0,6
12376,1,3
7958,5,6
4942,2,1
374,7,9
704,0,9
5661,2,1
2712,6,9
9392,1,2
8721,7,2
11584,5,10
6090,10,1
2495,5,9
8761,5,2
4213,2,1
8922,1,2
4760,0,1
5686,6,1
2295,7,9
786,0,9
9471,1,2
5893,6,1
10305,9,10
12467,1,3
4147,6,1
3825,2,1
7866,6,6
8625,8,6
7059,6,6
12794,0,8
12645,5,8
6044,2,1
5130,2,1
12580,9,3
4096,2,1
2425,6,9
12936,5,7
3131,2,1
9101,1,2
9501,10,2
2666,7,9
2609,7,9
11330,6,10
693,5,9
61,6,9
7858,6,6
5444,10,1
5402,2,1
12660,5,8
10880,1,10
4222,10,1
4949,0,1
7481,3,6
13,10,9
12291,1,3
10431,9,10
353,5,9
624,7,9
10996,1,10
11804,1,10
1045,0,9
11353,5,10
3873,10,1
5352,2,1
4162,2,1
11713,1,10
9063,10,2
9198,1,2
4442,0,1
10831,9,10
2030,0,9
7278,8,6
6580,8,6
12341,1,3
11948,9,10
5800,5,0
6793,7,6
8356,2,6
1538,10,9
10963,9,10
12069,1,3
3574,10,1
1736,0,9
9891,6,2
8817,0,2
4808,2,1
6651,8,6
10339,9,10
5590,2,1
7111,6,6
5581,10,1
9954,3,2
6385,6,6
12062,9,3
1839,2,9
9106,5,2
1503,7,9
8953,0,2
5282,0,1
5177,0,1
8496,8,6
9203,1,2
705,6,9
10412,1,10
2983,10,1
1152,0,9
1275,0,9
2612,6,9
7856,6,6
3004,10,4
1185,7,9
7087,0,6
6505,6,6
10829,9,10
9709,6,2
8504,6,6
5564,2,1
9206,6,2
9178,0,2
7167,8,6
6692,6,6
4500,2,1
800,7,9
8315,8,6
10176,9,10
10923,1,10
7118,8,6
9291,10,2
4492,10,0
5314,2,1
1151,7,9
7521,6,6
11140,5,10
11079,0,10
6911,6,6
11173,9,10
2903,6,1
3707,10,1
11859,9,10
2837,7,9
8393,6,6
7854,3,6
5720,6,1
1368,0,9
11072,9,10
3036,0,1
47,6,9
8240,5,6
4403,2,1
4792,0,1
4665,0,1
9055,5,2
151,10,9
888,4,9
1973,0,9
7751,5,6
10463,9,10
5342,10,1
10554,9,10
1126,7,9
3990,2,1
12592,1,3
10889,9,10
6437,5,6
11731,9,10
3441,2,1
11889,9,10
1658,5,9
7012,3,6
8733,6,2
2062,7,9
6894,8,6
12310,1,3
1522,0,9
3447,2,1
12739,1,8
4515,6,1
1222,7,9
4154,0,1
8873,3,2
3437,2,1
12780,9,8
8175,3,6
1441,10,9
1214,7,9
6374,3,6
12991,5,7
7516,6,6
9105,1,2
3795,2,1
2307,7,9
2922,6,4
6947,3,6
889,0,9
847,7,9
2882,6,1
5064,2,1
8693,3,2
1135,0,9
7486,6,6
9132,3,2
2210,0,9
1492,10,9
4818,10,1
6539,5,6
9862,5,2
67,10,9
6215,5,6
4093,2,1
183,10,9
9419,5,2
5677,2,1
4983,2,1
7203,6,6
10203,5,10
9251,3,2
6739,3,6
2009,10,9
3726,2,1
1296,0,9
1661,6,9
10769,9,10
10279,1,10
3250,0,4
9391,10,2
6706,7,6
1308,0,9
11831,9,10
3454,2,1
718,6,9
5400,6,1
4809,10,1
2764,6,9
8256,5,6
8054,6,6
10986,9,10
4453,7,1
7420,6,6
11627,5,10
5183,2,1
1149,0,9
6218,5,6
2752,2,9
7681,3,6
9773,2,2
2770,6,9
3566,10,1
2616,6,9
12795,1,8
12827,1,8
3777,6,1
3092,2,1
8019,8,6
10098,9,10
10910,9,10
10570,9,10
1930,6,9
5415,10,0
6715,3,6
1364,0,9
7062,8,6
9442,4,2
7399,8,6
2677,7,9
8038,6,6
8405,8,6
4545,0,0
7536,3,6
6577,0,6
9828,6,2
4708,10,1
8898,3,2
3425,2,1
7027,5,6
8176,10,6
3021,0,1
10717,9,10
10851,1,10
11118,9,10
691,5,9
10444,9,10
10221,1,10
1500,7,9
7467,3,6
8502,6,6
4440,2,1
12781,5,8
10654,9,10
5883,10,1
8772,3,2
7549,3,6
11696,5,10
8462,2,6
7555,3,6
5975,2,1
1877,0,9
3939,2,1
12269,1,3
9690,5,2
516,6,9
9444,4,2
4898,10,1
9842,1,2
9782,7,2
7874,6,6
7254,5,6
7642,6,6
3785,5,1
8551,5,6
7783,6,6
7287,6,6
12481,1,3
12854,1,7
4514,2,1
6281,5,6
1,5,9
4493,10,1
11472,5,10
5125,10,1
6726,8,6
1388,5,9
4773,0,1
2400,7,9
9856,5,2
4799,2,1
9919,6,2
11309,9,10
8324,3,6
12930,1,7
1901,7,9
651,0,9
12558,5,3
8694,10,2
4144,2,1
7412,8,6
6837,3,6
2490,5,9
12028,5,10
10530,9,10
1846,5,9
5970,2,1
467,6,9
7969,3,6
8257,6,6
5108,2,1
8826,6,2
12771,1,8
10445,9,10
3744,10,1
295,6,9
8777,3,2
8756,6,2
6462,6,6
875,0,9
3804,6,1
5565,2,1
1718,10,9
12293,1,3
4830,2,1
12029,9,10
9371,6,2
10946,9,10
8486,6,6
10731,9,10
3032,10,1
7673,6,6
2493,5,9
496,6,9
3308,0,1
1710,10,9
157,6,9
2025,0,9
4131,10,1
8373,6,6
2104,7,9
12403,1,3
9555,5,2
10249,9,10
4051,2,1
10242,5,10
1085,10,9
8923,3,2
164,7,9
11387,5,10
5894,10,1
11860,5,10
7742,8,6
2891,6,4
1415,6,9
6442,8,6
9479,6,2
190,10,9
6720,8,6
12035,1,10
2836,5,9
11392,1,10
8620,6,6
8210,5,6
8784,1,2
5929,10,1
3434,6,1
6242,3,6
9256,6,2
11088,9,10
8088,3,6
7189,5,6
381,6,9
5959,6,1
10818,9,10
9540,6,2
4429,0,1
9014,6,2
2023,0,9
2847,10,4
3503,2,1
88,10,9
8576,8,6
9560,10,2
4148,10,1
2366,7,9
4336,2,1
9567,5,2
5505,10,1
9226,6,2
12683,1,8
817,6,9
8084,6,6
8242,5,6
9986,7,10
12112,9,3
2791,6,9
80,6,9
2621,6,9
6033,2,1
11932,7,10
4801,5,0
7623,6,6
8987,6,2
11133,9,10
7818,5,6
10692,9,10
6397,8,6
3389,6,4
2826,10,9
10493,9,10
860,10,9
11363,9,10
8629,6,6
3376,10,1
5814,6,0
4265,6,1
12227,9,3
7647,3,6
6952,5,6
12963,1,7
7453,6,6
4793,2,0
10779,1,10
9817,5,2
8207,5,6
6611,0,6
6568,5,6
2140,7,9
3641,10,1
3483,6,1
8692,10,2
6259,8,6
9764,10,2
9127,5,2
5578,2,1
12263,5,3
1523,0,9
11348,9,10
8313,8,6
11879,7,10
7176,8,6
247,6,9
11194,9,10
4465,10,1
5061,2,1
1117,0,9
5632,2,1
9084,1,2
7335,6,6
12666,5,8
310,6,9
840,0,9
3118,2,1
4551,10,0
12261,5,3
315,6,9
8330,8,6
1345,0,9
1063,0,9
11803,1,10
6015,2,1
1162,7,9
4291,0,1
6766,3,6
7190,8,6
1231,0,9
10332,1,10
12741,1,8
2328,6,9
478,7,9
1446,0,9
8220,3,6
2980,10,1
7522,6,6
2173,0,9
4703,10,1
5844,2,1
10487,9,10
4887,10,1
8810,7,2
1204,2,9
6994,0,6
2593,6,9
12586,1,3
11780,5,10
1702,0,9
5463,10,1
2543,6,9
12176,1,3
7344,0,6
984,5,9
9213,0,2
3799,10,1
872,7,9
7972,6,6
11555,1,10
10405,9,10
8480,6,6
5278,2,1
11054,1,10
649,5,9
7803,3,6
5244,10,1
1212,7,9
3797,2,1
11165,9,10
4229,0,1
2157,0,9
1711,6,9
2097,7,9
10366,1,10
1321,5,9
3448,2,1
7682,6,6
10193,9,10
10737,9,10
11372,9,10
5764,2,1
2652,6,9
4253,2,1
4889,2,1
12177,1,3
4963,2,1
11261,3,10
2047,7,9
2018,0,9
4165,0,1
199,10,9
4891,2,1
2225,7,9
10720,9,10
3547,10,1
3811,2,1
1137,0,9
9637,10,2
12823,5,8
12887,1,7
3837,0,1
11909,1,10
2535,10,9
6068,5,5
3324,10,1
92,7,9
9747,6,2
6660,3,6
2548,2,9
2820,6,9
6315,8,6
10520,1,10
9835,6,2
5328,6,1
6228,5,6
7634,3,6
10024,1,10
3307,6,4
10608,9,10
3103,0,1
10624,9,10
8889,5,2
4542,2,1
9146,10,2
233,10,9
5593,5,0
7989,3,6
2503,5,9
9770,5,2
8147,5,6
2319,0,9
8189,3,6
2351,0,9
11225,7,10
7096,8,6
1873,7,9
10117,1,10
2605,7,9
6298,8,6
3579,6,1
3846,2,1
10468,9,10
6868,3,6
11878,1,10
6467,7,6
10227,6,10
3974,2,1
12483,9,3
4918,0,1
11699,9,10
7565,7,6
11476,1,10
8482,6,6
11493,9,10
12955,7,7
6811,5,6
6965,8,6
1963,7,9
10331,9,10
10400,1,10
9051,10,2
8232,7,6
6345,6,6
7779,3,6
11709,1,10
5981,6,1
8719,3,2
11708,1,10
9077,3,2
1331,0,9
1818,0,9
2405,7,9
10185,9,10
5571,2,1
9969,5,2
10363,9,10
12603,1,3
2247,0,9
1424,10,0
1914,6,9
6245,6,6
11855,5,10
3412,6,4
10089,1,10
10856,1,10
9525,6,2
8637,7,6
5547,2,1
3968,2,1
5003,0,0
10595,5,10
11366,9,10
6657,6,6
11976,6,10
3451,2,1
10669,1,10
12327,1,3
7872,6,6
7193,3,6
8081,5,6
5247,2,1
11235,9,10
33,6,9
4014,2,1
2806,7,9
2723,6,9
611,7,9
2865,2,1
11682,9,10
9545,10,2
9900,3,2
9288,5,2
5066,0,1
6733,3,6
4137,10,1
11981,9,10
10033,9,10
4767,0,1
7416,7,6
6647,8,6
9633,6,2
4278,0,0
256,6,9
3647,2,1
9549,3,2
7827,2,6
3751,10,1
2475,6,9
7806,6,6
7940,3,6
11752,5,10
9731,6,2
12624,9,3
6843,6,6
11941,9,10
7804,6,6
9652,5,2
4754,2,1
10396,9,10
6992,2,6
4084,2,1
8132,2,6
11828,9,10
5579,2,1
7058,0,6
7990,8,6
5347,10,1
1559,0,9
5976,2,1
9045,6,2
6899,6,6
5494,2,0
6588,8,6
790,10,9
11586,5,10
8741,5,2
2796,7,9
4883,0,1
11893,6,10
8910,3,2
11540,1,10
1242,0,9
6714,0,6
12902,1,7
1756,0,9
12320,1,3
2534,7,9
3095,0,0
10686,9,10
12514,5,3
5868,6,1
11108,9,10
5926,2,1
10647,9,10
10287,10,10
8511,8,6
11935,7,10
499,5,9
4677,2,1
8182,6,6
5608,5,1
11874,1,10
6425,6,6
12482,1,3
4768,10,1
11424,6,10
9211,1,2
7983,6,6
2663,2,9
5784,2,1
7759,5,6
3637,10,1
3534,2,1
1697,5,9
1578,0,9
446,7,9
7410,2,6
2396,7,9
10994,9,10
12654,1,8
8361,8,6
10092,9,10
5429,2,1
11499,9,10
9681,6,2
3143,0,4
8906,1,2
9260,2,2
5253,0,1
3952,2,1
8524,3,6
6367,6,6
1826,7,9
4678,2,1
72,5,9
9185,0,2
10455,9,10
7100,3,6
12623,5,3
10915,9,10
13024,9,7
12672,5,8
12957,1,7
6946,5,6
8897,3,2
294,6,9
4906,2,1
4924,2,1
4765,10,0
6043,2,1
10883,1,10
8836,1,2
1411,0,9
4013,0,1
3423,6,4
12171,1,3
222,6,9
4456,10,1
11411,9,10
8935,0,2
7656,3,6
3134,5,1
6413,5,6
5371,2,1
9650,3,2
1565,0,9
5591,6,1
167,5,9
9163,10,2
5665,2,1
241,7,9
10343,5,10
6139,5,6
5490,2,1
2792,6,9
12089,1,3
12762,5,8
12588,1,3
2367,0,9
10955,9,10
10567,5,10
10500,1,10
9144,6,2
6834,8,6
890,10,9
12138,1,3
6589,0,6
6052,2,1
8420,5,6
6434,8,6
5692,2,1
5955,7,1
12501,6,3
10157,5,10
7604,3,6
5091,2,1
2479,7,9
10962,9,10
6627,0,6
4611,5,1
9499,10,2
4202,10,1
1828,0,9
2541,6,9
10349,9,10
1192,7,9
6667,0,6
35,6,9
2321,0,0
4638,6,1
12454,1,3
9634,6,2
11928,5,10
9966,5,2
2349,7,9
11959,1,10
7665,3,6
10369,5,10
906,0,9
2687,6,9
6394,8,6
3943,10,1
4689,2,1
4434,2,1
8327,3,6
6626,0,6
12657,1,8
3863,2,1
8841,7,2
4748,10,1
634,6,9
8808,10,2
11036,1,10
1520,0,9
11191,9,10
1133,7,9
8382,6,6
4457,2,1
383,6,9
7865,8,6
7907,5,6
1046,0,9
5553,6,1
12555,1,3
3075,0,1
8783,1,2
932,0,9
7909,6,6
2330,6,9
11903,9,10
11274,6,10
11508,6,10
504,10,9
9707,6,2
10498,9,10
11979,9,10
4032,2,1
4713,10,1
12121,1,3
4463,2,1
2336,6,9
1244,0,9
12027,9,10
7030,5,6
441,6,9
3783,6,1
11618,1,10
9750,6,2
10655,9,10
7316,8,6
363,6,9
4287,2,0
4632,10,1
2,6,9
8195,6,6
7593,3,6
12705,1,8
2628,6,9
4384,0,1
11590,9,10
8463,6,6
8367,6,6
4473,2,1
6758,3,6
9095,5,2
5635,2,1
4881,0,1
1232,0,9
5985,6,1
615,7,9
2017,0,9
7051,5,6
6329,3,6
7987,8,6
11661,5,10
12155,1,3
903,0,9
10539,1,10
4266,10,1
12074,9,3
1167,0,9
861,10,9
13020,9,7
8254,6,6
9858,6,2
7495,6,6
4179,2,1
52,7,9
3786,6,1
11524,9,10
12581,9,3
5327,10,1
8346,7,6
12254,1,3
784,0,9
8747,5,2
12136,1,3
1995,10,9
8655,6,2
10663,9,10
12513,9,3
11876,6,10
8284,10,6
9285,2,2
9531,10,2
4489,2,1
3860,2,1
11170,9,10
443,6,9
12995,5,7
5056,10,1
4829,2,1
12938,7,7
6606,8,6
1001,0,9
9111,1,2
9027,1,2
986,0,9
11462,1,10
2759,7,9
12959,5,7
3507,2,1
2899,7,4
3,6,9
5257,10,1
11409,5,10
12434,9,3
5660,6,1
11512,6,10
12317,1,3
4008,2,1
618,6,9
2194,7,9
1863,0,9
12999,9,7
8316,8,6
12829,1,8
4047,2,1
658,0,9
3161,10,4
5448,10,1
5501,6,0
8317,5,6
12634,1,8
6089,10,1
1158,0,9
11534,9,10
6697,5,6
5306,6,1
11185,9,10
5940,2,1
865,10,9
6844,3,6
1582,0,9
1294,0,9
10322,1,10
8388,8,6
6607,3,6
1979,10,9
7534,5,6
3488,10,1
9262,5,2
5993,5,1
8422,6,6
11446,9,10
6468,5,6
5880,6,1
7629,0,6
3984,10,1
5769,2,1
8858,0,2
309,6,9
9115,5,2
12879,9,7
11787,5,10
10634,9,10
9879,5,2
2604,6,9
288,7,9
6885,8,6
12303,1,3
11837,1,10
10593,9,10
6776,3,6
8640,6,2
7822,5,6
11438,6,10
2177,0,9
7529,5,6
7177,8,6
3907,2,1
7959,2,6
4459,10,1
5122,2,5
10582,9,10
11086,9,10
4959,2,1
324,6,9
3929,10,1
6220,5,6
7026,5,6
1480,5,9
12842,1,8
7149,5,6
7076,8,6
3747,2,1
4930,2,1
6935,6,6
10350,9,10
12256,5,3
6045,2,1
10694,9,10
7802,5,6
10785,9,10
8750,1,2
5383,10,0
3222,0,4
5827,10,1
2961,2,4
10046,9,10
4182,2,1
4431,5,1
8560,8,6
260,10,9
12370,0,3
493,6,9
109,7,9
7104,6,6
7633,3,6
11701,1,10
2290,7,9
7215,6,6
5211,0,1
12724,1,8
6592,8,6
7977,6,6
1432,0,9
12426,1,3
12065,1,3
8035,8,6
6201,5,6
4135,10,1
7490,6,6
8183,5,6
8396,7,6
12358,1,3
9376,6,2
10127,9,10
4309,10,0
5689,5,1
2911,2,4
9718,5,2
613,6,9
8271,7,6
6535,7,6
10716,9,10
8636,6,6
4478,2,1
7564,6,6
7148,3,6
8785,1,2
9315,3,2
5423,2,1
8590,8,6
6104,2,1
53,7,9
9689,6,2
1205,0,9
4485,2,1
12009,9,10
12935,5,7
10688,1,10
2558,6,9
774,7,9
10709,9,10
1861,7,9
6416,8,6
11276,9,10
12877,5,7
11171,9,10
9811,5,2
4275,0,1
10787,1,10
7377,6,6
12019,9,10
2124,6,9
11469,1,10
3601,10,1
7006,5,6
9812,5,2
3945,2,1
83,6,9
5148,10,1
2567,6,9
4040,2,1
1217,7,9
1625,10,9
8161,5,6
10870,9,10
3186,10,1
1612,5,9
5454,2,1
3031,10,1
5184,0,1
1899,5,9
584,0,9
10171,5,10
10373,1,10
12417,1,3
11594,5,10
1038,0,9
6880,0,6
13009,9,7
1383,5,9
1373,0,9
424,6,9
6086,10,1
4402,0,1
1617,3,9
9191,3,2
12084,1,3
2981,10,1
7659,5,6
2035,0,9
3565,10,1
11832,1,10
4272,6,0
265,6,9
9172,6,2
11038,9,10
12313,9,3
3992,2,1
4610,2,1
3251,0,1
7299,5,6
5715,6,1
7228,7,6
10623,9,10
9463,6,2
9605,6,2
887,7,9
10100,9,10
6390,3,6
9230,5,2
3732,7,1
2419,6,9
8631,8,6
2003,6,9
5195,2,1
7862,6,6
11147,9,10
2072,10,9
893,5,9
2056,6,9
5169,2,1
12612,5,3
6310,3,6
11197,9,10
8668,6,2
5462,10,1
9510,6,2
1943,7,9
9405,10,2
10764,9,10
1357,7,9
6960,3,6
11251,1,10
12949,5,7
8152,5,6
13023,5,7
12188,1,3
3022,5,1
12799,1,8
11842,9,10
5551,2,1
11167,9,10
8117,6,6
11863,5,10
82,5,9
10849,1,10
737,10,9
5595,10,1
11908,1,10
4496,0,1
1572,0,9
1015,0,9
763,7,9
12080,1,3
6686,0,6
4926,10,1
12822,9,8
4392,0,1
12899,9,7
3612,10,1
5797,2,1
5133,2,1
3957,2,1
5840,10,1
7460,6,6
6209,8,6
3910,6,1
11017,1,10
8835,10,2
8333,7,6
9316,5,2
3305,10,1
14,10,9
11388,6,10
2184,7,9
3888,2,1
12832,1,8
2287,6,9
12913,7,7
8936,6,2
5104,5,1
8994,0,2
3543,10,1
7304,6,6
3371,10,4
12494,1,3
11304,5,10
11967,9,10
2591,6,9
6302,6,6
9353,5,2
6846,3,6
6856,3,6
5215,2,1
384,6,9
7264,3,6
12142,1,3
1436,7,9
3100,10,1
3202,10,4
2919,2,4
12109,1,3
7727,6,6
7515,0,6
9320,6,2
3355,2,1
3508,10,1
7098,8,6
7837,6,6
12110,9,3
8168,5,6
11722,1,10
9186,1,2
5645,2,1
12049,5,10
10219,4,10
12095,1,3
7964,3,6
2329,6,9
11076,9,10
370,6,9
5584,6,1
376,6,9
5517,2,1
7669,3,6
689,2,9
4052,2,1
3523,10,1
5193,0,1
2969,10,1
11835,5,10
4022,2,1
10712,5,10
5115,10,1
2436,0,9
5546,2,1
10653,1,10
4612,2,1
10209,1,10
9249,5,2
5272,10,1
6126,5,6
9030,0,2
10660,9,10
12182,1,3
7175,8,6
7084,5,6
10129,9,10
6195,8,6
9640,6,2
3328,0,1
1969,10,9
5663,6,1
7616,5,6
4203,0,1
3953,0,5
4322,2,1
3014,10,1
10283,9,10
4057,0,0
12801,6,8
12345,1,3
1372,0,9
2771,7,9
56,5,9
9537,6,2
7394,8,6
8060,5,6
5248,7,1
2364,0,9
8672,1,2
1341,0,9
3949,0,1
721,7,9
5920,6,1
12553,1,3
10378,1,10
1468,7,9
9668,5,2
1150,0,9
4833,0,1
5016,2,1
93,7,9
4568,2,1
10583,9,10
5823,10,1
12394,9,3
4386,2,1
10919,5,10
1665,6,9
8617,5,6
2673,6,9
1851,10,9
85,6,9
5199,10,1
5712,10,1
4590,5,1
9889,5,2
7776,4,6
6541,6,6
2491,5,9
12013,5,10
7986,10,6
2116,6,9
8954,0,2
4513,10,1
1859,7,9
2701,6,9
8506,5,6
4674,0,1
6814,3,6
3265,2,1
2888,6,4
8046,3,6
10616,9,10
1993,5,9
2046,7,9
3551,6,1
6963,3,6
2959,2,4
7007,3,6
3127,10,1
3731,10,1
10579,9,10
11748,5,10
104,7,9
12838,1,8
10255,6,10
10643,9,10
6810,0,6
153,6,9
753,7,9
6548,3,6
2661,6,9
3221,0,4
11183,1,10
7721,3,6
11119,9,10
2281,0,9
6036,6,1
3199,10,1
12372,9,3
8418,6,6
2625,6,9
5777,2,1
8554,5,6
5485,2,1
7431,8,6
50,5,9
5561,2,1
6040,2,1
4375,7,1
8494,5,6
8134,6,6
9991,1,10
6013,10,1
9599,5,2
7315,6,6
661,7,9
2565,7,9
8510,8,6
12237,9,3
4208,10,1
3987,2,1
5856,5,0
8136,3,6
11982,6,10
344,6,9
9354,5,2
9284,6,2
11211,1,10
6778,0,6
8675,7,2
8170,5,6
3422,10,1
3816,10,1
3492,10,1
2421,6,9
4354,2,1
7311,6,6
1683,0,9
4204,2,1
10599,1,10
7923,6,6
2335,7,9
6582,8,6
2566,10,9
9220,3,2
8488,6,6
9616,3,2
6718,3,6
2418,6,9
12578,6,3
6149,3,6
5759,6,1
895,7,9
12002,9,10
13015,5,7
8439,6,6
12917,9,7
9325,3,2
6371,3,6
9104,5,2
10180,9,10
7251,3,6
4020,2,1
10666,9,10
4110,10,1
11059,9,10
7025,5,6
11952,9,10
3294,2,1
7183,6,6
101,7,9
3315,10,1
7357,6,6
12421,1,3
6193,3,6
2691,5,9
9705,5,2
1343,7,9
7244,8,6
12609,6,3
394,5,9
660,7,9
9645,1,2
2007,7,9
2509,6,9
5734,2,1
9445,10,2
9478,10,2
9258,1,2
6067,6,1
5674,5,1
9723,6,2
5080,10,1
11401,5,10
5936,6,1
4609,2,1
3975,0,1
1871,0,9
6458,8,6
6583,2,6
9754,1,2
5112,10,1
633,6,9
9238,1,2
9820,5,2
317,7,9
0,5,9
3484,10,1
5895,2,1
8440,2,6
917,0,9
4762,0,1
6808,8,6
8279,5,6
4821,2,1
4394,2,1
9359,5,2
2361,0,9
1115,7,9
4367,2,1
12119,1,3
1569,0,9
12361,1,3
8545,6,6
5159,0,1
7666,7,6
11606,5,10
141,6,9
11764,9,10
968,0,9
311,7,9
13004,5,7
6830,5,6
6504,5,6
2580,5,9
8718,6,2
1723,0,9
409,6,9
11820,6,10
2611,6,9
12045,1,10
1629,6,9
4540,10,1
1507,0,9
8645,10,2
7266,3,6
10873,9,10
1327,0,9
1448,7,9
12226,1,3
4408,6,5
10288,6,10
1467,10,9
10662,9,10
4194,10,1
6964,8,6
1510,0,9
9130,7,2
10198,9,10
642,0,9
12698,1,8
6751,10,6
3271,10,1
6595,3,6
11996,5,10
4740,10,1
9388,10,2
10319,9,10
6000,6,1
3915,7,1
1076,0,9
9483,10,2
3421,10,1
4584,10,1
9669,7,2
9715,5,2
3335,0,4
5341,2,1
6767,3,6
4763,2,1
5375,2,1
5912,10,1
1516,0,9
7325,3,6
7683,6,6
7001,3,6
12747,1,8
2686,6,9
2179,7,9
6059,2,1
3288,10,1
12103,1,3
6377,6,6
11399,9,10
5170,10,1
4897,2,1
3671,2,1
1932,6,9
2544,6,9
2042,7,9
3553,2,1
8903,3,2
12302,1,3
8290,5,6
2684,2,9
12633,6,8
2053,6,9
4575,2,1
7686,3,6
2727,6,9
9712,5,2
8786,10,2
11641,9,10
1590,0,9
9739,6,2
6851,6,6
6855,6,6
1966,7,9
7793,6,6
6342,6,6
3531,2,1
6906,6,6
10735,4,10
10629,9,10
4879,2,1
9440,10,2
6554,3,6
9129,1,2
3924,2,1
10062,9,10
777,7,9
181,6,9
1857,5,9
740,7,9
12920,1,7
6683,8,6
3210,0,4
11172,9,10
3776,2,1
4912,0,1
6379,3,6
8800,1,2
10897,9,10
12690,1,8
8738,1,2
3905,2,1
6991,5,6
4979,6,1
9270,6,2
10150,1,10
3756,10,1
966,0,9
2954,2,4
11911,1,10
6634,3,6
1021,0,9
244,7,9
3618,10,1
6996,3,6
5271,0,1
6928,5,6
2923,5,4
1377,5,9
4277,6,1
11204,9,10
9809,5,2
7462,3,6
11029,9,10
6304,3,6
1541,7,9
10931,7,10
11728,9,10
11224,9,10
8961,3,2
8071,6,6
8925,6,2
10509,9,10
2028,0,9
6676,8,6
11434,9,10
1506,7,9
10719,9,10
10865,1,10
11503,1,10
7019,8,6
13010,5,7
8552,3,6
12849,7,7
12761,1,8
3044,2,1
8263,2,6
3065,0,1
11772,5,10
1035,0,9
4217,2,1
630,6,9
6172,8,6
3680,6,1
5589,5,1
6790,5,6
7572,6,6
1379,7,9
9100,5,2
9802,5,2
1913,6,9
3569,6,1
4658,0,1
10798,9,10
2587,7,9
8572,8,6
4399,6,5
973,0,9
11895,7,10
12518,9,3
641,7,9
10002,9,10
1313,0,9
2711,10,9
10695,9,10
1402,5,9
8592,6,6
21,2,9
3951,10,1
3147,10,0
8413,6,6
6339,3,6
1064,0,9
1741,0,9
7949,3,6
9665,6,2
1958,0,9
12081,1,3
12776,1,8
9971,0,2
9190,2,2
4671,10,1
5963,5,1
8159,10,6
11352,1,10
7262,3,6
3162,2,1
4451,10,1
11256,9,10
5757,10,1
11100,5,10
5673,5,1
12329,1,3
3236,0,4
2006,6,9
5989,10,1
11826,9,10
7345,0,6
961,0,9
8517,8,6
2659,10,9
8053,3,6
1557,10,9
4864,10,1
7878,8,6
12204,1,3
392,5,9
3791,0,1
3312,0,4
1013,0,9
11852,1,10
211,6,9
7713,8,6
870,0,9
3174,10,1
1776,0,9
8971,3,2
7667,6,6
11039,9,10
10291,9,10
612,6,9
945,0,9
11811,1,10
11657,6,10
10259,6,10
10449,9,10
7331,6,6
6642,8,6
3443,2,1
4574,10,1
1127,7,9
9963,3,2
9367,6,2
9487,6,2
1314,0,9
9727,10,2
7386,8,6
13001,9,7
9239,0,2
5367,0,1
6871,3,6
724,0,9
12509,6,3
7749,8,6
1311,0,9
12307,5,3
604,6,9
659,5,9
8326,6,6
8573,8,6
4007,2,1
10874,1,10
1746,0,9
2282,6,9
9069,3,2
1954,10,9
12235,9,3
11933,1,10
11890,4,10
12731,9,8
5233,2,1
8512,5,6
8027,3,6
6566,0,6
7126,6,6
3472,2,1
8131,6,6
1553,7,9
8419,3,6
6008,2,1
5540,6,1
3108,10,1
319,6,9
4252,0,1
1122,5,9
9945,10,2
11161,5,10
5848,10,1
4666,2,1
1124,5,9
6962,3,6
4335,0,1
12266,1,3
3314,0,4
2165,7,9
4307,10,0
4529,0,1
2216,7,9
7755,5,6
7334,6,6
3685,6,1
7573,6,6
12883,1,7
10766,9,10
12714,1,8
5453,10,1
5046,0,1
7143,6,6
10578,9,10
3306,10,1
2669,6,9
9493,10,2
8656,1,2
9142,10,2
8282,5,6
8237,5,6
10145,5,10
5626,5,0
8525,2,6
10730,9,10
8870,7,2
4846,2,1
12765,1,8
5430,2,1
4569,0,1
5574,2,1
6608,0,6
11445,9,10
828,7,9
1868,0,9
4849,2,1
9518,6,2
10942,1,10
10491,9,10
337,5,9
11987,9,10
9170,7,2
11143,7,10
12664,5,8
9298,6,2
11102,9,10
5081,2,1
10108,9,10
5074,2,1
332,4,9
12385,1,3
4045,0,1
5030,2,1
12163,5,3
1615,10,9
7384,5,6
12767,1,8
10933,5,10
3033,10,1
4495,10,1
550,6,9
4664,0,1
7095,3,6
1176,7,9
9417,10,2
128,7,9
452,7,9
8859,0,2
12012,9,10
10399,1,10
7833,7,6
225,7,9
703,6,9
7117,6,6
10648,9,10
9724,1,2
1306,0,9
8811,10,2
7563,3,6
9496,1,2
12985,5,7
4167,2,1
10841,9,10
2949,2,4
12085,9,3
5510,10,1
12058,9,10
1008,0,9
8543,8,6
4111,2,1
12207,1,3
7596,5,6
12738,1,8
4901,10,1
754,6,9
943,0,9
3920,2,1
9338,6,2
4619,0,1
8851,1,2
8233,3,6
2858,10,4
11873,1,10
8980,7,2
741,0,9
2265,0,9
10997,9,10
6132,8,6
8533,8,6
10644,9,10
1295,0,9
7339,6,6
10839,9,10
2236,0,9
9177,1,2
1782,0,9
9093,6,2
6948,3,6
7919,5,6
8548,5,6
8167,5,6
6254,3,6
1431,5,9
12,10,9
6703,3,6
4239,6,1
10191,9,10
824,10,9
11926,6,10
1909,0,9
1879,0,9
4902,2,1
9078,1,2
5704,2,1
5135,2,1
3745,0,1
1703,0,9
7652,3,6
10681,1,10
4119,2,1
9984,5,10
12030,1,10
11827,6,10
10972,5,10
5487,10,1
4264,2,1
1428,7,9
9697,1,2
5506,6,1
3765,2,1
8616,6,6
7346,6,6
10314,9,10
12067,1,3
9365,8,2
12414,1,3
7187,8,6
834,6,9
5194,0,1
1801,7,9
1040,0,9
827,5,9
7771,5,6
3639,10,1
6712,10,6
3528,7,1
10438,9,10
616,6,9
12054,9,10
10561,9,10
10988,9,10
11509,9,10
8816,0,2
555,6,9
7892,7,6
11862,1,10
2782,6,9
12764,9,8
11611,5,10
6827,5,6
990,0,9
9959,10,2
9122,3,2
11650,5,10
2704,5,9
6989,3,6
12835,5,8
11272,1,10
3701,10,1
8820,10,2
9775,2,2
6284,6,6
2607,6,9
7470,6,6
197,6,9
760,7,9
2516,6,9
12606,1,3
4422,2,1
400,7,9
2277,6,9
10499,7,10
2114,5,9
6544,3,6
2927,10,1
12644,5,8
6216,6,6
11187,9,10
7382,8,6
12485,1,3
9255,7,2
75,6,9
9416,3,2
3887,2,1
350,7,9
3719,10,1
6130,6,6
9457,6,2
11658,1,10
6135,6,6
1358,7,9
11463,1,10
6867,5,6
3350,0,1
3962,2,1
7864,8,6
6366,5,6
5134,10,1
12440,1,3
7129,3,6
8311,5,6
2440,0,9
7974,6,6
7066,8,6
11497,9,10
6954,5,6
1030,0,9
5276,10,0
5675,10,1
8049,5,6
2873,10,4
3613,10,1
3720,2,5
803,7,9
3291,2,1
1465,7,9
8604,5,6
1225,0,9
2079,0,9
4218,2,1
4820,2,1
12396,1,3
12071,1,3
12713,1,8
12349,1,3
2599,5,9
5721,6,1
12541,1,3
9943,5,2
12476,1,3
6382,3,6
4083,2,1
266,5,9
7995,8,6
5110,10,1
8209,8,6
2306,7,9
5366,2,1
3378,10,4
6923,5,6
3475,2,1
11121,9,10
4050,2,1
6520,8,6
6833,3,6
7525,5,6
9830,7,2
12187,1,3
2708,7,9
11734,9,10
8561,6,6
11450,1,10
12856,1,7
7857,5,6
5221,2,1
145,6,9
11591,6,10
4553,0,0
436,6,9
5229,0,5
6913,5,6
6951,8,6
4286,10,1
1413,7,9
11252,9,10
9863,5,2
3740,10,1
9151,3,2
1418,0,9
9456,4,2
3880,2,1
230,7,9
5000,10,1
6924,5,6
10256,6,10
9746,6,2
11782,5,10
992,0,9
6721,8,6
12377,1,3
12511,9,3
3638,10,1
9216,0,2
3209,0,4
9995,9,10
13026,6,7
9980,0,2
12131,9,3
213,6,9
7039,6,6
2385,0,9
1430,7,9
2901,2,1
2107,6,9
1601,6,9
6845,5,6
768,7,9
9075,4,2
7451,3,6
9504,10,2
11567,9,10
10838,9,10
8957,0,2
12133,1,3
2746,5,9
6940,7,6
2283,0,9
4939,2,1
4728,2,1
879,9,9
9221,3,2
6035,2,1
10116,1,10
4894,0,1
6177,6,6
4578,10,1
10475,9,10
3375,10,1
7888,6,6
2842,7,1
10237,9,10
1449,10,9
8187,5,6
11001,9,10
11704,5,10
832,0,9
12153,9,3
6576,0,6
8999,4,2
5106,2,1
12956,5,7
2944,6,1
7941,3,6
2963,2,4
648,2,9
12355,1,3
2027,0,9
11228,6,10
8546,8,6
3961,0,1
9636,6,2
2278,0,9
5373,10,1
2731,7,9
4334,2,1
3878,10,1
30,5,9
9615,7,2
6731,6,6
7220,3,6
1820,7,9
5744,2,1
10045,9,10
3898,2,1
12617,5,3
3721,5,1
4160,10,1
2860,10,4
5969,6,1
6704,0,6
4771,2,1
12884,9,7
10835,9,10
7005,0,6
4359,2,1
8769,5,2
2690,6,9
12918,6,7
6111,2,1
5638,2,1
4207,10,1
2457,6,9
7576,3,6
6229,8,6
1367,7,9
8920,1,2
6005,2,1
2786,7,9
11881,5,10
11529,9,10
12646,5,8
120,7,9
3703,10,1
12255,1,3
1102,7,9
2339,6,9
9196,5,2
12423,1,3
8142,5,6
10741,9,10
2476,5,9
5245,10,1
3741,10,1
6892,5,6
5139,2,1
3780,10,1
8969,3,2
6542,8,6
1153,0,9
8577,8,6
1972,0,9
331,6,9
12493,5,3
8899,3,2
12299,1,3
5965,6,1
11785,5,10
8584,5,6
1347,0,9
5566,10,1
3856,10,1
1675,0,9
2451,10,9
9703,6,2
7424,6,6
523,7,9
4129,10,1
1729,7,9
7162,5,6
4246,2,1
2266,0,9
7327,6,6
5702,2,1
9458,6,2
12965,9,7
8215,6,6
7922,5,6
8016,8,6
1742,0,9
3157,0,1
3578,6,1
6609,8,6
2737,10,9
282,6,9
949,7,9
12003,9,10
7349,0,6
6258,8,6
515,6,9
6352,3,6
3867,5,1
12941,5,7
3955,2,1
6665,0,6
6189,10,6
3474,2,1
7660,3,6
3936,2,1
4142,10,1
3038,10,1
9651,6,2
9589,6,2
6922,5,6
9290,5,2
3278,10,4
9192,3,2
7915,8,6
2324,6,9
9019,1,2
3179,10,1
7200,6,6
7585,6,6
5921,2,1
2020,0,9
4837,2,1
9043,6,2
5368,10,1
4962,0,1
1096,7,9
1564,0,9
10906,0,10
11042,1,10
11768,5,10
858,5,9
12374,3,3
6839,3,6
6308,7,6
1866,7,9
10302,5,10
1221,7,9
4900,0,1
3849,10,1
7208,8,6
7197,10,6
6076,2,1
1659,6,9
9491,6,2
1589,0,9
940,0,9
11754,9,10
4240,2,1
4150,2,1
5750,10,1
766,7,9
2692,6,9
4876,5,1
11937,5,10
4580,2,1
3071,10,1
10025,9,10
12677,5,8
10456,5,10
9454,4,2
2066,0,9
8074,5,6
11675,1,10
8009,8,6
7595,6,6
10432,9,10
8764,10,2
10697,0,10
600,6,9
4835,0,1
1477,6,9
6669,0,6
7393,8,6
4637,2,1
3025,2,1
12931,5,7
8726,1,2
5442,10,1
10111,9,10
12042,5,10
1172,0,9
2555,6,9
6098,10,1
802,7,9
5742,10,1
11949,5,10
4412,7,1
6518,8,6
5634,2,1
12927,1,7
10912,9,10
4630,2,1
8089,5,6
3535,10,1
6110,5,0
2276,6,9
10009,9,10
6536,7,6
6143,5,6
10158,1,10
12998,5,7
5452,6,1
4546,2,1
4838,2,1
11347,9,10
1524,0,9
3622,2,1
7083,8,6
5212,10,1
5057,2,1
11241,5,10
298,6,9
5045,0,0
7723,8,6
8740,1,2
9529,6,2
9789,5,2
10744,9,10
7376,6,6
4742,10,1
12305,1,3
2181,0,9
7998,7,6
5783,2,1
10226,1,10
11707,5,10
11585,1,10
5869,6,1
5639,7,1
2560,6,9
11028,9,10
5879,2,1
10488,9,10
6791,5,6
3600,10,1
6185,6,6
8169,7,6
11032,9,10
9114,3,2
2950,2,4
5864,10,1
930,0,9
7561,6,6
6058,2,1
9409,10,2
6050,2,1
7530,5,6
769,7,9
1228,7,9
9917,6,2
9626,5,2
1811,4,9
11075,9,10
6787,5,6
4071,2,1
7072,3,6
4776,2,1
12365,1,3
9164,1,2
7421,6,6
6401,6,6
6574,6,6
10799,9,10
818,10,9
3916,10,1
5469,2,1
5391,10,0
4539,10,1
8188,5,6
2375,7,9
3164,0,0
1196,0,9
78,5,9
4947,0,1
3781,2,1
4168,2,1
7903,10,6
3965,10,1
10862,0,10
9117,6,2
10821,9,10
1425,7,9
5308,2,1
11899,7,10
2559,6,9
8902,5,2
4965,2,1
8070,5,6
9131,5,2
6719,8,6
11506,9,10
4062,2,1
10057,9,10
4136,10,1
3115,10,1
4969,2,1
1417,7,9
6596,0,6
10262,6,10
1057,0,9
4788,0,1
1791,0,9
11894,6,10
9041,5,2
999,0,9
10393,9,10
7330,6,6
9231,5,2
9749,1,2
3683,10,1
773,7,9
8528,6,6
5923,2,1
8334,6,6
8424,6,6
37,10,9
1440,10,9
12706,1,8
8705,6,2
10774,9,10
9852,1,2
897,0,9
12559,5,3
9364,5,2
7472,8,6
2311,7,9
3123,10,4
5941,2,1
250,7,9
9292,6,2
7797,5,6
258,5,9
2119,0,9
2270,6,9
6874,8,6
6108,2,1
5615,2,1
12701,1,8
591,7,9
221,6,9
2048,6,9
8978,1,2
4944,2,1
3244,0,4
2549,6,9
4063,2,1
6060,6,1
1089,7,9
8905,1,2
6771,2,6
6831,8,6
432,6,9
10819,9,10
4400,2,0
3467,6,1
3247,0,4
9332,3,2
6119,5,6
696,5,9
495,7,9
11019,1,10
4736,5,1
4082,2,1
4479,2,1
7468,3,6
12619,5,3
11712,1,10
1486,0,9
10012,1,10
1563,0,9
6238,3,6
10212,1,10
6884,6,6
614,6,9
1209,7,9
11203,1,10
8678,1,2
7202,6,6
10296,9,10
4783,2,1
3064,10,1
11644,2,10
12772,1,8
11112,5,10
5120,0,1
9034,5,2
11094,9,10
138,7,9
7206,7,6
10275,1,10
8151,6,6
9815,5,2
4428,2,1
2854,6,4
6728,6,6
7091,6,6
8638,4,2
1043,0,9
6354,6,6
8173,10,6
1976,0,9
6007,2,1
12862,1,7
102,7,9
1144,7,9
527,0,9
3730,10,1
4620,2,1
4471,0,1
5324,0,1
8443,3,6
10777,1,10
12001,9,10
10953,9,10
12390,9,3
3341,10,1
1017,0,9
10044,9,10
4374,2,1
12933,5,7
5205,10,1
7694,6,6
12940,5,7
4911,0,1
8283,6,6
12878,9,7
11814,9,10
8984,0,2
833,0,9
9544,3,2
11333,9,10
9157,0,2
5478,2,0
4847,0,1
5531,10,1
1529,0,9
12755,1,8
3918,6,1
9049,6,2
5812,2,1
11840,9,10
11471,5,10
5070,2,1
7895,5,6
4682,5,0
11552,1,10
1784,0,9
5798,10,1
5804,10,1
1074,10,9
10817,9,10
11405,9,10
4107,2,1
505,6,9
8663,5,2
236,10,9
8118,3,6
444,6,9
3283,0,1
4488,2,1
8985,6,2
5882,6,1
10699,9,10
3478,10,1
8320,6,6
1092,0,9
12569,5,3
7115,8,6
5548,2,1
8483,5,6
6001,5,1
7092,8,6
7501,6,6
68,5,9
9938,6,2
1940,6,9
7734,8,6
8429,5,6
11326,6,10
12201,1,3
7518,3,6
8067,5,6
1462,7,9
5410,6,1
7812,5,6
3763,2,1
9865,5,2
4401,10,1
10131,1,10
841,6,9
2071,0,9
3255,0,4
9895,10,2
9574,2,2
10211,1,10
7589,3,6
10852,1,10
11199,9,10
1556,7,9
10755,1,10
2706,7,9
5476,2,1
1678,7,9
11207,0,10
343,7,9
3766,2,1
7725,8,6
8272,8,6
1698,0,9
672,6,9
11809,6,10
4657,10,1
6798,7,6
10980,9,10
8412,8,6
10477,9,10
964,0,9
2521,6,9
2670,7,9
3205,2,1
5932,6,1
2685,6,9
2849,10,4
2527,6,9
12311,5,3
12803,1,8
1550,7,9
9057,10,2
3705,7,1
772,7,9
9386,6,2
8037,5,6
9296,3,2
9210,6,2
4151,2,1
4857,2,1
2067,4,9
1328,0,9
4048,0,1
4614,6,1
7701,7,6
11773,5,10
898,7,9
7454,5,6
6249,6,6
10069,1,10
11898,6,10
2250,6,9
1627,6,9
10065,1,10
12342,9,3
3232,0,4
1215,7,9
3722,10,1
6398,0,6
5716,6,1
12661,1,8
8057,5,6
9771,2,2
11442,9,10
7790,3,6
3645,10,1
10512,9,10
10327,9,10
59,6,9
6578,8,6
10803,1,10
928,10,9
2208,6,9
5033,10,1
9573,7,1
1301,0,9
8581,3,6
2887,10,1
8307,6,6
6688,8,6
3300,2,1
8024,8,6
4931,6,1
325,7,9
11269,5,10
5992,6,1
6061,10,1
1813,6,9
2075,7,9
12472,1,3
8547,6,6
6545,8,6
2775,6,9
2036,7,9
4828,0,1
355,6,9
4987,10,1
10745,1,10
6743,6,6
11343,1,10
168,10,9
11664,5,10
6489,6,6
10511,5,10
7265,6,6
538,5,9
9082,5,2
12600,1,3
1396,7,9
11082,9,10
10536,9,10
10882,9,10
8274,5,6
3402,10,1
9670,5,2
4805,2,1
6503,0,6
11838,9,10
8398,5,6
11243,9,10
10625,9,10
4573,2,1
9310,3,2
1047,0,9
9341,6,2
6203,8,6
12565,5,3
11845,9,10
12442,1,3
5789,2,1
11483,9,10
7099,6,6
9276,5,2
12175,9,3
4824,0,1
5729,5,1
4774,0,1
9824,10,2
3662,6,1
1762,7,9
12077,9,3
328,7,9
9390,5,2
3564,2,1
9119,3,2
9798,5,2
8730,5,2
8174,6,6
12079,1,3
6570,8,6
6300,6,6
6604,3,6
4538,10,1
11633,6,10
9643,3,2
11271,1,10
1049,0,9
9502,3,2
10830,9,10
12178,1,3
9068,0,2
2499,5,9
11595,5,10
6921,0,6
12267,1,3
11914,1,10
3223,0,4
11514,9,10
10032,9,10
1992,3,9
11790,5,10
8052,5,6
10315,9,10
136,7,9
12876,9,7
3145,10,1
977,0,9
7010,0,6
2550,7,9
2424,6,9
453,7,9
9639,3,2
10516,9,10
9242,10,2
11822,9,10
12447,1,3
8831,10,2
6279,6,6
4989,10,1
595,7,9
1527,0,9
12834,1,8
3099,0,0
5262,0,1
1567,0,9
11361,9,10
7471,6,6
5475,2,1
2519,6,9
11331,9,10
8686,3,2
7750,8,6
5695,2,1
11645,1,10
1316,0,9
10801,1,10
6905,6,6
1689,0,9
5669,2,1
7890,7,6
1023,0,9
4641,2,1
10952,9,10
8713,1,2
2856,6,1
2524,6,9
994,0,9
1707,0,9
2757,6,9
6391,5,6
9628,5,2
11560,9,10
3404,6,4
11576,1,10
12253,1,3
610,7,9
9678,3,2
6341,3,6
11122,9,10
8362,8,6
340,5,9
3947,2,1
378,6,9
4285,2,1
3094,2,1
1371,7,9
6823,6,6
4631,10,1
4228,2,1
7086,3,6
5708,2,1
920,0,9
12294,1,3
1547,7,9
10969,5,10
6897,5,6
3121,10,4
11533,1,10
12033,9,10
3937,2,1
3616,10,1
454,6,9
9595,7,2
4709,10,1
5162,2,1
11798,5,10
8869,10,2
6633,0,6
7538,6,6
3183,10,1
6560,3,6
1108,7,9
28,6,9
11883,9,10
5153,2,1
8955,10,2
100,6,9
3545,10,1
4330,2,1
7599,6,6
6639,2,6
6276,5,6
2940,10,1
10080,1,10
11891,4,10
132,7,9
6338,8,6
12231,9,3
941,0,9
7075,6,6
11078,0,10
1238,7,9
6768,2,6
8205,3,6
4247,10,1
5983,2,1
780,7,9
1566,0,9
3650,10,1
5365,0,1
11368,9,10
10754,4,10
8260,5,6
12197,1,3
7928,7,6
4231,10,1
1218,10,9
4875,2,1
8017,8,6
10128,6,10
1401,6,9
12265,1,3
11769,5,10
2353,7,9
7130,5,6
6770,3,6
727,5,9
4734,2,1
4992,10,0
10746,1,10
11084,9,10
507,6,9
12843,1,8
9960,5,2
6488,7,6
4043,2,1
4803,0,1
5040,0,1
10590,5,10
5357,2,1
679,2,9
6088,10,1
8779,6,2
11270,7,10
11248,2,10
1197,7,9
1009,0,9
