sample_index,cluster,true_label
4756,5,1
8446,2,6
3413,3,4
2973,5,1
1985,10,9
8515,0,6
3735,5,1
10224,8,10
9964,0,2
12966,1,7
5094,5,1
8190,0,6
11676,0,10
485,0,9
5838,7,1
8649,10,2
4790,4,1
8885,3,2
7519,10,6
2372,0,9
9500,6,2
1991,10,9
12791,1,8
380,10,9
9397,0,2
148,5,9
10181,8,10
11428,9,10
12346,1,3
3132,7,1
10945,8,10
6709,3,6
472,10,9
3408,4,4
3851,5,1
11648,0,10
7697,5,6
2170,10,9
2371,0,9
6109,4,1
10483,8,10
10184,8,10
3024,5,1
5887,4,1
5862,4,1
3798,4,1
12726,1,8
5472,5,1
12921,0,7
9303,10,2
1453,3,9
1637,0,9
3606,4,1
9489,3,2
11740,0,10
12268,1,3
8838,10,2
708,0,9
2057,10,9
5619,7,1
1639,10,9
2485,10,9
10571,9,10
3487,7,1
7168,2,6
10409,8,10
12459,0,3
5810,4,1
10710,9,10
6581,0,6
7714,10,6
3495,4,1
11939,9,10
4037,7,1
3839,0,1
12817,1,8
1478,3,9
6482,10,6
7390,10,6
8681,0,2
12573,1,3
6990,0,6
9509,4,2
2314,3,9
3139,3,1
1024,10,9
6652,10,6
12022,1,10
10473,9,10
8866,6,2
7547,10,6
1768,10,9
12893,0,7
1056,10,9
471,0,9
11923,7,10
11687,0,10
468,10,9
4644,7,1
7318,2,6
1086,10,9
7994,10,6
4017,7,1
565,10,9
2051,10,9
10132,1,10
13014,1,7
10038,8,10
2045,10,9
10200,8,10
8018,2,6
3900,7,1
838,10,9
6949,2,6
1514,3,9
3903,7,1
7816,10,6
9695,0,2
11759,0,10
3897,7,1
11546,1,10
10659,9,10
2545,10,9
1216,3,9
10836,9,10
9053,0,2
6054,5,1
253,10,9
4618,7,1
5188,7,1
5806,5,1
2885,4,4
7397,2,6
1986,5,9
9822,10,2
12097,1,3
3509,3,1
590,10,9
10119,8,10
10356,9,10
3923,7,1
6509,10,6
10526,8,10
3889,4,1
4561,5,1
9744,0,2
3397,4,4
7582,10,6
685,10,9
6255,2,6
1290,10,9
6426,0,6
156,10,9
8556,2,6
8026,0,6
6569,2,6
12576,0,3
10344,8,10
12130,9,3
10673,0,10
12797,1,8
10843,8,10
9158,6,2
12195,1,3
12383,1,3
11896,10,10
5223,7,1
5240,4,1
4175,7,1
12892,0,7
4811,4,1
11395,9,10
4372,7,0
3190,5,1
9890,5,2
3687,5,1
2123,0,9
10215,1,10
219,0,9
6615,10,6
878,10,9
9622,0,2
4299,5,1
4705,5,1
322,3,9
2515,0,9
6049,7,1
4078,5,1
11954,9,10
11929,10,10
7810,7,6
7687,0,6
8005,2,6
9522,6,2
39,0,9
10091,8,10
11698,0,10
5290,7,1
5325,5,1
1708,10,9
9307,0,2
1505,10,9
3399,3,1
7511,0,6
537,0,9
9165,3,2
12539,0,3
4629,7,1
9278,0,2
2730,10,9
2875,5,4
11005,8,10
10522,9,10
371,10,9
2370,10,9
4597,7,1
636,10,9
12873,1,7
497,3,9
11485,9,10
12389,1,3
3935,7,1
575,3,9
7249,0,6
10306,8,10
1808,0,9
2651,0,9
5363,0,0
2556,5,9
12679,0,8
1908,10,9
1915,10,9
135,10,9
2082,10,9
5596,0,0
11566,9,10
9083,0,2
4785,7,1
6678,0,6
73,0,9
3542,7,1
8206,0,6
8842,6,2
4297,7,1
3435,7,1
6586,3,6
12894,1,7
7939,6,6
6585,3,6
1959,10,9
5343,5,1
3627,5,1
5878,7,1
5972,10,0
10793,8,10
9434,5,2
9375,1,2
11482,8,10
8452,4,6
6857,5,6
1484,10,9
9901,0,2
11226,9,10
3152,5,1
11303,8,10
3852,5,1
12671,0,8
1419,3,9
3420,10,4
4143,7,1
7280,0,6
7960,3,6
3135,4,1
670,10,9
5898,10,1
455,10,9
8100,0,6
415,10,9
11487,9,10
9792,0,2
8963,10,2
5646,7,1
3727,5,1
12360,1,3
2325,10,9
10064,0,10
7485,10,6
2841,5,0
12158,9,3
4326,7,1
11685,0,10
10950,10,10
278,10,9
10580,8,10
4616,4,1
7351,10,6
11779,8,10
3388,3,4
6567,2,6
9009,5,2
12587,0,3
8162,0,6
5902,7,1
6662,2,6
7312,3,6
6187,2,6
8776,10,2
9281,10,2
2934,5,1
4602,4,1
8055,0,6
11652,0,10
9072,10,2
4712,0,1
6682,2,6
10560,9,10
12520,3,3
10230,8,10
1824,10,9
9050,10,2
12437,0,3
2380,10,9
10842,8,10
7668,10,6
6480,2,6
1925,3,9
8048,0,6
11720,1,10
1508,10,9
12748,1,8
9005,6,2
1631,5,9
419,0,9
9406,6,2
2947,10,4
7736,10,6
5719,3,1
7774,3,6
11571,0,10
11667,0,10
10665,9,10
12025,0,10
10401,8,10
9425,0,2
9480,6,2
1207,10,9
4565,0,0
8304,4,6
3993,0,1
5539,7,1
12953,1,7
9758,0,2
8359,10,6
6502,0,6
4381,4,1
364,10,9
5592,4,1
8921,6,2
8538,2,6
7430,10,6
10335,1,10
9314,10,2
1132,3,9
9426,10,2
11475,1,10
1922,10,9
8492,0,6
4283,7,1
5119,7,1
10534,8,10
3295,7,1
586,10,9
5381,7,1
5340,3,1
11440,9,10
9002,0,2
6537,2,6
10505,8,10
401,10,9
11236,9,10
3561,4,1
6096,4,1
3171,7,1
10586,9,10
131,10,9
9619,10,2
8780,0,2
3912,4,1
5028,4,1
6648,10,6
1525,10,9
5641,5,1
5319,4,1
4405,0,1
10020,10,10
2015,10,9
3450,7,1
2571,10,9
12912,0,7
8529,10,6
8218,10,6
7049,10,6
5899,5,1
12321,0,3
4066,7,1
277,10,9
4357,4,1
10776,8,10
3706,3,1
605,10,9
7601,10,6
12975,0,7
7988,2,6
1362,10,9
8165,2,6
3642,7,1
6133,2,6
2271,10,9
9363,10,2
11494,10,10
10439,9,10
3581,10,1
9600,6,2
7542,4,6
304,10,9
667,10,9
6785,3,6
3172,5,1
5655,4,1
9028,6,2
6890,2,6
12616,1,3
9253,10,2
734,0,9
9222,6,2
3268,5,1
10167,1,10
3203,3,4
11616,1,10
9219,3,2
10102,9,10
3904,3,1
10355,9,10
529,0,9
6301,3,6
11345,0,10
10489,9,10
8541,4,6
6027,4,1
9535,3,2
9994,1,10
5755,3,1
6493,2,6
3599,4,1
12439,0,3
174,0,9
1978,10,9
7670,10,6
7021,2,6
8702,4,2
7185,10,6
6677,2,6
2333,10,9
4683,10,0
869,0,9
12607,0,3
9204,10,2
4566,5,1
8689,6,2
8939,6,2
695,10,9
9936,6,2
6359,3,6
9780,3,2
5772,4,1
5096,5,1
3321,5,1
12395,9,3
7500,10,6
9274,10,2
3913,0,1
4198,5,1
6725,2,6
8585,0,6
11502,9,10
2462,3,9
6943,0,6
4796,3,1
11437,0,10
2058,10,9
5768,7,1
12964,9,7
457,10,9
5322,3,1
7240,10,6
12796,1,8
10783,1,10
8447,2,6
3634,4,1
2772,4,9
9761,10,2
3693,4,1
8846,6,2
439,10,9
6950,2,6
10951,8,10
11612,0,10
5831,5,1
7811,10,6
6760,0,6
7442,3,6
2038,10,9
9609,5,2
3505,3,1
2152,10,9
5385,5,1
3218,3,4
2528,0,9
9248,5,2
4027,7,1
9722,6,2
11821,10,10
4825,7,1
9927,10,2
11600,8,10
9592,6,2
1904,10,9
533,10,9
12498,0,3
2422,10,9
3303,5,1
9819,0,2
1694,10,9
1764,10,9
10008,9,10
3758,5,1
9092,10,2
1344,4,9
7821,0,6
10413,8,10
5990,5,1
9757,10,2
9877,0,2
5339,7,1
11498,9,10
6175,2,6
6664,2,6
1300,10,9
11113,10,10
1079,0,9
8503,2,6
229,10,9
5131,4,1
10885,9,10
3748,5,1
5093,5,1
147,5,9
4214,7,1
10804,8,10
3023,7,1
4368,7,1
5312,7,1
9477,5,2
8308,7,6
2540,10,9
10462,8,10
8523,10,6
133,10,9
12060,9,10
10631,9,10
9147,5,2
8449,2,6
9926,3,2
4636,3,1
5146,5,1
8111,0,6
7186,0,6
8225,0,6
2568,5,9
11115,8,10
2112,5,9
9694,6,2
12347,1,3
12278,9,3
8865,10,2
10346,9,10
10765,9,10
7309,2,6
9513,4,2
1235,10,9
7870,10,6
3700,5,1
267,4,9
12839,1,8
4192,0,1
12264,0,3
10703,0,10
12318,0,3
10133,1,10
11603,0,10
4305,3,1
9647,10,2
1642,10,9
7438,3,6
4628,5,1
856,10,9
192,5,9
4346,3,1
7841,0,6
10417,9,10
9182,6,2
3991,3,1
8732,0,2
4685,7,1
11589,1,10
2803,10,9
3568,5,1
8526,10,6
3173,5,1
10022,1,10
11797,10,10
9905,6,2
6231,10,6
12874,1,7
5279,7,1
6636,0,6
5474,5,1
9387,0,2
5449,4,1
5611,4,1
9061,0,2
3410,3,1
2676,10,9
7775,3,6
2783,0,9
3584,5,1
3195,5,1
10470,9,10
12808,1,8
4686,7,1
1690,0,9
8094,5,6
2667,10,9
7114,3,6
3690,5,1
4006,5,1
1638,10,9
810,10,9
8113,3,6
2472,0,9
11867,9,10
6866,6,6
2991,3,4
6801,0,6
3276,5,1
10978,0,10
1227,10,9
7363,2,6
8107,3,6
4662,7,1
10902,0,10
10543,9,10
8366,0,6
7153,0,6
7618,10,6
2634,10,9
8679,6,2
8564,10,6
8537,2,6
3256,5,1
836,10,9
7979,6,6
9054,0,2
10702,9,10
5636,4,1
1157,3,9
12828,0,8
10664,9,10
2480,10,9
12005,8,10
7731,2,6
10921,8,10
8485,0,6
1183,3,9
349,10,9
459,10,9
5036,4,1
7225,10,6
12589,10,3
3549,10,1
5015,7,1
2682,5,9
7698,0,6
3043,7,1
7981,2,6
12898,0,7
1965,10,9
162,5,9
3473,7,1
11346,0,10
6985,2,6
11125,9,10
1340,10,9
735,0,9
2598,10,9
10701,0,10
4923,4,1
3059,5,4
11360,0,10
7322,3,6
1536,10,9
11649,1,10
2219,10,9
10775,8,10
8455,0,6
438,10,9
8275,0,6
2101,10,9
5072,5,1
284,10,9
1650,10,9
2926,4,4
11070,10,10
983,3,9
3598,4,1
5536,4,1
8381,0,6
4349,4,1
11404,8,10
9772,6,2
6116,0,6
7465,3,6
11680,8,10
9935,4,2
11137,8,10
12620,1,3
4414,4,1
5023,0,0
6476,10,6
2044,10,9
2936,5,1
8465,6,6
823,5,9
6932,0,6
3510,5,1
12180,1,3
3970,7,1
3107,7,1
5826,3,1
9683,10,2
8927,10,2
915,10,9
7957,10,6
10866,10,10
11419,9,10
4556,7,1
238,0,9
12032,9,10
1369,10,9
12901,1,7
6590,7,6
4243,4,1
8639,2,2
271,10,9
1946,5,9
3885,0,1
5688,3,1
10440,9,10
2213,10,9
1020,10,9
680,10,9
10572,9,10
11484,9,10
3206,7,1
7787,0,6
9358,7,2
1906,10,9
2798,10,9
6190,5,6
6477,0,6
6127,3,6
4865,5,1
12552,1,3
6057,4,1
7077,10,6
2789,4,9
3653,4,1
1815,10,9
11344,0,10
4815,3,1
871,10,9
4593,3,1
3224,3,4
6750,3,6
9268,10,2
2895,3,4
5683,5,1
10565,9,10
2294,3,9
2900,3,4
2382,5,0
1749,0,9
10596,8,10
1140,3,9
1539,3,9
293,10,9
7305,10,6
6154,0,6
4193,5,1
10077,9,10
9333,0,2
11163,0,10
4251,4,1
1257,10,9
9702,4,2
7571,10,6
11921,9,10
3227,3,4
46,10,9
4212,10,1
7598,0,6
762,5,9
11892,10,10
3540,4,1
7441,10,6
4571,7,1
2203,10,9
2401,10,9
4087,7,1
3688,4,5
1836,5,9
12375,9,3
11168,9,10
7840,3,6
3196,3,1
10028,8,10
8014,2,6
9875,10,2
9541,6,2
11653,1,10
251,10,9
6908,3,6
8030,0,6
10965,9,10
10989,9,10
2620,10,9
8104,10,6
4056,7,1
10615,8,10
412,8,9
5569,0,1
7303,10,6
6014,5,1
9399,0,2
7566,3,6
12016,9,10
6538,0,6
3827,7,1
3433,10,1
7732,2,6
3163,5,1
6136,7,6
212,10,9
7685,10,6
7765,0,6
3125,10,1
5633,7,1
1121,10,9
10367,9,10
531,10,9
5884,5,1
9627,10,2
6850,3,6
10533,0,10
12127,1,3
2816,10,9
8630,2,6
1128,3,9
8614,2,6
11468,1,10
10101,9,10
191,5,9
6309,2,6
11721,1,10
10403,8,10
3620,5,1
526,5,9
2855,4,4
4668,7,1
5234,4,1
2286,10,9
320,0,9
10397,8,10
622,10,9
4327,7,1
11174,1,10
3715,4,1
9383,3,2
745,0,9
9844,6,2
2263,10,9
12866,1,7
1558,5,9
8759,6,2
2121,0,9
5333,5,1
7509,3,6
2037,10,9
3817,5,1
12387,1,3
9586,0,2
3874,5,1
4679,7,1
10437,9,10
6312,3,6
5092,5,1
11289,1,10
3153,5,1
5700,7,1
8613,3,6
9922,6,2
4954,4,1
1051,10,9
1399,5,9
6765,10,6
694,10,9
5861,7,1
9322,5,2
4541,3,1
5026,7,1
7204,10,6
12704,1,8
7211,10,6
5652,4,1
11848,0,10
2338,10,9
4350,7,1
9606,10,2
9329,10,2
5113,4,1
1100,10,9
6744,0,6
1251,10,9
9710,0,2
12075,1,3
1405,10,9
3330,5,1
8666,7,2
7648,3,6
12548,9,3
1636,0,9
9279,8,2
3456,3,1
3470,7,1
10035,8,10
12463,10,3
5799,0,0
6168,0,6
5919,3,1
5011,4,1
3010,4,1
1605,10,9
12478,1,3
6494,2,6
5913,0,0
103,10,9
274,10,9
10551,9,10
698,0,9
11337,1,10
9790,0,2
7612,0,6
3056,5,4
12545,1,3
4180,7,1
4655,4,1
2941,3,1
3489,7,1
2570,0,9
7911,7,6
12120,1,3
473,10,9
5470,5,1
1268,10,9
9947,6,2
9663,0,2
2867,10,4
7217,10,6
3960,4,1
8073,0,6
6685,2,6
1113,3,9
6862,0,6
10934,9,10
10691,9,10
6971,0,6
357,10,9
2214,10,9
7121,10,6
6173,0,6
1999,10,9
3609,5,1
6917,0,6
11334,0,10
9532,6,2
10998,8,10
11031,0,10
6470,0,6
7164,10,6
12306,9,3
4595,7,1
8441,10,6
10781,8,10
12181,1,3
11341,8,10
8408,10,6
4195,5,1
2896,3,4
2648,0,9
3089,3,4
8792,0,2
9920,0,2
9449,10,2
6261,2,6
553,10,9
1719,0,9
9840,10,2
8138,0,6
2145,10,9
12093,1,3
5395,7,1
12352,1,3
6702,3,6
209,10,9
10464,8,10
842,3,9
2909,5,1
7760,0,6
10646,8,10
1792,10,9
6319,2,6
6757,2,6
2011,10,9
629,10,9
12362,1,3
11317,0,10
12523,1,3
2001,10,9
8291,0,6
779,10,9
4118,5,1
12601,10,3
6305,0,6
7379,5,6
1166,10,9
12186,1,3
10448,8,10
11990,9,10
9446,10,2
12353,1,3
5529,4,1
11999,9,10
11394,9,10
7655,3,6
9188,10,2
5038,7,1
12554,1,3
6598,0,6
2498,0,9
7268,0,6
4964,7,1
1685,10,9
11364,9,10
7320,2,6
7388,10,6
10928,10,10
8402,10,6
366,10,9
4604,5,1
1304,10,9
720,10,9
9174,6,2
3614,3,1
2389,10,9
5767,7,1
2725,7,9
9058,4,2
2368,10,9
3338,5,1
3081,0,1
12889,0,7
7924,3,6
10948,10,10
4389,5,1
6510,10,6
3596,5,1
6348,2,6
3216,3,4
11,5,9
5738,5,1
4598,7,1
4123,7,1
6291,3,6
3097,5,4
9275,0,2
712,5,9
6010,5,1
8874,10,2
8296,2,6
3742,5,1
12773,10,8
1325,10,9
2660,10,9
2483,3,9
862,7,9
7644,10,6
3713,10,0
5711,3,1
8801,6,2
9997,1,10
10268,1,10
12348,1,3
9624,10,2
4103,5,1
3249,3,4
12674,1,8
2117,10,9
7722,10,6
4547,5,1
4122,7,1
12605,1,3
1656,10,9
11910,1,10
8534,2,6
4852,7,1
321,0,9
9666,0,2
7101,0,6
6019,7,1
9738,6,2
12968,1,7
7260,3,6
4315,7,1
1843,10,9
10715,0,10
11528,8,10
10126,0,10
9476,5,2
4867,5,1
4737,3,1
3438,4,1
6938,7,6
8569,2,6
1260,3,9
3462,4,1
11130,1,10
7696,0,6
2235,5,9
7332,10,6
2298,3,9
2258,10,9
1302,10,9
8896,1,2
7429,0,6
7319,2,6
11829,0,10
2358,10,9
4871,7,1
8823,6,2
11390,10,10
1783,10,9
2918,4,4
8753,6,2
1809,10,9
756,0,9
6805,0,6
3006,4,4
6876,10,6
3432,7,1
7395,2,6
2834,0,9
4438,5,1
1481,10,0
9304,6,2
8197,2,6
3061,5,4
339,8,9
4690,7,1
8725,3,2
4106,4,1
5161,0,0
10687,0,10
5101,7,1
5507,5,1
2212,10,9
2719,5,9
388,10,9
11920,10,10
5058,7,1
2990,4,4
11574,8,10
7199,3,6
8648,10,2
9017,5,2
6881,2,6
6336,10,6
891,10,9
12709,0,8
8627,10,6
8673,6,2
12939,0,7
4200,7,1
10724,9,10
12948,1,7
5261,5,1
11501,9,10
11013,8,10
4081,7,1
8276,0,6
11131,9,10
6735,3,6
8621,10,6
9957,10,2
654,10,9
3602,4,1
10266,1,10
2790,4,9
12191,1,3
1014,10,9
1874,0,9
4155,7,1
6842,2,6
6681,2,6
3607,3,1
5746,4,1
5927,3,1
7032,10,6
5207,5,1
2546,5,9
8092,10,6
6105,4,1
9205,10,2
2004,10,9
5962,4,1
3597,7,1
3424,7,1
207,0,9
9902,0,2
929,10,9
7615,3,6
1173,10,9
8411,2,6
4134,4,1
1982,10,9
6453,10,6
2889,3,4
7743,2,6
1289,10,9
1234,7,9
9713,6,2
11459,9,10
13016,9,7
3339,4,4
8758,0,2
12070,1,3
12117,1,3
51,7,9
4508,7,1
299,10,9
7853,0,6
2530,10,9
9324,0,2
4781,7,1
4759,7,1
8549,10,6
1259,10,9
2341,10,9
9552,10,2
3336,5,1
11179,8,10
1842,10,9
10118,8,10
4130,3,1
12301,9,3
12744,1,8
12134,1,3
9011,0,2
1450,10,9
10827,8,10
11302,9,10
5315,4,1
11062,8,10
9653,6,2
2722,3,9
11513,1,10
6103,4,1
8392,10,6
1692,0,9
796,10,9
7366,10,6
12198,1,3
10229,9,10
9287,4,2
3996,7,1
2132,10,9
11294,0,10
5971,7,1
5666,4,1
5259,4,1
10832,9,10
9073,6,2
8043,7,6
9590,10,2
6931,0,6
5562,7,1
6140,10,6
4976,7,1
8790,10,2
10773,9,10
1745,10,9
2449,10,9
2312,3,9
5718,7,1
4281,7,0
4934,5,0
11669,10,10
8632,0,6
1444,5,9
10791,1,10
825,10,9
909,0,9
10348,8,10
7973,3,6
12206,1,3
10307,8,10
10790,8,10
10347,1,10
308,10,9
3411,3,4
11134,9,10
10918,0,10
272,5,9
3629,3,1
6861,0,6
10458,1,10
10095,9,10
10925,9,10
6532,0,6
7166,10,6
9726,0,2
1950,10,9
6038,10,0
8085,0,6
1111,10,9
6695,0,6
11581,1,10
2031,10,9
2448,10,9
10515,8,10
2439,10,9
6794,0,6
9748,10,2
9572,5,2
5239,4,1
1434,10,9
12770,1,8
5495,5,1
1975,0,9
4994,3,1
3301,7,1
9335,10,2
5790,7,1
9928,4,2
10161,1,10
2640,10,9
665,10,9
2935,10,1
194,5,9
9745,0,2
1640,10,9
837,10,9
6322,3,6
4981,4,1
8498,2,6
11051,6,10
3340,7,1
11607,1,10
12296,1,3
12425,1,3
4149,7,1
1977,10,9
2552,4,9
11869,9,10
10705,9,10
6244,3,6
2285,10,9
2021,5,9
7798,0,6
7952,2,6
8704,4,2
8653,6,2
9620,6,2
10806,1,10
4419,7,1
2257,10,9
7273,10,6
5078,4,1
5414,5,1
11944,9,10
1353,10,9
2603,10,9
12753,1,8
1443,5,9
2454,0,9
2654,10,9
3823,4,1
6825,5,6
408,10,9
6727,3,6
4406,7,1
285,10,9
8360,10,6
8426,10,6
12368,9,3
12475,0,3
3544,4,1
2951,4,4
9618,6,2
6326,2,6
9536,4,2
10436,9,10
124,10,9
1025,10,9
8000,0,6
1454,10,9
6944,0,6
10494,9,10
26,0,9
215,10,9
97,10,9
9577,10,2
8850,0,2
4800,3,1
416,10,9
12786,1,8
5525,3,1
608,10,9
8527,0,6
9961,6,2
7675,0,6
3908,4,1
2070,4,9
10138,9,10
9603,0,2
12116,9,3
11749,0,10
3810,7,1
8285,10,6
6164,3,6
1785,10,9
2996,4,1
4166,7,1
5180,7,1
3188,5,1
7819,0,6
12105,1,3
9431,6,2
6979,10,6
1189,0,9
10011,9,10
11793,0,10
8121,10,6
6072,3,1
11609,0,10
3482,7,1
10216,10,10
2694,8,9
5541,4,1
1164,10,9
1753,10,9
2874,4,4
5359,7,1
4484,7,1
7912,4,6
10733,8,10
8352,2,6
8574,2,6
1070,10,9
8004,2,6
520,0,9
6816,0,6
7584,3,6
12577,1,3
10376,9,10
2187,5,9
10795,8,10
12445,0,3
1951,5,9
6934,0,6
9404,10,2
4521,7,1
3941,7,1
6988,10,6
11412,9,10
2713,10,9
10786,10,10
494,10,9
3180,5,1
946,5,9
12816,0,8
5659,4,1
3426,5,1
11177,1,10
1243,10,9
1970,0,9
9074,10,2
5594,7,1
13018,9,7
813,10,9
8770,0,2
11739,8,10
6125,10,6
5997,7,1
10140,9,10
2877,4,4
9737,6,2
7918,3,6
7433,10,6
3548,5,1
9394,10,2
2650,3,9
11461,9,10
9059,3,2
11795,0,10
11391,6,10
6691,2,6
4097,7,1
12847,1,8
5770,7,1
1715,10,9
76,0,9
1787,10,9
5018,7,1
5628,4,1
9450,5,2
1011,10,9
1898,7,9
12275,1,3
8991,10,2
1119,10,9
7830,10,6
8128,0,6
5544,5,1
6056,7,1
5283,5,1
2787,10,9
3921,5,1
1716,5,9
10087,8,10
4238,4,1
11227,9,10
10453,8,10
4450,5,1
5834,3,1
6278,3,6
3963,3,1
5489,4,1
1619,10,9
5830,5,1
9929,6,2
3491,4,1
686,10,9
12844,0,8
6251,0,6
8355,10,6
10905,0,10
6205,3,6
7897,3,6
1653,10,9
5192,4,1
5167,3,1
270,10,9
9743,0,2
10004,0,10
3746,4,1
6460,6,6
1911,10,9
3536,5,1
4268,10,1
11715,8,10
6879,2,6
6435,2,6
3460,4,1
11021,8,10
6313,10,6
9377,5,2
3150,4,4
1560,5,9
4284,7,1
7588,5,6
3060,5,4
4743,3,1
4936,7,1
10271,6,10
8519,2,6
4975,7,1
12627,1,3
10382,8,10
11624,0,10
9648,6,2
1206,10,9
2928,5,1
11978,8,10
9124,10,2
11960,8,10
3207,7,4
12319,1,3
9836,10,2
7498,10,6
9585,10,2
382,10,9
6197,2,6
8937,0,2
8301,10,6
7720,10,6
12642,0,8
1223,10,9
8421,10,1
12635,1,8
914,5,9
10860,1,10
9345,7,2
6930,0,6
10040,8,10
126,10,9
5197,0,1
12433,1,3
60,5,9
2489,0,9
10609,0,10
3452,7,1
9139,0,2
2084,0,9
5461,3,1
12408,1,3
5875,5,1
312,10,9
7457,2,6
3820,4,1
606,10,9
1704,10,9
5451,7,1
431,10,9
4591,7,1
3136,7,1
4937,3,1
10384,8,10
2906,5,1
8349,7,6
9795,6,2
9038,10,2
3275,5,1
5187,3,1
12179,1,3
4853,7,1
11159,8,10
3760,5,1
9215,0,2
7294,10,6
2997,7,1
6618,10,6
1608,10,9
5181,7,1
6080,4,1
9347,7,2
5255,3,1
5084,7,1
10272,6,10
8765,6,2
9843,5,2
7505,7,6
755,0,9
3771,5,1
3242,3,4
9861,10,2
2327,10,9
2977,4,4
6266,0,6
609,10,9
11543,1,10
2168,3,9
2505,0,9
8155,10,6
2638,10,9
5896,5,1
3390,5,1
7901,0,6
9295,6,2
11246,8,10
12768,9,8
5431,7,1
3370,4,1
1751,5,9
5567,4,1
5458,5,1
372,10,9
9784,4,2
978,10,9
2061,0,9
1317,10,9
12224,1,3
3944,10,1
1099,10,9
2738,0,9
1880,10,9
11229,1,10
1349,10,9
5888,7,1
4532,4,1
8472,10,6
10206,1,10
7141,3,6
7328,10,6
1603,10,9
3109,4,1
3040,5,1
6936,3,6
4872,4,1
1363,10,9
269,5,9
5930,4,1
11557,9,10
1869,10,9
8562,10,6
3521,4,1
11544,8,10
3541,5,1
2272,10,9
3826,7,1
1757,10,9
6237,3,6
1878,10,9
9137,10,2
7132,0,6
9910,10,2
3554,7,1
8582,10,6
8778,3,2
10548,9,10
4907,4,1
1599,10,9
11877,0,10
4018,7,1
7869,10,6
4289,7,1
1957,10,9
10015,0,10
224,10,9
11319,1,10
851,10,9
7562,3,6
8,7,9
11614,1,10
9328,6,2
18,7,9
3012,7,1
7699,0,6
11796,0,10
10392,9,10
10285,0,10
6630,3,6
12174,1,3
1495,0,9
7925,3,6
1476,10,9
5008,7,1
644,3,9
10026,9,10
6146,0,6
9040,10,2
6698,4,6
11907,1,10
12072,1,3
10563,9,10
12040,0,10
6474,2,6
9762,0,2
7945,0,6
9914,10,2
10529,8,10
1641,10,9
12086,0,3
12381,1,3
8437,0,6
11184,0,10
2769,0,9
10706,9,10
11200,9,10
6889,10,6
10900,0,10
71,0,9
12397,9,3
8458,2,6
3234,3,4
2109,10,9
9385,3,2
4850,7,1
5204,5,1
3654,5,1
406,10,9
10066,1,10
10679,1,10
10316,9,10
12891,1,7
10039,9,10
10056,1,10
8683,10,2
1475,0,9
10435,9,10
3749,7,1
9407,5,2
2597,5,9
7845,2,6
9630,10,2
396,0,9
8372,7,6
3485,5,1
11354,8,10
4943,7,1
771,5,9
2717,0,9
4074,4,1
9962,3,2
9156,1,2
4125,5,1
10239,8,10
9153,4,2
805,10,9
5,10,9
8194,6,6
12649,0,8
10063,1,10
4909,3,1
177,10,9
11602,1,10
6410,2,6
5778,4,1
6012,4,1
3395,3,4
2824,10,9
996,10,9
11467,8,10
4660,4,1
8297,2,6
10234,1,10
8123,3,6
7326,7,6
7641,3,6
7307,10,6
1409,10,9
12804,0,8
8743,0,2
1006,10,9
4607,3,1
10379,1,10
1542,3,9
2153,10,9
3500,4,1
9067,10,2
4185,3,1
137,10,9
9932,6,2
9793,0,2
9925,0,2
11480,8,10
8246,3,6
4310,7,1
12986,0,7
5952,7,1
11714,0,10
7544,0,6
9667,0,2
9414,10,2
855,10,9
1800,3,9
2795,10,9
12337,1,3
749,10,9
3074,7,1
1323,10,9
11332,9,10
3054,5,1
1188,0,9
7298,7,6
12156,1,3
12668,0,8
6800,5,6
3502,5,1
6708,0,6
6415,3,6
3037,4,1
4608,4,1
5440,5,1
12928,1,7
3053,7,1
11936,9,10
4104,5,1
3911,4,1
7064,2,6
1724,10,9
9439,6,2
5210,4,1
7154,2,6
717,10,9
3104,10,0
5264,5,1
9037,0,2
5129,7,1
9794,0,2
3527,7,1
11389,6,10
4225,5,1
9657,0,2
11349,0,10
10201,8,10
9823,3,2
2839,4,4
3494,4,1
3313,3,4
5004,7,1
11536,8,10
8622,2,6
5209,4,1
1773,10,9
11124,10,10
11753,0,10
11947,9,10
12604,0,3
8292,10,6
2788,5,9
32,0,9
11706,1,10
6065,10,1
2151,10,9
10183,8,10
1005,10,9
5097,5,1
3956,7,1
2016,5,9
8773,6,2
5928,7,1
7769,10,6
7913,10,6
886,0,9
7002,10,6
12270,1,3
42,10,9
8045,0,6
437,10,9
9103,6,2
1426,3,9
6508,10,6
12418,1,3
10135,8,10
3610,5,1
3925,0,1
7767,3,6
1543,3,9
1832,10,9
12659,1,8
4935,7,1
2199,10,9
243,10,9
5047,7,1
9956,3,2
4383,5,1
11117,8,10
5374,7,1
8495,2,6
506,0,9
2742,10,9
3458,7,1
714,10,9
10228,9,10
3187,5,1
10875,8,10
6496,2,6
1370,5,9
11056,8,10
5249,7,1
5335,7,1
4691,4,1
4340,7,1
9672,0,2
3649,4,1
6368,10,6
747,5,9
3859,7,1
791,10,9
9904,0,2
231,10,9
10637,9,10
2592,0,9
6555,3,6
8888,0,2
7321,10,6
5479,7,1
12757,1,8
10141,10,10
5304,7,1
6587,0,6
9558,4,2
5644,4,1
7324,3,6
8098,0,6
9283,5,2
8445,0,6
6192,10,6
2925,10,1
3669,4,1
8479,3,6
6755,3,6
2467,10,9
4498,4,1
11073,9,10
6332,3,6
11756,9,10
3368,7,4
5445,5,1
10446,8,10
12223,9,3
12473,1,3
1752,7,9
8399,10,6
7606,3,6
7569,2,6
8040,0,6
7178,2,6
3170,4,4
7234,3,6
5296,5,1
8224,0,6
8219,0,6
1161,0,9
788,10,9
2459,10,9
4594,3,1
450,10,9
9468,6,2
12068,1,3
6613,0,6
1860,10,9
8096,5,6
6186,2,6
7674,5,6
7341,10,6
6159,10,6
5117,5,1
8979,0,2
12357,1,3
10767,8,10
5537,7,1
7535,0,6
11628,1,10
10097,9,10
688,10,9
4848,4,1
8664,3,2
9776,4,2
5568,7,1
9596,10,2
8338,2,6
11697,8,10
12151,1,3
821,10,9
1882,10,9
3673,4,1
12525,1,3
11418,9,10
9894,10,2
2146,5,9
433,10,9
4856,3,1
4558,4,1
4752,7,1
10517,1,10
458,10,9
4549,5,1
9398,5,2
6818,0,6
11853,1,10
12571,7,3
1686,10,9
2700,0,9
12653,1,8
10083,0,10
11449,1,10
4896,4,1
2829,10,9
4026,7,1
5467,4,1
11830,1,10
3560,3,1
5817,7,1
390,10,9
10732,8,10
8172,5,6
5761,4,1
5350,4,1
7848,2,6
8310,10,6
3048,7,1
3833,5,1
6819,5,6
10940,8,10
560,10,9
3754,7,1
11849,9,10
6650,2,6
4786,4,1
5230,7,1
2227,10,9
245,10,9
11711,8,10
2778,10,9
4589,4,1
998,10,9
6675,2,6
7016,6,6
11943,9,10
11297,9,10
8477,3,6
6784,0,6
5753,3,1
6085,5,1
9436,5,2
5297,4,1
4751,4,1
8844,6,2
7558,10,6
1464,10,9
6980,7,6
1765,10,9
198,5,9
10846,8,10
1258,10,9
1604,10,9
1651,10,9
5519,7,1
8149,0,6
6967,2,6
4669,7,1
7567,3,6
5808,4,1
4258,5,1
5691,4,1
2041,10,9
9382,5,2
8020,2,6
7579,3,6
1016,10,9
11024,9,10
4995,5,1
594,10,9
3724,5,0
12132,1,3
5737,4,1
11807,1,10
4985,5,1
1211,3,9
12172,1,3
6099,7,1
9729,10,2
4717,4,1
4461,7,1
12777,0,8
4702,5,1
7385,0,6
11141,10,10
106,5,9
9161,4,2
3994,10,0
3636,5,1
11373,8,10
10759,10,10
11164,0,10
11153,1,10
1134,3,9
11531,0,10
9447,3,2
12295,1,3
12101,1,3
3013,4,4
11006,8,10
4001,4,1
7937,10,6
9907,6,2
5435,7,1
8904,10,2
5390,4,1
11093,9,10
11919,10,10
9736,10,2
7526,0,6
6157,10,6
1487,3,9
2334,10,9
5957,3,1
4069,7,1
6515,3,6
480,10,9
2705,10,9
3822,4,1
12508,1,3
9351,7,2
4625,5,1
10847,0,10
2240,10,9
3045,7,1
12971,0,7
2583,10,9
8022,0,6
10422,9,10
2437,10,9
547,10,9
4714,4,1
9783,6,2
27,10,9
901,0,9
9344,6,2
7308,10,6
12561,0,3
4009,3,1
2373,10,9
3497,4,1
5523,4,1
926,10,9
528,0,9
178,10,9
12820,1,8
2291,3,9
5098,7,1
275,10,9
1838,10,9
11416,8,10
6529,2,6
4841,4,1
8674,4,2
6907,2,6
7152,0,6
6053,5,1
11092,9,10
10507,1,10
9853,6,2
7503,10,6
10380,8,10
11527,8,10
11517,0,10
5337,7,1
1055,10,9
11813,10,10
1131,10,9
10958,9,10
9453,5,2
7859,2,6
3165,5,1
6396,2,6
12526,0,3
8332,0,6
5488,4,1
8852,10,2
12043,0,10
3805,7,1
6268,0,6
5149,7,0
12937,10,7
10908,0,10
8684,0,2
2113,10,9
10142,0,10
7243,2,6
4730,4,1
4323,4,1
5791,7,1
8507,0,6
3513,7,1
9864,6,2
7684,3,6
11974,9,10
5124,4,1
4188,4,1
464,10,9
9245,0,2
6556,3,6
1326,10,9
11744,0,10
1585,0,9
5338,7,1
1655,3,9
2129,3,9
6023,7,1
242,10,9
11026,9,10
12669,0,8
6208,10,6
6123,0,6
701,10,9
5616,10,1
9209,6,2
778,5,9
2239,10,9
2952,4,4
5163,4,1
1027,10,9
894,5,9
3459,7,1
1491,5,9
9356,7,2
5351,4,1
7029,2,6
12183,6,3
578,10,9
2492,0,9
11479,1,10
4497,7,1
11522,9,10
8090,3,6
5118,5,1
6328,3,6
12073,1,3
10857,1,10
1575,10,9
910,10,9
9076,6,2
4219,5,1
6346,2,6
9688,6,2
8238,0,6
10834,1,10
1646,0,9
6017,4,1
2542,10,9
7611,0,6
12283,1,3
4697,5,1
12692,1,8
9659,0,2
5939,7,1
579,10,9
3005,10,0
5380,7,1
11580,1,10
12625,0,3
2284,10,9
675,10,9
2251,5,9
6806,10,6
9617,6,2
5190,3,1
7067,0,6
12647,0,8
6792,2,6
1330,10,9
1254,5,9
3102,7,1
10312,9,10
7496,0,6
11575,1,10
11198,9,10
5293,7,1
314,10,9
1147,10,9
1883,0,9
2093,10,9
11491,9,10
1245,10,9
8078,10,6
5216,7,1
3750,5,1
3794,4,1
7740,3,6
9136,4,2
8824,10,2
4398,7,1
9128,3,2
4673,7,1
6689,2,6
5924,7,1
9508,3,2
9217,10,2
9441,6,2
7628,3,6
12129,1,3
1635,10,9
8650,4,2
4342,10,1
12050,0,10
10960,9,10
3562,4,1
3079,4,1
11071,8,10
7624,3,6
7586,2,6
9433,10,2
3895,5,1
7789,7,6
10149,8,10
1537,3,9
4333,4,1
4170,5,1
2469,10,9
8912,8,2
5012,4,1
10676,9,10
8959,10,2
9452,5,2
6942,0,6
3146,5,1
8895,6,2
6031,7,1
5623,3,1
5387,7,1
12769,1,8
11441,9,10
9526,6,2
3248,3,4
10871,9,10
3096,10,0
3354,7,1
2538,0,9
306,10,9
12419,1,3
11138,1,10
2002,10,9
722,10,9
4970,4,1
3386,5,1
4642,7,1
2273,10,9
352,10,9
5473,7,1
9813,0,2
7050,2,6
3802,3,1
10123,0,10
4700,3,1
3445,7,1
4951,5,1
10013,0,10
5871,7,1
4966,7,1
2688,10,9
6945,5,6
3296,7,1
6521,0,6
12613,0,3
4302,4,1
11605,0,10
1602,10,9
10991,8,10
10855,0,10
235,10,9
1159,10,9
1900,0,9
6235,10,6
1361,10,9
770,5,9
6292,3,6
10657,9,10
8855,6,2
4042,7,1
5300,7,1
7820,10,6
8389,3,6
11781,8,10
4055,7,1
6454,3,6
9366,4,2
1351,10,9
2624,10,9
11316,0,10
3675,4,1
8141,0,6
8913,6,2
12192,1,3
7284,0,6
3011,3,1
2869,10,1
7381,2,6
1054,10,9
12438,1,3
1283,10,9
7932,0,6
6549,3,6
10894,9,10
6206,10,6
2427,10,9
8563,7,6
2094,10,9
2739,5,9
2111,10,9
1769,10,9
4711,10,1
7463,7,6
6118,2,6
4895,4,1
8298,3,6
10243,0,10
6543,3,6
12952,1,7
134,10,9
6875,2,6
1579,10,9
9660,6,2
6356,10,6
69,10,9
9,5,9
5911,0,0
5406,7,1
8457,3,6
3498,4,1
1278,0,9
2226,10,9
10290,1,10
559,10,9
12271,1,3
10858,1,10
11542,0,10
492,10,9
8431,3,6
2193,3,9
3940,7,1
8087,3,6
8281,2,6
10888,9,10
2754,10,9
789,10,9
10292,9,10
6285,2,6
9243,0,2
9601,0,2
10971,9,10
782,5,9
11642,1,10
5007,3,1
2172,10,9
1252,10,9
11460,8,10
10528,8,10
214,10,9
7963,3,6
9473,0,2
7293,10,6
13006,0,7
8555,10,6
2171,10,9
12225,1,3
1499,3,9
9293,5,2
5982,7,1
7715,10,6
87,5,9
9576,0,2
8578,10,6
3273,4,4
2916,5,1
8849,6,2
6599,2,6
8076,10,6
1518,3,9
7120,2,6
12749,1,8
373,10,9
2635,10,9
375,0,9
7712,10,6
2417,10,9
11046,9,10
7780,0,6
11994,1,10
6711,2,6
638,4,9
9183,6,2
8075,10,6
1284,10,9
3997,3,1
3623,7,1
2259,0,9
12732,1,8
2823,10,9
3480,4,1
2760,5,9
11630,1,10
9965,0,2
517,10,9
12663,1,8
1521,10,9
8336,0,6
6441,2,6
6507,0,6
3332,4,4
4475,7,1
11234,1,10
7081,3,6
9787,0,2
6323,0,6
4447,4,1
4977,7,1
12909,1,7
12312,0,3
10336,10,10
9312,0,2
12492,1,3
11995,9,10
9306,0,2
3950,7,1
150,5,9
11367,10,10
3674,4,1
2486,10,9
4439,7,1
816,10,9
3692,5,1
7272,3,6
3001,5,1
4223,7,1
5587,7,1
11799,10,10
4241,5,0
5999,5,1
7170,2,6
6619,10,6
10389,8,10
7113,10,6
5849,7,1
189,5,9
5916,5,1
1827,10,9
10169,1,10
690,10,9
7523,0,6
5847,3,1
2632,10,9
2880,4,4
13019,0,7
9064,5,2
9656,0,2
10627,8,10
6978,0,6
2773,5,9
7157,3,6
10006,0,10
10728,8,10
6378,5,6
9760,3,2
11950,9,10
9804,0,2
4487,7,1
11114,10,10
5749,4,1
1622,10,9
2986,7,1
6307,0,6
11673,8,10
11824,10,10
7492,10,6
2863,7,1
11030,8,10
7706,2,6
12929,0,7
9554,5,2
806,0,9
7517,10,6
7620,3,6
7679,10,6
7110,2,6
8589,0,6
11265,10,10
425,0,9
733,0,9
2819,10,9
3757,7,1
7871,10,6
10465,9,10
9001,0,2
8082,5,6
12885,5,7
2924,4,1
8603,0,6
12118,1,3
7337,10,6
5588,5,1
10867,8,10
10600,8,10
8944,5,2
4656,5,1
490,10,9
11689,0,10
9646,10,2
5542,4,1
7956,10,6
7374,3,6
10121,9,10
9700,1,2
7155,2,6
801,10,9
4840,4,1
4586,3,1
12946,9,7
5172,7,1
864,4,9
10780,8,10
9323,10,2
11558,9,10
7968,10,6
539,10,9
5650,4,1
10258,10,10
4347,10,1
6331,5,6
5109,4,1
7748,2,6
3624,5,1
5237,4,1
7222,10,6
12702,1,8
5455,3,1
4797,4,1
10030,10,10
2893,5,1
11362,9,10
1494,10,9
9675,0,2
8654,5,2
12064,9,3
736,5,9
7828,0,6
723,10,9
6128,10,6
12157,1,3
1282,10,9
11532,8,10
12386,1,3
8568,0,6
11945,10,10
10768,9,10
9498,10,2
12582,0,3
10585,8,10
6740,6,6
5859,3,1
2500,0,9
8391,0,6
12123,1,3
12166,1,3
2431,0,9
7314,2,6
7291,2,6
7413,3,6
8624,3,6
5520,7,1
2087,10,9
10800,0,10
8369,3,6
4787,4,1
11264,1,10
8341,0,6
4482,5,1
6289,2,6
1336,10,0
6737,0,6
10429,9,10
3126,4,1
5621,7,1
10103,9,10
9118,7,2
8221,5,6
12882,1,7
11559,9,10
11801,1,10
8687,6,2
10869,8,10
7622,2,6
5728,7,1
9803,0,2
4659,5,1
7836,10,6
6239,3,6
793,10,9
10808,6,10
2511,0,9
1423,10,9
10321,8,10
7093,2,6
5792,7,1
10213,8,10
1803,10,9
4764,7,1
8478,0,6
1397,10,9
11970,1,10
1936,5,9
2601,10,9
6859,5,6
6631,2,6
3182,5,1
8234,0,6
3264,5,1
11521,8,10
1170,0,9
2674,10,9
1019,10,9
2141,0,9
3619,3,1
3655,5,1
795,10,9
6432,0,6
12222,9,3
7301,7,6
12503,1,3
403,5,9
227,0,9
9269,3,2
1298,10,9
8771,10,2
12038,8,10
5978,3,1
122,10,9
12639,0,8
8015,2,6
7823,0,6
2429,10,9
4249,5,1
12687,1,8
4480,5,1
8802,6,2
2468,10,9
2340,10,9
4464,10,0
11255,8,10
5756,3,1
196,5,9
4481,5,1
2907,5,1
6742,7,6
12257,1,3
9930,10,2
7898,4,6
9162,6,2
6564,10,6
5935,4,1
10714,0,10
1208,3,9
8986,3,2
2186,5,9
7439,10,6
8133,0,6
8501,0,6
9026,6,2
11719,0,10
12960,1,7
6929,0,6
2504,0,9
4795,7,1
10521,0,10
8386,2,6
2728,10,9
12908,1,7
1962,10,9
11623,9,10
6340,2,6
10152,0,10
2811,10,9
11287,8,10
9677,10,2
12331,0,3
6194,3,6
7414,0,6
5409,5,1
857,0,9
2665,10,9
4173,4,1
1414,10,9
12107,1,3
6062,10,1
8647,0,2
6813,10,6
3358,10,4
1488,3,9
8475,3,6
2110,4,9
8699,6,2
1104,3,9
1889,10,9
2721,10,9
127,10,9
2510,5,9
257,0,9
12333,1,3
395,0,9
1971,3,9
6853,2,6
10813,0,10
2502,0,9
7608,3,6
12399,0,3
6690,2,6
3259,3,4
5100,0,1
8490,3,6
7288,10,6
9874,10,2
9087,4,2
3973,7,1
10553,9,10
12464,1,3
10556,9,10
5020,5,1
7474,5,6
12742,1,8
4390,7,1
5904,3,1
10411,8,10
2412,0,9
12752,1,8
4099,5,1
10967,0,10
4005,7,1
9032,7,2
154,10,9
9280,5,2
10907,0,10
6277,2,6
9520,0,2
8226,2,6
10797,0,10
7082,0,6
11146,1,10
11745,8,10
9472,8,2
10220,4,10
8302,10,6
4313,5,0
2447,10,9
9751,3,2
4749,7,1
4140,5,1
7297,10,6
3198,5,1
7371,3,6
8791,6,2
12078,9,3
589,10,9
7437,2,6
15,5,9
7710,10,6
2430,10,9
2523,10,9
8530,2,6
12371,1,3
8191,0,6
4839,7,1
2241,10,9
12610,0,3
4181,4,1
567,3,9
5289,10,1
8924,0,2
811,10,9
5267,7,1
5754,7,1
261,10,9
10954,5,10
10155,8,10
4704,5,1
1041,10,9
5156,5,1
948,10,9
142,0,9
7313,10,6
8329,10,6
8211,2,6
2308,3,9
561,7,9
815,10,9
6081,5,1
7502,10,6
3129,4,1
2595,10,9
7392,10,6
9550,10,2
12046,8,10
3284,3,1
8442,0,6
7707,2,6
10059,9,10
5776,5,1
1941,10,9
11563,9,10
4427,7,1
2374,10,9
10415,0,10
12037,1,10
13022,9,7
8236,0,6
7896,10,6
8774,6,2
5114,4,1
8916,5,2
8322,0,6
2631,10,9
2850,3,4
4279,5,1
7825,3,6
1793,10,9
7613,3,6
8105,3,6
7861,2,6
48,10,9
12234,1,3
1380,10,9
12484,1,3
12351,1,3
5052,7,1
6956,0,6
9036,7,2
12100,9,3
12047,8,10
12486,9,3
367,10,9
2032,10,9
1445,0,9
4877,4,1
38,0,9
3774,4,1
4293,5,1
4476,4,1
518,0,9
11296,8,10
1931,4,9
1265,10,9
3788,7,1
5252,5,1
3477,3,1
2090,5,9
3586,10,1
731,0,9
7142,2,6
3978,7,1
9411,10,2
3228,3,4
11473,1,10
9680,0,2
7610,10,6
11206,8,10
8239,0,6
6485,10,6
10854,1,10
7889,5,6
881,4,9
8960,4,2
206,10,9
9821,7,2
5774,4,1
6775,3,6
6772,5,6
5933,3,1
2989,3,1
9816,6,2
11983,9,10
3659,4,1
8782,10,2
12515,1,3
9704,0,2
4826,3,1
155,10,9
2189,10,9
12461,0,3
4319,4,1
3431,7,1
7640,3,6
6446,3,6
1470,10,9
12284,9,3
1012,10,9
5269,5,1
3409,4,4
4973,7,1
534,7,9
4613,5,1
4211,10,1
3520,5,1
7955,5,6
9096,10,2
2756,0,9
5009,4,1
9080,8,2
3272,10,4
7103,10,6
4782,7,1
5944,4,1
8358,0,6
5154,7,1
9970,10,2
9437,0,2
10196,8,10
5459,4,1
10175,9,10
7900,0,6
7224,10,6
1774,10,9
3496,4,1
440,10,9
1924,10,9
9071,6,2
7875,2,6
8489,3,6
11408,8,10
2653,10,9
12287,1,3
5550,7,1
6597,2,6
2397,5,9
5224,7,1
11433,9,10
11578,1,10
13021,0,7
4436,5,1
9854,6,2
7728,2,6
12334,1,3
9339,6,2
12432,1,3
7079,10,6
1354,0,9
1588,8,9
5559,5,1
4115,7,1
4101,5,1
86,5,9
5136,7,1
6918,0,6
1864,10,9
4567,4,1
11545,1,10
2402,3,9
8643,6,2
9571,6,2
8416,2,6
6225,0,6
4105,7,1
8700,10,2
11647,1,10
11280,9,10
1870,5,9
12629,1,3
8909,6,2
4445,4,1
6372,2,6
5583,4,1
7568,10,6
12281,1,3
11637,8,10
9979,1,2
5953,3,1
8374,0,6
6373,2,6
9125,4,2
9349,7,2
11033,8,10
5353,5,0
8804,1,2
6653,2,6
11342,8,10
3966,5,1
9955,0,2
2702,10,9
11263,0,10
11439,9,10
6176,0,6
9561,6,2
10584,8,10
8156,10,6
2808,5,9
3026,3,4
160,10,9
5672,4,1
7882,10,6
9233,10,2
7851,3,6
11188,8,10
2346,10,9
1664,10,9
9846,2,2
11872,10,10
568,10,9
5690,4,1
4404,7,1
3427,5,1
1849,10,9
2234,10,9
1315,10,9
4961,7,5
11688,8,10
1788,10,9
1287,10,9
9024,10,2
12200,1,3
8940,0,2
8696,5,2
2496,0,9
7246,2,6
305,10,9
3042,7,1
3290,7,1
13012,10,7
3793,3,1
10041,9,10
3894,7,1
4938,3,1
1084,3,9
9184,5,2
9327,10,2
5637,4,1
10826,8,10
10941,0,10
8370,3,6
1028,10,9
11865,1,10
7754,0,6
882,3,9
6429,10,6
12868,1,7
2103,10,9
3039,5,1
6257,0,6
4676,5,1
5961,4,1
4085,5,1
10261,10,10
1576,10,9
1984,10,9
1033,10,9
7259,10,6
8321,10,6
11565,8,10
10597,0,10
5331,7,1
2262,10,9
11620,0,10
1241,10,9
2260,0,9
1699,10,9
2758,10,9
8029,0,6
10222,8,10
10068,0,10
7263,10,6
10823,9,10
12479,1,3
10825,1,10
10844,8,10
4416,7,1
6102,3,1
12615,0,3
449,10,9
3184,5,1
7844,2,6
9150,5,2
10254,1,10
7000,0,6
11816,0,10
10122,0,10
4654,3,1
5722,4,1
9911,5,2
11723,0,10
11160,10,10
7817,0,6
5841,5,1
10178,1,10
8192,0,6
12640,1,8
11213,8,10
1594,0,9
4410,4,1
7426,10,6
4772,4,1
7832,0,6
4991,4,1
10410,8,10
1981,10,9
7173,2,6
10805,1,10
9983,5,2
12837,1,8
10792,0,10
4804,3,1
4271,4,1
8069,0,6
10524,8,10
3469,7,1
7127,7,6
8814,6,2
237,5,9
4986,3,1
20,5,9
11061,8,10
8513,10,6
853,10,9
5437,4,1
11953,9,10
7221,7,6
6679,2,6
8752,5,2
5914,0,0
6762,3,6
12722,1,8
10538,8,10
7649,10,6
8403,0,6
8484,3,6
11357,8,10
10217,4,10
477,10,9
2868,4,4
1489,3,9
8931,6,2
4000,7,1
10414,8,10
5063,10,1
12491,1,3
8354,0,6
2122,0,9
5301,7,1
4506,0,0
7078,3,6
6672,2,6
7158,5,6
6029,3,1
1202,5,9
676,10,9
12815,1,8
10160,9,10
5428,7,1
6274,2,6
8395,10,6
8981,10,2
11636,0,10
5860,5,1
11239,9,10
12631,0,3
3176,5,1
8973,10,2
2785,0,9
10939,8,10
5165,3,1
11905,1,10
4778,4,1
9687,5,2
9273,10,2
12675,0,8
3981,7,1
5191,7,1
2164,0,9
10809,6,10
13013,0,7
6256,0,6
6786,0,6
1830,3,9
1938,3,9
4024,7,1
8731,10,2
3349,4,1
9553,3,2
1532,0,9
5867,7,1
8871,1,2
1919,0,9
187,5,9
7355,3,6
5657,4,1
11465,9,10
12262,1,3
787,10,9
9949,10,2
6022,4,1
10859,6,10
12766,1,8
8414,2,6
7597,4,6
582,10,9
2317,10,9
8042,0,6
4124,4,1
345,0,9
8171,0,6
6246,10,6
863,5,9
1338,10,9
4882,4,1
2131,10,9
6463,7,6
6020,7,1
10689,9,10
12248,1,3
10459,3,10
3801,7,1
1138,3,9
5208,4,1
7445,2,6
12114,9,3
2619,10,9
8676,10,2
12205,1,3
5807,7,1
5968,7,1
4953,7,1
10742,9,10
5934,4,1
6447,10,6
12751,1,8
2733,3,9
45,10,9
7191,2,6
3334,5,1
2766,10,9
2126,3,9
7764,0,6
391,10,9
5713,4,1
3980,10,1
6513,10,6
2683,10,9
8580,0,6
3792,3,1
3615,3,1
11700,0,10
1515,10,9
6883,0,6
4242,3,1
3068,4,4
11598,1,10
655,5,9
7250,5,6
11260,0,10
7639,3,6
10136,0,10
1083,3,9
2662,0,9
4699,5,1
6188,5,6
180,7,9
7028,7,6
7063,2,6
3515,4,1
4226,4,1
10675,9,10
7887,2,6
525,5,9
1693,4,9
12099,1,3
6351,10,6
4980,5,1
4834,7,1
10729,9,10
2843,5,1
12546,0,3
2248,10,9
2252,5,9
2649,10,9
12611,1,3
7551,10,6
5854,7,1
10620,8,10
4261,7,1
3932,4,1
7849,0,6
874,4,9
11916,0,10
6355,10,6
10598,1,10
764,10,9
10005,0,10
11774,8,10
4300,0,0
7396,2,6
2797,5,9
566,10,9
6223,10,6
5560,4,1
3239,3,4
11162,0,10
8542,0,6
9642,10,2
1916,0,9
11284,8,10
8185,0,6
5503,5,1
10822,9,10
9052,0,2
11103,8,10
6533,10,6
4741,0,1
9692,0,2
3479,3,1
1067,10,9
448,10,9
3082,5,1
4530,5,1
3594,5,1
6324,2,6
4585,5,1
7290,10,6
7813,2,6
4908,7,1
7744,2,6
2554,10,9
12041,0,10
5629,10,1
9141,0,2
8454,0,6
6171,0,6
3035,0,1
10170,1,10
2279,10,9
952,10,9
8610,3,6
1609,5,9
9421,5,2
6481,2,6
7476,2,6
12173,9,3
6955,0,6
2833,0,9
4361,7,1
12522,1,3
1549,3,9
1077,10,9
10260,1,10
2645,10,9
12273,1,3
9432,0,2
6802,2,6
7627,0,6
12881,1,7
5121,7,1
4029,7,1
6687,10,6
8853,0,2
10424,9,10
5013,7,1
6594,10,6
12260,0,3
8607,10,6
1154,10,9
10357,9,10
1093,10,9
10711,9,10
8833,0,2
6459,0,6
6957,3,6
4836,5,1
5141,7,1
5733,7,1
5263,7,1
8036,2,6
6514,2,6
9469,6,2
4100,7,1
3861,7,1
4827,7,1
10721,9,10
4468,7,1
4859,7,1
12373,3,3
2387,10,9
12455,10,3
8409,2,6
10911,9,10
11037,9,10
4373,4,1
3919,7,1
11340,10,10
5530,4,1
3779,7,1
3813,3,1
2520,10,9
5382,4,1
7336,2,6
11864,1,10
11414,8,10
12249,1,3
9848,5,2
6364,10,6
12549,1,3
12308,1,3
12529,1,3
7602,10,6
5160,5,1
3954,4,1
1677,0,9
11486,9,10
11407,0,10
1473,10,9
6296,2,6
4397,5,1
9839,6,2
10081,8,10
9250,0,2
1143,10,9
4362,5,1
7450,2,6
10763,8,10
7766,0,6
3892,7,1
11726,9,10
1198,3,9
8762,0,2
7917,3,6
10523,8,10
5779,4,1
8203,0,6
9488,10,2
11400,9,10
5051,7,1
6335,0,6
3200,7,0
12911,0,7
7609,0,6
2293,3,9
4861,7,1
6343,10,6
8775,0,2
7946,10,6
12907,1,7
5025,5,1
9443,5,2
5265,5,1
8202,0,6
10770,9,10
8891,3,2
9832,3,2
7138,10,6
10574,9,10
10968,0,10
2188,10,9
12488,1,3
99,10,9
6026,4,1
8886,6,2
123,10,9
10088,8,10
12232,1,3
4919,7,1
1766,10,9
2720,4,9
8749,6,2
9159,10,2
9420,0,2
8473,0,6
11285,8,10
969,10,9
12608,0,3
11784,0,10
3982,7,1
10284,9,10
4311,4,1
6975,0,6
7300,0,6
208,0,9
6832,0,6
11307,9,10
6465,10,6
2432,10,9
2050,3,9
10251,9,10
4016,7,1
6732,5,6
10668,1,10
5427,0,0
6316,2,6
4603,7,1
2807,10,9
182,10,9
12579,0,3
8882,7,2
9179,5,2
398,0,9
9244,0,2
3666,3,1
683,10,9
8793,0,2
12789,1,8
9613,10,2
5829,4,1
1789,7,9
3588,5,1
2681,0,9
2970,4,1
7770,10,6
5681,4,1
4472,4,1
11839,1,10
10892,9,10
3972,5,1
9769,6,2
6970,0,6
5102,5,1
287,10,9
9308,4,2
8952,0,2
2077,10,9
852,10,9
4420,7,1
7761,3,6
3857,4,1
4206,7,1
5318,7,1
7938,3,6
2246,10,9
11429,9,10
2964,4,4
6349,10,6
10726,9,10
12944,9,7
3853,5,1
466,10,9
2043,10,9
3971,3,1
10070,8,10
8114,0,6
12537,1,3
4955,7,1
751,10,9
11998,0,10
11253,1,10
3194,3,1
3646,5,1
365,10,9
4910,7,1
2478,10,9
700,10,9
5980,5,1
8914,3,2
1010,10,9
9259,7,2
10270,1,10
12536,0,3
6789,0,6
8993,0,2
5620,7,1
6124,2,6
6547,10,6
4028,7,1
10895,9,10
3603,7,1
1918,0,9
2463,0,9
4376,4,1
12733,1,8
743,3,9
3800,5,5
7443,0,6
7365,10,6
6937,3,6
8467,2,6
10174,9,10
4974,7,1
4102,3,1
918,10,9
6271,10,6
8881,0,2
5002,5,1
11240,9,10
10139,9,10
7739,10,6
3088,5,4
7650,4,6
3855,5,1
11249,0,10
12431,1,3
1840,5,9
9870,0,2
4094,5,1
11105,8,10
1552,3,9
6287,2,6
5570,5,1
2613,5,9
11208,8,10
4178,3,1
580,0,9
10670,1,10
4681,5,1
4209,5,1
1293,10,9
9673,6,2
10301,1,10
11765,9,10
3246,3,4
5697,7,1
8213,0,6
11157,8,10
12452,1,3
5682,5,1
8992,5,2
2318,0,9
3078,4,1
10547,1,10
11771,8,10
12737,1,8
709,10,9
11674,0,10
5865,7,1
427,0,9
8652,6,2
1356,0,9
12641,10,8
10626,8,10
11626,1,10
10374,1,10
10718,9,10
8347,2,6
11925,10,10
7835,10,6
921,10,9
9422,10,2
3787,4,1
2391,10,9
8460,0,6
5915,10,1
8248,0,6
170,10,9
2376,10,9
8968,10,2
5417,7,1
4127,3,1
2303,3,9
1794,10,9
5625,7,1
8596,0,6
9578,10,2
8623,3,6
3016,7,4
556,10,9
3383,5,1
3114,5,1
4312,5,0
6399,2,6
5251,5,1
12560,1,3
5863,4,1
4993,5,1
8144,0,6
12821,0,8
11156,1,10
5766,4,1
3193,3,1
276,10,9
12164,1,3
5528,5,1
8642,3,2
3526,0,1
5356,7,1
4789,4,1
6694,2,6
11008,8,10
8605,0,6
12890,9,7
8097,0,6
4718,7,1
7041,2,6
2872,10,1
905,5,9
6219,0,6
3403,5,1
2945,4,1
12242,1,3
414,10,9
6764,0,6
8433,3,6
10381,8,10
1309,10,9
3890,3,1
2747,10,9
3862,5,1
3664,5,1
4738,3,1
117,10,9
1709,10,9
5492,4,1
5723,10,1
9012,0,2
6131,10,6
9373,0,2
4600,7,1
1082,10,9
5439,7,1
7256,10,6
972,10,9
10341,8,10
1676,10,9
8934,5,2
12457,1,3
9524,6,2
7036,3,6
8595,0,6
1457,10,9
9632,6,2
3401,5,1
5833,3,1
8950,4,2
6777,10,6
8712,3,2
989,10,9
5273,4,1
2602,5,9
7258,10,6
8763,0,2
2139,3,9
6579,2,6
5986,7,1
9684,10,2
6863,3,6
6097,7,1
6247,2,6
4483,7,1
993,10,9
974,10,9
1885,0,9
8450,2,6
10112,9,10
6713,10,6
2988,3,1
11002,9,10
907,10,9
1292,10,9
3589,5,1
3151,5,1
7432,0,6
10796,0,10
8007,2,6
4904,5,1
3501,7,1
3226,3,4
1130,10,9
8669,0,2
3280,3,4
5483,5,1
6113,5,1
12480,9,3
7695,3,6
4917,3,1
12798,1,8
4210,5,1
9924,6,2
9097,6,2
3591,5,1
2908,5,1
10472,9,10
12524,1,3
3243,3,4
9108,6,2
12240,1,3
327,10,9
1181,3,9
12344,1,3
399,5,9
7466,3,6
11230,9,10
10303,8,10
12241,1,3
11938,7,10
11597,7,10
11069,9,10
3755,5,1
12914,0,7
3009,5,0
5320,3,1
2156,10,9
11275,8,10
1412,10,9
814,5,9
6018,4,1
205,0,9
4108,4,1
6079,7,1
1583,4,9
8583,0,6
12322,1,3
6914,2,6
10514,8,10
2814,5,9
49,7,9
2573,10,9
647,10,9
7285,0,6
653,10,9
12378,1,3
7054,10,6
4576,7,1
1829,3,9
10959,9,10
1821,10,9
9519,3,2
3665,4,1
166,10,9
4527,4,1
1118,3,9
8139,0,6
1226,3,9
12533,1,3
12082,1,3
1903,10,9
12599,10,3
10881,8,10
1253,5,9
12699,1,8
12992,0,7
10334,10,10
6983,0,6
3392,5,1
2446,5,9
6165,6,6
10172,1,10
625,4,9
1307,10,9
8487,10,6
1318,10,9
4972,7,1
152,0,9
4227,4,1
7745,10,6
8797,5,2
5355,7,1
8179,3,6
3156,3,4
987,10,9
4528,7,1
2590,10,9
9396,2,2
5258,4,1
2736,3,9
1681,10,9
10164,8,10
11851,0,10
5077,10,1
11305,9,10
4813,7,1
738,5,9
9046,0,2
10506,1,10
11258,8,10
8766,6,2
1747,0,9
6265,2,6
2606,3,9
904,0,9
12115,9,3
5059,5,1
12900,0,7
7881,2,6
4236,7,1
7151,2,6
7198,7,6
12543,0,3
3850,5,1
8900,3,2
9604,0,2
1670,10,9
3782,5,1
4525,0,0
11298,9,10
1390,0,9
10964,9,10
6902,10,6
1101,10,9
3269,7,1
11568,1,10
55,7,9
6290,2,6
10501,8,10
10535,8,10
479,10,9
10204,8,10
9921,0,2
3002,3,1
1071,10,9
1088,3,9
4441,7,5
5095,5,1
1593,0,9
6497,2,6
11262,9,10
9838,10,2
963,10,9
4259,10,0
9565,0,2
3789,4,1
5654,7,1
200,10,9
4070,7,1
3682,7,1
1630,10,9
12897,1,7
12875,1,7
11783,8,10
6759,5,6
12510,1,3
2255,10,9
4176,5,1
706,10,9
2407,0,9
3640,7,1
11430,9,10
11520,1,10
1912,10,9
11634,1,10
2233,10,9
10398,8,10
10614,8,10
301,10,9
10163,8,10
10186,8,10
11453,0,10
5705,4,1
4036,5,1
7717,0,6
10286,0,10
8122,0,6
6004,7,1
1696,3,9
7369,10,6
297,10,9
6198,2,6
4844,5,1
2697,10,9
4940,7,1
5855,7,1
8919,0,2
12350,1,3
5850,7,1
7057,2,6
8739,10,2
8466,2,6
5515,5,1
77,0,9
10845,8,10
2817,10,9
6395,3,6
8682,6,2
971,10,9
8468,2,6
9460,6,2
10949,8,10
2309,3,9
11884,8,10
5751,5,1
4886,5,1
2461,5,9
9880,0,2
5762,7,1
11788,8,10
1819,10,9
4621,7,1
5132,7,1
730,10,9
8051,0,6
2471,5,9
7017,3,6
9581,0,2
8606,0,6
6552,3,6
302,10,9
6495,2,6
8701,6,2
2180,10,9
593,10,9
3906,7,1
8300,0,6
8951,10,2
462,10,9
10324,8,10
8708,0,2
3057,5,4
1498,10,9
11582,1,10
7762,2,6
12637,1,8
461,4,9
7456,0,6
10466,8,10
12145,1,3
6919,10,6
12531,1,3
11041,9,10
8591,2,6
1420,10,9
7978,0,6
2267,10,9
11975,0,10
8707,6,2
6122,7,6
12811,1,8
10497,8,10
4058,4,1
3930,5,1
379,0,9
9580,0,2
12779,1,8
1645,10,9
7800,0,6
3901,7,1
5432,3,1
9180,6,2
3241,3,4
12108,1,3
2822,10,9
8926,6,2
10052,9,10
9931,5,2
110,10,9
2076,10,9
3590,5,1
9423,3,2
6738,6,6
10036,8,10
12096,1,3
8201,0,6
7356,10,6
411,8,9
3073,3,1
12363,1,3
3380,4,1
2054,10,9
557,10,9
1378,10,9
8755,0,2
8033,0,6
5606,4,1
3729,5,1
2381,10,9
7488,10,6
81,0,9
936,10,9
6075,3,1
9728,5,2
259,10,9
5330,7,1
5508,4,1
1862,10,9
11178,6,10
12954,1,7
502,10,9
8806,10,2
6347,2,6
6847,3,6
3105,5,1
500,10,9
10621,8,10
11968,9,10
23,7,9
10451,8,10
11537,0,10
2879,3,4
7257,3,6
460,10,9
1865,10,9
1817,10,9
510,0,9
8058,6,6
12516,0,3
11730,0,10
11003,8,10
5714,4,1
268,0,9
4197,5,1
1050,10,9
592,10,9
5346,7,1
681,0,9
3327,7,4
3229,3,4
8938,10,2
12858,1,7
8120,10,6
7140,3,6
866,10,9
8345,2,6
10976,0,10
5731,4,1
2055,3,9
4524,3,1
2641,10,9
9638,5,2
7122,3,6
3843,3,1
10375,9,10
4822,7,1
3267,5,1
10182,0,10
6624,2,6
8787,5,2
11426,1,10
1220,10,9
11222,8,10
3516,3,1
10577,10,10
3836,3,1
342,10,9
8837,0,2
3298,7,1
8872,6,2
2750,5,9
728,10,9
9847,10,2
5843,4,1
12926,1,7
3215,3,4
6436,2,6
1735,10,9
2174,10,9
7156,10,6
1758,10,9
601,10,9
9883,0,2
1717,10,9
6769,5,6
9369,7,2
12422,9,3
1060,10,9
12102,1,3
5005,4,1
1421,10,9
6207,2,6
5103,5,1
11670,0,10
3252,3,4
5500,7,1
7948,10,6
11654,1,10
5710,5,1
1392,10,9
12989,0,7
8086,0,6
5604,4,1
2894,3,1
6724,2,6
12583,1,3
7342,2,6
6273,0,6
2522,0,9
7735,2,6
8565,10,6
12139,1,3
11355,1,10
8348,0,6
8834,6,2
7741,0,6
6162,0,6
8880,0,2
12860,9,7
5773,7,1
2423,10,9
5624,4,1
3062,7,1
2985,5,1
7545,10,6
3695,4,1
9237,6,2
1270,10,9
3304,5,1
3967,3,1
12504,1,3
10192,8,10
6155,3,6
10481,8,10
11579,1,10
6032,4,1
1199,10,9
9810,0,2
5069,7,1
8217,0,6
1042,10,9
4592,5,1
8615,0,6
12572,1,3
8915,6,2
10188,1,10
3362,7,1
2745,0,9
6344,0,6
2643,10,9
7242,10,6
7004,3,6
7524,10,6
8670,4,2
583,10,9
3322,5,1
6048,7,1
11477,8,10
11717,0,10
7398,2,6
9872,0,2
1823,10,9
10602,8,10
7411,0,6
5605,4,1
571,10,9
9918,0,2
7575,2,6
5107,4,1
10337,8,10
10247,9,10
10310,8,10
6064,7,1
631,10,9
12316,1,3
11034,8,10
6670,0,6
11729,0,10
4377,7,1
1003,10,9
11762,9,10
12636,0,8
10639,9,10
204,10,9
6491,2,6
3557,4,1
8807,6,2
8227,3,6
9886,4,2
12915,0,7
8137,5,6
6466,10,6
10743,9,10
7214,10,6
1887,10,9
2557,4,9
4388,0,1
10029,9,10
5151,10,1
11646,9,10
2345,10,9
12727,1,8
12149,1,3
4138,4,1
2473,0,9
402,5,9
9107,0,2
7788,3,6
11217,9,10
7295,10,6
12974,0,7
4729,3,1
8299,0,6
6961,7,6
445,10,9
11577,1,10
10330,0,10
8757,0,2
7205,4,6
11447,9,10
4257,10,0
9598,6,2
8628,10,6
3842,7,1
6156,10,6
8691,6,2
435,10,9
7180,5,6
8977,0,2
6306,2,6
2672,10,9
2586,0,9
9350,7,2
9989,1,10
1274,10,9
5942,3,1
707,10,9
7980,10,6
12591,0,3
3587,5,1
7626,2,6
3737,0,1
7367,2,6
11027,0,10
1224,10,9
7375,3,6
8243,0,6
3106,7,1
6439,10,6
10276,8,10
4559,7,1
1324,10,9
7212,10,6
1544,3,9
7815,0,6
12280,9,3
5782,7,1
1679,10,9
2679,10,9
1195,10,9
463,10,9
2904,4,1
5870,7,1
6977,3,6
3761,4,1
1026,10,9
12517,0,3
5788,7,1
10267,1,10
9987,10,10
11090,10,10
2779,10,9
1628,10,9
2572,10,9
5433,4,1
9696,0,2
12167,1,3
3277,5,1
5316,10,0
5147,5,1
7289,10,6
5890,3,1
6445,7,6
4866,5,1
3189,5,1
5236,7,5
176,10,9
8657,6,2
3533,3,1
1048,10,9
9942,6,2
7112,2,6
6423,10,6
2201,10,9
5250,5,1
4928,4,1
5450,4,1
7829,2,6
1120,3,9
6169,7,6
8375,10,6
1598,0,9
10748,6,10
7809,5,6
2357,5,9
8164,2,6
1184,3,9
7271,10,6
12872,1,7
12530,1,3
10471,9,10
11142,9,10
11887,8,10
2378,10,9
12194,1,3
10442,9,10
6643,2,6
2392,10,9
2268,10,9
11651,1,10
11456,9,10
1632,3,9
12802,5,8
970,10,9
172,0,9
5142,7,1
7617,0,6
10299,9,10
6573,10,6
9060,7,2
10722,9,10
5726,3,1
8618,2,6
323,10,9
4068,7,1
11549,8,10
2818,10,9
10105,9,10
6106,5,1
5671,7,1
8146,0,6
7528,0,6
6910,10,6
1018,10,9
2827,10,9
8425,0,6
8949,10,2
8150,6,6
3394,7,1
8863,10,2
10238,8,10
2835,5,9
12209,1,3
3365,5,1
4263,4,1
11755,8,10
10328,6,10
6069,5,1
7935,10,6
7024,0,6
2026,10,9
3585,7,1
6506,3,6
4329,4,1
11742,8,10
1512,10,9
4220,5,1
12458,10,3
456,10,9
9008,0,2
4550,5,0
2106,10,9
1280,10,9
8432,3,6
3481,7,1
10678,8,10
5967,4,1
9403,4,2
2063,0,9
1905,0,9
3353,7,1
6817,6,6
7934,3,6
4369,4,1
6145,0,6
7999,10,6
11746,8,10
8410,2,6
10143,8,10
9497,5,2
2861,7,1
677,0,9
3030,4,4
6078,5,1
5182,4,1
3418,5,1
4652,7,1
6421,0,6
2365,3,9
8966,0,2
2533,10,9
7678,10,6
5502,5,1
7195,0,6
2488,0,9
2937,4,1
729,10,9
12865,1,7
8125,3,6
10502,8,10
6428,3,6
6901,0,6
12354,1,3
10987,9,10
4255,10,0
10537,8,10
12258,0,3
8444,4,6
11107,8,10
10592,9,10
10896,8,10
12924,1,7
607,0,9
11007,8,10
9200,6,2
3254,10,4
12725,1,8
1927,10,9
12987,0,7
3351,4,1
4721,7,1
12676,0,8
8729,3,2
8368,7,6
5607,4,1
3440,7,1
12430,1,3
9223,7,2
5732,4,1
626,10,9
2623,10,9
9978,4,2
11596,0,10
11435,9,10
11743,8,10
7834,0,6
3768,5,1
5973,7,1
4858,7,1
9805,0,2
4779,4,1
9873,10,2
1731,10,9
7975,10,6
12532,1,3
11489,9,10
2741,10,9
6826,0,6
333,0,9
9908,3,2
5137,5,1
9090,0,2
9448,3,2
5034,7,1
1806,0,9
3752,5,1
8781,10,2
10917,9,10
5526,0,1
3098,4,1
2105,10,9
9393,10,2
12290,1,3
5286,7,1
12870,1,7
143,0,9
8427,0,6
3769,5,1
7343,10,6
4072,7,1
5845,5,1
3382,5,1
9389,5,2
10788,1,10
6655,2,6
11116,8,10
2099,10,9
5825,5,1
1944,10,9
11815,8,10
2905,4,1
11290,9,10
10632,9,10
11940,9,10
5739,7,1
8722,3,2
11478,8,10
12824,1,8
6492,2,6
781,10,9
12427,1,3
7680,2,6
981,10,9
5067,4,1
2897,3,4
1136,3,9
7188,0,6
12984,0,7
8135,0,6
11048,9,10
9018,6,2
3677,5,1
13017,0,7
3119,5,4
12976,9,7
6981,3,6
9025,0,2
2100,10,9
1456,10,9
9410,5,2
7362,10,6
4747,7,1
3154,10,0
12831,1,8
316,0,9
1200,10,9
7550,10,6
1531,0,9
5412,4,1
12300,9,3
2127,3,9
9464,0,2
3522,7,1
6318,0,6
7146,2,6
10264,1,10
3821,5,1
3511,7,1
10021,8,10
10566,1,10
8199,3,6
5042,7,1
4744,5,1
8384,0,6
7482,3,6
7902,0,6
6601,0,6
1606,5,9
7401,2,6
12512,9,3
9583,1,2
3128,7,1
3902,7,1
3998,7,1
6649,7,6
4004,7,1
9462,3,2
4950,7,1
11139,8,10
12896,0,7
4605,5,1
8351,10,6
11014,8,10
1610,10,9
7487,2,6
8461,4,6
8822,6,2
7380,0,6
9779,7,2
2456,0,9
4948,3,1
6525,0,6
2707,10,9
10001,10,10
2169,10,9
8839,10,2
4510,4,1
8751,3,2
12087,9,3
12233,1,3
1395,10,9
3529,3,1
8312,10,6
2331,10,9
7235,10,6
12557,1,3
8597,3,6
10782,8,10
2289,3,9
9033,6,2
9286,10,2
3959,4,1
4819,7,1
5775,4,1
5372,5,1
9546,5,2
3486,4,1
3928,7,1
1065,10,9
10421,9,10
7310,10,6
11315,0,10
3003,4,4
5396,4,1
3407,5,1
7554,10,6
645,10,9
12219,1,3
4025,5,1
5150,0,0
8544,3,6
9786,0,2
7296,10,6
8550,0,6
831,10,9
508,10,9
9767,4,2
4430,7,1
5613,4,1
9649,3,2
10886,0,10
2394,10,9
6178,3,6
10075,0,10
11800,10,10
761,5,9
12330,1,3
12793,1,8
1087,3,9
4920,7,1
8008,2,6
4672,5,1
6478,5,6
10760,10,10
7724,3,6
3663,10,0
4503,7,1
1187,3,9
1778,10,9
5460,7,1
7219,10,6
4325,10,0
3704,5,1
6217,2,6
1980,10,9
7459,10,6
4696,5,1
1626,10,9
11991,9,10
10649,9,10
3231,3,4
11045,9,10
9113,5,2
4191,5,1
12696,1,8
9007,6,2
3396,5,1
13007,1,7
5457,7,1
9658,6,2
8222,5,6
7559,10,6
11931,0,10
4491,7,1
8879,10,2
9380,0,2
3948,7,1
10708,8,10
1427,3,9
12208,1,3
4425,5,1
6729,6,6
12407,1,3
9413,5,2
5178,7,1
1712,4,9
10086,8,10
3519,4,1
7473,0,6
8539,2,6
2930,0,1
4984,5,1
7805,0,6
11022,8,10
2347,10,9
6400,2,6
8464,10,6
3656,5,1
5288,7,1
844,10,9
3604,5,1
4766,5,1
4177,4,1
5089,5,1
3660,4,1
11245,9,10
8714,3,2
10159,1,10
3840,4,1
1036,10,9
11488,9,10
12420,1,3
535,5,9
6551,3,6
4640,7,1
11992,9,10
11955,9,10
7703,3,6
8856,6,2
1555,3,9
9229,4,2
8671,6,2
8184,10,6
1359,5,9
5227,7,1
3661,7,1
12014,9,10
6622,0,6
5513,3,1
3814,10,1
6091,3,1
6455,3,6
5858,5,1
11132,9,10
2316,5,9
9254,7,2
1066,10,9
8181,2,6
491,10,9
12496,1,3
4409,4,5
7425,0,6
11553,0,10
6024,7,1
9948,6,2
2465,0,9
4132,3,1
10496,8,10
6160,2,6
6150,0,6
1968,10,9
9167,6,2
6227,0,6
1090,10,9
1116,0,9
12506,0,3
7478,3,6
5123,7,1
5828,4,1
1743,10,9
2377,4,9
6182,3,6
12665,0,8
12736,1,8
12162,1,3
4235,4,1
7227,2,6
10225,8,10
7594,10,6
9937,0,2
5903,5,1
5014,3,1
4719,5,1
5446,5,1
11311,0,10
11268,1,10
11500,9,10
2768,10,9
7491,10,6
536,0,9
8832,10,2
5274,3,1
5580,4,1
3311,4,4
6501,0,6
64,0,9
1194,10,9
2481,10,9
6815,0,6
12630,1,3
4761,7,1
1983,10,9
9981,0,2
7636,3,6
6849,3,6
9755,10,2
10469,1,10
596,10,9
12098,1,3
5667,5,1
7570,10,6
4885,7,1
8469,2,6
4041,0,1
10820,9,10
10690,9,10
361,10,9
3360,4,1
5158,7,1
9958,1,2
7953,2,6
3630,4,1
7807,0,6
1285,10,9
1333,10,9
3377,7,1
12869,1,7
5155,7,1
1989,10,9
3238,3,4
3310,4,1
11325,10,10
4080,5,1
4486,7,1
2474,0,9
34,9,9
4316,5,0
1406,10,9
7128,10,6
10723,9,10
6230,4,6
11009,8,10
7944,10,6
3625,5,1
9952,6,2
6773,3,6
1519,10,9
10162,6,10
9138,3,2
8277,10,6
5816,3,1
4504,7,1
671,10,9
5802,4,1
8710,6,2
10898,9,10
12658,0,8
1812,10,9
9503,5,2
405,10,9
2453,0,9
7353,10,6
4817,5,1
11733,8,10
9334,0,2
4997,7,1
5627,7,1
10372,9,10
1855,0,9
10922,0,10
1649,5,9
3506,4,1
10408,8,10
4437,5,1
3343,7,4
8737,5,2
2196,3,9
4806,7,1
8877,0,2
4873,10,1
10454,8,10
9240,5,2
263,10,9
1528,3,9
8878,3,2
58,4,9
3514,3,1
193,5,9
10340,8,10
4469,3,1
7389,5,6
2095,10,9
12154,9,3
3815,3,1
12369,1,3
2161,0,9
4262,7,1
10253,1,10
10603,0,10
4328,0,1
2182,10,9
2914,4,4
8200,10,6
10484,8,10
5524,7,1
9806,6,2
12315,1,3
5345,4,1
1947,10,9
2159,10,9
8796,5,2
8130,10,6
11308,9,10
1561,10,9
6602,10,6
2143,10,9
1814,0,9
2618,10,9
12214,1,3
9481,6,2
3468,3,1
10650,8,10
8491,10,6
9685,6,2
6499,10,6
7637,3,6
1191,10,9
12384,1,3
1190,10,9
6250,0,6
9438,0,2
5876,5,1
12681,0,8
794,10,9
757,3,9
12833,1,8
5090,3,1
7109,10,6
7763,3,6
19,5,9
5017,4,1
12977,0,7
1722,10,9
5509,7,1
2232,1,9
6263,5,6
2362,0,9
4626,5,1
657,10,9
6524,2,6
5556,7,0
9352,7,2
3245,3,4
11882,0,10
7209,3,6
916,10,9
11861,9,10
9765,3,2
7276,10,6
7782,10,6
12051,8,10
5549,3,1
6995,10,6
6723,2,6
12236,9,3
1490,0,9
4855,7,1
3773,7,1
3865,7,1
12721,10,8
1169,10,9
8198,10,6
8601,2,6
2767,10,9
12325,1,3
12947,0,7
10628,8,10
2999,3,1
9010,0,2
7931,3,6
2913,5,4
11151,8,10
9868,1,2
2162,10,9
62,4,9
2859,5,1
9149,6,2
7838,2,6
11386,9,10
12057,10,10
3465,7,1
11587,0,10
9625,10,2
1248,10,9
5514,5,1
12259,1,3
12466,0,3
2762,10,9
5311,7,1
6286,0,6
7452,2,6
1400,5,9
10899,9,10
7663,2,6
10661,9,10
6321,0,6
10434,9,10
6557,3,6
9459,5,2
8680,6,2
6087,3,1
922,10,9
4899,7,1
10658,9,10
2288,0,9
4505,3,1
7906,0,6
16,10,9
3714,5,1
11323,8,10
10605,9,10
4190,3,1
11672,1,10
3069,5,1
12411,1,3
4888,7,1
9933,6,2
10320,8,10
7406,10,6
5186,5,1
10622,8,10
7504,10,6
12760,1,8
9584,4,2
2830,10,9
2470,4,9
11617,10,10
1182,3,9
3197,5,1
10887,8,10
407,10,9
9272,5,2
11152,1,10
1004,10,9
12662,0,8
8265,2,6
2755,10,9
3626,5,1
4296,10,0
9827,3,2
7966,10,6
7023,3,6
10293,1,10
3357,5,4
6418,0,6
9708,10,2
3087,3,4
12590,1,3
7080,2,6
3133,5,0
3090,4,1
5907,5,1
6232,2,6
10876,8,10
8294,3,6
2136,10,9
12682,0,8
3550,4,1
12691,1,8
1097,10,9
4874,4,1
9197,6,2
5956,3,1
8270,10,6
6752,5,6
10772,8,10
960,10,9
2647,10,9
12859,1,7
6840,3,6
10868,8,10
1504,10,9
9507,4,2
8153,0,6
554,10,9
10833,9,10
2413,10,9
5765,7,1
9867,0,2
3621,3,1
5819,4,1
3429,4,1
1847,10,9
2998,3,4
11091,9,10
5176,4,1
2975,5,4
1907,10,9
7207,10,6
10531,8,10
1714,10,9
9833,3,2
1355,0,9
5082,5,1
2743,4,9
1548,3,9
10233,8,10
8252,2,6
11897,10,10
7232,0,6
5881,7,1
6684,2,6
10383,8,10
5809,10,1
11464,0,10
7418,0,6
3969,7,1
9859,6,2
8768,3,2
5484,5,1
12020,9,10
9208,0,2
98,10,9
9042,6,2
9566,10,2
10738,0,10
9160,0,2
5724,7,1
12643,0,8
6448,2,6
5173,7,1
3168,4,4
10280,1,10
2953,4,4
5378,3,1
6628,3,6
7223,0,6
112,10,9
7201,3,6
9903,6,2
669,10,9
12904,1,7
12792,0,8
12216,1,3
2821,4,9
4535,3,1
9465,5,2
8716,0,2
1987,7,9
12628,1,3
2761,10,9
4477,4,1
1496,10,9
12238,9,3
6221,7,6
12729,0,8
3504,4,1
3364,5,1
829,5,9
10576,9,10
11064,9,10
8579,0,6
9698,0,2
563,10,9
3778,5,1
226,3,9
10564,9,10
8180,6,6
8385,2,6
562,10,9
8436,10,6
12534,0,3
7196,5,6
10914,0,10
12453,0,3
8522,10,6
1939,10,9
1895,10,9
3211,3,4
976,10,9
12328,9,3
3582,3,1
4341,10,1
1068,10,9
10682,8,10
10110,10,10
5268,0,1
11902,10,10
1744,10,9
7773,0,6
5851,5,1
5905,5,1
10443,8,10
4502,4,1
7123,10,6
10277,9,10
10693,8,10
281,10,9
7239,2,6
5554,5,1
5630,4,1
9699,3,2
1761,10,9
11927,10,10
5198,5,1
6661,10,6
10199,8,10
4393,3,1
4509,5,1
6260,2,6
10656,9,10
532,0,9
5426,7,1
4233,4,1
346,10,9
8102,0,6
9474,0,2
4932,7,1
2024,7,9
3279,5,4
3348,4,1
6941,2,6
7192,10,6
1897,10,9
4467,7,1
6999,2,6
4854,7,1
1825,10,9
2578,10,9
7124,10,6
12961,7,7
5787,7,1
7034,2,6
2995,5,1
159,0,9
10049,9,10
2190,10,9
10085,1,10
2326,10,9
6612,0,6
5394,7,1
551,0,9
9967,10,2
2886,0,4
12024,9,10
576,0,9
699,10,9
819,10,9
4145,4,1
116,10,9
10395,8,10
6953,0,6
12083,1,3
10010,9,10
3864,7,1
9282,10,2
10929,8,10
4205,5,1
300,5,9
7238,10,6
12004,8,10
4273,4,1
8685,4,2
5740,4,1
4254,4,1
884,10,9
12519,0,3
4544,3,1
6498,2,6
12621,9,3
2615,10,9
1671,8,9
11299,1,10
3995,7,1
572,10,9
7497,0,6
11421,8,10
3366,5,1
2274,10,9
8406,2,6
12343,1,3
995,10,9
9424,0,2
11671,1,10
1142,3,9
12125,1,3
11055,1,10
3405,5,1
7449,10,6
330,10,9
11455,9,10
10482,8,10
6993,3,6
959,10,9
1805,8,9
883,10,9
6872,6,6
7171,10,6
3830,3,1
7590,10,6
11335,0,10
9263,10,2
9896,5,2
3007,4,4
9888,10,2
5438,3,1
11035,8,10
442,10,9
10807,0,10
2144,10,9
5701,10,1
3983,5,1
11666,9,10
4064,7,1
4044,7,1
12228,9,3
2800,10,9
9134,6,2
2942,3,1
5597,7,1
1058,10,9
7786,10,6
8717,10,2
1713,10,9
3369,7,1
10338,8,10
7799,0,6
12943,0,7
9342,0,2
1535,10,9
3595,5,1
10518,1,10
2845,5,1
12490,1,3
9175,6,2
3524,4,1
326,10,9
5824,4,1
6645,2,6
9973,6,2
1291,10,9
713,10,9
10402,8,10
11836,1,10
3733,5,1
3356,5,4
3406,3,1
6575,0,6
11844,9,10
4382,10,1
1894,4,9
2804,10,9
12983,1,7
4945,5,1
4157,7,1
1781,3,9
7145,2,6
6147,10,6
4720,7,1
2217,0,9
9381,5,2
5456,7,1
13025,9,7
2883,4,4
12106,1,3
7512,3,6
1540,3,9
620,10,9
335,10,9
8948,6,2
7387,0,6
12230,1,3
6288,2,6
10569,8,10
7419,5,6
2744,10,9
10641,9,10
8748,6,2
470,3,9
5466,7,1
6527,0,6
2088,0,9
628,10,9
3617,7,1
12785,0,8
3302,4,1
5577,4,1
2715,5,9
2133,0,9
6920,5,6
11736,8,10
8860,10,2
7159,10,6
6262,3,6
358,0,9
9845,6,2
12841,1,8
4021,7,1
5618,4,1
5647,4,1
3058,5,4
3573,7,1
11541,1,10
5796,5,1
599,5,9
6869,3,6
4038,7,1
8010,2,6
6252,3,6
2040,10,9
8736,5,2
2014,10,9
8493,0,6
4723,7,1
12853,1,7
3326,7,1
5116,5,1
4533,7,0
955,10,9
687,10,9
4543,4,1
1276,10,9
3214,3,4
2972,5,1
12429,1,3
10246,9,10
2698,3,9
8633,2,6
5309,7,1
6916,0,6
188,5,9
951,10,9
9671,0,2
6741,0,6
4526,4,1
12277,1,3
2637,5,9
4617,5,1
4512,10,0
6419,10,6
9662,0,2
9495,6,2
4870,7,1
7688,3,6
12595,1,3
1888,0,9
5049,4,1
6153,10,6
5771,7,1
5189,3,1
5518,7,1
12564,0,3
8250,2,6
4832,4,1
8428,3,6
6009,3,1
6891,0,6
12969,1,7
2019,10,9
1303,10,9
2302,5,9
3212,3,4
877,10,9
12088,9,3
1737,10,9
3841,7,1
7947,3,6
12846,0,8
4710,3,1
6006,4,1
1175,5,9
1438,10,9
8497,2,6
5285,7,1
2085,10,9
4893,10,0
11632,0,10
10377,10,10
9514,3,2
11195,8,10
5743,5,1
4067,7,1
11218,8,10
3466,7,1
386,10,9
6809,10,6
10893,9,10
5558,3,1
3891,7,1
8323,10,6
7709,3,6
12128,1,3
2974,10,1
11158,8,10
12787,1,8
3325,5,1
1568,4,9
7417,10,6
3385,5,1
11286,8,10
927,10,9
11291,9,10
2517,0,9
6376,2,6
8892,5,2
2460,5,9
11454,9,10
2794,10,9
7040,2,6
13008,0,7
10244,9,10
7306,10,6
3270,5,1
6166,3,6
12286,9,3
6530,0,6
4916,7,1
12684,1,8
12715,1,8
12735,1,8
8353,10,6
7592,3,6
2532,10,9
4732,4,1
9133,6,2
1034,10,9
5598,3,1
426,3,9
1106,3,9
1795,5,9
111,10,9
8818,0,2
4753,7,1
5403,5,0
7676,10,6
12052,8,10
7,10,9
9860,0,2
3015,3,1
4331,4,1
2253,10,9
2086,7,9
6754,6,6
3084,7,1
6828,0,6
11523,9,10
9070,10,2
7950,2,6
10115,9,10
4153,4,1
783,10,9
991,10,9
9402,2,2
4667,7,1
6605,10,6
12932,1,7
5344,5,1
6748,3,6
397,0,9
11972,9,10
6083,3,1
1581,10,9
9725,10,2
3883,7,1
7631,3,6
4694,7,1
9299,6,2
4868,7,1
11047,8,10
12972,0,7
2178,10,9
4267,7,1
5521,7,1
11716,8,10
6167,2,6
3563,7,1
759,10,9
10812,8,10
1754,3,9
11638,0,10
286,10,9
11635,1,10
8241,0,6
8459,2,6
10114,9,10
9951,10,2
3858,4,1
10418,9,10
6438,0,6
4034,7,1
746,10,9
12783,1,8
1240,10,9
4301,7,1
6472,2,6
10365,0,10
8989,3,2
12925,1,7
6222,10,6
5421,7,1
179,10,9
4199,7,1
4577,5,1
8041,0,6
11601,0,10
3696,4,1
13000,0,7
7899,5,6
9641,0,2
830,10,9
2851,4,4
923,10,9
9241,10,2
5836,5,1
115,10,9
3020,3,4
3877,7,1
2142,3,9
8509,10,6
12137,1,3
2433,10,9
2010,5,9
1160,10,9
12521,0,3
11691,8,10
12788,1,8
10168,1,10
6213,0,6
7548,10,6
1394,10,9
1174,10,9
8868,5,2
7422,2,6
9701,5,2
6638,0,6
6317,3,6
5425,7,1
6887,3,6
4518,7,1
12380,1,3
6443,5,6
12758,1,8
11505,1,10
255,10,9
5358,5,1
4622,5,1
8212,2,6
758,0,9
2696,10,9
7936,6,6
5303,3,1
2689,10,9
3067,4,1
6836,3,6
4958,0,1
7672,10,6
11668,8,10
8079,0,6
11371,8,10
627,10,9
3525,4,1
4563,7,1
9614,10,2
5332,5,1
10802,0,10
7044,2,6
5443,4,1
3051,4,1
5493,7,1
10824,9,10
10235,1,10
11015,1,10
185,5,9
808,10,9
1236,0,9
11221,8,10
5866,7,1
8357,5,6
7746,10,6
11526,0,10
5471,3,1
7546,2,6
7403,2,6
3122,3,4
3922,5,1
5411,5,1
514,10,9
7281,10,6
6835,2,6
12618,1,3
12199,1,3
11610,0,10
6886,0,6
2644,3,9
1286,10,9
2912,3,1
9318,0,2
2608,10,9
6417,7,6
6824,0,6
3160,5,1
6864,7,6
11058,0,10
1881,10,9
1165,10,9
9720,5,2
11789,1,10
2315,10,9
10195,8,10
7991,10,6
3977,7,1
1178,5,9
5511,7,1
9741,0,2
11965,0,10
10210,1,10
4237,7,1
7690,7,6
9348,7,2
4648,4,1
6158,10,6
664,5,9
8742,10,2
6183,3,6
4039,7,1
8126,0,6
509,10,9
6350,2,6
6696,0,6
6224,10,6
3988,7,1
66,10,9
8995,10,2
94,10,9
12023,0,10
3537,4,1
5348,4,1
3708,5,1
2966,4,1
11365,1,10
417,3,9
4706,5,1
1091,10,9
2513,5,9
3652,7,1
6635,10,6
953,10,9
7347,3,6
7664,10,6
7358,0,6
10957,0,10
8091,10,6
7484,10,6
3976,7,1
1416,10,9
10387,8,10
2962,4,4
5735,7,1
10441,9,10
2910,5,1
9548,5,2
10982,1,10
4002,10,0
11956,0,10
114,10,9
7638,2,6
3490,7,1
8794,10,2
11857,9,10
4407,7,1
3575,0,1
10961,9,10
3471,7,1
9336,6,2
2337,10,9
5050,4,1
3415,5,4
8216,0,6
11313,1,10
2198,3,9
5152,4,1
8253,10,6
36,4,9
10651,8,10
11004,8,10
6337,3,6
8608,10,6
5235,5,1
6034,7,1
3393,3,4
6407,0,6
4023,7,0
11169,9,10
3457,4,1
9661,0,2
11077,1,10
9825,6,2
4332,7,0
4114,4,1
10274,6,10
11273,0,10
1007,10,9
4581,7,1
10601,0,10
2065,10,9
2536,0,9
4794,10,1
1502,3,9
4823,7,1
2675,10,9
11693,8,10
12990,0,7
11057,8,10
12697,1,8
7708,2,6
3869,7,1
9062,4,2
4474,4,1
8289,0,6
602,10,9
8908,3,2
7405,10,6
4715,3,1
942,10,9
6092,3,1
2269,10,9
3689,5,1
9412,6,2
12734,1,8
12448,10,3
1511,3,9
5886,7,1
2414,10,9
10205,8,10
2444,0,9
2748,5,9
7400,2,6
12710,0,8
9814,6,2
7475,10,6
10113,9,10
692,0,9
4675,4,1
8335,6,6
10486,9,10
9538,4,2
7136,10,6
12335,0,3
2223,3,9
1853,10,9
421,10,9
558,10,9
4015,5,1
3177,5,1
7340,5,6
6966,2,6
6621,2,6
8400,0,6
10638,9,10
1875,0,9
7540,3,6
1771,10,9
8976,3,2
5642,4,1
9091,6,2
8214,0,6
3538,4,1
428,10,9
7047,7,6
489,0,9
1616,5,9
7581,2,6
11922,10,10
6896,2,6
12276,1,3
8258,5,6
2149,10,9
5658,4,1
1297,10,9
5043,10,1
7147,10,6
11278,8,10
5482,4,1
11819,10,10
9102,0,2
6572,2,6
10311,8,10
5168,4,1
2428,10,9
10060,9,10
6403,10,6
1841,10,9
7085,0,6
8050,0,6
9506,6,2
541,0,9
3605,7,1
10713,1,10
1381,0,9
4163,7,1
1267,10,9
8867,0,2
89,0,9
5486,5,1
12367,9,3
5434,7,1
6386,3,6
4358,3,1
5389,7,1
8499,10,6
3299,7,1
4161,5,1
7967,10,6
11098,8,10
8690,10,2
8505,10,6
9611,0,2
2477,10,9
1574,0,9
12189,1,3
12141,1,3
351,10,9
4670,7,1
6253,10,6
2148,0,9
12168,1,3
3532,7,1
9551,3,2
9654,10,2
1501,3,9
4880,7,1
8044,10,6
798,10,9
10061,9,10
3824,4,1
11530,8,10
10148,1,10
2585,10,9
3809,10,1
4370,7,1
5995,7,1
12410,1,3
2958,4,4
10352,9,10
4395,7,1
6671,0,6
5277,7,1
10427,9,10
5885,3,1
3155,10,1
9608,10,2
2138,3,9
3333,5,1
4158,5,1
10558,9,10
2393,10,9
4433,4,1
8508,10,6
413,8,9
6402,10,6
5031,3,1
7055,3,6
2091,10,9
1156,0,9
4649,7,1
8434,10,6
776,10,9
8553,0,6
11443,1,10
5329,3,1
4385,4,1
4159,4,1
9940,0,2
9121,10,2
9360,2,2
2497,0,9
10861,8,10
1705,0,9
6829,6,6
7657,10,6
12495,0,3
125,10,9
40,10,9
6363,0,6
12871,1,7
8280,10,6
10684,9,10
2846,3,4
10739,10,10
5906,5,1
10018,1,10
9781,10,2
5419,7,1
11277,8,10
11694,0,10
10672,1,10
9547,3,2
11930,10,10
5044,7,1
1526,5,9
7578,10,6
9401,3,2
3576,0,1
430,10,9
4061,7,1
9486,10,2
11870,9,10
1799,10,9
9976,5,2
5128,4,1
1935,5,9
9466,0,2
3240,3,4
1387,10,9
9788,0,2
10544,9,10
11219,8,10
9035,1,2
1247,5,9
3644,5,1
9505,6,2
9740,6,2
3739,5,1
2167,10,9
7885,2,6
2508,10,9
10359,8,10
2215,10,9
10165,9,10
11516,0,10
8943,10,2
6141,0,6
2735,10,9
469,10,9
1587,3,9
5360,7,1
10956,8,10
10913,1,10
10789,0,10
1179,3,9
4913,3,1
1596,0,9
3844,7,1
9831,3,2
8063,0,6
11099,8,10
7514,0,6
11639,1,10
1098,0,9
7279,10,6
2828,0,9
11724,8,10
5504,3,1
1777,5,9
5839,5,1
12638,0,8
6180,0,6
9916,0,2
650,3,9
12339,1,3
6021,5,1
839,10,9
11244,9,10
4053,5,1
8789,10,2
11322,3,10
11843,9,10
8438,4,6
5631,7,1
1455,0,9
7408,10,6
8594,10,6
7621,3,6
163,5,9
12446,1,3
11040,9,10
4288,3,1
9999,1,10
6226,6,6
9691,5,2
6295,2,6
8688,6,2
8819,10,2
5260,5,1
4731,4,1
8724,5,2
7323,10,6
11314,1,10
8196,2,6
2968,3,1
8514,2,6
10850,1,10
11415,9,10
4452,0,1
1611,5,9
4599,7,1
5918,4,1
9763,3,2
4059,4,1
10016,1,10
9166,0,2
11190,8,10
635,10,9
7248,3,6
9623,10,2
4639,7,1
1755,10,9
12673,0,8
588,0,9
985,10,9
8917,3,2
9898,5,2
4396,5,1
7962,0,6
7073,10,6
11232,1,10
8343,10,6
6370,10,6
11946,10,10
8295,10,6
9982,0,2
12996,10,7
1772,10,9
11451,1,10
4458,5,1
1112,3,9
8744,10,2
11281,8,10
6603,3,6
2404,3,9
4698,5,1
854,3,9
7976,10,6
217,10,9
4234,5,1
4270,7,1
849,4,9
10153,1,10
11554,8,10
4187,5,1
5307,3,1
10930,9,10
7184,0,6
744,0,9
377,10,9
11583,10,10
2355,10,9
11312,1,10
11458,9,10
11962,9,10
10736,10,10
8337,10,6
8140,2,6
7784,0,6
5945,7,1
360,10,9
12826,1,8
8401,3,6
12196,0,3
11735,8,10
12651,1,8
6311,2,6
6584,10,6
5575,4,1
10704,6,10
8119,10,6
9664,10,2
11466,1,10
9234,5,2
6452,10,6
10358,0,10
8287,0,6
6873,3,6
7134,0,6
218,10,9
8911,0,2
8946,6,2
11376,9,10
6915,6,6
845,10,9
4343,4,1
9271,10,2
6987,5,6
4260,7,1
1920,0,9
2256,10,9
8407,2,6
11989,9,10
12575,1,3
9317,3,2
7860,0,6
2529,10,9
7543,0,6
4117,7,1
7043,10,6
10232,8,10
6114,2,6
9539,3,2
2678,10,9
4693,5,1
11741,8,10
4892,4,1
10935,8,10
9044,10,2
12958,1,7
8204,0,6
9941,0,2
11823,10,10
3138,5,1
5024,4,1
8928,4,2
2163,0,9
2610,10,9
1044,10,9
3367,5,1
1573,10,9
6039,5,1
6196,10,6
1967,10,9
1592,10,9
6422,0,6
5499,4,1
12165,9,3
10094,9,10
6138,10,6
9199,6,2
1644,0,9
9774,0,2
11216,9,10
1595,0,9
10545,8,10
9892,10,2
7247,5,6
8727,10,2
868,10,9
11875,1,10
5684,4,1
11356,0,10
924,10,9
6745,3,6
7508,2,6
8364,0,6
6982,6,6
1263,5,9
8423,10,6
5021,4,1
11525,8,10
1570,10,9
2716,7,9
10757,8,10
5835,3,1
979,10,9
5241,4,1
7480,10,6
7108,2,6
2656,10,9
2204,10,9
3868,7,1
6375,0,6
7985,5,6
418,10,9
146,5,9
9169,6,2
2350,10,9
11126,0,10
3555,7,1
3927,7,1
4221,5,1
947,10,9
12282,1,3
3698,5,1
1663,10,9
4531,5,1
7996,2,6
4462,5,1
2399,5,9
8061,0,6
9977,6,2
2388,10,9
12813,1,8
3373,3,1
11792,6,10
9277,5,2
6475,2,6
8997,10,2
10404,8,10
7982,10,6
5138,4,1
8571,2,6
12140,9,3
10179,1,10
3430,4,1
2176,0,9
1271,10,9
5447,4,1
4338,4,1
11900,10,10
10698,8,10
7116,5,6
5909,7,1
3455,3,1
3263,5,1
4276,3,1
11539,1,10
4046,7,1
7069,2,6
3909,4,1
4646,7,1
8918,6,2
10828,8,10
10540,10,10
3204,5,1
11068,9,10
7270,10,6
2857,3,4
3017,5,1
5203,5,1
10944,1,10
3344,4,1
3710,5,1
11074,9,10
118,10,9
7119,10,6
11044,9,10
11750,0,10
3309,4,1
8325,10,6
3633,3,1
3178,5,1
3835,3,1
5917,4,1
5481,5,1
5703,4,1
13011,10,7
4152,4,1
4391,4,1
12169,1,3
10510,1,10
9247,0,2
11766,9,10
2441,10,9
9294,6,2
10423,9,10
3076,5,1
4010,10,0
9742,0,2
6877,0,6
11201,9,10
9768,4,2
10890,9,10
7539,2,6
4432,7,1
4035,7,1
7169,2,6
11775,8,10
812,10,9
9759,10,2
8186,0,6
7801,2,6
11282,8,10
4554,5,1
79,10,9
6812,5,6
9591,0,2
1688,10,9
10309,8,10
3046,7,1
1107,3,9
6668,10,6
4470,5,1
5111,5,1
3083,5,1
2209,4,9
2228,10,9
11880,1,10
1305,10,9
2487,10,9
6389,10,6
6540,10,6
4321,4,1
8378,0,6
12743,1,8
2098,10,9
12211,1,3
11997,0,10
5709,4,1
4634,4,5
11511,9,10
12462,1,3
3517,4,1
12251,9,3
3381,3,1
246,10,9
9849,4,2
5048,4,1
6334,10,6
10281,8,10
2726,0,9
1933,5,9
1546,3,9
4733,4,1
11166,0,10
9985,1,10
10208,1,10
10927,8,10
3530,7,1
11403,1,10
4186,3,1
1365,5,9
5717,4,1
6479,0,6
9915,3,2
5226,4,1
10546,8,10
9202,0,2
726,0,9
12910,0,7
2052,10,9
3417,3,1
4716,3,1
1952,0,9
11257,8,10
12497,1,3
6909,10,6
3233,3,4
11350,1,10
2898,10,4
3608,3,1
2993,5,0
5741,5,1
11237,1,10
9236,5,2
4522,7,1
10323,8,10
11020,8,10
2059,10,9
9470,0,2
6093,5,1
12400,1,3
9631,10,2
8520,0,6
11000,9,10
9357,7,2
3672,4,1
8735,0,2
7464,10,6
12778,1,8
1474,10,9
12574,1,3
1334,10,9
7738,3,6
3297,7,1
10495,8,10
2039,10,9
12090,9,3
8101,6,6
7364,0,6
12031,9,10
10938,8,10
1680,10,9
1613,5,9
2060,7,9
7921,3,6
5891,5,1
8840,10,2
10504,8,10
10351,9,10
7489,10,6
11834,1,10
9109,0,2
4564,7,1
7160,0,6
1648,10,9
719,10,9
3651,4,1
11966,9,10
5994,4,1
8006,2,6
6211,2,6
5648,4,1
8303,10,6
2310,3,9
619,10,9
11725,0,10
5377,7,1
422,10,9
11127,8,10
1994,10,9
9953,10,2
10674,9,10
10460,8,10
6641,10,6
549,10,9
1624,10,9
4816,3,1
4692,0,1
7794,0,6
11324,8,10
9485,10,2
8481,10,6
9829,3,2
2793,10,9
11293,0,10
8612,10,6
12359,1,3
3796,4,1
12152,1,3
4184,7,1
11683,0,10
11868,9,10
7229,3,6
12034,9,10
3583,7,1
5076,7,1
12055,8,10
11751,0,10
12585,1,3
4745,4,1
3148,4,4
2073,5,9
4537,5,1
11686,8,10
12161,9,3
173,10,9
5974,4,1
2965,4,4
10240,8,10
12750,0,8
9039,6,2
3678,5,1
10289,8,10
1760,10,9
1816,0,9
8387,10,6
9022,10,2
2630,10,9
6294,10,6
587,10,9
5422,5,1
5922,7,1
5820,7,1
6968,0,6
3111,4,1
5299,7,1
7591,10,6
447,10,9
9570,0,2
12460,1,3
12719,9,8
11338,9,10
4317,7,1
954,10,9
8829,1,2
5977,5,1
3876,5,1
8962,1,2
9887,10,2
5872,7,1
5086,5,1
6320,0,6
9430,0,2
12465,9,3
12392,9,3
3159,3,1
8813,10,2
291,10,9
640,10,9
6528,0,6
4460,5,1
7700,0,6
2410,10,9
12007,9,10
6353,0,6
11202,8,10
5938,7,1
11080,8,10
8331,0,6
12923,0,7
9808,6,2
5947,7,1
8417,0,6
303,10,9
3807,10,1
12851,1,7
9511,10,2
1350,10,9
7527,3,6
385,10,9
6848,3,6
1845,0,9
1896,5,9
10218,4,10
264,10,9
9264,5,2
5054,3,1
11060,0,10
6632,2,6
2870,7,1
792,10,9
11643,1,10
9461,10,2
9882,8,2
1145,10,9
1607,10,9
4215,7,1
1797,10,9
2569,0,9
8635,2,6
11599,1,10
6129,10,6
9512,6,2
10606,9,10
2810,10,9
11233,1,10
4413,4,1
3436,5,1
9015,7,2
6561,3,6
7916,0,6
3926,7,1
12366,0,3
585,0,9
846,5,9
11794,0,10
11518,1,10
12272,1,3
6214,0,6
11495,9,10
3518,4,1
3166,7,1
5362,4,0
7993,10,6
8068,0,6
1961,10,9
12451,1,3
12499,1,3
2740,5,9
11123,8,10
7716,7,6
2411,10,9
1750,10,9
3167,4,4
5946,4,1
4523,3,1
4758,4,1
8907,10,2
2815,10,9
5408,5,1
2714,0,9
5497,4,1
5281,5,1
9851,10,2
10295,1,10
7843,2,6
9569,10,2
2892,3,4
684,5,9
9140,10,2
2034,10,9
8371,0,6
2658,0,9
8231,0,6
1437,10,9
6763,0,6
9207,10,2
7131,2,6
6100,7,1
6517,2,6
8990,0,2
9988,8,10
9099,10,2
10904,0,10
8857,6,2
8602,0,6
902,0,9
6854,2,6
8314,2,6
6600,0,6
1471,3,9
9145,3,2
11942,0,10
11856,1,10
10884,0,10
3086,5,1
3738,10,1
5555,4,1
9676,0,2
12563,0,3
12076,1,3
2703,10,9
12059,0,10
3220,3,4
7753,10,6
8767,5,2
12449,1,3
12942,9,7
574,3,9
7428,3,6
10360,1,10
1837,10,9
7003,4,6
544,10,9
7097,10,6
11109,8,10
4548,5,1
9733,10,2
8163,2,6
11810,10,10
11377,9,10
4583,7,1
10342,8,10
6037,7,1
540,4,9
8110,0,6
11413,8,10
9516,10,2
4903,4,1
3686,5,1
11969,0,10
9716,10,2
4364,3,1
5910,0,1
1375,10,9
542,5,9
11659,0,10
7046,10,6
1219,10,9
8178,2,6
1727,5,9
8848,0,2
9056,6,2
91,10,9
668,10,9
4536,5,1
11817,5,10
5334,5,0
8235,2,6
2876,4,4
1103,3,9
10107,8,10
9869,6,2
3580,10,1
12288,0,3
9563,5,2
3570,3,1
12398,9,3
2831,5,9
2753,10,9
11702,0,10
11604,1,10
9593,0,2
7415,3,6
639,7,9
8893,0,2
6620,2,6
8028,10,6
1732,10,9
11406,9,10
3628,3,1
1239,5,9
7241,3,6
4280,7,1
7402,2,6
4282,7,1
11155,1,10
12814,1,8
1893,10,9
826,10,9
8415,2,6
8476,10,6
1114,3,9
5001,7,1
12888,0,7
10074,8,10
6534,10,6
9089,3,2
3192,4,1
3845,4,1
843,5,9
2881,5,1
965,10,9
7510,10,6
4490,7,1
57,4,9
899,0,9
934,10,9
8099,6,6
1171,5,9
5610,4,1
4946,7,1
3631,4,1
10642,9,10
10317,9,10
7372,0,6
9732,6,2
5364,5,1
4314,5,0
9337,10,2
8397,0,6
6404,10,6
6926,7,6
1654,5,9
12979,1,7
10568,8,10
9556,10,2
9494,0,2
7274,2,6
2987,3,1
2809,4,9
283,10,9
12388,1,3
577,5,9
9799,0,2
96,10,9
2812,10,9
9562,3,2
223,10,9
2862,4,4
12338,1,3
113,10,9
10992,1,10
10480,9,10
10979,10,10
10525,8,10
3546,10,1
1493,5,9
11705,1,10
11181,8,10
12244,1,3
6267,0,6
12017,9,10
11593,0,10
2224,10,9
3577,3,1
10993,8,10
9000,6,2
6707,3,6
4189,5,1
4075,5,1
10700,1,10
11866,9,10
4250,7,1
4126,5,1
8072,5,6
1662,10,9
11695,8,10
9818,10,2
9756,0,2
11757,9,10
11066,9,10
10613,9,10
5694,7,1
3593,7,1
3416,5,1
2458,10,9
11379,8,10
962,10,9
3914,4,1
5725,4,1
12544,9,3
12193,1,3
5822,3,1
12556,10,3
3052,4,1
9542,5,2
5213,7,1
10263,10,10
10581,8,10
4952,5,1
8697,6,2
6803,0,6
5612,7,1
6095,7,1
5126,4,0
2784,0,9
7282,0,6
2946,5,1
10619,8,10
4727,4,1
8451,0,6
7883,2,6
2147,10,9
1790,0,9
11025,9,10
748,10,9
12775,1,8
11760,8,10
797,10,9
11209,10,10
9909,5,2
5857,7,1
598,10,9
6716,10,6
5386,5,0
835,4,9
4156,7,1
3670,5,1
4065,3,1
2275,10,9
3572,5,1
8803,1,2
6030,0,1
11254,1,10
3285,0,1
3419,7,1
6565,3,6
6644,10,6
10394,8,10
11496,9,10
6761,0,6
3257,4,1
9004,10,2
10573,9,10
5793,7,1
9194,6,2
9081,6,2
3512,5,0
12806,1,8
4927,4,1
663,10,9
1928,10,9
8154,0,6
11980,9,10
4120,7,1
10273,6,10
4466,3,1
804,0,9
12124,1,3
2369,10,9
3034,3,1
7409,2,6
4807,7,1
7493,0,6
10023,0,10
11396,1,10
12135,1,3
3331,3,4
4725,3,1
11288,8,10
2561,10,9
4095,4,1
3191,3,1
12470,1,3
12477,9,3
6734,3,6
108,5,9
10947,10,10
7876,10,6
8611,0,6
10734,0,10
4770,4,1
12309,1,3
8456,10,6
2853,4,4
6424,0,6
10503,8,10
10589,1,10
880,10,9
6002,5,1
11150,1,10
3493,3,1
12800,1,8
9187,6,2
10034,8,10
3875,5,1
6959,0,6
8587,0,6
5988,5,1
9621,0,2
393,0,9
6163,0,6
7852,3,6
1667,10,9
12864,0,7
1517,10,9
4921,7,0
1620,10,9
3101,4,4
121,10,9
6360,0,6
12039,8,10
7135,10,6
5680,4,1
8746,10,2
1249,0,9
12474,1,3
7733,2,6
2102,5,9
5685,7,1
2299,5,9
10611,0,10
6137,10,6
8570,2,6
9975,6,2
3008,4,4
10814,1,10
6450,2,6
44,0,9
11490,9,10
12203,1,3
12285,9,3
8255,10,6
5803,7,1
1892,3,9
1429,3,9
569,10,9
1376,0,9
9753,5,2
9629,10,2
7693,2,6
6746,0,6
12111,1,3
2254,0,9
3679,7,1
4269,7,1
12066,1,3
7645,2,6
3717,5,1
5397,4,1
4378,7,1
4890,7,1
7423,3,6
10361,1,10
11846,0,10
6365,2,6
7625,10,6
7477,10,6
10329,1,10
9257,0,2
3442,7,1
6710,10,6
8380,0,6
482,10,9
2135,10,9
10966,0,10
9343,7,2
2416,10,9
7894,3,6
938,10,9
10037,8,10
12292,0,3
2801,10,9
90,10,9
10542,8,10
484,10,9
8273,0,6
6550,10,6
11242,1,10
13003,0,7
4426,5,1
4077,7,1
7458,10,6
9228,4,2
11049,1,10
248,5,9
10758,10,10
2125,3,9
5266,3,1
10325,8,10
6388,10,6
522,5,9
11267,1,10
3047,7,1
9575,10,2
3831,5,1
12818,1,8
216,10,9
4171,4,1
8845,5,2
7216,10,6
6451,10,6
12809,1,8
6646,0,6
10067,1,10
4957,4,1
6654,10,6
9594,10,2
10370,1,10
5736,3,1
9791,4,2
2398,10,9
11012,8,10
9374,6,2
2581,5,9
6640,10,6
3999,7,1
5480,10,1
3387,4,1
7553,2,6
2211,10,9
3175,5,1
1463,10,9
11958,8,10
9289,0,2
4596,7,1
3000,7,0
313,10,9
12980,0,7
12819,1,8
5668,0,1
1734,5,9
12906,9,7
2655,10,9
8264,10,6
5404,5,1
8970,10,2
3372,4,4
7125,2,6
1366,5,9
6243,3,6
10901,3,10
5220,7,1
7255,10,6
3449,7,1
6796,2,6
6047,4,1
5222,4,5
3899,3,1
5676,3,1
8861,0,2
1684,0,9
3728,4,1
3946,10,0
12685,1,8
12655,10,8
1876,3,9
9135,3,2
11692,0,10
7172,10,6
12332,1,3
11608,8,10
8112,7,6
10130,1,10
6904,10,6
10250,9,10
5821,7,1
11561,9,10
3985,4,1
7015,10,6
1545,3,9
9974,2,2
1996,0,9
7210,0,6
12487,10,3
12239,9,3
11148,1,10
2709,5,9
6788,0,6
2825,3,9
12712,1,8
210,10,9
8821,6,2
10428,9,10
9796,0,2
6299,3,6
2435,10,9
9340,5,2
4098,7,1
4905,7,1
9968,5,2
10594,9,10
7061,5,6
10816,1,10
3292,7,1
5157,5,1
1600,0,9
1767,10,9
11425,0,10
4627,5,1
7174,2,6
8025,10,6
9597,10,2
3476,3,1
4345,7,1
1408,9,9
10810,8,10
5275,3,1
4557,7,1
3282,5,1
4363,5,1
3219,3,4
4812,7,1
11128,0,10
6882,0,6
12962,0,7
3201,4,1
9568,0,2
9218,0,2
7600,10,6
4755,5,1
7808,6,6
11556,0,10
7231,3,6
7404,10,6
10282,8,10
5545,0,0
10177,1,10
5996,7,1
5599,4,1
1910,10,9
7826,0,6
1032,10,9
6357,3,6
6656,10,6
6016,7,1
12401,1,3
12402,10,3
11913,10,10
3879,3,1
9714,7,2
7020,2,6
6107,5,1
8956,10,2
6362,10,6
2160,10,9
6680,2,6
10407,8,10
8933,0,2
1193,10,9
2622,10,9
5291,6,1
7726,10,6
5287,7,1
5392,7,1
2426,10,9
5022,5,1
6293,10,6
4348,3,1
5950,4,1
1513,0,9
6464,5,6
1075,10,9
7435,2,6
9998,1,10
10190,8,10
7677,10,6
1955,0,9
3764,7,1
1618,10,9
1850,10,9
1002,10,9
6779,2,6
2323,10,9
11259,10,10
6658,10,6
1482,10,9
980,10,9
8728,6,2
11988,9,10
7045,0,6
11934,8,10
6383,5,6
11963,9,10
9155,0,2
8883,6,2
9559,0,2
10541,9,10
4292,10,0
11850,9,10
7961,3,6
8003,2,6
3439,7,1
3772,3,1
6179,10,6
1786,10,9
8828,6,2
11690,8,10
9079,3,2
5006,7,1
10104,9,10
9855,8,2
5068,4,1
7842,2,6
9021,6,2
4869,7,1
1580,0,9
6912,0,6
2574,10,9
2884,3,4
5696,4,1
892,5,9
12598,0,3
9834,0,2
9655,8,2
1835,10,9
7814,10,6
11806,10,10
11175,10,10
1459,3,9
8812,6,2
1155,0,9
7163,10,6
3320,7,1
2929,5,1
1953,0,9
10304,0,10
8945,7,2
12784,1,8
7139,3,6
1105,3,9
1890,10,9
1775,10,9
8958,6,2
12246,7,3
7614,2,6
3453,4,1
12686,1,8
10604,8,10
3329,4,1
10313,9,10
11279,9,10
8229,3,6
11149,1,10
7230,10,6
10479,8,10
158,5,9
2960,4,4
2068,10,9
2359,5,9
2356,5,9
12436,1,3
12502,1,3
9261,10,2
1255,4,9
2322,5,9
3499,7,1
1078,10,9
2695,5,9
7033,10,6
9587,10,2
12146,1,3
4606,3,1
8521,10,6
423,0,9
4224,4,1
3681,5,1
11374,8,10
3260,3,4
3050,7,1
6483,3,6
11231,1,10
12500,0,3
4623,3,1
5393,7,1
7914,10,6
912,10,9
43,10,9
4091,3,1
1398,5,9
11431,9,10
11738,0,10
8247,0,6
338,0,9
11083,8,10
10562,9,10
5039,7,1
12104,1,3
1452,10,9
2539,10,9
4201,7,1
7074,10,6
12382,1,3
11436,1,10
6593,0,6
739,10,9
11397,1,10
2455,5,9
9297,6,2
12756,1,8
10640,9,10
3697,7,1
3667,7,1
11619,0,10
8575,0,6
7444,10,6
5217,7,1
7447,10,6
12424,1,3
12861,1,7
1530,5,9
10297,1,10
4933,7,1
11625,1,10
6236,3,6
573,10,9
2450,10,9
6011,7,1
6663,2,6
5206,4,1
5323,3,1
9301,5,2
7930,3,6
9143,6,2
11703,8,10
3884,4,1
9094,6,2
9674,0,2
5758,3,1
11052,8,10
9878,10,2
3225,3,4
4843,3,1
12527,1,3
2005,10,9
1458,0,9
5699,4,1
11562,10,10
5369,7,1
5019,7,1
5060,4,1
5175,5,1
7275,4,6
5572,5,1
5600,4,1
3938,7,1
2547,0,9
10840,8,10
5964,4,1
1319,0,9
5468,3,1
12444,1,3
8032,10,6
8394,0,6
11519,0,10
9490,3,2
5313,7,1
12092,1,3
2408,3,9
8634,0,6
7752,0,6
8695,5,2
8453,0,6
8929,6,2
12648,1,8
9246,10,2
1393,10,9
5813,7,1
12409,1,3
11384,1,10
711,10,9
5987,7,1
8249,10,6
7107,10,6
752,10,9
4172,7,1
9912,10,2
10474,9,10
10007,9,10
12489,9,3
10549,9,10
3217,3,4
5748,4,1
2799,10,9
3428,5,1
7440,10,6
1834,0,9
8662,0,2
12850,1,7
5405,7,1
2639,10,9
7758,0,6
12694,1,8
4183,7,1
7831,10,6
7541,10,6
7863,0,6
11973,0,10
12160,9,3
11318,8,10
11904,10,10
2205,10,9
8116,10,6
476,10,9
6616,0,6
12916,1,7
9361,4,2
3743,5,1
8268,10,6
12695,1,8
10426,9,10
10985,5,10
10207,8,10
11621,1,10
9346,7,2
4090,7,1
4726,4,1
1407,10,9
4356,4,1
10051,9,10
750,5,9
5948,7,1
11129,1,10
7893,3,6
2878,5,1
12905,9,7
429,10,9
5401,7,1
8884,5,2
11050,1,10
3658,7,1
1687,10,9
8941,5,2
12720,10,8
4355,7,1
2229,5,9
6486,4,6
11854,9,10
1584,10,9
4443,3,1
3838,7,1
9635,6,2
6270,2,6
4387,4,1
6380,3,6
6563,3,6
8115,5,6
4371,4,1
7520,10,6
10090,3,10
4941,7,1
11380,8,10
9368,4,2
10811,9,10
4421,7,1
10725,8,10
11196,0,10
10478,8,10
11515,0,10
9515,10,2
2332,10,9
9871,0,2
1923,5,9
149,0,9
8875,2,2
12252,1,3
5295,7,1
2976,10,1
9181,0,2
4802,7,1
10109,8,10
6264,2,6
1674,10,9
9148,6,2
10156,8,10
1730,10,9
896,10,9
10891,9,10
9467,6,2
6736,0,6
8965,0,2
11492,9,10
1081,10,9
2008,5,9
11885,9,10
4054,7,1
12056,8,10
2626,10,9
7729,0,6
7360,0,6
8208,7,6
8065,0,6
12528,1,3
5088,5,1
9098,6,2
2724,4,9
7756,0,6
702,5,9
8012,2,6
5035,7,1
9801,0,2
3464,3,1
2420,10,9
5897,5,1
7587,10,6
8363,3,6
6673,0,6
7283,10,6
8720,10,2
4308,7,1
6003,7,1
3871,7,1
1964,10,9
5543,4,1
232,10,9
6327,2,6
5815,3,1
3070,4,4
3784,5,1
3085,5,0
6170,2,6
2576,10,9
262,10,9
5238,3,1
4750,4,1
3230,3,4
956,10,9
2069,5,9
597,5,9
10054,6,10
8535,2,6
4379,7,1
10557,8,10
5073,7,1
9415,5,2
1779,5,9
1668,0,9
8448,2,6
9227,4,2
2155,10,9
2642,0,9
1410,10,9
11087,8,10
6807,2,6
7494,0,6
348,0,9
12807,1,8
674,10,9
7933,3,6
9300,4,2
2562,10,9
501,10,9
9682,10,2
1706,10,9
1902,7,9
2220,10,9
3803,5,1
3158,3,1
12356,9,3
11791,6,10
9893,6,2
8001,0,6
8988,2,2
1061,10,9
4411,7,1
11986,9,10
5143,7,1
4663,7,1
8109,3,6
6269,0,6
621,0,9
12782,1,8
7778,3,6
11802,10,10
475,10,9
3130,7,1
3989,7,1
6927,0,6
10265,8,10
10761,10,10
3559,4,1
3281,5,1
1763,10,9
22,7,9
5532,4,1
5302,10,1
12144,1,3
1856,10,9
6071,7,1
4306,3,1
3716,4,1
5201,3,1
997,10,9
6070,5,1
9321,4,2
234,10,9
2352,0,9
4579,3,1
11096,1,10
2221,0,9
8795,0,2
9939,6,2
8344,2,6
5837,3,1
11550,8,10
4133,3,1
6753,0,6
11474,1,10
8651,4,2
2931,3,4
169,0,9
12993,9,7
666,10,9
8267,2,6
10794,1,10
7691,3,6
5228,4,5
12845,1,8
6888,0,6
1591,10,9
3808,4,1
3712,10,0
9777,4,2
10420,9,10
7661,3,6
3293,7,1
2200,7,9
5398,4,1
7692,0,6
11915,1,10
2222,10,9
175,10,9
9719,7,2
2406,10,9
1264,10,9
10756,1,10
5196,7,1
7182,2,6
7705,2,6
3091,4,1
9326,0,2
11481,8,10
8261,3,6
8319,3,6
7361,3,6
8470,2,6
5805,4,1
10618,8,10
1109,10,9
3694,4,1
5029,4,1
7607,10,6
11018,0,10
10430,9,10
11212,9,10
7603,10,6
2297,3,9
6523,2,6
11535,9,10
3028,4,4
4651,7,1
2978,7,1
6519,0,6
820,0,9
4724,10,1
9735,6,2
5200,5,1
2646,10,9
10981,9,10
12825,1,8
12852,1,7
10248,9,10
9126,0,2
3790,4,1
799,7,9
10476,9,10
11551,8,10
2443,10,9
4722,7,1
12063,9,3
5852,4,1
6204,10,6
12689,1,8
8890,0,2
12680,1,8
7105,10,6
4780,5,1
1072,0,9
3552,4,1
1272,10,9
4862,7,1
6500,2,6
859,5,9
3027,4,4
6121,0,6
643,10,9
1332,10,9
5140,7,1
1956,10,9
1261,10,9
6722,2,6
7253,10,6
9427,10,2
12190,1,3
11924,9,10
5573,4,1
5527,7,1
4990,7,1
341,10,9
13002,0,7
10,5,9
8518,2,6
1262,0,9
2938,5,1
2049,10,9
12213,1,3
10924,8,10
6094,4,1
465,10,9
9885,0,2
8103,2,6
3648,5,1
11858,9,10
4320,5,1
4449,5,1
5354,7,1
2158,10,9
8558,2,6
3632,7,1
5464,7,1
12364,1,3
5763,7,1
3072,3,1
12693,1,8
11205,8,10
12113,9,3
3400,4,1
4164,7,1
11385,9,10
5376,5,1
911,10,9
2917,4,1
9195,6,2
4650,3,1
2994,5,0
4635,7,0
362,10,9
249,10,9
9533,4,2
581,10,9
8901,5,2
2231,5,9
11110,8,10
12703,1,8
5925,7,1
8031,0,6
8269,10,6
8177,0,6
9884,0,2
10151,1,10
7646,3,6
8278,6,6
11592,8,10
483,5,9
1342,0,9
1404,0,9
3986,5,1
5418,4,1
9013,0,2
12415,1,3
2000,10,9
1586,0,9
9602,0,2
3767,10,1
6674,2,6
4303,10,0
11292,9,10
6821,10,6
4139,5,1
2083,10,9
7643,2,6
11106,8,10
10983,9,10
11135,9,10
7910,5,6
8059,0,6
950,10,9
10364,8,10
11182,1,10
1360,3,9
5294,7,1
10425,9,10
12210,9,3
1725,10,9
1990,7,9
8862,6,2
1872,0,9
1571,10,9
4968,7,1
7373,3,6
5727,7,0
11358,0,10
1669,10,9
716,10,9
240,3,9
11250,10,10
7954,2,6
1770,10,9
7560,2,6
2920,4,4
11906,10,10
6042,7,1
7071,10,6
7333,10,6
3352,7,1
11660,1,10
11266,1,10
632,10,9
1073,10,9
12061,1,3
474,10,9
8599,10,6
5640,4,1
420,0,9
95,10,9
11547,0,10
2029,10,9
3363,3,4
11444,0,10
12836,1,8
2629,10,9
1917,10,9
10078,9,10
10106,9,10
5416,5,1
11710,0,10
11215,9,10
8932,10,2
2710,5,9
2617,3,9
7165,4,6
9020,10,2
7277,10,6
2512,10,9
11144,10,10
1389,4,9
11957,8,10
1269,10,9
2264,0,9
5785,0,1
3342,3,1
1168,10,9
7350,0,6
12567,0,3
10137,7,10
6384,5,6
354,10,9
11507,9,10
4687,7,1
7022,0,6
10974,0,10
3931,5,1
11238,1,10
10354,9,10
6804,5,6
5336,4,1
4352,7,1
290,10,9
8557,2,6
12274,1,3
9110,0,2
4798,7,1
8047,0,6
10751,1,10
6051,7,1
6797,2,6
11470,9,10
3317,7,1
11145,8,10
220,10,9
7317,10,6
12810,1,8
8106,7,6
8095,0,6
9950,10,2
4298,10,0
2078,10,9
8108,0,6
2864,3,4
9906,0,2
144,10,9
2902,3,1
10879,1,10
2249,10,9
7181,10,6
7233,0,6
3398,4,4
6490,2,6
5032,4,1
1577,10,9
7236,10,6
7252,5,6
10683,9,10
2553,10,9
6202,0,6
7499,2,6
7891,5,6
11393,1,10
5243,7,1
10519,8,10
4695,5,1
11538,1,10
13005,0,7
7391,10,6
2551,10,9
11089,9,10
10652,8,10
4570,4,1
4256,10,0
3834,7,1
1479,10,9
11448,1,10
7144,10,6
10677,9,10
7056,2,6
6546,10,6
11564,8,10
7795,2,6
6456,2,6
8600,10,6
12919,1,7
2774,10,9
8309,10,6
9517,6,2
201,0,9
10995,9,10
1177,3,9
336,7,9
1798,10,9
10048,9,10
10588,0,10
8975,6,2
1643,0,9
5794,7,1
7329,2,6
31,10,9
2175,10,9
9706,0,2
10575,9,10
6895,0,6
5522,7,1
10124,8,10
6297,2,6
12044,9,10
5166,3,1
11432,8,10
8540,2,6
2415,10,9
5321,3,1
10053,9,10
11737,8,10
8974,6,2
4516,7,1
6984,2,6
8145,5,6
2166,10,9
2600,0,9
2445,5,9
2442,10,9
347,10,9
11761,1,10
9086,6,2
8350,3,6
3934,7,1
9612,10,2
6151,2,6
12746,1,8
6074,5,1
5745,4,1
1740,10,9
10245,9,10
867,0,9
6233,2,6
8474,10,6
3463,0,0
119,10,9
503,5,9
10555,9,10
7757,0,6
5399,4,1
4174,10,0
13027,9,7
7662,10,6
2979,0,1
280,10,9
7920,10,6
603,10,9
139,10,9
2191,10,9
6925,7,6
11320,9,10
5027,10,1
3080,5,1
4073,7,1
6512,10,6
6747,7,6
1310,10,9
3893,7,1
7971,10,6
1660,10,9
8223,2,6
2594,4,9
11186,9,10
5105,7,1
931,10,9
10027,8,10
7088,2,6
10784,1,10
5609,4,1
4424,5,1
5662,4,1
11570,1,10
7506,0,6
6282,2,6
404,5,9
10591,1,10
10419,9,10
11786,0,10
7446,3,6
10461,8,10
7850,3,6
8887,6,2
10154,8,10
7068,10,6
12973,0,7
5960,7,1
2584,10,9
11655,0,10
8809,6,2
12245,1,3
6969,0,6
4417,4,5
1059,10,9
70,10,9
2525,0,9
1022,10,9
521,3,9
11985,9,10
656,10,9
6369,10,6
3235,3,4
12011,8,10
9378,0,2
10920,0,10
5062,7,1
8619,2,6
10031,1,10
7267,10,6
8262,3,6
9841,6,2
3120,5,1
10385,8,10
1948,10,9
12008,9,10
11452,8,10
7908,10,6
3979,4,1
8157,0,6
10042,9,10
8435,0,6
9734,10,2
11423,0,10
4033,7,1
5420,7,1
11615,0,10
1929,5,9
5643,5,1
11763,9,10
12542,9,3
7777,4,6
3318,0,1
1386,10,9
12441,9,3
2183,0,9
6700,2,6
12718,1,8
6272,3,6
4092,4,1
1949,5,9
7997,0,6
12218,1,3
8430,0,6
9201,3,2
11665,1,10
11336,1,10
7427,0,6
5055,4,1
6617,3,6
8342,0,6
7772,0,6
12994,0,7
12967,0,7
8002,2,6
1937,5,9
10093,9,10
9123,8,2
8129,0,6
3414,5,1
9031,1,2
11381,1,10
3137,4,4
12326,1,3
11065,9,10
12412,1,3
5649,7,1
7009,0,6
10214,1,10
1000,10,9
4998,7,1
12170,1,3
5388,7,1
239,0,9
11351,1,10
8083,10,6
6330,0,6
7133,2,6
6998,2,6
2304,3,9
5512,7,1
6240,2,6
11977,9,10
3444,3,1
1460,10,9
4511,7,1
10189,8,10
8734,10,2
11918,10,10
7884,3,6
2013,5,9
1337,10,9
5617,4,1
12336,1,3
9120,10,2
9972,0,2
1854,0,9
9492,5,2
5164,3,1
7984,10,6
5656,4,1
7926,3,6
10000,1,10
7886,10,6
7927,3,6
5614,3,1
3886,4,1
11569,1,10
2195,3,9
6974,4,6
12678,0,8
1201,0,9
3113,4,1
10019,1,10
925,10,9
5361,7,1
9176,6,2
5585,7,1
9116,4,2
6591,2,6
4244,10,1
10391,8,10
7580,10,6
3832,4,1
5984,4,1
1180,3,9
10527,8,10
7161,6,6
1277,10,9
4012,7,1
11770,0,10
8646,6,2
4914,3,1
1633,10,9
6610,2,6
12324,1,3
8760,4,2
17,7,9
710,4,9
1148,0,9
11097,8,10
5931,4,1
2206,10,9
12652,1,8
2657,0,9
5706,4,1
4304,7,1
7877,0,6
4915,7,1
7226,2,6
8039,10,6
5877,7,1
11104,8,10
7768,0,6
3753,7,1
3361,0,4
2943,4,1
6431,10,6
25,7,9
7846,2,6
5284,4,1
8723,5,2
12126,1,3
12006,9,10
6900,0,6
8825,3,2
1554,3,9
6046,4,1
6933,0,6
1062,10,9
8609,5,6
9881,10,2
8830,0,2
9766,3,2
2384,10,9
24,7,9
1998,10,9
10308,8,10
3253,4,4
9934,6,2
5231,5,1
967,10,9
9006,6,2
7014,2,6
12202,1,3
2197,3,9
8244,2,6
6028,4,1
3643,5,1
12812,1,8
11573,8,10
1623,10,9
7035,0,6
9850,0,2
5424,10,1
7630,2,6
2680,7,9
10236,8,10
6461,10,6
4520,10,1
4109,3,1
9899,10,2
10853,10,10
7552,10,6
12596,0,3
9003,6,2
2939,5,1
9866,0,2
1844,10,9
4735,4,1
2971,5,1
10241,8,10
4128,3,1
6457,2,6
9225,10,2
10388,8,10
2802,4,9
873,10,9
7179,2,6
4076,7,1
8799,6,2
11223,9,10
10298,1,10
6120,0,6
359,10,9
876,10,9
74,10,9
4415,7,1
8930,6,2
8383,10,6
3142,5,1
2130,10,9
8706,2,2
7943,10,6
8593,10,6
4860,7,1
6625,2,6
4196,5,1
9173,6,2
11136,9,10
10452,8,10
5698,5,1
1802,3,9
3019,5,1
6756,5,6
11629,10,10
5622,4,1
5413,7,1
6487,7,6
9607,6,2
5254,4,1
2386,10,9
1804,0,9
2915,3,1
10513,9,10
637,10,9
12250,1,3
8080,0,6
9408,5,2
12456,10,3
488,10,9
4739,5,1
2718,0,9
451,3,9
7302,10,6
334,0,9
11063,0,10
3384,3,1
4851,7,1
3391,5,1
2537,10,9
12229,9,3
5535,4,1
10552,9,10
4248,5,0
7653,5,6
7018,2,6
4318,2,1
2244,10,9
4688,10,1
1822,10,9
3718,0,1
2202,10,9
5998,7,1
8148,7,6
6516,0,6
4049,4,5
7689,3,6
2933,5,1
12026,0,10
318,0,9
10173,8,10
3854,5,1
7352,2,6
6161,0,6
12568,1,3
2932,10,4
6526,10,6
7718,2,6
12745,1,8
387,10,9
8228,10,6
5498,3,1
6903,10,6
1867,3,9
1759,10,9
5786,7,1
6041,4,1
12903,9,7
4351,7,1
6412,5,6
3848,3,1
10727,9,10
11732,0,10
8827,6,2
5179,7,1
570,10,9
2207,10,9
11805,10,10
8894,10,2
7942,0,6
1469,10,9
6433,0,6
12934,1,7
5958,3,1
3149,4,4
1256,10,9
7359,0,6
292,10,9
519,10,9
3556,5,1
12406,9,3
10999,0,10
8158,0,6
10815,1,10
11301,6,10
3872,5,1
10096,0,10
8288,0,6
7008,3,6
11375,0,10
2134,10,9
5889,3,1
6325,2,6
8143,0,6
7469,3,6
10878,1,10
9372,2,2
12570,9,3
9807,0,2
9048,10,2
1807,10,9
4146,4,1
9418,10,2
9395,0,2
1960,10,9
6275,3,6
6860,0,6
2967,4,1
8715,6,2
129,10,9
6411,0,6
10371,8,10
12622,0,3
2614,10,9
7533,2,6
3181,5,1
10771,0,10
1720,10,9
2531,0,9
6559,3,6
5496,3,1
2150,10,9
6387,10,6
8536,2,6
10943,0,10
273,0,9
6314,3,6
5582,4,1
1403,10,9
10485,8,10
10386,8,10
512,5,9
11189,8,10
5586,7,1
10872,9,10
8379,10,6
1738,10,9
9857,8,2
3337,5,1
3709,5,1
12978,0,7
7269,10,6
11420,9,10
8567,2,6
1329,10,9
944,10,9
5310,7,1
1728,10,9
4845,7,1
2699,5,9
4353,5,1
7455,3,6
10450,8,10
3461,7,1
4988,3,1
5298,10,1
11023,8,10
7654,10,6
6408,0,6
9112,6,2
7037,3,6
1533,10,9
11818,5,10
2805,0,9
6112,5,1
3567,7,1
2344,10,9
12730,1,8
11677,1,10
10645,9,10
9679,6,2
184,5,9
11504,0,10
12970,1,7
3539,4,1
3018,5,1
9482,5,2
2466,10,9
4088,7,1
5242,7,1
7711,2,6
9996,1,10
8665,0,2
5041,3,1
5326,5,1
4999,7,1
2763,10,9
11210,0,10
900,5,9
2749,7,9
10187,8,10
5516,7,1
3266,3,1
1942,10,9
7747,10,6
2957,4,4
5144,7,1
5693,3,1
10937,8,10
5908,5,1
6484,10,6
2390,10,9
11193,8,10
9588,0,2
7434,2,6
1433,10,9
3723,4,1
4582,7,1
2664,10,9
2115,10,9
10749,8,10
11180,8,10
12404,1,3
6614,2,6
4633,4,1
12505,1,3
12754,1,8
6444,0,6
11747,0,10
6174,2,6
1780,10,9
498,10,9
481,10,9
10333,1,10
4455,7,1
1129,10,9
6191,10,6
8998,10,2
8077,0,6
11295,0,10
12922,0,7
8124,10,6
12547,0,3
3049,7,1
7905,3,6
10633,9,10
10257,1,10
4003,7,1
3806,3,1
1534,10,9
8588,0,6
4863,3,1
2409,10,9
4757,4,1
7855,0,6
5678,5,1
11085,8,10
7102,2,6
2238,10,9
10294,1,10
4643,7,1
7483,10,6
3213,3,4
10848,8,10
12021,10,10
1288,10,9
9543,5,2
9355,7,2
9066,6,2
2033,0,9
6571,2,6
11427,1,10
252,10,9
3571,5,1
513,10,9
5552,7,1
9266,6,2
2813,10,9
12667,0,8
10146,8,10
5949,4,1
4030,7,1
1657,10,9
11283,8,10
9232,3,2
12951,0,7
9527,0,2
12304,0,3
12215,1,3
9797,6,2
8160,0,6
3359,5,1
10740,9,10
9252,6,2
3942,7,1
5954,3,1
6717,10,6
7194,0,6
11984,7,10
7094,10,6
7537,2,6
4366,4,1
12443,0,3
715,10,9
3286,7,1
11053,1,10
11971,9,10
12880,1,7
10559,9,10
12626,1,3
9876,1,2
3699,5,1
11825,0,10
6781,3,6
1673,0,9
7605,3,6
8559,0,6
8660,10,2
5218,7,1
7929,0,6
2452,5,9
10973,10,10
3812,4,1
10202,8,10
2383,0,9
2777,10,9
8661,10,2
8013,2,6
12535,1,3
12243,1,3
4,10,9
2563,10,9
5065,5,1
3316,4,1
6144,0,6
12867,7,7
6025,4,1
202,10,9
11681,0,10
12435,1,3
4116,4,1
3185,5,1
12688,1,8
4661,4,1
9224,7,2
9311,2,2
5979,3,1
2668,0,9
5477,5,1
11912,1,10
1810,3,9
12150,1,3
12988,1,7
1439,10,9
12148,1,3
3112,4,4
4344,7,1
7867,10,6
11095,9,10
9016,4,2
6392,6,6
11328,10,10
6248,10,6
10014,0,10
12840,1,8
6333,10,6
8471,2,6
12314,1,3
1461,10,9
10166,9,10
4878,4,1
2579,10,9
10630,9,10
2992,5,1
1229,3,9
4418,5,1
775,10,9
5127,5,1
6427,10,6
9693,0,2
6973,4,6
5576,5,1
165,10,9
3374,5,4
3881,3,1
4572,7,1
908,10,9
7031,5,6
4232,5,1
2956,4,4
11081,1,10
9800,0,2
4831,4,1
2734,10,9
4701,5,1
5602,4,1
12048,8,10
7847,2,6
12716,1,8
11808,10,10
2484,10,9
12830,1,8
4587,5,1
4294,4,1
6303,10,6
12247,1,3
12717,1,8
9897,0,2
3262,3,4
4245,3,1
2526,10,9
1279,10,9
11871,1,10
12863,9,7
29,4,9
8711,1,2
4552,5,1
2243,10,9
8193,0,6
5436,4,1
2494,0,9
5256,7,1
4112,10,1
5379,10,0
9384,5,2
2514,0,9
2292,3,9
10617,8,10
1094,3,9
9521,6,2
12594,0,3
10685,9,10
12391,9,3
1346,4,9
3958,7,1
10932,9,10
486,9,9
11888,1,10
12468,0,3
8566,2,6
11684,8,10
8127,0,6
10416,8,10
2871,10,1
958,10,9
7873,10,6
2137,5,9
12886,10,7
3066,4,1
1466,3,9
9579,10,2
11640,0,10
8677,10,2
975,10,9
6795,3,6
1163,10,9
369,0,9
4775,7,1
4647,7,1
6822,10,6
2108,10,9
937,10,9
5246,10,0
4501,4,1
8659,10,2
2242,10,9
7011,3,6
6562,3,6
7378,6,6
7245,2,6
765,5,9
130,10,9
140,5,9
8815,10,2
2154,10,9
9370,0,2
9429,10,2
4339,5,1
3770,5,1
5653,7,1
5795,10,1
8021,2,6
4653,5,1
10975,10,10
982,10,9
11622,8,10
2118,10,9
919,10,9
12010,8,10
5752,7,1
12323,9,3
7671,3,6
9319,0,2
4555,4,1
10076,9,10
2955,4,4
54,10,9
12538,1,3
12805,1,8
4956,7,1
107,5,9
1139,3,9
6115,0,6
9557,10,2
12950,1,7
3702,5,1
1886,10,9
11120,9,10
1213,3,9
6972,0,6
530,10,9
2507,10,9
4645,7,1
5037,7,0
9913,5,2
9946,5,2
11321,1,10
6782,6,6
5670,7,1
9305,6,2
6405,2,6
6730,5,6
12790,0,8
4499,7,1
1322,10,9
2482,10,9
10877,1,10
7370,3,6
7218,3,6
10753,8,10
2438,10,9
7150,2,6
5651,7,1
1726,10,9
10587,1,10
6063,10,1
1422,0,9
5087,5,1
10680,1,10
2848,3,4
195,5,9
7951,2,6
9029,6,2
3917,3,1
3347,4,1
8788,6,2
1039,10,9
5491,0,0
65,4,9
4113,5,1
11718,8,10
5842,5,1
913,10,9
7879,10,6
7137,10,6
9826,0,2
3110,7,1
7868,6,6
389,10,9
11812,0,10
7574,10,6
6440,0,6
12982,0,7
8996,6,2
1320,0,9
12656,1,8
9993,9,10
5202,4,1
6134,3,6
11964,9,10
6852,10,6
5232,7,1
11154,1,10
10667,0,10
7479,3,6
2261,10,9
12707,1,8
6637,10,6
3818,7,1
8293,10,6
410,10,9
1052,10,9
5185,5,1
2245,10,9
1701,10,9
6084,3,1
4615,5,1
9023,5,2
5280,5,1
6409,10,6
3964,5,1
4031,7,1
12471,0,3
7286,0,6
2776,0,9
2729,0,9
3684,4,1
6558,3,6
9451,10,2
4929,7,1
3093,7,1
5687,4,1
3116,3,1
2780,5,9
7651,2,6
186,10,9
8942,6,2
5707,4,1
6,3,9
1435,10,9
6623,0,6
1442,5,9
171,10,9
12018,9,10
9212,5,2
1237,7,9
1551,3,9
9752,3,2
9717,0,2
10003,9,10
4060,7,1
7737,7,6
617,0,9
2012,10,9
6749,7,6
2589,0,9
1029,10,9
2501,0,9
2081,10,9
8531,2,6
4996,5,1
7658,3,6
11778,0,10
4842,4,1
7038,2,6
1141,3,9
7348,3,6
12428,1,3
3346,5,1
3882,4,1
11383,1,10
1852,3,9
4230,7,1
10099,8,10
5174,10,1
1203,3,9
3896,4,1
329,10,9
6522,10,6
7880,10,6
12289,0,3
6280,10,6
2633,0,9
9721,0,2
2732,5,9
5557,4,1
12855,1,7
10318,1,10
487,10,9
3933,7,1
12857,1,7
11951,0,10
7461,3,6
10071,9,10
4494,4,1
12551,1,3
2596,10,9
5370,7,1
5760,4,1
1891,10,9
6142,0,6
12405,1,3
6066,4,1
9778,0,2
11382,8,10
12540,9,3
4588,5,1
10747,9,10
6184,3,6
7053,2,6
9534,4,2
4274,7,0
9455,5,2
8516,2,6
1374,10,9
12708,1,8
8698,7,2
6838,3,6
6473,2,6
2890,3,4
10863,0,10
2342,10,9
10936,8,10
10231,8,10
652,0,9
9711,4,2
10079,9,10
785,5,9
6705,10,6
9475,5,2
12297,1,3
2577,3,9
548,10,9
4884,4,1
10125,9,10
10612,0,10
1447,10,9
9330,3,2
1451,10,9
12562,1,3
5943,4,1
7383,0,6
7513,3,6
4216,7,1
1974,10,9
6783,3,6
12728,0,8
9528,10,2
5811,3,1
10977,0,10
2360,10,9
10073,8,10
12220,1,3
1796,10,9
6055,5,1
10406,8,10
6701,2,6
5901,5,1
6659,0,6
7338,0,6
545,10,9
2866,4,4
1146,10,9
2089,5,9
4707,5,1
8023,2,6
5219,7,1
11016,1,10
4141,10,1
10696,1,10
10144,1,10
4624,0,1
8056,0,6
11410,9,10
4971,7,1
11310,1,10
1037,10,9
1833,10,9
7702,10,6
1339,10,9
7791,0,6
1186,3,9
1483,10,9
4746,10,1
511,3,9
8306,5,6
1621,10,9
9302,10,2
10300,1,10
5747,7,1
2636,10,9
6865,3,6
1080,5,9
1831,3,9
2313,3,9
9785,6,2
12036,10,10
3657,7,1
11678,0,10
1562,10,9
10197,8,10
3828,3,1
1485,10,9
7632,10,6
6858,6,6
7013,5,6
5407,7,1
4519,7,1
5951,4,1
8967,6,2
6986,0,6
10926,8,10
3759,4,1
2080,10,9
2128,3,9
8305,10,6
6101,4,1
4444,10,0
9313,10,2
9610,0,2
1230,4,9
5465,5,1
8011,2,6
9686,10,2
6878,10,6
8166,0,6
546,5,9
9193,10,2
5801,4,1
10762,10,10
933,10,9
7507,10,6
7556,10,6
5937,5,1
12450,1,3
6073,10,1
11727,0,10
8318,0,6
9428,6,2
5010,4,1
697,5,9
1125,10,9
646,10,9
10362,9,10
7089,10,6
4365,3,1
1273,10,9
9267,10,2
885,0,9
11663,0,10
7992,2,6
2832,5,9
7531,10,6
10223,8,10
3819,7,1
10916,9,10
2296,3,9
12091,10,3
1988,7,9
7824,0,6
4324,4,1
12566,0,3
1945,5,9
5818,5,1
11776,8,10
12185,1,3
84,0,9
5603,4,1
11417,1,10
5071,5,1
5225,4,1
7261,10,6
1614,5,9
807,0,9
5079,5,1
524,5,9
6997,5,6
2074,10,9
12094,9,3
11402,10,10
8864,6,2
12602,1,3
1733,10,9
1299,10,9
11510,9,10
10903,0,10
3141,3,4
7065,3,6
5292,7,1
678,10,9
11369,0,10
935,10,9
2280,10,9
5305,4,1
8532,0,6
6077,7,1
10269,1,10
2395,5,9
5966,7,1
9214,6,2
8245,3,6
11359,8,10
10635,9,10
3691,10,1
5601,7,1
6820,10,6
1312,10,9
6531,3,6
6148,2,6
11847,1,10
7719,10,6
289,10,9
11011,8,10
1250,10,9
7368,10,6
2464,4,9
5874,4,1
6420,4,6
1739,10,9
2852,4,4
1384,5,9
368,10,9
7796,0,6
8876,2,2
1597,4,9
2363,10,9
12159,9,3
7904,7,6
8854,5,2
2575,10,9
1095,0,9
12212,1,3
1921,10,9
254,10,9
7048,10,6
4290,7,1
10043,9,10
2301,5,9
10532,8,10
2022,3,9
11457,9,10
3144,10,1
11214,1,10
10326,9,10
3169,4,4
9582,0,2
2506,0,9
4534,7,1
10550,8,10
11176,0,10
11588,0,10
2300,5,9
5563,7,1
6870,0,6
6449,2,6
8983,6,2
10778,1,10
12469,1,3
3287,3,1
7635,3,6
8598,10,6
732,10,9
3261,5,1
9992,1,10
9944,6,2
4454,5,1
623,4,9
3775,4,1
2518,0,9
6117,0,6
3274,3,4
9154,6,2
4448,5,1
8066,0,6
11329,8,10
8230,10,6
3847,5,1
10447,8,10
11247,8,10
3323,5,1
5538,4,1
2237,10,9
5317,5,0
10636,9,10
6200,2,6
5781,0,1
12340,1,3
9189,0,2
10752,1,10
4922,7,1
4960,7,1
10837,9,10
8641,8,2
4982,4,1
12379,1,3
988,10,9
7557,2,6
307,10,9
3736,0,1
10607,8,10
3711,5,1
12143,1,3
8259,3,6
12015,9,10
1335,10,9
8376,2,6
5075,7,1
12413,1,3
8982,10,2
11300,6,10
9088,10,2
6958,5,6
1385,0,9
11370,9,10
2403,10,9
1934,5,9
5145,5,1
8500,2,6
10508,1,10
6893,0,6
10058,1,10
9309,10,2
10055,6,10
1123,0,9
8034,3,6
3029,3,4
6898,0,6
1647,0,9
356,10,9
6241,3,6
434,10,9
2192,10,9
6234,10,6
2671,3,9
7354,0,6
1682,10,9
1391,10,9
1497,0,9
11833,0,10
4517,0,1
5083,7,1
2781,10,9
4380,7,1
11993,1,10
6082,3,1
3319,7,1
1246,10,9
1281,10,9
1352,10,9
11656,1,10
4925,5,1
11220,8,10
6774,3,6
11378,8,10
11917,0,10
12774,1,8
5349,7,1
1672,10,9
8377,10,6
10017,8,10
4446,4,1
6976,0,6
10084,0,10
1884,0,9
3289,4,1
809,10,9
8947,6,2
12584,0,3
4769,7,1
8667,0,2
10147,8,10
11613,0,10
9047,5,2
2948,5,1
11339,9,10
6406,2,6
11010,8,10
4423,0,1
4121,7,1
742,10,9
2693,10,9
10345,10,10
12711,1,8
7781,0,6
12759,1,8
3258,4,4
3870,4,1
12981,1,7
9837,0,2
63,5,9
12393,9,3
2838,4,4
9265,5,2
8093,0,6
8964,0,2
11841,9,10
8626,0,6
1721,10,9
161,0,9
9171,10,2
3676,5,1
11306,9,10
11067,9,10
10134,1,10
2185,5,9
1348,10,9
7213,10,6
662,5,9
725,0,9
12593,0,3
10390,8,10
12507,1,3
3055,4,4
9435,3,2
5900,4,1
6199,2,6
1210,3,9
4169,7,1
2840,4,4
6181,3,6
10671,1,10
2564,10,9
10970,0,10
6430,10,6
4079,5,1
2982,5,1
9085,6,2
3140,4,4
8404,10,6
8843,6,2
4777,3,1
2379,10,9
6629,3,6
2218,0,9
4810,3,1
7965,3,6
2627,10,9
2921,10,4
7292,2,6
11043,9,10
3208,10,4
7839,0,6
7577,10,6
4435,7,1
7704,2,6
11662,1,10
9065,6,2
7090,3,6
10750,8,10
3558,4,1
11901,10,10
12550,0,3
11777,8,10
10864,10,10
11572,8,10
12763,1,8
228,3,9
5780,7,1
12632,1,3
9530,6,2
9484,5,2
9400,5,2
11101,8,10
5846,3,1
4684,4,1
5534,4,1
9152,10,2
7792,0,6
8286,2,6
7106,2,6
7052,0,6
11767,9,10
12997,0,7
10050,9,10
1382,0,9
6152,2,6
12000,0,10
5991,5,1
2064,0,9
3041,7,1
564,10,9
12650,0,8
9379,5,2
11886,8,10
3635,7,1
1110,0,9
3611,3,1
12298,1,3
1666,10,9
9362,2,2
7619,2,6
6511,0,6
9990,1,10
7042,10,6
4784,4,1
8266,10,6
5053,7,1
1695,3,9
12184,1,3
11631,10,10
12147,1,3
7060,2,6
8972,4,2
5873,7,1
4360,4,1
10353,1,10
5270,4,1
5384,5,1
12670,0,8
8805,10,2
6414,3,6
10278,8,10
11422,1,10
5214,7,1
12700,1,8
2120,10,9
4089,7,1
2434,10,9
2305,3,9
543,10,9
12217,9,3
10909,8,10
12221,1,3
2092,10,9
939,10,9
11548,8,10
1634,10,9
12053,8,10
2751,7,9
1700,10,9
8658,6,2
6699,10,6
4086,7,1
9730,10,2
8709,6,2
5441,5,1
7583,2,6
5099,7,1
8798,0,2
7436,10,6
4019,5,1
6358,0,6
10984,9,10
8390,3,6
6939,10,6
41,10,9
3379,4,1
2765,0,9
10047,9,10
4507,7,1
7970,10,6
6283,3,6
11192,8,10
4791,4,1
3117,3,1
10490,9,10
3668,5,1
2582,10,9
8586,0,6
3866,3,1
6471,10,6
9523,3,2
5730,4,1
3725,7,1
10433,9,10
3124,5,0
10120,0,10
6469,2,6
10252,9,10
12895,1,7
1053,10,9
7730,3,6
10082,8,10
767,5,9
10610,1,10
1509,10,9
3734,5,1
8339,0,6
4295,7,1
8754,10,2
1472,10,9
10707,8,10
5085,5,1
4978,7,1
11327,0,10
11758,9,10
8340,10,6
6553,3,6
10990,1,10
1858,3,9
8064,0,6
5533,0,1
7237,10,6
1652,10,9
822,10,9
7785,0,6
7070,10,6
4814,5,1
3077,3,1
673,10,9
279,5,9
12740,1,8
8745,6,2
12723,1,8
9564,0,2
6361,0,6
682,0,9
6841,3,6
6212,2,6
203,0,9
848,0,9
8703,0,2
10194,8,10
11111,0,10
1233,10,9
4680,7,1
4011,7,1
8644,0,2
3592,5,1
12848,8,7
1691,10,9
4337,5,1
8062,0,6
957,10,9
3446,7,1
1031,10,9
3237,3,4
850,10,9
6381,3,6
12279,1,3
5171,4,1
9235,5,2
7532,2,6
12597,1,3
11961,8,10
12614,1,3
6693,2,6
6393,10,6
2096,10,9
296,10,9
552,10,9
3829,4,1
4601,4,1
1997,8,9
2348,10,9
6666,0,6
2984,5,1
5892,5,1
5679,7,1
3063,5,1
2354,5,1
1069,10,9
8847,10,2
4560,7,1
12416,1,3
11398,1,10
7448,2,6
7407,4,6
3762,5,1
11679,0,10
8328,10,6
8251,2,6
3345,3,1
2844,4,4
10457,1,10
10467,9,10
2343,10,9
1848,10,9
1266,10,9
2320,10,9
10072,9,10
5853,7,1
9168,10,2
12122,1,3
5664,7,1
1926,10,9
10368,9,10
4562,5,1
9331,10,2
5832,5,1
8365,8,6
9644,10,2
105,10,9
6799,7,6
9923,0,2
12945,10,7
6210,2,6
10492,9,10
2230,5,9
2588,10,9
4967,7,1
1748,10,9
6780,4,6
12376,1,3
7958,0,6
4942,7,1
374,10,9
704,10,9
5661,4,1
2712,10,9
9392,6,2
8721,3,2
11584,0,10
6090,3,1
2495,0,9
8761,0,2
4213,7,1
8922,6,2
4760,3,1
5686,4,1
2295,3,9
786,10,9
9471,1,2
5893,3,1
10305,8,10
12467,1,3
4147,10,1
3825,4,1
7866,10,6
8625,2,6
7059,10,6
12794,0,8
12645,0,8
6044,7,1
5130,7,1
12580,9,3
4096,7,1
2425,10,9
12936,0,7
3131,4,1
9101,6,2
9501,3,2
2666,10,9
2609,5,9
11330,3,10
693,0,9
61,10,9
7858,10,6
5444,5,1
5402,7,1
12660,0,8
10880,1,10
4222,5,1
4949,4,1
7481,2,6
13,5,9
12291,1,3
10431,9,10
353,0,9
624,3,9
10996,1,10
11804,1,10
1045,10,9
11353,0,10
3873,5,1
5352,7,1
4162,7,1
11713,8,10
9063,5,2
9198,6,2
4442,4,1
10831,1,10
2030,10,9
7278,2,6
6580,2,6
12341,1,3
11948,9,10
5800,0,0
6793,3,6
8356,7,6
1538,5,9
10963,9,10
12069,1,3
3574,5,1
1736,10,9
9891,10,2
8817,4,2
4808,7,1
6651,2,6
10339,8,10
5590,7,1
7111,10,6
5581,4,1
9954,6,2
6385,10,6
12062,9,3
1839,7,9
9106,0,2
1503,3,9
8953,0,2
5282,4,1
5177,3,1
8496,2,6
9203,6,2
705,10,9
10412,8,10
2983,5,1
1152,0,9
1275,10,9
2612,0,9
7856,10,6
3004,5,4
1185,3,9
7087,0,6
6505,10,6
10829,8,10
9709,10,2
8504,10,6
5564,7,1
9206,10,2
9178,3,2
7167,2,6
6692,10,6
4500,7,1
800,10,9
8315,2,6
10176,9,10
10923,8,10
7118,2,6
9291,5,2
4492,5,0
5314,7,1
1151,3,9
7521,10,6
11140,0,10
11079,0,10
6911,10,6
11173,9,10
2903,10,1
3707,5,1
11859,9,10
2837,10,9
8393,10,6
7854,3,6
5720,4,1
1368,0,9
11072,9,10
3036,10,1
47,0,9
8240,0,6
4403,7,1
4792,4,1
4665,4,1
9055,0,2
151,5,9
888,10,9
1973,10,9
7751,0,6
10463,9,10
5342,5,1
10554,8,10
1126,3,9
3990,7,1
12592,1,3
10889,9,10
6437,0,6
11731,9,10
3441,7,1
11889,9,10
1658,0,9
7012,3,6
8733,10,2
2062,10,9
6894,5,6
12310,1,3
1522,0,9
3447,4,1
12739,1,8
4515,4,1
1222,10,9
4154,10,1
8873,6,2
3437,7,1
12780,1,8
8175,6,6
1441,5,9
1214,3,9
6374,2,6
12991,0,7
7516,10,6
9105,6,2
3795,7,1
2307,3,9
2922,3,4
6947,2,6
889,10,9
847,10,9
2882,5,1
5064,7,1
8693,10,2
1135,10,9
7486,10,6
9132,6,2
2210,10,9
1492,5,9
4818,5,1
6539,0,6
9862,0,2
67,5,9
6215,0,6
4093,4,1
183,5,9
9419,0,2
5677,7,1
4983,4,1
7203,10,6
10203,0,10
9251,6,2
6739,6,6
2009,5,9
3726,0,1
1296,10,9
1661,10,9
10769,9,10
10279,1,10
3250,4,4
9391,5,2
6706,3,6
1308,10,9
11831,9,10
3454,4,1
718,10,9
5400,3,1
4809,3,1
2764,10,9
8256,0,6
8054,0,6
10986,9,10
4453,10,1
7420,10,6
11627,0,10
5183,4,1
1149,10,9
6218,0,6
2752,7,9
7681,3,6
9773,7,2
2770,10,9
3566,3,1
2616,10,9
12795,1,8
12827,1,8
3777,4,1
3092,7,1
8019,2,6
10098,9,10
10910,9,10
10570,9,10
1930,10,9
5415,5,0
6715,3,6
1364,10,9
7062,2,6
9442,3,2
7399,2,6
2677,10,9
8038,10,6
8405,2,6
4545,10,0
7536,3,6
6577,10,6
9828,4,2
4708,5,1
8898,6,2
3425,7,1
7027,0,6
8176,3,6
3021,4,1
10717,9,10
10851,6,10
11118,8,10
691,0,9
10444,8,10
10221,1,10
1500,3,9
7467,3,6
8502,10,6
4440,7,1
12781,0,8
10654,9,10
5883,5,1
8772,6,2
7549,3,6
11696,0,10
8462,7,6
7555,2,6
5975,7,1
1877,10,9
3939,7,1
12269,1,3
9690,0,2
516,10,9
9444,5,2
4898,5,1
9842,6,2
9782,3,2
7874,10,6
7254,0,6
7642,10,6
3785,4,1
8551,0,6
7783,10,6
7287,10,6
12481,1,3
12854,1,7
4514,7,1
6281,0,6
1,0,9
4493,5,1
11472,8,10
5125,5,1
6726,2,6
1388,0,9
4773,4,1
2400,5,9
9856,0,2
4799,4,1
9919,10,2
11309,9,10
8324,2,6
12930,1,7
1901,10,9
651,4,9
12558,0,3
8694,5,2
4144,4,1
7412,5,6
6837,3,6
2490,0,9
12028,0,10
10530,8,10
1846,0,9
5970,4,1
467,10,9
7969,6,6
8257,10,6
5108,7,1
8826,5,2
12771,1,8
10445,8,10
3744,5,1
295,10,9
8777,3,2
8756,10,2
6462,10,6
875,10,9
3804,4,1
5565,7,1
1718,5,9
12293,1,3
4830,7,1
12029,8,10
9371,4,2
10946,8,10
8486,10,6
10731,8,10
3032,5,1
7673,10,6
2493,0,9
496,0,9
3308,4,1
1710,5,9
157,10,9
2025,10,9
4131,3,1
8373,10,6
2104,10,9
12403,1,3
9555,0,2
10249,9,10
4051,7,1
10242,0,10
1085,5,9
8923,6,2
164,10,9
11387,0,10
5894,5,1
11860,0,10
7742,2,6
2891,3,4
1415,10,9
6442,5,6
9479,10,2
190,5,9
6720,2,6
12035,1,10
2836,0,9
11392,1,10
8620,10,6
8210,0,6
8784,6,2
5929,4,1
3434,3,1
6242,3,6
9256,4,2
11088,8,10
8088,3,6
7189,0,6
381,10,9
5959,4,1
10818,9,10
9540,4,2
4429,4,1
9014,10,2
2023,10,9
2847,5,4
3503,7,1
88,5,9
8576,2,6
9560,5,2
4148,5,1
2366,3,9
4336,7,1
9567,0,2
5505,5,1
9226,4,2
12683,1,8
817,10,9
8084,10,6
8242,0,6
9986,10,10
12112,9,3
2791,0,9
80,10,9
2621,10,9
6033,7,1
11932,10,10
4801,0,0
7623,10,6
8987,4,2
11133,9,10
7818,0,6
10692,8,10
6397,2,6
3389,3,4
2826,5,9
10493,9,10
860,5,9
11363,9,10
8629,10,6
3376,5,1
5814,10,0
4265,10,1
12227,9,3
7647,3,6
6952,0,6
12963,1,7
7453,10,6
4793,7,0
10779,1,10
9817,0,2
8207,0,6
6611,10,6
6568,0,6
2140,3,9
3641,5,1
3483,4,1
8692,5,2
6259,2,6
9764,5,2
9127,0,2
5578,7,1
12263,0,3
1523,10,9
11348,9,10
8313,2,6
11879,10,10
7176,2,6
247,10,9
11194,8,10
4465,5,1
5061,7,1
1117,0,9
5632,7,1
9084,6,2
7335,10,6
12666,0,8
310,10,9
840,10,9
3118,7,1
4551,5,0
12261,0,3
315,10,9
8330,2,6
1345,0,9
1063,10,9
11803,1,10
6015,7,1
1162,3,9
4291,4,1
6766,3,6
7190,2,6
1231,4,9
10332,1,10
12741,1,8
2328,10,9
478,10,9
1446,10,9
8220,6,6
2980,5,1
7522,10,6
2173,10,9
4703,3,1
5844,7,1
10487,8,10
4887,3,1
8810,5,2
1204,7,9
6994,0,6
2593,0,9
12586,1,3
11780,0,10
1702,10,9
5463,5,1
2543,10,9
12176,1,3
7344,10,6
984,0,9
9213,0,2
3799,3,1
872,10,9
7972,10,6
11555,8,10
10405,8,10
8480,10,6
5278,7,1
11054,1,10
649,0,9
7803,3,6
5244,3,1
1212,3,9
3797,4,1
11165,8,10
4229,4,1
2157,10,9
1711,0,9
2097,10,9
10366,1,10
1321,0,9
3448,4,1
7682,10,6
10193,8,10
10737,8,10
11372,8,10
5764,7,1
2652,10,9
4253,7,1
4889,4,1
12177,9,3
4963,7,1
11261,8,10
2047,10,9
2018,10,9
4165,4,1
199,5,9
4891,7,1
2225,3,9
10720,9,10
3547,5,1
3811,4,1
1137,10,9
9637,10,2
12823,0,8
12887,1,7
3837,4,1
11909,1,10
2535,5,9
6068,4,5
3324,5,1
92,10,9
9747,5,2
6660,6,6
2548,7,9
2820,10,9
6315,2,6
10520,1,10
9835,5,2
5328,4,1
6228,0,6
7634,3,6
10024,1,10
3307,4,4
10608,9,10
3103,4,1
10624,8,10
8889,0,2
4542,0,1
9146,5,2
233,5,9
5593,0,0
7989,2,6
2503,0,9
9770,4,2
8147,0,6
2319,3,9
8189,6,6
2351,10,9
11225,10,10
7096,2,6
1873,10,9
10117,8,10
2605,10,9
6298,2,6
3579,10,1
3846,4,1
10468,9,10
6868,3,6
11878,1,10
6467,10,6
10227,10,10
3974,4,1
12483,9,3
4918,4,1
11699,8,10
7565,3,6
11476,1,10
8482,10,6
11493,9,10
12955,10,7
6811,0,6
6965,2,6
1963,5,9
10331,8,10
10400,8,10
9051,5,2
8232,10,6
6345,10,6
7779,3,6
11709,8,10
5981,4,1
8719,6,2
11708,8,10
9077,6,2
1331,10,9
1818,10,9
2405,3,9
10185,8,10
5571,7,1
9969,0,2
10363,8,10
12603,1,3
2247,10,9
1424,5,0
1914,10,9
6245,10,6
11855,0,10
3412,10,4
10089,1,10
10856,1,10
9525,4,2
8637,3,6
5547,7,1
3968,7,1
5003,0,0
10595,0,10
11366,9,10
6657,10,6
11976,0,10
3451,4,1
10669,1,10
12327,1,3
7872,10,6
7193,2,6
8081,0,6
5247,7,1
11235,9,10
33,10,9
4014,7,1
2806,10,9
2723,0,9
611,10,9
2865,7,1
11682,8,10
9545,5,2
9900,6,2
9288,4,2
5066,4,1
6733,6,6
4137,3,1
11981,9,10
10033,8,10
4767,4,1
7416,3,6
6647,2,6
9633,10,2
4278,10,0
256,10,9
3647,7,1
9549,3,2
7827,7,6
3751,5,1
2475,10,9
7806,10,6
7940,6,6
11752,0,10
9731,0,2
12624,1,3
6843,10,6
11941,9,10
7804,10,6
9652,0,2
4754,7,1
10396,8,10
6992,7,6
4084,7,1
8132,7,6
11828,9,10
5579,7,1
7058,10,6
7990,2,6
5347,3,1
1559,10,9
5976,0,1
9045,10,2
6899,10,6
5494,7,0
6588,2,6
790,5,9
11586,0,10
8741,0,2
2796,10,9
4883,4,1
11893,10,10
8910,6,2
11540,1,10
1242,10,9
6714,10,6
12902,1,7
1756,10,9
12320,1,3
2534,10,9
3095,10,0
10686,9,10
12514,0,3
5868,3,1
11108,8,10
5926,7,1
10647,9,10
10287,5,10
8511,2,6
11935,10,10
499,3,9
4677,7,1
8182,3,6
5608,4,1
11874,1,10
6425,10,6
12482,1,3
4768,3,1
11424,0,10
9211,6,2
7983,3,6
2663,7,9
5784,7,1
7759,0,6
3637,5,1
3534,7,1
1697,0,9
1578,10,9
446,10,9
7410,0,6
2396,10,9
10994,9,10
12654,1,8
8361,0,6
10092,9,10
5429,4,1
11499,9,10
9681,0,2
3143,4,4
8906,8,2
9260,7,2
5253,4,1
3952,7,1
8524,2,6
6367,10,6
1826,10,9
4678,7,1
72,0,9
9185,4,2
10455,8,10
7100,3,6
12623,0,3
10915,9,10
13024,9,7
12672,0,8
12957,1,7
6946,0,6
8897,6,2
294,10,9
4906,7,1
4924,7,1
4765,5,0
6043,7,1
10883,1,10
8836,6,2
1411,4,9
4013,10,1
3423,4,4
12171,1,3
222,10,9
4456,5,1
11411,1,10
8935,0,2
7656,3,6
3134,0,1
6413,0,6
5371,4,1
9650,6,2
1565,10,9
5591,4,1
167,0,9
9163,5,2
5665,7,1
241,5,9
10343,8,10
6139,0,6
5490,7,1
2792,10,9
12089,9,3
12762,0,8
12588,1,3
2367,10,9
10955,8,10
10567,0,10
10500,8,10
9144,10,2
6834,2,6
890,5,9
12138,1,3
6589,10,6
6052,4,1
8420,0,6
6434,2,6
5692,4,1
5955,3,1
12501,0,3
10157,0,10
7604,2,6
5091,7,1
2479,10,9
10962,9,10
6627,10,6
4611,4,1
9499,5,2
4202,5,1
1828,10,9
2541,0,9
10349,8,10
1192,10,9
6667,10,6
35,10,9
2321,10,0
4638,4,1
12454,1,3
9634,10,2
11928,0,10
9966,4,2
2349,10,9
11959,8,10
7665,3,6
10369,0,10
906,10,9
2687,10,9
6394,2,6
3943,5,1
4689,7,1
4434,7,1
8327,3,6
6626,10,6
12657,1,8
3863,7,1
8841,10,2
4748,5,1
634,10,9
8808,5,2
11036,1,10
1520,10,9
11191,8,10
1133,3,9
8382,10,6
4457,4,1
383,0,9
7865,2,6
7907,0,6
1046,10,9
5553,4,1
12555,1,3
3075,3,1
8783,6,2
932,10,9
7909,10,6
2330,10,9
11903,8,10
11274,8,10
11508,10,10
504,5,9
9707,10,2
10498,8,10
11979,9,10
4032,7,1
4713,3,1
12121,1,3
4463,7,1
2336,10,9
1244,10,9
12027,9,10
7030,0,6
441,10,9
3783,10,1
11618,1,10
9750,10,2
10655,9,10
7316,2,6
363,10,9
4287,7,0
4632,3,1
2,10,9
8195,10,6
7593,10,6
12705,1,8
2628,10,9
4384,4,1
11590,9,10
8463,10,6
8367,0,6
4473,7,1
6758,6,6
9095,0,2
5635,4,1
4881,4,1
1232,10,9
5985,3,1
615,5,9
2017,10,9
7051,0,6
6329,2,6
7987,2,6
11661,0,10
12155,1,3
903,10,9
10539,1,10
4266,5,1
12074,9,3
1167,10,9
861,5,9
13020,9,7
8254,10,6
9858,0,2
7495,10,6
4179,7,1
52,10,9
3786,10,1
11524,9,10
12581,9,3
5327,3,1
8346,3,6
12254,1,3
784,10,9
8747,0,2
12136,1,3
1995,5,9
8655,4,2
10663,9,10
12513,1,3
11876,10,10
8284,5,6
9285,4,2
9531,5,2
4489,7,1
3860,7,1
11170,9,10
443,10,9
12995,0,7
5056,5,1
4829,7,1
12938,10,7
6606,2,6
1001,10,9
9111,6,2
9027,6,2
986,10,9
11462,1,10
2759,10,9
12959,0,7
3507,4,1
2899,3,4
3,10,9
5257,5,1
11409,0,10
12434,9,3
5660,4,1
11512,0,10
12317,1,3
4008,7,1
618,10,9
2194,3,9
1863,3,9
12999,9,7
8316,2,6
12829,1,8
4047,7,1
658,10,9
3161,5,4
5448,5,1
5501,10,0
8317,0,6
12634,1,8
6089,3,1
1158,10,9
11534,8,10
6697,3,6
5306,0,1
11185,9,10
5940,7,1
865,5,9
6844,3,6
1582,10,9
1294,10,9
10322,8,10
8388,2,6
6607,2,6
1979,5,9
7534,0,6
3488,5,1
9262,0,2
5993,4,1
8422,10,6
11446,9,10
6468,0,6
5880,10,1
7629,10,6
3984,5,1
5769,7,1
8858,4,2
309,10,9
9115,0,2
12879,1,7
11787,0,10
10634,9,10
9879,0,2
2604,10,9
288,10,9
6885,2,6
12303,1,3
11837,1,10
10593,9,10
6776,3,6
8640,10,2
7822,0,6
11438,10,10
2177,10,9
7529,0,6
7177,2,6
3907,7,1
7959,7,6
4459,5,1
5122,4,5
10582,8,10
11086,8,10
4959,7,1
324,0,9
3929,5,1
6220,0,6
7026,0,6
1480,0,9
12842,1,8
7149,0,6
7076,2,6
3747,4,1
4930,7,1
6935,3,6
10350,9,10
12256,0,3
6045,7,1
10694,8,10
7802,0,6
10785,1,10
8750,6,2
5383,5,0
3222,3,4
5827,5,1
2961,4,4
10046,9,10
4182,4,1
4431,0,1
8560,2,6
260,5,9
12370,0,3
493,10,9
109,10,9
7104,0,6
7633,2,6
11701,8,10
2290,3,9
7215,10,6
5211,4,1
12724,1,8
6592,2,6
7977,3,6
1432,0,9
12426,1,3
12065,1,3
8035,2,6
6201,10,6
4135,5,1
7490,10,6
8183,0,6
8396,3,6
12358,1,3
9376,3,2
10127,9,10
4309,5,0
5689,0,1
2911,7,4
9718,0,2
613,10,9
8271,10,6
6535,10,6
10716,9,10
8636,10,6
4478,4,1
7564,10,6
7148,2,6
8785,6,2
9315,6,2
5423,4,1
8590,2,6
6104,4,1
53,10,9
9689,5,2
1205,10,9
4485,7,1
12009,8,10
12935,0,7
10688,8,10
2558,10,9
774,10,9
10709,9,10
1861,10,9
6416,2,6
11276,8,10
12877,0,7
11171,9,10
9811,0,2
4275,4,1
10787,8,10
7377,10,6
12019,9,10
2124,10,9
11469,1,10
3601,5,1
7006,0,6
9812,4,2
3945,7,1
83,10,9
5148,5,1
2567,10,9
4040,7,1
1217,3,9
1625,5,9
8161,0,6
10870,1,10
3186,5,1
1612,0,9
5454,7,1
3031,5,1
5184,4,1
1899,0,9
584,10,9
10171,0,10
10373,8,10
12417,1,3
11594,0,10
1038,10,9
6880,0,6
13009,9,7
1383,0,9
1373,10,9
424,10,9
6086,3,1
4402,4,1
1617,5,9
9191,6,2
12084,1,3
2981,5,1
7659,0,6
2035,10,9
3565,3,1
11832,1,10
4272,0,0
265,10,9
9172,10,2
11038,9,10
12313,1,3
3992,7,1
4610,4,1
3251,0,1
7299,0,6
5715,4,1
7228,10,6
10623,8,10
9463,4,2
9605,10,2
887,10,9
10100,8,10
6390,2,6
9230,4,2
3732,10,1
2419,10,9
8631,2,6
2003,10,9
5195,7,1
7862,10,6
11147,8,10
2072,5,9
893,0,9
2056,10,9
5169,4,1
12612,0,3
6310,3,6
11197,8,10
8668,0,2
5462,5,1
9510,10,2
1943,10,9
9405,5,2
10764,9,10
1357,5,9
6960,3,6
11251,1,10
12949,0,7
8152,0,6
13023,0,7
12188,1,3
3022,0,1
12799,1,8
11842,9,10
5551,4,1
11167,9,10
8117,0,6
11863,0,10
82,0,9
10849,1,10
737,5,9
5595,5,1
11908,1,10
4496,3,1
1572,10,9
1015,10,9
763,5,9
12080,9,3
6686,10,6
4926,5,1
12822,9,8
4392,4,1
12899,9,7
3612,3,1
5797,7,1
5133,7,1
3957,7,1
5840,5,1
7460,10,6
6209,2,6
3910,4,1
11017,1,10
8835,5,2
8333,10,6
9316,0,2
3305,5,1
14,5,9
11388,10,10
2184,10,9
3888,4,1
12832,1,8
2287,10,9
12913,10,7
8936,10,2
5104,0,1
8994,10,2
3543,5,1
7304,10,6
3371,5,4
12494,1,3
11304,0,10
11967,9,10
2591,0,9
6302,10,6
9353,7,2
6846,3,6
6856,2,6
5215,7,1
384,0,9
7264,2,6
12142,1,3
1436,10,9
3100,5,1
3202,5,4
2919,4,4
12109,1,3
7727,0,6
7515,10,6
9320,3,2
3355,7,1
3508,3,1
7098,2,6
7837,0,6
12110,1,3
8168,0,6
11722,1,10
9186,6,2
5645,4,1
12049,0,10
10219,4,10
12095,1,3
7964,3,6
2329,10,9
11076,9,10
370,10,9
5584,4,1
376,10,9
5517,7,1
7669,2,6
689,7,9
4052,7,1
3523,5,1
5193,4,1
2969,5,1
11835,0,10
4022,7,1
10712,0,10
5115,5,1
2436,10,9
5546,4,1
10653,8,10
4612,4,1
10209,1,10
9249,0,2
5272,5,1
6126,0,6
9030,10,2
10660,9,10
12182,1,3
7175,2,6
7084,0,6
10129,8,10
6195,2,6
9640,10,2
3328,4,1
1969,3,9
5663,4,1
7616,0,6
4203,4,1
3953,4,5
4322,7,1
3014,5,1
10283,9,10
4057,10,0
12801,10,8
12345,1,3
1372,0,9
2771,10,9
56,7,9
9537,10,2
7394,2,6
8060,0,6
5248,3,1
2364,10,9
8672,6,2
1341,10,9
3949,4,1
721,10,9
5920,10,1
12553,1,3
10378,1,10
1468,10,9
9668,0,2
1150,10,9
4833,4,1
5016,7,1
93,10,9
4568,7,1
10583,8,10
5823,5,1
12394,9,3
4386,7,1
10919,0,10
1665,10,9
8617,0,6
2673,10,9
1851,5,9
85,10,9
5199,5,1
5712,5,1
4590,4,1
9889,4,2
7776,3,6
6541,10,6
2491,0,9
12013,0,10
7986,5,6
2116,3,9
8954,10,2
4513,5,1
1859,10,9
2701,10,9
8506,0,6
4674,4,1
6814,3,6
3265,7,1
2888,3,4
8046,3,6
10616,8,10
1993,0,9
2046,10,9
3551,4,1
6963,3,6
2959,4,4
7007,3,6
3127,3,1
3731,5,1
10579,9,10
11748,0,10
104,10,9
12838,1,8
10255,10,10
10643,9,10
6810,10,6
153,0,9
753,10,9
6548,3,6
2661,10,9
3221,3,4
11183,1,10
7721,6,6
11119,9,10
2281,3,9
6036,4,1
3199,5,1
12372,9,3
8418,10,6
2625,10,9
5777,4,1
8554,0,6
5485,7,1
7431,2,6
50,0,9
5561,7,1
6040,7,1
4375,3,1
8494,3,6
8134,0,6
9991,1,10
6013,3,1
9599,0,2
7315,10,6
661,10,9
2565,10,9
8510,2,6
12237,9,3
4208,3,1
3987,7,1
5856,0,0
8136,5,6
11982,0,10
344,10,9
9354,7,2
9284,10,2
11211,8,10
6778,10,6
8675,5,2
8170,0,6
3422,5,1
3816,5,1
3492,3,1
2421,10,9
4354,7,1
7311,10,6
1683,10,9
4204,7,1
10599,1,10
7923,3,6
2335,10,9
6582,2,6
2566,5,9
9220,6,2
8488,10,6
9616,10,2
6718,2,6
2418,10,9
12578,10,3
6149,3,6
5759,4,1
895,3,9
12002,9,10
13015,0,7
8439,10,6
12917,9,7
9325,6,2
6371,6,6
9104,0,2
10180,8,10
7251,6,6
4020,7,1
10666,8,10
4110,5,1
11059,8,10
7025,0,6
11952,9,10
3294,7,1
7183,10,6
101,10,9
3315,5,1
7357,10,6
12421,1,3
6193,3,6
2691,8,9
9705,0,2
1343,3,9
7244,2,6
12609,10,3
394,0,9
660,10,9
9645,6,2
2007,5,9
2509,0,9
5734,4,1
9445,5,2
9478,5,2
9258,1,2
6067,4,1
5674,4,1
9723,10,2
5080,5,1
11401,0,10
5936,4,1
4609,4,1
3975,4,1
1871,10,9
6458,2,6
6583,7,6
9754,6,2
5112,3,1
633,10,9
9238,6,2
9820,0,2
317,10,9
0,0,9
3484,5,1
5895,7,1
8440,7,6
917,10,9
4762,3,1
6808,2,6
8279,0,6
4821,7,1
4394,7,1
9359,7,2
2361,10,9
1115,10,9
4367,7,1
12119,1,3
1569,10,9
12361,1,3
8545,0,6
5159,4,1
7666,3,6
11606,0,10
141,10,9
11764,9,10
968,10,9
311,10,9
13004,0,7
6830,0,6
6504,0,6
2580,0,9
8718,10,2
1723,10,9
409,10,9
11820,10,10
2611,10,9
12045,8,10
1629,10,9
4540,5,1
1507,10,9
8645,10,2
7266,2,6
10873,8,10
1327,10,9
1448,3,9
12226,1,3
4408,4,5
10288,0,10
1467,5,9
10662,9,10
4194,5,1
6964,2,6
1510,10,9
9130,10,2
10198,9,10
642,10,9
12698,1,8
6751,5,6
3271,5,1
6595,3,6
11996,0,10
4740,5,1
9388,5,2
10319,9,10
6000,4,1
3915,3,1
1076,10,9
9483,5,2
3421,5,1
4584,5,1
9669,10,2
9715,0,2
3335,0,4
5341,7,1
6767,3,6
4763,7,1
5375,4,1
5912,5,1
1516,10,9
7325,10,6
7683,10,6
7001,3,6
12747,1,8
2686,4,9
2179,10,9
6059,7,1
3288,5,1
12103,1,3
6377,10,6
11399,1,10
5170,5,1
4897,4,1
3671,4,1
1932,10,9
2544,10,9
2042,10,9
3553,4,1
8903,6,2
12302,1,3
8290,0,6
2684,7,9
12633,0,8
2053,10,9
4575,7,1
7686,2,6
2727,8,9
9712,0,2
8786,5,2
11641,9,10
1590,0,9
9739,10,2
6851,10,6
6855,10,6
1966,10,9
7793,0,6
6342,10,6
3531,4,1
6906,10,6
10735,10,10
10629,9,10
4879,7,1
9440,6,2
6554,2,6
9129,6,2
3924,4,1
10062,9,10
777,10,9
181,4,9
1857,0,9
740,10,9
12920,1,7
6683,2,6
3210,3,4
11172,9,10
3776,7,1
4912,4,1
6379,3,6
8800,6,2
10897,9,10
12690,1,8
8738,6,2
3905,4,1
6991,0,6
4979,4,1
9270,10,2
10150,1,10
3756,5,1
966,10,9
2954,4,4
11911,1,10
6634,2,6
1021,10,9
244,10,9
3618,3,1
6996,5,6
5271,10,1
6928,0,6
2923,0,4
1377,0,9
4277,10,1
11204,8,10
9809,0,2
7462,3,6
11029,8,10
6304,2,6
1541,3,9
10931,10,10
11728,9,10
11224,9,10
8961,6,2
8071,4,6
8925,0,2
10509,9,10
2028,10,9
6676,2,6
11434,9,10
1506,10,9
10719,9,10
10865,1,10
11503,8,10
7019,2,6
13010,0,7
8552,2,6
12849,10,7
12761,1,8
3044,7,1
8263,0,6
3065,4,1
11772,0,10
1035,10,9
4217,7,1
630,10,9
6172,2,6
3680,4,1
5589,4,1
6790,0,6
7572,10,6
1379,10,9
9100,0,2
9802,0,2
1913,10,9
3569,3,1
4658,4,1
10798,8,10
2587,10,9
8572,2,6
4399,4,5
973,10,9
11895,10,10
12518,9,3
641,10,9
10002,9,10
1313,10,9
2711,5,9
10695,8,10
1402,0,9
8592,10,6
21,7,9
3951,3,1
3147,5,0
8413,10,6
6339,3,6
1064,10,9
1741,10,9
7949,6,6
9665,0,2
1958,0,9
12081,1,3
12776,1,8
9971,4,2
9190,0,2
4671,5,1
5963,4,1
8159,5,6
11352,1,10
7262,3,6
3162,4,1
4451,5,1
11256,9,10
5757,3,1
11100,0,10
5673,4,1
12329,1,3
3236,3,4
2006,10,9
5989,5,1
11826,8,10
7345,10,6
961,10,9
8517,2,6
2659,5,9
8053,6,6
1557,5,9
4864,5,1
7878,2,6
12204,1,3
392,0,9
3791,4,1
3312,3,4
1013,10,9
11852,1,10
211,10,9
7713,2,6
870,10,9
3174,5,1
1776,0,9
8971,6,2
7667,10,6
11039,9,10
10291,9,10
612,10,9
945,10,9
11811,1,10
11657,0,10
10259,4,10
10449,8,10
7331,10,6
6642,2,6
3443,7,1
4574,5,1
1127,3,9
9963,10,2
9367,10,2
9487,10,2
1314,10,9
9727,5,2
7386,2,6
13001,1,7
9239,0,2
5367,4,1
6871,3,6
724,4,9
12509,10,3
7749,2,6
1311,10,9
12307,0,3
604,10,9
659,7,9
8326,10,6
8573,2,6
4007,7,1
10874,1,10
1746,0,9
2282,10,9
9069,6,2
1954,5,9
12235,9,3
11933,1,10
11890,10,10
12731,9,8
5233,7,1
8512,0,6
8027,5,6
6566,10,6
7126,0,6
3472,7,1
8131,10,6
1553,3,9
8419,2,6
6008,7,1
5540,4,1
3108,5,1
319,0,9
4252,4,1
1122,0,9
9945,10,2
11161,0,10
5848,5,1
4666,7,1
1124,0,9
6962,3,6
4335,10,1
12266,1,3
3314,3,4
2165,10,9
4307,5,0
4529,3,1
2216,10,9
7755,0,6
7334,10,6
3685,5,1
7573,10,6
12883,1,7
10766,9,10
12714,1,8
5453,3,1
5046,4,1
7143,10,6
10578,9,10
3306,5,1
2669,10,9
9493,10,2
8656,6,2
9142,5,2
8282,0,6
8237,0,6
10145,0,10
5626,0,0
8525,0,6
10730,9,10
8870,10,2
4846,4,1
12765,1,8
5430,7,1
4569,4,1
5574,7,1
6608,10,6
11445,9,10
828,10,9
1868,10,9
4849,7,1
9518,0,2
10942,1,10
10491,9,10
337,0,9
11987,9,10
9170,5,2
11143,10,10
12664,0,8
9298,3,2
11102,8,10
5081,7,1
10108,9,10
5074,7,1
332,10,9
12385,1,3
4045,4,1
5030,7,1
12163,0,3
1615,5,9
7384,0,6
12767,1,8
10933,0,10
3033,5,1
4495,5,1
550,10,9
4664,4,1
7095,2,6
1176,10,9
9417,5,2
128,10,9
452,10,9
8859,10,2
12012,8,10
10399,8,10
7833,3,6
225,3,9
703,10,9
7117,10,6
10648,9,10
9724,6,2
1306,10,9
8811,5,2
7563,3,6
9496,6,2
12985,0,7
4167,7,1
10841,8,10
2949,4,4
12085,9,3
5510,3,1
12058,9,10
1008,10,9
8543,2,6
4111,7,1
12207,1,3
7596,0,6
12738,1,8
4901,5,1
754,10,9
943,10,9
3920,7,1
9338,10,2
4619,3,1
8851,10,2
8233,3,6
2858,5,4
11873,1,10
8980,5,2
741,10,9
2265,10,9
10997,9,10
6132,2,6
8533,2,6
10644,9,10
1295,10,9
7339,10,6
10839,8,10
2236,3,9
9177,6,2
1782,10,9
9093,10,2
6948,3,6
7919,0,6
8548,0,6
8167,0,6
6254,3,6
1431,0,9
12,5,9
6703,3,6
4239,10,1
10191,8,10
824,5,9
11926,10,10
1909,10,9
1879,10,9
4902,4,1
9078,6,2
5704,7,1
5135,4,1
3745,4,1
1703,10,9
7652,2,6
10681,1,10
4119,7,1
9984,0,10
12030,1,10
11827,10,10
10972,0,10
5487,3,1
4264,7,1
1428,3,9
9697,6,2
5506,4,1
3765,7,1
8616,10,6
7346,10,6
10314,9,10
12067,1,3
9365,2,2
12414,1,3
7187,2,6
834,10,9
5194,10,1
1801,10,9
1040,10,9
827,0,9
7771,0,6
3639,3,1
6712,10,6
3528,3,1
10438,9,10
616,10,9
12054,8,10
10561,9,10
10988,9,10
11509,1,10
8816,10,2
555,10,9
7892,3,6
11862,1,10
2782,4,9
12764,1,8
11611,0,10
6827,0,6
990,10,9
9959,5,2
9122,6,2
11650,0,10
2704,8,9
6989,2,6
12835,0,8
11272,1,10
3701,5,1
8820,5,2
9775,7,2
6284,10,6
2607,10,9
7470,10,6
197,10,9
760,10,9
2516,0,9
12606,1,3
4422,7,1
400,10,9
2277,10,9
10499,8,10
2114,0,9
6544,2,6
2927,5,1
12644,0,8
6216,10,6
11187,8,10
7382,2,6
12485,1,3
9255,10,2
75,10,9
9416,6,2
3887,0,1
350,5,9
3719,5,1
6130,10,6
9457,10,2
11658,8,10
6135,10,6
1358,10,9
11463,1,10
6867,0,6
3350,4,1
3962,7,1
7864,2,6
6366,0,6
5134,5,1
12440,1,3
7129,5,6
8311,0,6
2440,10,9
7974,10,6
7066,2,6
11497,8,10
6954,0,6
1030,10,9
5276,5,0
5675,5,1
8049,0,6
2873,3,4
3613,5,1
3720,7,5
803,10,9
3291,7,1
1465,10,9
8604,0,6
1225,10,9
2079,10,9
4218,7,1
4820,7,1
12396,1,3
12071,1,3
12713,1,8
12349,1,3
2599,0,9
5721,10,1
12541,1,3
9943,0,2
12476,1,3
6382,3,6
4083,7,1
266,4,9
7995,2,6
5110,5,1
8209,2,6
2306,3,9
5366,7,1
3378,3,4
6923,0,6
3475,7,1
11121,8,10
4050,7,1
6520,2,6
6833,6,6
7525,0,6
9830,3,2
12187,1,3
2708,10,9
11734,8,10
8561,0,6
11450,6,10
12856,1,7
7857,0,6
5221,7,1
145,10,9
11591,10,10
4553,10,0
436,10,9
5229,4,5
6913,0,6
6951,2,6
4286,5,1
1413,10,9
11252,1,10
9863,0,2
3740,3,1
9151,10,2
1418,10,9
9456,10,2
3880,7,1
230,5,9
5000,5,1
6924,0,6
10256,10,10
9746,10,2
11782,0,10
992,10,9
6721,2,6
12377,1,3
12511,9,3
3638,3,1
9216,10,2
3209,3,4
9995,9,10
13026,0,7
9980,4,2
12131,1,3
213,10,9
7039,10,6
2385,10,9
1430,3,9
2901,7,1
2107,10,9
1601,0,9
6845,0,6
768,5,9
9075,5,2
7451,10,6
9504,5,2
11567,9,10
10838,8,10
8957,3,2
12133,1,3
2746,0,9
6940,3,6
2283,10,9
4939,7,1
4728,4,1
879,9,9
9221,6,2
6035,7,1
10116,1,10
4894,4,1
6177,10,6
4578,5,1
10475,9,10
3375,5,1
7888,10,6
2842,3,1
10237,8,10
1449,5,9
8187,0,6
11001,1,10
11704,0,10
832,10,9
12153,9,3
6576,10,6
8999,5,2
5106,7,1
12956,0,7
2944,4,1
7941,5,6
2963,4,4
648,7,9
12355,1,3
2027,10,9
11228,10,10
8546,2,6
3961,4,1
9636,10,2
2278,10,9
5373,5,1
2731,10,9
4334,7,1
3878,5,1
30,0,9
9615,10,2
6731,10,6
7220,3,6
1820,10,9
5744,4,1
10045,9,10
3898,7,1
12617,0,3
3721,4,1
4160,5,1
2860,3,4
5969,0,1
6704,10,6
4771,4,1
12884,9,7
10835,1,10
7005,10,6
4359,7,1
8769,0,2
2690,10,9
12918,10,7
6111,4,1
5638,4,1
4207,6,1
2457,10,9
7576,3,6
6229,2,6
1367,3,9
8920,6,2
6005,7,1
2786,10,9
11881,0,10
11529,8,10
12646,0,8
120,5,9
3703,5,1
12255,1,3
1102,3,9
2339,10,9
9196,0,2
12423,1,3
8142,0,6
10741,9,10
2476,0,9
5245,5,1
3741,5,1
6892,0,6
5139,4,1
3780,5,1
8969,6,2
6542,2,6
1153,10,9
8577,2,6
1972,10,9
331,10,9
12493,0,3
8899,2,2
12299,1,3
5965,3,1
11785,0,10
8584,0,6
1347,10,9
5566,5,1
3856,5,1
1675,10,9
2451,5,9
9703,10,2
7424,10,6
523,5,9
4129,3,1
1729,5,9
7162,0,6
4246,7,1
2266,10,9
7327,10,6
5702,4,1
9458,10,2
12965,9,7
8215,10,6
7922,3,6
8016,2,6
1742,10,9
3157,4,1
3578,10,1
6609,2,6
2737,5,9
282,10,9
949,10,9
12003,8,10
7349,10,6
6258,2,6
515,10,9
6352,3,6
3867,4,1
12941,0,7
3955,7,1
6665,10,6
6189,5,6
3474,7,1
7660,3,6
3936,7,1
4142,3,1
3038,5,1
9651,3,2
9589,0,2
6922,0,6
9290,4,2
3278,5,4
9192,6,2
7915,2,6
2324,10,9
9019,6,2
3179,5,1
7200,10,6
7585,10,6
5921,7,1
2020,10,9
4837,7,1
9043,10,2
5368,5,1
4962,4,1
1096,3,9
1564,10,9
10906,0,10
11042,8,10
11768,0,10
858,0,9
12374,3,3
6839,3,6
6308,10,6
1866,3,9
10302,0,10
1221,10,9
4900,4,1
3849,5,1
7208,0,6
7197,5,6
6076,7,1
1659,10,9
9491,10,2
1589,8,9
940,10,9
11754,8,10
4240,7,1
4150,7,1
5750,5,1
766,5,9
2692,8,9
4876,4,1
11937,0,10
4580,7,1
3071,5,1
10025,1,10
12677,0,8
10456,0,10
9454,10,2
2066,10,9
8074,0,6
11675,1,10
8009,2,6
7595,3,6
10432,9,10
8764,10,2
10697,10,10
600,4,9
4835,4,1
1477,10,9
6669,10,6
7393,2,6
4637,7,1
3025,7,1
12931,0,7
8726,6,2
5442,5,1
10111,9,10
12042,0,10
1172,10,9
2555,10,9
6098,5,1
802,10,9
5742,3,1
11949,0,10
4412,3,1
6518,2,6
5634,7,1
12927,1,7
10912,9,10
4630,4,1
8089,0,6
3535,3,1
6110,0,0
2276,10,9
10009,9,10
6536,3,6
6143,0,6
10158,8,10
12998,0,7
5452,3,1
4546,7,1
4838,7,1
11347,9,10
1524,10,9
3622,4,1
7083,2,6
5212,5,1
5057,4,1
11241,0,10
298,0,9
5045,0,0
7723,2,6
8740,8,2
9529,10,2
9789,0,2
10744,9,10
7376,10,6
4742,5,1
12305,9,3
2181,10,9
7998,3,6
5783,7,1
10226,8,10
11707,0,10
11585,8,10
5869,10,1
5639,10,1
2560,10,9
11028,8,10
5879,4,1
10488,9,10
6791,0,6
3600,5,1
6185,10,6
8169,10,6
11032,8,10
9114,6,2
2950,4,4
5864,3,1
930,10,9
7561,10,6
6058,7,1
9409,5,2
6050,7,1
7530,0,6
769,10,9
1228,10,9
9917,10,2
9626,0,2
1811,0,9
11075,9,10
6787,0,6
4071,7,1
7072,2,6
4776,7,1
12365,1,3
9164,1,2
7421,10,6
6401,10,6
6574,10,6
10799,8,10
818,5,9
3916,5,1
5469,7,1
5391,5,0
4539,5,1
8188,0,6
2375,3,9
3164,10,0
1196,10,9
78,0,9
4947,4,1
3781,7,1
4168,7,1
7903,5,6
3965,5,1
10862,10,10
9117,10,2
10821,9,10
1425,3,9
5308,7,1
11899,10,10
2559,10,9
8902,0,2
4965,4,1
8070,0,6
9131,0,2
6719,2,6
11506,8,10
4062,7,1
10057,9,10
4136,5,1
3115,5,1
4969,7,1
1417,3,9
6596,10,6
10262,10,10
1057,10,9
4788,4,1
1791,10,9
11894,10,10
9041,0,2
999,10,9
10393,8,10
7330,10,6
9231,0,2
9749,6,2
3683,5,1
773,5,9
8528,10,6
5923,7,1
8334,3,6
8424,10,6
37,10,9
1440,5,9
12706,1,8
8705,10,2
10774,8,10
9852,6,2
897,3,9
12559,0,3
9364,0,2
7472,2,6
2311,3,9
3123,5,4
5941,4,1
250,10,9
9292,10,2
7797,0,6
258,0,9
2119,10,9
2270,10,9
6874,2,6
6108,7,1
5615,7,1
12701,1,8
591,5,9
221,10,9
2048,10,9
8978,6,2
4944,7,1
3244,3,4
2549,10,9
4063,7,1
6060,4,1
1089,3,9
8905,6,2
6771,7,6
6831,5,6
432,10,9
10819,9,10
4400,7,0
3467,10,1
3247,3,4
9332,6,2
6119,0,6
696,0,9
495,10,9
11019,1,10
4736,4,1
4082,7,1
4479,7,1
7468,3,6
12619,0,3
11712,8,10
1486,10,9
10012,8,10
1563,10,9
6238,3,6
10212,1,10
6884,4,6
614,10,9
1209,3,9
11203,8,10
8678,6,2
7202,10,6
10296,1,10
4783,7,1
3064,5,1
11644,0,10
12772,1,8
11112,0,10
5120,5,1
9034,0,2
11094,9,10
138,10,9
7206,10,6
10275,6,10
8151,10,6
9815,0,2
4428,4,1
2854,4,4
6728,5,6
7091,10,6
8638,10,2
1043,10,9
6354,10,6
8173,3,6
1976,10,9
6007,7,1
12862,1,7
102,10,9
1144,10,9
527,10,9
3730,5,1
4620,7,1
4471,3,1
5324,5,1
8443,3,6
10777,1,10
12001,9,10
10953,8,10
12390,1,3
3341,5,1
1017,10,9
10044,9,10
4374,7,1
12933,0,7
5205,5,1
7694,10,6
12940,0,7
4911,3,1
8283,10,6
12878,9,7
11814,8,10
8984,10,2
833,10,9
9544,6,2
11333,9,10
9157,3,2
5478,7,0
4847,4,1
5531,5,1
1529,10,9
12755,1,8
3918,10,1
9049,10,2
5812,4,1
11840,9,10
11471,0,10
5070,7,1
7895,0,6
4682,4,0
11552,1,10
1784,10,9
5798,5,1
5804,5,1
1074,5,9
10817,9,10
11405,9,10
4107,4,1
505,10,9
8663,0,2
236,5,9
8118,3,6
444,10,9
3283,4,1
4488,7,1
8985,10,2
5882,10,1
10699,9,10
3478,3,1
8320,10,6
1092,10,9
12569,0,3
7115,2,6
5548,7,1
8483,0,6
6001,4,1
7092,2,6
7501,10,6
68,0,9
9938,3,2
1940,10,9
7734,2,6
8429,0,6
11326,10,10
12201,1,3
7518,2,6
8067,0,6
1462,10,9
5410,4,1
7812,0,6
3763,7,1
9865,0,2
4401,4,1
10131,1,10
841,10,9
2071,10,9
3255,10,4
9895,5,2
9574,0,2
10211,1,10
7589,2,6
10852,8,10
11199,9,10
1556,3,9
10755,1,10
2706,10,9
5476,7,1
1678,5,9
11207,8,10
343,10,9
3766,7,1
7725,2,6
8272,2,6
1698,0,9
672,10,9
11809,10,10
4657,5,1
6798,10,6
10980,9,10
8412,2,6
10477,8,10
964,10,9
2521,10,9
2670,10,9
3205,7,1
5932,4,1
2685,10,9
2849,3,4
2527,0,9
12311,0,3
12803,1,8
1550,3,9
9057,5,2
3705,5,1
772,5,9
9386,10,2
8037,0,6
9296,6,2
9210,10,2
4151,7,1
4857,7,1
2067,10,9
1328,10,9
4048,4,1
4614,5,1
7701,10,6
11773,0,10
898,10,9
7454,0,6
6249,10,6
10069,1,10
11898,10,10
2250,0,9
1627,10,9
10065,1,10
12342,9,3
3232,3,4
1215,3,9
3722,5,1
6398,10,6
5716,4,1
12661,1,8
8057,0,6
9771,7,2
11442,9,10
7790,2,6
3645,5,1
10512,8,10
10327,8,10
59,4,9
6578,2,6
10803,8,10
928,5,9
2208,10,9
5033,5,1
9573,10,1
1301,10,9
8581,2,6
2887,5,1
8307,10,6
6688,2,6
3300,7,1
8024,2,6
4931,4,1
325,10,9
11269,0,10
5992,5,1
6061,5,1
1813,10,9
2075,10,9
12472,1,3
8547,10,6
6545,2,6
2775,0,9
2036,10,9
4828,4,1
355,10,9
4987,5,1
10745,1,10
6743,3,6
11343,1,10
168,5,9
11664,0,10
6489,10,6
10511,0,10
7265,10,6
538,0,9
9082,0,2
12600,1,3
1396,10,9
11082,9,10
10536,9,10
10882,8,10
8274,0,6
3402,5,1
9670,0,2
4805,7,1
6503,4,6
11838,9,10
8398,0,6
11243,8,10
10625,8,10
4573,7,1
9310,6,2
1047,10,9
9341,0,2
6203,2,6
12565,0,3
11845,9,10
12442,1,3
5789,7,1
11483,9,10
7099,10,6
9276,0,2
12175,1,3
4824,4,1
5729,0,1
4774,3,1
9824,5,2
3662,4,1
1762,10,9
12077,9,3
328,10,9
9390,0,2
3564,4,1
9119,6,2
9798,4,2
8730,0,2
8174,10,6
12079,1,3
6570,2,6
6300,10,6
6604,3,6
4538,5,1
11633,10,10
9643,6,2
11271,8,10
1049,10,9
9502,6,2
10830,9,10
12178,1,3
9068,10,2
2499,0,9
11595,0,10
6921,10,6
12267,1,3
11914,1,10
3223,3,4
11514,8,10
10032,8,10
1992,3,9
11790,0,10
8052,0,6
10315,9,10
136,10,9
12876,9,7
3145,5,1
977,10,9
7010,3,6
2550,5,9
2424,10,9
453,10,9
9639,6,2
10516,8,10
9242,5,2
11822,8,10
12447,1,3
8831,3,2
6279,10,6
4989,3,1
595,10,9
1527,10,9
12834,1,8
3099,10,0
5262,4,1
1567,4,9
11361,8,10
7471,10,6
5475,7,1
2519,10,9
11331,9,10
8686,6,2
7750,2,6
5695,7,1
11645,1,10
1316,10,9
10801,8,10
6905,10,6
1689,10,9
5669,4,1
7890,3,6
1023,10,9
4641,7,1
10952,8,10
8713,6,2
2856,10,1
2524,0,9
994,10,9
1707,10,9
2757,4,9
6391,0,6
9628,0,2
11560,9,10
3404,3,4
11576,1,10
12253,1,3
610,10,9
9678,6,2
6341,3,6
11122,8,10
8362,2,6
340,0,9
3947,4,1
378,10,9
4285,4,1
3094,7,1
1371,10,9
6823,3,6
4631,3,1
4228,7,1
7086,3,6
5708,4,1
920,10,9
12294,1,3
1547,3,9
10969,0,10
6897,0,6
3121,3,4
11533,8,10
12033,9,10
3937,7,1
3616,5,1
454,10,9
9595,3,2
4709,5,1
5162,7,1
11798,0,10
8869,3,2
6633,10,6
7538,0,6
3183,5,1
6560,3,6
1108,10,9
28,10,9
11883,8,10
5153,7,1
8955,3,2
100,10,9
3545,5,1
4330,4,1
7599,10,6
6639,7,6
6276,0,6
2940,5,1
10080,1,10
11891,10,10
132,10,9
6338,2,6
12231,9,3
941,10,9
7075,10,6
11078,0,10
1238,3,9
6768,7,6
8205,6,6
4247,5,1
5983,7,1
780,5,9
1566,10,9
3650,5,1
5365,4,1
11368,9,10
10754,8,10
8260,0,6
12197,1,3
7928,3,6
4231,3,1
1218,5,9
4875,4,1
8017,2,6
10128,10,10
1401,10,9
12265,1,3
11769,0,10
2353,10,9
7130,0,6
6770,6,6
727,0,9
4734,7,1
4992,5,0
10746,1,10
11084,8,10
507,0,9
12843,1,8
9960,0,2
6488,3,6
4043,7,1
4803,3,1
5040,4,1
10590,0,10
5357,7,1
679,7,9
6088,3,1
8779,0,2
11270,10,10
11248,7,10
1197,3,9
1009,10,9
